time_us,in_us,in_ms,in_la,in_ln,in_gx,in_gy,in_yw,in_ys,in_pt,in_e2,in_pa,in_po,in_na,in_no,in_dm,out_lad,out_nrc,out_nbr,out_ber,out_xte,out_tbc,out_l1d,out_xti,out_enu,out_exi
35704879,35704879,35704,-353618671,1491649465,28.642242431640625,-3.0043323040008545,-0.10644601285457611,35391,0.0085609834641218185,1.0294740200042725,-353618671,1491649465,-353529335,1491637914,0,-0.0099991867318749428,-5,-0.10506200790405273,-0.00055258843349292874,-0,35398,103.13017272949219,0,0,0
35804839,35804839,35804,-353618411,1491649431,28.592800140380859,-3.0073580741882324,-0.10764047503471375,35384,-0.020700206980109215,1.029504656791687,-353618671,1491649465,-353529075,1491637880,0,-0.004310795571655035,-2,-0.10503244400024414,-0.0002386337291682139,0.0034257769584655762,35398,102.95522308349609,6.6522247266220802e-08,-0.00055258843349292874,0
35904799,35904799,35904,-353618154,1491649398,28.525070190429688,-3.0070512294769287,-0.10669923573732376,35389,-0.050089523196220398,1.0295032262802124,-353618671,1491649465,-353528818,1491637847,0,-0.00036853252095170319,0,-0.10505056381225586,-2.0448876966838725e-05,0.0013376474380493164,35398,102.71390533447266,9.2557911557378247e-08,-0.0002386337291682139,6.6522247266220802e-08
36004759,36004759,36004,-353617898,1491649364,28.445789337158203,-2.9951238632202148,-0.10621288418769836,35392,-0.072796948254108429,1.029512882232666,-353618671,1491649465,-353528562,1491637814,0,-0.0011554209049791098,0,-0.10496997833251953,-6.4290710724890232e-05,0.0094468593597412109,35398,102.42708587646484,2.7694431992131285e-07,-2.0448876966838725e-05,9.2557911557378247e-08
36104719,36104719,36104,-353617644,1491649331,28.356729507446289,-2.9827728271484375,-0.10680046677589417,35389,-0.083327494561672211,1.0295150279998779,-353618671,1491649465,-353528308,1491637781,0,-0.0027820561081171036,-1,-0.10495758056640625,-0.00015528892981819808,0.010841250419616699,35398,102.10528564453125,4.8921367579168873e-07,-6.4290710724890232e-05,2.7694431992131285e-07
36204679,36204679,36204,-353617391,1491649298,28.2769775390625,-2.9753763675689697,-0.10696692764759064,35388,-0.081980973482131958,1.0295121669769287,-353618671,1491649465,-353528055,1491637748,0,-0.001744805253110826,-1,-0.1049346923828125,-9.7665935754776001e-05,0.013378620147705078,35398,101.81848907470703,7.5190212101006182e-07,-0.00015528892981819808,4.8921367579168873e-07
36304639,36304639,36304,-353617139,1491649266,28.201168060302734,-2.9670329093933105,-0.10641791671514511,35391,-0.071144863963127136,1.0295126438140869,-353618671,1491649465,-353527803,1491637716,0,-0.0027810819447040558,-1,-0.1049799919128418,-0.00015609050751663744,0.0081735849380493164,35398,101.54538726806641,9.1282163339201361e-07,-9.7665935754776001e-05,7.5190212101006182e-07
36404599,36404599,36404,-353616887,1491649233,28.126535415649414,-2.9558258056640625,-0.10621587932109833,35392,-0.058760669082403183,1.0295083522796631,-353618671,1491649465,-353527551,1491637683,0,-0.0042831553146243095,-2,-0.10494709014892578,-0.00024103645409923047,0.011848688125610352,35398,101.27539825439453,1.1467175227153348e-06,-0.00015609050751663744,9.1282163339201361e-07
36504559,36504559,36504,-353616637,1491649201,28.064353942871094,-2.9470405578613281,-0.1062077209353447,35392,-0.052110049873590469,1.029512882232666,-353618671,1491649465,-353527301,1491637651,0,-0.0061286627314984798,-3,-0.10497236251831055,-0.00034566028625704348,0.0089592933654785156,35398,101.0506591796875,1.3239693998912117e-06,-0.00024103645409923047,1.1467175227153348e-06
36604519,36604519,36604,-353616386,1491649168,28.013795852661133,-2.9363327026367188,-0.10572125017642975,35395,-0.054332934319972992,1.0295106172561646,-353618671,1491649465,-353527050,1491637618,0,-0.0087280096486210823,-5,-0.10492897033691406,-0.00049316324293613434,0.013750076293945312,35398,100.86659240722656,1.5964992599037942e-06,-0.00034566028625704348,1.3239693998912117e-06
36704479,36704479,36704,-353616137,1491649136,27.988567352294922,-2.92677903175354,-0.10559334605932236,35395,-0.064191021025180817,1.0295256376266479,-353618671,1491649465,-353526801,1491637586,0,-0.013306684792041779,-7,-0.10494422912597656,-0.00075257150456309319,0.012006998062133789,35398,100.77318572998047,1.8347013792663347e-06,-0.00049316324293613434,1.5964992599037942e-06
36804439,36804439,36804,-353615887,1491649104,27.979690551757812,-2.924243688583374,-0.10565447062253952,35395,-0.07729814201593399,1.0295102596282959,-353618671,1491649465,-353526551,1491637554,0,-0.014755680225789547,-8,-0.10496997833251953,-0.00083479046588763595,0.0091400146484375,35398,100.74062347412109,2.016085090872366e-06,-0.00075257150456309319,1.8347013792663347e-06
36904399,36904399,36904,-353615637,1491649072,27.980588912963867,-2.918299674987793,-0.1049809455871582,35399,-0.087462805211544037,1.029512882232666,-353618671,1491649465,-353526301,1491637521,0,-0.019183842465281487,-11,-0.10500669479370117,-0.0010852996492758393,0.0059921741485595703,35398,100.74160766601562,2.134998794645071e-06,-0.00083479046588763595,2.016085090872366e-06
37004359,37004359,37004,-353615387,1491649040,27.991962432861328,-2.9150264263153076,-0.10539837926626205,35397,-0.092336863279342651,1.0295165777206421,-353618671,1491649465,-353526051,1491637489,0,-0.022428924217820168,-13,-0.10503244400024414,-0.0012683910317718983,0.0031330585479736328,35398,100.78090667724609,2.197149569838075e-06,-0.0010852996492758393,2.134998794645071e-06
37104319,37104319,37104,-353615137,1491649007,28.011655807495117,-2.9178056716918945,-0.10552181303501129,35396,-0.091612689197063446,1.0295161008834839,-353618671,1491649465,-353525801,1491637457,0,-0.020852183923125267,-12,-0.10496807098388672,-0.0011783916270360351,0.0093164443969726562,35398,100.85207366943359,2.3818301997380331e-06,-0.0012683910317718983,2.197149569838075e-06
37205112,37205112,37205,-353614885,1491648975,28.037191390991211,-2.924649715423584,-0.1054488867521286,35396,-0.087001226842403412,1.0295077562332153,-353618671,1491649465,-353525549,1491637424,0,-0.019274771213531494,-11,-0.1050257682800293,-0.0010882405331358314,0.0038809776306152344,35398,100.94557189941406,2.458722747178399e-06,-0.0011783916270360351,2.3818301997380331e-06
37305072,37305072,37305,-353614632,1491648942,28.07957649230957,-2.9321324825286865,-0.10502060502767563,35399,-0.083390772342681885,1.0294979810714722,-353618671,1491649465,-353525296,1491637391,0,-0.017002839595079422,-9,-0.10500383377075195,-0.00095850892830640078,0.0063371658325195312,35398,101.09931182861328,2.5840377020358574e-06,-0.0010882405331358314,2.458722747178399e-06
37405032,37405032,37405,-353614379,1491648910,28.126079559326172,-2.9387638568878174,-0.10511265695095062,35398,-0.082226499915122986,1.0295047760009766,-353618671,1491649465,-353525043,1491637359,0,-0.016896970570087433,-9,-0.10505867004394531,-0.00095095956930890679,0.0001659393310546875,35398,101.26740264892578,2.5873137019516435e-06,-0.00095850892830640078,2.5840377020358574e-06
37504992,37504992,37504,-353614124,1491648877,28.183420181274414,-2.9543769359588623,-0.10466636717319489,35401,-0.084345653653144836,1.0295066833496094,-353618671,1491649465,-353524788,1491637326,0,-0.010883856564760208,-6,-0.1050567626953125,-0.0006112743285484612,0.00039529800415039062,35398,101.47744750976562,2.5951014777092496e-06,-0.00095095956930890679,2.5873137019516435e-06
37604952,37604952,37604,-353613869,1491648844,28.2503662109375,-2.9577400684356689,-0.10395106673240662,35405,-0.090243317186832428,1.0294897556304932,-353618671,1491649465,-353524533,1491637293,0,-0.013157504610717297,-7,-0.10505437850952148,-0.00073722883826121688,0.00062513351440429688,35398,101.71712493896484,2.6073880690091755e-06,-0.0006112743285484612,2.5951014777092496e-06
37704912,37704912,37704,-353613613,1491648811,28.326881408691406,-2.9666159152984619,-0.10466308146715164,35401,-0.096644692122936249,1.02949059009552,-353618671,1491649465,-353524277,1491637260,0,-0.012791811488568783,-7,-0.10506248474121094,-0.00071480037877336144,-0.00025177001953125,35398,101.99295043945312,2.6024529233836802e-06,-0.00073722883826121688,2.6073880690091755e-06
37804872,37804872,37804,-353613357,1491648777,28.40595817565918,-2.9780950546264648,-0.10447611659765244,35402,-0.10225856304168701,1.0295027494430542,-353618671,1491649465,-353524021,1491637227,0,-0.009380558505654335,-5,-0.10498142242431641,-0.00052271585445851088,0.0079045295715332031,35398,102.27886199951172,2.7569592475629179e-06,-0.00071480037877336144,2.6024529233836802e-06
37904832,37904832,37904,-353613099,1491648744,28.496936798095703,-2.9887111186981201,-0.10472657531499863,35400,-0.10540352016687393,1.0294909477233887,-353618671,1491649465,-353523763,1491637193,0,-0.0094689223915338516,-5,-0.10502243041992188,-0.00052595318993553519,0.0043101310729980469,35398,102.60684204101562,2.8409381229721475e-06,-0.00052271585445851088,2.7569592475629179e-06
38004792,38004792,38004,-353612841,1491648711,28.587713241577148,-3.000983715057373,-0.10534337162971497,35397,-0.1061035543680191,1.0294861793518066,-353618671,1491649465,-353523505,1491637160,0,-0.0082659423351287842,-4,-0.10504913330078125,-0.00045767091796733439,0.0012369155883789062,35398,102.93472290039062,2.8649615160247777e-06,-0.00052595318993553519,2.8409381229721475e-06
38104752,38104752,38104,-353612584,1491648677,28.669750213623047,-3.0161159038543701,-0.1060151606798172,35393,-0.10644169896841049,1.0294798612594604,-353618671,1491649465,-353523248,1491637127,0,-0.0029378989711403847,-1,-0.10497856140136719,-0.00016219707322306931,0.0083041191101074219,35398,103.23255157470703,3.0257790513132932e-06,-0.00045767091796733439,2.8649615160247777e-06
38204712,38204712,38204,-353612327,1491648644,28.763265609741211,-3.0409247875213623,-0.10607535392045975,35393,-0.10303894430398941,1.0294822454452515,-353618671,1491649465,-353522991,1491637093,0,0.0058384845033288002,3,-0.10501003265380859,0.0003212687443010509,0.0057535171508789062,35398,103.57490539550781,3.1368333566206275e-06,-0.00016219707322306931,3.0257790513132932e-06
38304672,38304672,38304,-353612070,1491648610,28.851102828979492,-3.0572805404663086,-0.10605340451002121,35393,-0.099364504218101501,1.0294747352600098,-353618671,1491649465,-353522734,1491637060,0,0.01154971681535244,6,-0.10493993759155273,0.00063358416082337499,0.012818336486816406,35398,103.89385986328125,3.3834928672149545e-06,0.0003212687443010509,3.1368333566206275e-06
38404632,38404632,38404,-353611812,1491648576,28.937602996826172,-3.079880952835083,-0.10657457262277603,35390,-0.098756290972232819,1.0294612646102905,-353618671,1491649465,-353522476,1491637027,0,0.021084532141685486,12,-0.10487937927246094,0.0011531232157722116,0.018807411193847656,35398,104.21043395996094,3.7442991924763191e-06,0.00063358416082337499,3.3834928672149545e-06
38504592,38504592,38504,-353611554,1491648542,29.020044326782227,-3.1019961833953857,-0.10676879435777664,35389,-0.099196106195449829,1.0294530391693115,-353618671,1491649465,-353522218,1491636993,0,0.030318092554807663,17,-0.10483407974243164,0.0016533208545297384,0.024147987365722656,35398,104.51239013671875,4.2062220018124208e-06,0.0011531232157722116,3.7442991924763191e-06
38604552,38604552,38604,-353611295,1491648508,29.108757019042969,-3.1200032234191895,-0.10638385266065598,35391,-0.10204662382602692,1.0294625759124756,-353618671,1491649465,-353521959,1491636960,0,0.036672953516244888,21,-0.10478305816650391,0.0019937111064791679,0.029069900512695312,35398,104.83512878417969,4.7605835788999684e-06,0.0016533208545297384,4.2062220018124208e-06
38704512,38704512,38704,-353611035,1491648473,29.19471549987793,-3.1349875926971436,-0.10650064796209335,35390,-0.10619141161441803,1.0294530391693115,-353618671,1491649465,-353521698,1491636926,0,0.042501751333475113,24,-0.10466814041137695,0.0023037404753267765,0.041346549987792969,35398,105.14690399169922,5.5467221500293817e-06,0.0019937111064791679,4.7605835788999684e-06
38804472,38804472,38804,-353610775,1491648439,29.293703079223633,-3.1484668254852295,-0.10612894594669342,35392,-0.10996688902378082,1.029454231262207,-353618671,1491649465,-353521438,1491636893,0,0.04519277811050415,26,-0.10462713241577148,0.0024413010105490685,0.045223236083984375,35398,105.50450897216797,6.403654879250098e-06,0.0023037404753267765,5.5467221500293817e-06
38904432,38904432,38904,-353610513,1491648404,29.396583557128906,-3.1530373096466064,-0.10532986372709274,35397,-0.11103659868240356,1.0294396877288818,-353618671,1491649465,-353521176,1491636859,0,0.04303138330578804,25,-0.10453367233276367,0.002316461643204093,0.055260658264160156,35398,105.87256622314453,7.4471463449299335e-06,0.0024413010105490685,6.403654879250098e-06
39004392,39004392,39004,-353610251,1491648369,29.498298645019531,-3.1561896800994873,-0.10512930899858475,35398,-0.11004467308521271,1.029441237449646,-353618671,1491649465,-353520914,1491636825,0,0.040063172578811646,23,-0.10444068908691406,0.0021493001841008663,0.0652923583984375,35398,106.23593902587891,8.6758500401629135e-06,0.002316461643204093,7.4471463449299335e-06
39104352,39104352,39104,-353609987,1491648335,29.602523803710938,-3.1546995639801025,-0.10492591559886932,35399,-0.10716015845537186,1.0294309854507446,-353618671,1491649465,-353520650,1491636791,0,0.032109584659337997,18,-0.10445117950439453,0.0017166199395433068,0.064161300659179688,35398,106.60649108886719,9.8790724223363213e-06,0.0021493001841008663,8.6758500401629135e-06
39204312,39204312,39204,-353609723,1491648300,29.706768035888672,-3.1546800136566162,-0.10484157502651215,35400,-0.10415907204151154,1.0294272899627686,-353618671,1491649465,-353520386,1491636757,0,0.026662321761250496,15,-0.10437679290771484,0.0014204559847712517,0.0720672607421875,35398,106.97768402099609,1.12258658191422e-05,0.0017166199395433068,9.8790724223363213e-06
39305105,39305105,39305,-353609453,1491648265,29.820497512817383,-3.1626169681549072,-0.10534296184778214,35397,-0.10191436856985092,1.029415488243103,-353618671,1491649465,-353520116,1491636722,0,0.024266056716442108,14,-0.10437250137329102,0.0012878812849521637,0.072784423828125,35398,107.38567352294922,1.2581436749314889e-05,0.0014204559847712517,1.12258658191422e-05
39405065,39405065,39405,-353609184,1491648230,29.937313079833984,-3.1762759685516357,-0.10585794597864151,35394,-0.10240042209625244,1.0294077396392822,-353618671,1491649465,-353519847,1491636687,0,0.025406429544091225,14,-0.10435914993286133,0.0013431372353807092,0.074550628662109375,35398,107.80681610107422,1.396392508468125e-05,0.0012878812849521637,1.2581436749314889e-05
39505025,39505025,39505,-353608913,1491648194,30.054914474487305,-3.1921322345733643,-0.10556519776582718,35396,-0.10339925438165665,1.0294028520584106,-353618671,1491649465,-353519576,1491636652,0,0.029124850407242775,17,-0.10427951812744141,0.0015336726792156696,0.083232879638671875,35399,108.23158264160156,1.5501362213399261e-05,0.0013431372353807092,1.396392508468125e-05
39604985,39604985,39604,-353608641,1491648159,30.163330078125,-3.2005033493041992,-0.1048036515712738,35400,-0.1045539379119873,1.0293900966644287,-353618671,1491649465,-353519304,1491636617,0,0.027023229748010635,15,-0.10429239273071289,0.0014179050922393799,0.081839561462402344,35399,108.62081146240234,1.7007645510602742e-05,0.0015336726792156696,1.5501362213399261e-05
39704945,39704945,39704,-353608367,1491648123,30.211265563964844,-3.2130553722381592,-0.10573197156190872,35395,-0.10498239099979401,1.0294029712677002,-353618671,1491649465,-353519030,1491636581,0,0.032459087669849396,19,-0.10425424575805664,0.0017003775574266911,0.086451530456542969,35399,108.7962646484375,1.8596247173263691e-05,0.0014179050922393799,1.7007645510602742e-05
39804905,39804905,39804,-353608094,1491648087,30.163263320922852,-3.2198851108551025,-0.10600733011960983,35393,-0.1071302518248558,1.0293848514556885,-353618671,1491649465,-353518757,1491636546,0,0.041123148053884506,24,-0.10418844223022461,0.0021575856953859329,0.093039512634277344,35399,108.62791442871094,2.030855648627039e-05,0.0017003775574266911,1.8596247173263691e-05
39904865,39904865,39904,-353607822,1491648051,30.007574081420898,-3.2141401767730713,-0.10530576854944229,35397,-0.11167715489864349,1.0293765068054199,-353618671,1491649465,-353518485,1491636511,0,0.049192618578672409,28,-0.10410976409912109,0.002594254445284605,0.10068321228027344,35399,108.07137298583984,2.2171083401190117e-05,0.0021575856953859329,2.030855648627039e-05
40004825,40004825,40004,-353607552,1491648016,29.792625427246094,-3.1911306381225586,-0.10478053241968155,35400,-0.12058286368846893,1.029367208480835,-353618671,1491649465,-353518215,1491636476,0,0.049120277166366577,28,-0.104095458984375,0.0026091292966157198,0.10138320922851562,35399,107.29724884033203,2.4060091163846664e-05,0.002594254445284605,2.2171083401190117e-05
40104785,40104785,40104,-353607286,1491647980,29.569282531738281,-3.1650230884552002,-0.10420262068510056,35403,-0.13525538146495819,1.0293663740158081,-353618671,1491649465,-353517949,1491636441,0,0.049901813268661499,29,-0.10396099090576172,0.0026706843636929989,0.11524677276611328,35399,106.49205017089844,2.6223646273138002e-05,0.0026091292966157198,2.4060091163846664e-05
40204745,40204745,40204,-353607022,1491647946,29.376676559448242,-3.1429939270019531,-0.10521852225065231,35398,-0.15669572353363037,1.0293557643890381,-353618671,1491649465,-353517685,1491636407,0,0.048690624535083771,28,-0.10396099090576172,0.0026229610666632652,0.11413669586181641,35399,105.79785919189453,2.838042018993292e-05,0.0026706843636929989,2.6223646273138002e-05
40304705,40304705,40304,-353606761,1491647911,29.228122711181641,-3.1303377151489258,-0.10523172467947006,35398,-0.18056575953960419,1.0293426513671875,-353618671,1491649465,-353517424,1491636374,0,0.052841555327177048,31,-0.10383272171020508,0.0028610066510736942,0.12621212005615234,35399,105.26408386230469,3.0777471692999825e-05,0.0026229610666632652,2.838042018993292e-05
40404665,40404665,40404,-353606501,1491647877,29.130863189697266,-3.1253848075866699,-0.10521785169839859,35398,-0.20124129951000214,1.0293442010879517,-353618671,1491649465,-353517164,1491636340,0,0.056672904640436172,33,-0.10380029678344727,0.0030786318238824606,0.12923526763916016,35399,104.91588592529297,3.3240085031138733e-05,0.0028610066510736942,3.0777471692999825e-05
40504625,40504625,40504,-353606242,1491647843,29.103599548339844,-3.121082067489624,-0.10518813133239746,35398,-0.20946463942527771,1.0293205976486206,-353618671,1491649465,-353516905,1491636306,0,0.05645940825343132,33,-0.10376214981079102,0.0030699225608259439,0.13326644897460938,35399,104.81717681884766,3.5781904443865642e-05,0.0030786318238824606,3.3240085031138733e-05
40604585,40604585,40604,-353605983,1491647809,29.17173957824707,-3.1258344650268555,-0.10505905002355576,35399,-0.20098656415939331,1.029295802116394,-353618671,1491649465,-353516646,1491636273,0,0.05596093088388443,33,-0.10370969772338867,0.0030357388313859701,0.13840198516845703,35399,105.06159973144531,3.8415535527747124e-05,0.0030699225608259439,3.5781904443865642e-05
40704545,40704545,40704,-353605723,1491647775,29.308269500732422,-3.1294333934783936,-0.1038694903254509,35405,-0.17951318621635437,1.0292762517929077,-353618671,1491649465,-353516386,1491636239,0,0.049735646694898605,29,-0.10368776321411133,0.0026855701580643654,0.14139556884765625,35399,105.54911041259766,4.1093702748185024e-05,0.0030357388313859701,3.8415535527747124e-05
40804505,40804505,40804,-353605461,1491647740,29.467185974121094,-3.1336174011230469,-0.10404752194881439,35404,-0.15176267921924591,1.0292623043060303,-353618671,1491649465,-353516123,1491636205,0,0.043711751699447632,25,-0.10359668731689453,0.002347676083445549,0.15151500701904297,35399,106.1165771484375,4.3948195525445044e-05,0.0026855701580643654,4.1093702748185024e-05
40904465,40904465,40904,-353605198,1491647706,29.621101379394531,-3.13893723487854,-0.10373794287443161,35406,-0.12415555864572525,1.0292520523071289,-353618671,1491649465,-353515860,1491636171,0,0.036939326673746109,21,-0.10360193252563477,0.0019737102556973696,0.15144252777099609,35399,106.66667938232422,4.6786608436377719e-05,0.002347676083445549,4.3948195525445044e-05
41004425,41004425,41004,-353604933,1491647672,29.751255035400391,-3.1453788280487061,-0.10412025451660156,35404,-0.10249213129281998,1.029234766960144,-353618671,1491649465,-353515595,1491636137,0,0.032114442437887192,18,-0.1036229133605957,0.0017084483988583088,0.14934349060058594,35399,107.13259124755859,4.9573507567401975e-05,0.0019737102556973696,4.6786608436377719e-05
41104385,41104385,41104,-353604667,1491647637,29.869365692138672,-3.1584439277648926,-0.10443085432052612,35402,-0.093221388757228851,1.0292233228683472,-353618671,1491649465,-353515329,1491636103,0,0.033652033656835556,19,-0.10356712341308594,0.0017831635195761919,0.15527534484863281,35399,107.55812835693359,5.2459636208368465e-05,0.0017084483988583088,4.9573507567401975e-05
41204345,41204345,41204,-353604400,1491647602,29.989009857177734,-3.1758711338043213,-0.10482220351696014,35400,-0.094328492879867554,1.0292255878448486,-353618671,1491649465,-353515062,1491636068,0,0.037296075373888016,21,-0.10353946685791016,0.0019683379214257002,0.15897369384765625,35399,107.99075317382812,5.5402670113835484e-05,0.0017831635195761919,5.2459636208368465e-05
41305138,41305138,41305,-353604131,1491647568,30.111110687255859,-3.1970062255859375,-0.10505718737840652,35399,-0.10152438282966614,1.0292158126831055,-353618671,1491649465,-353514793,1491636033,0,0.041190829128026962,24,-0.10361242294311523,0.0021650108974426985,0.15161705017089844,35399,108.43354034423828,5.8199169870931655e-05,0.0019683379214257002,5.5402670113835484e-05
41405098,41405098,41405,-353603859,1491647532,30.233612060546875,-3.2182791233062744,-0.1047237291932106,35400,-0.10855357348918915,1.0292184352874756,-353618671,1491649465,-353514521,1491635998,0,0.047845110297203064,28,-0.10354328155517578,0.0025045028887689114,0.15930366516113281,35399,108.8778076171875,6.1124286730773747e-05,0.0021650108974426985,5.8199169870931655e-05
41505058,41505058,41505,-353603586,1491647496,30.371845245361328,-3.2279462814331055,-0.10415864735841751,35404,-0.10746569186449051,1.0292040109634399,-353618671,1491649465,-353514248,1491635963,0,0.046058446168899536,27,-0.10348320007324219,0.0024000462144613266,0.16599464416503906,35399,109.37370300292969,6.4158441091421992e-05,0.0025045028887689114,6.1124286730773747e-05
41605018,41605018,41605,-353603311,1491647461,30.502283096313477,-3.2394402027130127,-0.10408101975917816,35404,-0.097936764359474182,1.0292007923126221,-353618671,1491649465,-353513973,1491635927,0,0.043652012944221497,25,-0.10354185104370117,0.0022649411112070084,0.16035652160644531,35399,109.84253692626953,6.7077024141326547e-05,0.0024000462144613266,6.4158441091421992e-05
41704978,41704978,41704,-353603034,1491647425,30.629539489746094,-3.2508261203765869,-0.10509277880191803,35398,-0.083915360271930695,1.0291953086853027,-353618671,1491649465,-353513696,1491635892,0,0.043043136596679688,25,-0.10351371765136719,0.0022240863181650639,0.16308403015136719,35399,110.29999542236328,7.0032940129749477e-05,0.0022649411112070084,6.7077024141326547e-05
41804938,41804938,41804,-353602756,1491647388,30.73625373840332,-3.2750096321105957,-0.10501972585916519,35399,-0.072434484958648682,1.0291800498962402,-353618671,1491649465,-353513418,1491635856,0,0.05283491313457489,30,-0.10343122482299805,0.0027204409707337618,0.17251968383789062,35399,110.68915557861328,7.3148883529938757e-05,0.0022240863181650639,7.0032940129749477e-05
41904898,41904898,41904,-353602477,1491647352,30.844329833984375,-3.2967157363891602,-0.10569582879543304,35395,-0.067557662725448608,1.0291848182678223,-353618671,1491649465,-353513139,1491635820,0,0.059249922633171082,34,-0.10343837738037109,0.0030399519018828869,0.17193222045898438,35399,111.08223724365234,7.6243231887929142e-05,0.0027204409707337618,7.3148883529938757e-05
42004858,42004858,42004,-353602197,1491647315,30.947788238525391,-3.3178920745849609,-0.10460153222084045,35401,-0.06698145717382431,1.0291756391525269,-353618671,1491649465,-353512859,1491635783,0,0.066676177084445953,39,-0.10339212417602539,0.0034094192087650299,0.17798995971679688,35399,111.45868682861328,7.9435783845838159e-05,0.0030399519018828869,7.6243231887929142e-05
42104818,42104818,42104,-353601915,1491647278,31.053506851196289,-3.323638916015625,-0.10412371158599854,35404,-0.070975981652736664,1.0291802883148193,-353618671,1491649465,-353512577,1491635747,0,0.064400702714920044,37,-0.10334157943725586,0.0032819169573485851,0.18346977233886719,35399,111.83730316162109,8.2715487224049866e-05,0.0034094192087650299,7.9435783845838159e-05
42204778,42204778,42204,-353601634,1491647241,31.14982795715332,-3.3315160274505615,-0.10533701628446579,35397,-0.075381636619567871,1.0291754007339478,-353618671,1491649465,-353512296,1491635711,0,0.064234718680381775,37,-0.10328292846679688,0.0032633629161864519,0.18995475769042969,35399,112.18327331542969,8.6100641055963933e-05,0.0032819169573485851,8.2715487224049866e-05
42304738,42304738,42304,-353601353,1491647204,31.226606369018555,-3.3442819118499756,-0.10549557954072952,35396,-0.076000787317752838,1.0291814804077148,-353618671,1491649465,-353512015,1491635674,0,0.068007417023181915,39,-0.10324382781982422,0.0034464821219444275,0.19498252868652344,35399,112.46151733398438,8.9566798123996705e-05,0.0032633629161864519,8.6100641055963933e-05
42404698,42404698,42404,-353601072,1491647167,31.28935432434082,-3.3510787487030029,-0.10486666858196259,35400,-0.07371317595243454,1.0291910171508789,-353618671,1491649465,-353511734,1491635638,0,0.069382607936859131,40,-0.10318374633789062,0.0035091224126517773,0.20147514343261719,35399,112.68753051757812,9.3141192337498069e-05,0.0034464821219444275,8.9566798123996705e-05
42504658,42504658,42504,-353600792,1491647131,31.347347259521484,-3.3487632274627686,-0.10475077480077744,35400,-0.067996792495250702,1.0291829109191895,-353618671,1491649465,-353511454,1491635602,0,0.063944891095161438,37,-0.1031956672668457,0.003228210611268878,0.19991874694824219,35399,112.89314270019531,9.6681513241492212e-05,0.0035091224126517773,9.3141192337498069e-05
42604618,42604618,42604,-353600512,1491647094,31.390161514282227,-3.3358652591705322,-0.1037338599562645,35406,-0.062844179570674896,1.0291852951049805,-353618671,1491649465,-353511174,1491635565,0,0.054065383970737457,31,-0.10314798355102539,0.0027258866466581821,0.20587539672851562,35399,113.04069519042969,0.00010032256250269711,0.003228210611268878,9.6681513241492212e-05
42704578,42704578,42704,-353600232,1491647058,31.426204681396484,-3.311394214630127,-0.10219661146402359,35415,-0.058856014162302017,1.029180645942688,-353618671,1491649465,-353510894,1491635529,0,0.036230757832527161,21,-0.10315847396850586,0.0018247702391818166,0.20432090759277344,35399,113.15982818603516,0.00010393231059424579,0.0027258866466581821,0.00010032256250269711
42804538,42804538,42804,-353599951,1491647021,31.455883026123047,-3.2959086894989014,-0.10243862867355347,35414,-0.057553429156541824,1.0291855335235596,-353618671,1491649465,-353510613,1491635493,0,0.025866637006402016,15,-0.10309600830078125,0.0013016294687986374,0.21083259582519531,35399,113.25973510742188,0.00010765381739474833,0.0018247702391818166,0.00010393231059424579
42904498,42904498,42904,-353599670,1491646985,31.489341735839844,-3.2839300632476807,-0.1033928170800209,35408,-0.059358909726142883,1.0291732549667358,-353618671,1491649465,-353510332,1491635457,0,0.01586223766207695,9,-0.10311412811279297,0.00079739256761968136,0.20833015441894531,35399,113.37444305419922,0.00011132743384223431,0.0013016294687986374,0.00010765381739474833
43004458,43004458,43004,-353599389,1491646950,31.523443222045898,-3.2836649417877197,-0.10287704318761826,35411,-0.061258863657712936,1.0291922092437744,-353618671,1491649465,-353510051,1491635420,0,0.01111938152462244,6,-0.10323333740234375,0.00055837212130427361,0.19521141052246094,35399,113.49580383300781,0.00011476603685878217,0.00079739256761968136,0.00011132743384223431
43104418,43104418,43104,-353599108,1491646914,31.556333541870117,-3.2844173908233643,-0.10309892147779465,35410,-0.062985703349113464,1.0291867256164551,-353618671,1491649465,-353509770,1491635384,0,0.0091037731617689133,5,-0.10325098037719727,0.0004566835705190897,0.19271659851074219,35399,113.61323547363281,0.00011815718607977033,0.00055837212130427361,0.00011476603685878217
43204378,43204378,43204,-353598826,1491646878,31.589462280273438,-3.3001556396484375,-0.10424111783504486,35403,-0.065073870122432709,1.0291906595230103,-353618671,1491649465,-353509488,1491635347,0,0.015853261575102806,9,-0.10329818725585938,0.00079440034460276365,0.18764114379882812,35399,113.73706817626953,0.00012145542859798297,0.0004566835705190897,0.00011815718607977033
43304338,43304338,43304,-353598544,1491646841,31.620582580566406,-3.3201899528503418,-0.10385256260633469,35405,-0.063228994607925415,1.029181957244873,-353618671,1491649465,-353509206,1491635311,0,0.027439264580607414,16,-0.10324382781982422,0.0013735420070588589,0.19322776794433594,35399,113.85537719726562,0.00012484834587667137,0.00079440034460276365,0.00012145542859798297
43405131,43405131,43405,-353598261,1491646805,31.644559860229492,-3.325432300567627,-0.10248865932226181,35413,-0.059673584997653961,1.0291942358016968,-353618671,1491649465,-353508923,1491635274,0,0.028080673888325691,16,-0.10329818725585938,0.0014045716961845756,0.18717575073242188,35399,113.94272613525391,0.00012813378998544067,0.0013735420070588589,0.00012484834587667137
43505091,43505091,43505,-353597973,1491646768,31.682247161865234,-3.3231184482574463,-0.10280498862266541,35411,-0.055522337555885315,1.0291929244995117,-353618671,1491649465,-353508635,1491635237,0,0.023942232131958008,14,-0.10331058502197266,0.0011961702257394791,0.18539810180664062,35399,114.07608032226562,0.00013138292706571519,0.0014045716961845756,0.00012813378998544067
43605051,43605051,43605,-353597687,1491646731,31.712823867797852,-3.3286716938018799,-0.10276184976100922,35412,-0.053956281393766403,1.0291807651519775,-353618671,1491649465,-353508349,1491635200,0,0.0254844781011343,14,-0.10330820083618164,0.0012719845399260521,0.18552589416503906,35399,114.18705749511719,0.0001346311328234151,0.0011961702257394791,0.00013138292706571519
43705011,43705011,43705,-353597400,1491646694,31.757200241088867,-3.3271431922912598,-0.10240577906370163,35414,-0.053355008363723755,1.0291899442672729,-353618671,1491649465,-353508062,1491635163,0,0.021544847637414932,12,-0.10331344604492188,0.0010738681303337216,0.18470191955566406,35399,114.34453582763672,0.00013786046474706382,0.0012719845399260521,0.0001346311328234151
43804971,43804971,43804,-353597112,1491646657,31.793502807617188,-3.3272950649261475,-0.10226403176784515,35415,-0.054522022604942322,1.0292016267776489,-353618671,1491649465,-353507774,1491635126,0,0.019041309133172035,11,-0.10332584381103516,0.00094801082741469145,0.18294525146484375,35399,114.473876953125,0.00014105546870268881,0.0010738681303337216,0.00013786046474706382
43904931,43904931,43904,-353596823,1491646620,31.84234619140625,-3.3178894519805908,-0.10201498866081238,35416,-0.057178173214197159,1.0291874408721924,-353618671,1491649465,-353507485,1491635089,0,0.0095950011163949966,5,-0.10334587097167969,0.0004769966471940279,0.18025970458984375,35399,114.64434051513672,0.00014419888611882925,0.00094801082741469145,0.00014105546870268881
44004891,44004891,44004,-353596535,1491646583,31.885873794555664,-3.3168079853057861,-0.10215955227613449,35415,-0.058921732008457184,1.0291918516159058,-353618671,1491649465,-353507197,1491635051,0,0.0053861048072576523,3,-0.10338115692138672,0.00026739889290183783,0.17672920227050781,35399,114.79897308349609,0.00014727658708579838,0.0004769966471940279,0.00014419888611882925
44104851,44104851,44104,-353596245,1491646546,31.920137405395508,-3.3113958835601807,-0.10172876715660095,35418,-0.060648996382951736,1.0291990041732788,-353618671,1491649465,-353506907,1491635014,0,-0.00075182790169492364,0,-0.10340738296508789,-3.7286314181983471e-05,0.17311477661132812,35399,114.91900634765625,0.00015028819325380027,0.00026739889290183783,0.00014727658708579838
44204811,44204811,44204,-353595956,1491646509,31.951536178588867,-3.3045384883880615,-0.1010674461722374,35421,-0.060955364257097244,1.0291901826858521,-353618671,1491649465,-353506618,1491634976,0,-0.0079236514866352081,-4,-0.10344982147216797,-0.00039259379263967276,0.16862297058105469,35399,115.0283203125,0.00015321887622121722,-3.7286314181983471e-05,0.00015028819325380027
44304771,44304771,44304,-353595669,1491646473,31.975080490112305,-3.2940328121185303,-0.10089161247014999,35422,-0.058620594441890717,1.029208779335022,-353618671,1491649465,-353506331,1491634939,0,-0.017692647874355316,-10,-0.10353279113769531,-0.0008760098135098815,0.158782958984375,35399,115.10832977294922,0.00015597662422806025,-0.00039259379263967276,0.00015321887622121722
44404731,44404731,44404,-353595382,1491646437,31.983564376831055,-3.2848832607269287,-0.100237637758255,35426,-0.054186455905437469,1.0292092561721802,-353618671,1491649465,-353506044,1491634902,0,-0.02562638558447361,-14,-0.10361480712890625,-0.0012685343390330672,0.14894676208496094,35399,115.13519287109375,0.00015856292156968266,-0.0008760098135098815,0.00015597662422806025
44504691,44504691,44504,-353595096,1491646401,31.988046646118164,-3.2777435779571533,-0.10117762535810471,35421,-0.049687385559082031,1.0292145013809204,-353618671,1491649465,-353505759,1491634865,0,-0.031961638480424881,-18,-0.10369348526000977,-0.0015819530235603452,0.13979148864746094,35399,115.1485595703125,0.00016098997730296105,-0.0012685343390330672,0.00015856292156968266
44604651,44604651,44604,-353594810,1491646365,31.987470626831055,-3.2882299423217773,-0.10277489572763443,35412,-0.049325291067361832,1.029202938079834,-353618671,1491649465,-353505473,1491634828,0,-0.026891732588410378,-15,-0.10376882553100586,-0.0013309954665601254,0.13088226318359375,35399,115.15032958984375,0.00016326231707353145,-0.0015819530235603452,0.00016098997730296105
44704611,44704611,44704,-353594525,1491646329,31.993589401245117,-3.3070998191833496,-0.10148290544748306,35419,-0.051115218549966812,1.0292024612426758,-353618671,1491649465,-353505188,1491634791,0,-0.016883721575140953,-9,-0.10383701324462891,-0.00083544442895799875,0.12289047241210938,35399,115.17906188964844,0.00016539536591153592,-0.0013309954665601254,0.00016326231707353145
44804571,44804571,44804,-353594240,1491646292,31.99598503112793,-3.313575267791748,-0.10192068666219711,35417,-0.053062200546264648,1.029211163520813,-353618671,1491649465,-353504903,1491634755,0,-0.012308450415730476,-7,-0.10380315780639648,-0.00060899194795638323,0.12585830688476562,35399,115.18997192382812,0.00016757972480263561,-0.00083544442895799875,0.00016539536591153592
44904531,44904531,44904,-353593955,1491646256,31.992055892944336,-3.3152432441711426,-0.10170391947031021,35418,-0.054949026554822922,1.029206395149231,-353618671,1491649465,-353504618,1491634718,0,-0.012389224953949451,-7,-0.10387134552001953,-0.00061305973213165998,0.1178741455078125,35399,115.17659759521484,0.00016962575318757445,-0.00060899194795638323,0.00016757972480263561
45004491,45004491,45004,-353593669,1491646220,31.990478515625,-3.3147273063659668,-0.10173940658569336,35418,-0.055045381188392639,1.0292161703109741,-353618671,1491649465,-353504332,1491634681,0,-0.014135085046291351,-8,-0.10394716262817383,-0.00069948600139468908,0.10897064208984375,35399,115.17078399658203,0.0001715173275442794,-0.00061305973213165998,0.00016962575318757445
45104451,45104451,45104,-353593384,1491646183,31.990318298339844,-3.3251025676727295,-0.10241004079580307,35414,-0.056001234799623489,1.0292245149612427,-353618671,1491649465,-353504047,1491634644,0,-0.007443262729793787,-4,-0.10393714904785156,-0.00036832527257502079,0.11000251770019531,35399,115.17405700683594,0.00017342675710096955,-0.00069948600139468908,0.0001715173275442794
45204411,45204411,45204,-353593099,1491646147,31.994577407836914,-3.3259835243225098,-0.10193084180355072,35416,-0.056139711290597916,1.0292245149612427,-353618671,1491649465,-353503762,1491634607,0,-0.0085625136271119118,-5,-0.10400629043579102,-0.00042365374974906445,0.10200309753417969,35399,115.18955230712891,0.00017519709945190698,-0.00036832527257502079,0.00017342675710096955
45304371,45304371,45304,-353592813,1491646110,32.000877380371094,-3.3233139514923096,-0.1019926518201828,35416,-0.053874395787715912,1.0292174816131592,-353618671,1491649465,-353503476,1491634570,0,-0.010590767487883568,-6,-0.1040034294128418,-0.00052390957716852427,0.10212516784667969,35399,115.21099853515625,0.00017696923168841749,-0.00042365374974906445,0.00017519709945190698
45404331,45404331,45404,-353592527,1491646074,32.002250671386719,-3.3262424468994141,-0.10258560627698898,35413,-0.053268615156412125,1.0292161703109741,-353618671,1491649465,-353503190,1491634533,0,-0.010386033914983273,-6,-0.1040797233581543,-0.00051375501789152622,0.093210220336914062,35399,115.21697998046875,0.00017858657520264387,-0.00052390957716852427,0.00017696923168841749
45505124,45505124,45505,-353592241,1491646037,32.001758575439453,-3.325345516204834,-0.10173887759447098,35418,-0.051611911505460739,1.0292184352874756,-353618671,1491649465,-353502904,1491634496,0,-0.010863466188311577,-6,-0.10407733917236328,-0.00053738139104098082,0.09333038330078125,35399,115.21488952636719,0.00018020668358076364,-0.00051375501789152622,0.00017858657520264387
45605084,45605084,45605,-353591952,1491646000,32.004634857177734,-3.31793212890625,-0.10196303576231003,35416,-0.048914339393377304,1.0292327404022217,-353618671,1491649465,-353502615,1491634459,0,-0.016055332496762276,-9,-0.104095458984375,-0.00079415517393499613,0.090745925903320312,35399,115.22238922119141,0.00018178120080847293,-0.00053738139104098082,0.00018020668358076364
45705044,45705044,45705,-353591663,1491645964,32.019443511962891,-3.31648850440979,-0.10203413665294647,35416,-0.049053091555833817,1.0292273759841919,-353618671,1491649465,-353502326,1491634421,0,-0.020393645390868187,-11,-0.104217529296875,-0.0010082867229357362,0.07706451416015625,35398,115.27461242675781,0.00018311772146262228,-0.00079415517393499613,0.00018178120080847293
45805004,45805004,45805,-353591374,1491645927,32.026664733886719,-3.3229484558105469,-0.10253062099218369,35413,-0.048601634800434113,1.0292284488677979,-353618671,1491649465,-353502037,1491634384,0,-0.017207657918334007,-10,-0.10423612594604492,-0.0008505603764206171,0.074483871459960938,35398,115.30271148681641,0.00018440917483530939,-0.0010082867229357362,0.00018311772146262228
45904964,45904964,45904,-353591084,1491645890,32.040851593017578,-3.3273370265960693,-0.10221336781978607,35415,-0.048652812838554382,1.0292413234710693,-353618671,1491649465,-353501747,1491634347,0,-0.015909876674413681,-9,-0.10426187515258789,-0.00078605650924146175,0.071033477783203125,35398,115.35486602783203,0.00018564025231171399,-0.0008505603764206171,0.00018440917483530939
46004924,46004924,46004,-353590794,1491645853,32.054569244384766,-3.3310642242431641,-0.10227073729038239,35415,-0.05048954114317894,1.0292375087738037,-353618671,1491649465,-353501457,1491634309,0,-0.015509163960814476,-9,-0.10431289672851562,-0.00076592504046857357,0.065456390380859375,35398,115.40511322021484,0.00018677418120205402,-0.00078605650924146175,0.00018564025231171399
46104884,46104884,46104,-353590503,1491645815,32.075675964355469,-3.3374567031860352,-0.10188677906990051,35417,-0.053386978805065155,1.0292501449584961,-353618671,1491649465,-353501166,1491634271,0,-0.012486010789871216,-7,-0.10429239273071289,-0.00061621144413948059,0.067996978759765625,35398,115.48265838623047,0.0001879513292806223,-0.00076592504046857357,0.00018677418120205402
46204844,46204844,46204,-353590212,1491645778,32.089443206787109,-3.3399100303649902,-0.1021258682012558,35415,-0.053971908986568451,1.029240608215332,-353618671,1491649465,-353500875,1491634234,0,-0.012507086619734764,-7,-0.1043248176574707,-0.00061698484933003783,0.063678741455078125,35398,115.53260040283203,0.00018905324395745993,-0.00061621144413948059,0.0001879513292806223
46304804,46304804,46304,-353589921,1491645741,32.09857177734375,-3.3475258350372314,-0.10181479901075363,35417,-0.05307358130812645,1.0292476415634155,-353618671,1491649465,-353500584,1491634196,0,-0.0095199989154934883,-5,-0.10438299179077148,-0.00046948576346039772,0.057186126708984375,35398,115.56794738769531,0.00019004249770659953,-0.00061698484933003783,0.00018905324395745993
46404764,46404764,46404,-353589630,1491645703,32.103546142578125,-3.3495442867279053,-0.10157696902751923,35419,-0.050572320818901062,1.0292490720748901,-353618671,1491649465,-353500293,1491634159,0,-0.007646649144589901,-4,-0.10433673858642578,-0.00037703983252868056,0.061923980712890625,35398,115.58641052246094,0.00019111354777123779,-0.00046948576346039772,0.00019004249770659953
46504724,46504724,46504,-353589341,1491645666,32.101963043212891,-3.3516888618469238,-0.10188062489032745,35417,-0.052295330911874771,1.0292457342147827,-353618671,1491649465,-353500004,1491634121,0,-0.0071026347577571869,-4,-0.10438108444213867,-0.000350230373442173,0.057178497314453125,35398,115.58156585693359,0.00019210255413781852,-0.00037703983252868056,0.00019111354777123779
46604684,46604684,46604,-353589053,1491645629,32.099498748779297,-3.3502049446105957,-0.10211950540542603,35415,-0.053977202624082565,1.0292658805847168,-353618671,1491649465,-353499716,1491634084,0,-0.008104030042886734,-4,-0.10439252853393555,-0.00039964128518477082,0.05553436279296875,35398,115.57223510742188,0.00019306319882161915,-0.000350230373442173,0.00019210255413781852
46704644,46704644,46704,-353588766,1491645592,32.090812683105469,-3.34840989112854,-0.10116348415613174,35421,-0.056665483862161636,1.0292564630508423,-353618671,1491649465,-353499429,1491634047,0,-0.0087533611804246902,-5,-0.10439729690551758,-0.0004317804123274982,0.054779052734375,35398,115.54063415527344,0.00019401103782001883,-0.00039964128518477082,0.00019306319882161915
46804604,46804604,46804,-353588479,1491645555,32.081859588623047,-3.3382346630096436,-0.10200726985931396,35416,-0.057688705623149872,1.0292607545852661,-353618671,1491649465,-353499142,1491634010,0,-0.014622298069298267,-8,-0.10440206527709961,-0.00072150252526625991,0.054019927978515625,35398,115.50496673583984,0.00019494602747727185,-0.0004317804123274982,0.00019401103782001883
46904564,46904564,46904,-353588193,1491645519,32.062751770019531,-3.3341312408447266,-0.10281378775835037,35411,-0.055110085755586624,1.0292701721191406,-353618671,1491649465,-353498856,1491633973,0,-0.017481299117207527,-10,-0.10447835922241211,-0.00086309300968423486,0.04510498046875,35398,115.43539428710938,0.00019572718883864582,-0.00072150252526625991,0.00019494602747727185
47004524,47004524,47004,-353587907,1491645482,32.049774169921875,-3.3299551010131836,-0.10178710520267487,35417,-0.05179261788725853,1.0292561054229736,-353618671,1491649465,-353498570,1491633936,0,-0.019202478229999542,-11,-0.1044764518737793,-0.00094846426509320736,0.045230865478515625,35398,115.38762664794922,0.00019651085312943906,-0.00086309300968423486,0.00019572718883864582
47104484,47104484,47104,-353587621,1491645446,32.028499603271484,-3.3223552703857422,-0.10216352343559265,35415,-0.049773611128330231,1.0292749404907227,-353618671,1491649465,-353498285,1491633899,0,-0.024177363142371178,-14,-0.10455656051635742,-0.0011950016487389803,0.036014556884765625,35398,115.30903625488281,0.00019713526125997305,-0.00094846426509320736,0.00019651085312943906
47204444,47204444,47204,-353587335,1491645409,32.015880584716797,-3.3218328952789307,-0.10195887833833694,35416,-0.048345770686864853,1.0292791128158569,-353618671,1491649465,-353497999,1491633862,0,-0.023643352091312408,-13,-0.10455513000488281,-0.0011690652463585138,0.0361328125,35398,115.26389312744141,0.00019776196859311312,-0.0011950016487389803,0.00019713526125997305
47304404,47304404,47304,-353587049,1491645373,32.002719879150391,-3.3229680061340332,-0.1023997962474823,35414,-0.050717134028673172,1.0292658805847168,-353618671,1491649465,-353497713,1491633825,0,-0.023625437170267105,-13,-0.10463190078735352,-0.0011686502257362008,0.0272216796875,35398,115.21743011474609,0.00019823430920951068,-0.0011690652463585138,0.00019776196859311312
47404364,47404364,47404,-353586763,1491645336,31.986909866333008,-3.3213889598846436,-0.10151073336601257,35419,-0.052299581468105316,1.0292667150497437,-353618671,1491649465,-353497427,1491633788,0,-0.023545760661363602,-13,-0.10463047027587891,-0.0011652845423668623,0.02733612060546875,35398,115.16055297851562,0.00019870886171702296,-0.0011686502257362008,0.00019823430920951068
47504324,47504324,47504,-353586478,1491645299,31.97361946105957,-3.3120913505554199,-0.1017054095864296,35418,-0.054433878511190414,1.0292776823043823,-353618671,1491649465,-353497142,1491633751,0,-0.028321204707026482,-16,-0.10462236404418945,-0.0014022407121956348,0.028308868408203125,35398,115.10976409912109,0.00019920052727684379,-0.0011652845423668623,0.00019870886171702296
47605117,47605117,47605,-353586192,1491645263,31.969226837158203,-3.3150777816772461,-0.10194697231054306,35416,-0.057221110910177231,1.0292903184890747,-353618671,1491649465,-353496856,1491633714,0,-0.027727946639060974,-16,-0.10469961166381836,-0.0013730404898524284,0.01938629150390625,35398,115.09522247314453,0.00019953740411438048,-0.0014022407121956348,0.00019920052727684379
47705077,47705077,47705,-353585901,1491645226,31.973461151123047,-3.3136470317840576,-0.10062935203313828,35424,-0.057840082794427872,1.0292814970016479,-353618671,1491649465,-353496565,1491633677,0,-0.029541997238993645,-17,-0.10473155975341797,-0.0014626843621954322,0.015224456787109375,35398,115.10977172851562,0.0001998018124140799,-0.0013730404898524284,0.00019953740411438048
47805037,47805037,47805,-353585613,1491645189,31.977846145629883,-3.3065998554229736,-0.10039342194795609,35425,-0.056492257863283157,1.0292887687683105,-353618671,1491649465,-353496277,1491633639,0,-0.035037364810705185,-20,-0.10477113723754883,-0.0017345753731206059,0.011203765869140625,35398,115.12279510498047,0.00019999637152068317,-0.0014626843621954322,0.0001998018124140799
47904997,47904997,47904,-353585323,1491645152,31.97389030456543,-3.3040633201599121,-0.10060831904411316,35424,-0.051589775830507278,1.0292835235595703,-353618671,1491649465,-353495987,1491633602,0,-0.036871243268251419,-21,-0.10479640960693359,-0.0018256024923175573,0.00791168212890625,35398,115.10776519775391,0.00020013378525618464,-0.0017345753731206059,0.00019999637152068317
48004957,48004957,48004,-353585034,1491645115,31.96990966796875,-3.3149757385253906,-0.10208805650472641,35416,-0.050082545727491379,1.0292884111404419,-353618671,1491649465,-353495698,1491633564,0,-0.030733777210116386,-17,-0.1048431396484375,-0.0015218525659292936,0.003009796142578125,35398,115.09761810302734,0.00020018607028760016,-0.0018256024923175573,0.00020013378525618464
48104917,48104917,48104,-353584744,1491645078,31.975284576416016,-3.3295459747314453,-0.10175751149654388,35417,-0.050314925611019135,1.0292990207672119,-353618671,1491649465,-353495408,1491633527,0,-0.022492211312055588,-13,-0.10486841201782227,-0.0011135154636576772,-0.00026702880859375,35398,115.12215423583984,0.00020018142822664231,-0.0015218525659292936,0.00020018607028760016
48204877,48204877,48204,-353584455,1491645041,31.978403091430664,-3.3432555198669434,-0.10204729437828064,35416,-0.051507569849491119,1.0292903184890747,-353618671,1491649465,-353495119,1491633490,0,-0.014508578926324844,-8,-0.10488700866699219,-0.00071817071875557303,-0.002689361572265625,35398,115.13836669921875,0.00020013473113067448,-0.0011135154636576772,0.00020018142822664231
48304837,48304837,48304,-353584165,1491645004,31.985048294067383,-3.3514578342437744,-0.1020938977599144,35416,-0.055152423679828644,1.0292965173721313,-353618671,1491649465,-353494829,1491633452,0,-0.010902777314186096,-6,-0.10494041442871094,-0.00053955928888171911,-0.00846099853515625,35398,115.16508483886719,0.00019998785865027457,-0.00071817071875557303,0.00020013473113067448
48404797,48404797,48404,-353583875,1491644966,31.986082077026367,-3.3501319885253906,-0.10163569450378418,35418,-0.057028919458389282,1.0292891263961792,-353618671,1491649465,-353494539,1491633415,0,-0.010721135884523392,-6,-0.10488748550415039,-0.00053055549506098032,-0.002681732177734375,35398,115.16826629638672,0.00019994130707345903,-0.00053955928888171911,0.00019998785865027457
48504757,48504757,48504,-353583588,1491644929,31.979131698608398,-3.3553934097290039,-0.10261057317256927,35413,-0.057366501539945602,1.029291033744812,-353618671,1491649465,-353494252,1491633377,0,-0.0076685873791575432,-4,-0.10492134094238281,-0.00037956959567964077,-0.005947113037109375,35398,115.14546966552734,0.00019983804668299854,-0.00053055549506098032,0.00019994130707345903
48604717,48604717,48604,-353583301,1491644892,31.965370178222656,-3.3543977737426758,-0.10206012427806854,35416,-0.05635359138250351,1.0293045043945312,-353618671,1491649465,-353493965,1491633340,0,-0.0075023174285888672,-4,-0.10492753982543945,-0.00037149901618249714,-0.006679534912109375,35398,115.09609985351562,0.00019972202426288277,-0.00037956959567964077,0.00019983804668299854
48704677,48704677,48704,-353583015,1491644855,31.94426155090332,-3.350785493850708,-0.103127121925354,35410,-0.055780638009309769,1.0293127298355103,-353618671,1491649465,-353493679,1491633303,0,-0.008358389139175415,-4,-0.10492658615112305,-0.00041416534804739058,-0.0065765380859375,35398,115.01956176757812,0.00019960771896876395,-0.00037149901618249714,0.00019972202426288277
48804637,48804637,48804,-353582730,1491644818,31.919532775878906,-3.3586969375610352,-0.10363955795764923,35407,-0.054462101310491562,1.0293021202087402,-353618671,1491649465,-353493394,1491633267,0,-0.0010606811847537756,0,-0.10489082336425781,-5.2596573368646204e-05,-0.0030517578125,35398,114.93445587158203,0.00019955463358201087,-0.00041416534804739058,0.00019960771896876395
48904597,48904597,48904,-353582445,1491644781,31.896240234375,-3.3682811260223389,-0.10461549460887909,35401,-0.054188955575227737,1.0293107032775879,-353618671,1491649465,-353493109,1491633230,0,0.0066062365658581257,3,-0.10488367080688477,0.00032781338086351752,-0.002101898193359375,35398,114.8551025390625,0.00019951805006712675,-5.2596573368646204e-05,0.00019955463358201087
49004557,49004557,49004,-353582161,1491644744,31.870529174804688,-3.3819317817687988,-0.10482235252857208,35400,-0.053599312901496887,1.0293021202087402,-353618671,1491649465,-353492825,1491633193,0,0.017100326716899872,10,-0.10486984252929688,0.00084918813081458211,-0.000335693359375,35398,114.76869201660156,0.00019951220019720495,0.00032781338086351752,0.00019951805006712675
67204774,67204774,67204,-353611725,1491641793,-29.006711959838867,12.156272888183594,2.732764720916748,15657,0.012241857126355171,1.0323926210403442,-353611725,1491641793,-353612290,1491630250,0,19.761232376098633,6360,-1.630744457244873,1.5707999467849731,0,26657,112.62554931640625,0,-0.001174086588434875,0.00019951220019720495
67304734,67304734,67304,-353611985,1491641928,-28.918647766113281,12.173261642456055,2.7351279258728027,15671,0.038588162511587143,1.0323946475982666,-353611985,1491641928,-353612290,1491630250,0,19.714351654052734,6356,-1.6028108596801758,1.5707999467849731,0,26817,112.35834503173828,0,1.9076981544494629,0
67404694,67404694,67404,-353612244,1491642061,-28.835058212280273,12.095749855041504,2.7486257553100586,15748,0.05638379231095314,1.0324164628982544,-353612244,1491642061,-353612290,1491630250,0,19.647064208984375,6351,-1.5755720138549805,1.5707999467849731,0,26973,111.97486114501953,0,1.9372156858444214,0
67504654,67504654,67504,-353612502,1491642192,-28.858762741088867,11.777508735656738,2.760612964630127,15817,0.064866788685321808,1.0324258804321289,-353612502,1491642192,-353612290,1491630250,0,19.584373474121094,6344,-1.5490317344665527,1.5707999467849731,-0,27124,111.61756896972656,0,1.9632071256637573,0
67604614,67604614,67604,-353612760,1491642319,-28.964427947998047,11.242196083068848,2.7691922187805176,15866,0.07226090133190155,1.0324413776397705,-353612760,1491642319,-353612290,1491630250,0,19.52165412902832,6338,-1.5230803489685059,1.5707999467849731,-0,27273,111.26010894775391,0,1.980038046836853,0
67704574,67704574,67704,-353613019,1491642437,-29.127138137817383,10.535708427429199,2.7772259712219238,15912,0.08003244549036026,1.0324701070785522,-353613019,1491642437,-353612290,1491630250,0,19.461563110351562,6333,-1.4975781440734863,1.5707999467849731,-0,27419,110.91763305664062,0,1.9887510538101196,0
67804534,67804534,67804,-353613279,1491642548,-29.331968307495117,9.7864065170288086,2.7870864868164062,15968,0.081528596580028534,1.0324872732162476,-353613279,1491642548,-353612290,1491630250,0,19.42854118347168,6329,-1.4725027084350586,1.5707999467849731,-0,27563,110.72941589355469,0,1.9910870790481567,0
67904494,67904494,67904,-353613542,1491642650,-29.576505661010742,9.0103044509887695,2.7993338108062744,16039,0.080018922686576843,1.0325125455856323,-353613542,1491642650,-353612290,1491630250,0,19.42668342590332,6328,-1.4476151466369629,1.5707999467849731,-0,27706,110.71882629394531,0,1.9911192655563354,0
68004454,68004454,68004,-353613807,1491642743,-29.873985290527344,8.2001228332519531,2.8141450881958008,16123,0.078278303146362305,1.0325456857681274,-353613807,1491642743,-353612290,1491630250,0,19.464664459228516,6333,-1.4229855537414551,1.5707999467849731,-0,27847,110.935302734375,0,1.9896892309188843,0
68104414,68104414,68104,-353614075,1491642827,-30.209144592285156,7.3224058151245117,2.8346776962280273,16241,0.078408241271972656,1.0325628519058228,-353614075,1491642827,-353612290,1491630250,0,19.530601501464844,6340,-1.3984909057617188,1.5707999467849731,-0,27987,111.31109619140625,0,1.9864994287490845,0
68204374,68204374,68204,-353614347,1491642900,-30.526355743408203,6.1405239105224609,2.8699924945831299,16443,0.085615329444408417,1.0325700044631958,-353614347,1491642900,-353612290,1491630250,0,19.564476013183594,6346,-1.3739843368530273,1.5707999467849731,-0,28128,111.504150390625,0,1.9809057712554932,0
68304334,68304334,68304,-353614620,1491642958,-30.760082244873047,4.5193600654602051,2.9226455688476562,16745,0.095460496842861176,1.0325865745544434,-353614620,1491642958,-353612290,1491630250,0,19.534616470336914,6344,-1.3496484756469727,1.5707999467849731,-0,28267,111.33397674560547,0,1.9661139249801636,0
68405127,68405127,68405,-353614896,1491642995,-30.809635162353516,2.5349583625793457,2.9868295192718506,17113,0.10392039269208908,1.0326027870178223,-353614896,1491642995,-353612290,1491630250,0,19.423679351806641,6333,-1.3251338005065918,1.5707999467849731,-0,28407,110.70170593261719,0,1.9378235340118408,0
68505087,68505087,68505,-353615174,1491643008,-30.612457275390625,0.46001139283180237,3.0518817901611328,17485,0.11062333732843399,1.0326342582702637,-353615174,1491643008,-353612290,1491630250,0,19.236543655395508,6312,-1.3003945350646973,1.5707999467849731,-0,28549,109.63516998291016,0,1.8985520601272583,0
68605047,68605047,68605,-353615448,1491643000,-30.197956085205078,-1.3815045356750488,3.1093459129333496,17815,0.112403504550457,1.0326452255249023,-353615448,1491643000,-353612290,1491630250,0,18.993778228759766,6283,-1.2759337425231934,1.5707999467849731,-0,28689,108.25157165527344,0,1.8562240600585938,0
68705007,68705007,68705,-353615718,1491642973,-29.702522277832031,-2.8502094745635986,-3.1269829273223877,18084,0.107775017619133,1.0326507091522217,-353615718,1491642973,-353612290,1491630250,0,18.748371124267578,6252,-1.2517032623291016,1.5707999467849731,-0,28828,106.85291290283203,0,1.819942831993103,0
68804967,68804967,68804,-353615984,1491642934,-29.280490875244141,-3.9016242027282715,-3.0936849117279053,18275,0.095664806663990021,1.0326836109161377,-353615984,1491642934,-353612290,1491630250,0,18.560083389282227,6225,-1.2277979850769043,1.5707999467849731,-0,28965,105.77980804443359,0,1.7942236661911011,0
68904927,68904927,68904,-353616247,1491642884,-28.982730865478516,-4.5456695556640625,-3.0735962390899658,18390,0.077652968466281891,1.0326904058456421,-353616247,1491642884,-353631360,1491627500,0,9.4339122772216797,4397,-2.4487471580505371,0.53727245330810547,0,21970,105.05553436279297,0,1.7813253402709961,0
69004887,69004887,69004,-353616507,1491642830,-28.765678405761719,-4.9014787673950195,-3.0633673667907715,18449,0.057172339409589767,1.0326989889144897,-353616507,1491642830,-353631360,1491627500,0,9.2826519012451172,4347,-2.4419384002685547,0.53088194131851196,0,22009,104.49418640136719,0,0.53727245330810547,0
69104847,69104847,69104,-353616765,1491642773,-28.567731857299805,-5.0739760398864746,-3.0636062622070312,18447,0.040589671581983566,1.0327223539352417,-353616765,1491642773,-353631360,1491627500,0,9.2268590927124023,4327,-2.4351329803466797,0.53068065643310547,0,22048,103.90172576904297,0,0.53088194131851196,0
69204807,69204807,69204,-353617022,1491642716,-28.369260787963867,-5.0266246795654297,-3.0712592601776123,18403,0.018534913659095764,1.0327223539352417,-353617022,1491642716,-353631360,1491627500,0,9.2765426635742188,4341,-2.4281995296478271,0.53802758455276489,0,22088,103.17230987548828,0,0.53068065643310547,0
69304767,69304767,69304,-353617275,1491642663,-28.133140563964844,-4.7396707534790039,-3.0800981521606445,18353,-0.01746605709195137,1.0327250957489014,-353617275,1491642663,-353631360,1491627500,0,9.4241304397583008,4386,-2.421109676361084,0.55357736349105835,0,22128,102.16411590576172,0,0.53802758455276489,0
69404727,69404727,69404,-353617524,1491642614,-27.834239959716797,-4.2850246429443359,-3.0880422592163086,18307,-0.06412111222743988,1.0327303409576416,-353617524,1491642614,-353631360,1491627500,0,9.6227350234985352,4451,-2.4138648509979248,0.57497906684875488,0,22170,100.84825897216797,0,0.55357736349105835,0
69504687,69504687,69504,-353617770,1491642571,-27.451759338378906,-3.7271454334259033,-3.0964565277099609,18259,-0.11740612983703613,1.0327358245849609,-353617770,1491642571,-353631360,1491627500,0,9.8326349258422852,4527,-2.4063634872436523,0.60028356313705444,0,22213,99.206298828125,0,0.57497906684875488,0
69604647,69604647,69604,-353618013,1491642535,-27.012294769287109,-3.161759614944458,-3.1057746410369873,18206,-0.17099609971046448,1.0327351093292236,-353618013,1491642535,-353631360,1491627500,0,10.019062042236328,4603,-2.3985717296600342,0.62650227546691895,0,22257,97.391029357910156,0,0.60028356313705444,0
69704607,69704607,69704,-353618250,1491642505,-26.563375473022461,-2.7010111808776855,-3.1135127544403076,18161,-0.21769009530544281,1.0327228307723999,-353618250,1491642505,-353631360,1491627500,0,10.147769927978516,4666,-2.3906359672546387,0.6496233344078064,0,22303,95.613571166992188,0,0.62650227546691895,0
69804567,69804567,69804,-353618484,1491642480,-26.171756744384766,-2.4589049816131592,-3.1161034107208252,18147,-0.25137171149253845,1.0326950550079346,-353618484,1491642480,-353631360,1491627500,0,10.197386741638184,4703,-2.3824796676635742,0.6654353141784668,0,22350,94.133445739746094,0,0.6496233344078064,0
69904527,69904527,69904,-353618715,1491642455,-25.883506774902344,-2.500476598739624,-3.1099402904510498,18182,-0.27120381593704224,1.0326724052429199,-353618715,1491642455,-353631360,1491627500,0,10.159157752990723,4707,-2.3742713928222656,0.67101508378982544,0,22397,93.1199951171875,0,0.6654353141784668,0
70004487,70004487,70004,-353618945,1491642428,-25.722259521484375,-2.8925132751464844,-3.0910589694976807,18290,-0.27570760250091553,1.0326372385025024,-353618945,1491642428,-353631360,1491627500,0,10.017841339111328,4671,-2.3660001754760742,0.66361117362976074,0,22444,92.691619873046875,0,0.67101508378982544,0
70104447,70104447,70104,-353619173,1491642395,-25.681985855102539,-3.6503088474273682,-3.0587646961212158,18475,-0.2672993540763855,1.0326075553894043,-353619173,1491642395,-353631360,1491627500,0,9.7669649124145508,4591,-2.3578395843505859,0.64256387948989868,0,22491,92.89117431640625,0,0.66361117362976074,0
70204407,70204407,70204,-353619403,1491642351,-25.710391998291016,-4.7417664527893066,-3.0148732662200928,18727,-0.24908556044101715,1.0325857400894165,-353619403,1491642351,-353631360,1491627500,0,9.4025373458862305,4469,-2.34979248046875,0.60941958427429199,0,22537,93.621299743652344,0,0.64256387948989868,0
70304367,70304367,70304,-353619632,1491642293,-25.747631072998047,-6.0701804161071777,-2.9642961025238037,19016,-0.22508600354194641,1.0325422286987305,-353619632,1491642293,-353631360,1491627500,0,8.9410810470581055,4308,-2.3420820236206055,0.5679815411567688,0,22581,94.729621887207031,0,0.60941958427429199,0
70404327,70404327,70404,-353619863,1491642219,-25.741462707519531,-7.510256290435791,-2.9119389057159424,19316,-0.19835640490055084,1.0325101613998413,-353619863,1491642219,-353631360,1491627500,0,8.4163217544555664,4119,-2.3346478939056396,0.52306729555130005,0,22624,96.022994995117188,0,0.5679815411567688,0
70505120,70505120,70505,-353620093,1491642130,-25.683353424072266,-8.9195127487182617,-2.8628828525543213,19597,-0.17448756098747253,1.0324954986572266,-353620093,1491642130,-353631360,1491627500,0,7.8846983909606934,3922,-2.3275852203369141,0.4797508716583252,0,22664,97.360191345214844,0,0.52306729555130005,0
70605080,70605080,70605,-353620324,1491642024,-25.581693649291992,-10.201435089111328,-2.819108247756958,19848,-0.15401817858219147,1.0324702262878418,-353620324,1491642024,-353631360,1491627500,0,7.3903651237487793,3733,-2.3208773136138916,0.44126230478286743,0,22703,98.623016357421875,0,0.4797508716583252,0
70705040,70705040,70705,-353620555,1491641904,-25.468791961669922,-11.332497596740723,-2.7818436622619629,20062,-0.13720032572746277,1.0324532985687256,-353620555,1491641904,-353631360,1491627500,0,6.9571690559387207,3560,-2.3144679069519043,0.40847307443618774,0,22739,99.824447631835938,0,0.44126230478286743,0
70805000,70805000,70805,-353620785,1491641773,-25.357694625854492,-12.285250663757324,-2.751429557800293,20236,-0.12615019083023071,1.0324251651763916,-353620785,1491641773,-353631360,1491627500,0,6.6019225120544434,3416,-2.3083028793334961,0.38213652372360229,0,22774,100.90125274658203,0,0.40847307443618774,0
70904960,70904960,70904,-353621016,1491641632,-25.272739410400391,-13.067588806152344,-2.7270336151123047,20376,-0.11951759457588196,1.0324200391769409,-353621016,1491641632,-353631360,1491627500,0,6.3330793380737305,3304,-2.302255392074585,0.36213284730911255,0,22809,101.88352203369141,0,0.38213652372360229,0
71004920,71004920,71004,-353621245,1491641483,-25.212900161743164,-13.693979263305664,-2.7065994739532471,20493,-0.11884211748838425,1.0323964357376099,-353621245,1491641483,-353631360,1491627500,0,6.1415648460388184,3224,-2.2963995933532715,0.34763655066490173,0,22843,102.74469757080078,0,0.36213284730911255,0
71104880,71104880,71104,-353621475,1491641328,-25.181175231933594,-14.196437835693359,-2.6893970966339111,20591,-0.12266667932271957,1.0323953628540039,-353621475,1491641328,-353631360,1491627500,0,6.0180320739746094,3172,-2.2905192375183105,0.33771830797195435,0,22876,103.51655578613281,0,0.34763655066490173,0
71204840,71204840,71204,-353621703,1491641168,-25.150823593139648,-14.628891944885254,-2.6742353439331055,20678,-0.12700504064559937,1.0323731899261475,-353621703,1491641168,-353631360,1491627500,0,5.9248776435852051,3134,-2.2847256660461426,0.33005192875862122,0,22910,104.19184112548828,0,0.33771830797195435,0
71304800,71304800,71304,-353621931,1491641004,-25.097864151000977,-15.036561965942383,-2.6587183475494385,20767,-0.13062697649002075,1.032379150390625,-353621931,1491641004,-353631360,1491627500,0,5.8340005874633789,3096,-2.2788805961608887,0.32294219732284546,0,22943,104.77069091796875,0,0.33005192875862122,0
71404760,71404760,71404,-353622156,1491640837,-25.010498046875,-15.458877563476562,-2.641674280166626,20865,-0.13168977200984955,1.0323699712753296,-353622156,1491640837,-353631360,1491627500,0,5.7213306427001953,3047,-2.2731013298034668,0.31487223505973816,0,22976,105.28964996337891,0,0.32294219732284546,0
71504720,71504720,71504,-353622381,1491640665,-24.887527465820312,-15.916662216186523,-2.6241483688354492,20965,-0.12871810793876648,1.0323514938354492,-353622381,1491640665,-353631360,1491627500,0,5.5792760848999023,2984,-2.2673039436340332,0.30529940128326416,0,23009,105.78946685791016,0,0.31487223505973816,0
71604680,71604680,71604,-353622603,1491640489,-24.733978271484375,-16.402374267578125,-2.6066091060638428,21066,-0.12319396436214447,1.0323272943496704,-353622603,1491640489,-353631360,1491627500,0,5.4111247062683105,2907,-2.2616128921508789,0.2944146990776062,0,23042,106.2779541015625,0,0.30529940128326416,0
71704640,71704640,71704,-353622824,1491640307,-24.552158355712891,-16.895349502563477,-2.5888640880584717,21167,-0.11689803004264832,1.0323320627212524,-353622824,1491640307,-353631360,1491627500,0,5.2267951965332031,2822,-2.2559962272644043,0.28287374973297119,0,23074,106.72669219970703,0,0.2944146990776062,0
71804600,71804600,71804,-353623043,1491640120,-24.360294342041016,-17.366434097290039,-2.5721569061279297,21263,-0.11174777150154114,1.0323103666305542,-353623043,1491640120,-353631360,1491627500,0,5.0462017059326172,2737,-2.2504744529724121,0.27178728580474854,0,23106,107.13177490234375,0,0.28287374973297119,0
71904560,71904560,71904,-353623261,1491639928,-24.179927825927734,-17.801723480224609,-2.5568737983703613,21351,-0.10803405940532684,1.0323023796081543,-353623261,1491639928,-353631360,1491627500,0,4.8861422538757324,2661,-2.2449913024902344,0.26197853684425354,0,23137,107.52326965332031,0,0.27178728580474854,0
72004520,72004520,72004,-353623476,1491639731,-24.001243591308594,-18.203224182128906,-2.5420384407043457,21436,-0.10491245239973068,1.0323023796081543,-353623476,1491639731,-353631360,1491627500,0,4.7385454177856445,2591,-2.2396693229675293,0.25305017828941345,0,23168,107.87136077880859,0,0.26197853684425354,0
72104480,72104480,72104,-353623691,1491639530,-23.827840805053711,-18.582351684570312,-2.5273492336273193,21520,-0.10388652235269547,1.0322877168655396,-353623691,1491639530,-353631360,1491627500,0,4.6045622825622559,2527,-2.2342863082885742,0.2449677586555481,0,23199,108.20683288574219,0,0.25305017828941345,0
72204440,72204440,72204,-353623903,1491639326,-23.671348571777344,-18.912330627441406,-2.5151424407958984,21590,-0.10393070429563522,1.0322740077972412,-353623903,1491639326,-353631360,1491627500,0,4.4974427223205566,2475,-2.2289900779724121,0.23849946260452271,0,23229,108.49910736083984,0,0.2449677586555481,0
72304400,72304400,72304,-353624115,1491639117,-23.527729034423828,-19.20751953125,-2.5035989284515381,21656,-0.10473188757896423,1.0322675704956055,-353624115,1491639117,-353631360,1491627500,0,4.4114503860473633,2433,-2.2236695289611816,0.23327513039112091,0,23259,108.76316070556641,0,0.23849946260452271,0
72404360,72404360,72404,-353624325,1491638906,-23.371183395385742,-19.496679306030273,-2.4903178215026855,21732,-0.1057504341006279,1.0322564840316772,-353624325,1491638906,-353631360,1491627500,0,4.3224978446960449,2390,-2.2183289527893066,0.2280031144618988,0,23290,108.98988342285156,0,0.23327513039112091,0
72504320,72504320,72504,-353624534,1491638691,-23.213077545166016,-19.777873992919922,-2.4783933162689209,21800,-0.10701188445091248,1.0322540998458862,-353624534,1491638691,-353631360,1491627500,0,4.2366523742675781,2348,-2.2129826545715332,0.22294752299785614,0,23321,109.20606994628906,0,0.2280031144618988,0
72605113,72605113,72605,-353624743,1491638472,-23.054595947265625,-20.048789978027344,-2.4671621322631836,21865,-0.10715863108634949,1.0322470664978027,-353624743,1491638472,-353631360,1491627500,0,4.1567273139953613,2308,-2.2075562477111816,0.21826067566871643,0,23352,109.40885925292969,0,0.22294752299785614,0
72705073,72705073,72705,-353624951,1491638249,-22.890998840332031,-20.332250595092773,-2.4549713134765625,21935,-0.1067076176404953,1.0322381258010864,-353624951,1491638249,-353631360,1491627500,0,4.0705795288085938,2265,-2.2021126747131348,0.21321110427379608,0,23383,109.638916015625,0,0.21826067566871643,0
72805033,72805033,72805,-353625158,1491638023,-22.714302062988281,-20.623340606689453,-2.4429526329040527,22003,-0.10538614541292191,1.0322414636611938,-353625158,1491638023,-353631360,1491627500,0,3.9769701957702637,2218,-2.1966042518615723,0.20780088007450104,0,23414,109.8646240234375,0,0.21321110427379608,0
72904993,72904993,72904,-353625363,1491637792,-22.534368515014648,-20.913541793823242,-2.4318423271179199,22067,-0.1029638946056366,1.0322173833847046,-353625363,1491637792,-353631360,1491627500,0,3.8809607028961182,2169,-2.1911945343017578,0.20228771865367889,0,23446,110.09270477294922,0,0.20780088007450104,0
73004953,73004953,73004,-353625567,1491637559,-22.35078239440918,-21.193454742431641,-2.4215288162231445,22126,-0.10161449015140533,1.0322284698486328,-353625567,1491637559,-353631360,1491627500,0,3.7898366451263428,2122,-2.1856660842895508,0.19710028171539307,0,23477,110.29903411865234,0,0.20228771865367889,0
73104913,73104913,73104,-353625769,1491637322,-22.197542190551758,-21.434946060180664,-2.4130134582519531,22175,-0.10334178060293198,1.0322074890136719,-353625769,1491637322,-353631360,1491627500,0,3.7279486656188965,2091,-2.1801877021789551,0.19348256289958954,0,23509,110.50043487548828,0,0.19710028171539307,0
73204873,73204873,73204,-353625970,1491637083,-22.054109573364258,-21.661386489868164,-2.404604434967041,22223,-0.1055273711681366,1.0322145223617554,-353625970,1491637083,-353631360,1491627500,0,3.6796669960021973,2067,-2.1745777130126953,0.19060024619102478,0,23541,110.69821929931641,0,0.19348256289958954,0
73304833,73304833,73304,-353626170,1491636842,-21.921728134155273,-21.875123977661133,-2.3959836959838867,22273,-0.10771548748016357,1.032196044921875,-353626170,1491636842,-353631360,1491627500,0,3.6450140476226807,2049,-2.1688222885131836,0.18843623995780945,0,23574,110.89981842041016,0,0.19060024619102478,0
73404793,73404793,73404,-353626368,1491636598,-21.783895492553711,-22.084356307983398,-2.3869941234588623,22324,-0.10893744230270386,1.0322020053863525,-353626368,1491636598,-353631360,1491627500,0,3.6100194454193115,2032,-2.1630511283874512,0.18629410862922668,0,23607,111.08315277099609,0,0.18843623995780945,0
73504753,73504753,73504,-353626564,1491636354,-21.625673294067383,-22.301015853881836,-2.3772697448730469,22380,-0.1081884354352951,1.0321897268295288,-353626564,1491636354,-353631360,1491627500,0,3.5657041072845459,2008,-2.1571059226989746,0.18371579051017761,0,23641,111.24166107177734,0,0.18629410862922668,0
73604713,73604713,73604,-353626757,1491636108,-21.443758010864258,-22.524898529052734,-2.3665943145751953,22441,-0.10623250901699066,1.0321820974349976,-353626757,1491636108,-353631360,1491627500,0,3.5066967010498047,1977,-2.151176929473877,0.18043385446071625,0,23675,111.36843872070312,0,0.18371579051017761,0
73704673,73704673,73704,-353626948,1491635861,-21.263759613037109,-22.728364944458008,-2.3581194877624512,22489,-0.10590226948261261,1.0321722030639648,-353626948,1491635861,-353631360,1491627500,0,3.4588556289672852,1952,-2.1451096534729004,0.17780457437038422,0,23710,111.45592498779297,0,0.18043385446071625,0
73804633,73804633,73804,-353627137,1491635611,-21.097860336303711,-22.906047821044922,-2.3504819869995117,22533,-0.10667375475168228,1.0321621894836426,-353627137,1491635611,-353631360,1491627500,0,3.4283897876739502,1937,-2.1390032768249512,0.17612271010875702,0,23745,111.51808166503906,0,0.17780457437038422,0
73904593,73904593,73904,-353627325,1491635360,-20.941293716430664,-23.075586318969727,-2.3426060676574707,22578,-0.10750426352024078,1.032158374786377,-353627325,1491635360,-353631360,1491627500,0,3.411191463470459,1928,-2.1326251029968262,0.17511934041976929,0,23781,111.58784484863281,0,0.17612271010875702,0
74004553,74004553,74004,-353627511,1491635107,-20.788370132446289,-23.235103607177734,-2.3347914218902588,22623,-0.11000435799360275,1.0321570634841919,-353627511,1491635107,-353631360,1491627500,0,3.4020531177520752,1924,-2.1261196136474609,0.17455403506755829,0,23819,111.64562225341797,0,0.17511934041976929,0
74104513,74104513,74104,-353627696,1491634853,-20.641033172607422,-23.383527755737305,-2.3270063400268555,22668,-0.11271905153989792,1.0321334600448608,-353627696,1491634853,-353631360,1491627500,0,3.4061071872711182,1926,-2.1192898750305176,0.17469020187854767,0,23858,111.69243621826172,0,0.17455403506755829,0
74204473,74204473,74204,-353627879,1491634597,-20.488903045654297,-23.541725158691406,-2.3193292617797852,22712,-0.11423167586326599,1.0321358442306519,-353627879,1491634597,-353631360,1491627500,0,3.4080524444580078,1928,-2.1122860908508301,0.17468523979187012,0,23898,111.75936889648438,0,0.17469020187854767,0
74304433,74304433,74304,-353628061,1491634339,-20.324062347412109,-23.707416534423828,-2.311821460723877,22755,-0.11387787759304047,1.0321334600448608,-353628061,1491634339,-353631360,1491627500,0,3.4074294567108154,1927,-2.104952335357666,0.17455330491065979,0,23940,111.82252502441406,0,0.17468523979187012,0
74404393,74404393,74404,-353628242,1491634079,-20.154109954833984,-23.876771926879883,-2.3030412197113037,22805,-0.11428449302911758,1.0321120023727417,-353628242,1491634079,-353631360,1491627500,0,3.4104933738708496,1929,-2.0972433090209961,0.17460526525974274,0,23984,111.89012145996094,0,0.17455330491065979,0
74504353,74504353,74504,-353628421,1491633817,-19.974952697753906,-24.053728103637695,-2.2942318916320801,22856,-0.11370762437582016,1.0321184396743774,-353628421,1491633817,-353631360,1491627500,0,3.4120464324951172,1929,-2.0892500877380371,0.17456889152526855,0,24030,111.96414184570312,0,0.17460526525974274,0
74604313,74604313,74604,-353628599,1491633553,-19.799325942993164,-24.226968765258789,-2.2871139049530029,22896,-0.11389786005020142,1.032099723815918,-353628599,1491633553,-353631360,1491627500,0,3.4264020919799805,1937,-2.0807771682739258,0.17518618702888489,0,24078,112.04307556152344,0,0.17456889152526855,0
74705106,74705106,74705,-353628778,1491633282,-19.628631591796875,-24.402671813964844,-2.2792723178863525,22941,-0.11494442820549011,1.0320883989334106,-353628778,1491633282,-353631360,1491627500,0,3.4532346725463867,1951,-2.0717854499816895,0.17640738189220428,0,24130,112.14684295654297,0,0.17518618702888489,0
74805066,74805066,74805,-353628954,1491633012,-19.44932746887207,-24.578533172607422,-2.2705700397491455,22991,-0.11484189331531525,1.0320898294448853,-353628954,1491633012,-353631360,1491627500,0,3.486330509185791,1969,-2.0622491836547852,0.17796880006790161,0,24184,112.23868560791016,0,0.17640738189220428,0
74905026,74905026,74905,-353629129,1491632738,-19.271339416503906,-24.755237579345703,-2.2639508247375488,23029,-0.11549532413482666,1.0320686101913452,-353629129,1491632738,-353631360,1491627500,0,3.5320639610290527,1992,-2.0521140098571777,0.18015964329242706,0,24243,112.34293365478516,0,0.17796880006790161,0
75004986,75004986,75004,-353629302,1491632463,-19.117086410522461,-24.912927627563477,-2.2578322887420654,23064,-0.11828909814357758,1.0320669412612915,-353629302,1491632463,-353631360,1491627500,0,3.6120645999908447,2035,-2.0412073135375977,0.18410585820674896,0,24305,112.45191955566406,0,0.18015964329242706,0
75104946,75104946,75104,-353629475,1491632185,-18.971263885498047,-25.068601608276367,-2.2506649494171143,23105,-0.12132401019334793,1.0320594310760498,-353629475,1491632185,-353631360,1491627500,0,3.7206196784973145,2091,-2.0291299819946289,0.18948878347873688,0,24374,112.57881164550781,0,0.18410585820674896,0
75204906,75204906,75204,-353629646,1491631906,-18.80010986328125,-25.244705200195312,-2.2415285110473633,23157,-0.12221118807792664,1.0320626497268677,-353629646,1491631906,-353631360,1491627500,0,3.8323128223419189,2149,-2.0158963203430176,0.19501031935214996,0,24451,112.71517181396484,0,0.18948878347873688,0
75304866,75304866,75304,-353629815,1491631625,-18.59947395324707,-25.434713363647461,-2.2322232723236084,23211,-0.1216139942407608,1.032051682472229,-353629815,1491631625,-353631360,1491627500,0,3.9498765468597412,2208,-2.0013427734375,0.20085497200489044,0,24534,112.83602905273438,0,0.19501031935214996,0
75404826,75404826,75404,-353629982,1491631341,-18.387763977050781,-25.626180648803711,-2.2239210605621338,23258,-0.12088344246149063,1.0320290327072144,-353629982,1491631341,-353631360,1491627500,0,4.0915074348449707,2279,-1.9852418899536133,0.20795431733131409,0,24626,112.94654846191406,0,0.20085497200489044,0
75504786,75504786,75504,-353630146,1491631058,-18.153400421142578,-25.827093124389648,-2.2143180370330811,23313,-0.1180039569735527,1.0320205688476562,-353631360,1491627500,-353654670,1491642150,0,-17.834892272949219,-6136,2.9819011688232422,-1.1178301572799683,34.908226013183594,15975,113.04719543457031,0,0.20795431733131409,0
75604746,75604746,75604,-353630308,1491630773,-17.871366500854492,-26.049100875854492,-2.2063493728637695,23359,-0.11511654406785965,1.0320060253143311,-353631360,1491627500,-353654670,1491642150,0,-18.183914184570312,-6182,2.9527702331542969,-1.1583067178726196,31.783239364624023,15915,113.12411499023438,0,-1.1178301572799683,0
75704706,75704706,75704,-353630466,1491630486,-17.627079010009766,-26.22431755065918,-2.2098517417907715,23339,-0.11340013891458511,1.0320152044296265,-353631360,1491627500,-353654670,1491642150,0,-18.479091644287109,-6219,2.9240767955780029,-1.1965123414993286,28.662406921386719,15855,113.1517333984375,0,-1.1583067178726196,0
75804666,75804666,75804,-353630623,1491630199,-17.579206466674805,-26.259441375732422,-2.2139813899993896,23315,-0.11586193740367889,1.0319969654083252,-353631360,1491627500,-353654670,1491642150,0,-18.691713333129883,-6247,2.895695686340332,-1.2267711162567139,25.546651840209961,15794,113.16069030761719,0,-1.1965123414993286,0
75904626,75904626,75904,-353630780,1491629912,-17.707132339477539,-26.15709114074707,-2.2126743793487549,23323,-0.12578526139259338,1.0319879055023193,-353631360,1491627500,-353654670,1491642150,0,-18.832254409790039,-6267,2.8676064014434814,-1.2496920824050903,22.43089485168457,15733,113.11247253417969,0,-1.2267711162567139,0
76004586,76004586,76004,-353630939,1491629627,-17.928342819213867,-25.965976715087891,-2.2082560062408447,23348,-0.13918362557888031,1.0319792032241821,-353631360,1491627500,-353654670,1491642150,0,-18.925712585449219,-6283,2.839813232421875,-1.2682845592498779,19.321144104003906,15672,112.99459075927734,0,-1.2496920824050903,0
76104546,76104546,76104,-353631100,1491629345,-18.20097541809082,-25.729818344116211,-2.2035505771636963,23375,-0.15119248628616333,1.0319783687591553,-353631360,1491627500,-353654670,1491642150,0,-18.996343612670898,-6296,2.8122425079345703,-1.2844791412353516,16.225471496582031,15610,112.86068725585938,0,-1.2682845592498779,0
76204506,76204506,76204,-353631264,1491629065,-18.540262222290039,-25.441295623779297,-2.201416015625,23387,-0.15975233912467957,1.031964898109436,-353631360,1491627500,-353654670,1491642150,0,-19.04765510559082,-6305,2.7847216129302979,-1.297907829284668,13.130728721618652,15549,112.73004913330078,0,-1.2844791412353516,0
76304466,76304466,76304,-353631432,1491628789,-18.982255935668945,-25.090051651000977,-2.2042591571807861,23371,-0.1628900021314621,1.0319563150405884,-353631360,1491627500,-353654670,1491642150,0,-19.086271286010742,-6311,2.7572813034057617,-1.3074182271957397,10.047990798950195,15488,112.663818359375,0,-1.297907829284668,0
76404426,76404426,76404,-353631604,1491628517,-19.590612411499023,-24.626447677612305,-2.216742992401123,23299,-0.16163341701030731,1.0319268703460693,-353631360,1491627500,-353654670,1491642150,0,-19.105220794677734,-6313,2.7300574779510498,-1.3103337287902832,6.9772582054138184,15427,112.68756103515625,0.00012386338494252414,-1.3074182271957397,0
76504386,76504386,76504,-353631783,1491628252,-20.399343490600586,-24.02110481262207,-2.2367091178894043,23185,-0.15679846704006195,1.0319217443466187,-353631360,1491627500,-353654670,1491642150,0,-19.107532501220703,-6311,2.7029800415039062,-1.3053643703460693,3.9275367259979248,15366,112.85203552246094,0.00019345467444509268,-1.3103337287902832,0.00012386338494252414
76604346,76604346,76604,-353631970,1491627993,-21.399726867675781,-23.264286041259766,-2.2657790184020996,23019,-0.14854785799980164,1.0318957567214966,-353631360,1491627500,-353654670,1491642150,0,-19.097929000854492,-6307,2.6760106086730957,-1.2927024364471436,0.88567018508911133,15304,113.19403076171875,0.00020909728482365608,-1.3053643703460693,0.00019345467444509268
76705139,76705139,76705,-353632168,1491627744,-22.608068466186523,-22.292196273803711,-2.3083295822143555,22775,-0.1361413449048996,1.0318862199783325,-353631360,1491627500,-353654670,1491642150,0,-19.056722640991211,-6298,2.649402379989624,-1.2705534696578979,-2.131258487701416,15243,113.69656372070312,0.00017160479910671711,-1.2927024364471436,0.00020909728482365608
76805099,76805099,76805,-353632380,1491627505,-24.036037445068359,-20.952199935913086,-2.3669924736022949,22439,-0.12034343183040619,1.0318672657012939,-353631360,1491627500,-353654670,1491642150,0,-18.919033050537109,-6276,2.6230416297912598,-1.2355086803436279,-5.138481616973877,15182,114.18382263183594,8.1606740423012525e-05,-1.2705534696578979,0.00017160479910671711
76905059,76905059,76905,-353632605,1491627285,-25.553426742553711,-19.212318420410156,-2.4381237030029297,22031,-0.10396666824817657,1.0318431854248047,-353631360,1491627500,-353654670,1491642150,0,-18.639608383178711,-6237,2.5974729061126709,-1.1888033151626587,-8.0582132339477539,15122,114.48469543457031,-5.9227029851172119e-05,-1.2355086803436279,8.1606740423012525e-05
77005019,77005019,77005,-353632844,1491627085,-26.959917068481445,-17.142080307006836,-2.5146393775939941,21593,-0.087091967463493347,1.0318434238433838,-353631360,1491627500,-353654670,1491642150,0,-18.200309753417969,-6177,2.5726087093353271,-1.1353374719619751,-10.887450218200684,15063,114.40610504150391,-5.9227029851172119e-05,-1.1888033151626587,-5.9227029851172119e-05
77104979,77104979,77104,-353633096,1491626910,-28.082466125488281,-14.976166725158691,-2.5880351066589355,21172,-0.074394576251506805,1.0318291187286377,-353631360,1491627500,-353654670,1491642150,0,-17.665149688720703,-6103,2.5484728813171387,-1.0830452442169189,-13.580722808837891,15005,113.96938323974609,-5.9227029851172119e-05,-1.1353374719619751,-5.9227029851172119e-05
77204939,77204939,77204,-353633356,1491626757,-28.889488220214844,-13.070294380187988,-2.6487236022949219,20824,-0.067214816808700562,1.0318114757537842,-353631360,1491627500,-353654670,1491642150,0,-17.193254470825195,-6035,2.5253200531005859,-1.0411404371261597,-16.136880874633789,14950,113.54805755615234,-5.9227029851172119e-05,-1.0830452442169189,-5.9227029851172119e-05
77304899,77304899,77304,-353633623,1491626623,-29.473295211791992,-11.502997398376465,-2.6980805397033691,20542,-0.065395049750804901,1.0317877531051636,-353631360,1491627500,-353654670,1491642150,0,-16.839204788208008,-5983,2.5032238960266113,-1.0104724168777466,-18.575082778930664,14897,113.29700469970703,-5.9227029851172119e-05,-1.0411404371261597,-5.9227029851172119e-05
77404859,77404859,77404,-353633893,1491626505,-29.873516082763672,-10.263398170471191,-2.7363138198852539,20323,-0.068615414202213287,1.0317947864532471,-353631360,1491627500,-353654670,1491642150,0,-16.597278594970703,-5948,2.4820876121520996,-0.99043285846710205,-20.899255752563477,14845,113.11407470703125,-5.9227029851172119e-05,-1.0104724168777466,-5.9227029851172119e-05
77504819,77504819,77504,-353634166,1491626399,-30.114450454711914,-9.2914705276489258,-2.7654170989990234,20156,-0.076522558927536011,1.0317714214324951,-353631360,1491627500,-353654670,1491642150,0,-16.439315795898438,-5925,2.4613971710205078,-0.97946739196777344,-23.141716003417969,14793,112.855712890625,-5.9227029851172119e-05,-0.99043285846710205,-5.9227029851172119e-05
77604779,77604779,77604,-353634440,1491626302,-30.229328155517578,-8.5057945251464844,-2.789053201675415,20020,-0.086830437183380127,1.0317608118057251,-353631360,1491627500,-353654670,1491642150,0,-16.331914901733398,-5911,2.4408442974090576,-0.97503221035003662,-25.316543579101562,14743,112.45442199707031,-5.9227029851172119e-05,-0.97946739196777344,-5.9227029851172119e-05
77704739,77704739,77704,-353634713,1491626213,-30.244148254394531,-7.8242969512939453,-2.8093171119689941,19904,-0.097470492124557495,1.0317624807357788,-353631360,1491627500,-353654670,1491642150,0,-16.240818023681641,-5899,2.4202723503112793,-0.97447454929351807,-27.421663284301758,14693,111.86946868896484,-5.9227029851172119e-05,-0.97503221035003662,-5.9227029851172119e-05
77804699,77804699,77804,-353634984,1491626131,-30.223209381103516,-7.167912483215332,-2.8301193714141846,19785,-0.10780252516269684,1.0317533016204834,-353631360,1491627500,-353654670,1491642150,0,-16.149419784545898,-5887,2.399864673614502,-0.97459161281585693,-29.460075378417969,14643,111.23107147216797,-5.9227029851172119e-05,-0.97447454929351807,-5.9227029851172119e-05
77904659,77904659,77904,-353635254,1491626057,-30.194072723388672,-6.4703831672668457,-2.8526124954223633,19656,-0.11729830503463745,1.0317350625991821,-353631360,1491627500,-353654670,1491642150,0,-16.037076950073242,-5872,2.3797259330749512,-0.97296732664108276,-31.428779602050781,14594,110.57932281494141,-5.9227029851172119e-05,-0.97459161281585693,-5.9227029851172119e-05
78004619,78004619,78004,-353635524,1491625990,-30.174541473388672,-5.7292079925537109,-2.8771600723266602,19516,-0.12488630414009094,1.0317312479019165,-353631360,1491627500,-353654670,1491642150,0,-15.910919189453125,-5855,2.359931468963623,-0.96929681301116943,-33.340934753417969,14546,109.98507690429688,-5.9227029851172119e-05,-0.97296732664108276,-5.9227029851172119e-05
78104579,78104579,78104,-353635793,1491625932,-30.179508209228516,-4.9040141105651855,-2.9054369926452637,19354,-0.13073615729808807,1.0317062139511108,-353631360,1491627500,-353654670,1491642150,0,-15.757638931274414,-5832,2.3408527374267578,-0.96182692050933838,-35.175304412841797,14498,109.48992156982422,-5.9227029851172119e-05,-0.96929681301116943,-5.9227029851172119e-05
78204539,78204539,78204,-353636062,1491625883,-30.200933456420898,-3.9943909645080566,-2.936173677444458,19177,-0.13540530204772949,1.031694769859314,-353631360,1491627500,-353654670,1491642150,0,-15.576183319091797,-5804,2.3225011825561523,-0.95058870315551758,-36.936965942382812,14451,109.09095001220703,-5.9227029851172119e-05,-0.96182692050933838,-5.9227029851172119e-05
78304499,78304499,78304,-353636331,1491625844,-30.221399307250977,-3.0449008941650391,-2.968163013458252,18994,-0.13882720470428467,1.0316798686981201,-353631360,1491627500,-353654670,1491642150,0,-15.378767967224121,-5772,2.3049607276916504,-0.93704617023468018,-38.617835998535156,14405,108.77032470703125,-5.9227029851172119e-05,-0.95058870315551758,-5.9227029851172119e-05
78404459,78404459,78404,-353636601,1491625816,-30.249628067016602,-2.0424354076385498,-3.0020096302032471,18800,-0.13984572887420654,1.0316630601882935,-353631360,1491627500,-353654670,1491642150,0,-15.16214656829834,-5736,2.2884728908538818,-0.92053681612014771,-40.214916229248047,14360,108.57014465332031,-5.9227029851172119e-05,-0.93704617023468018,-5.9227029851172119e-05
78504419,78504419,78504,-353636871,1491625799,-30.26399040222168,-0.99776321649551392,-3.0368735790252686,18600,-0.14160896837711334,1.0316319465637207,-353631360,1491627500,-353654670,1491642150,0,-14.922298431396484,-5695,2.2729487419128418,-0.90160071849822998,-41.723133087158203,14316,108.43382263183594,-5.9227029851172119e-05,-0.92053681612014771,-5.9227029851172119e-05
78604379,78604379,78604,-353637141,1491625793,-30.26109504699707,0.028030343353748322,-3.0709185600280762,18405,-0.14355908334255219,1.0316315889358521,-353631360,1491627500,-353654670,1491642150,0,-14.681371688842773,-5653,2.2584478855133057,-0.88221859931945801,-43.142478942871094,14273,108.3646240234375,-5.9227029851172119e-05,-0.90160071849822998,-5.9227029851172119e-05
78704339,78704339,78704,-353637411,1491625799,-30.240846633911133,1.0540475845336914,-3.1052083969116211,18209,-0.1443694531917572,1.0316046476364136,-353631360,1491627500,-353654670,1491642150,0,-14.429168701171875,-5607,2.2450776100158691,-0.86167418956756592,-44.464881896972656,14231,108.35782623291016,-5.9227029851172119e-05,-0.88221859931945801,-5.9227029851172119e-05
78805132,78805132,78805,-353637681,1491625815,-30.203582763671875,2.1041750907897949,-3.1399362087249756,18010,-0.14421525597572327,1.031588077545166,-353631360,1491627500,-353654670,1491642150,0,-14.156703948974609,-5556,2.2327463626861572,-0.83929234743118286,-45.706501007080078,14190,108.42076873779297,-5.9227029851172119e-05,-0.86167418956756592,-5.9227029851172119e-05
78905092,78905092,78905,-353637955,1491625843,-30.151809692382812,3.1530239582061768,3.1084487438201904,17810,-0.14439618587493896,1.0315631628036499,-353631360,1491627500,-353654670,1491642150,0,-13.873805999755859,-5502,2.2214875221252441,-0.81591236591339111,-46.871482849121094,14149,108.56198120117188,-5.9227029851172119e-05,-0.83929234743118286,-5.9227029851172119e-05
79005052,79005052,79005,-353638227,1491625884,-30.067224502563477,4.2225627899169922,3.0726113319396973,17604,-0.14287197589874268,1.0315494537353516,-353631360,1491627500,-353654670,1491642150,0,-13.55936336517334,-5440,2.2114849090576172,-0.79058295488357544,-47.921283721923828,14111,108.72690582275391,-5.9227029851172119e-05,-0.81591236591339111,-5.9227029851172119e-05
79105012,79105012,79105,-353638499,1491625936,-29.953561782836914,5.325904369354248,3.0359442234039307,17394,-0.14077571034431458,1.0315308570861816,-353631360,1491627500,-353654670,1491642150,0,-13.210644721984863,-5368,2.202625036239624,-0.7630012035369873,-48.882221221923828,14073,108.94565582275391,-5.9227029851172119e-05,-0.79058295488357544,-5.9227029851172119e-05
79204972,79204972,79204,-353638769,1491626001,-29.797866821289062,6.4485902786254883,2.9981453418731689,17178,-0.13717813789844513,1.0315015316009521,-353631360,1491627500,-353654670,1491642150,0,-12.823943138122559,-5285,2.1950008869171143,-0.73346728086471558,-49.727981567382812,14037,109.17588043212891,-5.9227029851172119e-05,-0.7630012035369873,-5.9227029851172119e-05
79304932,79304932,79304,-353639039,1491626078,-29.599323272705078,7.5939121246337891,2.9597620964050293,16958,-0.13296288251876831,1.031502366065979,-353631360,1491627500,-353654670,1491642150,0,-12.397993087768555,-5190,2.1884801387786865,-0.70197230577468872,-50.476791381835938,14002,109.42755889892578,-5.9227029851172119e-05,-0.73346728086471558,-5.9227029851172119e-05
79404892,79404892,79404,-353639305,1491626168,-29.36163330078125,8.7110233306884766,2.922987699508667,16747,-0.12801168859004974,1.031480073928833,-353631360,1491627500,-353654670,1491642150,0,-11.949081420898438,-5085,2.1832308769226074,-0.66995328664779663,-51.100273132324219,13969,109.67337036132812,-5.9227029851172119e-05,-0.70197230577468872,-5.9227029851172119e-05
79504852,79504852,79504,-353639570,1491626271,-29.089914321899414,9.8037233352661133,2.8856892585754395,16533,-0.12370844185352325,1.0314692258834839,-353631360,1491627500,-353654670,1491642150,0,-11.477828979492188,-4970,2.1791648864746094,-0.63736790418624878,-51.613651275634766,13938,109.92731475830078,-5.9227029851172119e-05,-0.66995328664779663,-5.9227029851172119e-05
79604812,79604812,79604,-353639832,1491626385,-28.781101226806641,10.858442306518555,2.8498973846435547,16328,-0.11899428814649582,1.0314366817474365,-353631360,1491627500,-353654670,1491642150,0,-10.989319801330566,-4845,2.1760571002960205,-0.60477030277252197,-52.022933959960938,13909,110.15579986572266,-5.9227029851172119e-05,-0.63736790418624878,-5.9227029851172119e-05
79704772,79704772,79704,-353640089,1491626510,-28.426374435424805,11.875055313110352,2.8147838115692139,16127,-0.11352178454399109,1.03143310546875,-353631360,1491627500,-353654670,1491642150,0,-10.479063987731934,-4708,2.1738178730010986,-0.57206284999847412,-52.317962646484375,13882,110.31970977783203,-5.9227029851172119e-05,-0.60477030277252197,-5.9227029851172119e-05
79804732,79804732,79804,-353640342,1491626645,-28.038303375244141,12.830387115478516,2.7810766696929932,15934,-0.10869935154914856,1.0314220190048218,-353631360,1491627500,-353654670,1491642150,0,-9.9630298614501953,-4562,2.1723010540008545,-0.5401337742805481,-52.511894226074219,13857,110.41786193847656,-5.9227029851172119e-05,-0.57206284999847412,-5.9227029851172119e-05
79904692,79904692,79904,-353640590,1491626790,-27.636489868164062,13.694578170776367,2.7491059303283691,15751,-0.10616384446620941,1.0314091444015503,-353631360,1491627500,-353654670,1491642150,0,-9.4602365493774414,-4413,2.1715545654296875,-0.50997680425643921,-52.599655151367188,13834,110.44989776611328,-5.9227029851172119e-05,-0.5401337742805481,-5.9227029851172119e-05
80004652,80004652,80004,-353640834,1491626944,-27.225549697875977,14.485608100891113,2.719677209854126,15582,-0.10383065789937973,1.0313935279846191,-353631360,1491627500,-353654670,1491642150,0,-8.9666051864624023,-4259,2.1715364456176758,-0.48109129071235657,-52.594394683837891,13813,110.43517303466797,-5.9227029851172119e-05,-0.50997680425643921,-5.9227029851172119e-05
80104612,80104612,80104,-353641075,1491627105,-26.818996429443359,15.18407154083252,2.6937398910522461,15433,-0.1012854278087616,1.031376838684082,-353631360,1491627500,-353654670,1491642150,0,-8.5002012252807617,-4106,2.1719744205474854,-0.45444649457931519,-52.517353057861328,13793,110.36264038085938,-5.9227029851172119e-05,-0.48109129071235657,-5.9227029851172119e-05
80204572,80204572,80204,-353641312,1491627274,-26.433404922485352,15.792338371276855,2.6704604625701904,15300,-0.10067179054021835,1.0313676595687866,-353631360,1491627500,-353654670,1491642150,0,-8.063359260559082,-3957,2.1731617450714111,-0.42989692091941833,-52.355373382568359,13775,110.26431274414062,-5.9227029851172119e-05,-0.45444649457931519,-5.9227029851172119e-05
80304532,80304532,80304,-353641545,1491627449,-26.083463668823242,16.302406311035156,2.6499216556549072,15182,-0.10244639962911606,1.0313576459884644,-353631360,1491627500,-353654670,1491642150,0,-7.6685442924499512,-3817,2.1749694347381592,-0.40801739692687988,-52.124610900878906,13759,110.14752960205078,-5.9227029851172119e-05,-0.42989692091941833,-5.9227029851172119e-05
80404492,80404492,80404,-353641776,1491627629,-25.754232406616211,16.742410659790039,2.630018949508667,15068,-0.10592683404684067,1.031349778175354,-353631360,1491627500,-353654670,1491642150,0,-7.3022665977478027,-3682,2.177152156829834,-0.3880062997341156,-51.843303680419922,13744,110.00035095214844,-5.9227029851172119e-05,-0.40801739692687988,-5.9227029851172119e-05
80504452,80504452,80504,-353642004,1491627813,-25.433952331542969,17.150871276855469,2.6111781597137451,14960,-0.10965891927480698,1.0313366651535034,-353631360,1491627500,-353654670,1491642150,0,-6.9426875114440918,-3545,2.1798210144042969,-0.36848264932632446,-51.514446258544922,13729,109.85158538818359,-5.9227029851172119e-05,-0.3880062997341156,-5.9227029851172119e-05
80604412,80604412,80604,-353642229,1491628002,-25.114957809448242,17.546768188476562,2.5918862819671631,14850,-0.11169832199811935,1.031319260597229,-353631360,1491627500,-353654670,1491642150,0,-6.5765066146850586,-3401,2.1831109523773193,-0.3486570417881012,-51.129966735839844,13716,109.71210479736328,-5.9227029851172119e-05,-0.36848264932632446,-5.9227029851172119e-05
80704372,80704372,80704,-353642452,1491628195,-24.783519744873047,17.956497192382812,2.5727429389953613,14740,-0.11192752420902252,1.0313122272491455,-353631360,1491627500,-353654670,1491642150,0,-6.1882667541503906,-3241,2.1869504451751709,-0.32763975858688354,-50.703014373779297,13703,109.59565734863281,-5.9227029851172119e-05,-0.3486570417881012,-5.9227029851172119e-05
80804332,80804332,80804,-353642672,1491628393,-24.459861755371094,18.349208831787109,2.5545973777770996,14636,-0.11121847480535507,1.0313057899475098,-353631360,1491627500,-353654670,1491642150,0,-5.7973904609680176,-3074,2.1914477348327637,-0.30653113126754761,-50.220436096191406,13692,109.49730682373047,-5.9227029851172119e-05,-0.32763975858688354,-5.9227029851172119e-05
80905125,80905125,80905,-353642889,1491628595,-24.122020721435547,18.75865364074707,2.5347650051116943,14523,-0.10835294425487518,1.0312999486923218,-353631360,1491627500,-353654670,1491642150,0,-5.3810181617736816,-2889,2.1965558528900146,-0.28406903147697449,-49.690315246582031,13682,109.42588806152344,-5.9227029851172119e-05,-0.30653113126754761,-5.9227029851172119e-05
81005085,81005085,81005,-353643105,1491628804,-23.790225982666016,19.163339614868164,2.5166785717010498,14419,-0.1044299378991127,1.0312943458557129,-353631360,1491627500,-353654670,1491642150,0,-4.9535670280456543,-2692,2.2024681568145752,-0.26103103160858154,-49.098567962646484,13674,109.39362335205078,-5.9227029851172119e-05,-0.28406903147697449,-5.9227029851172119e-05
81105045,81105045,81105,-353643319,1491629016,-23.497238159179688,19.530332565307617,2.5002508163452148,14325,-0.10131493210792542,1.031282901763916,-353631360,1491627500,-353654670,1491642150,0,-4.5479555130004883,-2499,2.2089545726776123,-0.23917464911937714,-48.472423553466797,13666,109.41387939453125,-5.9227029851172119e-05,-0.26103103160858154,-5.9227029851172119e-05
81205005,81205005,81205,-353643530,1491629233,-23.210786819458008,19.874568939208984,2.4828534126281738,14225,-0.098221853375434875,1.0312711000442505,-353631360,1491627500,-353654670,1491642150,0,-4.143669605255127,-2300,2.2159411907196045,-0.2175319492816925,-47.790660858154297,13660,109.42472839355469,-5.9227029851172119e-05,-0.23917464911937714,-5.9227029851172119e-05
81304965,81304965,81304,-353643739,1491629455,-22.949199676513672,20.194278717041016,2.4684009552001953,14142,-0.095196463167667389,1.0312541723251343,-353631360,1491627500,-353654670,1491642150,0,-3.7482395172119141,-2100,2.2235546112060547,-0.19640816748142242,-47.058349609375,13656,109.46781158447266,-5.9227029851172119e-05,-0.2175319492816925,-5.9227029851172119e-05
81404925,81404925,81404,-353643946,1491629680,-22.711126327514648,20.474620819091797,2.454686164855957,14064,-0.092827469110488892,1.0312545299530029,-353631360,1491627500,-353654670,1491642150,0,-3.3735654354095459,-1905,2.2314302921295166,-0.17650604248046875,-46.291641235351562,13652,109.49889373779297,-5.9227029851172119e-05,-0.19640816748142242,-5.9227029851172119e-05
81504885,81504885,81504,-353644152,1491629908,-22.502504348754883,20.721185684204102,2.4412784576416016,13987,-0.0913715660572052,1.0312557220458984,-353631360,1491627500,-353654670,1491642150,0,-3.0197627544403076,-1718,2.2396142482757568,-0.15776869654655457,-45.495620727539062,13649,109.54133605957031,-5.9227029851172119e-05,-0.17650604248046875,-5.9227029851172119e-05
81604845,81604845,81604,-353644355,1491630138,-22.318859100341797,20.940832138061523,2.4297842979431152,13921,-0.090967893600463867,1.0312457084655762,-353631360,1491627500,-353654670,1491642150,0,-2.681774377822876,-1535,2.2481212615966797,-0.13991740345954895,-44.668224334716797,13648,109.59514617919922,-5.9227029851172119e-05,-0.15776869654655457,-5.9227029851172119e-05
81704805,81704805,81704,-353644557,1491630371,-22.17547607421875,21.111307144165039,2.4205775260925293,13868,-0.091090947389602661,1.0312271118164062,-353631360,1491627500,-353654670,1491642150,0,-2.377920389175415,-1368,2.2568490505218506,-0.12392476201057434,-43.811504364013672,13647,109.64130401611328,-5.9227029851172119e-05,-0.13991740345954895,-5.9227029851172119e-05
81804765,81804765,81804,-353644758,1491630605,-22.051239013671875,21.252635955810547,2.411463737487793,13816,-0.091217584908008575,1.0312334299087524,-353631360,1491627500,-353654670,1491642150,0,-2.0939674377441406,-1210,2.2655994892120361,-0.10903486609458923,-42.941623687744141,13647,109.67011260986328,-5.9227029851172119e-05,-0.12392476201057434,-5.9227029851172119e-05
81904725,81904725,81904,-353644956,1491630839,-21.940744400024414,21.365434646606445,2.4029419422149658,13767,-0.090167857706546783,1.0312315225601196,-353631360,1491627500,-353654670,1491642150,0,-1.8278603553771973,-1060,2.2743422985076904,-0.095136106014251709,-42.0565185546875,13648,109.66697692871094,-5.9227029851172119e-05,-0.10903486609458923,-5.9227029851172119e-05
82004685,82004685,82004,-353645153,1491631074,-21.841035842895508,21.467874526977539,2.3940415382385254,13716,-0.089071884751319885,1.0312193632125854,-353631360,1491627500,-353654670,1491642150,0,-1.5686397552490234,-912,2.2831997871398926,-0.081610709428787231,-41.15826416015625,13650,109.66828918457031,-5.9227029851172119e-05,-0.095136106014251709,-5.9227029851172119e-05
82104645,82104645,82104,-353645348,1491631309,-21.757038116455078,21.546445846557617,2.3874828815460205,13679,-0.088837809860706329,1.0312142372131348,-353631360,1491627500,-353654670,1491642150,0,-1.3264049291610718,-773,2.2920610904693604,-0.068996638059616089,-40.249839782714844,13652,109.65177917480469,-5.9227029851172119e-05,-0.081610709428787231,-5.9227029851172119e-05
82204605,82204605,82204,-353645543,1491631545,-21.683504104614258,21.62115478515625,2.3802459239959717,13637,-0.087050199508666992,1.0312091112136841,-353631360,1491627500,-353654670,1491642150,0,-1.0883370637893677,-635,2.301037073135376,-0.056597262620925903,-39.333343505859375,13654,109.653564453125,-5.9227029851172119e-05,-0.068996638059616089,-5.9227029851172119e-05
82304565,82304565,82304,-353645736,1491631781,-21.607536315917969,21.689289093017578,2.3738551139831543,13601,-0.083220228552818298,1.0312180519104004,-353631360,1491627500,-353654670,1491642150,0,-0.85186994075775146,-498,2.3100073337554932,-0.04429897665977478,-38.406688690185547,13657,109.63381195068359,-5.9227029851172119e-05,-0.056597262620925903,-5.9227029851172119e-05
82404525,82404525,82404,-353645929,1491632018,-21.54279899597168,21.758432388305664,2.3688578605651855,13572,-0.077847890555858612,1.0312067270278931,-353631360,1491627500,-353654670,1491642150,0,-0.61704802513122559,-361,2.3191356658935547,-0.032079160213470459,-37.471965789794922,13661,109.64613342285156,-5.9227029851172119e-05,-0.04429897665977478,-5.9227029851172119e-05
82504485,82504485,82504,-353646122,1491632255,-21.499259948730469,21.803985595703125,2.3647294044494629,13548,-0.074423752725124359,1.0312072038650513,-353631360,1491627500,-353654670,1491642150,0,-0.40294307470321655,-235,2.3282127380371094,-0.020944952964782715,-36.537246704101562,13665,109.652587890625,-5.9227029851172119e-05,-0.032079160213470459,-5.9227029851172119e-05
82604445,82604445,82604,-353646314,1491632493,-21.471261978149414,21.835962295532227,2.360595703125,13525,-0.072832390666007996,1.0312000513076782,-353631360,1491627500,-353654670,1491642150,0,-0.19956967234611511,-116,2.3374016284942627,-0.010371983051300049,-35.589363098144531,13670,109.66384124755859,-5.9227029851172119e-05,-0.020944952964782715,-5.9227029851172119e-05
82704405,82704405,82704,-353646506,1491632732,-21.457632064819336,21.855831146240234,2.3566699028015137,13502,-0.074054606258869171,1.0312002897262573,-353631360,1491627500,-353654670,1491642150,0,-0.0066971108317375183,-3,2.3466534614562988,-0.00034800171852111816,-34.633399963378906,13675,109.68038177490234,-5.9227029851172119e-05,-0.010371983051300049,-5.9227029851172119e-05
82804365,82804365,82804,-353646698,1491632971,-21.454410552978516,21.874996185302734,2.3537521362304688,13486,-0.074094243347644806,1.0311980247497559,-353631360,1491627500,-353654670,1491642150,0,0.18206746876239777,106,2.3559455871582031,0.0094573795795440674,-33.677448272705078,13680,109.72129058837891,-5.9227029851172119e-05,-0.00034800171852111816,-5.9227029851172119e-05
82904325,82904325,82904,-353646890,1491633210,-21.463592529296875,21.885032653808594,2.3520269393920898,13476,-0.071346230804920197,1.0311909914016724,-353631360,1491627500,-353654670,1491642150,0,0.36115765571594238,211,2.3652253150939941,0.018752604722976685,-32.721481323242188,13686,109.76996612548828,-5.9227029851172119e-05,0.0094573795795440674,-5.9227029851172119e-05
83005118,83005118,83005,-353647083,1491633449,-21.49102783203125,21.871749877929688,2.3520441055297852,13476,-0.069145344197750092,1.0311992168426514,-353631360,1491627500,-353654670,1491642150,0,0.51952773332595825,303,2.3743836879730225,0.026968866586685181,-31.770606994628906,13692,109.80484771728516,-5.9227029851172119e-05,0.018752604722976685,-5.9227029851172119e-05
83105078,83105078,83105,-353647279,1491633692,-21.545570373535156,21.856960296630859,2.3504352569580078,13467,-0.06688062846660614,1.0311881303787231,-353631360,1491627500,-353654670,1491642150,0,0.67140114307403564,392,2.3838443756103516,0.034824013710021973,-30.802639007568359,13698,109.90410614013672,-5.9227029851172119e-05,0.026968866586685181,-5.9227029851172119e-05
83205038,83205038,83205,-353647474,1491633933,-21.60394287109375,21.842050552368164,2.349423885345459,13461,-0.065796345472335815,1.0311912298202515,-353631360,1491627500,-353654670,1491642150,0,0.81950092315673828,478,2.3931818008422852,0.042467713356018066,-29.845752716064453,13704,110.01298522949219,-5.9227029851172119e-05,0.034824013710021973,-5.9227029851172119e-05
83304998,83304998,83304,-353647671,1491634176,-21.667959213256836,21.822887420654297,2.3491289615631104,13459,-0.062323331832885742,1.0312037467956543,-353631360,1491627500,-353654670,1491642150,0,0.96398371458053589,562,2.4025418758392334,0.049909651279449463,-28.88287353515625,13710,110.1256103515625,-5.9227029851172119e-05,0.042467713356018066,-5.9227029851172119e-05
83404958,83404958,83404,-353647868,1491634417,-21.735164642333984,21.798982620239258,2.3490369319915771,13458,-0.060077909380197525,1.0312037467956543,-353631360,1491627500,-353654670,1491642150,0,1.1013168096542358,641,2.4116992950439453,0.056970745325088501,-27.936141967773438,13717,110.23466491699219,-5.9227029851172119e-05,0.049909651279449463,-5.9227029851172119e-05
83504918,83504918,83504,-353648066,1491634659,-21.819814682006836,21.769001007080078,2.3509109020233154,13469,-0.059116702526807785,1.0312002897262573,-353631360,1491627500,-353654670,1491642150,0,1.229913592338562,716,2.4209120273590088,0.063551649451255798,-26.986415863037109,13723,110.37305450439453,-5.9227029851172119e-05,0.056970745325088501,-5.9227029851172119e-05
83604878,83604878,83604,-353648264,1491634901,-21.903739929199219,21.729486465454102,2.3518414497375488,13475,-0.058090329170227051,1.0311957597732544,-353631360,1491627500,-353654670,1491642150,0,1.3527525663375854,786,2.4300251007080078,0.069837033748626709,-26.036674499511719,13730,110.48631286621094,-5.9227029851172119e-05,0.063551649451255798,-5.9227029851172119e-05
83704838,83704838,83704,-353648464,1491635142,-21.996164321899414,21.682323455810547,2.3551347255706787,13493,-0.056773856282234192,1.0312020778656006,-353631360,1491627500,-353654670,1491642150,0,1.464898943901062,850,2.4389371871948242,0.07555745542049408,-25.105194091796875,13736,110.60289764404297,-5.9227029851172119e-05,0.069837033748626709,-5.9227029851172119e-05
83804798,83804798,83804,-353648663,1491635382,-22.106184005737305,21.617219924926758,2.3578166961669922,13509,-0.056867249310016632,1.0312075614929199,-353631360,1491627500,-353654670,1491642150,0,1.560434103012085,905,2.447786808013916,0.080409541726112366,-24.176700592041016,13742,110.72069549560547,-5.9227029851172119e-05,0.07555745542049408,-5.9227029851172119e-05
83904758,83904758,83904,-353648863,1491635620,-22.210269927978516,21.546796798706055,2.3595013618469238,13518,-0.059374496340751648,1.0311951637268066,-353631360,1491627500,-353654670,1491642150,0,1.6505944728851318,957,2.4563524723052979,0.084996387362480164,-23.269432067871094,13747,110.81174468994141,-5.9227029851172119e-05,0.080409541726112366,-5.9227029851172119e-05
84004718,84004718,84004,-353649063,1491635857,-22.308965682983398,21.467563629150391,2.3614819049835205,13530,-0.060536645352840424,1.0312148332595825,-353631360,1491627500,-353654670,1491642150,0,1.7355806827545166,1005,2.4647505283355713,0.089338019490242004,-22.370262145996094,13753,110.86876678466797,-5.9227029851172119e-05,0.084996387362480164,-5.9227029851172119e-05
84104678,84104678,84104,-353649263,1491636092,-22.407354354858398,21.392606735229492,2.3635623455047607,13542,-0.059554010629653931,1.0311992168426514,-353631360,1491627500,-353654670,1491642150,0,1.8200365304946899,1053,2.4729979038238525,0.093639671802520752,-21.487251281738281,13758,110.93738555908203,-5.9227029851172119e-05,0.089338019490242004,-5.9227029851172119e-05
84204638,84204638,84204,-353649464,1491636326,-22.518033981323242,21.297834396362305,2.3680977821350098,13568,-0.055884551256895065,1.0312168598175049,-353631360,1491627500,-353654670,1491642150,0,1.8868268728256226,1090,2.4810752868652344,0.097039669752120972,-20.61737060546875,13762,110.99092102050781,-5.9227029851172119e-05,0.093639671802520752,-5.9227029851172119e-05
84304598,84304598,84304,-353649666,1491636559,-22.63762092590332,21.18022346496582,2.3718812465667725,13589,-0.05089573934674263,1.0312079191207886,-353631360,1491627500,-353654670,1491642150,0,1.9353114366531372,1117,2.4889631271362305,0.099520385265350342,-19.760665893554688,13766,111.01425933837891,-5.9227029851172119e-05,0.097039669752120972,-5.9227029851172119e-05
84404558,84404558,84404,-353649869,1491636790,-22.747175216674805,21.066547393798828,2.3761565685272217,13614,-0.047958835959434509,1.0312039852142334,-353631360,1491627500,-353654670,1491642150,0,1.985222339630127,1145,2.4966211318969727,0.10208678245544434,-18.925201416015625,13768,111.02406311035156,-5.9227029851172119e-05,0.099520385265350342,-5.9227029851172119e-05
84504518,84504518,84504,-353650072,1491637020,-22.858661651611328,20.954893112182617,2.3805794715881348,13639,-0.046517390757799149,1.0312224626541138,-353631360,1491627500,-353654670,1491642150,0,2.0342209339141846,1173,2.5042128562927246,0.10459412634372711,-18.097808837890625,13770,111.04673004150391,-5.9227029851172119e-05,0.10208678245544434,-5.9227029851172119e-05
84604478,84604478,84604,-353650277,1491637249,-22.965372085571289,20.849298477172852,2.3837418556213379,13657,-0.046880409121513367,1.0312209129333496,-353631360,1491627500,-353654670,1491642150,0,2.0848314762115479,1201,2.5116326808929443,0.1071796715259552,-17.288658142089844,13770,111.07418060302734,-5.9227029851172119e-05,0.10459412634372711,-5.9227029851172119e-05
84704438,84704438,84704,-353650483,1491637477,-23.069953918457031,20.752552032470703,2.3883025646209717,13683,-0.047632880508899689,1.031225323677063,-353631360,1491627500,-353654670,1491642150,0,2.1387660503387451,1231,2.5189452171325684,0.10991822183132172,-16.492652893066406,13769,111.11975860595703,-5.9227029851172119e-05,0.1071796715259552,-5.9227029851172119e-05
84804398,84804398,84804,-353650689,1491637704,-23.17857551574707,20.649456024169922,2.3931505680084229,13711,-0.050249487161636353,1.0312148332595825,-353631360,1491627500,-353654670,1491642150,0,2.1863822937011719,1258,2.526167631149292,0.11233139038085938,-15.704719543457031,13767,111.16332244873047,-5.9227029851172119e-05,0.10991822183132172,-5.9227029851172119e-05
84904358,84904358,84904,-353650897,1491637930,-23.285238265991211,20.553491592407227,2.396693229675293,13732,-0.054300285875797272,1.0312249660491943,-353631360,1491627500,-353654670,1491642150,0,2.2354018688201904,1285,2.5332286357879639,0.11480098962783813,-14.935035705566406,13763,111.22109985351562,-5.9227029851172119e-05,0.11233139038085938,-5.9227029851172119e-05
85004318,85004318,85004,-353651106,1491638155,-23.386720657348633,20.454145431518555,2.3999168872833252,13750,-0.055068682879209518,1.0312341451644897,-353631360,1491627500,-353654670,1491642150,0,2.2816660404205322,1311,2.5401337146759033,0.11714735627174377,-14.178504943847656,13757,111.25928497314453,-5.9227029851172119e-05,0.11480098962783813,-5.9227029851172119e-05
85105111,85105111,85105,-353651317,1491638381,-23.506856918334961,20.332309722900391,2.4050776958465576,13780,-0.052003573626279831,1.0312260389328003,-353631360,1491627500,-353654670,1491642150,0,2.3092162609100342,1326,2.5470094680786133,0.11852750182151794,-13.424057006835938,13749,111.29756927490234,-5.9227029851172119e-05,0.11714735627174377,-5.9227029851172119e-05
85205071,85205071,85205,-353651528,1491638604,-23.632953643798828,20.186716079711914,2.4122250080108643,13821,-0.047726653516292572,1.0312256813049316,-353654670,1491642150,-353650090,1491654820,0,-14.860182762145996,-5660,1.569915771484375,-0.86476302146911621,45.020538330078125,8380,111.30014801025391,-5.9227029851172119e-05,0.11852750182151794,-5.9227029851172119e-05
85305031,85305031,85305,-353651742,1491638826,-23.793313980102539,20.010757446289062,2.4157857894897461,13841,-0.042881596833467484,1.0312387943267822,-353654670,1491642150,-353650090,1491654820,0,-15.322943687438965,-5740,1.5405690670013428,-0.9017634391784668,42.026008605957031,8278,111.33080291748047,-5.9227029851172119e-05,-0.86476302146911621,-5.9227029851172119e-05
85404991,85404991,85404,-353651958,1491639048,-23.924619674682617,19.883428573608398,2.4090292453765869,13802,-0.040131423622369766,1.0312446355819702,-353654670,1491642150,-353650090,1491654820,0,-15.748957633972168,-5811,1.5112639665603638,-0.93691790103912354,39.011123657226562,8174,111.39908599853516,-5.9227029851172119e-05,-0.9017634391784668,-5.9227029851172119e-05
85504951,85504951,85504,-353652175,1491639269,-23.893680572509766,19.946832656860352,2.4014008045196533,13759,-0.042283304035663605,1.031232476234436,-353654670,1491642150,-353650090,1491654820,0,-16.062044143676758,-5861,1.4822750091552734,-0.96370482444763184,35.989738464355469,8067,111.45926666259766,-5.9227029851172119e-05,-0.93691790103912354,-5.9227029851172119e-05
85604911,85604911,85604,-353652390,1491639492,-23.717805862426758,20.169040679931641,2.4004476070404053,13753,-0.048699364066123962,1.0312490463256836,-353654670,1491642150,-353650090,1491654820,0,-16.279682159423828,-5896,1.4538037776947021,-0.98307681083679199,32.981353759765625,7958,111.49034881591797,-5.9227029851172119e-05,-0.96370482444763184,-5.9227029851172119e-05
85704871,85704871,85704,-353652605,1491639720,-23.464942932128906,20.477371215820312,2.40401291847229,13773,-0.057511348277330399,1.0312454700469971,-353654670,1491642150,-353650090,1491654820,0,-16.451841354370117,-5924,1.4254170656204224,-0.99866151809692383,29.954572677612305,7846,111.52494812011719,-5.9227029851172119e-05,-0.98307681083679199,-5.9227029851172119e-05
85804831,85804831,85804,-353652816,1491639950,-23.169906616210938,20.843996047973633,2.4049980640411377,13779,-0.064384058117866516,1.0312494039535522,-353654670,1491642150,-353650090,1491654820,0,-16.598520278930664,-5947,1.3974777460098267,-1.0115126371383667,26.961143493652344,7733,111.60486602783203,-5.9227029851172119e-05,-0.99866151809692383,-5.9227029851172119e-05
85904791,85904791,85904,-353653022,1491640184,-22.778556823730469,21.302780151367188,2.4001257419586182,13751,-0.066726073622703552,1.0312639474868774,-353654670,1491642150,-353650090,1491654820,0,-16.693153381347656,-5962,1.3701068162918091,-1.0195536613464355,24.003883361816406,7620,111.68264770507812,-5.9227029851172119e-05,-1.0115126371383667,-5.9227029851172119e-05
86004751,86004751,86004,-353653224,1491640423,-22.263587951660156,21.89463996887207,2.3878693580627441,13681,-0.064751178026199341,1.0312579870223999,-353654670,1491642150,-353650090,1491654820,0,-16.733543395996094,-5968,1.343040943145752,-1.0215084552764893,21.068933486938477,7505,111.81871032714844,-5.9227029851172119e-05,-1.0195536613464355,-5.9227029851172119e-05
86104711,86104711,86104,-353653420,1491640669,-21.550453186035156,22.692386627197266,2.3639702796936035,13544,-0.058450948446989059,1.0312652587890625,-353654670,1491642150,-353650090,1491654820,0,-16.693614959716797,-5961,1.316335916519165,-1.0140538215637207,18.16929817199707,7391,112.06636810302734,-5.9227029851172119e-05,-1.0215084552764893,-5.9227029851172119e-05
86204671,86204671,86204,-353653608,1491640925,-20.592308044433594,23.712041854858398,2.3299345970153809,13349,-0.044589821249246597,1.0312651395797729,-353654670,1491642150,-353650090,1491654820,0,-16.559633255004883,-5939,1.2900840044021606,-0.99581062793731689,15.314289093017578,7275,112.46259307861328,-5.9227029851172119e-05,-1.0140538215637207,-5.9227029851172119e-05
86304631,86304631,86304,-353653786,1491641193,-19.378828048706055,24.875667572021484,2.2836296558380127,13084,-0.027106495574116707,1.0312680006027222,-353654670,1491642150,-353650090,1491654820,0,-16.321510314941406,-5901,1.2645634412765503,-0.96805429458618164,12.516901969909668,7160,112.919677734375,-5.9227029851172119e-05,-0.99581062793731689,-5.9227029851172119e-05
86404591,86404591,86404,-353653951,1491641475,-17.811229705810547,26.151336669921875,2.2218937873840332,12730,-0.0086440155282616615,1.0312557220458984,-353654670,1491642150,-353650090,1491654820,0,-15.918094635009766,-5836,1.240263819694519,-0.92844939231872559,9.8003129959106445,7047,113.30482482910156,0.00011391031875973567,-0.96805429458618164,-5.9227029851172119e-05
86504551,86504551,86504,-353654100,1491641771,-15.896103858947754,27.385532379150391,2.1515266895294189,12327,0.010620191693305969,1.0312560796737671,-353654670,1491642150,-353650090,1491654820,0,-15.327123641967773,-5738,1.2172836065292358,-0.87943786382675171,7.1950507164001465,6935,113.39088439941406,0.00024085186305455863,-0.92844939231872559,0.00011391031875973567
86604511,86604511,86604,-353654231,1491642079,-13.791555404663086,28.393951416015625,2.080726146697998,11921,0.027336439117789268,1.0312486886978149,-353654670,1491642150,-353650090,1491654820,0,-14.59882926940918,-5611,1.1957172155380249,-0.82723891735076904,4.7288269996643066,6827,113.03804779052734,0.00032451067818328738,-0.87943786382675171,0.00024085186305455863
86704471,86704471,86704,-353654342,1491642397,-11.826531410217285,29.052473068237305,2.0192379951477051,11569,0.037839319556951523,1.0312633514404297,-353654670,1491642150,-353650090,1491654820,0,-13.886533737182617,-5478,1.1755436658859253,-0.78184318542480469,2.4293527603149414,6723,112.32620239257812,0.00036775207263417542,-0.82723891735076904,0.00032451067818328738
86804431,86804431,86804,-353654438,1491642720,-10.226738929748535,29.441816329956055,1.9717255830764771,11297,0.041465185582637787,1.0312589406967163,-353654670,1491642150,-353650090,1491654820,0,-13.331744194030762,-5368,1.1562856435775757,-0.74882650375366211,0.26413750648498535,6622,111.61003112792969,0.00037248339504003525,-0.78184318542480469,0.00036775207263417542
86904391,86904391,86904,-353654522,1491643047,-9.1158876419067383,29.60127067565918,1.9418399333953857,11125,0.03565622866153717,1.0312758684158325,-353654670,1491642150,-353650090,1491654820,0,-13.004340171813965,-5299,1.1377143859863281,-0.73182177543640137,-1.7936704158782959,6522,110.91435241699219,0.00034015157143585384,-0.74882650375366211,0.00037248339504003525
87004351,87004351,87004,-353654598,1491643373,-8.5165777206420898,29.576267242431641,1.9272081851959229,11042,0.018812673166394234,1.0312845706939697,-353654670,1491642150,-353650090,1491654820,0,-12.918169975280762,-5280,1.1196389198303223,-0.731525719165802,-3.7663850784301758,6422,110.21573638916016,0.00027181991026736796,-0.73182177543640137,0.00034015157143585384
87104311,87104311,87104,-353654672,1491643699,-8.2638387680053711,29.427865982055664,1.9229594469070435,11017,-0.0045572672970592976,1.0312874317169189,-353654670,1491642150,-353650090,1491654820,0,-12.994060516357422,-5295,1.1014436483383179,-0.7431187629699707,-5.7187457084655762,6320,109.45701599121094,0.00016732113726902753,-0.731525719165802,0.00027181991026736796
87205104,87205104,87205,-353654745,1491644025,-8.2581443786621094,29.188798904418945,1.9265680313110352,11038,-0.03332187607884407,1.0312932729721069,-353654670,1491642150,-353650090,1491654820,0,-13.17924976348877,-5336,1.0829893350601196,-0.76352286338806152,-7.6609287261962891,6213,108.62749481201172,2.6154419174417853e-05,-0.7431187629699707,0.00016732113726902753
87305064,87305064,87305,-353654820,1491644348,-8.4005813598632812,28.903726577758789,1.9335185289382935,11078,-0.065915115177631378,1.0312908887863159,-353654670,1491642150,-353650090,1491654820,0,-13.425978660583496,-5391,1.0642740726470947,-0.78937005996704102,-9.6124296188354492,6102,107.78681182861328,2.6154419174417853e-05,-0.76352286338806152,2.6154419174417853e-05
87405024,87405024,87405,-353654896,1491644668,-8.5393667221069336,28.614791870117188,1.9390997886657715,11110,-0.096876099705696106,1.0312956571578979,-353654670,1491642150,-353650090,1491654820,0,-13.661558151245117,-5445,1.0452288389205933,-0.81557869911193848,-11.563072204589844,5987,106.93470764160156,2.6154419174417853e-05,-0.78937005996704102,2.6154419174417853e-05
87504984,87504984,87504,-353654974,1491644986,-8.5339765548706055,28.397241592407227,1.937511682510376,11101,-0.12161630392074585,1.0312932729721069,-353654670,1491642150,-353650090,1491654820,0,-13.834639549255371,-5486,1.0258349180221558,-0.83689641952514648,-13.526708602905273,5866,106.18286895751953,2.6154419174417853e-05,-0.81557869911193848,2.6154419174417853e-05
87604944,87604944,87604,-353655050,1491645302,-8.2578210830688477,28.308095932006836,1.9261034727096558,11035,-0.13738276064395905,1.0312721729278564,-353654670,1491642150,-353650090,1491654820,0,-13.895362854003906,-5504,1.0066123008728027,-0.84802031517028809,-15.462635040283203,5742,105.59599304199219,2.6154419174417853e-05,-0.83689641952514648,2.6154419174417853e-05
87704904,87704904,87704,-353655123,1491645618,-7.7130975723266602,28.368255615234375,1.9042667150497437,10910,-0.1449199765920639,1.0312703847885132,-353654670,1491642150,-353650090,1491654820,0,-13.858089447021484,-5499,0.98783612251281738,-0.84843456745147705,-17.368030548095703,5615,105.2742919921875,2.6154419174417853e-05,-0.84802031517028809,2.6154419174417853e-05
87804864,87804864,87804,-353655189,1491645935,-6.8649373054504395,28.563730239868164,1.8713468313217163,10722,-0.14419923722743988,1.0312459468841553,-353654670,1491642150,-353650090,1491654820,0,-13.703829765319824,-5469,0.96997600793838501,-0.8366844654083252,-19.205865859985352,5487,105.19899749755859,2.6154419174417853e-05,-0.84843456745147705,2.6154419174417853e-05
87904824,87904824,87904,-353655246,1491646256,-5.7419424057006836,28.864395141601562,1.8300939798355103,10485,-0.13775129616260529,1.0312334299087524,-353654670,1491642150,-353650090,1491654820,0,-13.442361831665039,-5414,0.95328807830810547,-0.81387311220169067,-20.966827392578125,5357,105.38832855224609,2.6154419174417853e-05,-0.8366844654083252,2.6154419174417853e-05
88004784,88004784,88004,-353655293,1491646579,-4.4555215835571289,29.190433502197266,1.7847588062286377,10225,-0.12771908938884735,1.0311989784240723,-353654670,1491642150,-353650090,1491654820,0,-13.106135368347168,-5341,0.9378587007522583,-0.7844049334526062,-22.633373260498047,5225,105.74120330810547,2.6154419174417853e-05,-0.81387311220169067,2.6154419174417853e-05
88104744,88104744,88104,-353655326,1491646904,-3.0626900196075439,29.500125885009766,1.7361688613891602,9947,-0.11613066494464874,1.0312011241912842,-353654670,1491642150,-353650090,1491654820,0,-12.70523738861084,-5252,0.9240376353263855,-0.75020766258239746,-24.164806365966797,5096,106.20734405517578,2.6154419174417853e-05,-0.7844049334526062,2.6154419174417853e-05
88204704,88204704,88204,-353655347,1491647231,-1.5667924880981445,29.765142440795898,1.6846603155136108,9652,-0.10242551565170288,1.0311722755432129,-353654670,1491642150,-353650090,1491654820,0,-12.233572006225586,-5143,0.91154658794403076,-0.71183967590332031,-25.581470489501953,4966,106.73613739013672,2.6154419174417853e-05,-0.75020766258239746,2.6154419174417853e-05
88304664,88304664,88304,-353655353,1491647560,-0.06937088817358017,29.954311370849609,1.6356698274612427,9371,-0.089493528008460999,1.0311603546142578,-353654670,1491642150,-353650090,1491654820,0,-11.725374221801758,-5020,0.900543212890625,-0.67256903648376465,-26.85284423828125,4837,107.26627349853516,2.6154419174417853e-05,-0.71183967590332031,2.6154419174417853e-05
88404624,88404624,88404,-353655346,1491647890,1.3589408397674561,30.06048583984375,1.5890684127807617,9104,-0.07760920375585556,1.0311449766159058,-353654670,1491642150,-353650090,1491654820,0,-11.213107109069824,-4891,0.89075231552124023,-0.63486790657043457,-27.995594024658203,4708,107.75613403320312,2.6154419174417853e-05,-0.67256903648376465,2.6154419174417853e-05
88504584,88504584,88504,-353655327,1491648220,2.6879844665527344,30.084053039550781,1.5466862916946411,8861,-0.0678529292345047,1.0311499834060669,-353654670,1491642150,-353650090,1491654820,0,-10.711050987243652,-4758,0.8819739818572998,-0.59970980882644653,-29.016223907470703,4579,108.15975952148438,2.6154419174417853e-05,-0.63486790657043457,2.6154419174417853e-05
88604544,88604544,88604,-353655298,1491648550,3.8395237922668457,30.043352127075195,1.5106289386749268,8655,-0.062682732939720154,1.0311367511749268,-353654670,1491642150,-353650090,1491654820,0,-10.265281677246094,-4636,0.87394118309020996,-0.56974470615386963,-29.935085296630859,4447,108.45985412597656,2.6154419174417853e-05,-0.59970980882644653,2.6154419174417853e-05
88704504,88704504,88704,-353655258,1491648879,4.7793307304382324,29.965021133422852,1.4817183017730713,8489,-0.06186574324965477,1.0311317443847656,-353654670,1491642150,-353650090,1491654820,0,-9.8979120254516602,-4532,0.86677348613739014,-0.54585802555084229,-30.738317489624023,4315,108.66063690185547,2.6154419174417853e-05,-0.56974470615386963,2.6154419174417853e-05
88804464,88804464,88804,-353655211,1491649207,5.5354804992675781,29.868825912475586,1.4577722549438477,8352,-0.064968273043632507,1.0311292409896851,-353654670,1491642150,-353650090,1491654820,0,-9.6067037582397461,-4447,0.86011326313018799,-0.5274357795715332,-31.466640472412109,4179,108.78117370605469,2.6154419174417853e-05,-0.54585802555084229,2.6154419174417853e-05
88904424,88904424,88904,-353655158,1491649534,6.1241335868835449,29.760641098022461,1.437879204750061,8238,-0.072956740856170654,1.0311164855957031,-353654670,1491642150,-353650090,1491654820,0,-9.3871135711669922,-4382,0.85380357503890991,-0.5140460729598999,-32.130222320556641,4039,108.80547332763672,2.6154419174417853e-05,-0.5274357795715332,2.6154419174417853e-05
89004384,89004384,89004,-353655100,1491649861,6.594627857208252,29.655342102050781,1.4224809408187866,8150,-0.083495654165744781,1.0311002731323242,-353654670,1491642150,-353650090,1491654820,0,-9.2203435897827148,-4333,0.84785765409469604,-0.50412344932556152,-32.742916107177734,3891,108.7894287109375,2.6154419174417853e-05,-0.5140460729598999,2.6154419174417853e-05
89104344,89104344,89104,-353655039,1491650186,6.9455375671386719,29.543802261352539,1.4103877544403076,8080,-0.095454141497612,1.0310952663421631,-353654670,1491642150,-353650090,1491654820,0,-9.1071243286132812,-4301,0.84198892116546631,-0.49790745973587036,-33.317726135253906,3737,108.68023681640625,2.6154419174417853e-05,-0.50412344932556152,2.6154419174417853e-05
89205137,89205137,89205,-353654975,1491650510,7.2866830825805664,29.427997589111328,1.3972594738006592,8005,-0.10599161684513092,1.0310865640640259,-353654670,1491642150,-353650090,1491654820,0,-8.992645263671875,-4268,0.83640676736831665,-0.49166107177734375,-33.858325958251953,3574,108.563720703125,2.6154419174417853e-05,-0.49790745973587036,2.6154419174417853e-05
89305097,89305097,89305,-353654907,1491650838,7.6846661567687988,29.31208610534668,1.3817404508590698,7916,-0.11514201760292053,1.0310795307159424,-353654670,1491642150,-353650090,1491654820,0,-8.8451442718505859,-4223,0.83125913143157959,-0.48314031958580017,-34.372936248779297,3399,108.51348876953125,2.6154419174417853e-05,-0.49166107177734375,2.6154419174417853e-05
89405057,89405057,89405,-353654836,1491651162,8.1150674819946289,29.180408477783203,1.3651061058044434,7821,-0.12257181853055954,1.0310759544372559,-353654670,1491642150,-353650090,1491654820,0,-8.6698274612426758,-4169,0.82652878761291504,-0.47302168607711792,-34.842296600341797,3215,108.46018218994141,2.6154419174417853e-05,-0.48314031958580017,2.6154419174417853e-05
89505017,89505017,89505,-353654760,1491651486,8.6241855621337891,29.037580490112305,1.3467226028442383,7716,-0.1254403293132782,1.031069278717041,-353654670,1491642150,-353650090,1491654820,0,-8.4426822662353516,-4094,0.82249045372009277,-0.45960289239883423,-35.260776519775391,3021,108.47242736816406,2.6154419174417853e-05,-0.47302168607711792,2.6154419174417853e-05
89604977,89604977,89604,-353654680,1491651808,9.2236776351928711,28.876605987548828,1.3247966766357422,7590,-0.12583491206169128,1.0310491323471069,-353654670,1491642150,-353650090,1491654820,0,-8.1555728912353516,-3997,0.81913799047470093,-0.44248437881469727,-35.631183624267578,2815,108.55378723144531,2.6154419174417853e-05,-0.45960289239883423,2.6154419174417853e-05
89704937,89704937,89704,-353654593,1491652129,9.865910530090332,28.704208374023438,1.3027403354644775,7464,-0.12485726177692413,1.0310394763946533,-353654670,1491642150,-353650090,1491654820,0,-7.8292412757873535,-3882,0.81669914722442627,-0.42303729057312012,-35.926677703857422,2599,108.69150543212891,2.6154419174417853e-05,-0.44248437881469727,2.6154419174417853e-05
89804897,89804897,89804,-353654501,1491652447,10.50266170501709,28.526552200317383,1.2818739414215088,7344,-0.12353262305259705,1.0310289859771729,-353654670,1491642150,-353650090,1491654820,0,-7.4918317794799805,-3758,0.81495648622512817,-0.40306925773620605,-36.160259246826172,2369,108.85669708251953,2.6154419174417853e-05,-0.42303729057312012,2.6154419174417853e-05
89904857,89904857,89904,-353654403,1491652764,11.135834693908691,28.347698211669922,1.2599310874938965,7218,-0.12144942581653595,1.0310016870498657,-353654670,1491642150,-353650090,1491654820,0,-7.1424903869628906,-3626,0.81398558616638184,-0.38250041007995605,-36.329097747802734,2125,109.06433868408203,2.6154419174417853e-05,-0.40306925773620605,2.6154419174417853e-05
90004817,90004817,90004,-353654300,1491653078,11.772063255310059,28.151409149169922,1.2380619049072266,7093,-0.11848311126232147,1.0310016870498657,-353654670,1491642150,-353650090,1491654820,0,-6.7739219665527344,-3482,0.8136095404624939,-0.36111578345298767,-36.436008453369141,1865,109.26899719238281,2.6154419174417853e-05,-0.38250041007995605,2.6154419174417853e-05
90104777,90104777,90104,-353654191,1491653387,12.37519359588623,27.946163177490234,1.2175949811935425,6976,-0.1146225780248642,1.0309879779815674,-353654670,1491642150,-353650090,1491654820,0,-6.4042820930480957,-3331,0.81392127275466919,-0.34000584483146667,-36.463474273681641,1591,109.44783020019531,2.6154419174417853e-05,-0.36111578345298767,2.6154419174417853e-05
90204737,90204737,90204,-353654078,1491653693,12.918248176574707,27.74113655090332,1.1982959508895874,6865,-0.11145421862602234,1.0309818983078003,-353654670,1491642150,-353650090,1491654820,0,-6.0555000305175781,-3185,0.81459379196166992,-0.32039317488670349,-36.439197540283203,1298,109.58355712890625,2.6154419174417853e-05,-0.34000584483146667,2.6154419174417853e-05
90304697,90304697,90304,-353653960,1491653997,13.403861999511719,27.539678573608398,1.1798381805419922,6759,-0.11119283735752106,1.0309684276580811,-353654670,1491642150,-353650090,1491654820,0,-5.7263522148132324,-3043,0.81570076942443848,-0.3021356463432312,-36.356674194335938,984,109.67980194091797,2.6154419174417853e-05,-0.32039317488670349,2.6154419174417853e-05
90404657,90404657,90404,-353653839,1491654297,13.791115760803223,27.353021621704102,1.1644505262374878,6671,-0.11431004852056503,1.0309510231018066,-353654670,1491642150,-353650090,1491654820,0,-5.4450197219848633,-2920,0.81698846817016602,-0.28681400418281555,-36.228900909423828,649,109.69647216796875,2.6154419174417853e-05,-0.3021356463432312,2.6154419174417853e-05
90504617,90504617,90504,-353653714,1491654595,14.114266395568848,27.174423217773438,1.1507843732833862,6593,-0.1178499311208725,1.0309354066848755,-353650090,1491654820,-353608940,1491649384,0,-17.489797592163086,-6089,-0.049215793609619141,-1.1409687995910645,6.3517775535583496,35458,109.65433502197266,0.00014202386955730617,-0.28681400418281555,2.6154419174417853e-05
90604577,90604577,90604,-353653588,1491654892,14.30205249786377,26.984197616577148,1.1377503871917725,6518,-0.12878009676933289,1.0309226512908936,-353650090,1491654820,-353609069,1491649401,0,-17.579647064208984,-6104,-0.074909210205078125,-1.1583347320556641,3.5209708213806152,35426,109.36356353759766,0.00020639944705180824,-1.1409687995910645,0.00014202386955730617
90704537,90704537,90704,-353653460,1491655185,14.347625732421875,26.752048492431641,1.1206071376800537,6420,-0.15099987387657166,1.0309265851974487,-353650090,1491654820,-353609184,1491649416,0,-17.628026962280273,-6119,-0.10044050216674805,-1.1789580583572388,0.72399163246154785,35393,108.70677185058594,0.00021971430396661162,-1.1583347320556641,0.00020639944705180824
90804497,90804497,90804,-353653333,1491655476,14.413207054138184,26.382528305053711,1.1081945896148682,6349,-0.17772038280963898,1.0308985710144043,-353650090,1491654820,-353609280,1491649429,0,-17.584745407104492,-6123,-0.12621402740478516,-1.1969996690750122,-2.0541207790374756,35361,107.65486145019531,0.00018156602163799107,-1.1789580583572388,0.00021971430396661162
90904457,90904457,90904,-353653204,1491655762,14.484598159790039,25.868391036987305,1.1054422855377197,6333,-0.20029093325138092,1.0308982133865356,-353650090,1491654820,-353609359,1491649439,0,-17.446521759033203,-6115,-0.15235376358032227,-1.2127120494842529,-4.7889471054077148,35329,106.16748046875,9.1356552729848772e-05,-1.1969996690750122,0.00018156602163799107
91004417,91004417,91004,-353653075,1491656041,14.54481029510498,25.257120132446289,1.1064460277557373,6339,-0.21454675495624542,1.0308729410171509,-353650090,1491654820,-353609419,1491649447,0,-17.242574691772461,-6093,-0.17891931533813477,-1.2272278070449829,-7.4609613418579102,35298,104.37046813964844,-5.1678995077963918e-05,-1.2127120494842529,9.1356552729848772e-05
91104377,91104377,91104,-353652945,1491656314,14.779671669006348,24.586843490600586,1.095054030418396,6274,-0.21675796806812286,1.0308456420898438,-353650090,1491654820,-353609461,1491649453,0,-17.019134521484375,-6063,-0.20564746856689453,-1.2352004051208496,-10.080258369445801,35267,102.72823333740234,-5.1678995077963918e-05,-1.2272278070449829,-5.1678995077963918e-05
91204337,91204337,91204,-353652811,1491656578,15.49747371673584,23.770029067993164,1.0586706399917603,6065,-0.20706027746200562,1.030820369720459,-353650090,1491654820,-353609490,1491649456,0,-16.773387908935547,-6022,-0.23192071914672852,-1.2249542474746704,-12.622262001037598,35236,101.61335754394531,-5.1678995077963918e-05,-1.2352004051208496,-5.1678995077963918e-05
91305130,91305130,91305,-353652668,1491656833,16.771167755126953,22.695606231689453,0.99604624509811401,5706,-0.19068832695484161,1.0307928323745728,-353650090,1491654820,-353609509,1491649459,0,-16.472160339355469,-5969,-0.25730180740356445,-1.1916995048522949,-15.094612121582031,35207,101.05506896972656,-5.1678995077963918e-05,-1.2249542474746704,-5.1678995077963918e-05
91405090,91405090,91405,-353652509,1491657075,18.416418075561523,21.259876251220703,0.91562914848327637,5246,-0.17012038826942444,1.0307742357254028,-353650090,1491654820,-353609526,1491649461,0,-16.048059463500977,-5894,-0.28168439865112305,-1.1386266946792603,-17.468255996704102,35178,100.72359466552734,-5.1678995077963918e-05,-1.1916995048522949,-5.1678995077963918e-05
91505050,91505050,91505,-353652334,1491657300,20.089563369750977,19.600873947143555,0.83126538991928101,4762,-0.14955544471740723,1.0307426452636719,-353650090,1491654820,-353609544,1491649463,0,-15.535496711730957,-5802,-0.30473756790161133,-1.0778241157531738,-19.707487106323242,35151,100.50935363769531,-5.1678995077963918e-05,-1.1386266946792603,-5.1678995077963918e-05
91605010,91605010,91605,-353652145,1491657506,21.582561492919922,17.928903579711914,0.75370502471923828,4318,-0.13145270943641663,1.0307267904281616,-353650090,1491654820,-353609561,1491649466,0,-15.014646530151367,-5707,-0.32599973678588867,-1.0191893577575684,-21.792530059814453,35125,100.47539520263672,-5.1678995077963918e-05,-1.0778241157531738,-5.1678995077963918e-05
91704970,91704970,91704,-353651943,1491657694,22.828723907470703,16.425491333007812,0.68786752223968506,3941,-0.1193116158246994,1.030705451965332,-353650090,1491654820,-353609577,1491649468,0,-14.565641403198242,-5623,-0.34523344039916992,-0.96893346309661865,-23.730144500732422,35100,100.71089935302734,-5.1678995077963918e-05,-1.0191893577575684,-5.1678995077963918e-05
91804930,91804930,91804,-353651731,1491657868,23.827608108520508,15.216717720031738,0.63771873712539673,3653,-0.11431851983070374,1.030676007270813,-353650090,1491654820,-353609586,1491649469,0,-14.248990058898926,-5563,-0.3625335693359375,-0.93086493015289307,-25.553308486938477,35077,101.24148559570312,-5.1678995077963918e-05,-0.96893346309661865,-5.1678995077963918e-05
91904890,91904890,91904,-353651509,1491658030,24.660032272338867,14.332612991333008,0.6001402735710144,3438,-0.1154901459813118,1.0306757688522339,-353650090,1491654820,-353609587,1491649469,0,-14.08527660369873,-5533,-0.3777461051940918,-0.90423369407653809,-27.280122756958008,35054,102.13919067382812,-5.1678995077963918e-05,-0.93086493015289307,-5.1678995077963918e-05
92004850,92004850,92004,-353651282,1491658184,25.406471252441406,13.673295021057129,0.56993699073791504,3265,-0.12180188298225403,1.030663013458252,-353650090,1491654820,-353609574,1491649467,0,-14.02996826171875,-5524,-0.39129018783569336,-0.88501441478729248,-28.940662384033203,35033,103.31923675537109,-5.1678995077963918e-05,-0.90423369407653809,-5.1678995077963918e-05
92104810,92104810,92104,-353651047,1491658332,26.077079772949219,13.13255786895752,0.54441899061203003,3119,-0.12949645519256592,1.0306363105773926,-353650090,1491654820,-353609545,1491649464,0,-14.027407646179199,-5526,-0.40395212173461914,-0.8704797625541687,-30.556924819946289,35012,104.55488586425781,-5.1678995077963918e-05,-0.88501441478729248,-5.1678995077963918e-05
92204770,92204770,92204,-353650807,1491658475,26.70448112487793,12.653454780578613,0.5217278003692627,2989,-0.13858766853809357,1.0306313037872314,-353650090,1491654820,-353609500,1491649458,0,-14.051580429077148,-5534,-0.41590166091918945,-0.85839712619781494,-32.133735656738281,34991,105.82037353515625,-5.1678995077963918e-05,-0.8704797625541687,-5.1678995077963918e-05
92304730,92304730,92304,-353650564,1491658611,27.272768020629883,12.179607391357422,0.4992365837097168,2860,-0.14682288467884064,1.0306060314178467,-353650090,1491654820,-353609438,1491649449,0,-14.067635536193848,-5540,-0.42743062973022461,-0.84744071960449219,-33.65081787109375,34970,106.95986175537109,-5.1678995077963918e-05,-0.85839712619781494,-5.1678995077963918e-05
92404690,92404690,92404,-353650316,1491658742,27.862678527832031,11.619931221008301,0.47204196453094482,2704,-0.15206433832645416,1.0305891036987305,-353650090,1491654820,-353609360,1491649439,0,-14.041200637817383,-5538,-0.43833827972412109,-0.83344972133636475,-35.128959655761719,34951,108.10498046875,-5.1678995077963918e-05,-0.84744071960449219,-5.1678995077963918e-05
92504650,92504650,92504,-353650063,1491658866,28.482692718505859,10.874444007873535,0.43912100791931152,2515,-0.15307286381721497,1.0305620431900024,-353650090,1491654820,-353609267,1491649427,0,-13.920049667358398,-5515,-0.44873857498168945,-0.8134499192237854,-36.549846649169922,34931,109.17707061767578,-5.1678995077963918e-05,-0.83344972133636475,-5.1678995077963918e-05
92604610,92604610,92604,-353649805,1491658980,29.157199859619141,9.9172487258911133,0.39884892106056213,2285,-0.14824545383453369,1.0305488109588623,-353650090,1491654820,-353609163,1491649413,0,-13.689940452575684,-5468,-0.45804834365844727,-0.78590363264083862,-37.886398315429688,34913,110.28590393066406,-5.1678995077963918e-05,-0.8134499192237854,-5.1678995077963918e-05
92704570,92704570,92704,-353649541,1491659082,29.851289749145508,8.6533670425415039,0.34960493445396423,2003,-0.13671499490737915,1.0305353403091431,-353650090,1491654820,-353609049,1491649398,0,-13.292688369750977,-5383,-0.46655416488647461,-0.74870306253433228,-39.121822357177734,34896,111.29785919189453,-5.1678995077963918e-05,-0.78590363264083862,-5.1678995077963918e-05
92804530,92804530,92804,-353649271,1491659168,30.549270629882812,7.1031832695007324,0.29323938488960266,1680,-0.11895111203193665,1.0305100679397583,-353650090,1491654820,-353608929,1491649382,0,-12.726540565490723,-5257,-0.47361087799072266,-0.70206725597381592,-40.219997406005859,34881,112.31478118896484,-5.1678995077963918e-05,-0.74870306253433228,-5.1678995077963918e-05
92904490,92904490,92904,-353648996,1491659236,31.147586822509766,5.3137845993041992,0.23263841867446899,1332,-0.096403218805789948,1.0305010080337524,-353650090,1491654820,-353608805,1491649366,0,-11.993854522705078,-5085,-0.4796905517578125,-0.64866381883621216,-41.161609649658203,34868,113.15058898925781,-5.1678995077963918e-05,-0.70206725597381592,-5.1678995077963918e-05
93004450,93004450,93004,-353648715,1491659282,31.615020751953125,3.3876810073852539,0.17009304463863373,974,-0.071320690214633942,1.0304844379425049,-353650090,1491654820,-353608680,1491649349,0,-11.133058547973633,-4869,-0.48434209823608398,-0.59108877182006836,-41.911956787109375,34856,113.86106872558594,-5.1678995077963918e-05,-0.64866381883621216,-5.1678995077963918e-05
93104410,93104410,93104,-353648431,1491659307,31.901712417602539,1.4628539085388184,0.11106828600168228,636,-0.048525366932153702,1.0304670333862305,-353650090,1491654820,-353608553,1491649333,0,-10.208309173583984,-4618,-0.48790836334228516,-0.53373146057128906,-42.476055145263672,34847,114.35964202880859,-5.1678995077963918e-05,-0.59108877182006836,-5.1678995077963918e-05
93204370,93204370,93204,-353648146,1491659313,32.042057037353516,-0.16829840838909149,0.06439758837223053,368,-0.034801635891199112,1.0304501056671143,-353650090,1491654820,-353608424,1491649315,0,-9.3867940902709961,-4376,-0.49029016494750977,-0.48503762483596802,-42.870338439941406,34840,114.74375915527344,-5.1678995077963918e-05,-0.53373146057128906,-5.1678995077963918e-05
93304330,93304330,93304,-353647859,1491659303,32.07684326171875,-1.3474984169006348,0.032983094453811646,188,-0.030513165518641472,1.0304539203643799,-353650090,1491654820,-353608289,1491649298,0,-8.7717790603637695,-4182,-0.49184846878051758,-0.44986489415168762,-43.122020721435547,34835,114.96804809570312,-5.1678995077963918e-05,-0.48503762483596802,-5.1678995077963918e-05
93405123,93405123,93405,-353647573,1491659283,32.108623504638672,-2.0868809223175049,0.013846139423549175,79,-0.034303102642297745,1.0304547548294067,-353650090,1491654820,-353608148,1491649279,0,-8.3830375671386719,-4054,-0.49246406555175781,-0.42756113409996033,-43.282684326171875,34831,115.22315216064453,-5.1678995077963918e-05,-0.44986489415168762,-5.1678995077963918e-05
93505083,93505083,93505,-353647281,1491659257,32.136249542236328,-2.4555423259735107,0.0051027089357376099,29,-0.049102619290351868,1.0304583311080933,-353650090,1491654820,-353607993,1491649259,0,-8.1941061019897461,-3991,-0.49284076690673828,-0.41657862067222595,-43.395973205566406,34828,115.41493225097656,-5.1678995077963918e-05,-0.42756113409996033,-5.1678995077963918e-05
93605043,93605043,93605,-353646991,1491659230,32.105587005615234,-2.5363867282867432,0.0021284851245582104,12,-0.071060888469219208,1.0304540395736694,-353650090,1491654820,-353607827,1491649237,0,-8.1636428833007812,-3984,-0.49410438537597656,-0.4152667224407196,-43.498096466064453,34825,115.32788848876953,-5.1678995077963918e-05,-0.41657862067222595,-5.1678995077963918e-05
93705003,93705003,93705,-353646700,1491659203,31.992143630981445,-2.5349862575531006,-0.0016236379742622375,35991,-0.094025261700153351,1.0304539203643799,-353650090,1491654820,-353607650,1491649213,0,-8.1753091812133789,-3994,-0.49652767181396484,-0.4174552857875824,-43.601772308349609,34822,114.92253112792969,-5.1678995077963918e-05,-0.4152667224407196,-5.1678995077963918e-05
93804963,93804963,93804,-353646412,1491659175,31.771467208862305,-2.5689945220947266,-0.0067838034592568874,35962,-0.11571057885885239,1.0304340124130249,-353650090,1491654820,-353607464,1491649189,0,-8.1571416854858398,-3994,-0.50017023086547852,-0.41948696970939636,-43.692092895507812,34819,114.14451599121094,-5.1678995077963918e-05,-0.4174552857875824,-5.1678995077963918e-05
93904923,93904923,93904,-353646125,1491659148,31.4462890625,-2.6253516674041748,-0.011780746281147003,35933,-0.13532814383506775,1.0304359197616577,-353650090,1491654820,-353607270,1491649163,0,-8.1214075088500977,-3988,-0.50532341003417969,-0.42202988266944885,-43.790882110595703,34816,113.00049591064453,-5.1678995077963918e-05,-0.41948696970939636,-5.1678995077963918e-05
94004883,94004883,94004,-353645842,1491659120,31.016576766967773,-2.7091660499572754,-0.016691064462065697,35905,-0.15409086644649506,1.0304137468338013,-353650090,1491654820,-353607071,1491649137,0,-8.0608386993408203,-3975,-0.51183414459228516,-0.42470932006835938,-43.875396728515625,34814,111.49282836914062,-5.1678995077963918e-05,-0.42202988266944885,-5.1678995077963918e-05
94104843,94104843,94104,-353645564,1491659091,30.483034133911133,-2.7769176959991455,-0.02022705040872097,35885,-0.17372593283653259,1.0304011106491089,-353650090,1491654820,-353606869,1491649110,0,-8.0007972717285156,-3963,-0.51989650726318359,-0.42904993891716003,-43.945404052734375,34812,109.61133575439453,-5.1678995077963918e-05,-0.42470932006835938,-5.1678995077963918e-05
94204803,94204803,94204,-353645292,1491659062,29.887760162353516,-2.8281989097595215,-0.0230864267796278,35868,-0.19403044879436493,1.0303874015808105,-353650090,1491654820,-353606667,1491649083,0,-7.9453434944152832,-3954,-0.52913093566894531,-0.4347844123840332,-44.008293151855469,34810,107.50577545166016,-5.1678995077963918e-05,-0.42904993891716003,-5.1678995077963918e-05
94304763,94304763,94304,-353645026,1491659032,29.315757751464844,-2.8600955009460449,-0.024931451305747032,35858,-0.21500071883201599,1.0303601026535034,-353650090,1491654820,-353606464,1491649056,0,-7.8998055458068848,-3950,-0.53826379776000977,-0.44100996851921082,-44.054904937744141,34809,105.47776031494141,-5.1678995077963918e-05,-0.4347844123840332,-5.1678995077963918e-05
94404723,94404723,94404,-353644766,1491659003,28.841878890991211,-2.9033429622650146,-0.027317972853779793,35844,-0.23473769426345825,1.0303418636322021,-353650090,1491654820,-353606261,1491649030,0,-7.8541231155395508,-3947,-0.54617738723754883,-0.44585117697715759,-44.102394104003906,34807,103.80435943603516,-5.1678995077963918e-05,-0.44100996851921082,-5.1678995077963918e-05
94504683,94504683,94504,-353644511,1491658973,28.498348236083984,-2.9877462387084961,-0.032465189695358276,35814,-0.25248196721076965,1.0303206443786621,-353650090,1491654820,-353606059,1491649003,0,-7.7914724349975586,-3936,-0.55200910568237305,-0.4475511908531189,-44.136013031005859,34806,102.61151123046875,-5.1678995077963918e-05,-0.44585117697715759,-5.1678995077963918e-05
94604643,94604643,94604,-353644258,1491658941,28.301467895507812,-3.1953818798065186,-0.042589601129293442,35756,-0.26440060138702393,1.0302937030792236,-353650090,1491654820,-353605855,1491648976,0,-7.6647424697875977,-3899,-0.55505084991455078,-0.44262164831161499,-44.148937225341797,34805,101.9910888671875,-5.1678995077963918e-05,-0.4475511908531189,-5.1678995077963918e-05
94704603,94704603,94704,-353644007,1491658907,28.203622817993164,-3.5350422859191895,-0.057530447840690613,35671,-0.27134528756141663,1.0302618741989136,-353650090,1491654820,-353605651,1491648949,0,-7.4652791023254395,-3831,-0.55593252182006836,-0.43124279379844666,-44.141429901123047,34805,101.78704071044922,-5.1678995077963918e-05,-0.44262164831161499,-5.1678995077963918e-05
94804563,94804563,94804,-353643756,1491658868,28.151334762573242,-3.985541820526123,-0.075989007949829102,35565,-0.27447530627250671,1.0302318334579468,-353650090,1491654820,-353605446,1491648922,0,-7.1959333419799805,-3731,-0.55522441864013672,-0.41458350419998169,-44.088638305664062,34805,101.81482696533203,-5.1678995077963918e-05,-0.43124279379844666,-5.1678995077963918e-05
94904523,94904523,94904,-353643506,1491658823,28.119489669799805,-4.548011302947998,-0.099026031792163849,35433,-0.27210095524787903,1.0301837921142578,-353650090,1491654820,-353605241,1491648895,0,-6.850886344909668,-3595,-0.55315637588500977,-0.3928062915802002,-43.980491638183594,34805,102.00407409667969,-5.1678995077963918e-05,-0.41458350419998169,-5.1678995077963918e-05
95004483,95004483,95004,-353643256,1491658771,28.102481842041016,-5.2604804039001465,-0.1262957751750946,35277,-0.26156160235404968,1.0301655530929565,-353650090,1491654820,-353605036,1491648868,0,-6.4036660194396973,-3405,-0.54953718185424805,-0.36448928713798523,-43.809158325195312,34807,102.38253784179688,-5.1678995077963918e-05,-0.3928062915802002,-5.1678995077963918e-05
95104443,95104443,95104,-353643006,1491658711,28.087574005126953,-6.0971746444702148,-0.15664651989936829,35103,-0.24523217976093292,1.0301194190979004,-353650090,1491654820,-353604830,1491648841,0,-5.8633098602294922,-3164,-0.54442977905273438,-0.33066904544830322,-43.565441131591797,34809,102.92376708984375,-5.1678995077963918e-05,-0.36448928713798523,-5.1678995077963918e-05
95204403,95204403,95204,-353642755,1491658640,28.067533493041992,-6.9556727409362793,-0.18721950054168701,34928,-0.22938054800033569,1.0300843715667725,-353650090,1491654820,-353604624,1491648813,0,-5.2836966514587402,-2895,-0.53799962997436523,-0.2950747013092041,-43.224983215332031,34813,103.54983520507812,-5.1678995077963918e-05,-0.33066904544830322,-5.1678995077963918e-05
95304363,95304363,95304,-353642505,1491658561,28.039897918701172,-7.7408084869384766,-0.21337857842445374,34778,-0.21597987413406372,1.0300700664520264,-353650090,1491654820,-353604419,1491648786,0,-4.7260513305664062,-2626,-0.53090620040893555,-0.26155099272727966,-42.809974670410156,34818,104.16645812988281,-5.1678995077963918e-05,-0.2950747013092041,-5.1678995077963918e-05
95404323,95404323,95404,-353642254,1491658474,28.021440505981445,-8.3802900314331055,-0.23294289410114288,34666,-0.20746669173240662,1.0300378799438477,-353650090,1491654820,-353604212,1491648759,0,-4.239018440246582,-2383,-0.52336788177490234,-0.23276729881763458,-42.323554992675781,34824,104.73577117919922,-5.1678995077963918e-05,-0.26155099272727966,-5.1678995077963918e-05
95505116,95505116,95505,-353642002,1491658379,28.014333724975586,-8.8659982681274414,-0.24831186234951019,34578,-0.20393426716327667,1.0300081968307495,-353650090,1491654820,-353604004,1491648731,0,-3.8316745758056641,-2175,-0.51556634902954102,-0.20905891060829163,-41.76739501953125,34830,105.22306060791016,-5.1678995077963918e-05,-0.23276729881763458,-5.1678995077963918e-05
95605076,95605076,95605,-353641751,1491658281,28.006990432739258,-9.2024765014648438,-0.26169893145561218,34501,-0.20581828057765961,1.0299782752990723,-353650090,1491654820,-353603794,1491648704,0,-3.5097942352294922,-2008,-0.50810098648071289,-0.19063666462898254,-41.181049346923828,34837,105.56789398193359,-5.1678995077963918e-05,-0.20905891060829163,-5.1678995077963918e-05
95705036,95705036,95705,-353641498,1491658179,27.996219635009766,-9.451777458190918,-0.27294701337814331,34437,-0.21037177741527557,1.029955267906189,-353650090,1491654820,-353603581,1491648676,0,-3.2357523441314697,-1864,-0.50077247619628906,-0.17517852783203125,-40.561893463134766,34845,105.81342315673828,-5.1678995077963918e-05,-0.19063666462898254,-5.1678995077963918e-05
95804996,95804996,95804,-353641246,1491658074,27.971988677978516,-9.6176357269287109,-0.2823006808757782,34383,-0.21821330487728119,1.0299466848373413,-353650090,1491654820,-353603367,1491648647,0,-3.0085487365722656,-1744,-0.49376296997070312,-0.16259439289569855,-39.915870666503906,34853,105.92283630371094,-5.1678995077963918e-05,-0.17517852783203125,-5.1678995077963918e-05
95904956,95904956,95904,-353640992,1491657968,27.944494247436523,-9.7430820465087891,-0.29122644662857056,34332,-0.22675633430480957,1.0299099683761597,-353650090,1491654820,-353603149,1491648618,0,-2.8050823211669922,-1635,-0.48691177368164062,-0.15143243968486786,-39.262374877929688,34861,105.97677612304688,-5.1678995077963918e-05,-0.16259439289569855,-5.1678995077963918e-05
96004916,96004916,96004,-353640739,1491657860,27.903196334838867,-9.8581085205078125,-0.2999168336391449,34282,-0.23509424924850464,1.0298985242843628,-353650090,1491654820,-353602929,1491648589,0,-2.603585958480835,-1526,-0.48009252548217773,-0.14048381149768829,-38.589210510253906,34869,105.97364807128906,-5.1678995077963918e-05,-0.15143243968486786,-5.1678995077963918e-05
96104876,96104876,96104,-353640486,1491657751,27.856252670288086,-9.9823875427246094,-0.30831247568130493,34234,-0.2409520149230957,1.0298748016357422,-353650090,1491654820,-353602707,1491648560,0,-2.3939120769500732,-1411,-0.47321271896362305,-0.12911543250083923,-37.906539916992188,34878,105.96446228027344,-5.1678995077963918e-05,-0.14048381149768829,-5.1678995077963918e-05
96204836,96204836,96204,-353640234,1491657640,27.750713348388672,-10.109179496765137,-0.31627023220062256,34188,-0.2445329874753952,1.0298382043838501,-353650090,1491654820,-353602485,1491648531,0,-2.1753120422363281,-1287,-0.46683645248413086,-0.1174921840429306,-37.204605102539062,34887,105.7633056640625,-5.1678995077963918e-05,-0.12911543250083923,-5.1678995077963918e-05
96304796,96304796,96304,-353639984,1491657529,27.562829971313477,-10.22011661529541,-0.32424023747444153,34143,-0.24535131454467773,1.0298086404800415,-353650090,1491654820,-353602262,1491648501,0,-1.9616693258285522,-1165,-0.46148443222045898,-0.10640662908554077,-36.501850128173828,34896,105.26884460449219,-5.1678995077963918e-05,-0.1174921840429306,-5.1678995077963918e-05
96404756,96404756,96404,-353639737,1491657417,27.292774200439453,-10.314189910888672,-0.33199387788772583,34098,-0.24338547885417938,1.0297929048538208,-353650090,1491654820,-353602041,1491648472,0,-1.7506130933761597,-1042,-0.45695829391479492,-0.095639407634735107,-35.785152435302734,34905,104.48125457763672,-5.1678995077963918e-05,-0.10640662908554077,-5.1678995077963918e-05
96504716,96504716,96504,-353639494,1491657304,26.968864440917969,-10.355631828308105,-0.33787283301353455,34065,-0.24540072679519653,1.0297592878341675,-353650090,1491654820,-353601822,1491648443,0,-1.5674173831939697,-935,-0.45308494567871094,-0.086460471153259277,-35.055156707763672,34914,103.45015716552734,-5.1678995077963918e-05,-0.095639407634735107,-5.1678995077963918e-05
96604676,96604676,96604,-353639254,1491657192,26.662206649780273,-10.344505310058594,-0.34182003140449524,34042,-0.25231149792671204,1.0297341346740723,-353650090,1491654820,-353601604,1491648414,0,-1.4202678203582764,-850,-0.44922685623168945,-0.079122185707092285,-34.330863952636719,34923,102.41133880615234,-5.1678995077963918e-05,-0.086460471153259277,-5.1678995077963918e-05
96704636,96704636,96704,-353639017,1491657080,26.404638290405273,-10.305205345153809,-0.34541121125221252,34021,-0.26368284225463867,1.0297025442123413,-353650090,1491654820,-353601387,1491648386,0,-1.2932919263839722,-777,-0.44478225708007812,-0.072682976722717285,-33.601280212402344,34933,101.500732421875,-5.1678995077963918e-05,-0.079122185707092285,-5.1678995077963918e-05
96804596,96804596,96804,-353638782,1491656968,26.198211669921875,-10.256606101989746,-0.34872797131538391,34002,-0.2767179012298584,1.0296690464019775,-353650090,1491654820,-353601170,1491648357,0,-1.1759830713272095,-710,-0.43973159790039062,-0.066573977470397949,-32.871292114257812,34942,100.7489013671875,-5.1678995077963918e-05,-0.072682976722717285,-5.1678995077963918e-05
96904556,96904556,96904,-353638548,1491656857,26.031503677368164,-10.227158546447754,-0.35244613885879517,33981,-0.28601199388504028,1.0296521186828613,-353650090,1491654820,-353600954,1491648328,0,-1.0505555868148804,-637,-0.43416786193847656,-0.059817731380462646,-32.149436950683594,34952,100.15462493896484,-5.1678995077963918e-05,-0.066573977470397949,-5.1678995077963918e-05
97004516,97004516,97004,-353638316,1491656746,25.908483505249023,-10.234417915344238,-0.35666626691818237,33957,-0.28633937239646912,1.0296268463134766,-353650090,1491654820,-353600738,1491648300,0,-0.90328383445739746,-548,-0.42783832550048828,-0.051630765199661255,-31.423130035400391,34961,99.754280090332031,-5.1678995077963918e-05,-0.059817731380462646,-5.1678995077963918e-05
97104476,97104476,97104,-353638085,1491656634,25.820323944091797,-10.282411575317383,-0.36249309778213501,33924,-0.27856928110122681,1.0295839309692383,-353650090,1491654820,-353600521,1491648271,0,-0.73079657554626465,-443,-0.42084074020385742,-0.041861772537231445,-30.688413619995117,34971,99.524185180664062,-5.1678995077963918e-05,-0.051630765199661255,-5.1678995077963918e-05
97204436,97204436,97204,-353637854,1491656522,25.756103515625,-10.355427742004395,-0.36793744564056396,33892,-0.26618865132331848,1.0295642614364624,-353650090,1491654820,-353600304,1491648243,0,-0.54318875074386597,-328,-0.41342592239379883,-0.031147509813308716,-29.951557159423828,34981,99.407814025878906,-5.1678995077963918e-05,-0.041861772537231445,-5.1678995077963918e-05
97304396,97304396,97304,-353637623,1491656409,25.705289840698242,-10.42889404296875,-0.37362036108970642,33860,-0.2525114119052887,1.0295326709747314,-353650090,1491654820,-353600085,1491648214,0,-0.35524052381515503,-214,-0.40580177307128906,-0.020382702350616455,-29.207248687744141,34990,99.337608337402344,-5.1678995077963918e-05,-0.031147509813308716,-5.1678995077963918e-05
97404356,97404356,97404,-353637393,1491656295,25.599485397338867,-10.468682289123535,-0.37794137001037598,33835,-0.2385827898979187,1.0295002460479736,-353650090,1491654820,-353599867,1491648185,0,-0.18380919098854065,-110,-0.39876794815063477,-0.010577559471130371,-28.453018188476562,35000,99.04046630859375,-5.1678995077963918e-05,-0.020382702350616455,-5.1678995077963918e-05
97504316,97504316,97504,-353637164,1491656181,25.409574508666992,-10.45152759552002,-0.38223698735237122,33810,-0.22366099059581757,1.0294787883758545,-353650090,1491654820,-353599649,1491648156,0,-0.043522972613573074,-26,-0.39274978637695312,-0.0025211572647094727,-27.697608947753906,35010,98.387947082519531,-5.1678995077963918e-05,-0.010577559471130371,-5.1678995077963918e-05
97605109,97605109,97605,-353636936,1491656066,25.111139297485352,-10.370944976806641,-0.38598227500915527,33789,-0.21166923642158508,1.029449462890625,-353650090,1491654820,-353599430,1491648127,0,0.064918525516986847,38,-0.38786125183105469,0.0038029849529266357,-26.931694030761719,35021,97.289932250976562,-5.1678995077963918e-05,-0.0025211572647094727,-5.1678995077963918e-05
97705069,97705069,97705,-353636711,1491655953,24.706932067871094,-10.219812393188477,-0.38841080665588379,33775,-0.20740403234958649,1.0294163227081299,-353650090,1491654820,-353599214,1491648099,0,0.13257972896099091,79,-0.38431882858276367,0.0078919827938079834,-26.178848266601562,35031,95.745498657226562,-5.1678995077963918e-05,0.0038029849529266357,-5.1678995077963918e-05
97805029,97805029,97805,-353636490,1491655842,24.185102462768555,-10.001763343811035,-0.39037024974822998,33764,-0.21354974806308746,1.0294038057327271,-353650090,1491654820,-353599000,1491648070,0,0.16165630519390106,96,-0.38230228424072266,0.0098308026790618896,-25.442237854003906,35040,93.720268249511719,-5.1678995077963918e-05,0.0078919827938079834,-5.1678995077963918e-05
97904989,97904989,97904,-353636273,1491655732,23.591341018676758,-9.7452573776245117,-0.39172011613845825,33756,-0.22973224520683289,1.0293879508972168,-353650090,1491654820,-353598790,1491648043,0,0.17101669311523438,102,-0.381072998046875,0.01066356897354126,-24.706405639648438,35050,91.404388427734375,-5.1678995077963918e-05,0.0098308026790618896,-5.1678995077963918e-05
98004949,98004949,98004,-353636062,1491655626,22.970138549804688,-9.4778604507446289,-0.39271515607833862,33750,-0.25272876024246216,1.0293619632720947,-353650090,1491654820,-353598585,1491648015,0,0.16880998015403748,101,-0.38052272796630859,0.010812431573867798,-24.003494262695312,35060,88.982803344726562,-5.1678995077963918e-05,0.01066356897354126,-5.1678995077963918e-05
98104909,98104909,98104,-353635857,1491655523,22.359409332275391,-9.2176284790039062,-0.3933919370174408,33747,-0.27622935175895691,1.0293347835540771,-353650090,1491654820,-353598385,1491647989,0,0.16781124472618103,101,-0.37997674942016602,0.0110434889793396,-23.317281723022461,35069,86.605682373046875,-5.1678995077963918e-05,0.010812431573867798,-5.1678995077963918e-05
98204869,98204869,98204,-353635657,1491655422,21.794473648071289,-8.9768877029418945,-0.3936195969581604,33745,-0.29309356212615967,1.0293246507644653,-353650090,1491654820,-353598189,1491647963,0,0.17368952929973602,105,-0.37898445129394531,0.011728137731552124,-22.644443511962891,35078,84.406791687011719,-5.1678995077963918e-05,0.0110434889793396,-5.1678995077963918e-05
98304829,98304829,98304,-353635462,1491655324,21.309003829956055,-8.7656869888305664,-0.39331722259521484,33747,-0.29772606492042542,1.0292961597442627,-353650090,1491654820,-353597998,1491647938,0,0.18953980505466461,115,-0.37716913223266602,0.013092488050460815,-21.991874694824219,35087,82.511314392089844,-5.1678995077963918e-05,0.011728137731552124,-5.1678995077963918e-05
98404789,98404789,98404,-353635271,1491655228,20.911722183227539,-8.5863990783691406,-0.39252921938896179,33751,-0.28810268640518188,1.0292668342590332,-353650090,1491654820,-353597810,1491647913,0,0.21719436347484589,132,-0.37432050704956055,0.015291988849639893,-21.35357666015625,35095,80.951393127441406,-5.1678995077963918e-05,0.013092488050460815,-5.1678995077963918e-05
98504749,98504749,98504,-353635084,1491655134,20.580787658691406,-8.429962158203125,-0.39146384596824646,33758,-0.26594641804695129,1.0292407274246216,-353650090,1491654820,-353597626,1491647889,0,0.25287052989006042,153,-0.37066078186035156,0.018096745014190674,-20.727367401123047,35104,79.642387390136719,-5.1678995077963918e-05,0.015291988849639893,-5.1678995077963918e-05
98604709,98604709,98604,-353634901,1491655042,20.279457092285156,-8.2830410003662109,-0.39034190773963928,33764,-0.2362201064825058,1.0292048454284668,-353650090,1491654820,-353597445,1491647865,0,0.28989562392234802,174,-0.36670160293579102,0.021063685417175293,-20.115444183349609,35112,78.444465637207031,-5.1678995077963918e-05,0.018096745014190674,-5.1678995077963918e-05
98704669,98704669,98704,-353634721,1491654952,19.970121383666992,-8.130976676940918,-0.38928502798080444,33770,-0.20546624064445496,1.029187798500061,-353650090,1491654820,-353597267,1491647841,0,0.32120215892791748,191,-0.36294984817504883,0.023711055517196655,-19.519021987915039,35120,77.213119506835938,-5.1678995077963918e-05,0.021063685417175293,-5.1678995077963918e-05
98804629,98804629,98804,-353634543,1491654864,19.633310317993164,-7.9665923118591309,-0.38835352659225464,33775,-0.17994442582130432,1.0291626453399658,-353650090,1491654820,-353597090,1491647818,0,0.34416490793228149,204,-0.35961484909057617,0.025854974985122681,-18.936023712158203,35128,75.874114990234375,-5.1678995077963918e-05,0.023711055517196655,-5.1678995077963918e-05
98904589,98904589,98904,-353634370,1491654778,19.268386840820312,-7.7904510498046875,-0.387571781873703,33780,-0.16406618058681488,1.0291575193405151,-353650090,1491654820,-353596918,1491647795,0,0.35883289575576782,212,-0.35673666000366211,0.027481749653816223,-18.366838455200195,35135,74.426116943359375,-5.1678995077963918e-05,0.025854974985122681,-5.1678995077963918e-05
99004549,99004549,99004,-353634199,1491654694,18.887729644775391,-7.6093430519104004,-0.38697254657745361,33783,-0.15932357311248779,1.0291292667388916,-353650090,1491654820,-353596748,1491647773,0,0.36904001235961914,218,-0.35413217544555664,0.028847873210906982,-17.811368942260742,35143,72.919334411621094,-5.1678995077963918e-05,0.027481749653816223,-5.1678995077963918e-05
99104509,99104509,99104,-353634032,1491654611,18.504400253295898,-7.4303245544433594,-0.38654673099517822,33786,-0.16454055905342102,1.0291342735290527,-353650090,1491654820,-353596581,1491647751,0,0.37973585724830627,224,-0.35152292251586914,0.030313268303871155,-17.261207580566406,35150,71.406570434570312,-5.1678995077963918e-05,0.028847873210906982,-5.1678995077963918e-05
99204469,99204469,99204,-353633868,1491654531,18.129117965698242,-7.2584891319274902,-0.386208176612854,33788,-0.17629452049732208,1.029120922088623,-353650090,1491654820,-353596417,1491647729,0,0.38998478651046753,231,-0.34904241561889648,0.031789138913154602,-16.735607147216797,35157,69.930221557617188,-5.1678995077963918e-05,0.030313268303871155,-5.1678995077963918e-05
99304429,99304429,99304,-353633708,1491654452,17.77082633972168,-7.0964517593383789,-0.38573014736175537,33790,-0.18982769548892975,1.0291098356246948,-353650090,1491654820,-353596257,1491647708,0,0.40490284562110901,240,-0.34624671936035156,0.033683449029922485,-16.212993621826172,35165,68.523452758789062,-5.1678995077963918e-05,0.031789138913154602,-5.1678995077963918e-05
99404389,99404389,99404,-353633551,1491654375,17.438785552978516,-6.9442901611328125,-0.38494724035263062,33795,-0.20031046867370605,1.0290957689285278,-353650090,1491654820,-353596100,1491647687,0,0.42144611477851868,251,-0.34322023391723633,0.035741865634918213,-15.705938339233398,35171,67.217170715332031,-5.1678995077963918e-05,0.033683449029922485,-5.1678995077963918e-05
99504349,99504349,99504,-353633396,1491654299,17.141016006469727,-6.8022856712341309,-0.38378402590751648,33802,-0.20399326086044312,1.0290802717208862,-353650090,1491654820,-353595944,1491647667,0,0.44147941470146179,263,-0.33967113494873047,0.038110241293907166,-15.203136444091797,35178,66.038436889648438,-5.1678995077963918e-05,0.035741865634918213,-5.1678995077963918e-05
99605142,99605142,99605,-353633243,1491654225,16.878717422485352,-6.6683568954467773,-0.38220638036727905,33811,-0.199008509516716,1.0290660858154297,-353650090,1491654820,-353595791,1491647646,0,0.46041890978813171,274,-0.33586502075195312,0.040388450026512146,-14.719856262207031,35185,64.988548278808594,-5.1678995077963918e-05,0.038110241293907166,-5.1678995077963918e-05
99705102,99705102,99705,-353633091,1491654151,16.650466918945312,-6.5407848358154297,-0.38024860620498657,33822,-0.18564940989017487,1.02904212474823,-353650090,1491654820,-353595638,1491647626,0,0.4818882942199707,286,-0.33142375946044922,0.042885571718215942,-14.232620239257812,35191,64.060623168945312,-5.1678995077963918e-05,0.040388450026512146,-5.1678995077963918e-05
99805062,99805062,99805,-353632941,1491654079,16.438127517700195,-6.4132347106933594,-0.37801626324653625,33835,-0.16634535789489746,1.0290429592132568,-353650090,1491654820,-353595487,1491647606,0,0.49920463562011719,295,-0.32693815231323242,0.0450429767370224,-13.761780738830566,35198,63.186058044433594,-5.1678995077963918e-05,0.042885571718215942,-5.1678995077963918e-05
99905022,99905022,99905,-353632792,1491654008,16.229841232299805,-6.2825298309326172,-0.37560015916824341,33848,-0.14436222612857819,1.0290251970291138,-353650090,1491654820,-353595336,1491647586,0,0.51275420188903809,302,-0.32242536544799805,0.046908855438232422,-13.29877758026123,35204,62.321300506591797,-5.1678995077963918e-05,0.0450429767370224,-5.1678995077963918e-05
100004982,100004982,100004,-353632646,1491653939,16.008399963378906,-6.1444945335388184,-0.37304818630218506,33863,-0.12323229759931564,1.0290118455886841,-353650090,1491654820,-353595189,1491647567,0,0.52020251750946045,305,-0.31818628311157227,0.048302575945854187,-12.848909378051758,35210,61.403602600097656,-5.1678995077963918e-05,0.046908855438232422,-5.1678995077963918e-05
100104942,100104942,100104,-353632501,1491653871,15.775344848632812,-6.0025467872619629,-0.37049123644828796,33878,-0.10621092468500137,1.0290019512176514,-353650090,1491654820,-353595043,1491647547,0,0.52377676963806152,307,-0.31417655944824219,0.049408644437789917,-12.410101890563965,35216,60.442562103271484,-5.1678995077963918e-05,0.048302575945854187,-5.1678995077963918e-05
100204902,100204902,100204,-353632359,1491653804,15.529034614562988,-5.857947826385498,-0.36808231472969055,33892,-0.095471955835819244,1.0289862155914307,-353650090,1491654820,-353594899,1491647529,0,0.52675682306289673,308,-0.31018686294555664,0.050533667206764221,-11.971765518188477,35222,59.434288024902344,-5.1678995077963918e-05,0.049408644437789917,-5.1678995077963918e-05
100304862,100304862,100304,-353632218,1491653739,15.27978515625,-5.717404842376709,-0.36591064929962158,33904,-0.091783337295055389,1.0289983749389648,-353650090,1491654820,-353594757,1491647510,0,0.52868568897247314,309,-0.30645370483398438,0.051598682999610901,-11.553913116455078,35228,58.421749114990234,-5.1678995077963918e-05,0.050533667206764221,-5.1678995077963918e-05
100404822,100404822,100404,-353632081,1491653676,15.031111717224121,-5.5824456214904785,-0.36395728588104248,33915,-0.094246111810207367,1.0289946794509888,-353650090,1491654820,-353594618,1491647491,0,0.53151446580886841,311,-0.30282211303710938,0.052782207727432251,-11.150510787963867,35233,57.418529510498047,-5.1678995077963918e-05,0.051598682999610901,-5.1678995077963918e-05
100504782,100504782,100504,-353631946,1491653615,14.786855697631836,-5.4548239707946777,-0.36210677027702332,33926,-0.10059372335672379,1.0289708375930786,-353650090,1491654820,-353594481,1491647473,0,0.5364270806312561,314,-0.29921388626098633,0.054195374250411987,-10.760640144348145,35238,56.439598083496094,-5.1678995077963918e-05,0.052782207727432251,-5.1678995077963918e-05
100604742,100604742,100604,-353631814,1491653555,14.552495956420898,-5.334113597869873,-0.36019468307495117,33937,-0.10787195712327957,1.0289838314056396,-353650090,1491654820,-353594348,1491647456,0,0.54440343379974365,319,-0.29540443420410156,0.055931404232978821,-10.37482738494873,35244,55.502738952636719,-5.1678995077963918e-05,0.054195374250411987,-5.1678995077963918e-05
100704702,100704702,100704,-353631684,1491653496,14.331122398376465,-5.2197213172912598,-0.35803982615470886,33949,-0.11313386261463165,1.0289696455001831,-353650090,1491654820,-353594216,1491647438,0,0.55356228351593018,325,-0.29149293899536133,0.057796135544776917,-9.9989805221557617,35249,54.617565155029297,-5.1678995077963918e-05,0.055931404232978821,-5.1678995077963918e-05
100804662,100804662,100804,-353631557,1491653439,14.124236106872559,-5.1089797019958496,-0.35551667213439941,33964,-0.11405554413795471,1.0289657115936279,-353650090,1491654820,-353594087,1491647421,0,0.56184017658233643,330,-0.2875056266784668,0.059569567441940308,-9.6358375549316406,35254,53.785858154296875,-5.1678995077963918e-05,0.057796135544776917,-5.1678995077963918e-05
100904622,100904622,100904,-353631431,1491653383,13.930965423583984,-4.9999175071716309,-0.35263064503669739,33980,-0.10946653783321381,1.0289528369903564,-353650090,1491654820,-353593959,1491647404,0,0.56873327493667603,333,-0.28339338302612305,0.061193808913230896,-9.2809152603149414,35259,53.002346038818359,-5.1678995077963918e-05,0.059569567441940308,-5.1678995077963918e-05
101004582,101004582,101004,-353631307,1491653328,13.746977806091309,-4.8895120620727539,-0.34942713379859924,33998,-0.099565744400024414,1.0289632081985474,-353650090,1491654820,-353593833,1491647388,0,0.5734020471572876,336,-0.27913761138916016,0.062587648630142212,-8.9304313659667969,35263,52.248878479003906,-5.1678995077963918e-05,0.061193808913230896,-5.1678995077963918e-05
101104542,101104542,101104,-353631184,1491653274,13.566703796386719,-4.776425838470459,-0.34600549936294556,34018,-0.08583667129278183,1.0289443731307983,-353650090,1491654820,-353593709,1491647371,0,0.57385098934173584,336,-0.27497529983520508,0.063542336225509644,-8.5915708541870117,35268,51.505203247070312,-5.1678995077963918e-05,0.062587648630142212,-5.1678995077963918e-05
101204502,101204502,101204,-353631063,1491653222,13.383429527282715,-4.6596097946166992,-0.34245294332504272,34038,-0.070672892034053802,1.0289452075958252,-353650090,1491654820,-353593586,1491647355,0,0.56991636753082275,333,-0.27098751068115234,0.064049527049064636,-8.2657670974731445,35272,50.747539520263672,-5.1678995077963918e-05,0.063542336225509644,-5.1678995077963918e-05
101304462,101304462,101304,-353630944,1491653171,13.194155693054199,-4.5404157638549805,-0.33886799216270447,34059,-0.056801591068506241,1.028933048248291,-353650090,1491654820,-353593465,1491647339,0,0.56353241205215454,329,-0.26710844039916992,0.064321234822273254,-7.9474010467529297,35277,49.967418670654297,-5.1678995077963918e-05,0.064049527049064636,-5.1678995077963918e-05
101404422,101404422,101404,-353630827,1491653121,12.998794555664062,-4.4205961227416992,-0.33538755774497986,34079,-0.0466591976583004,1.0289313793182373,-353650090,1491654820,-353593346,1491647323,0,0.55582857131958008,324,-0.26333236694335938,0.064475446939468384,-7.6364831924438477,35281,49.166606903076172,-5.1678995077963918e-05,0.064321234822273254,-5.1678995077963918e-05
101504382,101504382,101504,-353630711,1491653073,12.801248550415039,-4.304069995880127,-0.33212786912918091,34098,-0.041809290647506714,1.0289231538772583,-353650090,1491654820,-353593228,1491647308,0,0.54797446727752686,320,-0.25972747802734375,0.064621046185493469,-7.3397703170776367,35285,48.362808227539062,-5.1678995077963918e-05,0.064475446939468384,-5.1678995077963918e-05
101604342,101604342,101604,-353630597,1491653025,12.605873107910156,-4.1931910514831543,-0.32913887500762939,34115,-0.042663104832172394,1.0289231538772583,-353650090,1491654820,-353593112,1491647292,0,0.54315757751464844,317,-0.25600767135620117,0.065116614103317261,-7.0445480346679688,35289,47.573360443115234,-5.1678995077963918e-05,0.064621046185493469,-5.1678995077963918e-05
101705135,101705135,101705,-353630484,1491652979,12.417851448059082,-4.090080738067627,-0.32637560367584229,34131,-0.048322346061468124,1.028928279876709,-353650090,1491654820,-353592997,1491647277,0,0.54036778211593628,315,-0.25235223770141602,0.065828189253807068,-6.7635250091552734,35293,46.818138122558594,-5.1678995077963918e-05,0.065116614103317261,-5.1678995077963918e-05
101805095,101805095,101805,-353630372,1491652934,12.238193511962891,-3.9938044548034668,-0.32370632886886597,34146,-0.05697418749332428,1.0289294719696045,-353650090,1491654820,-353592883,1491647262,0,0.53987157344818115,315,-0.24864816665649414,0.066794559359550476,-6.4907341003417969,35297,46.099391937255859,-5.1678995077963918e-05,0.065828189253807068,-5.1678995077963918e-05
101905055,101905055,101905,-353630262,1491652890,12.076935768127441,-3.9072253704071045,-0.32102662324905396,34161,-0.066055081784725189,1.028928279876709,-353650090,1491654820,-353592772,1491647247,0,0.54282099008560181,317,-0.24478530883789062,0.068114504218101501,-6.2258186340332031,35300,45.454383850097656,-5.1678995077963918e-05,0.066794559359550476,-5.1678995077963918e-05
102005015,102005015,102005,-353630153,1491652846,11.927157402038574,-3.8249773979187012,-0.31817305088043213,34178,-0.073157407343387604,1.0289291143417358,-353650090,1491654820,-353592661,1491647233,0,0.54858911037445068,321,-0.240570068359375,0.069763049483299255,-5.9565963745117188,35304,44.853557586669922,-5.1678995077963918e-05,0.068114504218101501,-5.1678995077963918e-05
102104975,102104975,102104,-353630045,1491652803,11.792527198791504,-3.747035026550293,-0.31510093808174133,34195,-0.076601840555667877,1.0289294719696045,-353650090,1491654820,-353592551,1491647218,0,0.55389750003814697,324,-0.23635149002075195,0.071305736899375916,-5.6987380981445312,35307,44.309402465820312,-5.1678995077963918e-05,0.069763049483299255,-5.1678995077963918e-05
102204935,102204935,102204,-353629938,1491652762,11.666340827941895,-3.669560432434082,-0.31179019808769226,34214,-0.075804024934768677,1.0289130210876465,-353650090,1491654820,-353592442,1491647204,0,0.55650836229324341,325,-0.23225927352905273,0.072485506534576416,-5.45501708984375,35311,43.794921875,-5.1678995077963918e-05,0.071305736899375916,-5.1678995077963918e-05
102304895,102304895,102304,-353629832,1491652721,11.549384117126465,-3.5929133892059326,-0.30824866890907288,34234,-0.071264714002609253,1.028907299041748,-353650090,1491654820,-353592334,1491647190,0,0.55912101268768311,327,-0.22796344757080078,0.073637723922729492,-5.2105178833007812,35314,43.313259124755859,-5.1678995077963918e-05,0.072485506534576416,-5.1678995077963918e-05
102404855,102404855,102404,-353629728,1491652681,11.433961868286133,-3.5139696598052979,-0.30452990531921387,34256,-0.064227290451526642,1.0289027690887451,-353650090,1491654820,-353592229,1491647176,0,0.55873650312423706,326,-0.2237553596496582,0.07441035658121109,-4.9739017486572266,35317,42.834865570068359,-5.1678995077963918e-05,0.073637723922729492,-5.1678995077963918e-05
102504815,102504815,102504,-353629624,1491652642,11.32030200958252,-3.4339127540588379,-0.30073288083076477,34277,-0.056419707834720612,1.0288960933685303,-353650090,1491654820,-353592123,1491647162,0,0.55602288246154785,325,-0.21964263916015625,0.07487662136554718,-4.7458992004394531,35320,42.361873626708984,-5.1678995077963918e-05,0.07441035658121109,-5.1678995077963918e-05
102604775,102604775,102604,-353629521,1491652603,11.203243255615234,-3.3521366119384766,-0.29694616794586182,34299,-0.049606706947088242,1.0289055109024048,-353650090,1491654820,-353592018,1491647148,0,0.55258357524871826,322,-0.21545553207397461,0.075277559459209442,-4.517120361328125,35324,41.876033782958984,-5.1678995077963918e-05,0.07487662136554718,-5.1678995077963918e-05
102704735,102704735,102704,-353629420,1491652566,11.082056999206543,-3.2703359127044678,-0.2932049036026001,34321,-0.045292440801858902,1.0289015769958496,-353650090,1491654820,-353591915,1491647134,0,0.54648703336715698,319,-0.21161127090454102,0.07534576952457428,-4.3048591613769531,35326,41.376602172851562,-5.1678995077963918e-05,0.075277559459209442,-5.1678995077963918e-05
102804695,102804695,102804,-353629321,1491652530,10.959511756896973,-3.1900362968444824,-0.28955152630805969,34341,-0.044401910156011581,1.0288958549499512,-353650090,1491654820,-353591815,1491647121,0,0.54067295789718628,315,-0.20778846740722656,0.075459882616996765,-4.0973148345947266,35329,40.874607086181641,-5.1678995077963918e-05,0.07534576952457428,-5.1678995077963918e-05
102904655,102904655,102904,-353629223,1491652495,10.83841609954834,-3.1130239963531494,-0.28601786494255066,34362,-0.047112207859754562,1.0288850069046021,-353650090,1491654820,-353591715,1491647108,0,0.53546714782714844,312,-0.20404577255249023,0.075646407902240753,-3.8975963592529297,35332,40.381427764892578,-5.1678995077963918e-05,0.075459882616996765,-5.1678995077963918e-05
103004615,103004615,103004,-353629126,1491652461,10.721859931945801,-3.0402119159698486,-0.28259220719337463,34381,-0.052781008183956146,1.0288817882537842,-353650090,1491654820,-353591617,1491647095,0,0.53105747699737549,310,-0.20038700103759766,0.075912982225418091,-3.7065563201904297,35335,39.908512115478516,-5.1678995077963918e-05,0.075646407902240753,-5.1678995077963918e-05
103104575,103104575,103104,-353629030,1491652428,10.612298965454102,-2.9722323417663574,-0.2791934609413147,34401,-0.060103364288806915,1.0288759469985962,-353650090,1491654820,-353591519,1491647082,0,0.52784520387649536,308,-0.19677495956420898,0.076302789151668549,-3.5233573913574219,35337,39.464851379394531,-5.1678995077963918e-05,0.075912982225418091,-5.1678995077963918e-05
103204535,103204535,103204,-353628936,1491652395,10.511195182800293,-2.9083268642425537,-0.27572831511497498,34421,-0.067340731620788574,1.0288889408111572,-353650090,1491654820,-353591424,1491647069,0,0.52561402320861816,307,-0.19315624237060547,0.076779164373874664,-3.3390560150146484,35340,39.054691314697266,-0.000222813367145136,0.076302789151668549,-5.1678995077963918e-05
103304495,103304495,103304,-353628842,1491652363,10.419282913208008,-2.8476591110229492,-0.27213507890701294,34441,-0.072694703936576843,1.0288873910903931,-353650090,1491654820,-353591328,1491647057,0,0.52403730154037476,306,-0.1894993782043457,0.077291928231716156,-3.1601047515869141,35342,38.679729461669922,-0.00038632872747257352,0.076779164373874664,-0.000222813367145136
103404455,103404455,103404,-353628749,1491652332,10.335942268371582,-2.788780689239502,-0.26835927367210388,34463,-0.074664130806922913,1.028867244720459,-353650090,1491654820,-353591234,1491647044,0,0.52085822820663452,304,-0.18602705001831055,0.077511347830295563,-2.9930953979492188,35344,38.336463928222656,-0.00054257403826341033,0.077291928231716156,-0.00038632872747257352
103504415,103504415,103504,-353628656,1491652302,10.259932518005371,-2.7306046485900879,-0.26435026526451111,34486,-0.072406947612762451,1.0288665294647217,-353650090,1491654820,-353591139,1491647032,0,0.51685559749603271,302,-0.18255615234375,0.077556774020195007,-2.8314208984375,35346,38.019622802734375,-0.00069159769918769598,0.077511347830295563,-0.00054257403826341033
103604375,103604375,103604,-353628565,1491652272,10.187839508056641,-2.6716270446777344,-0.26011598110198975,34510,-0.065989799797534943,1.0288747549057007,-353650090,1491654820,-353591047,1491647020,0,0.51230525970458984,299,-0.1789698600769043,0.077492542564868927,-2.6686534881591797,35349,37.716079711914062,-0.00083317217649891973,0.077556774020195007,-0.00069159769918769598
103704335,103704335,103704,-353628474,1491652243,10.116162300109863,-2.610990047454834,-0.25571462512016296,34535,-0.05633820965886116,1.0288542509078979,-353650090,1491654820,-353590955,1491647007,0,0.50449979305267334,294,-0.1756591796875,0.076928935945034027,-2.5182018280029297,35351,37.412998199462891,-0.0009678365895524621,0.077492542564868927,-0.00083317217649891973
103805128,103805128,103805,-353628383,1491652214,10.040831565856934,-2.5479879379272461,-0.25124490261077881,34561,-0.045072730630636215,1.0288542509078979,-353650090,1491654820,-353590862,1491646995,0,0.49628233909606934,290,-0.1721949577331543,0.076321959495544434,-2.3640270233154297,35353,37.095726013183594,-0.0010953785385936499,0.076928935945034027,-0.0009678365895524621
103905088,103905088,103905,-353628292,1491652186,9.9624948501586914,-2.4836359024047852,-0.24677272140979767,34587,-0.034182045608758926,1.0288448333740234,-353650090,1491654820,-353590770,1491646983,0,0.48582124710083008,283,-0.16894006729125977,0.07537841796875,-2.2193107604980469,35355,36.767463684082031,-0.0012161250924691558,0.076321959495544434,-0.0010953785385936499
104005048,104005048,104005,-353628202,1491652158,9.8776969909667969,-2.4190235137939453,-0.2424502968788147,34611,-0.025856629014015198,1.0288547277450562,-353650090,1491654820,-353590679,1491646971,0,0.47583138942718506,277,-0.1656336784362793,0.074537009000778198,-2.0738334655761719,35357,36.417167663574219,-0.0013300343416631222,0.07537841796875,-0.0012161250924691558
104105008,104105008,104105,-353628113,1491652132,9.7900934219360352,-2.355659008026123,-0.23831909894943237,34635,-0.021563993766903877,1.0288542509078979,-353650090,1491654820,-353590589,1491646959,0,0.46383631229400635,270,-0.1627497673034668,0.073378078639507294,-1.9456615447998047,35359,36.058784484863281,-0.0014379597268998623,0.074537009000778198,-0.0013300343416631222
104204968,104204968,104204,-353628024,1491652106,9.6997995376586914,-2.2943949699401855,-0.23441928625106812,34657,-0.021984323859214783,1.0288443565368652,-353650090,1491654820,-353590498,1491646947,0,0.45349541306495667,264,-0.15979623794555664,0.072475060820579529,-1.8170452117919922,35360,35.693359375,-0.0015397771494463086,0.073378078639507294,-0.0014379597268998623
104304928,104304928,104304,-353627936,1491652081,9.6130046844482422,-2.2369203567504883,-0.23075138032436371,34678,-0.026833536103367805,1.0288385152816772,-353650090,1491654820,-353590409,1491646935,0,0.44379803538322449,259,-0.15700340270996094,0.071625396609306335,-1.6971492767333984,35362,35.343753814697266,-0.0016358124557882547,0.072475060820579529,-0.0015397771494463086
104404888,104404888,104404,-353627849,1491652056,9.5303993225097656,-2.1835899353027344,-0.22724395990371704,34698,-0.034832634031772614,1.0288314819335938,-353650090,1491654820,-353590321,1491646924,0,0.43725878000259399,255,-0.15399408340454102,0.071236878633499146,-1.5731525421142578,35364,35.012557983398438,-0.0017256689025089145,0.071625396609306335,-0.0016358124557882547
104504848,104504848,104504,-353627763,1491652032,9.4563131332397461,-2.1344225406646729,-0.22377945482730865,34718,-0.04399171844124794,1.028835654258728,-353650090,1491654820,-353590234,1491646912,0,0.43066239356994629,251,-0.15123081207275391,0.070763193070888519,-1.4607830047607422,35365,34.714817047119141,-0.0018098191358149052,0.071236878633499146,-0.0017256689025089145
104604808,104604808,104604,-353627678,1491652009,9.3900604248046875,-2.0886306762695312,-0.22025258839130402,34739,-0.051941204816102982,1.0288301706314087,-353650090,1491654820,-353590148,1491646901,0,0.42489862442016602,248,-0.14850950241088867,0.070357337594032288,-1.3533344268798828,35367,34.447452545166016,-0.0018883817829191685,0.070763193070888519,-0.0018098191358149052
104704768,104704768,104704,-353627593,1491651986,9.3302192687988281,-2.0447652339935303,-0.2165856659412384,34760,-0.056366585195064545,1.0288361310958862,-353650090,1491654820,-353590062,1491646889,0,0.41927394270896912,245,-0.14582538604736328,0.069918721914291382,-1.2492561340332031,35368,34.204338073730469,-0.0019614154007285833,0.070357337594032288,-0.0018883817829191685
104804728,104804728,104804,-353627510,1491651963,9.2764787673950195,-2.0018718242645264,-0.21273079514503479,34782,-0.055555809289216995,1.02881920337677,-353650090,1491654820,-353589978,1491646878,0,0.41479656100273132,242,-0.14292049407958984,0.069620788097381592,-1.1403045654296875,35369,33.983646392822266,-0.0020285102073103189,0.069918721914291382,-0.0019614154007285833
104904688,104904688,104904,-353627427,1491651942,9.2260770797729492,-1.9585312604904175,-0.20866641402244568,34805,-0.048866461962461472,1.0288207530975342,-353650090,1491654820,-353589894,1491646867,0,0.40668487548828125,237,-0.14049673080444336,0.068680137395858765,-1.0494155883789062,35371,33.774673461914062,-0.0020906375721096992,0.069620788097381592,-0.0020285102073103189
105004648,105004648,105004,-353627344,1491651921,9.1750144958496094,-1.9136196374893188,-0.20442035794258118,34829,-0.036930833011865616,1.028822660446167,-353650090,1491654820,-353589811,1491646856,0,0.39758619666099548,232,-0.13805484771728516,0.067566081881523132,-0.9589691162109375,35372,33.562618255615234,-0.0021477674599736929,0.068680137395858765,-0.0020906375721096992
105104608,105104608,105104,-353627262,1491651900,9.11785888671875,-1.8659517765045166,-0.20007109642028809,34854,-0.021561162546277046,1.0288169384002686,-353650090,1491654820,-353589728,1491646845,0,0.38743120431900024,226,-0.13555812835693359,0.066302686929702759,-0.86733055114746094,35373,33.327640533447266,-0.0021998011507093906,0.067566081881523132,-0.0021477674599736929
105204568,105204568,105204,-353627181,1491651880,9.0506734848022461,-1.8155143260955811,-0.1957361251115799,34879,-0.005396250169724226,1.0288002490997314,-353650090,1491654820,-353589646,1491646834,0,0.37481111288070679,218,-0.13329935073852539,0.064667798578739166,-0.78397369384765625,35374,33.055973052978516,-0.0022472196724265814,0.066302686929702759,-0.0021998011507093906
105304528,105304528,105304,-353627101,1491651860,8.9717273712158203,-1.7629746198654175,-0.19154730439186096,34903,0.0085977595299482346,1.028795599937439,-353650090,1491654820,-353589565,1491646824,0,0.3625207245349884,211,-0.13088607788085938,0.063144952058792114,-0.69645500183105469,35376,32.742042541503906,-0.0022897478193044662,0.064667798578739166,-0.0022472196724265814
105404488,105404488,105404,-353627021,1491651841,8.8829059600830078,-1.7101318836212158,-0.18761073052883148,34926,0.017817093059420586,1.0287920236587524,-353650090,1491654820,-353589484,1491646813,0,0.34849724173545837,203,-0.12883949279785156,0.061352778226137161,-0.62139320373535156,35377,32.393695831298828,-0.0023280999157577753,0.063144952058792114,-0.0022897478193044662
105504448,105504448,105504,-353626942,1491651823,8.788395881652832,-1.658724308013916,-0.18398174643516541,34946,0.020590914413332939,1.0288052558898926,-353650090,1491654820,-353589405,1491646803,0,0.33492246270179749,195,-0.12690925598144531,0.059636414051055908,-0.55162811279296875,35378,32.026767730712891,-0.0023625358007848263,0.061352778226137161,-0.0023280999157577753
105604408,105604408,105604,-353626864,1491651805,8.6942272186279297,-1.6107501983642578,-0.18065562844276428,34965,0.016630830243229866,1.0288043022155762,-353650090,1491654820,-353589326,1491646792,0,0.32303237915039062,188,-0.12501239776611328,0.058177091181278229,-0.48411369323730469,35378,31.663717269897461,-0.0023931032046675682,0.059636414051055908,-0.0023625358007848263
105704368,105704368,105704,-353626787,1491651788,8.6054401397705078,-1.5670734643936157,-0.17755793035030365,34983,0.0071050389669835567,1.0288017988204956,-353650090,1491654820,-353589249,1491646782,0,0.3126099705696106,182,-0.12321710586547852,0.056911531835794449,-0.421905517578125,35379,31.322748184204102,-0.0024200323969125748,0.058177091181278229,-0.0023931032046675682
105804328,105804328,105804,-353626710,1491651771,8.5260610580444336,-1.5281350612640381,-0.17458359897136688,35000,-0.005663272924721241,1.0287951231002808,-353650090,1491654820,-353589171,1491646772,0,0.30461904406547546,177,-0.12134790420532227,0.0560002401471138,-0.35922622680664062,35380,31.018230438232422,-0.0024431860074400902,0.056911531835794449,-0.0024200323969125748
105905121,105905121,105905,-353626634,1491651755,8.4581232070922852,-1.4930193424224854,-0.17163451015949249,35017,-0.01863526925444603,1.0287988185882568,-353650090,1491654820,-353589094,1491646762,0,0.29678809642791748,173,-0.11969566345214844,0.055023603141307831,-0.30484199523925781,35381,30.756681442260742,-0.0024630092084407806,0.0560002401471138,-0.0024431860074400902
106005081,106005081,106005,-353626558,1491651739,8.4015884399414062,-1.4609191417694092,-0.16858826577663422,35035,-0.028612527996301651,1.0287944078445435,-353650090,1491654820,-353589018,1491646751,0,0.28930798172950745,169,-0.11814355850219727,0.054020922631025314,-0.25438690185546875,35382,30.537433624267578,-0.0024796633515506983,0.055023603141307831,-0.0024630092084407806
106105041,106105041,106105,-353626483,1491651723,8.3591270446777344,-1.431316614151001,-0.16544699668884277,35053,-0.033001940697431564,1.0287773609161377,-353650090,1491654820,-353588942,1491646741,0,0.28332787752151489,165,-0.11638736724853516,0.053195931017398834,-0.19927215576171875,35382,30.36956787109375,-0.0024927812628448009,0.054020922631025314,-0.0024796633515506983
106205001,106205001,106205,-353626407,1491651708,8.3244504928588867,-1.4029366970062256,-0.16220802068710327,35071,-0.031708728522062302,1.0287785530090332,-353650090,1491654820,-353588866,1491646731,0,0.27580353617668152,161,-0.11494207382202148,0.052020993083715439,-0.15437126159667969,35383,30.230125427246094,-0.0025029901880770922,0.053195931017398834,-0.0024927812628448009
106304961,106304961,106304,-353626332,1491651693,8.2953910827636719,-1.3745672702789307,-0.15890634059906006,35090,-0.025977743789553642,1.0287837982177734,-353650090,1491654820,-353588791,1491646721,0,0.26803439855575562,156,-0.11345529556274414,0.050754953175783157,-0.10874557495117188,35384,30.110740661621094,-0.0025102102663367987,0.052020993083715439,-0.0025029901880770922
106404921,106404921,106404,-353626257,1491651678,8.2656335830688477,-1.3459126949310303,-0.15558522939682007,35109,-0.017390761524438858,1.0287762880325317,-353650090,1491654820,-353588715,1491646711,0,0.26024404168128967,152,-0.11193704605102539,0.049478843808174133,-0.062654495239257812,35384,29.988954544067383,-0.0025143870152533054,0.050754953175783157,-0.0025102102663367987
106504881,106504881,106504,-353626182,1491651663,8.2331962585449219,-1.3162158727645874,-0.15228717029094696,35128,-0.007373420987278223,1.0287749767303467,-353650090,1491654820,-353588640,1491646701,0,0.25191554427146912,147,-0.11042022705078125,0.048105444759130478,-0.017023086547851562,35385,29.857341766357422,-0.0025155269540846348,0.049478843808174133,-0.0025143870152533054
106604841,106604841,106604,-353626108,1491651649,8.194025993347168,-1.285826563835144,-0.14904485642910004,35147,0.0029899247456341982,1.0287668704986572,-353650090,1491654820,-353588565,1491646692,0,0.24294513463973999,141,-0.10901880264282227,0.046634368598461151,0.024286270141601562,35385,29.701776504516602,-0.002513892250135541,0.048105444759130478,-0.0025155269540846348
106704801,106704801,106704,-353626034,1491651635,8.1480913162231445,-1.2544629573822021,-0.14588697254657745,35165,0.012962426990270615,1.028765082359314,-353650090,1491654820,-353588491,1491646682,0,0.23307174444198608,136,-0.10774803161621094,0.045010469853878021,0.061616897583007812,35386,29.52198600769043,-0.00250971969217062,0.046634368598461151,-0.002513892250135541
106804761,106804761,106804,-353625961,1491651622,8.0943422317504883,-1.222887396812439,-0.14282909035682678,35182,0.022059740498661995,1.0287518501281738,-353650090,1491654820,-353588418,1491646672,0,0.22215239703655243,129,-0.10674142837524414,0.043204013258218765,0.090650558471679688,35386,29.314661026000977,-0.0025035375729203224,0.045010469853878021,-0.00250971969217062
106904721,106904721,106904,-353625888,1491651609,8.0319356918334961,-1.190838098526001,-0.13988010585308075,35199,0.030010631307959557,1.0287619829177856,-353650090,1491654820,-353588344,1491646662,0,0.21163386106491089,123,-0.10569620132446289,0.041494268923997879,0.12014198303222656,35387,29.07666015625,-0.0024952769745141268,0.043204013258218765,-0.0025035375729203224
107004681,107004681,107004,-353625816,1491651596,7.963470458984375,-1.1592525243759155,-0.13703915476799011,35215,0.036645695567131042,1.0287554264068604,-353650090,1491654820,-353588272,1491646653,0,0.20254838466644287,118,-0.10448694229125977,0.040069073438644409,0.15342903137207031,35387,28.817649841308594,-0.0024846328888088465,0.041494268923997879,-0.0024952769745141268
107104641,107104641,107104,-353625745,1491651584,7.8902435302734375,-1.1280947923660278,-0.13431176543235779,35231,0.041816793382167816,1.0287530422210693,-353650090,1491654820,-353588201,1491646643,0,0.19191524386405945,112,-0.10367965698242188,0.038331117480993271,0.17487525939941406,35387,28.542179107666016,-0.00247238390147686,0.040069073438644409,-0.0024846328888088465
107204601,107204601,107204,-353625675,1491651572,7.8147568702697754,-1.0981453657150269,-0.13169749081134796,35246,0.045434091240167618,1.0287424325942993,-353650090,1491654820,-353588131,1491646634,0,0.18300588428974152,107,-0.1026911735534668,0.036916650831699371,0.20058822631835938,35388,28.259487152099609,-0.002458193339407444,0.038331117480993271,-0.00247238390147686
107304561,107304561,107304,-353625606,1491651560,7.7381629943847656,-1.0692224502563477,-0.12919294834136963,35260,0.04742923378944397,1.0287383794784546,-353650090,1491654820,-353588061,1491646625,0,0.17503413558006287,102,-0.10163688659667969,0.035668954253196716,0.22750663757324219,35388,27.973533630371094,-0.0024419338442385197,0.036916650831699371,-0.002458193339407444
107404521,107404521,107404,-353625537,1491651549,7.6629304885864258,-1.0418188571929932,-0.12680211663246155,35274,0.047766979783773422,1.0287314653396606,-353650090,1491654820,-353587992,1491646616,0,0.16624744236469269,97,-0.1009063720703125,0.034220624715089798,0.24492073059082031,35388,27.69329833984375,-0.0024242526851594448,0.035668954253196716,-0.0024419338442385197
107504481,107504481,107504,-353625469,1491651538,7.5902643203735352,-1.0156393051147461,-0.12451647222042084,35287,0.046410243958234787,1.0287470817565918,-353650090,1491654820,-353587924,1491646607,0,0.15817205607891083,92,-0.10013914108276367,0.032878931611776352,0.26305389404296875,35389,27.422885894775391,-0.0024050751235336065,0.034220624715089798,-0.0024242526851594448
107604441,107604441,107604,-353625402,1491651527,7.52197265625,-0.99122804403305054,-0.12233231216669083,35300,0.043365467339754105,1.0287297964096069,-353650090,1491654820,-353587857,1491646598,0,0.15102545917034149,88,-0.099336147308349609,0.031686391681432724,0.28191566467285156,35389,27.168952941894531,-0.0023843303788453341,0.032878931611776352,-0.0024050751235336065
107704401,107704401,107704,-353625335,1491651517,7.458953857421875,-0.968211829662323,-0.12025346606969833,35311,0.038660548627376556,1.0287389755249023,-353650090,1491654820,-353587790,1491646589,0,0.14280650019645691,83,-0.098861217498779297,0.030222333967685699,0.291748046875,35389,26.934501647949219,-0.0023626750335097313,0.031686391681432724,-0.0023843303788453341
107804361,107804361,107804,-353625269,1491651507,7.4028029441833496,-0.94711881875991821,-0.11826636642217636,35323,0.032348692417144775,1.0287295579910278,-353650090,1491654820,-353587724,1491646580,0,0.13543589413166046,79,-0.098362922668457031,0.0288863405585289,0.3022918701171875,35389,26.725418090820312,-0.0023400615900754929,0.030222333967685699,-0.0023626750335097313
107904321,107904321,107904,-353625204,1491651497,7.3541851043701172,-0.92775869369506836,-0.11637189984321594,35334,0.024508038535714149,1.0287353992462158,-353650090,1491654820,-353587658,1491646572,0,0.12953475117683411,75,-0.097674846649169922,0.027816295623779297,0.317626953125,35389,26.543970108032227,-0.0023161384742707014,0.0288863405585289,-0.0023400615900754929
108005114,108005114,108005,-353625138,1491651487,7.3140521049499512,-0.91025924682617188,-0.11454374343156815,35344,0.015180956572294235,1.0287324190139771,-353650090,1491654820,-353587592,1491646563,0,0.12331455945968628,72,-0.097185611724853516,0.026631172746419907,0.3281707763671875,35390,26.393577575683594,-0.0022912702988833189,0.027816295623779297,-0.0023161384742707014
108105074,108105074,108105,-353625072,1491651477,7.2859945297241211,-0.89481282234191895,-0.11279881000518799,35354,0.0046272291801869869,1.0287290811538696,-353650090,1491654820,-353587526,1491646554,0,0.11754854023456573,68,-0.096712112426757812,0.025488536804914474,0.33870887756347656,35390,26.287076950073242,-0.0022655099164694548,0.026631172746419907,-0.0022912702988833189
108205034,108205034,108205,-353625007,1491651468,7.2679433822631836,-0.8815886378288269,-0.11111897975206375,35364,-0.0070359222590923309,1.0287140607833862,-353650090,1491654820,-353587461,1491646546,0,0.11171272397041321,65,-0.096421241760253906,0.024287473410367966,0.34455490112304688,35390,26.217174530029297,-0.0022392349783331156,0.025488536804914474,-0.0022655099164694548
108304994,108304994,108304,-353624941,1491651458,7.261497974395752,-0.86987382173538208,-0.10949986428022385,35373,-0.019595999270677567,1.0287129878997803,-353650090,1491654820,-353587395,1491646537,0,0.10679823160171509,62,-0.095981121063232422,0.023243587464094162,0.35509872436523438,35390,26.189239501953125,-0.0022121269721537828,0.024287473410367966,-0.0022392349783331156
108404954,108404954,108404,-353624875,1491651449,7.2651591300964355,-0.86006253957748413,-0.10794086754322052,35382,-0.032792188227176666,1.028705358505249,-353650090,1491654820,-353587329,1491646528,0,0.10079322755336761,58,-0.095904350280761719,0.021929018199443817,0.35660552978515625,35390,26.198102951049805,-0.0021849132608622313,0.023243587464094162,-0.0022121269721537828
108504914,108504914,108504,-353624810,1491651440,7.2799711227416992,-0.85163700580596924,-0.10643857717514038,35391,-0.046355381608009338,1.0287104845046997,-353650090,1491654820,-353587264,1491646520,0,0.095705278217792511,55,-0.095671176910400391,0.020782899111509323,0.36246681213378906,35390,26.247255325317383,-0.0021573039703071117,0.021929018199443817,-0.0021849132608622313
108604874,108604874,108604,-353624744,1491651431,7.3046755790710449,-0.84499561786651611,-0.10498318821191788,35399,-0.060003302991390228,1.02869713306427,-353650090,1491654820,-353587198,1491646511,0,0.09023747593164444,52,-0.095634937286376953,0.019532026723027229,0.36397171020507812,35390,26.332378387451172,-0.0021296697668731213,0.020782899111509323,-0.0021573039703071117
108704834,108704834,108704,-353624677,1491651422,7.3399410247802734,-0.83937191963195801,-0.10357454419136047,35407,-0.073442190885543823,1.0286999940872192,-353650090,1491654820,-353587131,1491646502,0,0.084564223885536194,49,-0.095643520355224609,0.018218683078885078,0.36476707458496094,35390,26.455535888671875,-0.002102104015648365,0.019532026723027229,-0.0021296697668731213
108804794,108804794,108804,-353624611,1491651413,7.3844404220581055,-0.83537989854812622,-0.10221227258443832,35415,-0.086368843913078308,1.0286900997161865,-353650090,1491654820,-353587065,1491646493,0,0.079394347965717316,46,-0.095643997192382812,0.017004024237394333,0.36627388000488281,35390,26.612253189086914,-0.0020745873916894197,0.018218683078885078,-0.002102104015648365
108904754,108904754,108904,-353624544,1491651404,7.334496021270752,-0.81254535913467407,-0.10115694999694824,35421,-0.07324487715959549,1.0286870002746582,-353650090,1491654820,-353586998,1491646485,0,0.069520853459835052,40,-0.095339775085449219,0.014994514174759388,0.37071800231933594,35390,26.4254150390625,-0.0020465399138629436,0.017004024237394333,-0.0020745873916894197
109004714,109004714,109004,-353624480,1491651395,7.043950080871582,-0.74952661991119385,-0.10110948979854584,35421,-0.029316157102584839,1.028680682182312,-353650090,1491654820,-353586934,1491646476,0,0.050702478736639023,29,-0.094616413116455078,0.011391938664019108,0.3736419677734375,35390,25.366689682006836,-0.0020170912612229586,0.014994514174759388,-0.0020465399138629436
109104674,109104674,109104,-353624419,1491651388,6.7667498588562012,-0.7082335352897644,-0.10113465040922165,35421,-0.013018147088587284,1.0286747217178345,-353650090,1491654820,-353586873,1491646468,0,0.042411394417285919,24,-0.094362735748291016,0.0099211949855089188,0.36429977416992188,35390,24.36400032043457,-0.0019871974363923073,0.011391938664019108,-0.0020170912612229586
109204634,109204634,109204,-353624360,1491651381,6.4999833106994629,-0.68320238590240479,-0.10117010772228241,35421,-0.0067735598422586918,1.0286656618118286,-353650090,1491654820,-353586814,1491646460,0,0.043786842375993729,25,-0.094060897827148438,0.01066286675632,0.3563690185546875,35390,23.404575347900391,-0.0019567555282264948,0.0099211949855089188,-0.0019871974363923073
109304594,109304594,109304,-353624304,1491651373,6.2446093559265137,-0.66338694095611572,-0.1011885479092598,35421,-0.0042407023720443249,1.0286672115325928,-353650090,1491654820,-353586758,1491646453,0,0.050268203020095825,29,-0.093096256256103516,0.012740401551127434,0.36326026916503906,35390,22.487691879272461,-0.0019244595896452665,0.01066286675632,-0.0019567555282264948
109404554,109404554,109404,-353624249,1491651367,6.0018577575683594,-0.64262902736663818,-0.1011916846036911,35421,-0.0031038725282996893,1.0286695957183838,-353650090,1491654820,-353586703,1491646446,0,0.052236393094062805,30,-0.092891693115234375,0.013773556798696518,0.35280990600585938,35390,21.615419387817383,-0.0018918269779533148,0.012740401551127434,-0.0019244595896452665
109504514,109504514,109504,-353624197,1491651360,5.7705593109130859,-0.61948293447494507,-0.10118982195854187,35421,-0.002526919124647975,1.0286766290664673,-353650090,1491654820,-353586651,1491646439,0,0.053859476000070572,31,-0.092172145843505859,0.014770391397178173,0.3535003662109375,35390,20.783025741577148,-0.001857820781879127,0.013773556798696518,-0.0018918269779533148
109604474,109604474,109604,-353624147,1491651354,5.5504169464111328,-0.59571725130081177,-0.10118277370929718,35421,-0.0021810715552419424,1.0286790132522583,-353650090,1491654820,-353586601,1491646432,0,0.052977543324232101,30,-0.091814041137695312,0.015104828402400017,0.34657859802246094,35390,19.990119934082031,-0.0018231578869745135,0.014770391397178173,-0.001857820781879127
109704434,109704434,109704,-353624099,1491651348,5.3400468826293945,-0.57264786958694458,-0.10116931796073914,35421,-0.0019488324178382754,1.0286673307418823,-353650090,1491654820,-353586553,1491646426,0,0.052784338593482971,30,-0.091185569763183594,0.015642819926142693,0.34475898742675781,35390,19.232273101806641,-0.0017873181495815516,0.015104828402400017,-0.0018231578869745135
109804394,109804394,109804,-353624053,1491651342,5.1393165588378906,-0.55116605758666992,-0.10115835070610046,35421,-0.0017652675742283463,1.0286692380905151,-353650090,1491654820,-353586507,1491646420,0,0.053153134882450104,31,-0.0904693603515625,0.016367403790354729,0.34434700012207031,35390,18.509355545043945,-0.0017501229885965586,0.015642819926142693,-0.0017873181495815516
109904354,109904354,109904,-353624008,1491651336,4.9474086761474609,-0.53085213899612427,-0.10114952921867371,35421,-0.0016143744578585029,1.0286731719970703,-353650090,1491654820,-353586462,1491646414,0,0.053761336952447891,31,-0.089693069458007812,0.017196817323565483,0.34463882446289062,35390,17.81829833984375,-0.001711452379822731,0.016367403790354729,-0.0017501229885965586
110004314,110004314,110004,-353623965,1491651331,4.7643489837646484,-0.51181900501251221,-0.10113616287708282,35421,-0.0021219276823103428,1.0286799669265747,-353650090,1491654820,-353586419,1491646408,0,0.053210269659757614,31,-0.089342117309570312,0.017674332484602928,0.337310791015625,35390,17.159233093261719,-0.0016721502179279923,0.017196817323565483,-0.001711452379822731
110105107,110105107,110105,-353623923,1491651325,4.5887351036071777,-0.49314254522323608,-0.10112188011407852,35421,-0.0022939059417694807,1.0286785364151001,-353650090,1491654820,-353586377,1491646403,0,0.05476132407784462,31,-0.088171482086181641,0.018885714933276176,0.34342002868652344,35390,16.526817321777344,-0.0016305880853906274,0.017674332484602928,-0.0016721502179279923
110205067,110205067,110205,-353623883,1491651320,4.422337532043457,-0.47564655542373657,-0.10110320895910263,35421,-0.0023412257432937622,1.0286719799041748,-353650090,1491654820,-353586337,1491646397,0,0.054378289729356766,31,-0.08768463134765625,0.019459141418337822,0.33819389343261719,35390,15.927665710449219,-0.00158813560847193,0.018885714933276176,-0.0016305880853906274
110305027,110305027,110305,-353623844,1491651315,4.2635421752929688,-0.45874777436256409,-0.10107973963022232,35421,-0.0023509387392550707,1.0286818742752075,-353650090,1491654820,-353586298,1491646392,0,0.054650533944368362,31,-0.086900234222412109,0.020284965634346008,0.33738327026367188,35390,15.355812072753906,-0.0015442075673490763,0.019459141418337822,-0.00158813560847193
110404987,110404987,110404,-353623806,1491651311,4.1114649772644043,-0.44273251295089722,-0.1010577604174614,35421,-0.0023452278692275286,1.0286846160888672,-353650090,1491654820,-353586260,1491646387,0,0.053542047739028931,31,-0.086660385131835938,0.020608475431799889,0.32824325561523438,35390,14.808215141296387,-0.001499889069236815,0.020284965634346008,-0.0015442075673490763
110504947,110504947,110504,-353623770,1491651306,3.9657535552978516,-0.42714524269104004,-0.10104053467512131,35422,-0.0023319839965552092,1.0286799669265747,-353650090,1491654820,-353586224,1491646382,0,0.054084647446870804,31,-0.085712432861328125,0.021582288667559624,0.32953453063964844,35390,14.283448219299316,-0.0014537612441927195,0.020608475431799889,-0.001499889069236815
110604907,110604907,110604,-353623735,1491651302,3.8259379863739014,-0.41246622800827026,-0.10102253407239914,35422,-0.0023142679128795862,1.0286668539047241,-353650090,1491654820,-353586189,1491646378,0,0.054006315767765045,31,-0.085054397583007812,0.022338483482599258,0.32622337341308594,35390,13.780020713806152,-0.0014064285205677152,0.021582288667559624,-0.0014537612441927195
110704867,110704867,110704,-353623701,1491651297,3.6917717456817627,-0.39804255962371826,-0.10100729018449783,35422,-0.0022889836691319942,1.028680682182312,-353650090,1491654820,-353586155,1491646373,0,0.054718017578125,31,-0.083948612213134766,0.023455558344721794,0.32891654968261719,35390,13.296804428100586,-0.0013569702859967947,0.022338483482599258,-0.0014064285205677152
110804827,110804827,110804,-353623668,1491651293,3.5628871917724609,-0.38441386818885803,-0.10099410265684128,35422,-0.0022575152106583118,1.0286794900894165,-353650090,1491654820,-353586122,1491646369,0,0.054780852049589157,32,-0.083146095275878906,0.024331929162144661,0.32701492309570312,35390,12.832698822021484,-0.0013060192577540874,0.023455558344721794,-0.0013569702859967947
110904787,110904787,110904,-353623637,1491651289,3.4382455348968506,-0.37101379036903381,-0.10097960382699966,35422,-0.0022240995895117521,1.0286797285079956,-353650090,1491654820,-353586091,1491646365,0,0.054929159581661224,32,-0.082209587097167969,0.025282420217990875,0.32650375366210938,35390,12.383786201477051,-0.0012533033732324839,0.024331929162144661,-0.0013060192577540874
111004747,111004747,111004,-353623607,1491651285,3.3182177543640137,-0.35820075869560242,-0.1009727418422699,35422,-0.0021801753900945187,1.0286685228347778,-353650090,1491654820,-353586061,1491646361,0,0.055245354771614075,32,-0.081185340881347656,0.026347870007157326,0.32669448852539062,35390,11.951526641845703,-0.0011986484751105309,0.025282420217990875,-0.0012533033732324839
111104707,111104707,111104,-353623578,1491651282,3.2025220394134521,-0.34556162357330322,-0.10096720606088638,35422,-0.0021294397301971912,1.02867591381073,-353650090,1491654820,-353586032,1491646357,0,0.053905334323644638,31,-0.080849170684814453,0.026637746021151543,0.31856536865234375,35389,11.534756660461426,-0.0011434277985244989,0.026347870007157326,-0.0011986484751105309
111204667,111204667,111204,-353623550,1491651278,3.0911600589752197,-0.33337306976318359,-0.1009657084941864,35422,-0.0020717121660709381,1.0286846160888672,-353650090,1491654820,-353586004,1491646353,0,0.054250340908765793,31,-0.079657554626464844,0.027774479240179062,0.32015228271484375,35389,11.133589744567871,-0.0010859317844733596,0.026637746021151543,-0.0011434277985244989
111304627,111304627,111304,-353623523,1491651275,2.9840273857116699,-0.32166492938995361,-0.10096187889575958,35422,-0.0020272638648748398,1.0286679267883301,-353650090,1491654820,-353585977,1491646350,0,0.053820021450519562,31,-0.078836917877197266,0.028543783351778984,0.31715774536132812,35389,10.747666358947754,-0.0010269279591739178,0.027774479240179062,-0.0010859317844733596
111404587,111404587,111404,-353623496,1491651272,2.8810050487518311,-0.31056010723114014,-0.10095856338739395,35422,-0.0019854479469358921,1.0286731719970703,-353650090,1491654820,-353585951,1491646346,0,0.052709214389324188,30,-0.078426837921142578,0.028954407200217247,0.30991935729980469,35389,10.376607894897461,-0.00096720876172184944,0.028543783351778984,-0.0010269279591739178
111504547,111504547,111504,-353623471,1491651268,2.7818729877471924,-0.29975274205207825,-0.10094567388296127,35422,-0.0019500404596328735,1.028684139251709,-353650090,1491654820,-353585925,1491646343,0,0.054202556610107422,31,-0.076501369476318359,0.030836481600999832,0.31784439086914062,35389,10.019513130187988,-0.00090377841843292117,0.028954407200217247,-0.00096720876172184944
111604507,111604507,111604,-353623447,1491651265,2.6865963935852051,-0.28942036628723145,-0.10093369334936142,35422,-0.0019247173331677914,1.0286762714385986,-353650090,1491654820,-353585901,1491646340,0,0.054170437157154083,31,-0.075402259826660156,0.03191157802939415,0.31693649291992188,35389,9.6763286590576172,-0.00083828531205654144,0.030836481600999832,-0.00090377841843292117
111704467,111704467,111704,-353623423,1491651262,2.5949609279632568,-0.27950569987297058,-0.1009189784526825,35422,-0.0019076613243669271,1.0286834239959717,-353650090,1491654820,-353585877,1491646337,0,0.054149433970451355,31,-0.074271202087402344,0.033026114106178284,0.31603813171386719,35389,9.3462696075439453,-0.00077067076927050948,0.03191157802939415,-0.00083828531205654144
111804427,111804427,111804,-353623400,1491651259,2.5067565441131592,-0.27002739906311035,-0.10090397298336029,35422,-0.0018881042487919331,1.0286726951599121,-353650090,1491654820,-353585854,1491646333,0,0.053605232387781143,31,-0.073461055755615234,0.033844877034425735,0.31208992004394531,35389,9.0285911560058594,-0.00070155097637325525,0.033026114106178284,-0.00077067076927050948
111904387,111904387,111904,-353623378,1491651257,2.422006368637085,-0.26070880889892578,-0.10088881850242615,35422,-0.0018761601531878114,1.0286726951599121,-353650090,1491654820,-353585833,1491646331,0,0.052721165120601654,30,-0.07277679443359375,0.034451983869075775,0.30680465698242188,35389,8.7232742309570312,-0.00063122296705842018,0.033844877034425735,-0.00070155097637325525
112004347,112004347,112004,-353623357,1491651254,2.340465784072876,-0.25171470642089844,-0.10087355971336365,35423,-0.0018639235058799386,1.0286779403686523,-353650090,1491654820,-353585812,1491646328,0,0.052935466170310974,30,-0.071339130401611328,0.035798110067844391,0.30799293518066406,35389,8.4295082092285156,-0.00055816100211814046,0.034451983869075775,-0.00063122296705842018
112105140,112105140,112105,-353623336,1491651251,2.2620224952697754,-0.24301169812679291,-0.10085808485746384,35423,-0.0018507909262552857,1.0286818742752075,-353650090,1491654820,-353585791,1491646325,0,0.053119093179702759,31,-0.069851398468017578,0.037169095128774643,0.30918121337890625,35389,8.1468830108642578,-0.00048224104102700949,0.035798110067844391,-0.00055816100211814046
112205100,112205100,112205,-353623316,1491651249,2.1858255863189697,-0.2345774918794632,-0.10083921253681183,35423,-0.0018451946089044213,1.0286672115325928,-353650090,1491654820,-353585771,1491646322,0,0.051849935203790665,30,-0.069362163543701172,0.037546403706073761,0.30204582214355469,35389,7.8723568916320801,-0.0004055171157233417,0.037169095128774643,-0.00048224104102700949
112305060,112305060,112305,-353623297,1491651247,2.1138322353363037,-0.22649258375167847,-0.10082056373357773,35423,-0.0018477627309039235,1.0286794900894165,-353650090,1491654820,-353585752,1491646320,0,0.051304738968610764,29,-0.068322658538818359,0.038418039679527283,0.29935264587402344,35389,7.6129326820373535,-0.0003268851141911,0.037546403706073761,-0.0004055171157233417
112405020,112405020,112405,-353623278,1491651244,2.0442819595336914,-0.2188875675201416,-0.10079945623874664,35423,-0.0018610400147736073,1.0286785364151001,-353650090,1491654820,-353585733,1491646317,0,0.051800619810819626,30,-0.066556453704833984,0.040110252797603607,0.30193519592285156,35389,7.3623905181884766,-0.00024487395421601832,0.038418039679527283,-0.0003268851141911
112504980,112504980,112504,-353623260,1491651242,1.9778412580490112,-0.21153464913368225,-0.10077863931655884,35423,-0.0018810847541317344,1.0286787748336792,-353650090,1491654820,-353585715,1491646315,0,0.051450461149215698,30,-0.06536865234375,0.041178543120622635,0.29993820190429688,35389,7.1230158805847168,-0.00016066612442955375,0.040110252797603607,-0.00024487395421601832
112604940,112604940,112604,-353623242,1491651240,1.9135228395462036,-0.20449911057949066,-0.10075414180755615,35423,-0.0018976717256009579,1.0286654233932495,-353650090,1491654820,-353585697,1491646313,0,0.051152531057596207,29,-0.064149379730224609,0.042317230254411697,0.29795074462890625,35389,6.8913192749023438,-7.4202442192472517e-05,0.041178543120622635,-0.00016066612442955375
112704900,112704900,112704,-353623225,1491651238,1.8518418073654175,-0.1975124180316925,-0.10072824358940125,35423,-0.0019147844286635518,1.028679370880127,-353650090,1491654820,-353585680,1491646310,0,0.05014655739068985,29,-0.063387393951416016,0.042868088930845261,0.2928924560546875,35389,6.6690325736999512,1.3627228327095509e-05,0.042317230254411697,-7.4202442192472517e-05
112804860,112804860,112804,-353623208,1491651236,1.7920646667480469,-0.1908743679523468,-0.10070516914129257,35424,-0.0019299797713756561,1.028684139251709,-353650090,1491654820,-353585663,1491646308,0,0.049902521073818207,29,-0.0620269775390625,0.044083908200263977,0.29160308837890625,35389,6.4536581039428711,0.00010399014718132094,0.042868088930845261,1.3627228327095509e-05
112904820,112904820,112904,-353623192,1491651234,1.7349708080291748,-0.18436171114444733,-0.10068219155073166,35424,-0.0019448221428319812,1.0286790132522583,-353650090,1491654820,-353585647,1491646306,0,0.049671310931444168,29,-0.06053924560546875,0.045325655490159988,0.2910003662109375,35389,6.2478857040405273,0.00019713821529876441,0.044083908200263977,0.00010399014718132094
113004780,113004780,113004,-353623176,1491651232,1.6794376373291016,-0.17821142077445984,-0.1006578728556633,35424,-0.0019590663723647594,1.0286716222763062,-353650090,1491654820,-353585631,1491646304,0,0.049557838588953018,28,-0.058999061584472656,0.046719182282686234,0.29039764404296875,35389,6.0478081703186035,0.00029317074222490191,0.045325655490159988,0.00019713821529876441
113104740,113104740,113104,-353623161,1491651230,1.6256064176559448,-0.1723167896270752,-0.10063706338405609,35424,-0.0019649176392704248,1.0286731719970703,-353650090,1491654820,-353585616,1491646302,0,0.049607839435338974,28,-0.057290554046630859,0.048316750675439835,0.290496826171875,35389,5.8538885116577148,0.00039242097409442067,0.046719182282686234,0.00029317074222490191
113204700,113204700,113204,-353623146,1491651228,1.5733573436737061,-0.16664551198482513,-0.10061394423246384,35424,-0.0019664040300995111,1.0286825895309448,-353650090,1491654820,-353585601,1491646300,0,0.049687247723340988,29,-0.055520534515380859,0.050003018230199814,0.29059219360351562,35389,5.6656866073608398,0.00049500464228913188,0.048316750675439835,0.00039242097409442067
113304660,113304660,113304,-353623132,1491651226,1.5227853059768677,-0.16103775799274445,-0.1005924716591835,35424,-0.0019622433464974165,1.0286743640899658,-353650090,1491654820,-353585587,1491646298,0,0.049810547381639481,29,-0.05356597900390625,0.051794309169054031,0.29137802124023438,35389,5.4834814071655273,0.00060128699988126755,0.050003018230199814,0.00049500464228913188
113404620,113404620,113404,-353623119,1491651224,1.4737112522125244,-0.15556789934635162,-0.10057496279478073,35424,-0.0019539082422852516,1.0286829471588135,-353650090,1491654820,-353585574,1491646296,0,0.050038661807775497,29,-0.051405429840087891,0.053767066448926926,0.29286575317382812,35389,5.3066625595092773,0.00071167555870488286,0.051794309169054031,0.00060128699988126755
113504580,113504580,113504,-353623106,1491651223,1.4263954162597656,-0.15032589435577393,-0.1005585789680481,35424,-0.0019473843276500702,1.0286692380905151,-353650090,1491654820,-353585561,1491646295,0,0.049375846982002258,28,-0.050184249877929688,0.054816819727420807,0.28909683227539062,35389,5.1361904144287109,0.00082426250446587801,0.053767066448926926,0.00071167555870488286
113604540,113604540,113604,-353623093,1491651221,1.3805618286132812,-0.14525119960308075,-0.10054457187652588,35424,-0.0019393848488107324,1.0286661386489868,-353650090,1491654820,-353585548,1491646293,0,0.049625378102064133,28,-0.047899723052978516,0.056926202028989792,0.29057693481445312,35389,4.9710602760314941,0.00094118982087820768,0.054816819727420807,0.00082426250446587801
113704500,113704500,113704,-353623081,1491651220,1.3364049196243286,-0.14024467766284943,-0.10052654892206192,35425,-0.0019328286871314049,1.0286704301834106,-353650090,1491654820,-353585536,1491646291,0,0.04833751916885376,28,-0.047276020050048828,0.057282991707324982,0.28372955322265625,35389,4.8119277954101562,0.0010591386817395687,0.056926202028989792,0.00094118982087820768
113804460,113804460,113804,-353623069,1491651218,1.2936378717422485,-0.13543137907981873,-0.1005081832408905,35425,-0.0019294752273708582,1.0286779403686523,-353650090,1491654820,-353585524,1491646290,0,0.049334160983562469,28,-0.043908119201660156,0.060402140021324158,0.2896881103515625,35389,4.6578168869018555,0.001183557091280818,0.057282991707324982,0.0010591386817395687
113904420,113904420,113904,-353623057,1491651217,1.2524274587631226,-0.13065941631793976,-0.10048987716436386,35425,-0.0019274944206699729,1.0286743640899658,-353650090,1491654820,-353585512,1491646288,0,0.047987986356019974,28,-0.043259143829345703,0.060689855366945267,0.28282928466796875,35389,4.5092658996582031,0.0013090329011902213,0.060402140021324158,0.001183557091280818
114004380,114004380,114004,-353623046,1491651215,1.2125468254089355,-0.12614259123802185,-0.10046909749507904,35425,-0.0019270679913461208,1.0286731719970703,-353650090,1491654820,-353585501,1491646287,0,0.049090709537267685,28,-0.039525508880615234,0.064132951200008392,0.28947830200195312,35389,4.365546703338623,0.0014416966587305069,0.060689855366945267,0.0013090329011902213
114104340,114104340,114104,-353623035,1491651214,1.1741669178009033,-0.12172215431928635,-0.10045426338911057,35425,-0.001932433107867837,1.0286840200424194,-353650090,1491654820,-353585490,1491646285,0,0.047891844063997269,27,-0.038682937622070312,0.064614929258823395,0.28332138061523438,35389,4.2272090911865234,0.0015757901128381491,0.064132951200008392,0.0014416966587305069
114205133,114205133,114205,-353623025,1491651213,1.1371135711669922,-0.11744815856218338,-0.10043548792600632,35425,-0.0019372187089174986,1.0286790132522583,-353650090,1491654820,-353585480,1491646284,0,0.047486044466495514,27,-0.036761283874511719,0.066159918904304504,0.28163909912109375,35389,4.0936508178710938,0.0017134968657046556,0.064614929258823395,0.0015757901128381491
114305093,114305093,114305,-353623014,1491651211,1.1014177799224854,-0.11329165101051331,-0.10041447728872299,35425,-0.0019434142159298062,1.0286719799041748,-353650090,1491654820,-353585469,1491646283,0,0.048525962978601456,28,-0.032690525054931641,0.069808714091777802,0.28828811645507812,35389,3.9649724960327148,0.0018589845858514309,0.066159918904304504,0.0017134968657046556
114405053,114405053,114405,-353623005,1491651210,1.0670690536499023,-0.10935140401124954,-0.10039672255516052,35425,-0.0019511462887749076,1.0286825895309448,-353650090,1491654820,-353585460,1491646281,0,0.047590993344783783,27,-0.031450271606445312,0.070671685039997101,0.28351211547851562,35389,3.8411719799041748,0.0020066774450242519,0.069808714091777802,0.0018589845858514309
114505013,114505013,114505,-353622995,1491651209,1.0342029333114624,-0.10562620311975479,-0.10037548840045929,35425,-0.0019653860945254564,1.0286695957183838,-353650090,1491654820,-353585450,1491646280,0,0.047240540385246277,27,-0.029394149780273438,0.072386100888252258,0.28182601928710938,35389,3.7227320671081543,0.0021581701003015041,0.070671685039997101,0.0020066774450242519
114604973,114604973,114604,-353622985,1491651208,1.002122163772583,-0.10206811875104904,-0.100352942943573,35426,-0.001974654383957386,1.028678297996521,-353650090,1491654820,-353585440,1491646279,0,0.046938665211200714,27,-0.027270317077636719,0.074231483042240143,0.28013992309570312,35389,3.6071517467498779,0.0023135892115533352,0.072386100888252258,0.0021581701003015041
114704933,114704933,114704,-353622976,1491651207,0.97156327962875366,-0.098708644509315491,-0.10033659636974335,35426,-0.0019914859440177679,1.0286679267883301,-353650090,1491654820,-353585431,1491646278,0,0.046778511255979538,27,-0.024939537048339844,0.076310992240905762,0.27915191650390625,35389,3.4970650672912598,0.0024733445607125759,0.074231483042240143,0.0023135892115533352
114804893,114804893,114804,-353622967,1491651206,0.94170188903808594,-0.095409519970417023,-0.10031507909297943,35426,-0.0020022809039801359,1.0286743640899658,-353650090,1491654820,-353585422,1491646276,0,0.045932479202747345,26,-0.023660659790039062,0.077311068773269653,0.27437210083007812,35389,3.3894855976104736,0.0026353530120104551,0.076310992240905762,0.0024733445607125759
114904853,114904853,114904,-353622959,1491651205,0.91325265169143677,-0.092114947736263275,-0.10029143095016479,35426,-0.0020157943945378065,1.0286673307418823,-353650090,1491654820,-353585414,1491646275,0,0.045787688344717026,26,-0.021048545837402344,0.079476222395896912,0.274078369140625,35389,3.2869389057159424,0.0028022481128573418,0.077311068773269653,0.0026353530120104551
115004813,115004813,115004,-353622950,1491651204,0.88544809818267822,-0.088927336037158966,-0.10027238726615906,35426,-0.0020265171770006418,1.0286774635314941,-353650090,1491654820,-353585405,1491646274,0,0.045542474836111069,26,-0.018555641174316406,0.081540949642658234,0.2730865478515625,35389,3.1867287158966064,0.0029737798031419516,0.079476222395896912,0.0028022481128573418
115104773,115104773,115104,-353622942,1491651203,0.85841935873031616,-0.085752144455909729,-0.10025231540203094,35426,-0.0020326497033238411,1.0286818742752075,-353650090,1491654820,-353585397,1491646273,0,0.045276083052158356,26,-0.015939235687255859,0.083625674247741699,0.27278518676757812,35389,3.0892879962921143,0.0029737798031419516,0.081540949642658234,0.0029737798031419516
115204733,115204733,115204,-353622935,1491651202,0.83216559886932373,-0.082654111087322235,-0.10023467987775803,35426,-0.0020353379659354687,1.0286704301834106,-353650090,1491654820,-353585390,1491646272,0,0.045128311961889267,26,-0.013006210327148438,0.085993006825447083,0.2731781005859375,35389,2.9946370124816895,0.0029737798031419516,0.083625674247741699,0.0029737798031419516
115304693,115304693,115304,-353622927,1491651201,0.80668532848358154,-0.079528950154781342,-0.10022124648094177,35426,-0.0020359503105282784,1.0286694765090942,-353650090,1491654820,-353585382,1491646271,0,0.044792346656322479,26,-0.010209083557128906,0.088060453534126282,0.27287673950195312,35389,2.9027338027954102,0.0029737798031419516,0.085993006825447083,0.0029737798031419516
115404653,115404653,115404,-353622920,1491651200,0.78188550472259521,-0.076523318886756897,-0.10020652413368225,35426,-0.0020336853340268135,1.0286704301834106,-353650090,1491654820,-353585375,1491646270,0,0.044607661664485931,26,-0.0070676803588867188,0.090491808950901031,0.2732696533203125,35389,2.8132989406585693,0.0029737798031419516,0.088060453534126282,0.0029737798031419516
115504613,115504613,115504,-353622913,1491651199,0.7580752968788147,-0.073618076741695404,-0.10019398480653763,35426,-0.0020332520361989737,1.0286664962768555,-353650090,1491654820,-353585368,1491646269,0,0.04442249983549118,25,-0.0038475990295410156,0.092960447072982788,0.27367019653320312,35389,2.7274279594421387,0.0029737798031419516,0.090491808950901031,0.0029737798031419516
115604573,115604573,115604,-353622906,1491651198,0.73499959707260132,-0.070820458233356476,-0.10017772018909454,35427,-0.0020317886956036091,1.0286746025085449,-353650090,1491654820,-353585361,1491646268,0,0.04425395280122757,25,-0.00052785873413085938,0.095529861748218536,0.27405548095703125,35389,2.6442136764526367,0.0029737798031419516,0.092960447072982788,0.0029737798031419516
115704533,115704533,115704,-353622899,1491651198,0.71252745389938354,-0.068309344351291656,-0.10016108304262161,35427,-0.0020302238408476114,1.0286679267883301,-353650090,1491654820,-353585354,1491646267,0,0.042642850428819656,24,-0.00061893463134765625,0.094957873225212097,0.26543426513671875,35389,2.5632498264312744,0.0029737798031419516,0.095529861748218536,0.0029737798031419516
115804493,115804493,115804,-353622893,1491651197,0.69063526391983032,-0.065916404128074646,-0.10014648735523224,35427,-0.0020279367454349995,1.0286685228347778,-353650090,1491654820,-353585348,1491646267,0,0.043441765010356903,25,0.0046682283282279968,0.099823139607906342,0.27030563354492188,35389,2.4843943119049072,0.0029737798031419516,0.094957873225212097,0.0029737798031419516
115904453,115904453,115904,-353622887,1491651196,0.66953325271606445,-0.063581749796867371,-0.10013171285390854,35427,-0.0020232843235135078,1.0286685228347778,-353650090,1491654820,-353585342,1491646266,0,0.043556224554777145,25,0.0085769295692443848,0.10325728356838226,0.27139663696289062,35389,2.4083762168884277,0.0029737798031419516,0.099823139607906342,0.0029737798031419516
116004413,116004413,116004,-353622881,1491651195,0.64902669191360474,-0.061324737966060638,-0.10011743009090424,35427,-0.0020200912840664387,1.0286797285079956,-353650090,1491654820,-353585336,1491646265,0,0.043678399175405502,25,0.012629240751266479,0.10683678090572357,0.2724761962890625,35389,2.3345077037811279,0.0029737798031419516,0.10325728356838226,0.0029737798031419516
116104373,116104373,116104,-353622875,1491651195,0.62931448221206665,-0.059166636317968369,-0.10010111331939697,35427,-0.0020177911501377821,1.0286695957183838,-353650090,1491654820,-353585330,1491646264,0,0.042225036770105362,24,0.012778431177139282,0.10652046650648117,0.26453018188476562,35389,2.2635047435760498,0.0029737798031419516,0.10683678090572357,0.0029737798031419516
116204333,116204333,116204,-353622869,1491651194,0.61018830537796021,-0.057092797011137009,-0.10008513927459717,35427,-0.0020172242075204849,1.0286769866943359,-353650090,1491654820,-353585324,1491646263,0,0.0423722043633461,24,0.016967520117759705,0.11026176810264587,0.26561355590820312,35389,2.19461989402771,0.0029737798031419516,0.10652046650648117,0.0029737798031419516
116305126,116305126,116305,-353622864,1491651193,0.59171122312545776,-0.055173825472593307,-0.10007216781377792,35427,-0.0020154761150479317,1.0286762714385986,-353650090,1491654820,-353585319,1491646263,0,0.043366439640522003,25,0.023427672684192657,0.11640334874391556,0.27118682861328125,35389,2.1281013488769531,0.0029737798031419516,0.11026176810264587,0.0029737798031419516
116405086,116405086,116405,-353622858,1491651193,0.57367897033691406,-0.053354557603597641,-0.10005520284175873,35427,-0.0020153690129518509,1.0286771059036255,-353650090,1491654820,-353585313,1491646262,0,0.042015641927719116,24,0.023587256669998169,0.11632469296455383,0.26324844360351562,35389,2.0632021427154541,0.0029737798031419516,0.11640334874391556,0.0029737798031419516
116505046,116505046,116505,-353622853,1491651192,0.5566023588180542,-0.05160294845700264,-0.10004051029682159,35427,-0.0020186891779303551,1.0286712646484375,-353650090,1491654820,-353585308,1491646261,0,0.042351387441158295,24,0.028430283069610596,0.12087664008140564,0.26502609252929688,35389,2.0017333030700684,0.0029737798031419516,0.11632469296455383,0.0029737798031419516
116605006,116605006,116605,-353622848,1491651191,0.5399288535118103,-0.049861695617437363,-0.10002665221691132,35427,-0.0020226200576871634,1.0286656618118286,-353650090,1491654820,-353585303,1491646261,0,0.043338257819414139,25,0.035465143620967865,0.12755259871482849,0.27059555053710938,35389,1.9417051076889038,0.0029737798031419516,0.12087664008140564,0.0029737798031419516
116704966,116704966,116704,-353622843,1491651191,0.52393287420272827,-0.048183590173721313,-0.10001260787248611,35427,-0.0020258508156985044,1.0286785364151001,-353650090,1491654820,-353585298,1491646260,0,0.042062848806381226,24,0.035875879228115082,0.12758311629295349,0.26334381103515625,35389,1.8841137886047363,0.0029737798031419516,0.12755259871482849,0.0029737798031419516
116804926,116804926,116804,-353622838,1491651190,0.50819742679595947,-0.04648992046713829,-0.099998243153095245,35428,-0.0020220493897795677,1.0286651849746704,-353650090,1491654820,-353585293,1491646259,0,0.042346730828285217,24,0.041228942573070526,0.13245506584644318,0.26511383056640625,35389,1.8274471759796143,0.0029737798031419516,0.12758311629295349,0.0029737798031419516
116904886,116904886,116904,-353622834,1491651189,0.49300852417945862,-0.044860653579235077,-0.099984534084796906,35428,-0.0020187054760754108,1.0286802053451538,-353650090,1491654820,-353585289,1491646259,0,0.043429426848888397,25,0.049337670207023621,0.14008143544197083,0.27138137817382812,35389,1.7727506160736084,0.0029737798031419516,0.13245506584644318,0.0029737798031419516
117004846,117004846,117004,-353622829,1491651189,0.47814068198204041,-0.043193165212869644,-0.099971123039722443,35428,-0.0020157110411673784,1.0286794900894165,-353650090,1491654820,-353585284,1491646258,0,0.042087022215127945,24,0.049889206886291504,0.13998034596443176,0.26412582397460938,35389,1.7191874980926514,0.0029737798031419516,0.14008143544197083,0.0029737798031419516
117104806,117104806,117104,-353622825,1491651188,0.46398350596427917,-0.041692227125167847,-0.099953383207321167,35428,-0.0020110243931412697,1.0286707878112793,-353650090,1491654820,-353585280,1491646258,0,0.043183475732803345,25,0.058456987142562866,0.14807343482971191,0.27039718627929688,35389,1.6682130098342896,0.0029737798031419516,0.13998034596443176,0.0029737798031419516
117204766,117204766,117204,-353622820,1491651188,0.45012977719306946,-0.040224991738796234,-0.099936813116073608,35428,-0.0020091859623789787,1.0286651849746704,-353650090,1491654820,-353585275,1491646257,0,0.04189864918589592,24,0.058969862759113312,0.14809621870517731,0.2631378173828125,35389,1.6183319091796875,0.0029737798031419516,0.14807343482971191,0.0029737798031419516
117304726,117304726,117304,-353622816,1491651187,0.43659418821334839,-0.038866076618432999,-0.099929451942443848,35428,-0.0020034078042954206,1.0286840200424194,-353650090,1491654820,-353585271,1491646256,0,0.042369451373815536,24,0.06567055732011795,0.15445756912231445,0.26559829711914062,35389,1.5696206092834473,0.0029737798031419516,0.14809621870517731,0.0029737798031419516
117404686,117404686,117404,-353622812,1491651187,0.42335003614425659,-0.037565700709819794,-0.099918477237224579,35428,-0.0019929443951696157,1.0286825895309448,-353650090,1491654820,-353585267,1491646256,0,0.041943147778511047,24,0.069215133786201477,0.15771771967411041,0.26284027099609375,35389,1.5219674110412598,0.0029737798031419516,0.15445756912231445,0.0029737798031419516
117504646,117504646,117504,-353622809,1491651186,0.41038432717323303,-0.036309506744146347,-0.099904187023639679,35428,-0.0019831014797091484,1.0286656618118286,-353650090,1491654820,-353585264,1491646255,0,0.042563475668430328,24,0.076930075883865356,0.165177121758461,0.26599884033203125,35389,1.4753215312957764,0.0029737798031419516,0.15771771967411041,0.0029737798031419516
117604606,117604606,117604,-353622805,1491651186,0.3977542519569397,-0.035070005804300308,-0.099893458187580109,35428,-0.0019720173440873623,1.0286736488342285,-353650090,1491654820,-353585260,1491646255,0,0.042134493589401245,24,0.080799907445907593,0.16874252259731293,0.26323699951171875,35389,1.4298783540725708,0.0029737798031419516,0.165177121758461,0.0029737798031419516
117704566,117704566,117704,-353622801,1491651185,0.38567438721656799,-0.033848613500595093,-0.099880941212177277,35428,-0.0019607946742326021,1.0286771059036255,-353650090,1491654820,-353585256,1491646254,0,0.04259723424911499,24,0.088478505611419678,0.17601895332336426,0.26569747924804688,35389,1.3864036798477173,0.0029737798031419516,0.16874252259731293,0.0029737798031419516
117804526,117804526,117804,-353622798,1491651185,0.37400469183921814,-0.032675120979547501,-0.09987194836139679,35428,-0.0019550444558262825,1.0286778211593628,-353650090,1491654820,-353585253,1491646254,0,0.042268168181180954,24,0.093015260994434357,0.18015953898429871,0.2636260986328125,35389,1.344407320022583,0.0029737798031419516,0.17601895332336426,0.0029737798031419516
117904486,117904486,117904,-353622794,1491651184,0.36272159218788147,-0.031591791659593582,-0.099860250949859619,35428,-0.0019501670030876994,1.028670072555542,-353650090,1491654820,-353585249,1491646253,0,0.042765773832798004,24,0.10116894543170929,0.18804624676704407,0.26609039306640625,35389,1.3038184642791748,0.0029737798031419516,0.18015953898429871,0.0029737798031419516
118004446,118004446,118004,-353622791,1491651184,0.35181176662445068,-0.030514206737279892,-0.099850386381149292,35428,-0.001944268005900085,1.0286679267883301,-353650090,1491654820,-353585246,1491646253,0,0.042447600513696671,24,0.10597769170999527,0.19249564409255981,0.2640228271484375,35389,1.2645630836486816,0.0029737798031419516,0.18804624676704407,0.0029737798031419516
118104406,118104406,118104,-353622788,1491651184,0.34126764535903931,-0.029453946277499199,-0.099839337170124054,35428,-0.0019391325768083334,1.0286825895309448,-353650090,1491654820,-353585243,1491646253,0,0.0421152263879776,24,0.11085954308509827,0.19695365428924561,0.2619476318359375,35389,1.2266179323196411,0.0029737798031419516,0.19249564409255981,0.0029737798031419516
118204366,118204366,118204,-353622785,1491651183,0.33104062080383301,-0.028391310945153236,-0.099826730787754059,35429,-0.0019315481185913086,1.0286685228347778,-353650090,1491654820,-353585240,1491646252,0,0.04267994686961174,24,0.1203397661447525,0.20589424669742584,0.26510238647460938,35389,1.1898038387298584,0.0029737798031419516,0.19695365428924561,0.0029737798031419516
118304326,118304326,118304,-353622782,1491651183,0.32104149460792542,-0.02731982059776783,-0.099816426634788513,35429,-0.0019265123410150409,1.0286688804626465,-353650090,1491654820,-353585237,1491646252,0,0.042306248098611832,24,0.12563493847846985,0.21052788197994232,0.26302719116210938,35389,1.153800368309021,0.0029737798031419516,0.20589424669742584,0.0029737798031419516
118405119,118405119,118405,-353622779,1491651182,0.31125113368034363,-0.026194645091891289,-0.099804304540157318,35429,-0.001913304440677166,1.0286726951599121,-353650090,1491654820,-353585234,1491646252,0,0.043479170650243759,25,0.13943508267402649,0.22339640557765961,0.26998519897460938,35389,1.1185263395309448,0.0029737798031419516,0.21052788197994232,0.0029737798031419516
118505079,118505079,118505,-353622776,1491651182,0.30181089043617249,-0.025142475962638855,-0.099791876971721649,35429,-0.001906477496959269,1.0286825895309448,-353650090,1491654820,-353585231,1491646251,0,0.042409401386976242,24,0.14164090156555176,0.22475437819957733,0.26410675048828125,35389,1.084524393081665,0.0029737798031419516,0.22339640557765961,0.0029737798031419516
118605039,118605039,118605,-353622773,1491651182,0.29263308644294739,-0.024020787328481674,-0.0997733473777771,35429,-0.0018967967480421066,1.0286755561828613,-353650090,1491654820,-353585228,1491646251,0,0.041955795139074326,24,0.14752703905105591,0.22942842543125153,0.26204299926757812,35389,1.051439642906189,0.0029737798031419516,0.22475437819957733,0.0029737798031419516
118704999,118704999,118704,-353622771,1491651181,0.28388237953186035,-0.023044724017381668,-0.09976465255022049,35429,-0.001888741971924901,1.0286661386489868,-353650090,1491654820,-353585226,1491646250,0,0.042603660374879837,24,0.15937751531600952,0.24037693440914154,0.2658843994140625,35389,1.0199229717254639,0.0029737798031419516,0.22942842543125153,0.0029737798031419516
118804959,118804959,118804,-353622768,1491651181,0.27526599168777466,-0.022065801545977592,-0.099753811955451965,35429,-0.0018798311939463019,1.028684139251709,-353650090,1491654820,-353585223,1491646250,0,0.04220161959528923,24,0.16569724678993225,0.24568793177604675,0.26381683349609375,35389,0.98888587951660156,0.0029737798031419516,0.24037693440914154,0.0029737798031419516
118904919,118904919,118904,-353622766,1491651181,0.26703524589538574,-0.021046889945864677,-0.099745243787765503,35429,-0.0018719237996265292,1.0286822319030762,-353650090,1491654820,-353585221,1491646250,0,0.041872195899486542,24,0.17277625203132629,0.25143054127693176,0.2624359130859375,35389,0.95921516418457031,0.0029737798031419516,0.24568793177604675,0.0029737798031419516
119004879,119004879,119004,-353622763,1491651180,0.25889530777931213,-0.020031452178955078,-0.099734686315059662,35429,-0.0018591654952615499,1.0286694765090942,-353650090,1491654820,-353585218,1491646249,0,0.042339503765106201,24,0.18529060482978821,0.2625095546245575,0.26558685302734375,35389,0.92987149953842163,0.0029737798031419516,0.25143054127693176,0.0029737798031419516
119104839,119104839,119104,-353622761,1491651180,0.25097948312759399,-0.019127180799841881,-0.099722780287265778,35429,-0.0018460339633747935,1.0286837816238403,-353650090,1491654820,-353585216,1491646249,0,0.042062118649482727,24,0.19313605129718781,0.26919916272163391,0.26420974731445312,35389,0.90136027336120605,0.0029737798031419516,0.2625095546245575,0.0029737798031419516
119204799,119204799,119204,-353622759,1491651180,0.24323990941047668,-0.01816248707473278,-0.099716998636722565,35429,-0.0018314599292352796,1.0286840200424194,-353650090,1491654820,-353585214,1491646249,0,0.041736673563718796,24,0.20128327608108521,0.2758139967918396,0.26282501220703125,35389,0.87346363067626953,0.0029737798031419516,0.26919916272163391,0.0029737798031419516
119304759,119304759,119304,-353622756,1491651180,0.23571477830410004,-0.01734357513487339,-0.099707581102848053,35429,-0.0018161244224756956,1.0286688804626465,-353650090,1491654820,-353585211,1491646248,0,0.040690071880817413,23,0.20410265028476715,0.27754896879196167,0.25695419311523438,35389,0.84637320041656494,0.0029737798031419516,0.2758139967918396,0.0029737798031419516
119404719,119404719,119404,-353622754,1491651179,0.22829693555831909,-0.016557328402996063,-0.099695824086666107,35429,-0.0018036116380244493,1.028684139251709,-353650090,1491654820,-353585209,1491646248,0,0.042053259909152985,24,0.22433918714523315,0.29673781991004944,0.26459884643554688,35389,0.8196755051612854,0.0029737798031419516,0.27754896879196167,0.0029737798031419516
119504679,119504679,119504,-353622752,1491651179,0.22109422087669373,-0.015868734568357468,-0.099680885672569275,35429,-0.0017860820516943932,1.0286834239959717,-353650090,1491654820,-353585207,1491646248,0,0.041864555329084396,24,0.23365968465805054,0.30531045794487,0.26322555541992188,35389,0.79377210140228271,0.0029737798031419516,0.29673781991004944,0.0029737798031419516
119604639,119604639,119604,-353622750,1491651179,0.21398824453353882,-0.015067901462316513,-0.099656336009502411,35430,-0.0017701663309708238,1.0286668539047241,-353650090,1491654820,-353585205,1491646248,0,0.041601166129112244,24,0.24347144365310669,0.31377002596855164,0.26183700561523438,35389,0.76818639039993286,0.0029737798031419516,0.30531045794487,0.0029737798031419516
119704599,119704599,119704,-353622748,1491651179,0.20700523257255554,-0.014310759492218494,-0.099627360701560974,35430,-0.0017517654923722148,1.0286747217178345,-353650090,1491654820,-353585203,1491646247,0,0.040682807564735413,23,0.24832013249397278,0.31734266877174377,0.25666046142578125,35389,0.74305224418640137,0.0029737798031419516,0.31377002596855164,0.0029737798031419516
119804559,119804559,119804,-353622746,1491651178,0.2002074122428894,-0.013527223840355873,-0.099587097764015198,35430,-0.001730920048430562,1.0286778211593628,-353650090,1491654820,-353585201,1491646247,0,0.042018234729766846,24,0.27230009436607361,0.33976361155509949,0.26430130004882812,35389,0.71857470273971558,0.0029737798031419516,0.31734266877174377,0.0029737798031419516
119904519,119904519,119904,-353622745,1491651178,0.1937500387430191,-0.012639989145100117,-0.099547393620014191,35430,-0.0017120686825364828,1.0286698341369629,-353650090,1491654820,-353585200,1491646247,0,0.041792523115873337,24,0.28450927138328552,0.34965559840202332,0.26361083984375,35389,0.69529116153717041,0.0029737798031419516,0.33976361155509949,0.0029737798031419516
120004479,120004479,120004,-353622743,1491651178,0.18749596178531647,-0.011696123518049717,-0.099505074322223663,35430,-0.0016961194342002273,1.0286797285079956,-353650090,1491654820,-353585198,1491646247,0,0.041401151567697525,24,0.2960716187953949,0.3583715558052063,0.26223373413085938,35389,0.6727256178855896,0.0029737798031419516,0.34965559840202332,0.0029737798031419516
135704863,135704863,135704,-353614547,1491650136,24.581125259399414,-2.5631756782531738,-0.10101523250341415,35422,0.23404848575592041,1.0294191837310791,-353614547,1491650136,-353525199,1491638719,0,0.00093012559227645397,0,-0.10383892059326172,5.9897913160966709e-05,-0,35405,88.501930236816406,0,0.3583715558052063,0.0029737798031419516
135804823,135804823,135804,-353614327,1491650107,23.968631744384766,-2.5077147483825684,-0.10194151848554611,35416,0.26608359813690186,1.0294522047042847,-353614547,1491650136,-353524979,1491638690,0,0.0074427686631679535,4,-0.10375404357910156,0.00049152702558785677,0.0079854130744934082,35405,86.299835205078125,1.849880391091574e-07,5.9897913160966709e-05,0
135904783,135904783,135904,-353614114,1491650080,23.542823791503906,-2.4770021438598633,-0.10262037813663483,35413,0.26569017767906189,1.0294923782348633,-353614547,1491650136,-353524766,1491638663,0,0.015665648505091667,9,-0.10377359390258789,0.001053221058100462,0.0059992372989654541,35405,84.771873474121094,3.2646980230310874e-07,0.00049152702558785677,1.849880391091574e-07
136004743,136004743,136004,-353613904,1491650052,23.351541519165039,-2.4682009220123291,-0.10264596343040466,35412,0.23747347295284271,1.0295354127883911,-353614547,1491650136,-353524556,1491638636,0,0.024448033422231674,14,-0.10364961624145508,0.0016570521984249353,0.01648867130279541,35405,84.087364196777344,7.1849245841804077e-07,0.001053221058100462,3.2646980230310874e-07
136104703,136104703,136104,-353613696,1491650025,23.317913055419922,-2.4726166725158691,-0.10290041565895081,35411,0.18993969261646271,1.0295847654342651,-353614547,1491650136,-353524348,1491638610,0,0.030152227729558945,17,-0.10359811782836914,0.0020465487614274025,0.02031320333480835,35405,83.969276428222656,1.2021235988868284e-06,0.0016570521984249353,7.1849245841804077e-07
136204663,136204663,136204,-353613488,1491649998,23.338035583496094,-2.4784672260284424,-0.10230982303619385,35414,0.13278460502624512,1.0296043157577515,-353614547,1491650136,-353524140,1491638583,0,0.033107876777648926,19,-0.10355710983276367,0.0022451858967542648,0.024056077003479004,35405,84.043144226074219,1.7743643638823414e-06,0.0020465487614274025,1.2021235988868284e-06
136304623,136304623,136304,-353613280,1491649970,23.325239181518555,-2.4748780727386475,-0.10115145891904831,35421,0.074465274810791016,1.0296339988708496,-353614547,1491650136,-353523932,1491638557,0,0.03404705598950386,19,-0.10339736938476562,0.002310165436938405,0.03693699836730957,35405,83.9962158203125,2.6535044526099227e-06,0.0022451858967542648,1.7743643638823414e-06
136404583,136404583,136404,-353613072,1491649943,23.244712829589844,-2.4620730876922607,-0.10153085738420486,35419,0.02289855107665062,1.0296555757522583,-353614547,1491650136,-353523724,1491638530,0,0.031902458518743515,18,-0.10335397720336914,0.0021721902303397655,0.040665864944458008,35405,83.704627990722656,3.6247674870537594e-06,0.002310165436938405,2.6535044526099227e-06
136504543,136504543,136504,-353612866,1491649916,23.107570648193359,-2.4469852447509766,-0.1024642139673233,35413,-0.02037748321890831,1.0296909809112549,-353614547,1491650136,-353523518,1491638504,0,0.032541211694478989,19,-0.10327339172363281,0.002228837925940752,0.046809196472167969,35405,83.2105712890625,4.7493954298261087e-06,0.0021721902303397655,3.6247674870537594e-06
136604503,136604503,136604,-353612661,1491649890,22.945867538452148,-2.4341740608215332,-0.10284866392612457,35411,-0.0550701804459095,1.029697060585022,-353614547,1491650136,-353523313,1491638477,0,0.034639783203601837,20,-0.10329866409301758,0.0023892477620393038,0.044879674911499023,35405,82.629898071289062,5.8352425185148604e-06,0.002228837925940752,4.7493954298261087e-06
136704463,136704463,136704,-353612457,1491649863,22.784404754638672,-2.4196381568908691,-0.1021353080868721,35415,-0.083126924932003021,1.0296965837478638,-353614547,1491650136,-353523109,1491638451,0,0.037573587149381638,22,-0.10319042205810547,0.0026099393144249916,0.053282260894775391,35405,82.0494384765625,7.1335070970235392e-06,0.0023892477620393038,5.8352425185148604e-06
136804423,136804423,136804,-353612254,1491649836,22.648107528686523,-2.4037294387817383,-0.10209213942289352,35416,-0.10671616345643997,1.0296934843063354,-353614547,1491650136,-353522906,1491638425,0,0.038195110857486725,22,-0.10306882858276367,0.0026690959930419922,0.062812089920043945,35405,81.558074951171875,8.6731943156337366e-06,0.0026099393144249916,7.1335070970235392e-06
136904383,136904383,136904,-353612053,1491649810,22.544309616088867,-2.3926670551300049,-0.10240451246500015,35414,-0.12886779010295868,1.0297017097473145,-353614547,1491650136,-353522705,1491638400,0,0.038674652576446533,22,-0.10302066802978516,0.0027150504756718874,0.065800189971923828,35405,81.184272766113281,1.0293554623785894e-05,0.0026690959930419922,8.6731943156337366e-06
137004343,137004343,137004,-353611852,1491649784,22.472299575805664,-2.3860294818878174,-0.10280653089284897,35411,-0.15274865925312042,1.0296958684921265,-353614547,1491650136,-353522504,1491638374,0,0.039683327078819275,23,-0.10298538208007812,0.0027947761118412018,0.068551063537597656,35405,80.925338745117188,1.1987057405349333e-05,0.0027150504756718874,1.0293554623785894e-05
137105136,137105136,137105,-353611652,1491649758,22.436565399169922,-2.3852548599243164,-0.10318456590175629,35409,-0.17510995268821716,1.0296899080276489,-353614547,1491650136,-353522304,1491638349,0,0.042347293347120285,25,-0.10292625427246094,0.0029870991129428148,0.072690725326538086,35405,80.797798156738281,1.3786381714453455e-05,0.0027947761118412018,1.1987057405349333e-05
137205096,137205096,137205,-353611449,1491649731,22.442569732666016,-2.3889734745025635,-0.10313808917999268,35410,-0.19081862270832062,1.029680609703064,-353614547,1491650136,-353522101,1491638323,0,0.045975495129823685,27,-0.10280704498291016,0.0032421117648482323,0.082232475280761719,35406,80.820579528808594,1.5820507542230189e-05,0.0029870991129428148,1.3786381714453455e-05
137305056,137305056,137305,-353611247,1491649705,22.510259628295898,-2.3991224765777588,-0.1026461198925972,35412,-0.19693838059902191,1.0296565294265747,-353614547,1491650136,-353521899,1491638297,0,0.048201043158769608,28,-0.10278940200805664,0.0033887869212776423,0.083856105804443359,35406,81.065467834472656,1.7888529328047298e-05,0.0032421117648482323,1.5820507542230189e-05
137405016,137405016,137405,-353611044,1491649678,22.635944366455078,-2.4095280170440674,-0.10208567231893539,35416,-0.19287265837192535,1.0296410322189331,-353614547,1491650136,-353521696,1491638271,0,0.048217758536338806,28,-0.1026763916015625,0.003371186088770628,0.09339141845703125,35406,81.516952514648438,2.0178949853288941e-05,0.0033887869212776423,1.7888529328047298e-05
137504976,137504976,137504,-353610838,1491649651,22.811141967773438,-2.4216256141662598,-0.10180926322937012,35417,-0.17973186075687408,1.0296213626861572,-353614547,1491650136,-353521489,1491638244,0,0.045370183885097504,26,-0.1026158332824707,0.0031478269957005978,0.099286556243896484,35406,82.145401000976562,2.2595320842810906e-05,0.003371186088770628,2.0178949853288941e-05
137604936,137604936,137604,-353610631,1491649624,23.010211944580078,-2.4366991519927979,-0.1019686833024025,35416,-0.16203890740871429,1.0296134948730469,-353614547,1491650136,-353521282,1491638218,0,0.042815223336219788,25,-0.10255813598632812,0.0029449425637722015,0.1043853759765625,35406,82.8599853515625,2.511387356207706e-05,0.0031478269957005978,2.2595320842810906e-05
137704896,137704896,137704,-353610421,1491649597,23.213893890380859,-2.4541435241699219,-0.10308413952589035,35410,-0.14714735746383667,1.0296064615249634,-353614547,1491650136,-353521072,1491638191,0,0.040717575699090958,24,-0.10255146026611328,0.0027761384844779968,0.10579490661621094,35406,83.591888427734375,2.7644086003419943e-05,0.0029449425637722015,2.511387356207706e-05
137804856,137804856,137804,-353610210,1491649570,23.401592254638672,-2.4820334911346436,-0.10397820174694061,35405,-0.13978049159049988,1.0295929908752441,-353614547,1491650136,-353520861,1491638164,0,0.046011079102754593,27,-0.10255575180053711,0.0031117792241275311,0.10609817504882812,35406,84.27081298828125,3.0161108952597715e-05,0.0027761384844779968,2.7644086003419943e-05
137904816,137904816,137904,-353609996,1491649542,23.587278366088867,-2.5101718902587891,-0.1038803905248642,35405,-0.14009925723075867,1.0295742750167847,-353614547,1491650136,-353520647,1491638137,0,0.052647978067398071,31,-0.10248899459838867,0.0035324783530086279,0.11213445663452148,35406,84.942680358886719,3.2800293411128223e-05,0.0031117792241275311,3.0161108952597715e-05
138004776,138004776,138004,-353609782,1491649514,23.768749237060547,-2.5340409278869629,-0.10289771854877472,35411,-0.14809051156044006,1.0295791625976562,-353614547,1491650136,-353520433,1491638110,0,0.056896630674600601,33,-0.10242271423339844,0.0037883245386183262,0.11818408966064453,35406,85.597923278808594,3.5560566175263375e-05,0.0035324783530086279,3.2800293411128223e-05
138104736,138104736,138104,-353609567,1491649486,23.942436218261719,-2.5536203384399414,-0.10293286293745041,35411,-0.15955352783203125,1.0295690298080444,-353614547,1491650136,-353520218,1491638082,0,0.058587923645973206,34,-0.10238218307495117,0.0038726192433387041,0.12267827987670898,35406,86.223823547363281,3.8405007217079401e-05,0.0037883245386183262,3.5560566175263375e-05
138204696,138204696,138204,-353609351,1491649458,24.123725891113281,-2.5737731456756592,-0.10264043509960175,35412,-0.16907250881195068,1.0295555591583252,-353614547,1491650136,-353520002,1491638054,0,0.059965226799249649,35,-0.10235452651977539,0.0039338571950793266,0.12606143951416016,35406,86.87701416015625,4.1305913327960297e-05,0.0038726192433387041,3.8405007217079401e-05
138304656,138304656,138304,-353609134,1491649429,24.313119888305664,-2.5913145542144775,-0.10300843417644501,35410,-0.17417523264884949,1.0295418500900269,-353614547,1491650136,-353519785,1491638027,0,0.060815006494522095,36,-0.10222148895263672,0.0039585721679031849,0.13788604736328125,35406,87.558067321777344,4.4454245653469115e-05,0.0039338571950793266,4.1305913327960297e-05
138404616,138404616,138404,-353608915,1491649401,24.514825820922852,-2.615309476852417,-0.10359538346529007,35407,-0.17036998271942139,1.029533863067627,-353614547,1491650136,-353519566,1491637999,0,0.062746003270149231,37,-0.10223007202148438,0.0040506175719201565,0.13800334930419922,35406,88.285408020019531,4.7579294914612547e-05,0.0039585721679031849,4.4454245653469115e-05
138504576,138504576,138504,-353608695,1491649372,24.719642639160156,-2.6385395526885986,-0.10419698804616928,35403,-0.15983873605728149,1.0295077562332153,-353614547,1491650136,-353519346,1491637971,0,0.06541045755147934,38,-0.10214853286743164,0.0041876113973557949,0.14606571197509766,35406,89.023544311523438,5.0859489419963211e-05,0.0040506175719201565,4.7579294914612547e-05
138604536,138604536,138604,-353608473,1491649343,24.92619514465332,-2.6598501205444336,-0.10321920365095139,35409,-0.14700573682785034,1.0295083522796631,-353614547,1491650136,-353519124,1491637942,0,0.066186875104904175,39,-0.10210466384887695,0.0042022191919386387,0.151397705078125,35406,89.767127990722656,5.4231262765824795e-05,0.0041876113973557949,5.0859489419963211e-05
138704496,138704496,138704,-353608249,1491649314,25.122434616088867,-2.6760947704315186,-0.10307023674249649,35410,-0.13742540776729584,1.0294855833053589,-353614547,1491650136,-353518900,1491637914,0,0.064359299838542938,37,-0.10206747055053711,0.0040543465875089169,0.15514326095581055,35406,90.472061157226562,5.7659530284581706e-05,0.0042022191919386387,5.4231262765824795e-05
138804456,138804456,138804,-353608023,1491649284,25.300167083740234,-2.6898629665374756,-0.10330048948526382,35409,-0.13290797173976898,1.029472827911377,-353614547,1491650136,-353518674,1491637885,0,0.063196785748004913,37,-0.10196685791015625,0.0039532305672764778,0.16517829895019531,35406,91.110160827636719,6.1283986724447459e-05,0.0040543465875089169,5.7659530284581706e-05
138904416,138904416,138904,-353607796,1491649255,25.469482421875,-2.7113516330718994,-0.10336879640817642,35408,-0.1339634507894516,1.029472827911377,-353614547,1491650136,-353518447,1491637856,0,0.065651163458824158,38,-0.10197591781616211,0.004079403355717659,0.16510629653930664,35406,91.721214294433594,6.4882726292125881e-05,0.0039532305672764778,6.1283986724447459e-05
139004376,139004376,139004,-353607568,1491649225,25.632537841796875,-2.7310526371002197,-0.10324814915657043,35409,-0.13917218148708344,1.0294612646102905,-353614547,1491650136,-353518219,1491637827,0,0.068812400102615356,40,-0.10189723968505859,0.0042485953308641911,0.17299175262451172,35406,92.309303283691406,6.8629320594482124e-05,0.004079403355717659,6.4882726292125881e-05
139104336,139104336,139104,-353607338,1491649195,25.7891845703125,-2.7475900650024414,-0.10292645543813705,35411,-0.14547106623649597,1.0294444561004639,-353614547,1491650136,-353517989,1491637797,0,0.069823592901229858,41,-0.10185527801513672,0.0042848456650972366,0.17807674407958984,35406,92.873374938964844,7.2462615207768977e-05,0.0042485953308641911,6.8629320594482124e-05
139205129,139205129,139205,-353607106,1491649164,25.949443817138672,-2.7630865573883057,-0.10252831876277924,35413,-0.14804445207118988,1.0294326543807983,-353614547,1491650136,-353517757,1491637767,0,0.071193404495716095,42,-0.10173797607421875,0.0043419525027275085,0.190032958984375,35406,93.449913024902344,7.6529671787284315e-05,0.0042848456650972366,7.2462615207768977e-05
139305089,139305089,139305,-353606869,1491649133,26.121553421020508,-2.7766413688659668,-0.10233194380998611,35414,-0.14675287902355194,1.0294215679168701,-353614547,1491650136,-353517520,1491637737,0,0.069734573364257812,41,-0.10167407989501953,0.0042250398546457291,0.19666481018066406,35406,94.067909240722656,8.0709338362794369e-05,0.0043419525027275085,7.6529671787284315e-05
139405049,139405049,139405,-353606633,1491649103,26.293218612670898,-2.7875986099243164,-0.1022011861205101,35415,-0.14126661419868469,1.0294152498245239,-353614547,1491650136,-353517284,1491637707,0,0.065266817808151245,38,-0.10169649124145508,0.0039286450482904911,0.19533634185791016,35406,94.683349609375,8.4833787695970386e-05,0.0042250398546457291,8.0709338362794369e-05
139505009,139505009,139505,-353606394,1491649071,26.4737548828125,-2.8060243129730225,-0.10301471501588821,35410,-0.13076086342334747,1.0294156074523926,-353614547,1491650136,-353517044,1491637676,0,0.067324943840503693,39,-0.10157346725463867,0.0040249070152640343,0.20824432373046875,35406,95.33319091796875,8.9200810180045664e-05,0.0039286450482904911,8.4833787695970386e-05
139604969,139604969,139604,-353606153,1491649040,26.646305084228516,-2.8194055557250977,-0.10241924226284027,35414,-0.11959865689277649,1.0293906927108765,-353614547,1491650136,-353516803,1491637646,0,0.065069086849689484,38,-0.10155153274536133,0.0038649281486868858,0.21067333221435547,35406,95.952705383300781,9.3590249889530241e-05,0.0040249070152640343,8.9200810180045664e-05
139704929,139704929,139704,-353605911,1491649009,26.809835433959961,-2.8331215381622314,-0.10229042917490005,35414,-0.11006864160299301,1.0293900966644287,-353614547,1491650136,-353516561,1491637615,0,0.06317119300365448,37,-0.10155439376831055,0.0037293629720807076,0.2112884521484375,35406,96.54022216796875,9.7965712484437972e-05,0.0038649281486868858,9.3590249889530241e-05
139804889,139804889,139804,-353605667,1491648977,26.9619140625,-2.8463828563690186,-0.10172723978757858,35418,-0.10464432835578918,1.0293917655944824,-353614547,1491650136,-353516317,1491637584,0,0.062988214194774628,37,-0.10148334503173828,0.0036976262927055359,0.21883106231689453,35406,97.0867919921875,0.00010247185855405405,0.0037293629720807076,9.7965712484437972e-05
139904849,139904849,139904,-353605422,1491648945,27.112314224243164,-2.8574047088623047,-0.10126021504402161,35420,-0.10417826473712921,1.0293750762939453,-353614547,1491650136,-353516072,1491637552,0,0.061066035181283951,35,-0.10143899917602539,0.0035649677738547325,0.22449588775634766,35406,97.626541137695312,0.00010706909961299971,0.0036976262927055359,0.00010247185855405405
140004809,140004809,140004,-353605176,1491648913,27.253490447998047,-2.8669638633728027,-0.10099180787801743,35422,-0.1073562279343605,1.029363751411438,-353614547,1491650136,-353515826,1491637521,0,0.05895276740193367,34,-0.10138702392578125,0.0034238386433571577,0.22994804382324219,35406,98.132904052734375,0.00011175368854310364,0.0035649677738547325,0.00010706909961299971
140104769,140104769,140104,-353604930,1491648881,27.383087158203125,-2.8818259239196777,-0.10160493850708008,35418,-0.10995592176914215,1.0293715000152588,-353614547,1491650136,-353515580,1491637489,0,0.060616999864578247,35,-0.10135126113891602,0.0035038157366216183,0.23453807830810547,35406,98.600006103515625,0.00011650915257632732,0.0034238386433571577,0.00011175368854310364
140204729,140204729,140204,-353604684,1491648849,27.501979827880859,-2.9003164768218994,-0.10234714299440384,35414,-0.11074405163526535,1.0293557643890381,-353614547,1491650136,-353515334,1491637458,0,0.06554161012172699,38,-0.10129785537719727,0.0037720079999417067,0.24000167846679688,35406,99.030357360839844,0.00012135424913140014,0.0035038157366216183,0.00011650915257632732
140304689,140304689,140304,-353604438,1491648817,27.612701416015625,-2.9259812831878662,-0.10261218994855881,35413,-0.10765481740236282,1.0293549299240112,-353614547,1491650136,-353515088,1491637426,0,0.075185008347034454,44,-0.10126161575317383,0.0043094241991639137,0.24456882476806641,35406,99.434303283691406,0.0001262714940821752,0.0037720079999417067,0.00012135424913140014
140404649,140404649,140404,-353604190,1491648785,27.724037170410156,-2.9489071369171143,-0.10144808888435364,35419,-0.10212558507919312,1.0293506383895874,-353614547,1491650136,-353514840,1491637395,0,0.083052434027194977,48,-0.101226806640625,0.0047410521656274796,0.24797916412353516,35406,99.839439392089844,0.00013123707321938127,0.0043094241991639137,0.0001262714940821752
140504609,140504609,140504,-353603943,1491648752,27.827171325683594,-2.9538943767547607,-0.10032649338245392,35426,-0.09714556485414505,1.0293557643890381,-353614547,1491650136,-353514593,1491637363,0,0.081690885126590729,47,-0.10110902786254883,0.0046461489982903004,0.26052379608154297,35406,100.20857238769531,0.00013643462443724275,0.0047410521656274796,0.00013123707321938127
140604569,140604569,140604,-353603694,1491648720,27.91990852355957,-2.9513065814971924,-0.099780119955539703,35429,-0.092854879796504974,1.0293402671813965,-353614547,1491650136,-353514344,1491637331,0,0.074360154569149017,43,-0.10109949111938477,0.004215361550450325,0.261962890625,35406,100.537841796875,0.00014164377353154123,0.0046461489982903004,0.00013643462443724275
140704529,140704529,140704,-353603445,1491648687,28.013181686401367,-2.9402275085449219,-0.098991960287094116,35433,-0.092312254011631012,1.0293383598327637,-353614547,1491650136,-353514095,1491637300,0,0.063591860234737396,37,-0.100982666015625,0.0035931977909058332,0.27342033386230469,35407,100.86586761474609,0.00014706308138556778,0.004215361550450325,0.00014164377353154123
140804489,140804489,140804,-353603195,1491648655,28.108482360839844,-2.9318461418151855,-0.099171675741672516,35432,-0.094244517385959625,1.0293426513671875,-353614547,1491650136,-353513845,1491637268,0,0.052318017929792404,30,-0.100982666015625,0.0029463542159646749,0.27383995056152344,35407,101.20215606689453,0.00015247266856022179,0.0035931977909058332,0.00014706308138556778
140904449,140904449,140904,-353602944,1491648623,28.203184127807617,-2.937699556350708,-0.10052298754453659,35425,-0.096780218183994293,1.0293265581130981,-353614547,1491650136,-353513594,1491637236,0,0.049817267805337906,29,-0.10099172592163086,0.0027961418963968754,0.27323627471923828,35407,101.54163360595703,0.00015785227878950536,0.0029463542159646749,0.00015247266856022179
141004409,141004409,141004,-353602692,1491648590,28.297210693359375,-2.9527022838592529,-0.10031674057245255,35426,-0.097321048378944397,1.0293325185775757,-353614547,1491650136,-353513342,1491637203,0,0.054177608340978622,31,-0.10093927383422852,0.0030307180713862181,0.27959060668945312,35407,101.88208770751953,0.00016333859821315855,0.0027961418963968754,0.00015785227878950536
141104369,141104369,141104,-353602439,1491648558,28.390987396240234,-2.9658174514770508,-0.099629931151866913,35430,-0.097005501389503479,1.0293205976486206,-353614547,1491650136,-353513089,1491637171,0,0.05595475435256958,32,-0.10096597671508789,0.0031197553034871817,0.27694129943847656,35407,102.22097015380859,0.00016875492292456329,0.0030307180713862181,0.00016333859821315855
141204329,141204329,141204,-353602185,1491648525,28.486509323120117,-2.970890998840332,-0.097739048302173615,35440,-0.094833672046661377,1.0293096303939819,-353614547,1491650136,-353512835,1491637139,0,0.054022438824176788,31,-0.10091352462768555,0.0030019725672900677,0.28232192993164062,35407,102.56306457519531,0.00017425806436222047,0.0031197553034871817,0.00016875492292456329
141305122,141305122,141305,-353601930,1491648492,28.57414436340332,-2.9677248001098633,-0.097645208239555359,35441,-0.091495394706726074,1.0293192863464355,-353614547,1491650136,-353512580,1491637106,0,0.046960294246673584,27,-0.10088777542114258,0.002601647051051259,0.28559303283691406,35407,102.87403106689453,0.00017981036216951907,0.0030019725672900677,0.00017425806436222047
141405082,141405082,141405,-353601672,1491648459,28.671115875244141,-2.9810407161712646,-0.09949096292257309,35430,-0.088745839893817902,1.0293108224868774,-353614547,1491650136,-353512322,1491637073,0,0.049113307148218155,28,-0.10088968276977539,0.002711692126467824,0.28582382202148438,35407,103.22434997558594,0.00018534607079345733,0.002601647051051259,0.00017981036216951907
141505042,141505042,141505,-353601413,1491648426,28.776893615722656,-3.0054755210876465,-0.098863378167152405,35434,-0.087499499320983887,1.0293036699295044,-353614547,1491650136,-353512063,1491637040,0,0.05748327448964119,33,-0.10090112686157227,0.0031620061490684748,0.28504371643066406,35407,103.61016845703125,0.00019084611267317086,0.002711692126467824,0.00018534607079345733
141605002,141605002,141605,-353601153,1491648393,28.883346557617188,-3.0151772499084473,-0.097603060305118561,35441,-0.087617777287960052,1.0293076038360596,-353614547,1491650136,-353511803,1491637007,0,0.056444928050041199,33,-0.1009211540222168,0.0030934619717299938,0.28326511383056641,35407,103.992919921875,0.00019629171583801508,0.0031620061490684748,0.00019084611267317086
141704962,141704962,141704,-353600891,1491648359,28.992622375488281,-3.0147294998168945,-0.097707130014896393,35441,-0.089498184621334076,1.0293107032775879,-353614547,1491650136,-353511541,1491636973,0,0.049800612032413483,29,-0.10089111328125,0.0027191464323550463,0.28732967376708984,35407,104.38196563720703,0.00020179487182758749,0.0030934619717299938,0.00019629171583801508
141804922,141804922,141804,-353600629,1491648325,29.103055953979492,-3.0214135646820068,-0.098305396735668182,35437,-0.091229096055030823,1.0292937755584717,-353614547,1491650136,-353511279,1491636940,0,0.047893334180116653,28,-0.10084199905395508,0.0026051290333271027,0.29258918762207031,35407,104.77777862548828,0.0002073775976896286,0.0027191464323550463,0.00020179487182758749
141904882,141904882,141904,-353600364,1491648291,29.214530944824219,-3.0350840091705322,-0.09972679615020752,35429,-0.091917544603347778,1.0292990207672119,-353614547,1491650136,-353511014,1491636906,0,0.049457866698503494,29,-0.10083818435668945,0.0026799459010362625,0.29363822937011719,35407,105.17989349365234,0.00021295891201589257,0.0026051290333271027,0.0002073775976896286
142004842,142004842,142004,-353600099,1491648257,29.322793960571289,-3.0621426105499268,-0.099535547196865082,35430,-0.09037664532661438,1.0293018817901611,-353614547,1491650136,-353510749,1491636872,0,0.059598453342914581,34,-0.10083436965942383,0.0032173276413232088,0.29468536376953125,35407,105.57553100585938,0.0002185391349485144,0.0026799459010362625,0.00021295891201589257
142104802,142104802,142104,-353599833,1491648223,29.432918548583984,-3.0780248641967773,-0.098441384732723236,35436,-0.089750781655311584,1.0292887687683105,-353614547,1491650136,-353510483,1491636838,0,0.062477555125951767,36,-0.10083866119384766,0.003360080998390913,0.29473686218261719,35407,105.97366333007812,0.00022409937810152769,0.0032173276413232088,0.0002185391349485144
142204762,142204762,142204,-353599566,1491648188,29.544708251953125,-3.087144136428833,-0.098864465951919556,35434,-0.088876307010650635,1.029295802116394,-353614547,1491650136,-353510216,1491636804,0,0.06245407834649086,36,-0.10076665878295898,0.003346139332279563,0.30282783508300781,35407,106.37520599365234,0.00022979069035500288,0.003360080998390913,0.00022409937810152769
142304722,142304722,142304,-353599300,1491648154,29.639902114868164,-3.101632833480835,-0.098994016647338867,35433,-0.087146610021591187,1.0292832851409912,-353614547,1491650136,-353509950,1491636770,0,0.065436072647571564,38,-0.10076999664306641,0.0034945928491652012,0.30287933349609375,35407,106.71964263916016,0.00023546459851786494,0.003346139332279563,0.00022979069035500288
142404682,142404682,142404,-353599034,1491648120,29.733928680419922,-3.107048511505127,-0.097538113594055176,35442,-0.084778159856796265,1.0292816162109375,-353614547,1491650136,-353509684,1491636736,0,0.062824398279190063,36,-0.10077285766601562,0.0033445586450397968,0.3029327392578125,35407,107.05653381347656,0.00024112164101097733,0.0034945928491652012,0.00023546459851786494
142504642,142504642,142504,-353598768,1491648086,29.825370788574219,-3.1060380935668945,-0.097380675375461578,35443,-0.084649220108985901,1.029283881187439,-353614547,1491650136,-353509418,1491636702,0,0.056366000324487686,33,-0.10077524185180664,0.0029916435014456511,0.30298805236816406,35407,107.38185119628906,0.00024676258908584714,0.0033445586450397968,0.00024112164101097733
142604602,142604602,142604,-353598502,1491648051,29.908727645874023,-3.1040773391723633,-0.096969887614250183,35445,-0.084109634160995483,1.0292826890945435,-353614547,1491650136,-353509151,1491636668,0,0.051474582403898239,30,-0.10069036483764648,0.0027245145756751299,0.31224441528320312,35407,107.67802429199219,0.0002525598683860153,0.0029916435014456511,0.00024676258908584714
142704562,142704562,142704,-353598235,1491648017,29.99254035949707,-3.1034290790557861,-0.098214447498321533,35438,-0.083515174686908722,1.0292816162109375,-353614547,1491650136,-353508884,1491636634,0,0.045587904751300812,26,-0.10070037841796875,0.0024062702432274818,0.31131935119628906,35407,107.976318359375,0.00025832399842329323,0.0027245145756751299,0.0002525598683860153
142804522,142804522,142804,-353597967,1491647983,30.07514762878418,-3.1221818923950195,-0.099831618368625641,35429,-0.083644263446331024,1.0292752981185913,-353614547,1491650136,-353508617,1491636600,0,0.051702715456485748,30,-0.10072088241577148,0.0027214386500418186,0.30924797058105469,35407,108.27748107910156,0.00026403384981676936,0.0024062702432274818,0.00025832399842329323
142904482,142904482,142904,-353597699,1491647949,30.157527923583984,-3.149691104888916,-0.099254868924617767,35432,-0.083160296082496643,1.0292737483978271,-353614547,1491650136,-353508349,1491636565,0,0.062958918511867523,36,-0.10075950622558594,0.0033046591561287642,0.30593299865722656,35407,108.58110046386719,0.00026966672157868743,0.0027214386500418186,0.00026403384981676936
143004442,143004442,143004,-353597430,1491647914,30.23338508605957,-3.1635012626647949,-0.098342746496200562,35437,-0.083789154887199402,1.0292718410491943,-353614547,1491650136,-353508079,1491636531,0,0.067958377301692963,39,-0.10069847106933594,0.0035580554977059364,0.312286376953125,35407,108.85641479492188,0.00027540200971998274,0.0033046591561287642,0.00026966672157868743
143104402,143104402,143104,-353597160,1491647879,30.243871688842773,-3.1603677272796631,-0.097379989922046661,35443,-0.083260752260684967,1.0292718410491943,-353614547,1491650136,-353507809,1491636496,0,0.066014893352985382,38,-0.10066318511962891,0.0034551532007753849,0.31603240966796875,35407,108.89259338378906,0.00028120417846366763,0.0035580554977059364,0.00027540200971998274
143204362,143204362,143204,-353596891,1491647844,30.160797119140625,-3.1499993801116943,-0.097751729190349579,35440,-0.08350546658039093,1.0292689800262451,-353614547,1491650136,-353507540,1491636462,0,0.066182412207126617,38,-0.10058927536010742,0.0034734820947051048,0.32221412658691406,35407,108.59285736083984,0.00028713617939502001,0.0034551532007753849,0.00028120417846366763
143304322,143304322,143304,-353596623,1491647810,29.97715950012207,-3.1328189373016357,-0.097446814179420471,35442,-0.086336858570575714,1.0292675495147705,-353614547,1491650136,-353507272,1491636428,0,0.067192323505878448,39,-0.10058069229125977,0.0035480645019561052,0.32034492492675781,35407,107.93241882324219,0.00029306983924470842,0.0034734820947051048,0.00028713617939502001
143405115,143405115,143405,-353596354,1491647775,29.732000350952148,-3.1070842742919922,-0.097461335361003876,35442,-0.09514889121055603,1.0292588472366333,-353614547,1491650136,-353507003,1491636393,0,0.067877106368541718,39,-0.10051107406616211,0.0036137797869741917,0.32502174377441406,35407,107.0496826171875,0.00029914220795035362,0.0035480645019561052,0.00029306983924470842
143505075,143505075,143505,-353596088,1491647741,29.506515502929688,-3.0811100006103516,-0.097339175641536713,35443,-0.11268243193626404,1.0292614698410034,-353614547,1491650136,-353506737,1491636359,0,0.066409014165401459,39,-0.10048151016235352,0.0035626671742647886,0.32506561279296875,35407,106.23693084716797,0.0003052593965549022,0.0036137797869741917,0.00029914220795035362
143605035,143605035,143605,-353595823,1491647707,29.314958572387695,-3.0620794296264648,-0.09672103077173233,35446,-0.13688415288925171,1.0292508602142334,-353614547,1491650136,-353506472,1491636326,0,0.067639023065567017,39,-0.10042476654052734,0.0036523533053696156,0.32762718200683594,35407,105.547607421875,0.00031146506080403924,0.0035626671742647886,0.0003052593965549022
143704995,143704995,143704,-353595559,1491647673,29.176647186279297,-3.0411107540130615,-0.096617750823497772,35447,-0.16376973688602448,1.0292479991912842,-353614547,1491650136,-353506208,1491636292,0,0.06393926590681076,37,-0.1003870964050293,0.0034690210595726967,0.32959175109863281,35407,105.04718780517578,0.00031773769296705723,0.0036523533053696156,0.00031146506080403924
143804955,143804955,143804,-353595296,1491647639,29.091796875,-3.0331912040710449,-0.096480168402194977,35448,-0.18478487432003021,1.0292383432388306,-353614547,1491650136,-353505945,1491636258,0,0.065070196986198425,38,-0.10034656524658203,0.0035406649112701416,0.332489013671875,35407,104.74204254150391,0.00032408389961346984,0.0034690210595726967,0.00031773769296705723
143904915,143904915,143904,-353595033,1491647605,29.082096099853516,-3.0234119892120361,-0.095176316797733307,35455,-0.19276224076747894,1.0292283296585083,-353614547,1491650136,-353505682,1491636225,0,0.060579311102628708,36,-0.10029172897338867,0.0032975033391267061,0.33699226379394531,35407,104.70386505126953,0.00033051837817765772,0.0035406649112701416,0.00032408389961346984
144004875,144004875,144004,-353594770,1491647572,29.156875610351562,-3.016589879989624,-0.095182515680789948,35455,-0.18295635282993317,1.0291972160339355,-353614547,1491650136,-353505419,1491636191,0,0.050447363406419754,29,-0.10035467147827148,0.0027390890754759312,0.33086013793945312,35407,104.96769714355469,0.00033681991044431925,0.0032975033391267061,0.00033051837817765772
144104835,144104835,144104,-353594506,1491647538,29.29789924621582,-3.0196518898010254,-0.09542594850063324,35454,-0.15962544083595276,1.0291818380355835,-353614547,1491650136,-353505155,1491636157,0,0.043625354766845703,25,-0.10034704208374023,0.00235737394541502,0.33279228210449219,35407,105.47116088867188,0.00034312799107283354,0.0027390890754759312,0.00033681991044431925
144204795,144204795,144204,-353594240,1491647504,29.452808380126953,-3.0269443988800049,-0.09501522034406662,35456,-0.12765869498252869,1.0291681289672852,-353614547,1491650136,-353504889,1491636123,0,0.038248993456363678,22,-0.1003570556640625,0.00205604312941432,0.33283424377441406,35407,106.02564239501953,0.00034940385376103222,0.00235737394541502,0.00034312799107283354
144304755,144304755,144304,-353593975,1491647471,29.578821182250977,-3.0297012329101562,-0.094526320695877075,35459,-0.095612883567810059,1.0291587114334106,-353614547,1491650136,-353504624,1491636089,0,0.03047565184533596,17,-0.10044097900390625,0.0016312712104991078,0.32478904724121094,35407,106.47554779052734,0.00035550215397961438,0.00205604312941432,0.00034940385376103222
144404715,144404715,144404,-353593709,1491647438,29.673286437988281,-3.0299689769744873,-0.093768157064914703,35463,-0.074349313974380493,1.0291366577148438,-353614547,1491650136,-353504358,1491636055,0,0.023043623194098473,13,-0.10052871704101562,0.0012295693159103394,0.31580162048339844,35407,106.81216430664062,0.00036141302553005517,0.0016312712104991078,0.00035550215397961438
144504675,144504675,144504,-353593444,1491647404,29.766271591186523,-3.0255537033081055,-0.093621455132961273,35464,-0.065659284591674805,1.029145359992981,-353614547,1491650136,-353504093,1491636022,0,0.014952379278838634,8,-0.10050058364868164,0.00079537904821336269,0.31850051879882812,35407,107.14183044433594,0.00036735605681315064,0.0012295693159103394,0.00036141302553005517
144604635,144604635,144604,-353593177,1491647371,29.859760284423828,-3.0264120101928711,-0.093506872653961182,35465,-0.068553641438484192,1.0291476249694824,-353614547,1491650136,-353503827,1491635987,0,0.007307006511837244,4,-0.10062170028686523,0.00038748420774936676,0.30662918090820312,35407,107.47521209716797,0.00037305982550606132,0.00079537904821336269,0.00036735605681315064
144704595,144704595,144704,-353592911,1491647338,29.957242965698242,-3.0415544509887695,-0.094895616173744202,35457,-0.079478122293949127,1.0291410684585571,-353614547,1491650136,-353503561,1491635953,0,0.0089690182358026505,5,-0.10070896148681641,0.0004740632139146328,0.29763603210449219,35407,107.82798767089844,0.00037857820279896259,0.00038748420774936676,0.00037305982550606132
144804555,144804555,144804,-353592643,1491647305,30.055856704711914,-3.0653109550476074,-0.095148384571075439,35455,-0.090848423540592194,1.0291328430175781,-353614547,1491650136,-353503293,1491635919,0,0.015649406239390373,9,-0.10081148147583008,0.0008244076743721962,0.28679847717285156,35407,108.18791961669922,0.00038387795211747289,0.0004740632139146328,0.00037857820279896259
144904515,144904515,144904,-353592374,1491647271,30.145299911499023,-3.099766731262207,-0.096506133675575256,35448,-0.096278659999370575,1.0291342735290527,-353614547,1491650136,-353503024,1491635885,0,0.031050007790327072,18,-0.10083675384521484,0.0016307166079059243,0.28406524658203125,35407,108.51911926269531,0.00038911117007955909,0.0008244076743721962,0.00038387795211747289
145004475,145004475,145004,-353592105,1491647237,30.236612319946289,-3.1290428638458252,-0.095734097063541412,35452,-0.0921369269490242,1.0291262865066528,-353614547,1491650136,-353502755,1491635850,0,0.042638421058654785,25,-0.10088586807250977,0.0022324174642562866,0.27953529357910156,35407,108.85514068603516,0.000394245027564466,0.0016307166079059243,0.00038911117007955909
145104435,145104435,145104,-353591834,1491647202,30.325153350830078,-3.1392977237701416,-0.094189807772636414,35461,-0.084619030356407166,1.029137134552002,-353614547,1491650136,-353502484,1491635816,0,0.044273063540458679,25,-0.10084247589111328,0.0023112262133508921,0.28400611877441406,35407,109.17429351806641,0.00039944576565176249,0.0022324174642562866,0.000394245027564466
145204395,145204395,145204,-353591563,1491647168,30.406406402587891,-3.1465976238250732,-0.094467848539352417,35459,-0.073781445622444153,1.0291286706924438,-353614547,1491650136,-353502213,1491635781,0,0.042486965656280518,24,-0.10090541839599609,0.0022120662033557892,0.27761077880859375,35407,109.46640777587891,0.00040451582754030824,0.0023112262133508921,0.00039944576565176249
145304355,145304355,145304,-353591291,1491647133,30.483308792114258,-3.1555476188659668,-0.094741605222225189,35458,-0.064900949597358704,1.0291247367858887,-353614547,1491650136,-353501941,1491635746,0,0.043455831706523895,25,-0.10089302062988281,0.0022567943669855595,0.27932357788085938,35407,109.74362945556641,0.00040960428304970264,0.0022120662033557892,0.00040451582754030824
145404315,145404315,145404,-353591018,1491647098,30.556758880615234,-3.1546335220336914,-0.09447123110294342,35459,-0.061421096324920654,1.0291190147399902,-353614547,1491650136,-353501668,1491635712,0,0.038809958845376968,22,-0.10086345672607422,0.0020107324235141277,0.2819976806640625,35407,110.00492858886719,0.0004147292347624898,0.0022567943669855595,0.00040960428304970264
145505108,145505108,145505,-353590740,1491647063,30.639249801635742,-3.158649206161499,-0.09398292750120163,35462,-0.063007354736328125,1.0291327238082886,-353614547,1491650136,-353501390,1491635676,0,0.035007294267416,20,-0.10091972351074219,0.0018088609213009477,0.27634620666503906,35407,110.30023193359375,0.00041974004125222564,0.0020107324235141277,0.0004147292347624898
145605068,145605068,145605,-353590463,1491647028,30.729063034057617,-3.1601808071136475,-0.094260610640048981,35460,-0.068204812705516815,1.0291310548782349,-353614547,1491650136,-353501113,1491635641,0,0.029790641739964485,17,-0.10094499588012695,0.0015348515007644892,0.27350616455078125,35407,110.6207275390625,0.00042468300671316683,0.0018088609213009477,0.00041974004125222564
145705028,145705028,145705,-353590184,1491646992,30.824981689453125,-3.1682116985321045,-0.094635322690010071,35458,-0.072898402810096741,1.0291255712509155,-353614547,1491650136,-353500834,1491635605,0,0.029066385701298714,17,-0.10092830657958984,0.0014928862219676375,0.27595710754394531,35407,110.96535491943359,0.00042965478496626019,0.0015348515007644892,0.00042468300671316683
145804988,145804988,145804,-353589904,1491646957,30.912614822387695,-3.1769814491271973,-0.094578288495540619,35459,-0.07492026686668396,1.029126763343811,-353614547,1491650136,-353500554,1491635569,0,0.027613278478384018,16,-0.10099935531616211,0.0014142331201583147,0.26847076416015625,35407,111.28073120117188,0.00043447795906104147,0.0014928862219676375,0.00042965478496626019
145904948,145904948,145904,-353589623,1491646921,30.997892379760742,-3.1889932155609131,-0.094206236302852631,35461,-0.073486723005771637,1.0291296243667603,-353614547,1491650136,-353500273,1491635533,0,0.029779985547065735,17,-0.10099601745605469,0.0015209902776405215,0.26909637451171875,35407,111.58890533447266,0.00043929903768002987,0.0014142331201583147,0.00043447795906104147
146004908,146004908,146004,-353589342,1491646886,31.073081970214844,-3.1985094547271729,-0.0952892005443573,35455,-0.066458895802497864,1.0291171073913574,-353614547,1491650136,-353499992,1491635497,0,0.029453741386532784,17,-0.10107326507568359,0.0015006788307800889,0.26068687438964844,35406,111.86023712158203,0.00044395812437869608,0.0015209902776405215,0.00043929903768002987
146104868,146104868,146104,-353589060,1491646850,31.14362907409668,-3.2137472629547119,-0.093866318464279175,35463,-0.061319511383771896,1.0291224718093872,-353614547,1491650136,-353499710,1491635461,0,0.034450136125087738,20,-0.10107612609863281,0.0017512254416942596,0.26041603088378906,35406,112.11712646484375,0.00044860169873572886,0.0015006788307800889,0.00044395812437869608
146204828,146204828,146204,-353588778,1491646814,31.200403213500977,-3.204188346862793,-0.09297480434179306,35468,-0.059086449444293976,1.0291304588317871,-353614547,1491650136,-353499428,1491635425,0,0.024841729551553726,14,-0.10107755661010742,0.0012605605879798532,0.26013946533203125,35406,112.31585693359375,0.00045323214726522565,0.0017512254416942596,0.00044860169873572886
146304788,146304788,146304,-353588497,1491646779,31.251459121704102,-3.1983275413513184,-0.093084640800952911,35467,-0.059163417667150497,1.0291233062744141,-353614547,1491650136,-353499147,1491635389,0,0.016467569395899773,9,-0.10115242004394531,0.00083428982179611921,0.25172805786132812,35406,112.49559783935547,0.00045770569704473019,0.0012605605879798532,0.00045323214726522565
146404748,146404748,146404,-353588216,1491646744,31.296182632446289,-3.200840950012207,-0.09404667466878891,35462,-0.05965626984834671,1.0291280746459961,-353614547,1491650136,-353498866,1491635354,0,0.014234929345548153,8,-0.10120105743408203,0.00072015263140201569,0.2453765869140625,35406,112.65583038330078,0.00046206018305383623,0.00083428982179611921,0.00045770569704473019
146504708,146504708,146504,-353587936,1491646708,31.334634780883789,-3.2158894538879395,-0.093751810491085052,35463,-0.061814893037080765,1.0291197299957275,-353614547,1491650136,-353498586,1491635318,0,0.021468516439199448,12,-0.10118770599365234,0.0010847317753359675,0.24689292907714844,35406,112.79830169677734,0.00046643603127449751,0.00072015263140201569,0.00046206018305383623
146604668,146604668,146604,-353587655,1491646673,31.372644424438477,-3.2172210216522217,-0.093188382685184479,35467,-0.064094394445419312,1.0291306972503662,-353614547,1491650136,-353498305,1491635282,0,0.018432095646858215,10,-0.10126113891601562,0.00093019113410264254,0.23848915100097656,35406,112.93419647216797,0.00047065786202438176,0.0010847317753359675,0.00046643603127449751
146704628,146704628,146704,-353587375,1491646637,31.406023025512695,-3.2120993137359619,-0.091977685689926147,35474,-0.064752876758575439,1.0291216373443604,-353614547,1491650136,-353498025,1491635246,0,0.013384656049311161,7,-0.10124731063842773,0.00067476846743375063,0.23999404907226562,35406,113.05123138427734,0.00047490192810073495,0.00093019113410264254,0.00047065786202438176
146804588,146804588,146804,-353587094,1491646602,31.439319610595703,-3.2075965404510498,-0.092822447419166565,35469,-0.06490982323884964,1.0291386842727661,-353614547,1491650136,-353497744,1491635210,0,0.0070032780058681965,4,-0.10132074356079102,0.00035269535146653652,0.23157691955566406,35406,113.168212890625,0.00047899290802888572,0.00067476846743375063,0.00047490192810073495
146904548,146904548,146904,-353586814,1491646567,31.466043472290039,-3.2097322940826416,-0.092998109757900238,35468,-0.062774017453193665,1.0291410684585571,-353614547,1491650136,-353497464,1491635174,0,0.0053329444490373135,3,-0.10138607025146484,0.00026834732852876186,0.22404861450195312,35406,113.26419067382812,0.0004829475365113467,0.00035269535146653652,0.00047899290802888572
147004508,147004508,147004,-353586533,1491646532,31.490901947021484,-3.216754674911499,-0.092750944197177887,35469,-0.059346523135900497,1.0291316509246826,-353614547,1491650136,-353497183,1491635139,0,0.0072113191708922386,4,-0.10143327713012695,0.00036257319152355194,0.21778488159179688,35406,113.35530090332031,0.00048678851453587413,0.00026834732852876186,0.0004829475365113467
147104468,147104468,147104,-353586252,1491646496,31.509113311767578,-3.2191286087036133,-0.09221639484167099,35472,-0.058425180613994598,1.0291392803192139,-353614547,1491650136,-353496902,1491635103,0,0.0076861553825438023,4,-0.1014256477355957,0.0003862231969833374,0.21840286254882812,35406,113.42104339599609,0.00049063813639804721,0.00036257319152355194,0.00048678851453587413
147204428,147204428,147204,-353585970,1491646461,31.533927917480469,-3.2138621807098389,-0.092572331428527832,35470,-0.058335397392511368,1.0291327238082886,-353614547,1491650136,-353496620,1491635067,0,0.0012349070748314261,0,-0.10150480270385742,6.2005827203392982e-05,0.20911788940429688,35406,113.50753021240234,0.00049432134255766869,0.0003862231969833374,0.00049063813639804721
147304388,147304388,147304,-353585688,1491646425,31.562896728515625,-3.2200520038604736,-0.092564858496189117,35470,-0.0618865005671978,1.0291417837142944,-353614547,1491650136,-353496338,1491635031,0,0.0032577475067228079,1,-0.10150480270385742,0.00016342266462743282,0.20885848999023438,35406,113.61297607421875,0.0004979965160600841,6.2005827203392982e-05,0.00049432134255766869
147404348,147404348,147404,-353585406,1491646390,31.597866058349609,-3.2227315902709961,-0.092840135097503662,35469,-0.065389037132263184,1.0291448831558228,-353614547,1491650136,-353496057,1491634995,0,0.0010446282103657722,0,-0.10158824920654297,5.2345218136906624e-05,0.1992950439453125,35406,113.73853302001953,0.0005014995695091784,0.00016342266462743282,0.0004979965160600841
147505141,147505141,147505,-353585123,1491646354,31.626968383789062,-3.2468593120574951,-0.094074994325637817,35461,-0.066339723765850067,1.0291296243667603,-353614547,1491650136,-353495774,1491634958,0,0.013602276332676411,7,-0.10162162780761719,0.00068092241417616606,0.19593429565429688,35406,113.85100555419922,0.00050494150491431355,5.2345218136906624e-05,0.0005014995695091784
147605101,147605101,147605,-353584837,1491646318,31.65057373046875,-3.2625675201416016,-0.093437910079956055,35465,-0.064988993108272552,1.0291303396224976,-353614547,1491650136,-353495488,1491634922,0,0.021375542506575584,12,-0.10164880752563477,0.0010692040668800473,0.19219970703125,35406,113.94084167480469,0.0005083138239569962,0.00068092241417616606,0.00050494150491431355
147705061,147705061,147705,-353584551,1491646282,31.688100814819336,-3.269451379776001,-0.092720046639442444,35469,-0.062273833900690079,1.0291472673416138,-353614547,1491650136,-353495202,1491634885,0,0.022200468927621841,12,-0.10170316696166992,0.0011091410415247083,0.18622207641601562,35406,114.07704925537109,0.00051157735288143158,0.0010692040668800473,0.0005083138239569962
147805021,147805021,147805,-353584265,1491646245,31.724264144897461,-3.2640867233276367,-0.092366471886634827,35471,-0.060092631727457047,1.029143214225769,-353614547,1491650136,-353494916,1491634849,0,0.017576053738594055,10,-0.10165119171142578,0.00087712879758328199,0.19153213500976562,35406,114.20389556884766,0.00051493023056536913,0.0011091410415247083,0.00051157735288143158
147904981,147904981,147904,-353583977,1491646209,31.765426635742188,-3.2677745819091797,-0.092181123793125153,35472,-0.059485927224159241,1.0291409492492676,-353614547,1491650136,-353494628,1491634812,0,0.015899568796157837,9,-0.10171890258789062,0.00079243734944611788,0.18383026123046875,35406,114.35187530517578,0.00051814410835504532,0.00087712879758328199,0.00051493023056536913
148004941,148004941,148004,-353583689,1491646172,31.800893783569336,-3.2749662399291992,-0.092339165508747101,35471,-0.058739431202411652,1.0291389226913452,-353614547,1491650136,-353494340,1491634775,0,0.018363272771239281,10,-0.10170745849609375,0.00091419776435941458,0.18513870239257812,35406,114.48085784912109,0.00052137719467282295,0.00079243734944611788,0.00051814410835504532
148104901,148104901,148104,-353583400,1491646136,31.8441162109375,-3.2790143489837646,-0.092894785106182098,35468,-0.057680465281009674,1.0291488170623779,-353614547,1491650136,-353494051,1491634738,0,0.016636688262224197,9,-0.10178184509277344,0.00082711828872561455,0.17654800415039062,35406,114.63630676269531,0.00052445608889684081,0.00091419776435941458,0.00052137719467282295
148204861,148204861,148204,-353583111,1491646099,31.875736236572266,-3.2834048271179199,-0.093078218400478363,35467,-0.058774147182703018,1.0291562080383301,-353614547,1491650136,-353493762,1491634701,0,0.017461642622947693,10,-0.10177707672119141,0.00086726783774793148,0.17699050903320312,35406,114.75054931640625,0.00052753963973373175,0.00082711828872561455,0.00052445608889684081
148304821,148304821,148304,-353582821,1491646062,31.90802001953125,-3.2976949214935303,-0.093737483024597168,35463,-0.059974342584609985,1.0291382074356079,-353614547,1491650136,-353493472,1491634664,0,0.024298453703522682,14,-0.10177898406982422,0.0012055686675012112,0.17658233642578125,35406,114.87079620361328,0.000530612887814641,0.00086726783774793148,0.00052753963973373175
148404781,148404781,148404,-353582532,1491646026,31.935806274414062,-3.3044502735137939,-0.092891670763492584,35468,-0.061544883996248245,1.0291595458984375,-353614547,1491650136,-353493183,1491634627,0,0.025260616093873978,14,-0.1018524169921875,0.0012522002216428518,0.16798782348632812,35406,114.97226715087891,0.00053353392286226153,0.0012055686675012112,0.000530612887814641
148504741,148504741,148504,-353582245,1491645989,31.960321426391602,-3.3101913928985596,-0.092708416283130646,35469,-0.062205646187067032,1.0291507244110107,-353614547,1491650136,-353492896,1491634591,0,0.028206842020153999,16,-0.101806640625,0.0013971617445349693,0.17252349853515625,35406,115.06170654296875,0.00053653150098398328,0.0012522002216428518,0.00053353392286226153
148604701,148604701,148604,-353581957,1491645952,31.97663688659668,-3.3010096549987793,-0.091452665627002716,35477,-0.063533127307891846,1.029157280921936,-353614547,1491650136,-353492608,1491634554,0,0.021671641618013382,12,-0.10179471969604492,0.0010729448404163122,0.1738128662109375,35406,115.11643981933594,0.00053955009207129478,0.0013971617445349693,0.00053653150098398328
148704661,148704661,148704,-353581671,1491645916,31.984134674072266,-3.2884175777435303,-0.091220751404762268,35478,-0.061239980161190033,1.0291579961776733,-353614547,1491650136,-353492322,1491634517,0,0.012251212261617184,7,-0.10184764862060547,0.00060643092729151249,0.167755126953125,35406,115.13851928710938,0.00054246291983872652,0.0010729448404163122,0.00053955009207129478
148804621,148804621,148804,-353581385,1491645880,31.985233306884766,-3.2893435955047607,-0.093228995800018311,35466,-0.058209698647260666,1.0291610956192017,-353614547,1491650136,-353492036,1491634481,0,0.012254415079951286,7,-0.10187244415283203,0.00060656701680272818,0.1641387939453125,35406,115.14277648925781,0.0005453128251247108,0.00060643092729151249,0.00054246291983872652
148904581,148904581,148904,-353581099,1491645844,31.980045318603516,-3.3083274364471436,-0.09429604560136795,35460,-0.056971471756696701,1.0291492938995361,-353614547,1491650136,-353491750,1491634444,0,0.023384785279631615,13,-0.10192537307739258,0.0011576120741665363,0.15806961059570312,35406,115.13126373291016,0.00054805760737508535,0.00060656701680272818,0.0005453128251247108
149004541,149004541,149004,-353580814,1491645807,31.980831146240234,-3.3388803005218506,-0.094899386167526245,35457,-0.056037265807390213,1.0291562080383301,-353614547,1491650136,-353491465,1491634408,0,0.043641522526741028,25,-0.10186576843261719,0.0021601133048534393,0.164337158203125,35406,115.14537048339844,0.00055091088870540261,0.0011576120741665363,0.00054805760737508535
149104501,149104501,149104,-353580528,1491645771,31.979341506958008,-3.3588621616363525,-0.09440968930721283,35460,-0.058019828051328659,1.0291570425033569,-353614547,1491650136,-353491179,1491634371,0,0.055153444409370422,32,-0.10191869735717773,0.002729866886511445,0.15825271606445312,35406,115.14751434326172,0.00055365846492350101,0.0021601133048534393,0.00055091088870540261
149204461,149204461,149204,-353580243,1491645734,31.984807968139648,-3.3629882335662842,-0.092679381370544434,35469,-0.06029195711016655,1.0291610956192017,-353614547,1491650136,-353490894,1491634335,0,0.058591689914464951,34,-0.10185909271240234,0.002899516373872757,0.16452789306640625,35406,115.16854095458984,0.00055651448201388121,0.002729866886511445,0.00055365846492350101
149304421,149304421,149304,-353579957,1491645697,31.986434936523438,-3.3452198505401611,-0.091973297297954559,35474,-0.061750881373882294,1.0291708707809448,-353614547,1491650136,-353490608,1491634298,0,0.047893475741147995,28,-0.10183334350585938,0.0023701125755906105,0.16745376586914062,35406,115.16769409179688,0.00055942131439223886,0.002899516373872757,0.00055651448201388121
149404381,149404381,149404,-353579671,1491645660,31.989982604980469,-3.3346128463745117,-0.092475764453411102,35471,-0.061695363372564316,1.0291563272476196,-353614547,1491650136,-353490322,1491634262,0,0.042125314474105835,24,-0.10177946090698242,0.0020845048129558563,0.17291641235351562,35406,115.17638397216797,0.00056242273421958089,0.0023701125755906105,0.00055942131439223886
149504341,149504341,149504,-353579385,1491645624,31.992780685424805,-3.328434944152832,-0.093011610209941864,35468,-0.062549658119678497,1.029163122177124,-353614547,1491650136,-353490036,1491634225,0,0.037009537220001221,21,-0.10183286666870117,0.0018312360625714064,0.16680526733398438,35406,115.18405914306641,0.00056531792506575584,0.0020845048129558563,0.00056242273421958089
149605134,149605134,149605,-353579099,1491645587,31.994270324707031,-3.3308727741241455,-0.092958658933639526,35468,-0.061952579766511917,1.0291744470596313,-353614547,1491650136,-353489750,1491634189,0,0.039527997374534607,23,-0.10177898406982422,0.0019557445775717497,0.17227554321289062,35406,115.19027709960938,0.00056830910034477711,0.0018312360625714064,0.00056531792506575584
149705094,149705094,149705,-353578808,1491645550,32.013484954833984,-3.3303823471069336,-0.092625021934509277,35470,-0.059082280844449997,1.0291744470596313,-353614547,1491650136,-353489459,1491634152,0,0.037848502397537231,22,-0.10178613662719727,0.0018715383484959602,0.1710662841796875,35406,115.25852203369141,0.00057127629406750202,0.0019557445775717497,0.00056830910034477711
149805054,149805054,149805,-353578519,1491645513,32.030418395996094,-3.3311059474945068,-0.092668570578098297,35470,-0.056772723793983459,1.0291718244552612,-353614547,1491650136,-353489170,1491634115,0,0.037331528961658478,21,-0.10178089141845703,0.0018450052011758089,0.17150497436523438,35406,115.31910705566406,0.00057424954138696194,0.0018715383484959602,0.00057127629406750202
149905014,149905014,149905,-353578229,1491645476,32.0496826171875,-3.3332993984222412,-0.092783026397228241,35469,-0.056036099791526794,1.0291662216186523,-353614547,1491650136,-353488880,1491634078,0,0.037453416734933853,21,-0.10178184509277344,0.0018499154830351472,0.17111587524414062,35406,115.38852691650391,0.00057721429038792849,0.0018450052011758089,0.00057424954138696194
150004974,150004974,150004,-353577939,1491645439,32.065433502197266,-3.3345150947570801,-0.09239475429058075,35471,-0.057948935776948929,1.0291652679443359,-353614547,1491650136,-353488590,1491634040,0,0.03660149872303009,21,-0.10181140899658203,0.0018069514771923423,0.16810989379882812,35406,115.44508361816406,0.00058012548834085464,0.0018499154830351472,0.00057721429038792849
167204758,167204758,167204,-353529523,1491649866,30.518417358398438,7.7027373313903809,0.25022432208061218,1433,0.087934322655200958,1.0326542854309082,-353529523,1491649866,-353612290,1491630250,0,19.776626586914062,6371,-2.9506571292877197,1.5707999467849731,0,19094,112.71327209472656,0,2.8862614631652832,0.00058012548834085464
167304718,167304718,167304,-353529250,1491649951,30.385507583618164,7.7111039161682129,0.25359982252120972,1453,0.11024171859025955,1.0326681137084961,-353529250,1491649951,-353612290,1491630250,0,19.696958541870117,6367,-2.9504647254943848,1.5707999467849731,0,19095,112.25922393798828,0,3.0852954387664795,0
167404678,167404678,167404,-353528979,1491650035,30.221559524536133,7.6951427459716797,0.26723656058311462,1531,0.12743480503559113,1.0327081680297852,-353528979,1491650035,-353612290,1491630250,0,19.59465217590332,6359,-2.9502787590026855,1.5707999467849731,0,19096,111.67613983154297,0,3.0841913223266602,0
167504638,167504638,167504,-353528709,1491650120,30.010564804077148,7.9214582443237305,0.28352633118629456,1624,0.1366073340177536,1.0327390432357788,-353528709,1491650120,-353612290,1491630250,0,19.502012252807617,6351,-2.950082540512085,1.5707999467849731,0,19097,111.14816284179688,0,3.0835802555084229,0
167604598,167604598,167604,-353528442,1491650209,29.765810012817383,8.3872804641723633,0.29435813426971436,1686,0.13821175694465637,1.0327624082565308,-353528442,1491650209,-353612290,1491630250,0,19.430688858032227,6344,-2.949843168258667,1.5707999467849731,0,19099,110.74167633056641,0,3.0750331878662109,0
167704558,167704558,167704,-353528177,1491650304,29.544950485229492,8.9483671188354492,0.29870545864105225,1711,0.13220593333244324,1.0328041315078735,-353528177,1491650304,-353612290,1491630250,0,19.396402359008789,6338,-2.9495449066162109,1.5707999467849731,0,19100,110.54624176025391,0,3.058687686920166,0
167804518,167804518,167804,-353527914,1491650405,29.427822113037109,9.4382410049438477,0.29735267162322998,1703,0.11882235109806061,1.0328294038772583,-353527914,1491650405,-353612290,1491630250,0,19.417755126953125,6336,-2.949188232421875,1.5707999467849731,0,19102,110.66796112060547,0,3.0395498275756836,0
167904478,167904478,167904,-353527651,1491650511,29.414218902587891,9.8225994110107422,0.29395830631256104,1684,0.10166506469249725,1.0328717231750488,-353527651,1491650511,-353612290,1491630250,0,19.484762191772461,6340,-2.9487874507904053,1.5707999467849731,0,19105,111.04983520507812,0,3.0236365795135498,0
168004438,168004438,168004,-353527388,1491650621,29.43199348449707,10.196408271789551,0.29173097014427185,1671,0.087263189256191254,1.03288733959198,-353527388,1491650621,-353612290,1491630250,0,19.570978164672852,6347,-2.9483520984649658,1.5707999467849731,0,19107,111.54120635986328,0,3.0121009349822998,0
168104398,168104398,168104,-353527124,1491650736,29.372934341430664,10.744086265563965,0.3003767728805542,1721,0.083786502480506897,1.0329180955886841,-353527124,1491650736,-353612290,1491630250,0,19.651456832885742,6355,-2.9478757381439209,1.5707999467849731,0,19110,111.9998779296875,0,3.0013337135314941,0
168204358,168204358,168204,-353526862,1491650859,29.090442657470703,11.684023857116699,0.32833167910575867,1881,0.089838519692420959,1.0329363346099854,-353526862,1491650859,-353612290,1491630250,0,19.697261810302734,6362,-2.947324275970459,1.5707999467849731,0,19113,112.26094055175781,0,2.984644889831543,0
168304318,168304318,168304,-353526604,1491650995,28.479759216308594,13.019670486450195,0.37538063526153564,2150,0.096580579876899719,1.0329618453979492,-353526604,1491650995,-353612290,1491630250,0,19.675586700439453,6361,-2.9466485977172852,1.5707999467849731,0,19117,112.13740539550781,0,2.9539375305175781,0
168405111,168405111,168405,-353526351,1491651149,27.509672164916992,14.613930702209473,0.43427145481109619,2488,0.10174601525068283,1.0329806804656982,-353526351,1491651149,-353612290,1491630250,0,19.5723876953125,6350,-2.9458014965057373,1.5707999467849731,0,19122,111.54924774169922,0,2.9077484607696533,0
168505071,168505071,168505,-353526108,1491651321,26.325786590576172,16.142881393432617,0.49386528134346008,2829,0.10620781034231186,1.0329928398132324,-353526108,1491651321,-353612290,1491630250,0,19.403139114379883,6331,-2.9447736740112305,1.5707999467849731,0,19128,110.58464050292969,0,2.8490662574768066,0
168605031,168605031,168605,-353525877,1491651509,25.070196151733398,17.383020401000977,0.54603534936904907,3128,0.10607687383890152,1.0330066680908203,-353525877,1491651509,-353612290,1491630250,0,19.168184280395508,6303,-2.943580150604248,1.5707999467849731,0,19135,109.24556732177734,0,2.7883453369140625,0
168704991,168704991,168704,-353525655,1491651709,23.913291931152344,18.252109527587891,0.58827710151672363,3370,0.098711207509040833,1.0330157279968262,-353525655,1491651709,-353612290,1491630250,0,18.901683807373047,6269,-2.9422647953033447,1.5707999467849731,0,19142,107.72669982910156,0,2.7333402633666992,0
168804951,168804951,168804,-353525444,1491651917,23.004764556884766,18.81342887878418,0.6180763840675354,3541,0.085907541215419769,1.0330448150634766,-353525444,1491651917,-353631360,1491627500,0,18.672420501708984,6237,-2.9557509422302246,1.5707999467849731,0,19065,106.4200439453125,0,2.6889855861663818,0
168904911,168904911,168904,-353525238,1491652130,22.411260604858398,19.126888275146484,0.6357424259185791,3642,0.06807321310043335,1.0330605506896973,-353525238,1491652130,-353631360,1491627500,0,18.512508392333984,6214,-2.9545228481292725,1.5707999467849731,0,19072,105.50867462158203,0,2.641930103302002,0
169004871,169004871,169004,-353525037,1491652344,22.029134750366211,19.249092102050781,0.64470750093460083,3693,0.046182755380868912,1.0330667495727539,-353525037,1491652344,-353631360,1491627500,0,18.380977630615234,6194,-2.9532837867736816,1.5707999467849731,0,19079,104.75902557373047,0,2.622169017791748,0
169104831,169104831,169104,-353524838,1491652559,21.804462432861328,19.223018646240234,0.64633834362030029,3703,0.021920040249824524,1.0330690145492554,-353524838,1491652559,-353631360,1491627500,0,18.264076232910156,6177,-2.9520392417907715,1.5707999467849731,0,19086,104.09275054931641,0,2.611750602722168,0
169204791,169204791,169204,-353524641,1491652773,21.667255401611328,19.091629028320312,0.6439814567565918,3689,-0.003752116346731782,1.033077597618103,-353524641,1491652773,-353631360,1491627500,0,18.144813537597656,6161,-2.9508037567138672,1.5707999467849731,0,19093,103.41305541992188,0,2.6085848808288574,0
169304751,169304751,169304,-353524446,1491652983,21.54374885559082,18.932332992553711,0.64265334606170654,3682,-0.02992866188287735,1.0330942869186401,-353524446,1491652983,-353631360,1491627500,0,18.020435333251953,6145,-2.9495992660522461,1.5707999467849731,0,19100,102.70419311523438,0,2.6100912094116211,0
169404711,169404711,169404,-353524253,1491653190,21.374063491821289,18.847141265869141,0.64660900831222534,3704,-0.053956389427185059,1.0330970287322998,-353524253,1491653190,-353631360,1491627500,0,17.905040740966797,6132,-2.948418140411377,1.5707999467849731,0,19107,102.0465087890625,0,2.6126160621643066,0
169504671,169504671,169504,-353524062,1491653397,21.11039924621582,18.90032958984375,0.65726983547210693,3765,-0.074629165232181549,1.0330802202224731,-353524062,1491653397,-353631360,1491627500,0,17.803396224975586,6122,-2.9472384452819824,1.5707999467849731,0,19114,101.46720123291016,0,2.6121120452880859,0
169604631,169604631,169604,-353523874,1491653605,20.735588073730469,19.131002426147461,0.67593479156494141,3872,-0.090268731117248535,1.0330919027328491,-353523874,1491653605,-353631360,1491627500,0,17.726598739624023,6114,-2.9460508823394775,1.5707999467849731,0,19120,101.02951812744141,0,2.6057295799255371,0
169704591,169704591,169704,-353523690,1491653816,20.237356185913086,19.542530059814453,0.70187276601791382,4021,-0.10101238638162613,1.0330816507339478,-353523690,1491653816,-353631360,1491627500,0,17.676431655883789,6110,-2.9448390007019043,1.5707999467849731,0,19127,100.74359893798828,0,2.591963529586792,0
169804551,169804551,169804,-353523511,1491654032,19.623069763183594,20.112648010253906,0.73473334312438965,4209,-0.10837683826684952,1.0330641269683838,-353523511,1491654032,-353631360,1491627500,0,17.655452728271484,6109,-2.9435863494873047,1.5707999467849731,0,19134,100.62403869628906,0,2.57041335105896,0
169904511,169904511,169904,-353523338,1491654256,18.907993316650391,20.801383972167969,0.7717403769493103,4421,-0.11339632421731949,1.0330603122711182,-353523338,1491654256,-353631360,1491627500,0,17.662452697753906,6111,-2.942270040512085,1.5707999467849731,0,19142,100.66393280029297,0,2.5418806076049805,0
170004471,170004471,170004,-353523173,1491654488,18.120950698852539,21.550661087036133,0.81162470579147339,4650,-0.11569992452859879,1.0330301523208618,-353523173,1491654488,-353631360,1491627500,0,17.691375732421875,6116,-2.9408860206604004,1.5707999467849731,0,19150,100.82877349853516,0,2.5078721046447754,0
170104431,170104431,170104,-353523014,1491654728,17.267023086547852,22.344181060791016,0.85390704870223999,4892,-0.11778433620929718,1.0330229997634888,-353523014,1491654728,-353631360,1491627500,0,17.742767333984375,6123,-2.9394383430480957,1.5707999467849731,0,19158,101.12165832519531,0,2.4706630706787109,0
170204391,170204391,170204,-353522863,1491654978,16.350156784057617,23.156583786010742,0.89761656522750854,5142,-0.11898817867040634,1.033008337020874,-353522863,1491654978,-353631360,1491627500,0,17.810972213745117,6133,-2.9379091262817383,1.5707999467849731,0,19167,101.51039123535156,0,2.4308691024780273,0
170304351,170304351,170304,-353522721,1491655237,15.385504722595215,23.962713241577148,0.94136971235275269,5393,-0.118939109146595,1.0329947471618652,-353522721,1491655237,-353631360,1491627500,0,17.89246940612793,6144,-2.9363038539886475,1.5707999467849731,0,19176,101.97486114501953,0,2.3892676830291748,0
170404311,170404311,170404,-353522587,1491655505,14.387737274169922,24.763143539428711,0.98526245355606079,5645,-0.11904362589120865,1.032977819442749,-353522587,1491655505,-353631360,1491627500,0,17.994718551635742,6158,-2.934624195098877,1.5707999467849731,0,19186,102.5576171875,0,2.3468585014343262,0
170505104,170505104,170505,-353522461,1491655787,13.352189064025879,25.566490173339844,1.0296289920806885,5899,-0.11888343840837479,1.032968282699585,-353522461,1491655787,-353631360,1491627500,0,18.122673034667969,6175,-2.9328348636627197,1.5707999467849731,0,19196,103.28687286376953,0,2.3041071891784668,0
170605064,170605064,170605,-353522345,1491656075,12.271917343139648,26.348833084106445,1.0740351676940918,6153,-0.11838524043560028,1.0329532623291016,-353522345,1491656075,-353631360,1491627500,0,18.26301383972168,6193,-2.9309892654418945,1.5707999467849731,0,19207,104.08671569824219,0,2.2608456611633301,0
170705024,170705024,170705,-353522238,1491656374,11.134807586669922,27.122554779052734,1.1188640594482422,6410,-0.11657965183258057,1.0329256057739258,-353522238,1491656374,-353631360,1491627500,0,18.421810150146484,6213,-2.9290535449981689,1.5707999467849731,0,19218,104.99175262451172,0,2.2172722816467285,0
170804984,170804984,170804,-353522142,1491656680,9.930943489074707,27.862266540527344,1.1648367643356323,6674,-0.1138918548822403,1.0329287052154541,-353522142,1491656680,-353631360,1491627500,0,18.585165023803711,6233,-2.9270522594451904,1.5707999467849731,0,19229,105.92274475097656,0,2.1728920936584473,0
170904944,170904944,170904,-353522058,1491656995,8.6453733444213867,28.58207893371582,1.2137497663497925,6954,-0.11221333593130112,1.0329090356826782,-353522058,1491656995,-353631360,1491627500,0,18.762201309204102,6255,-2.9249691963195801,1.5707999467849731,0,19241,106.93173980712891,0,2.1277279853820801,0
171004904,171004904,171004,-353521986,1491657318,7.2343583106994629,29.266361236572266,1.264729380607605,7246,-0.10699205100536346,1.0328934192657471,-353521986,1491657318,-353631360,1491627500,0,18.94206428527832,6276,-2.9228112697601318,1.5707999467849731,0,19254,107.95684814453125,0,2.0811457633972168,0
171104864,171104864,171104,-353521927,1491657648,5.7246384620666504,29.897254943847656,1.3178200721740723,7550,-0.10059454292058945,1.0328748226165771,-353521927,1491657648,-353631360,1491627500,0,19.126258850097656,6297,-2.9205830097198486,1.5707999467849731,0,19266,109.00662231445312,0,2.0319099426269531,0
171204824,171204824,171204,-353521883,1491657984,4.0388689041137695,30.470134735107422,1.3772014379501343,7890,-0.093952298164367676,1.032855749130249,-353521883,1491657984,-353631360,1491627500,0,19.312404632568359,6318,-2.9182875156402588,1.5707999467849731,0,19279,110.06752014160156,0,1.9809929132461548,0
171304784,171304784,171304,-353521855,1491658323,2.212515115737915,30.930868148803711,1.4380638599395752,8239,-0.084954798221588135,1.0328530073165894,-353521855,1491658323,-353631360,1491627500,0,19.484092712402344,6336,-2.9159431457519531,1.5707999467849731,0,19293,111.04602813720703,0,1.9258849620819092,0
171404744,171404744,171404,-353521845,1491658666,0.29444527626037598,31.266948699951172,1.5009337663650513,8599,-0.075403541326522827,1.0328344106674194,-353521845,1491658666,-353631360,1491627500,0,19.646472930908203,6353,-2.9135377407073975,1.5707999467849731,0,19307,111.97148895263672,0,1.8678551912307739,0
171504704,171504704,171504,-353521852,1491659010,-1.6914068460464478,31.447044372558594,1.564234733581543,8962,-0.065333157777786255,1.0328301191329956,-353521852,1491659010,-353631360,1491627500,0,19.787319183349609,6368,-2.9110941886901855,1.5707999467849731,0,19321,112.77420806884766,0,1.8082679510116577,0
171604664,171604664,171604,-353521877,1491659354,-3.7030456066131592,31.411725997924805,1.6279306411743164,9327,-0.054427832365036011,1.032813549041748,-353521877,1491659354,-353631360,1491627500,0,19.873239517211914,6376,-2.9086160659790039,1.5707999467849731,0,19335,113.26389312744141,0,1.7475606203079224,0
171704624,171704624,171704,-353521921,1491659696,-5.6651549339294434,31.166469573974609,1.6900995969772339,9683,-0.047202963382005692,1.0328085422515869,-353521921,1491659696,-353631360,1491627500,0,19.903348922729492,6379,-2.9061145782470703,1.5707999467849731,0,19349,113.43550109863281,0,1.686427116394043,0
171804584,171804584,171804,-353521981,1491660034,-7.4988360404968262,30.827180862426758,1.7475119829177856,10012,-0.041330806910991669,1.0328043699264526,-353521981,1491660034,-353631360,1491627500,0,19.934112548828125,6382,-2.9036085605621338,1.570160984992981,0,19364,113.61086273193359,0,1.6264668703079224,0
171904544,171904544,171904,-353522056,1491660369,-9.1319665908813477,30.454303741455078,1.7973010540008545,10297,-0.038064897060394287,1.0327963829040527,-353522056,1491660369,-353631360,1491627500,0,19.950946807861328,6384,-2.9010922908782959,1.519970178604126,0,19378,113.85382843017578,0,1.570160984992981,0
172004504,172004504,172004,-353522146,1491660699,-10.51710319519043,30.083080291748047,1.8401556015014648,10543,-0.040608927607536316,1.0328085422515869,-353522146,1491660699,-353631360,1491627500,0,19.936464309692383,6382,-2.8985786437988281,1.4774900674819946,0,19392,114.12065887451172,0,1.519970178604126,0
172104464,172104464,172104,-353522246,1491661026,-11.755403518676758,29.705717086791992,1.8808246850967407,10776,-0.044550225138664246,1.0327901840209961,-353522246,1491661026,-353631360,1491627500,0,19.90022087097168,6378,-2.8960635662078857,1.4395065307617188,0,19407,114.40224456787109,0,1.4774900674819946,0
172204424,172204424,172204,-353522357,1491661348,-13.009306907653809,29.270046234130859,1.9227042198181152,11016,-0.045711841434240341,1.0328046083450317,-353522357,1491661348,-353631360,1491627500,0,19.834798812866211,6371,-2.8935582637786865,1.40059494972229,0,19421,114.70217895507812,0,1.4395065307617188,0
172304384,172304384,172304,-353522480,1491661666,-14.351978302001953,28.727136611938477,1.9688823223114014,11280,-0.043801065534353256,1.0327872037887573,-353522480,1491661666,-353631360,1491627500,0,19.721961975097656,6358,-2.8910527229309082,1.3580114841461182,0,19435,114.99526214599609,0,1.40059494972229,0
172404344,172404344,172404,-353522615,1491661977,-15.776388168334961,28.064098358154297,2.0190436840057373,11568,-0.040490381419658661,1.0327916145324707,-353522615,1491661977,-353631360,1491627500,0,19.553201675415039,6338,-2.8885669708251953,1.3116941452026367,0,19450,115.28819274902344,0,1.3580114841461182,0
172505137,172505137,172505,-353522763,1491662280,-17.251792907714844,27.24360466003418,2.072953462600708,11877,-0.037611499428749084,1.0327876806259155,-353522763,1491662280,-353631360,1491627500,0,19.30137825012207,6308,-2.8861055374145508,1.2617794275283813,0,19464,115.47437286376953,0,1.3116941452026367,0
172605097,172605097,172605,-353522926,1491662575,-18.727685928344727,26.303298950195312,2.1274576187133789,12189,-0.034101217985153198,1.032771110534668,-353522926,1491662575,-353631360,1491627500,0,18.981653213500977,6269,-2.8836624622344971,1.2099988460540771,0,19478,115.62703704833984,0,1.2617794275283813,0
172705057,172705057,172705,-353523102,1491662860,-20.092374801635742,25.329412460327148,2.1783404350280762,12480,-0.030870795249938965,1.0327750444412231,-353523102,1491662860,-353631360,1491627500,0,18.628261566162109,6224,-2.8812556266784668,1.1605262756347656,0,19492,115.77627563476562,0,1.2099988460540771,0
172805017,172805017,172805,-353523290,1491663135,-21.379434585571289,24.305530548095703,2.2285351753234863,12768,-0.027503209188580513,1.0327670574188232,-353523290,1491663135,-353631360,1491627500,0,18.236156463623047,6173,-2.8788866996765137,1.1120661497116089,0,19505,115.91775512695312,0,1.1605262756347656,0
172904977,172904977,172904,-353523489,1491663398,-22.578647613525391,23.258882522583008,2.2769210338592529,13045,-0.025723231956362724,1.0327659845352173,-353523489,1491663398,-353631360,1491627500,0,17.819656372070312,6118,-2.8765711784362793,1.0652586221694946,0,19518,116.07981109619141,0,1.1120661497116089,0
173004937,173004937,173004,-353523699,1491663650,-23.64854621887207,22.213310241699219,2.3221397399902344,13304,-0.025674616917967796,1.0327746868133545,-353523699,1491663650,-353631360,1491627500,0,17.38592529296875,6058,-2.8743016719818115,1.0214046239852905,0,19531,116.18548583984375,0,1.0652586221694946,0
173104897,173104897,173104,-353523918,1491663891,-24.635126113891602,21.151399612426758,2.3665199279785156,13559,-0.024431953206658363,1.0327659845352173,-353523918,1491663891,-353631360,1491627500,0,16.931427001953125,5992,-2.872081995010376,0.97896879911422729,0,19544,116.27299499511719,0,1.0214046239852905,0
173204857,173204857,173204,-353524146,1491664119,-25.536176681518555,20.060705184936523,2.4097356796264648,13806,-0.02433965727686882,1.0327692031860352,-353524146,1491664119,-353631360,1491627500,0,16.447671890258789,5920,-2.8699262142181396,0.93755257129669189,0,19557,116.28716278076172,0,0.97896879911422729,0
173304817,173304817,173304,-353524381,1491664336,-26.357240676879883,18.950160980224609,2.4523270130157471,14050,-0.023633848875761032,1.0327686071395874,-353524381,1491664336,-353631360,1491627500,0,15.940700531005859,5840,-2.8678245544433594,0.89711499214172363,0,19569,116.24771118164062,0,0.93755257129669189,0
173404777,173404777,173404,-353524623,1491664540,-27.091447830200195,17.831439971923828,2.493098258972168,14284,-0.023054661229252815,1.032755970954895,-353524623,1491664540,-353631360,1491627500,0,15.41582202911377,5754,-2.8657906055450439,0.85791617631912231,0,19580,116.14253997802734,0,0.89711499214172363,0
173504737,173504737,173504,-353524869,1491664730,-27.692737579345703,16.766210556030273,2.529698371887207,14494,-0.023980403319001198,1.0327726602554321,-353524869,1491664730,-353631360,1491627500,0,14.901739120483398,5665,-2.8638393878936768,0.82216101884841919,0,19591,115.92630004882812,0,0.85791617631912231,0
173604697,173604697,173604,-353525120,1491664909,-28.172096252441406,15.783802032470703,2.5628182888031006,14683,-0.027803199365735054,1.0327545404434204,-353525120,1491664909,-353631360,1491627500,0,14.417764663696289,5578,-2.8619465827941895,0.79033505916595459,0,19602,115.63844299316406,0,0.82216101884841919,0
173704657,173704657,173704,-353525373,1491665077,-28.560756683349609,14.868098258972168,2.5942413806915283,14863,-0.031938083469867706,1.0327656269073486,-353525373,1491665077,-353631360,1491627500,0,13.958935737609863,5492,-2.8601200580596924,0.76144653558731079,0,19613,115.30426788330078,0,0.79033505916595459,0
173804617,173804617,173804,-353525629,1491665235,-28.885946273803711,13.979619979858398,2.6236143112182617,15032,-0.036402292549610138,1.0327513217926025,-353525629,1491665235,-353631360,1491627500,0,13.505931854248047,5403,-2.8583502769470215,0.73397523164749146,0,19623,114.91717529296875,0,0.76144653558731079,0
173904577,173904577,173904,-353525888,1491665383,-29.130353927612305,13.16661548614502,2.6492335796356201,15178,-0.04073011502623558,1.0327686071395874,-353525888,1491665383,-353631360,1491627500,0,13.084499359130859,5317,-2.8566372394561768,0.70946258306503296,0,19633,114.47608947753906,0,0.73397523164749146,0
174004537,174004537,174004,-353526148,1491665523,-29.322078704833984,12.428284645080566,2.6736299991607666,15318,-0.047754701226949692,1.0327532291412354,-353526148,1491665523,-353631360,1491627500,0,12.698934555053711,5235,-2.8549718856811523,0.68752032518386841,0,19642,114.04453277587891,0,0.70946258306503296,0
174104497,174104497,174104,-353526409,1491665656,-29.481794357299805,11.709629058837891,2.6975052356719971,15455,-0.054950796067714691,1.0327495336532593,-353526409,1491665656,-353631360,1491627500,0,12.319649696350098,5152,-2.8533475399017334,0.66631960868835449,0,19652,113.59641265869141,0,0.68752032518386841,0
174204457,174204457,174204,-353526673,1491665780,-29.620525360107422,11.01618480682373,2.7205038070678711,15587,-0.061921000480651855,1.0327439308166504,-353526673,1491665780,-353631360,1491627500,0,11.951682090759277,5068,-2.8517730236053467,0.64587891101837158,0,19661,113.16891479492188,0,0.66631960868835449,0
174304417,174304417,174304,-353526937,1491665898,-29.754373550415039,10.316734313964844,2.743830680847168,15720,-0.067432686686515808,1.0327433347702026,-353526937,1491665898,-353631360,1491627500,0,11.579256057739258,4980,-2.8502349853515625,0.62511622905731201,0,19669,112.77309417724609,0,0.64587891101837158,0
174404377,174404377,174404,-353527203,1491666007,-29.895793914794922,9.5851306915283203,2.769122838973999,15865,-0.071026012301445007,1.0327483415603638,-353527203,1491666007,-353631360,1491627500,0,11.188612937927246,4883,-2.848750114440918,0.60310602188110352,0,19678,112.42433929443359,0,0.62511622905731201,0
174504337,174504337,174504,-353527470,1491666108,-30.040395736694336,8.8231945037841797,2.7951803207397461,16015,-0.073986217379570007,1.0327279567718506,-353527470,1491666108,-353631360,1491627500,0,10.780131340026855,4778,-2.8473136425018311,0.57995617389678955,0,19686,112.1182861328125,0,0.60310602188110352,0
174605130,174605130,174605,-353527738,1491666201,-30.179145812988281,8.04693603515625,2.8216454982757568,16166,-0.076535239815711975,1.0327264070510864,-353527738,1491666201,-353631360,1491627500,0,10.361784934997559,4666,-2.84592604637146,0.55624324083328247,0,19694,111.84688568115234,0,0.57995617389678955,0
174705090,174705090,174705,-353528012,1491666287,-30.327981948852539,7.2440323829650879,2.8493831157684326,16325,-0.077684953808784485,1.0327247381210327,-353528012,1491666287,-353631360,1491627500,0,9.929412841796875,4544,-2.8445665836334229,0.53148949146270752,0,19702,111.6591796875,0,0.55624324083328247,0
174805050,174805050,174805,-353528286,1491666363,-30.468639373779297,6.4535999298095703,2.8756289482116699,16476,-0.078384049236774445,1.0327064990997314,-353528286,1491666363,-353631360,1491627500,0,9.5025138854980469,4418,-2.843273401260376,0.50704562664031982,0,19709,111.5284423828125,0,0.53148949146270752,0
174905010,174905010,174905,-353528562,1491666431,-30.60295295715332,5.6708993911743164,2.9016072750091553,16624,-0.077380210161209106,1.0327141284942627,-353528562,1491666431,-353631360,1491627500,0,9.0788516998291016,4287,-2.8420267105102539,0.48279321193695068,0,19716,111.45442199707031,0,0.50704562664031982,0
175004970,175004970,175004,-353528839,1491666490,-30.732248306274414,4.8788952827453613,2.92779541015625,16775,-0.075384244322776794,1.0326981544494629,-353528839,1491666490,-353631360,1491627500,0,8.6482267379760742,4148,-2.8408370018005371,0.45819675922393799,0,19723,111.42995452880859,0,0.48279321193695068,0
175104930,175104930,175104,-353529118,1491666540,-30.842706680297852,4.1298651695251465,2.9514944553375244,16910,-0.073772519826889038,1.0326902866363525,-353529118,1491666540,-353631360,1491627500,0,8.2394227981567383,4011,-2.8397014141082764,0.43500038981437683,0,19730,111.43305206298828,0,0.45819675922393799,0
175204890,175204890,175204,-353529397,1491666582,-30.932497024536133,3.4275827407836914,2.9757249355316162,17049,-0.073555119335651398,1.0326899290084839,-353529397,1491666582,-353631360,1491627500,0,7.8542861938476562,3876,-2.8386187553405762,0.41333213448524475,0,19736,111.44681549072266,0,0.43500038981437683,0
175304850,175304850,175304,-353529678,1491666617,-31.004398345947266,2.7431056499481201,2.9996464252471924,17186,-0.073300987482070923,1.0326887369155884,-353529678,1491666617,-353631360,1491627500,0,7.4761242866516113,3739,-2.8375763893127441,0.39226114749908447,0,19742,111.46002960205078,0,0.41333213448524475,0
175404810,175404810,175404,-353529958,1491666644,-31.063302993774414,2.0912718772888184,3.0214760303497314,17311,-0.072736397385597229,1.0326670408248901,-353529958,1491666644,-353631360,1491627500,0,7.1143956184387207,3603,-2.8365905284881592,0.37222367525100708,0,19748,111.48906707763672,0,0.39226114749908447,0
175504770,175504770,175504,-353530238,1491666664,-31.094791412353516,1.4931313991546631,3.0416078567504883,17427,-0.072888731956481934,1.0326781272888184,-353530238,1491666664,-353631360,1491627500,0,6.7791018486022949,3472,-2.8356509208679199,0.35392355918884277,0,19753,111.47832489013672,0,0.37222367525100708,0
175604730,175604730,175604,-353530517,1491666678,-31.115509033203125,0.92978715896606445,3.0608901977539062,17537,-0.072280704975128174,1.0326641798019409,-353530517,1491666678,-353631360,1491627500,0,6.4620671272277832,3345,-2.8347537517547607,0.33671191334724426,0,19758,111.47395324707031,0,0.35392355918884277,0
175704690,175704690,175704,-353530795,1491666686,-31.120567321777344,0.38700491189956665,3.0792081356048584,17642,-0.071146279573440552,1.0326588153839111,-353530795,1491666686,-353631360,1491627500,0,6.1537809371948242,3217,-2.8338990211486816,0.32012864947319031,0,19763,111.45094299316406,0,0.33671191334724426,0
175804650,175804650,175804,-353531073,1491666688,-31.119157791137695,-0.088907778263092041,3.0972716808319092,17746,-0.072531551122665405,1.0326607227325439,-353531073,1491666688,-353631360,1491627500,0,5.8837242126464844,3102,-2.8330843448638916,0.30565127730369568,0,19768,111.437744140625,0,0.32012864947319031,0
175904610,175904610,175904,-353531350,1491666684,-31.105422973632812,-0.53340607881546021,3.1137259006500244,17840,-0.074499644339084625,1.0326597690582275,-353531350,1491666684,-353631360,1491627500,0,5.6294450759887695,2992,-2.832313060760498,0.29213306307792664,0,19772,111.40447998046875,0,0.30565127730369568,0
176004570,176004570,176004,-353531628,1491666678,-31.089778900146484,-0.9642941951751709,3.1299929618835449,17933,-0.075979635119438171,1.0326510667800903,-353531628,1491666678,-353631360,1491627500,0,5.3829083442687988,2883,-2.8315496444702148,0.27903661131858826,0,19776,111.3856201171875,0,0.29213306307792664,0
176104530,176104530,176104,-353531905,1491666665,-31.079641342163086,-1.3996065855026245,-3.1375277042388916,18024,-0.07474546879529953,1.0326331853866577,-353531905,1491666665,-353631360,1491627500,0,5.1339287757873535,2769,-2.8308372497558594,0.26575297117233276,0,19781,111.4085693359375,0,0.27903661131858826,0
176204490,176204490,176204,-353532182,1491666648,-31.065219879150391,-1.8394306898117065,-3.1224753856658936,18110,-0.072628885507583618,1.0326337814331055,-353532182,1491666648,-353631360,1491627500,0,4.881037712097168,2652,-2.8301510810852051,0.25229880213737488,0,19784,111.43898010253906,0,0.26575297117233276,0
176304450,176304450,176304,-353532459,1491666626,-31.047784805297852,-2.2672159671783447,-3.1062142848968506,18203,-0.070194125175476074,1.0326442718505859,-353532459,1491666626,-353631360,1491627500,0,4.6342253684997559,2534,-2.8294985294342041,0.23920002579689026,0,19788,111.47773742675781,0,0.25229880213737488,0
176404410,176404410,176404,-353532737,1491666599,-31.022794723510742,-2.6902675628662109,-3.0905427932739258,18293,-0.067502871155738831,1.0326241254806519,-353532737,1491666599,-353631360,1491627500,0,4.3882808685302734,2415,-2.8288772106170654,0.22621273994445801,0,19792,111.50914764404297,0,0.23920002579689026,0
176504370,176504370,176504,-353533014,1491666567,-30.995824813842773,-3.0961480140686035,-3.0763943195343018,18374,-0.063575297594070435,1.0326380729675293,-353533014,1491666567,-353631360,1491627500,0,4.1515851020812988,2298,-2.8282933235168457,0.21374049782752991,0,19795,111.54800415039062,0,0.22621273994445801,0
176604330,176604330,176604,-353533291,1491666531,-30.966939926147461,-3.4822490215301514,-3.0629243850708008,18451,-0.05984313040971756,1.0326360464096069,-353533291,1491666531,-353631360,1491627500,0,3.9258928298950195,2185,-2.8277361392974854,0.20187638700008392,0,19798,111.59111022949219,0,0.21374049782752991,0
176705123,176705123,176705,-353533568,1491666492,-30.9398193359375,-3.8319649696350098,-3.0501792430877686,18524,-0.056922957301139832,1.032617449760437,-353533568,1491666492,-353631360,1491627500,0,3.7219676971435547,2081,-2.8271987438201904,0.19116917252540588,0,19801,111.6416015625,0,0.20187638700008392,0
176805083,176805083,176805,-353533847,1491666448,-30.909511566162109,-4.1508474349975586,-3.0389404296875,18589,-0.055613923817873001,1.0326159000396729,-353533847,1491666448,-353631360,1491627500,0,3.5353405475616455,1985,-2.8266901969909668,0.18141070008277893,0,19804,111.68013763427734,0,0.19116917252540588,0
176905043,176905043,176905,-353534127,1491666401,-30.902509689331055,-4.389704704284668,-3.0304503440856934,18637,-0.059087134897708893,1.0326311588287354,-353534127,1491666401,-353631360,1491627500,0,3.4007740020751953,1915,-2.8261988162994385,0.17428784072399139,0,19807,111.77236938476562,0,0.18141070008277893,0
177005003,177005003,177005,-353534406,1491666351,-30.899297714233398,-4.5932440757751465,-3.0218360424041748,18687,-0.062887534499168396,1.0326210260391235,-353534406,1491666351,-353631360,1491627500,0,3.2876310348510742,1856,-2.8257303237915039,0.16829080879688263,0,19810,111.86582946777344,0,0.17428784072399139,0
177104963,177104963,177104,-353534686,1491666299,-30.899154663085938,-4.8021388053894043,-3.0124452114105225,18740,-0.066524095833301544,1.0326285362243652,-353534686,1491666299,-353631360,1491627500,0,3.1717391014099121,1795,-2.8252716064453125,0.1621410995721817,0,19812,111.97776031494141,0,0.16829080879688263,0
177204923,177204923,177204,-353534967,1491666245,-30.893461227416992,-5.0332145690917969,-3.0028228759765625,18796,-0.066903866827487946,1.032625675201416,-353534967,1491666245,-353631360,1491627500,0,3.041365385055542,1726,-2.8248226642608643,0.15526728332042694,0,19815,112.08769226074219,0,0.1621410995721817,0
177304883,177304883,177304,-353535247,1491666188,-30.8880615234375,-5.2832636833190918,-2.9932236671447754,18851,-0.065110370516777039,1.0326335430145264,-353535247,1491666188,-353631360,1491627500,0,2.8993015289306641,1650,-2.824397087097168,0.1477893739938736,0,19817,112.21609497070312,0,0.15526728332042694,0
177404843,177404843,177404,-353535528,1491666128,-30.87255859375,-5.5405058860778809,-2.9844498634338379,18901,-0.061952397227287292,1.0326159000396729,-353535528,1491666128,-353631360,1491627500,0,2.7506563663482666,1569,-2.8239893913269043,0.14002987742424011,0,19820,112.32042694091797,0,0.1477893739938736,0
177504803,177504803,177504,-353535808,1491666065,-30.855216979980469,-5.800717830657959,-2.9747748374938965,18956,-0.057523768395185471,1.0326217412948608,-353535808,1491666065,-353631360,1491627500,0,2.5994446277618408,1486,-2.8236052989959717,0.13215842843055725,0,19822,112.427734375,0,0.14002987742424011,0
177604763,177604763,177604,-353536088,1491665999,-30.831106185913086,-6.0465431213378906,-2.9656155109405518,19009,-0.054724756628274918,1.0326143503189087,-353536088,1491665999,-353631360,1491627500,0,2.4551043510437012,1407,-2.8232424259185791,0.12468999624252319,0,19824,112.50897216796875,0,0.13215842843055725,0
177704723,177704723,177704,-353536366,1491665931,-30.804271697998047,-6.2648348808288574,-2.9579141139984131,19053,-0.053133368492126465,1.0326181650161743,-353536366,1491665931,-353631360,1491627500,0,2.3262944221496582,1336,-2.8228991031646729,0.11805444955825806,0,19826,112.56785583496094,0,0.12468999624252319,0
177804683,177804683,177804,-353536643,1491665862,-30.778278350830078,-6.4574728012084961,-2.9505026340484619,19095,-0.054247371852397919,1.0326348543167114,-353536643,1491665862,-353631360,1491627500,0,2.212799072265625,1273,-2.8225646018981934,0.11222139745950699,0,19828,112.61627197265625,0,0.11805444955825806,0
177904643,177904643,177904,-353536918,1491665790,-30.763542175292969,-6.6317219734191895,-2.9443175792694092,19131,-0.055287063121795654,1.0326290130615234,-353536918,1491665790,-353631360,1491627500,0,2.1119623184204102,1217,-2.8222582340240479,0.1070127859711647,0,19830,112.69446563720703,0,0.11222139745950699,0
178004603,178004603,178004,-353537194,1491665716,-30.748313903808594,-6.7843813896179199,-2.9394307136535645,19159,-0.055038109421730042,1.0326265096664429,-353537194,1491665716,-353631360,1491627500,0,2.0237102508544922,1167,-2.8219623565673828,0.10246730595827103,0,19831,112.75767517089844,0,0.1070127859711647,0
178104563,178104563,178104,-353537468,1491665641,-30.727842330932617,-6.9247145652770996,-2.9329628944396973,19196,-0.054476894438266754,1.0326347351074219,-353537468,1491665641,-353631360,1491627500,0,1.9415397644042969,1121,-2.8216791152954102,0.098259933292865753,0,19833,112.79550170898438,0,0.10246730595827103,0
178204523,178204523,178204,-353537743,1491665565,-30.702573776245117,-7.0663738250732422,-2.926243782043457,19234,-0.053634069859981537,1.0326230525970459,-353537743,1491665565,-353631360,1491627500,0,1.8575799465179443,1074,-2.8213987350463867,0.09397752583026886,0,19835,112.81992340087891,0,0.098259933292865753,0
178304483,178304483,178304,-353538017,1491665487,-30.673192977905273,-7.2076220512390137,-2.9203474521636963,19268,-0.05380992591381073,1.0326292514801025,-353538017,1491665487,-353631360,1491627500,0,1.7727154493331909,1026,-2.8211359977722168,0.089662648737430573,0,19836,112.83203125,0,0.09397752583026886,0
178404443,178404443,178404,-353538291,1491665407,-30.641889572143555,-7.3316011428833008,-2.915461540222168,19296,-0.052548058331012726,1.0326311588287354,-353538291,1491665407,-353631360,1491627500,0,1.6974906921386719,983,-2.8208873271942139,0.085853323340415955,0,19838,112.82539367675781,0,0.089662648737430573,0
178504403,178504403,178504,-353538565,1491665326,-30.612764358520508,-7.4609880447387695,-2.9099562168121338,19328,-0.052332315593957901,1.0326452255249023,-353538565,1491665326,-353631360,1491627500,0,1.6193480491638184,938,-2.8206450939178467,0.081886686384677887,0,19839,112.832763671875,0,0.085853323340415955,0
178604363,178604363,178604,-353538839,1491665243,-30.586277008056641,-7.5869669914245605,-2.9044861793518066,19359,-0.05248686671257019,1.0326472520828247,-353538839,1491665243,-353631360,1491627500,0,1.5434794425964355,895,-2.8204174041748047,0.078031361103057861,0,19840,112.84838104248047,0,0.081886686384677887,0
178704323,178704323,178704,-353539112,1491665160,-30.557840347290039,-7.694913387298584,-2.9003150463104248,19383,-0.055009312927722931,1.032640814781189,-353539112,1491665160,-353631360,1491627500,0,1.4779404401779175,858,-2.8201918601989746,0.07471504807472229,0,19842,112.84331512451172,0,0.078031361103057861,0
178805116,178805116,178805,-353539388,1491665074,-30.541126251220703,-7.7972373962402344,-2.8956680297851562,19410,-0.057297144085168839,1.0326510667800903,-353539388,1491665074,-353631360,1491627500,0,1.4178277254104614,824,-2.8199789524078369,0.071650430560112,0,19843,112.87535858154297,0,0.07471504807472229,0
178905076,178905076,178905,-353539664,1491664987,-30.529281616210938,-7.9102911949157715,-2.8919389247894287,19431,-0.057386960834264755,1.032651424407959,-353539664,1491664987,-353631360,1491627500,0,1.352158784866333,786,-2.8197727203369141,0.068290315568447113,0,19844,112.93512725830078,0,0.071650430560112,0
179005036,179005036,179005,-353539939,1491664899,-30.521024703979492,-8.0173406600952148,-2.887995719909668,19454,-0.057600807398557663,1.0326498746871948,-353539939,1491664899,-353631360,1491627500,0,1.2905879020690918,750,-2.8195767402648926,0.065136820077896118,0,19845,113.00328826904297,0,0.068290315568447113,0
179104996,179104996,179104,-353540216,1491664809,-30.513833999633789,-8.118443489074707,-2.8846964836120605,19472,-0.056485801935195923,1.0326482057571411,-353540216,1491664809,-353631360,1491627500,0,1.2326149940490723,717,-2.8193891048431396,0.062169745564460754,0,19846,113.07093048095703,0,0.065136820077896118,0
179204956,179204956,179204,-353540493,1491664718,-30.506570816040039,-8.2126502990722656,-2.8815844058990479,19490,-0.055393744260072708,1.0326577425003052,-353540493,1491664718,-353631360,1491627500,0,1.1786043643951416,686,-2.8192083835601807,0.059409651905298233,0,19847,113.13301849365234,0,0.062169745564460754,0
179304916,179304916,179304,-353540770,1491664626,-30.506826400756836,-8.2985162734985352,-2.8777520656585693,19512,-0.055388800799846649,1.0326510667800903,-353540770,1491664626,-353631360,1491627500,0,1.1309281587600708,658,-2.8190345764160156,0.056962855160236359,0,19848,113.21422576904297,0,0.059409651905298233,0
179404876,179404876,179404,-353541046,1491664533,-30.506797790527344,-8.3846235275268555,-2.8741905689239502,19533,-0.055447489023208618,1.0326519012451172,-353541046,1491664533,-353631360,1491627500,0,1.0828522443771362,631,-2.8188712596893311,0.054499756544828415,0,19849,113.29545593261719,0,0.056962855160236359,0
179504836,179504836,179504,-353541323,1491664439,-30.506374359130859,-8.4645404815673828,-2.8706800937652588,19553,-0.055951580405235291,1.0326573848724365,-353541323,1491664439,-353631360,1491627500,0,1.0383145809173584,605,-2.8187117576599121,0.052221622318029404,0,19850,113.37016296386719,0,0.054499756544828415,0
179604796,179604796,179604,-353541600,1491664344,-30.501413345336914,-8.5511646270751953,-2.8668816089630127,19574,-0.055453348904848099,1.0326708555221558,-353541600,1491664344,-353631360,1491627500,0,0.98873805999755859,576,-2.8185596466064453,0.049697034060955048,0,19851,113.4364013671875,0,0.052221622318029404,0
179704756,179704756,179704,-353541874,1491664249,-30.486587524414062,-8.637354850769043,-2.8634922504425049,19594,-0.054529573768377304,1.0326541662216187,-353541874,1491664249,-353631360,1491627500,0,0.93727302551269531,546,-2.8184165954589844,0.047094717621803284,0,19852,113.46901702880859,0,0.049697034060955048,0
179804716,179804716,179804,-353542148,1491664153,-30.466474533081055,-8.7117385864257812,-2.8607468605041504,19610,-0.055360089987516403,1.032671332359314,-353542148,1491664153,-353631360,1491627500,0,0.89164197444915771,520,-2.8182806968688965,0.044798899441957474,0,19852,113.47266387939453,0,0.047094717621803284,0
179904676,179904676,179904,-353542421,1491664057,-30.445396423339844,-8.7707309722900391,-2.8587825298309326,19621,-0.05691421777009964,1.0326658487319946,-353542421,1491664057,-353631360,1491627500,0,0.85493779182434082,499,-2.8181474208831787,0.042959012091159821,0,19853,113.45839691162109,0,0.044798899441957474,0
180004636,180004636,180004,-353542693,1491663960,-30.423152923583984,-8.8329801559448242,-2.8558263778686523,19638,-0.057669509202241898,1.0326725244522095,-353542693,1491663960,-353631360,1491627500,0,0.81584393978118896,476,-2.8180251121520996,0.040998771786689758,0,19854,113.44380950927734,0,0.042959012091159821,0
180104596,180104596,180104,-353542964,1491663863,-30.402597427368164,-8.8946704864501953,-2.8535318374633789,19651,-0.058836046606302261,1.0326725244522095,-353542964,1491663863,-353631360,1491627500,0,0.77736985683441162,454,-2.8179054260253906,0.039067365229129791,0,19855,113.43495178222656,0,0.040998771786689758,0
180204556,180204556,180204,-353543236,1491663765,-30.376131057739258,-8.9590749740600586,-2.851088285446167,19665,-0.058211896568536758,1.0326752662658691,-353543236,1491663765,-353631360,1491627500,0,0.73601061105728149,429,-2.8177900314331055,0.036996304988861084,0,19855,113.40901947021484,0,0.039067365229129791,0
180304516,180304516,180304,-353543507,1491663666,-30.347923278808594,-9.023005485534668,-2.8483295440673828,19681,-0.057609163224697113,1.0326699018478394,-353543507,1491663666,-353631360,1491627500,0,0.69436711072921753,405,-2.817685604095459,0.034911993891000748,0,19856,113.37716674804688,0,0.036996304988861084,0
180404476,180404476,180404,-353543778,1491663567,-30.329151153564453,-9.0705451965332031,-2.8474063873291016,19686,-0.057031426578760147,1.0326710939407349,-353543778,1491663567,-353631360,1491627500,0,0.66438454389572144,388,-2.8175804615020752,0.033408574759960175,0,19856,113.36139678955078,0,0.034911993891000748,0
180504436,180504436,180504,-353544048,1491663467,-30.309885025024414,-9.1003217697143555,-2.846158504486084,19693,-0.058005735278129578,1.032681941986084,-353544048,1491663467,-353631360,1491627500,0,0.64465969800949097,376,-2.8174867630004883,0.032426506280899048,0,19857,113.32592010498047,0,0.033408574759960175,0
180604396,180604396,180604,-353544319,1491663367,-30.296689987182617,-9.133702278137207,-2.8437552452087402,19707,-0.060681618750095367,1.0326875448226929,-353544319,1491663367,-353631360,1491627500,0,0.62408381700515747,364,-2.8173887729644775,0.031394191086292267,0,19858,113.31510925292969,0,0.032426506280899048,0
180704356,180704356,180704,-353544590,1491663267,-30.275325775146484,-9.1721258163452148,-2.8409311771392822,19723,-0.062215480953454971,1.0326904058456421,-353544590,1491663267,-353631360,1491627500,0,0.59888041019439697,350,-2.8172903060913086,0.03013484925031662,0,19858,113.28167724609375,0,0.031394191086292267,0
180804316,180804316,180804,-353544860,1491663165,-30.257194519042969,-9.2158918380737305,-2.8397660255432129,19730,-0.063898168504238129,1.032684326171875,-353544860,1491663165,-353631360,1491627500,0,0.57074809074401855,333,-2.8172116279602051,0.02872307226061821,0,19859,113.26510620117188,0,0.03013484925031662,0
180905109,180905109,180905,-353545135,1491663062,-30.253076553344727,-9.2533359527587891,-2.8394384384155273,19732,-0.064367488026618958,1.0326826572418213,-353545135,1491663062,-353631360,1491627500,0,0.54937547445297241,321,-2.8171234130859375,0.027641095221042633,0,19859,113.29015350341797,0,0.02872307226061821,0
181005069,181005069,181005,-353545408,1491662959,-30.252798080444336,-9.2964391708374023,-2.8366947174072266,19747,-0.06358984112739563,1.0326883792877197,-353545408,1491662959,-353631360,1491627500,0,0.52527570724487305,307,-2.8170416355133057,0.026417931541800499,0,19860,113.33443450927734,0,0.027641095221042633,0
181105029,181105029,181105,-353545682,1491662855,-30.259647369384766,-9.3473291397094727,-2.8346433639526367,19759,-0.063830718398094177,1.0326950550079346,-353545682,1491662855,-353631360,1491627500,0,0.49787735939025879,291,-2.8169643878936768,0.025022652000188828,0,19860,113.41152954101562,0,0.026417931541800499,0
181204989,181204989,181204,-353545956,1491662751,-30.261945724487305,-9.3984470367431641,-2.832270622253418,19773,-0.062360126525163651,1.0326883792877197,-353545956,1491662751,-353631360,1491627500,0,0.46944418549537659,274,-2.8168866634368896,0.023580467328429222,0,19860,113.47355651855469,0,0.025022652000188828,0
181304949,181304949,181304,-353546231,1491662646,-30.265214920043945,-9.4538688659667969,-2.8315224647521973,19777,-0.062112152576446533,1.0326937437057495,-353546231,1491662646,-353631360,1491627500,0,0.43855428695678711,256,-2.8168134689331055,0.02201496809720993,0,19861,113.54374694824219,0,0.023580467328429222,0
181404909,181404909,181404,-353546505,1491662541,-30.271621704101562,-9.489013671875,-2.8305037021636963,19783,-0.062615714967250824,1.032684326171875,-353546505,1491662541,-353631360,1491627500,0,0.42030715942382812,245,-2.8167436122894287,0.02108779177069664,0,19861,113.60323333740234,0,0.02201496809720993,0
181504869,181504869,181504,-353546780,1491662435,-30.279207229614258,-9.5277690887451172,-2.8281192779541016,19797,-0.061852931976318359,1.032681941986084,-353546780,1491662435,-353631360,1491627500,0,0.40005555748939514,234,-2.8166780471801758,0.02005966380238533,0,19862,113.67073059082031,0,0.02108779177069664,0
181604829,181604829,181604,-353547054,1491662328,-30.279813766479492,-9.5663051605224609,-2.8266162872314453,19805,-0.061321660876274109,1.0326937437057495,-353547054,1491662328,-353631360,1491627500,0,0.3783000111579895,221,-2.816624641418457,0.018961390480399132,0,19862,113.71430206298828,0,0.02005966380238533,0
181704789,181704789,181704,-353547326,1491662223,-30.268177032470703,-9.598505973815918,-2.8246948719024658,19816,-0.061026908457279205,1.0326992273330688,-353547326,1491662223,-353631360,1491627500,0,0.35807302594184875,209,-2.8165602684020996,0.017948225140571594,0,19862,113.70936584472656,0,0.018961390480399132,0
181804749,181804749,181804,-353547597,1491662116,-30.252704620361328,-9.6423749923706055,-2.8226048946380615,19828,-0.061617892235517502,1.0326937437057495,-353547597,1491662116,-353631360,1491627500,0,0.32971477508544922,192,-2.8165168762207031,0.016527403146028519,0,19863,113.70416259765625,0,0.017948225140571594,0
181904709,181904709,181904,-353547868,1491662010,-30.237655639648438,-9.6701803207397461,-2.82322096824646,19825,-0.064223155379295349,1.0326881408691406,-353547868,1491662010,-353631360,1491627500,0,0.31118717789649963,182,-2.8164644241333008,0.015601495280861855,0,19863,113.68310546875,0,0.016527403146028519,0
182004669,182004669,182004,-353548138,1491661904,-30.223159790039062,-9.6856451034545898,-2.8222072124481201,19830,-0.067603826522827148,1.032707691192627,-353548138,1491661904,-353631360,1491627500,0,0.30005142092704773,175,-2.8164150714874268,0.015047465451061726,0,19863,113.65055084228516,0,0.015601495280861855,0
182104629,182104629,182104,-353548408,1491661798,-30.209369659423828,-9.6980180740356445,-2.8212094306945801,19836,-0.069728679955005646,1.0327072143554688,-353548408,1491661798,-353631360,1491627500,0,0.29090264439582825,170,-2.8163657188415527,0.014592926017940044,0,19863,113.6170654296875,0,0.015047465451061726,0
182204589,182204589,182204,-353548677,1491661692,-30.192478179931641,-9.710820198059082,-2.8210239410400391,19837,-0.069851003587245941,1.0326989889144897,-353548677,1491661692,-353631360,1491627500,0,0.28081130981445312,164,-2.816319465637207,0.014092070981860161,0,19864,113.57350158691406,0,0.014592926017940044,0
182304549,182304549,182304,-353548946,1491661585,-30.180109024047852,-9.7133073806762695,-2.8211264610290527,19837,-0.069481804966926575,1.0327050685882568,-353548946,1491661585,-353631360,1491627500,0,0.27759593725204468,162,-2.816281795501709,0.013935541734099388,0,19864,113.53406524658203,0,0.014092070981860161,0
182404509,182404509,182404,-353549215,1491661479,-30.163486480712891,-9.7196073532104492,-2.8196151256561279,19845,-0.06866300106048584,1.0326945781707764,-353549215,1491661479,-353631360,1491627500,0,0.2714390754699707,158,-2.8162350654602051,0.013632414862513542,0,19864,113.48432159423828,0,0.013935541734099388,0
182504469,182504469,182504,-353549484,1491661372,-30.146915435791016,-9.73895263671875,-2.8178513050079346,19855,-0.069207288324832916,1.0327022075653076,-353549484,1491661372,-353631360,1491627500,0,0.25735217332839966,150,-2.8161969184875488,0.012928904965519905,0,19864,113.44911956787109,0,0.013632414862513542,0
182604429,182604429,182604,-353549753,1491661266,-30.133321762084961,-9.7591238021850586,-2.8180141448974609,19854,-0.069219514727592468,1.032707691192627,-353549753,1491661266,-353631360,1491627500,0,0.24355597794055939,142,-2.8161494731903076,0.012238369323313236,0,19865,113.42503356933594,0,0.012928904965519905,0
182704389,182704389,182704,-353550022,1491661159,-30.127231597900391,-9.7717475891113281,-2.8176102638244629,19857,-0.069209255278110504,1.0327033996582031,-353550022,1491661159,-353631360,1491627500,0,0.2355865091085434,137,-2.8161108493804932,0.011838605627417564,0,19865,113.41822052001953,0,0.012238369323313236,0
182804349,182804349,182804,-353550292,1491661051,-30.113130569458008,-9.7948408126831055,-2.8152689933776855,19870,-0.069297052919864655,1.0326954126358032,-353550292,1491661051,-353631360,1491627500,0,0.21967501938343048,128,-2.8160772323608398,0.011041182093322277,0,19865,113.39574432373047,0,0.011838605627417564,0
182905142,182905142,182905,-353550561,1491660944,-30.097286224365234,-9.8268108367919922,-2.8143808841705322,19875,-0.070498153567314148,1.0326913595199585,-353550561,1491660944,-353631360,1491627500,0,0.19823764264583588,116,-2.8160378932952881,0.0099652959033846855,0,19865,113.37726593017578,0,0.011041182093322277,0
183005102,183005102,183005,-353550832,1491660835,-30.089908599853516,-9.8503990173339844,-2.8147575855255127,19873,-0.070236347615718842,1.0326930284500122,-353550832,1491660835,-353631360,1491627500,0,0.18328492343425751,107,-2.8160092830657959,0.0092135155573487282,0,19865,113.37840270996094,0,0.0099652959033846855,0
183105062,183105062,183105,-353551103,1491660726,-30.091367721557617,-9.8723630905151367,-2.8133804798126221,19881,-0.070742547512054443,1.0326992273330688,-353551103,1491660726,-353631360,1491627500,0,0.17107900977134705,100,-2.8159801959991455,0.0085976896807551384,0,19866,113.40786743164062,0,0.0092135155573487282,0
183205022,183205022,183205,-353551375,1491660616,-30.092517852783203,-9.899775505065918,-2.8126616477966309,19885,-0.072240076959133148,1.0327054262161255,-353551375,1491660616,-353631360,1491627500,0,0.15546596050262451,91,-2.8159563541412354,0.0078106480650603771,0,19866,113.44241333007812,0,0.0085976896807551384,0
183304982,183304982,183304,-353551648,1491660506,-30.101312637329102,-9.9188003540039062,-2.8119785785675049,19889,-0.072098568081855774,1.032707691192627,-353551648,1491660506,-353631360,1491627500,0,0.1464616060256958,85,-2.8159286975860596,0.0073549379594624043,0,19866,113.49364471435547,0,0.0078106480650603771,0
183404942,183404942,183404,-353551920,1491660396,-30.108312606811523,-9.9424104690551758,-2.8107776641845703,19896,-0.071011960506439209,1.0327044725418091,-353551920,1491660396,-353631360,1491627500,0,0.13429461419582367,78,-2.8159043788909912,0.006740945391356945,0,19866,113.54392242431641,0,0.0073549379594624043,0
183504902,183504902,183504,-353552194,1491660285,-30.111846923828125,-9.9657936096191406,-2.8106412887573242,19897,-0.069747932255268097,1.0326930284500122,-353552194,1491660285,-353631360,1491627500,0,0.12153800576925278,71,-2.8158817291259766,0.0060985595919191837,0,19866,113.58222961425781,0,0.006740945391356945,0
183604862,183604862,183604,-353552466,1491660174,-30.118124008178711,-9.9789085388183594,-2.8107376098632812,19896,-0.068661414086818695,1.032697319984436,-353552466,1491660174,-353631360,1491627500,0,0.11529603600502014,67,-2.8158664703369141,0.005783506203442812,0,19866,113.61832427978516,0,0.0060985595919191837,0
183704822,183704822,183704,-353552740,1491660063,-30.13365364074707,-9.9819908142089844,-2.8104724884033203,19898,-0.068921200931072235,1.0327068567276001,-353552740,1491660063,-353631360,1491627500,0,0.11704213917255402,68,-2.8158435821533203,0.0058681895025074482,0,19866,113.67459106445312,0,0.005783506203442812,0
183804782,183804782,183804,-353553013,1491659953,-30.154108047485352,-9.9888162612915039,-2.8093903064727783,19904,-0.070709943771362305,1.0326966047286987,-353553013,1491659953,-353631360,1491627500,0,0.11766410619020462,68,-2.8158149719238281,0.0058953696861863136,0,19867,113.75180053710938,0,0.0058681895025074482,0
183904742,183904742,183904,-353553284,1491659842,-30.155355453491211,-9.9885921478271484,-2.8095648288726807,19903,-0.073564708232879639,1.0326935052871704,-353553284,1491659842,-353631360,1491627500,0,0.1182825043797493,69,-2.815803050994873,0.0059261461719870567,0,19867,113.75579833984375,0,0.0058953696861863136,0
184004702,184004702,184004,-353553555,1491659733,-30.151052474975586,-9.9881229400634766,-2.8088335990905762,19907,-0.075311988592147827,1.0326918363571167,-353553555,1491659733,-353631360,1491627500,0,0.11830706149339676,69,-2.815772533416748,0.005928166676312685,0,19867,113.74063873291016,0,0.0059261461719870567,0
184104662,184104662,184104,-353553825,1491659623,-30.14405632019043,-9.9901065826416016,-2.8079352378845215,19912,-0.074448361992835999,1.0326992273330688,-353553825,1491659623,-353631360,1491627500,0,0.11606839299201965,67,-2.8157551288604736,0.0058170915581285954,0,19867,113.71909332275391,0,0.005928166676312685,0
184204622,184204622,184204,-353554094,1491659514,-30.126693725585938,-9.9926958084106445,-2.808107852935791,19911,-0.073563039302825928,1.0326863527297974,-353554094,1491659514,-353631360,1491627500,0,0.11149583756923676,65,-2.8157320022583008,0.0055906800553202629,0,19867,113.66299438476562,0,0.0058170915581285954,0
184304582,184304582,184304,-353554363,1491659405,-30.114410400390625,-9.9901266098022461,-2.8079869747161865,19912,-0.073228932917118073,1.0326937437057495,-353554363,1491659405,-353631360,1491627500,0,0.11101823300123215,65,-2.8157086372375488,0.0055689201690256596,0,19867,113.61834716796875,0,0.0055906800553202629,0
184404542,184404542,184404,-353554632,1491659296,-30.101493835449219,-9.984745979309082,-2.8084399700164795,19909,-0.074463047087192535,1.0327048301696777,-353554632,1491659296,-353631360,1491627500,0,0.11208965629339218,65,-2.8156852722167969,0.0056251385249197483,0,19867,113.56837463378906,0,0.0055689201690256596,0
184504502,184504502,184504,-353554900,1491659187,-30.092159271240234,-9.9857816696166992,-2.8075902462005615,19914,-0.076356090605258942,1.0326942205429077,-353554900,1491659187,-353631360,1491627500,0,0.1099870353937149,64,-2.8156657218933105,0.0055211042053997517,0,19867,113.53781890869141,0,0.0056251385249197483,0
184604462,184604462,184604,-353555169,1491659078,-30.080955505371094,-9.9863252639770508,-2.80765700340271,19914,-0.077692769467830658,1.0327005386352539,-353555169,1491659078,-353631360,1491627500,0,0.10788377374410629,63,-2.8156418800354004,0.0054173129610717297,0,19868,113.50035858154297,0,0.0055211042053997517,0
184704422,184704422,184704,-353555437,1491658969,-30.072288513183594,-9.9936389923095703,-2.8079299926757812,19912,-0.078386649489402771,1.0326887369155884,-353555437,1491658969,-353631360,1491627500,0,0.10218407213687897,59,-2.8156218528747559,0.0051320618949830532,0,19868,113.47915649414062,0,0.0054173129610717297,0
184804382,184804382,184804,-353555706,1491658859,-30.066696166992188,-9.9954872131347656,-2.8083665370941162,19910,-0.079109296202659607,1.0326902866363525,-353555706,1491658859,-353631360,1491627500,0,0.1002456471323967,58,-2.8156075477600098,0.0050354562699794769,0,19868,113.46224212646484,0,0.0051320618949830532,0
184904342,184904342,184904,-353555975,1491658750,-30.059528350830078,-9.9967880249023438,-2.8068118095397949,19919,-0.078387543559074402,1.0326857566833496,-353555975,1491658750,-353631360,1491627500,0,0.098511531949043274,57,-2.8155832290649414,0.0049493471160531044,0,19868,113.43935394287109,0,0.0050354562699794769,0
185005135,185005135,185005,-353556243,1491658641,-30.052240371704102,-10.00639820098877,-2.8060433864593506,19923,-0.075268663465976715,1.0326812267303467,-353556243,1491658641,-353631360,1491627500,0,0.091730237007141113,53,-2.8155627250671387,0.0046092085540294647,0,19868,113.42545318603516,0,0.0049493471160531044,0
185105095,185105095,185105,-353556517,1491658530,-30.048086166381836,-10.018573760986328,-2.8063075542449951,19922,-0.074389338493347168,1.032686710357666,-353556517,1491658530,-353631360,1491627500,0,0.084150828421115875,49,-2.8155374526977539,0.0042283725924789906,0,19868,113.42512512207031,0,0.0046092085540294647,0
185205055,185205055,185205,-353556788,1491658419,-30.044132232666016,-10.031031608581543,-2.8062095642089844,19922,-0.074858762323856354,1.032687783241272,-353556788,1491658419,-353631360,1491627500,0,0.076204091310501099,44,-2.8155243396759033,0.0038290431257337332,0,19868,113.42581939697266,0,0.0042283725924789906,0
185305015,185305015,185305,-353557060,1491658308,-30.062442779541016,-10.035829544067383,-2.8061971664428711,19922,-0.076935477554798126,1.0326852798461914,-353557060,1491658308,-353631360,1491627500,0,0.077380940318107605,45,-2.8155069351196289,0.0038858596235513687,0,19868,113.49346160888672,0,0.0038290431257337332,0
185404975,185404975,185404,-353557332,1491658197,-30.079875946044922,-10.048173904418945,-2.8050448894500732,19929,-0.079261243343353271,1.0326821804046631,-353557332,1491658197,-353631360,1491627500,0,0.07389233261346817,43,-2.8154892921447754,0.0037082782946527004,0,19868,113.56667327880859,0,0.0038858596235513687,0
185504935,185504935,185504,-353557605,1491658085,-30.096244812011719,-10.069758415222168,-2.8045406341552734,19932,-0.080353647470474243,1.0326907634735107,-353557605,1491658085,-353631360,1491627500,0,0.064576990902423859,37,-2.8154773712158203,0.0032385028898715973,0,19869,113.64676666259766,0,0.0037082782946527004,0
185604895,185604895,185604,-353557878,1491657973,-30.110076904296875,-10.086380958557129,-2.8046274185180664,19931,-0.079724065959453583,1.0326699018478394,-353557878,1491657973,-353631360,1491627500,0,0.057706438004970551,33,-2.8154654502868652,0.0028922709170728922,0,19869,113.71263885498047,0,0.0032385028898715973,0
185704855,185704855,185704,-353558151,1491657862,-30.126581192016602,-10.098106384277344,-2.8044676780700684,19932,-0.079225413501262665,1.0326734781265259,-353558151,1491657862,-353631360,1491627500,0,0.054490465670824051,31,-2.8154432773590088,0.002729419618844986,0,19869,113.78201293945312,0,0.0028922709170728922,0
185804815,185804815,185804,-353558424,1491657750,-30.132627487182617,-10.103240013122559,-2.8046791553497314,19931,-0.078483022749423981,1.0326807498931885,-353558424,1491657750,-353631360,1491627500,0,0.052896566689014435,31,-2.8154311180114746,0.0026489670854061842,0,19869,113.80838775634766,0,0.002729419618844986,0
185904775,185904775,185904,-353558695,1491657639,-30.131509780883789,-10.103559494018555,-2.804002046585083,19935,-0.077735580503940582,1.0326688289642334,-353558695,1491657639,-353631360,1491627500,0,0.052761748433113098,30,-2.8154170513153076,0.0026422950904816389,0,19869,113.80495452880859,0,0.0026489670854061842,0
186004735,186004735,186004,-353558965,1491657528,-30.126033782958984,-10.104886054992676,-2.8045580387115479,19932,-0.077646970748901367,1.0326757431030273,-353558965,1491657528,-353631360,1491627500,0,0.051066577434539795,29,-2.8154070377349854,0.0025577852502465248,0,19869,113.78787231445312,0,0.0026422950904816389,0
186104695,186104695,186104,-353559235,1491657417,-30.118673324584961,-10.093996047973633,-2.804743766784668,19931,-0.078328907489776611,1.0326665639877319,-353559235,1491657417,-353631360,1491627500,0,0.056266531348228455,32,-2.8153970241546631,0.0028191637247800827,0,19869,113.75048828125,0,0.0025577852502465248,0
186204655,186204655,186204,-353559504,1491657307,-30.111137390136719,-10.081084251403809,-2.8045239448547363,19932,-0.079834669828414917,1.0326633453369141,-353559504,1491657307,-353631360,1491627500,0,0.062752984464168549,36,-2.8153810501098633,0.0031452742405235767,0,19869,113.71021270751953,0,0.0028191637247800827,0
186304615,186304615,186304,-353559773,1491657198,-30.107517242431641,-10.074924468994141,-2.8040909767150879,19934,-0.079534865915775299,1.0326682329177856,-353559773,1491657198,-353631360,1491627500,0,0.066216431558132172,38,-2.8153548240661621,0.0033194310963153839,0,19869,113.69091796875,0,0.0031452742405235767,0
186404575,186404575,186404,-353560042,1491657088,-30.098361968994141,-10.072463035583496,-2.803802490234375,19936,-0.078560173511505127,1.0326751470565796,-353560042,1491657088,-353631360,1491627500,0,0.066164299845695496,38,-2.8153383731842041,0.0033178066369146109,0,19869,113.65703582763672,0,0.0033194310963153839,0
186504535,186504535,186504,-353560310,1491656978,-30.088485717773438,-10.07384204864502,-2.8041255474090576,19934,-0.07866959273815155,1.0326622724533081,-353560310,1491656978,-353631360,1491627500,0,0.063597880303859711,37,-2.8153262138366699,0.0031900103203952312,0,19869,113.62506103515625,0,0.0033178066369146109,0
186604495,186604495,186604,-353560579,1491656868,-30.082172393798828,-10.070328712463379,-2.8041739463806152,19934,-0.078982070088386536,1.0326704978942871,-353560579,1491656868,-353631360,1491627500,0,0.064745374023914337,37,-2.8153097629547119,0.0032482945825904608,0,19869,113.59962463378906,0,0.0031900103203952312,0
186704455,186704455,186704,-353560848,1491656759,-30.078462600708008,-10.061988830566406,-2.8049561977386475,19929,-0.079325303435325623,1.0326573848724365,-353560848,1491656759,-353631360,1491627500,0,0.069502510130405426,40,-2.8152825832366943,0.0034876400604844093,0,19870,113.57755279541016,0,0.0032482945825904608,0
186804415,186804415,186804,-353561117,1491656649,-30.076812744140625,-10.051860809326172,-2.8050627708435059,19929,-0.080348923802375793,1.0326673984527588,-353561117,1491656649,-353631360,1491627500,0,0.075534164905548096,44,-2.8152656555175781,0.0037908819504082203,0,19870,113.56044769287109,0,0.0034876400604844093,0
186904375,186904375,186904,-353561385,1491656539,-30.069107055664062,-10.042969703674316,-2.80588698387146,19924,-0.080936580896377563,1.032658576965332,-353561385,1491656539,-353631360,1491627500,0,0.079524315893650055,46,-2.8152532577514648,0.0039924136362969875,0,19870,113.52418518066406,0,0.0037908819504082203,0
187004335,187004335,187004,-353561654,1491656430,-30.069513320922852,-10.032379150390625,-2.8058912754058838,19924,-0.081396676599979401,1.0326570272445679,-353561654,1491656430,-353631360,1491627500,0,0.086458384990692139,50,-2.8152256011962891,0.004340937826782465,0,19870,113.51355743408203,0,0.0039924136362969875,0
187105128,187105128,187105,-353561924,1491656320,-30.069389343261719,-10.018265724182129,-2.8067119121551514,19919,-0.082101844251155853,1.0326546430587769,-353561924,1491656320,-353631360,1491627500,0,0.09526439756155014,55,-2.8152039051055908,0.0047837686724960804,0,19870,113.49715423583984,0,0.004340937826782465,0
187205088,187205088,187205,-353562195,1491656210,-30.07111930847168,-10.006721496582031,-2.806765079498291,19919,-0.082406803965568542,1.0326619148254395,-353562195,1491656210,-353631360,1491627500,0,0.10300499945878983,60,-2.8151776790618896,0.0051727988757193089,0,19870,113.48996734619141,0,0.0047837686724960804,0
187305048,187305048,187305,-353562467,1491656100,-30.085514068603516,-10.003952026367188,-2.8063092231750488,19922,-0.082340680062770844,1.0326460599899292,-353562467,1491656100,-353631360,1491627500,0,0.10816660523414612,63,-2.8151469230651855,0.0054298215545713902,0,19870,113.53575134277344,0,0.0051727988757193089,0
187405008,187405008,187405,-353562739,1491655990,-30.092302322387695,-10.006069183349609,-2.8057541847229004,19925,-0.082985877990722656,1.0326418876647949,-353562739,1491655990,-353631360,1491627500,0,0.10889405757188797,63,-2.8151159286499023,0.0054651126265525818,0,19871,113.56120300292969,0,0.0054298215545713902,0
187504968,187504968,187504,-353563012,1491655879,-30.105705261230469,-10.013771057128906,-2.8055245876312256,19926,-0.082050397992134094,1.032647967338562,-353563012,1491655879,-353631360,1491627500,0,0.10750929266214371,63,-2.8150908946990967,0.0053930380381643772,0,19871,113.61545562744141,0,0.0054651126265525818,0
187604928,187604928,187604,-353563285,1491655768,-30.119176864624023,-10.023761749267578,-2.8056833744049072,19925,-0.082317009568214417,1.0326342582702637,-353563285,1491655768,-353631360,1491627500,0,0.10478224605321884,61,-2.8150656223297119,0.0052536008879542351,0,19871,113.67252349853516,0,0.0053930380381643772,0
187704888,187704888,187704,-353563558,1491655657,-30.132284164428711,-10.041617393493652,-2.8044133186340332,19932,-0.083343364298343658,1.0326321125030518,-353563558,1491655657,-353631360,1491627500,0,0.097305320203304291,57,-2.815040111541748,0.0048759398050606251,0,19871,113.73725891113281,0,0.0052536008879542351,0
187804848,187804848,187804,-353563832,1491655546,-30.141368865966797,-10.057375907897949,-2.8050017356872559,19929,-0.084080964326858521,1.0326328277587891,-353563832,1491655546,-353631360,1491627500,0,0.090359851717948914,52,-2.8150100708007812,0.0045259641483426094,0,19871,113.78597259521484,0,0.0048759398050606251,0
187904808,187904808,187904,-353564105,1491655434,-30.155035018920898,-10.067550659179688,-2.8050711154937744,19929,-0.082733549177646637,1.0326371192932129,-353564105,1491655434,-353631360,1491627500,0,0.087359599769115448,51,-2.8149950504302979,0.0043734582141041756,0,19871,113.84392547607422,0,0.0045259641483426094,0
188004768,188004768,188004,-353564379,1491655323,-30.166671752929688,-10.076813697814941,-2.8040955066680908,19934,-0.082144252955913544,1.0326367616653442,-353564379,1491655323,-353631360,1491627500,0,0.084803357720375061,49,-2.8149642944335938,0.0042436197400093079,0,19871,113.89396667480469,0,0.0043734582141041756,0
188104728,188104728,188104,-353564651,1491655212,-30.172323226928711,-10.090866088867188,-2.8046631813049316,19931,-0.080233864486217499,1.0326337814331055,-353564651,1491655212,-353631360,1491627500,0,0.078014902770519257,45,-2.8149425983428955,0.0039027146995067596,0,19872,113.92910766601562,0,0.0042436197400093079,0
188204688,188204688,188204,-353564922,1491655101,-30.170383453369141,-10.086772918701172,-2.8038289546966553,19936,-0.079571440815925598,1.0326296091079712,-353564922,1491655101,-353631360,1491627500,0,0.080405756831169128,47,-2.8149254322052002,0.0040227151475846767,0,19872,113.91786956787109,0,0.0039027146995067596,0
188304648,188304648,188304,-353565192,1491654991,-30.156232833862305,-10.099860191345215,-2.8028867244720459,19941,-0.079851657152175903,1.0326360464096069,-353565192,1491654991,-353631360,1491627500,0,0.070242531597614288,41,-2.8149013519287109,0.0035152689088135958,0,19872,113.88468933105469,0,0.0040227151475846767,0
188404608,188404608,188404,-353565462,1491654881,-30.143535614013672,-10.096135139465332,-2.8036041259765625,19937,-0.082501880824565887,1.0326311588287354,-353565462,1491654881,-353631360,1491627500,0,0.070380955934524536,41,-2.8148772716522217,0.0035236612893640995,0,19872,113.83734130859375,0,0.0035152689088135958,0
188504568,188504568,188504,-353565731,1491654771,-30.136890411376953,-10.084429740905762,-2.8032951354980469,19939,-0.084191024303436279,1.03263258934021,-353565731,1491654771,-353631360,1491627500,0,0.076399430632591248,44,-2.8148577213287354,0.0038261867593973875,0,19872,113.80147552490234,0,0.0035236612893640995,0
188604528,188604528,188604,-353566000,1491654661,-30.124887466430664,-10.088945388793945,-2.8024120330810547,19944,-0.084900125861167908,1.0326254367828369,-353566000,1491654661,-353631360,1491627500,0,0.071689032018184662,42,-2.8148376941680908,0.0035914068575948477,0,19872,113.76583862304688,0,0.0038261867593973875,0
188704488,188704488,188704,-353566269,1491654551,-30.110553741455078,-10.092657089233398,-2.8024337291717529,19944,-0.085715994238853455,1.032617449760437,-353566269,1491654551,-353631360,1491627500,0,0.066988818347454071,39,-2.8148176670074463,0.0033572511747479439,0,19872,113.72139739990234,0,0.0035914068575948477,0
188804448,188804448,188804,-353566538,1491654441,-30.098928451538086,-10.096760749816895,-2.8018393516540527,19947,-0.085558243095874786,1.0326160192489624,-353566538,1491654441,-353631360,1491627500,0,0.062604986131191254,36,-2.8147976398468018,0.003138507716357708,0,19872,113.68659210205078,0,0.0033572511747479439,0
188904408,188904408,188904,-353566807,1491654331,-30.082582473754883,-10.107041358947754,-2.8002400398254395,19956,-0.085051268339157104,1.032617449760437,-353566807,1491654331,-353631360,1491627500,0,0.053595840930938721,31,-2.814777135848999,0.0026878961361944675,0,19873,113.642822265625,0,0.003138507716357708,0
189004368,189004368,189004,-353567076,1491654220,-30.063413619995117,-10.125395774841309,-2.8002469539642334,19956,-0.083747431635856628,1.0326205492019653,-353567076,1491654220,-353631360,1491627500,0,0.038990069180727005,22,-2.8147680759429932,0.0019561569206416607,0,19873,113.59871673583984,0,0.0026878961361944675,0
189104328,189104328,189104,-353567345,1491654110,-30.054931640625,-10.127223014831543,-2.8009865283966064,19952,-0.084343902766704559,1.0326169729232788,-353567345,1491654110,-353631360,1491627500,0,0.036602213978767395,21,-2.8147475719451904,0.0018367882585152984,0,19873,113.572021484375,0,0.0019561569206416607,0
189205121,189205121,189205,-353567613,1491653999,-30.048437118530273,-10.127029418945312,-2.8013758659362793,19950,-0.0849294513463974,1.0326013565063477,-353567613,1491653999,-353631360,1491627500,0,0.035498470067977905,20,-2.8147428035736084,0.001781748840585351,0,19873,113.54975891113281,0,0.0018367882585152984,0
189305081,189305081,189305,-353567887,1491653887,-30.056716918945312,-10.129558563232422,-2.8009359836578369,19952,-0.086096420884132385,1.0326133966445923,-353567887,1491653887,-353631360,1491627500,0,0.03609887883067131,21,-2.8147211074829102,0.001811390626244247,0,19873,113.58075714111328,0,0.001781748840585351,0
189405041,189405041,189405,-353568158,1491653775,-30.063798904418945,-10.132367134094238,-2.7998449802398682,19959,-0.086435325443744659,1.0326027870178223,-353568158,1491653775,-353631360,1491627500,0,0.036008398979902267,21,-2.8147134780883789,0.0018064167816191912,0,19873,113.60799407958984,0,0.001811390626244247,0
189505001,189505001,189505,-353568431,1491653663,-30.077793121337891,-10.150673866271973,-2.7983810901641846,19967,-0.086455091834068298,1.0326002836227417,-353568431,1491653663,-353631360,1491627500,0,0.028283372521400452,16,-2.8146960735321045,0.0014180244179442525,0,19873,113.67642974853516,0,0.0018064167816191912,0
189604961,189604961,189604,-353568703,1491653550,-30.088428497314453,-10.169228553771973,-2.7996976375579834,19959,-0.085889309644699097,1.0326036214828491,-353568703,1491653550,-353631360,1491627500,0,0.019406653940677643,11,-2.8146951198577881,0.00097248773090541363,0,19873,113.73377227783203,0,0.0014180244179442525,0
189704921,189704921,189704,-353568976,1491653438,-30.104780197143555,-10.175121307373047,-2.8005990982055664,19954,-0.086599446833133698,1.0326000452041626,-353568976,1491653438,-353631360,1491627500,0,0.019550463184714317,11,-2.8146777153015137,0.00097915832884609699,0,19873,113.79599761962891,0,0.00097248773090541363,0
189804881,189804881,189804,-353569249,1491653325,-30.123397827148438,-10.177386283874512,-2.7998120784759521,19959,-0.085688374936580658,1.032585620880127,-353569249,1491653325,-353631360,1491627500,0,0.022076740860939026,12,-2.8146717548370361,0.0011050449684262276,0,19873,113.86176300048828,0,0.00097915832884609699,0
189904841,189904841,189904,-353569523,1491653212,-30.137393951416016,-10.190133094787598,-2.798525333404541,19966,-0.084662362933158875,1.0325832366943359,-353569523,1491653212,-353631360,1491627500,0,0.017534717917442322,10,-2.8146607875823975,0.0008772169821895659,0,19873,113.92385864257812,0,0.0011050449684262276,0
190004801,190004801,190004,-353569796,1491653100,-30.146141052246094,-10.201783180236816,-2.7985358238220215,19966,-0.084800250828266144,1.0325940847396851,-353569796,1491653100,-353631360,1491627500,0,0.012725448235869408,7,-2.8146429061889648,0.00063638109713792801,0,19873,113.96689605712891,0,0.0008772169821895659,0
190104761,190104761,190104,-353570067,1491652988,-30.144670486450195,-10.209224700927734,-2.7983157634735107,19967,-0.084177650511264801,1.0325791835784912,-353570067,1491652988,-353631360,1491627500,0,0.0081642530858516693,4,-2.8146347999572754,0.00040826958138495684,0,19873,113.970458984375,0,0.00063638109713792801,0
190204721,190204721,190204,-353570338,1491652876,-30.148092269897461,-10.208571434020996,-2.7993073463439941,19962,-0.084154523909091949,1.0325851440429688,-353570338,1491652876,-353631360,1491627500,0,0.0094076152890920639,5,-2.8146264553070068,0.00047040160279721022,0,19873,113.98130798339844,0,0.00040826958138495684,0
190304681,190304681,190304,-353570608,1491652764,-30.144048690795898,-10.203830718994141,-2.7989151477813721,19964,-0.086584523320198059,1.0325688123703003,-353570608,1491652764,-353631360,1491627500,0,0.011479686945676804,6,-2.8146231174468994,0.00057410635054111481,0,19873,113.96215057373047,0,0.00047040160279721022,0
190404641,190404641,190404,-353570878,1491652653,-30.144384384155273,-10.201345443725586,-2.7984800338745117,19966,-0.088178403675556183,1.0325756072998047,-353570878,1491652653,-353631360,1491627500,0,0.013335444964468479,7,-2.8146076202392578,0.00066692393738776445,0,19874,113.96044158935547,0,0.00057410635054111481,0
190504601,190504601,190504,-353571147,1491652542,-30.136760711669922,-10.194655418395996,-2.7994999885559082,19961,-0.087087996304035187,1.0325659513473511,-353571147,1491652542,-353631360,1491627500,0,0.01598755270242691,9,-2.8145971298217773,0.00079979485599324107,0,19874,113.92690277099609,0,0.00066692393738776445,0
190604561,190604561,190604,-353571416,1491652431,-30.132837295532227,-10.176335334777832,-2.7993454933166504,19961,-0.085728101432323456,1.0325651168823242,-353571416,1491652431,-353631360,1491627500,0,0.026309564709663391,15,-2.8145866394042969,0.001316561596468091,0,19874,113.892578125,0,0.00079979485599324107,0
190704521,190704521,190704,-353571685,1491652320,-30.123428344726562,-10.165519714355469,-2.7987782955169678,19965,-0.085333488881587982,1.0325568914413452,-353571685,1491652320,-353631360,1491627500,0,0.031058914959430695,18,-2.8145759105682373,0.0015548297669738531,0,19874,113.84827423095703,0,0.001316561596468091,0
190804481,190804481,190804,-353571954,1491652209,-30.112123489379883,-10.158337593078613,-2.7995569705963135,19960,-0.085956558585166931,1.0325711965560913,-353571954,1491652209,-353631360,1491627500,0,0.033267606049776077,19,-2.8145649433135986,0.0016660802066326141,0,19874,113.80168914794922,0,0.0015548297669738531,0
190904441,190904441,190904,-353572223,1491652098,-30.104543685913086,-10.151236534118652,-2.7995479106903076,19960,-0.087053529918193817,1.0325616598129272,-353572223,1491652098,-353631360,1491627500,0,0.036179769784212112,21,-2.8145542144775391,0.0018124639755114913,0,19874,113.76784515380859,0,0.0016660802066326141,0
191004401,191004401,191004,-353572492,1491651988,-30.099315643310547,-10.143887519836426,-2.798332691192627,19967,-0.087051272392272949,1.0325548648834229,-353572492,1491651988,-353631360,1491627500,0,0.039966195821762085,23,-2.814530611038208,0.0020026091951876879,0,19874,113.74169158935547,0,0.0018124639755114913,0
191104361,191104361,191104,-353572761,1491651877,-30.094318389892578,-10.149922370910645,-2.7982490062713623,19968,-0.087295867502689362,1.0325500965118408,-353572761,1491651877,-353631360,1491627500,0,0.035588353872299194,20,-2.8145194053649902,0.001783403567969799,0,19874,113.73164367675781,0,0.0020026091951876879,0
191204321,191204321,191204,-353573030,1491651766,-30.091066360473633,-10.14228343963623,-2.800037145614624,19957,-0.087861612439155579,1.0325485467910767,-353573030,1491651766,-353631360,1491627500,0,0.039702530950307846,23,-2.8145081996917725,0.001989919925108552,0,19874,113.71186828613281,0,0.001783403567969799,0
191305114,191305114,191305,-353573302,1491651655,-30.094505310058594,-10.123529434204102,-2.8011672496795654,19951,-0.088008306920528412,1.0325462818145752,-353573302,1491651655,-353631360,1491627500,0,0.052096616476774216,30,-2.8144810199737549,0.0026113458443433046,0,19874,113.70211029052734,0,0.001989919925108552,0
191405074,191405074,191405,-353573572,1491651545,-30.09796142578125,-10.101563453674316,-2.8015198707580566,19949,-0.086664311587810516,1.0325512886047363,-353573572,1491651545,-353631360,1491627500,0,0.066451318562030792,38,-2.8144516944885254,0.003331268671900034,0,19874,113.68878173828125,0,0.0026113458443433046,0
191505034,191505034,191505,-353573843,1491651433,-30.104881286621094,-10.107409477233887,-2.7990248203277588,19963,-0.084880165755748749,1.0325322151184082,-353573843,1491651433,-353631360,1491627500,0,0.064563214778900146,37,-2.8144419193267822,0.0032357571180909872,0,19874,113.71894073486328,0,0.003331268671900034,0
191604994,191604994,191604,-353574115,1491651322,-30.109027862548828,-10.121518135070801,-2.7990090847015381,19963,-0.08465287834405899,1.0325291156768799,-353574115,1491651322,-353631360,1491627500,0,0.057559020817279816,33,-2.8144142627716064,0.0028839576989412308,0,19875,113.74910736083984,0,0.0032357571180909872,0
191704954,191704954,191704,-353574389,1491651210,-30.120063781738281,-10.123132705688477,-2.7997920513153076,19959,-0.086291752755641937,1.0325433015823364,-353574389,1491651210,-353631360,1491627500,0,0.05934467539191246,34,-2.8143882751464844,0.0029723998159170151,0,19875,113.78840637207031,0,0.0028839576989412308,0
191804914,191804914,191804,-353574662,1491651098,-30.134071350097656,-10.13184928894043,-2.7991597652435303,19962,-0.08727678656578064,1.0325366258621216,-353574662,1491651098,-353631360,1491627500,0,0.057403236627578735,33,-2.8143675327301025,0.0028737066313624382,0,19875,113.84589385986328,0,0.0029723998159170151,0
191904874,191904874,191904,-353574936,1491650986,-30.150398254394531,-10.14466667175293,-2.7996666431427002,19960,-0.088100738823413849,1.0325310230255127,-353574936,1491650986,-353631360,1491627500,0,0.053601834923028946,31,-2.8143410682678223,0.0026817515026777983,0,19875,113.91594696044922,0,0.0028737066313624382,0
192004834,192004834,192004,-353575209,1491650874,-30.169771194458008,-10.151352882385254,-2.8002207279205322,19956,-0.088691160082817078,1.0325304269790649,-353575209,1491650874,-353631360,1491627500,0,0.053960166871547699,31,-2.8143198490142822,0.0026979409158229828,0,19875,113.98933410644531,0,0.0026817515026777983,0
192104794,192104794,192104,-353575481,1491650762,-30.176586151123047,-10.154360771179199,-2.7997536659240723,19959,-0.090277902781963348,1.032532811164856,-353575481,1491650762,-353631360,1491627500,0,0.053867287933826447,31,-2.8143038749694824,0.0026926696300506592,0,19875,114.01589965820312,0,0.0026979409158229828,0
192204754,192204754,192204,-353575753,1491650650,-30.178621292114258,-10.164979934692383,-2.7989885807037354,19963,-0.090091623365879059,1.0325124263763428,-353575753,1491650650,-353631360,1491627500,0,0.048283841460943222,28,-2.8142876625061035,0.0024131657555699348,0,19875,114.03494262695312,0,0.0026926696300506592,0
192304714,192304714,192304,-353576024,1491650539,-30.174610137939453,-10.167705535888672,-2.7997231483459473,19959,-0.088666021823883057,1.0325136184692383,-353576024,1491650539,-353631360,1491627500,0,0.046332206577062607,27,-2.8142638206481934,0.0023158385884016752,0,19875,114.02444458007812,0,0.0024131657555699348,0
192404674,192404674,192404,-353576294,1491650428,-30.170455932617188,-10.161054611206055,-2.7995140552520752,19960,-0.086351163685321808,1.0325052738189697,-353576294,1491650428,-353631360,1491627500,0,0.049825016409158707,29,-2.8142449855804443,0.002490895101800561,0,19876,114.00274658203125,0,0.0023158385884016752,0
192504634,192504634,192504,-353576564,1491650317,-30.164562225341797,-10.161816596984863,-2.7993741035461426,19961,-0.084489919245243073,1.0325149297714233,-353576564,1491650317,-353631360,1491627500,0,0.048559486865997314,28,-2.8142261505126953,0.0024280347861349583,0,19876,113.98361206054688,0,0.002490895101800561,0
192604594,192604594,192604,-353576834,1491650206,-30.156938552856445,-10.157854080200195,-2.7992730140686035,19962,-0.084902405738830566,1.0325065851211548,-353576834,1491650206,-353631360,1491627500,0,0.049758497625589371,29,-2.8142070770263672,0.0024886508472263813,0,19876,113.95320892333984,0,0.0024280347861349583,0
192704554,192704554,192704,-353577103,1491650095,-30.147663116455078,-10.155985832214355,-2.7993485927581787,19961,-0.085776075720787048,1.0325082540512085,-353577103,1491650095,-353631360,1491627500,0,0.049268946051597595,28,-2.8141932487487793,0.0024648932740092278,0,19876,113.91960144042969,0,0.0024886508472263813,0
192804514,192804514,192804,-353577373,1491649984,-30.14185905456543,-10.150718688964844,-2.798842191696167,19964,-0.087566949427127838,1.0325045585632324,-353577373,1491649984,-353631360,1491627500,0,0.051617849618196487,30,-2.8141739368438721,0.0025829905644059181,0,19876,113.89388275146484,0,0.0024648932740092278,0
192904474,192904474,192904,-353577643,1491649874,-30.138423919677734,-10.140928268432617,-2.7994661331176758,19961,-0.090135976672172546,1.0325026512145996,-353577643,1491649874,-353631360,1491627500,0,0.057413425296545029,33,-2.8141405582427979,0.002873582299798727,0,19876,113.87104034423828,0,0.0025829905644059181,0
193004434,193004434,193004,-353577912,1491649763,-30.135257720947266,-10.12340259552002,-2.7999312877655029,19958,-0.089843288064002991,1.0324999094009399,-353577912,1491649763,-353631360,1491627500,0,0.06748315691947937,39,-2.8141264915466309,0.0033784937113523483,0,19876,113.84028625488281,0,0.002873582299798727,0
193104394,193104394,193104,-353578182,1491649652,-30.128698348999023,-10.118533134460449,-2.7987637519836426,19965,-0.090177491307258606,1.0324965715408325,-353578182,1491649652,-353631360,1491627500,0,0.069455772638320923,40,-2.8141064643859863,0.0034781012218445539,0,19876,113.81246948242188,0,0.0033784937113523483,0
193204354,193204354,193204,-353578452,1491649542,-30.122430801391602,-10.131391525268555,-2.7981925010681152,19968,-0.089653290808200836,1.0324842929840088,-353578452,1491649542,-353631360,1491627500,0,0.061220809817314148,35,-2.8140721321105957,0.003065899945795536,0,19877,113.80586242675781,0,0.0034781012218445539,0
193304314,193304314,193304,-353578722,1491649431,-30.115163803100586,-10.135985374450684,-2.7979528903961182,19969,-0.089160174131393433,1.0324900150299072,-353578722,1491649431,-353631360,1491627500,0,0.05742960050702095,33,-2.814051628112793,0.0028765287715941668,0,19877,113.78644561767578,0,0.003065899945795536,0
193405107,193405107,193405,-353578994,1491649319,-30.112800598144531,-10.147753715515137,-2.7979733943939209,19969,-0.088488660752773285,1.0324853658676147,-353578994,1491649319,-353631360,1491627500,0,0.050318755209445953,29,-2.8140332698822021,0.0025202401448041201,0,19877,113.79187774658203,0,0.0028765287715941668,0
193505067,193505067,193505,-353579266,1491649207,-30.119659423828125,-10.163256645202637,-2.7965908050537109,19977,-0.088180437684059143,1.0324752330780029,-353579266,1491649207,-353631360,1491627500,0,0.04285498708486557,25,-2.8140146732330322,0.0021456396207213402,0,19877,113.83289337158203,0,0.0025202401448041201,0
193605027,193605027,193605,-353579538,1491649095,-30.121768951416016,-10.187509536743164,-2.7965877056121826,19977,-0.087884820997714996,1.0324733257293701,-353579538,1491649095,-353631360,1491627500,0,0.029231322929263115,17,-2.8139955997467041,0.0014630876248702407,0,19877,113.86784362792969,0,0.0021456396207213402,0
193704987,193704987,193704,-353579812,1491648982,-30.139328002929688,-10.198799133300781,-2.7973203659057617,19973,-0.086185067892074585,1.0324796438217163,-353579812,1491648982,-353631360,1491627500,0,0.026397055014967918,15,-2.8139791488647461,0.001320385723374784,0,19877,113.94036102294922,0,0.0014630876248702407,0
193804947,193804947,193804,-353580085,1491648869,-30.148857116699219,-10.211748123168945,-2.7965433597564697,19977,-0.086776323616504669,1.0324745178222656,-353580085,1491648869,-353631360,1491627500,0,0.02083936519920826,12,-2.8139681816101074,0.0010419575264677405,0,19877,113.98755645751953,0,0.001320385723374784,0
193904907,193904907,193904,-353580359,1491648755,-30.161476135253906,-10.229639053344727,-2.7960107326507568,19981,-0.087984599173069,1.0324627161026001,-353580359,1491648755,-353631360,1491627500,0,0.012800950556993484,7,-2.8139655590057373,0.00063968519680202007,0,19877,114.05091857910156,0,0.0010419575264677405,0
194004867,194004867,194004,-353580632,1491648642,-30.173849105834961,-10.24309253692627,-2.7959043979644775,19981,-0.088990136981010437,1.0324568748474121,-353580632,1491648642,-353631360,1491627500,0,0.0075218980200588703,4,-2.8139543533325195,0.00037569276173599064,0,19877,114.10835266113281,0,0.00063968519680202007,0
194104827,194104827,194104,-353580907,1491648528,-30.181602478027344,-10.250298500061035,-2.7961215972900391,19980,-0.09013405442237854,1.0324513912200928,-353580907,1491648528,-353631360,1491627500,0,0.0049788458272814751,2,-2.8139455318450928,0.00024860078701749444,0,19877,114.1429443359375,0,0.00037569276173599064,0
194204787,194204787,194204,-353581180,1491648415,-30.192602157592773,-10.243810653686523,-2.7972497940063477,19973,-0.089797481894493103,1.0324562788009644,-353581180,1491648415,-353631360,1491627500,0,0.01128973625600338,6,-2.8139340877532959,0.00056356517598032951,0,19877,114.17276763916016,0,0.00024860078701749444,0
194304747,194304747,194304,-353581452,1491648302,-30.203191757202148,-10.23133373260498,-2.79685378074646,19976,-0.089308373630046844,1.0324451923370361,-353581452,1491648302,-353631360,1491627500,0,0.020961007103323936,12,-2.8139288425445557,0.0010461416095495224,0,19877,114.1943359375,0,0.00056356517598032951,0
194404707,194404707,194404,-353581724,1491648190,-30.206001281738281,-10.230867385864258,-2.7960300445556641,19980,-0.088891655206680298,1.0324492454528809,-353581724,1491648190,-353631360,1491627500,0,0.022210361436009407,13,-2.813908576965332,0.0011084083234891295,0,19878,114.20333099365234,0,0.0010461416095495224,0
194504667,194504667,194504,-353581994,1491648078,-30.197551727294922,-10.231142997741699,-2.7958343029022217,19982,-0.088252097368240356,1.0324388742446899,-353581994,1491648078,-353631360,1491627500,0,0.020498413592576981,12,-2.8139007091522217,0.001023227465339005,0,19878,114.17499542236328,0,0.0011084083234891295,0
194604627,194604627,194604,-353582264,1491647966,-30.18571662902832,-10.224765777587891,-2.7957649230957031,19982,-0.087107136845588684,1.0324475765228271,-353582264,1491647966,-353631360,1491627500,0,0.022061761468648911,12,-2.8138926029205322,0.0011017236392945051,0,19878,114.12752532958984,0,0.001023227465339005,0
194704587,194704587,194704,-353582534,1491647855,-30.174640655517578,-10.224374771118164,-2.7956957817077637,19982,-0.087055571377277374,1.0324516296386719,-353582534,1491647855,-353631360,1491627500,0,0.020518789067864418,12,-2.8138692378997803,0.0010250119958072901,0,19878,114.08950805664062,0,0.0011017236392945051,0
194804547,194804547,194804,-353582804,1491647743,-30.166526794433594,-10.22095775604248,-2.7956147193908691,19983,-0.088066846132278442,1.0324305295944214,-353582804,1491647743,-353631360,1491627500,0,0.021077852696180344,12,-2.8138608932495117,0.0010532302549108863,0,19878,114.05805969238281,0,0.0010250119958072901,0
194904507,194904507,194904,-353583073,1491647632,-30.155315399169922,-10.219354629516602,-2.7955269813537598,19983,-0.090173743665218353,1.0324422121047974,-353583073,1491647632,-353631360,1491627500,0,0.020109526813030243,11,-2.8138437271118164,0.0010051956633105874,0,19878,114.01819610595703,0,0.0010532302549108863,0
195004467,195004467,195004,-353583342,1491647521,-30.151323318481445,-10.210643768310547,-2.7962682247161865,19979,-0.093020334839820862,1.0324281454086304,-353583342,1491647521,-353631360,1491627500,0,0.024833709001541138,14,-2.8138260841369629,0.0012415953679010272,0,19878,113.99465179443359,0,0.0010051956633105874,0
195104427,195104427,195104,-353583611,1491647409,-30.149005889892578,-10.198225975036621,-2.7957971096038818,19982,-0.092792585492134094,1.0324209928512573,-353583611,1491647409,-353631360,1491627500,0,0.031800135970115662,18,-2.8138236999511719,0.0015902001177892089,0,19878,113.9725341796875,0,0.0012415953679010272,0
195204387,195204387,195204,-353583881,1491647298,-30.138801574707031,-10.197016716003418,-2.7953586578369141,19984,-0.090149320662021637,1.0324270725250244,-353583881,1491647298,-353631360,1491627500,0,0.030939066782593727,18,-2.8137996196746826,0.0015476305270567536,0,19878,113.9365234375,0,0.0015902001177892089,0
195304347,195304347,195304,-353584150,1491647187,-30.132822036743164,-10.212784767150879,-2.7940671443939209,19992,-0.088604919612407684,1.032416820526123,-353584150,1491647187,-353631360,1491627500,0,0.020711136981844902,12,-2.8137814998626709,0.0010360295418649912,0,19878,113.93435668945312,0,0.0015476305270567536,0
195405140,195405140,195405,-353584420,1491647075,-30.125179290771484,-10.219281196594238,-2.7946321964263916,19988,-0.087531723082065582,1.0324277877807617,-353584420,1491647075,-353631360,1491627500,0,0.0154842184856534,9,-2.8137722015380859,0.00077468971721827984,0,19878,113.91590881347656,0,0.0010360295418649912,0
195505100,195505100,195505,-353584694,1491646962,-30.128185272216797,-10.222487449645996,-2.794217586517334,19991,-0.087007887661457062,1.0324108600616455,-353584694,1491646962,-353631360,1491627500,0,0.014579406008124352,8,-2.8137526512145996,0.00072933232877403498,0,19878,113.92979431152344,0,0.00077468971721827984,0
195605060,195605060,195605,-353584965,1491646849,-30.134723663330078,-10.229273796081543,-2.7933340072631836,19996,-0.087600775063037872,1.0324053764343262,-353584965,1491646849,-353631360,1491627500,0,0.011870373971760273,6,-2.8137524127960205,0.00059365713968873024,0,19878,113.95977783203125,0,0.00072933232877403498,0
195705020,195705020,195705,-353585238,1491646736,-30.142589569091797,-10.249386787414551,-2.793194055557251,19997,-0.08982086181640625,1.0324069261550903,-353585238,1491646736,-353631360,1491627500,0,0.0017670739907771349,1,-2.8137388229370117,8.8335669715888798e-05,0,19878,114.00961303710938,0,0.00059365713968873024,0
195804980,195804980,195804,-353585511,1491646622,-30.148595809936523,-10.26104736328125,-2.7932875156402588,19996,-0.092548631131649017,1.0324068069458008,-353585511,1491646622,-353631360,1491627500,0,-0.0040003345347940922,-2,-2.8137412071228027,-0.00019991661247331649,0,19878,114.04342651367188,0,8.8335669715888798e-05,0
195904940,195904940,195904,-353585785,1491646508,-30.167560577392578,-10.265273094177246,-2.7939462661743164,19992,-0.093451805412769318,1.0324045419692993,-353585785,1491646508,-353631360,1491627500,0,-0.0025879929307848215,-1,-2.8137366771697998,-0.00012925649934913963,0,19878,114.11259460449219,0,-0.00019991661247331649,0
196004900,196004900,196004,-353586058,1491646395,-30.181526184082031,-10.265131950378418,-2.7944879531860352,19989,-0.092370420694351196,1.0324001312255859,-353586058,1491646395,-353631360,1491627500,0,0.00059741357108578086,0,-2.8137228488922119,2.9825303499819711e-05,0,19879,114.15976715087891,0,-0.00012925649934913963,0
196104860,196104860,196104,-353586332,1491646281,-30.200307846069336,-10.25761604309082,-2.7956323623657227,19983,-0.08933866024017334,1.0324040651321411,-353586332,1491646281,-353631360,1491627500,0,0.0089594051241874695,5,-2.813718318939209,0.00044707430060952902,0,19879,114.21479797363281,0,2.9825303499819711e-05,0
196204820,196204820,196204,-353586606,1491646167,-30.208553314208984,-10.252535820007324,-2.7943234443664551,19990,-0.088128730654716492,1.0323975086212158,-353586606,1491646167,-353631360,1491627500,0,0.013742311857640743,8,-2.8137137889862061,0.00068560853833332658,0,19879,114.23690032958984,0,0.00044707430060952902,0
196304780,196304780,196304,-353586878,1491646055,-30.202388763427734,-10.257112503051758,-2.7929868698120117,19998,-0.086226031184196472,1.0323905944824219,-353586878,1491646055,-353631360,1491627500,0,0.010249507613480091,6,-2.8136899471282959,0.00051142135635018349,0,19879,114.22126770019531,0,0.00068560853833332658,0
196404740,196404740,196404,-353587149,1491645942,-30.192108154296875,-10.2652587890625,-2.7933573722839355,19996,-0.087465070188045502,1.032374382019043,-353587149,1491645942,-353631360,1491627500,0,0.0033370072487741709,1,-2.8136892318725586,0.00016654434148222208,0,19879,114.19580078125,0,0.00051142135635018349,0
196504700,196504700,196504,-353587419,1491645830,-30.181858062744141,-10.263229370117188,-2.7939910888671875,19992,-0.089137561619281769,1.0323741436004639,-353587419,1491645830,-353631360,1491627500,0,0.0026772755663841963,1,-2.8136789798736572,0.00013366166967898607,0,19879,114.15870666503906,0,0.00016654434148222208,0
196604660,196604660,196604,-353587689,1491645717,-30.17437744140625,-10.26308536529541,-2.7931952476501465,19997,-0.090164013206958771,1.0323795080184937,-353587689,1491645717,-353631360,1491627500,0,0.001124719507060945,0,-2.8136851787567139,5.616362250293605e-05,0,19879,114.1331787109375,0,0.00013366166967898607,0
196704620,196704620,196704,-353587958,1491645605,-30.161249160766602,-10.266382217407227,-2.7929084300994873,19998,-0.089862599968910217,1.0323724746704102,-353587958,1491645605,-353631360,1491627500,0,-0.0034232933539897203,-2,-2.8136816024780273,-0.00017100546392612159,0,19879,114.09247589111328,0,5.616362250293605e-05,0
196804580,196804580,196804,-353588227,1491645493,-30.151676177978516,-10.259940147399902,-2.7940359115600586,19992,-0.090441793203353882,1.0323648452758789,-353588227,1491645493,-353631360,1491627500,0,-0.0014566824538633227,0,-2.8136782646179199,-7.2791815910022706e-05,0,19879,114.05258941650391,0,-0.00017100546392612159,0
196904540,196904540,196904,-353588496,1491645381,-30.147739410400391,-10.249598503112793,-2.7941763401031494,19991,-0.09034237265586853,1.0323758125305176,-353588496,1491645381,-353631360,1491627500,0,0.0039703734219074249,2,-2.8136744499206543,0.00019844734924845397,0,19879,114.02732086181641,0,-7.2791815910022706e-05,0
197004500,197004500,197004,-353588765,1491645270,-30.138919830322266,-10.239441871643066,-2.7937102317810059,19994,-0.090039655566215515,1.0323711633682251,-353588765,1491645270,-353631360,1491627500,0,0.0086424238979816437,5,-2.8136537075042725,0.000432123604696244,0,19879,113.9857177734375,0,0.00019844734924845397,0
197104460,197104460,197104,-353589035,1491645158,-30.132534027099609,-10.239269256591797,-2.7934770584106445,19995,-0.088871777057647705,1.0323696136474609,-353589035,1491645158,-353631360,1491627500,0,0.0076728994026780128,4,-2.8136427402496338,0.0003837206750176847,0,19879,113.96385955810547,0,0.000432123604696244,0
197204420,197204420,197204,-353589304,1491645046,-30.123531341552734,-10.237221717834473,-2.7933952808380127,19996,-0.087960101664066315,1.0323628187179565,-353589304,1491645046,-353631360,1491627500,0,0.0071467920206487179,4,-2.8136389255523682,0.00035751325776800513,0,19879,113.93097686767578,0,0.0003837206750176847,0
197304380,197304380,197304,-353589573,1491644934,-30.116544723510742,-10.232348442077637,-2.7941617965698242,19991,-0.086434394121170044,1.0323554277420044,-353589573,1491644934,-353631360,1491627500,0,0.0087095350027084351,5,-2.8136348724365234,0.00043580049532465637,0,19879,113.90167999267578,0,0.00035751325776800513,0
197404340,197404340,197404,-353589842,1491644822,-30.105417251586914,-10.229941368103027,-2.7936506271362305,19994,-0.085531122982501984,1.0323442220687866,-353589842,1491644822,-353631360,1491627500,0,0.0079707074910402298,4,-2.8136308193206787,0.00039897355600260198,0,19879,113.86116790771484,0,0.00043580049532465637,0
197505133,197505133,197505,-353590112,1491644711,-30.094383239746094,-10.218625068664551,-2.7945222854614258,19989,-0.087315358221530914,1.0323455333709717,-353590112,1491644711,-353631360,1491627500,0,0.013050817884504795,7,-2.8136017322540283,0.00065354793332517147,0,19879,113.81072235107422,0,0.00039897355600260198,0
197605093,197605093,197605,-353590383,1491644598,-30.090927124023438,-10.214727401733398,-2.7931194305419922,19997,-0.090674020349979401,1.0323522090911865,-353590383,1491644598,-353631360,1491627500,0,0.014695656485855579,8,-2.8136005401611328,0.00073602149495854974,0,19879,113.79451751708984,0,0.00065354793332517147,0
197705053,197705053,197705,-353590655,1491644485,-30.093164443969727,-10.221238136291504,-2.7932231426239014,19997,-0.093296654522418976,1.032340407371521,-353590655,1491644485,-353631360,1491627500,0,0.011451524682343006,6,-2.8135917186737061,0.00057346548419445753,0,19879,113.80960083007812,0,0.00073602149495854974,0
197805013,197805013,197805,-353590927,1491644372,-30.1038818359375,-10.227311134338379,-2.7927594184875488,19999,-0.093998327851295471,1.0323463678359985,-353590927,1491644372,-353631360,1491627500,0,0.010187189094722271,5,-2.8135826587677002,0.00050995632773265243,0,19879,113.85293579101562,0,0.00057346548419445753,0
197904973,197904973,197904,-353591200,1491644259,-30.111804962158203,-10.240255355834961,-2.7929732799530029,19998,-0.094468846917152405,1.0323265790939331,-353591200,1491644259,-353631360,1491627500,0,0.0044245757162570953,2,-2.8135659694671631,0.00022140676446724683,0,19879,113.89471435546875,0,0.00050995632773265243,0
198004933,198004933,198004,-353591473,1491644145,-30.12152099609375,-10.256940841674805,-2.7924468517303467,20001,-0.093314550817012787,1.0323253870010376,-353591473,1491644145,-353631360,1491627500,0,-0.0035623107105493546,-2,-2.8135673999786377,-0.00017817718617152423,0,19879,113.94690704345703,0,0.00022140676446724683,0
198104893,198104893,198104,-353591747,1491644032,-30.133625030517578,-10.274243354797363,-2.7926661968231201,20000,-0.091009773313999176,1.0323165655136108,-353591747,1491644032,-353631360,1491627500,0,-0.010910438373684883,-6,-2.8135428428649902,-0.0005454187048599124,0,19880,114.00791168212891,0,-0.00017817718617152423,0
198204853,198204853,198204,-353592020,1491643918,-30.138584136962891,-10.290678977966309,-2.791733980178833,20005,-0.08862672746181488,1.0323141813278198,-353592020,1491643918,-353631360,1491627500,0,-0.019708056002855301,-11,-2.8135440349578857,-0.00098490715026855469,0,19880,114.04372406005859,0,-0.0005454187048599124,0
198304813,198304813,198304,-353592294,1491643803,-30.151290893554688,-10.311307907104492,-2.7913894653320312,20007,-0.089131996035575867,1.0323119163513184,-353592294,1491643803,-353631360,1491627500,0,-0.029650768265128136,-17,-2.8135561943054199,-0.0014809237327426672,0,19880,114.11067199707031,0,-0.00098490715026855469,0
198404773,198404773,198404,-353592567,1491643689,-30.165855407714844,-10.315185546875,-2.7913382053375244,20007,-0.091087087988853455,1.0323197841644287,-353592567,1491643689,-353631360,1491627500,0,-0.029037173837423325,-17,-2.8135576248168945,-0.0014495934592559934,0,19880,114.16452026367188,0,-0.0014809237327426672,0
198504733,198504733,198504,-353592839,1491643576,-30.174709320068359,-10.318695068359375,-2.7914960384368896,20006,-0.092762738466262817,1.032314658164978,-353592839,1491643576,-353631360,1491627500,0,-0.029138436540961266,-17,-2.8135480880737305,-0.001454214914701879,0,19880,114.19857788085938,0,-0.0014495934592559934,0
198604693,198604693,198604,-353593110,1491643462,-30.188133239746094,-10.315243721008301,-2.7919988632202148,20004,-0.093398101627826691,1.0323073863983154,-353593110,1491643462,-353631360,1491627500,0,-0.024715662002563477,-14,-2.8135652542114258,-0.0012330388417467475,0,19879,114.24007415771484,0,-0.001454214914701879,0
198704653,198704653,198704,-353593380,1491643349,-30.185871124267578,-10.306317329406738,-2.7924091815948486,20001,-0.093061700463294983,1.032307505607605,-353593380,1491643349,-353631360,1491627500,0,-0.019990887492895126,-11,-2.8135716915130615,-0.00099748163484036922,0,19879,114.22207641601562,0,-0.0012330388417467475,0
198804613,198804613,198804,-353593650,1491643237,-30.187376022338867,-10.290518760681152,-2.7930543422698975,19997,-0.089700303971767426,1.0322988033294678,-353593650,1491643237,-353631360,1491627500,0,-0.010029597207903862,-5,-2.81355881690979,-0.00050050264690071344,0,19880,114.20890808105469,0,-0.00099748163484036922,0
198904573,198904573,198904,-353593920,1491643125,-30.179094314575195,-10.273324966430664,-2.7923622131347656,20001,-0.087437093257904053,1.0323063135147095,-353593920,1491643125,-353631360,1491627500,0,-0.001215799362398684,0,-2.8135457038879395,-6.0696980654029176e-05,0,19880,114.16098022460938,0,-0.00050050264690071344,0
199004533,199004533,199004,-353594189,1491643013,-30.167778015136719,-10.257289886474609,-2.7919385433197021,20004,-0.086470209062099457,1.0322972536087036,-353594189,1491643013,-353631360,1491627500,0,0.0061335256323218346,3,-2.8135404586791992,0.00030635975417681038,0,19880,114.1041259765625,0,-6.0696980654029176e-05,0
199104493,199104493,199104,-353594459,1491642901,-30.156190872192383,-10.257944107055664,-2.7911801338195801,20008,-0.08738795667886734,1.0322939157485962,-353594459,1491642901,-353631360,1491627500,0,0.0036683711223304272,2,-2.8135271072387695,0.0001832911220844835,0,19880,114.06559753417969,0,0.00030635975417681038,0
199204453,199204453,199204,-353594728,1491642789,-30.142290115356445,-10.263579368591309,-2.7914230823516846,20007,-0.090971112251281738,1.0322874784469604,-353594728,1491642789,-353631360,1491627500,0,-0.0023920510429888964,-1,-2.8135216236114502,-0.00011956204252783209,0,19880,114.02497100830078,0,0.0001832911220844835,0
199304413,199304413,199304,-353594998,1491642677,-30.133407592773438,-10.265464782714844,-2.7910556793212891,20009,-0.094645604491233826,1.0322928428649902,-353594998,1491642677,-353631360,1491627500,0,-0.0050345729105174541,-2,-2.8135077953338623,-0.00025170503067784011,0,19880,113.99703979492188,0,-0.00011956204252783209,0
199404373,199404373,199404,-353595267,1491642564,-30.1263427734375,-10.2728271484375,-2.7904629707336426,20012,-0.09405653178691864,1.0322909355163574,-353595267,1491642564,-353631360,1491627500,0,-0.011138738133013248,-6,-2.8135225772857666,-0.00055696011986583471,0,19880,113.98159790039062,0,-0.00025170503067784011,0
199504333,199504333,199504,-353595536,1491642452,-30.117502212524414,-10.282196044921875,-2.7904307842254639,20013,-0.092687718570232391,1.0322722196578979,-353595536,1491642452,-353631360,1491627500,0,-0.018390990793704987,-10,-2.8135170936584473,-0.00091974233509972692,0,19880,113.96247100830078,0,-0.00055696011986583471,0
199605126,199605126,199605,-353595806,1491642340,-30.112388610839844,-10.280743598937988,-2.7905206680297852,20012,-0.090196751058101654,1.0322672128677368,-353595806,1491642340,-353631360,1491627500,0,-0.0182789396494627,-10,-2.8135030269622803,-0.00091429107123985887,0,19880,113.94345855712891,0,-0.00091974233509972692,0
199705086,199705086,199705,-353596080,1491642225,-30.112880706787109,-10.29124641418457,-2.7899060249328613,20016,-0.089695677161216736,1.0322639942169189,-353596080,1491642225,-353631360,1491627500,0,-0.02469109371304512,-14,-2.8135161399841309,-0.0012348699383437634,0,19880,113.95728302001953,0,-0.00091429107123985887,0
199805046,199805046,199805,-353596352,1491642112,-30.116474151611328,-10.306410789489746,-2.7894454002380371,20018,-0.089595265686511993,1.0322715044021606,-353596352,1491642112,-353631360,1491627500,0,-0.032764870673418045,-19,-2.8135051727294922,-0.0016382343601435423,0,19880,113.98703765869141,0,-0.0012348699383437634,0
199905006,199905006,199905,-353596625,1491641997,-30.126949310302734,-10.310890197753906,-2.7908444404602051,20010,-0.089327514171600342,1.0322540998458862,-353596625,1491641997,-353631360,1491627500,0,-0.033752366900444031,-19,-2.8135273456573486,-0.0016870069084689021,0,19880,114.02771759033203,0,-0.0016382343601435423,0
200004966,200004966,200004,-353596898,1491641883,-30.143245697021484,-10.314351081848145,-2.7904598712921143,20012,-0.089245595037937164,1.0322623252868652,-353596898,1491641883,-353631360,1491627500,0,-0.032539565116167068,-19,-2.8135287761688232,-0.0016255445079877973,0,19880,114.08693695068359,0,-0.0016870069084689021,0
200104926,200104926,200104,-353597171,1491641769,-30.163179397583008,-10.322238922119141,-2.7901546955108643,20014,-0.090419746935367584,1.0322529077529907,-353597171,1491641769,-353631360,1491627500,0,-0.033221464604139328,-19,-2.8135302066802979,-0.0016584947006776929,0,19880,114.16361999511719,0,-0.0016255445079877973,0
200204886,200204886,200204,-353597445,1491641654,-30.176511764526367,-10.326444625854492,-2.790614128112793,20011,-0.091732263565063477,1.0322549343109131,-353597445,1491641654,-353631360,1491627500,0,-0.033303558826446533,-19,-2.8135440349578857,-0.0016618644585832953,0,19880,114.21367645263672,0,-0.0016584947006776929,0
200304846,200304846,200304,-353597719,1491641540,-30.195501327514648,-10.324845314025879,-2.7903337478637695,20013,-0.092032074928283691,1.0322426557540894,-353597719,1491641540,-353631360,1491627500,0,-0.028357073664665222,-16,-2.8135366439819336,-0.0014142583822831511,0,19880,114.27615356445312,0,-0.0016618644585832953,0
200404806,200404806,200404,-353597992,1491641425,-30.206972122192383,-10.328154563903809,-2.7901699542999268,20014,-0.093116767704486847,1.0322407484054565,-353597992,1491641425,-353631360,1491627500,0,-0.028470922261476517,-16,-2.8135597705841064,-0.0014194059185683727,0,19880,114.31885528564453,0,-0.0014142583822831511,0
200504766,200504766,200504,-353598265,1491641312,-30.208339691162109,-10.327066421508789,-2.7907295227050781,20011,-0.094628818333148956,1.0322302579879761,-353598265,1491641312,-353631360,1491627500,0,-0.027137072756886482,-15,-2.8135395050048828,-0.0013528676936402917,0,19880,114.32223510742188,0,-0.0014194059185683727,0
200604726,200604726,200604,-353598536,1491641199,-30.215251922607422,-10.307950019836426,-2.7918777465820312,20004,-0.094127357006072998,1.032235860824585,-353598536,1491641199,-353631360,1491627500,0,-0.01432354561984539,-8,-2.8135371208190918,-0.00071406504139304161,0,19880,114.32353973388672,0,-0.0013528676936402917,0
200704686,200704686,200704,-353598806,1491641086,-30.214323043823242,-10.288859367370605,-2.7917511463165283,20005,-0.09378688782453537,1.0322356224060059,-353598806,1491641086,-353631360,1491627500,0,-0.0032998565584421158,-1,-2.8135442733764648,-0.00016454244905617088,0,19880,114.29833221435547,0,-0.00071406504139304161,0
200804646,200804646,200804,-353599077,1491640974,-30.212276458740234,-10.279935836791992,-2.791473388671875,20007,-0.093506164848804474,1.0322210788726807,-353599077,1491640974,-353631360,1491627500,0,0.0020912471227347851,1,-2.8135194778442383,0.00010429268149891868,0,19880,114.28109741210938,0,-0.00016454244905617088,0
200904606,200904606,200904,-353599346,1491640861,-30.207864761352539,-10.278462409973145,-2.7919261455535889,20004,-0.092696346342563629,1.0322339534759521,-353599346,1491640861,-353631360,1491627500,0,0.0017413080204278231,1,-2.8135361671447754,8.6853498942218721e-05,0,19880,114.26444244384766,0,0.00010429268149891868,0
201004566,201004566,201004,-353599616,1491640749,-30.202262878417969,-10.266989707946777,-2.7918140888214111,20005,-0.090469904243946075,1.0322164297103882,-353599616,1491640749,-353631360,1491627500,0,0.0077454033307731152,4,-2.8135204315185547,0.00038643661537207663,0,19880,114.23222351074219,0,8.6853498942218721e-05,0
201104526,201104526,201104,-353599886,1491640637,-30.198152542114258,-10.263405799865723,-2.7919528484344482,20004,-0.088368885219097137,1.0322240591049194,-353599886,1491640637,-353631360,1491627500,0,0.0093650715425610542,5,-2.8135044574737549,0.00046731968177482486,0,19880,114.21415710449219,0,0.00038643661537207663,0
201204486,201204486,201204,-353600156,1491640525,-30.192785263061523,-10.254593849182129,-2.7920591831207275,20003,-0.085438251495361328,1.032220721244812,-353600156,1491640525,-353631360,1491627500,0,0.013845974579453468,8,-2.813488245010376,0.00069108942989259958,0,19880,114.18580627441406,0,0.00046731968177482486,0
201304446,201304446,201304,-353600425,1491640414,-30.18510627746582,-10.24739933013916,-2.7921490669250488,20003,-0.086402140557765961,1.0322086811065674,-353600425,1491640414,-353631360,1491627500,0,0.017176387831568718,10,-2.8134579658508301,0.00085757713532075286,0,19880,114.15148162841797,0,0.00069108942989259958,0
201404406,201404406,201404,-353600695,1491640302,-30.1722412109375,-10.244558334350586,-2.791480541229248,20006,-0.089822582900524139,1.0322113037109375,-353600695,1491640302,-353631360,1491627500,0,0.016600547358393669,9,-2.8134410381317139,0.00082916737301275134,0,19880,114.10459136962891,0,0.00085757713532075286,0
201504366,201504366,201504,-353600965,1491640190,-30.162052154541016,-10.245194435119629,-2.792372465133667,20001,-0.092686861753463745,1.032213568687439,-353600965,1491640190,-353631360,1491627500,0,0.0145045081153512,8,-2.8134238719940186,0.00072468869620934129,0,19880,114.07077026367188,0,0.00082916737301275134,0
201604326,201604326,201604,-353601234,1491640078,-30.154739379882812,-10.238533973693848,-2.7926216125488281,20000,-0.093160279095172882,1.0322034358978271,-353601234,1491640078,-353631360,1491627500,0,0.01713324710726738,10,-2.8134164810180664,0.00085627211956307292,0,19880,114.03829956054688,0,0.00072468869620934129,0
201705119,201705119,201705,-353601504,1491639966,-30.139682769775391,-10.235245704650879,-2.7915279865264893,20006,-0.092129826545715332,1.0321897268295288,-353601504,1491639966,-353631360,1491627500,0,0.016395017504692078,9,-2.8133985996246338,0.00081977172521874309,0,19880,113.98345947265625,0,0.00085627211956307292,0
201805079,201805079,201805,-353601776,1491639853,-30.13104248046875,-10.244643211364746,-2.7910335063934326,20009,-0.09100254625082016,1.0321958065032959,-353601776,1491639853,-353631360,1491627500,0,0.0093369083479046822,5,-2.8133845329284668,0.00046693295007571578,0,19881,113.96499633789062,0,0.00081977172521874309,0
201905039,201905039,201905,-353602048,1491639740,-30.138465881347656,-10.254067420959473,-2.7921767234802246,20003,-0.090613730251789093,1.0321789979934692,-353602048,1491639740,-353631360,1491627500,0,0.0055217305198311806,3,-2.8133702278137207,0.00027605099603533745,0,19881,114.00102996826172,0,0.00046693295007571578,0
202004999,202004999,202004,-353602320,1491639627,-30.14512825012207,-10.248410224914551,-2.7934443950653076,19995,-0.088645391166210175,1.0321891307830811,-353602320,1491639627,-353631360,1491627500,0,0.010526941157877445,6,-2.8133556842803955,0.00052620517089962959,0,19881,114.01709747314453,0,0.00027605099603533745,0
202104959,202104959,202104,-353602594,1491639513,-30.160043716430664,-10.249398231506348,-2.7914595603942871,20007,-0.089294962584972382,1.0321825742721558,-353602594,1491639513,-353631360,1491627500,0,0.01317305862903595,7,-2.8133449554443359,0.00065817689755931497,0,19881,114.06880950927734,0,0.00052620517089962959,0
202204919,202204919,202204,-353602867,1491639399,-30.164588928222656,-10.266870498657227,-2.7909338474273682,20010,-0.090135484933853149,1.0321733951568604,-353602867,1491639399,-353631360,1491627500,0,0.0037049227394163609,2,-2.8133449554443359,0.00018505455227568746,0,19881,114.10435485839844,0,0.00065817689755931497,0
202304879,202304879,202304,-353603141,1491639285,-30.17677116394043,-10.280144691467285,-2.7911534309387207,20008,-0.091439113020896912,1.0321753025054932,-353603141,1491639285,-353631360,1491627500,0,-0.0015028215711936355,0,-2.8133339881896973,-7.5026138802058995e-05,0,19881,114.16098022460938,0,0.00018505455227568746,0
202404839,202404839,202404,-353603415,1491639171,-30.186012268066406,-10.293796539306641,-2.7908639907836914,20010,-0.092818915843963623,1.03216552734375,-353603415,1491639171,-353631360,1491627500,0,-0.0075260908342897892,-4,-2.8133227825164795,-0.00037557401810772717,0,19881,114.20807647705078,0,-7.5026138802058995e-05,0
202504799,202504799,202504,-353603687,1491639058,-30.189432144165039,-10.301272392272949,-2.7911393642425537,20008,-0.094087272882461548,1.0321623086929321,-353603687,1491639058,-353631360,1491627500,0,-0.010964966379106045,-6,-2.8133070468902588,-0.0005470870528370142,0,19881,114.22830200195312,0,-0.00037557401810772717,0
202604759,202604759,202604,-353603959,1491638944,-30.189495086669922,-10.306408882141113,-2.7908754348754883,20010,-0.094069421291351318,1.0321599245071411,-353603959,1491638944,-353631360,1491627500,0,-0.014219281263649464,-8,-2.8133175373077393,-0.00070941995363682508,0,19881,114.23446655273438,0,-0.0005470870528370142,0
202704719,202704719,202704,-353604230,1491638831,-30.186363220214844,-10.30696964263916,-2.7909877300262451,20009,-0.091038249433040619,1.0321626663208008,-353604230,1491638831,-353631360,1491627500,0,-0.015089935623109341,-8,-2.8133127689361572,-0.0007529238355346024,0,19881,114.22450256347656,0,-0.00070941995363682508,0
202804679,202804679,202804,-353604500,1491638718,-30.177495956420898,-10.315537452697754,-2.7893073558807373,20019,-0.088220834732055664,1.032158374786377,-353604500,1491638718,-353631360,1491627500,0,-0.022109096869826317,-12,-2.813319206237793,-0.0011033447226509452,0,19881,114.20436859130859,0,-0.0007529238355346024,0
202904639,202904639,202904,-353604770,1491638605,-30.165693283081055,-10.329557418823242,-2.7883458137512207,20024,-0.089359425008296967,1.0321615934371948,-353604770,1491638605,-353631360,1491627500,0,-0.032969802618026733,-19,-2.8133256435394287,-0.0016456857556477189,0,19881,114.18062591552734,0,-0.0011033447226509452,0
203004599,203004599,203004,-353605040,1491638492,-30.153244018554688,-10.335463523864746,-2.789024829864502,20021,-0.088512152433395386,1.0321500301361084,-353605040,1491638492,-353631360,1491627500,0,-0.039138678461313248,-22,-2.8133323192596436,-0.0019542097579687834,0,19881,114.14530944824219,0,-0.0016456857556477189,0
203104559,203104559,203104,-353605309,1491638380,-30.149738311767578,-10.329987525939941,-2.7899363040924072,20015,-0.086802452802658081,1.0321488380432129,-353605309,1491638380,-353631360,1491627500,0,-0.036399085074663162,-21,-2.8133227825164795,-0.0018177110468968749,0,19881,114.1270751953125,0,-0.0019542097579687834,0
203204519,203204519,203204,-353605579,1491638267,-30.137704849243164,-10.313702583312988,-2.7904303073883057,20013,-0.089061468839645386,1.0321463346481323,-353605579,1491638267,-353631360,1491627500,0,-0.029286447912454605,-17,-2.8133294582366943,-0.0014632822712883353,0,19881,114.06741333007812,0,-0.0018177110468968749,0
203304479,203304479,203304,-353605849,1491638154,-30.138578414916992,-10.303668975830078,-2.7901275157928467,20014,-0.092525102198123932,1.0321452617645264,-353605849,1491638154,-353631360,1491627500,0,-0.023279355838894844,-13,-2.8133363723754883,-0.0011632292298600078,0,19881,114.05875396728516,0,-0.0014632822712883353,0
203404439,203404439,203404,-353606118,1491638042,-30.138675689697266,-10.296795845031738,-2.7904782295227051,20012,-0.093633785843849182,1.0321365594863892,-353606118,1491638042,-353631360,1491627500,0,-0.018975820392370224,-11,-2.8133265972137451,-0.00094825233099982142,0,19881,114.05111694335938,0,-0.0011632292298600078,0
203504399,203504399,203504,-353606388,1491637929,-30.134271621704102,-10.287266731262207,-2.789496898651123,20018,-0.094619430601596832,1.032127857208252,-353606388,1491637929,-353631360,1491627500,0,-0.014340323396027088,-8,-2.8133335113525391,-0.00071677210507914424,0,19881,114.02516937255859,0,-0.00094825233099982142,0
203604359,203604359,203604,-353606658,1491637816,-30.130683898925781,-10.292600631713867,-2.7895593643188477,20018,-0.09500180184841156,1.0321341753005981,-353606658,1491637816,-353631360,1491627500,0,-0.018383199349045753,-10,-2.8133406639099121,-0.00091889541363343596,0,19881,114.01918029785156,0,-0.00071677210507914424,0
203704319,203704319,203704,-353606928,1491637704,-30.131061553955078,-10.29434871673584,-2.7906942367553711,20011,-0.092882141470909119,1.0321319103240967,-353606928,1491637704,-353631360,1491627500,0,-0.018894927576184273,-11,-2.8133182525634766,-0.00094444712158292532,0,19881,114.02248382568359,0,-0.00091889541363343596,0
203805112,203805112,203805,-353607200,1491637590,-30.132068634033203,-10.284181594848633,-2.7906906604766846,20011,-0.090728707611560822,1.0321271419525146,-353607200,1491637590,-353631360,1491627500,0,-0.012885436415672302,-7,-2.8133301734924316,-0.00064411485800519586,0,19881,114.01412963867188,0,-0.00094444712158292532,0
203905072,203905072,203905,-353607473,1491637477,-30.138540267944336,-10.291558265686035,-2.7894201278686523,20018,-0.090989068150520325,1.0321120023727417,-353607473,1491637477,-353631360,1491627500,0,-0.015342800877988338,-9,-2.8132994174957275,-0.00076674838783219457,0,19881,114.04460144042969,0,-0.00064411485800519586,0
204005032,204005032,204005,-353607745,1491637363,-30.141031265258789,-10.302003860473633,-2.7896256446838379,20017,-0.092259988188743591,1.032106876373291,-353607745,1491637363,-353631360,1491627500,0,-0.02129596471786499,-12,-2.8133115768432617,-0.0010640631662681699,0,19881,114.06513214111328,0,-0.00076674838783219457,0
204104992,204104992,204104,-353608019,1491637249,-30.160123825073242,-10.310257911682129,-2.7903246879577637,20013,-0.09361441433429718,1.0320993661880493,-353608019,1491637249,-353631360,1491627500,0,-0.022062953561544418,-12,-2.8132977485656738,-0.0011016689240932465,0,19881,114.13938140869141,0,-0.0010640631662681699,0
204204952,204204952,204204,-353608292,1491637135,-30.17498779296875,-10.306770324707031,-2.7901268005371094,20014,-0.093922063708305359,1.0321056842803955,-353608292,1491637135,-353631360,1491627500,0,-0.016961874440312386,-9,-2.8132970333099365,-0.00084661302389577031,0,19881,114.18571472167969,0,-0.0011016689240932465,0
204304912,204304912,204304,-353608567,1491637020,-30.187038421630859,-10.313146591186523,-2.7897884845733643,20016,-0.094763591885566711,1.0320966243743896,-353608567,1491637020,-353631360,1491627500,0,-0.018403574824333191,-10,-2.8133015632629395,-0.00091818452347069979,0,19881,114.23393249511719,0,-0.00084661302389577031,0
204404872,204404872,204404,-353608840,1491636906,-30.203596115112305,-10.314937591552734,-2.7904882431030273,20012,-0.094197109341621399,1.032098650932312,-353608840,1491636906,-353631360,1491627500,0,-0.016099007800221443,-9,-2.8133008480072021,-0.00080279691610485315,0,19881,114.29212188720703,0,-0.00091818452347069979,0
204504832,204504832,204504,-353609115,1491636791,-30.21728515625,-10.317548751831055,-2.7905731201171875,20012,-0.093114867806434631,1.0321006774902344,-353609115,1491636791,-353631360,1491627500,0,-0.014973088167607784,-8,-2.8133053779602051,-0.00074632896576076746,0,19881,114.34152984619141,0,-0.00080279691610485315,0
204604792,204604792,204604,-353609389,1491636677,-30.230018615722656,-10.322173118591309,-2.7901854515075684,20014,-0.090376913547515869,1.0320823192596436,-353609389,1491636677,-353631360,1491627500,0,-0.014849652536213398,-8,-2.8132908344268799,-0.00073986250208690763,0,19881,114.39002990722656,0,-0.00074632896576076746,0
204704752,204704752,204704,-353609661,1491636563,-30.234777450561523,-10.322372436523438,-2.7899343967437744,20015,-0.08899901807308197,1.0320792198181152,-353609661,1491636563,-353631360,1491627500,0,-0.014268418774008751,-8,-2.8133039474487305,-0.00071080162888392806,0,19881,114.40639495849609,0,-0.00073986250208690763,0
204804712,204804712,204804,-353609933,1491636450,-30.231740951538086,-10.322299003601074,-2.7902555465698242,20014,-0.087661609053611755,1.0320789813995361,-353609933,1491636450,-353631360,1491627500,0,-0.014426009729504585,-8,-2.8132834434509277,-0.00071871746331453323,0,19881,114.39601898193359,0,-0.00071080162888392806,0
204904672,204904672,204904,-353610203,1491636337,-30.218326568603516,-10.319965362548828,-2.7899024486541748,20016,-0.087833665311336517,1.0320870876312256,-353610203,1491636337,-353631360,1491627500,0,-0.015910254791378975,-9,-2.813291072845459,-0.00079299788922071457,0,19881,114.34786224365234,0,-0.00071871746331453323,0
205004632,205004632,205004,-353610474,1491636224,-30.201824188232422,-10.33499813079834,-2.7879056930541992,20027,-0.088284820318222046,1.0320725440979004,-353610474,1491636224,-353631360,1491627500,0,-0.028059860691428185,-16,-2.8132843971252441,-0.0013990291627123952,0,19881,114.30934906005859,0,-0.00079299788922071457,0
205104592,205104592,205104,-353610743,1491636111,-30.184980392456055,-10.339171409606934,-2.7891027927398682,20020,-0.089760132133960724,1.0320813655853271,-353610743,1491636111,-353631360,1491627500,0,-0.034410309046506882,-20,-2.8133072853088379,-0.0017164386808872223,0,19881,114.25712585449219,0,-0.0013990291627123952,0
205204552,205204552,205204,-353611013,1491635998,-30.177200317382812,-10.329282760620117,-2.789670467376709,20017,-0.091793403029441833,1.0320777893066406,-353611013,1491635998,-353631360,1491627500,0,-0.030271550640463829,-17,-2.8133153915405273,-0.0015104911290109158,0,19881,114.21929168701172,0,-0.0017164386808872223,0
205304512,205304512,205304,-353611282,1491635886,-30.171335220336914,-10.322038650512695,-2.7901785373687744,20014,-0.092877790331840515,1.0320740938186646,-353611282,1491635886,-353631360,1491627500,0,-0.026897994801402092,-15,-2.813302755355835,-0.0013424893841147423,0,19881,114.19102478027344,0,-0.0015104911290109158,0
205404472,205404472,205404,-353611552,1491635773,-30.170814514160156,-10.303583145141602,-2.7908895015716553,20010,-0.093022696673870087,1.0320671796798706,-353611552,1491635773,-353631360,1491627500,0,-0.016197279095649719,-9,-2.8133113384246826,-0.00080857623834162951,0,19881,114.16788482666016,0,-0.0013424893841147423,0
205504432,205504432,205504,-353611821,1491635661,-30.166259765625,-10.289892196655273,-2.7901837825775146,20014,-0.092007048428058624,1.0320570468902588,-353611821,1491635661,-353631360,1491627500,0,-0.008715527132153511,-5,-2.813298225402832,-0.0004352026735432446,0,19881,114.13661956787109,0,-0.00080857623834162951,0
205604392,205604392,205604,-353612091,1491635548,-30.164363861083984,-10.286294937133789,-2.7890675067901611,20020,-0.093013308942317963,1.0320539474487305,-353612091,1491635548,-353631360,1491627500,0,-0.0071336091496050358,-4,-2.8133070468902588,-0.00035624392330646515,0,19881,114.12602996826172,0,-0.0004352026735432446,0
205704352,205704352,205704,-353612361,1491635436,-30.160219192504883,-10.285325050354004,-2.78932785987854,20019,-0.092205353081226349,1.0320611000061035,-353612361,1491635436,-353631360,1491627500,0,-0.006804042961448431,-3,-2.8132772445678711,-0.00033983096363954246,0,19881,114.11086273193359,0,-0.00035624392330646515,0
205804312,205804312,205804,-353612631,1491635324,-30.157773971557617,-10.276082992553711,-2.7903738021850586,20013,-0.09046926349401474,1.0320397615432739,-353612631,1491635324,-353631360,1491627500,0,-0.0011942279525101185,0,-2.8132469654083252,-5.9656154917320237e-05,0,19881,114.09189605712891,0,-0.00033983096363954246,0
205905105,205905105,205905,-353612905,1491635210,-30.165828704833984,-10.2667236328125,-2.7907469272613525,20011,-0.089100100100040436,1.0320372581481934,-353612905,1491635210,-353631360,1491627500,0,0.0063696154393255711,3,-2.8132286071777344,0.00031814014073461294,0,19881,114.10839080810547,0,-5.9656154917320237e-05,0
206005065,206005065,206005,-353613177,1491635096,-30.174419403076172,-10.26693058013916,-2.7896292209625244,20017,-0.089234963059425354,1.032042384147644,-353613177,1491635096,-353631360,1491627500,0,0.0076920734718441963,4,-2.8132433891296387,0.00038409352418966591,0,19881,114.13775634765625,0,0.00031814014073461294,0
206105025,206105025,206105,-353613450,1491634983,-30.183670043945312,-10.276089668273926,-2.7904098033905029,20013,-0.090477332472801208,1.0320435762405396,-353613450,1491634983,-353631360,1491627500,0,0.0049734530039131641,2,-2.8132009506225586,0.00024825159925967455,0,19882,114.1796875,0,0.00038409352418966591,0
206204985,206204985,206204,-353613724,1491634869,-30.195808410644531,-10.27913761138916,-2.7909419536590576,20010,-0.09246700257062912,1.0320391654968262,-353613724,1491634869,-353631360,1491627500,0,0.0060184774920344353,3,-2.8131809234619141,0.00030029684421606362,0,19882,114.22434997558594,0,0.00024825159925967455,0
206304945,206304945,206304,-353613998,1491634755,-30.204948425292969,-10.282646179199219,-2.7903189659118652,20013,-0.095755353569984436,1.0320234298706055,-353613998,1491634755,-353631360,1491627500,0,0.0061940462328493595,3,-2.8131604194641113,0.00030896227690391243,0,19882,114.25938415527344,0,0.00030029684421606362,0
206404905,206404905,206404,-353614271,1491634641,-30.213361740112305,-10.291134834289551,-2.7903258800506592,20013,-0.096658453345298767,1.0320334434509277,-353614271,1491634641,-353631360,1491627500,0,0.0029169602785259485,1,-2.813157320022583,0.00014545071462634951,0,19882,114.29769897460938,0,0.00030896227690391243,0
206504865,206504865,206504,-353614545,1491634527,-30.228151321411133,-10.298374176025391,-2.7896342277526855,20017,-0.096959181129932404,1.0320310592651367,-353614545,1491634527,-353631360,1491627500,0,0.0020409135613590479,1,-2.8131356239318848,0.00010171563917538151,0,19882,114.35619354248047,0,0.00014545071462634951,0
206604825,206604825,206604,-353614819,1491634413,-30.23741340637207,-10.303372383117676,-2.7905073165893555,20012,-0.096466273069381714,1.0320218801498413,-353614819,1491634413,-353631360,1491627500,0,0.0013919675257056952,0,-2.8131134510040283,6.9350753619801253e-05,0,19882,114.39335632324219,0,0.00010171563917538151,0
206704785,206704785,206704,-353615091,1491634300,-30.24043083190918,-10.29954719543457,-2.7914054393768311,20007,-0.09358147531747818,1.0320048332214355,-353615091,1491634300,-353631360,1491627500,0,0.0048877662047743797,2,-2.8130831718444824,0.00024350640887860209,0,19882,114.399169921875,0,6.9350753619801253e-05,0
206804745,206804745,206804,-353615362,1491634187,-30.242940902709961,-10.284115791320801,-2.791454553604126,20007,-0.089821375906467438,1.0319994688034058,-353615362,1491634187,-353631360,1491627500,0,0.014820888638496399,8,-2.8130707740783691,0.00073843036079779267,0,19882,114.38987731933594,0,0.00024350640887860209,0
206904705,206904705,206904,-353615633,1491634074,-30.232189178466797,-10.279825210571289,-2.7906513214111328,20011,-0.085502594709396362,1.0320148468017578,-353615633,1491634074,-353631360,1491627500,0,0.015448263846337795,9,-2.8130581378936768,0.00076996709685772657,0,19882,114.34848022460938,0,0.00073843036079779267,0
207004665,207004665,207004,-353615903,1491633962,-30.221237182617188,-10.281310081481934,-2.7902531623840332,20014,-0.085662961006164551,1.0319981575012207,-353615903,1491633962,-353631360,1491627500,0,0.01316167414188385,7,-2.8130173683166504,0.00065620290115475655,0,19883,114.31305694580078,0,0.00076996709685772657,0
207104625,207104625,207104,-353616173,1491633850,-30.208234786987305,-10.282876014709473,-2.7909755706787109,20009,-0.088779836893081665,1.0319935083389282,-353616173,1491633850,-353631360,1491627500,0,0.010438857600092888,6,-2.8129751682281494,0.00052064371993765235,0,19883,114.27079010009766,0,0.00065620290115475655,0
207204585,207204585,207204,-353616442,1491633737,-30.198434829711914,-10.278376579284668,-2.7911446094512939,20008,-0.092058204114437103,1.0320000648498535,-353616442,1491633737,-353631360,1491627500,0,0.010610232129693031,6,-2.8130009174346924,0.00052936904830858111,0,19883,114.23237609863281,0,0.00052064371993765235,0
207304545,207304545,207304,-353616712,1491633625,-30.191520690917969,-10.27515697479248,-2.7910549640655518,20009,-0.095296122133731842,1.0319945812225342,-353616712,1491633625,-353631360,1491627500,0,0.012004595249891281,7,-2.8129570484161377,0.00059907953254878521,0,19883,114.20521545410156,0,0.00052936904830858111,0
207404505,207404505,207404,-353616981,1491633513,-30.187345504760742,-10.266019821166992,-2.7928707599639893,19999,-0.095000013709068298,1.0319925546646118,-353616981,1491633513,-353631360,1491627500,0,0.017080513760447502,10,-2.8129324913024902,0.00085257343016564846,0,19883,114.18052673339844,0,0.00059907953254878521,0
207504465,207504465,207504,-353617250,1491633401,-30.183048248291016,-10.256437301635742,-2.7920112609863281,20003,-0.094267390668392181,1.0319907665252686,-353617250,1491633401,-353631360,1491627500,0,0.022414691746234894,13,-2.8129072189331055,0.0011190799996256828,0,19883,114.15491485595703,0,0.00085257343016564846,0
207604425,207604425,207604,-353617520,1491633289,-30.17402458190918,-10.265031814575195,-2.7908234596252441,20010,-0.09225086122751236,1.0319877862930298,-353617520,1491633289,-353631360,1491627500,0,0.016443554311990738,9,-2.8128588199615479,0.00082111253868788481,0,19884,114.13422393798828,0,0.0011190799996256828,0
207704385,207704385,207704,-353617789,1491633177,-30.168365478515625,-10.26662540435791,-2.792008638381958,20003,-0.089121162891387939,1.0319799184799194,-353617789,1491633177,-353631360,1491627500,0,0.01490418054163456,8,-2.8128311634063721,0.00074435665737837553,0,19884,114.11687469482422,0,0.00082111253868788481,0
207804345,207804345,207804,-353618059,1491633065,-30.163063049316406,-10.262897491455078,-2.7915277481079102,20006,-0.087085887789726257,1.0319787263870239,-353618059,1491633065,-353631360,1491627500,0,0.017083508893847466,10,-2.8127791881561279,0.00085336511256173253,0,19884,114.0946044921875,0,0.00074435665737837553,0
207905138,207905138,207905,-353618329,1491632952,-30.158458709716797,-10.261804580688477,-2.7911081314086914,20009,-0.087855152785778046,1.031980037689209,-353618329,1491632952,-353631360,1491627500,0,0.016760535538196564,9,-2.8127810955047607,0.00083735561929643154,0,19884,114.07773590087891,0,0.00085336511256173253,0
208005098,208005098,208005,-353618601,1491632839,-30.156822204589844,-10.264849662780762,-2.7921884059906006,20002,-0.089056305587291718,1.031965970993042,-353618601,1491632839,-353631360,1491627500,0,0.015533952973783016,9,-2.8127353191375732,0.00077608932042494416,0,19884,114.07569885253906,0,0.00083735561929643154,0
208105058,208105058,208105,-353618873,1491632726,-30.167306900024414,-10.2535400390625,-2.7928390502929688,19999,-0.09073929488658905,1.031959056854248,-353618873,1491632726,-353631360,1491627500,0,0.0253436379134655,14,-2.8126876354217529,0.0012659399071708322,0,19885,114.09820556640625,0,0.00077608932042494416,0
208205018,208205018,208205,-353619146,1491632613,-30.174306869506836,-10.243718147277832,-2.7918400764465332,20004,-0.091256216168403625,1.0319513082504272,-353619146,1491632613,-353631360,1491627500,0,0.034106500446796417,20,-2.8126125335693359,0.0017034686170518398,0,19885,114.11062622070312,0,0.0012659399071708322,0
208304978,208304978,208304,-353619419,1491632499,-30.18494987487793,-10.258722305297852,-2.7917017936706543,20005,-0.091550305485725403,1.0319532155990601,-353619419,1491632499,-353631360,1491627500,0,0.027691349387168884,16,-2.8125953674316406,0.0013824133202433586,0,19885,114.16400146484375,0,0.0017034686170518398,0
208404938,208404938,208404,-353619693,1491632386,-30.199178695678711,-10.258993148803711,-2.7921485900878906,20003,-0.090989820659160614,1.0319548845291138,-353619693,1491632386,-353631360,1491627500,0,0.032559938728809357,19,-2.8124885559082031,0.0016247732564806938,0,19886,114.21255493164062,0,0.0013824133202433586,0
208504898,208504898,208504,-353619967,1491632272,-30.212215423583984,-10.26093578338623,-2.7910990715026855,20009,-0.091476500034332275,1.0319432020187378,-353619967,1491632272,-353631360,1491627500,0,0.035011909902095795,20,-2.8124406337738037,0.0017464192351326346,0,19886,114.25899505615234,0,0.0016247732564806938,0
208604858,208604858,208604,-353620241,1491632158,-30.217561721801758,-10.275816917419434,-2.7913970947265625,20007,-0.092339649796485901,1.031952977180481,-353620241,1491632158,-353631360,1491627500,0,0.028257600963115692,16,-2.8123903274536133,0.0014090740587562323,0,19886,114.29426574707031,0,0.0017464192351326346,0
208704818,208704818,208704,-353620515,1491632044,-30.234905242919922,-10.278616905212402,-2.792288064956665,20002,-0.092752084136009216,1.0319520235061646,-353620515,1491632044,-353631360,1491627500,0,0.031174564734101295,18,-2.8123376369476318,0.0015536862192675471,0,19887,114.35629272460938,0,0.0014090740587562323,0
208804778,208804778,208804,-353620789,1491631930,-30.250247955322266,-10.282524108886719,-2.7917718887329102,20005,-0.093075856566429138,1.0319437980651855,-353620789,1491631930,-353631360,1491627500,0,0.033083051443099976,19,-2.8122820854187012,0.0016479875193908811,0,19887,114.41281890869141,0,0.0015536862192675471,0
208904738,208904738,208904,-353621061,1491631817,-30.255683898925781,-10.280277252197266,-2.792335033416748,20002,-0.09292592853307724,1.0319440364837646,-353621061,1491631817,-353631360,1491627500,0,0.03692878782749176,21,-2.8122119903564453,0.0018393030622974038,0,19887,114.42865753173828,0,0.0016479875193908811,0
209004698,209004698,209004,-353621333,1491631704,-30.253841400146484,-10.268671035766602,-2.7931804656982422,19997,-0.092237181961536407,1.0319356918334961,-353621333,1491631704,-353631360,1491627500,0,0.044935442507266998,26,-2.8121383190155029,0.0022384731564670801,0,19888,114.40904235839844,0,0.0018393030622974038,0
209104658,209104658,209104,-353621604,1491631592,-30.245637893676758,-10.252468109130859,-2.7937040328979492,19994,-0.090158075094223022,1.0319292545318604,-353621604,1491631592,-353631360,1491627500,0,0.055333558470010757,32,-2.8120169639587402,0.0027575795538723469,0,19888,114.36258697509766,0,0.0022384731564670801,0
209204618,209204618,209204,-353621874,1491631480,-30.235776901245117,-10.240422248840332,-2.7925739288330078,20000,-0.089019216597080231,1.0319198369979858,-353621874,1491631480,-353631360,1491627500,0,0.062415041029453278,36,-2.8119211196899414,0.0031117768958210945,0,19889,114.31529998779297,0,0.0027575795538723469,0
209304578,209304578,209304,-353622144,1491631368,-30.219985961914062,-10.238130569458008,-2.7925248146057129,20001,-0.088672004640102386,1.0319180488586426,-353622144,1491631368,-353631360,1491627500,0,0.062600784003734589,36,-2.8118195533752441,0.0031225725542753935,0,19890,114.25910949707031,0,0.0031117768958210945,0
209404538,209404538,209404,-353622414,1491631257,-30.205224990844727,-10.239787101745605,-2.7917141914367676,20005,-0.089914515614509583,1.0319191217422485,-353622414,1491631257,-353631360,1491627500,0,0.062406040728092194,36,-2.8116302490234375,0.0031141710933297873,0,19891,114.21094512939453,0,0.0031225725542753935,0
209504498,209504498,209504,-353622683,1491631145,-30.182607650756836,-10.248682022094727,-2.7912797927856445,20008,-0.091574311256408691,1.0319185256958008,-353622683,1491631145,-353631360,1491627500,0,0.054147720336914062,31,-2.8115487098693848,0.0027036387473344803,0,19891,114.14448547363281,0,0.0031141710933297873,0
209604458,209604458,209604,-353622953,1491631033,-30.167831420898438,-10.256100654602051,-2.7921066284179688,20003,-0.093938767910003662,1.0319198369979858,-353622953,1491631033,-353631360,1491627500,0,0.049196433275938034,28,-2.8114254474639893,0.0024573111440986395,0,19892,114.10292816162109,0,0.0027036387473344803,0
209704418,209704418,209704,-353623222,1491630921,-30.158493041992188,-10.25798511505127,-2.7922976016998291,20002,-0.094301946461200714,1.0318993330001831,-353623222,1491630921,-353631360,1491627500,0,0.048050742596387863,28,-2.8113317489624023,0.0024007051251828671,0,19892,114.07344818115234,0,0.0024573111440986395,0
209804378,209804378,209804,-353623492,1491630809,-30.149564743041992,-10.263628959655762,-2.791254997253418,20008,-0.093703672289848328,1.0319045782089233,-353623492,1491630809,-353631360,1491627500,0,0.045661687850952148,26,-2.811192512512207,0.0022818185389041901,0,19893,114.04969024658203,0,0.0024007051251828671,0
209904338,209904338,209904,-353623761,1491630697,-30.130411148071289,-10.271405220031738,-2.7909612655639648,20009,-0.092603929340839386,1.0319036245346069,-353623761,1491630697,-353631360,1491627500,0,0.039308253675699234,23,-2.8110837936401367,0.0019652864430099726,0,19894,113.99374389648438,0,0.0022818185389041901,0
210005131,210005131,210005,-353624031,1491630585,-30.118768692016602,-10.273463249206543,-2.7913734912872314,20007,-0.091090396046638489,1.0318862199783325,-353624031,1491630585,-353631360,1491627500,0,0.038880418986082077,22,-2.8109254837036133,0.0019445286598056555,0,19895,113.95665740966797,0,0.0019652864430099726,0
210105091,210105091,210105,-353624304,1491630470,-30.120670318603516,-10.275026321411133,-2.7911837100982666,20008,-0.089459069073200226,1.0318953990936279,-353624304,1491630470,-353631360,1491627500,0,0.038160163909196854,22,-2.81093430519104,0.0019083683146163821,0,19895,113.96491241455078,0,0.0019445286598056555,0
210205051,210205051,210205,-353624576,1491630357,-30.132110595703125,-10.279142379760742,-2.7901666164398193,20014,-0.088800907135009766,1.0318822860717773,-353624576,1491630357,-353631360,1491627500,0,0.041251495480537415,24,-2.8107740879058838,0.0020621765870600939,0,19896,114.00844573974609,0,0.0019083683146163821,0
210305011,210305011,210305,-353624849,1491630243,-30.145322799682617,-10.28794002532959,-2.7900776863098145,20015,-0.091837160289287567,1.031889796257019,-353624849,1491630243,-353631360,1491627500,0,0.040895570069551468,23,-2.8106656074523926,0.0020433985628187656,0,19896,114.06339263916016,0,0.0020621765870600939,0
210404971,210404971,210404,-353625122,1491630129,-30.15264892578125,-10.294853210449219,-2.7891037464141846,20020,-0.094471372663974762,1.0318746566772461,-353625122,1491630129,-353631360,1491627500,0,0.040649287402629852,23,-2.8105473518371582,0.0020305085927248001,0,19897,114.09622192382812,0,0.0020433985628187656,0
210504931,210504931,210504,-353625396,1491630015,-30.161636352539062,-10.311108589172363,-2.7897512912750244,20016,-0.094010800123214722,1.0318713188171387,-353625396,1491630015,-353631360,1491627500,0,0.036442831158638,21,-2.8103666305541992,0.001819601864553988,0,19898,114.14549255371094,0,0.0020305085927248001,0
210604891,210604891,210604,-353625669,1491629901,-30.175771713256836,-10.314937591552734,-2.79030442237854,20013,-0.091838061809539795,1.0318676233291626,-353625669,1491629901,-353631360,1491627500,0,0.039938624948263168,23,-2.810222864151001,0.0019932345021516085,0,19899,114.19783020019531,0,0.001819601864553988,0
210704851,210704851,210704,-353625943,1491629786,-30.186092376708984,-10.330462455749512,-2.7892472743988037,20019,-0.09032014012336731,1.0318732261657715,-353625943,1491629786,-353631360,1491627500,0,0.03443966805934906,20,-2.8101422786712646,0.0017179984133690596,0,19899,114.25078582763672,0,0.0019932345021516085,0
210804811,210804811,210804,-353626216,1491629672,-30.190261840820312,-10.341729164123535,-2.7896218299865723,20017,-0.088962502777576447,1.0318624973297119,-353626216,1491629672,-353631360,1491627500,0,0.0320284403860569,18,-2.8099713325500488,0.001597335678525269,0,19900,114.27798461914062,0,0.0017179984133690596,0
210904771,210904771,210904,-353626488,1491629558,-30.191181182861328,-10.34391975402832,-2.7901482582092285,20014,-0.087532222270965576,1.0318676233291626,-353626488,1491629558,-353631360,1491627500,0,0.03346174955368042,19,-2.8098442554473877,0.001668735989369452,0,19901,114.28364562988281,0,0.001597335678525269,0
211004731,211004731,211004,-353626759,1491629445,-30.189279556274414,-10.335141181945801,-2.790247917175293,20014,-0.089221104979515076,1.0318624973297119,-353626759,1491629445,-353631360,1491627500,0,0.042968831956386566,25,-2.8096108436584473,0.0021431662607938051,0,19902,114.26701354980469,0,0.001668735989369452,0
211104691,211104691,211104,-353627030,1491629332,-30.186677932739258,-10.331356048583984,-2.7902858257293701,20013,-0.08970315009355545,1.0318585634231567,-353627030,1491629332,-353631360,1491627500,0,0.049950849264860153,29,-2.8093481063842773,0.0024916983675211668,0,19904,114.25381469726562,0,0.0021431662607938051,0
211204651,211204651,211204,-353627299,1491629219,-30.174098968505859,-10.324084281921387,-2.7894179821014404,20018,-0.09070674329996109,1.0318611860275269,-353627299,1491629219,-353631360,1491627500,0,0.054612115025520325,32,-2.8092021942138672,0.0027254344895482063,0,19905,114.2027587890625,0,0.0024916983675211668,0
211304611,211304611,211304,-353627569,1491629106,-30.164844512939453,-10.323711395263672,-2.7894659042358398,20018,-0.092241197824478149,1.0318509340286255,-353627569,1491629106,-353631360,1491627500,0,0.057899974286556244,33,-2.8089544773101807,0.0028903211932629347,0,19906,114.17097473144531,0,0.0027254344895482063,0
211404571,211404571,211404,-353627838,1491628993,-30.153253555297852,-10.321259498596191,-2.7888689041137695,20021,-0.093514241278171539,1.0318537950515747,-353627838,1491628993,-353631360,1491627500,0,0.060943961143493652,35,-2.8087563514709473,0.0030433982610702515,0,19907,114.12886047363281,0,0.0028903211932629347,0
211504531,211504531,211504,-353628107,1491628881,-30.143487930297852,-10.326127052307129,-2.7892501354217529,20019,-0.094604171812534332,1.03184974193573,-353628107,1491628881,-353631360,1491627500,0,0.0651516392827034,38,-2.8083016872406006,0.0032543023116886616,0,19910,114.10142517089844,0,0.0030433982610702515,0
211604491,211604491,211604,-353628377,1491628768,-30.136789321899414,-10.326240539550781,-2.7899746894836426,20015,-0.09219040721654892,1.0318422317504883,-353628377,1491628768,-353631360,1491627500,0,0.071638099849224091,42,-2.8079054355621338,0.0035790076944977045,0,19912,114.078857421875,0,0.0032543023116886616,0
211704451,211704451,211704,-353628646,1491628655,-30.127254486083984,-10.322402954101562,-2.7893710136413574,20019,-0.09025951474905014,1.0318410396575928,-353628646,1491628655,-353631360,1491627500,0,0.079172588884830475,46,-2.8075447082519531,0.0039567044004797935,0,19914,114.04210662841797,0,0.0035790076944977045,0
211804411,211804411,211804,-353628915,1491628542,-30.115962982177734,-10.332289695739746,-2.788386344909668,20024,-0.088193848729133606,1.0318236351013184,-353628915,1491628542,-353631360,1491627500,0,0.079781368374824524,46,-2.8071048259735107,0.0039880652911961079,0,19917,114.01534271240234,0,0.0039567044004797935,0
211904371,211904371,211904,-353629184,1491628429,-30.10235595703125,-10.336162567138672,-2.7884607315063477,20024,-0.087387427687644958,1.0318347215652466,-353629184,1491628429,-353631360,1491627500,0,0.085647664964199066,50,-2.8065559864044189,0.0042828693985939026,0,19920,113.9737548828125,0,0.0039880652911961079,0
212004331,212004331,212004,-353629453,1491628316,-30.095211029052734,-10.332821846008301,-2.7890117168426514,20021,-0.088659413158893585,1.031830906867981,-353629453,1491628316,-353631360,1491627500,0,0.10021267831325531,58,-2.8058528900146484,0.0050124437548220158,0,19924,113.94567108154297,0,0.0042828693985939026,0
212105124,212105124,212105,-353629723,1491628203,-30.092802047729492,-10.335497856140137,-2.7889506816864014,20021,-0.091522142291069031,1.0318167209625244,-353629723,1491628203,-353631360,1491627500,0,0.1205984428524971,70,-2.8047287464141846,0.0060323784127831459,0,19930,113.94062042236328,0,0.0050124437548220158,0
212205084,212205084,212205,-353629995,1491628089,-30.085168838500977,-10.334999084472656,-2.7892251014709473,20019,-0.095679745078086853,1.0318120718002319,-353631360,1491627500,-353654670,1491642150,0,-12.902430534362793,-5288,2.7707700729370117,-0.70171725749969482,11.68896484375,15507,113.91419219970703,0,0.0060323784127831459,0
212305044,212305044,212305,-353630266,1491627975,-30.083038330078125,-10.367218971252441,-2.7910480499267578,20009,-0.097848199307918549,1.0318193435668945,-353631360,1491627500,-353654670,1491642150,0,-13.224957466125488,-5357,2.750662088394165,-0.7228047251701355,9.3920249938964844,15465,113.94451904296875,0.00016497382603120059,-0.70171725749969482,0
212405004,212405004,212405,-353630538,1491627860,-30.091266632080078,-10.374059677124023,-2.8019077777862549,19947,-0.10019086301326752,1.0318014621734619,-353631360,1491627500,-353654670,1491642150,0,-13.531450271606445,-5420,2.7304394245147705,-0.74314635992050171,7.0819296836853027,15422,113.98035430908203,0.0002892699558287859,-0.7228047251701355,0.00016497382603120059
212504964,212504964,212504,-353630811,1491627746,-30.185148239135742,-10.159550666809082,-2.8131535053253174,19882,-0.1046539768576622,1.0317957401275635,-353631360,1491627500,-353654670,1491642150,0,-13.728527069091797,-5460,2.7102282047271729,-0.75602930784225464,4.7748360633850098,15379,114.05088806152344,0.00037299259565770626,-0.74314635992050171,0.0002892699558287859
212604924,212604924,212604,-353631086,1491627636,-30.337970733642578,-9.7581682205200195,-2.8177011013031006,19856,-0.11080563813447952,1.0317957401275635,-353631360,1491627500,-353654670,1491642150,0,-13.832109451293945,-5483,2.6902134418487549,-0.76257699728012085,2.489903450012207,15335,114.12139892578125,0.00041661463910713792,-0.75602930784225464,0.00037299259565770626
212704884,212704884,212704,-353631362,1491627531,-30.524026870727539,-9.2417707443237305,-2.8200149536132812,19843,-0.11646946519613266,1.0318008661270142,-353631360,1491627500,-353654670,1491642150,0,-13.878732681274414,-5493,2.6705019474029541,-0.7650873064994812,0.24028778076171875,15291,114.20632934570312,0.00042082092841155827,-0.76257699728012085,0.00041661463910713792
212804844,212804844,212804,-353631640,1491627432,-30.737159729003906,-8.6561155319213867,-2.8242743015289307,19819,-0.12085778266191483,1.0317822694778442,-353631360,1491627500,-353654670,1491642150,0,-13.8946533203125,-5498,2.6511261463165283,-0.76497441530227661,-1.9710094928741455,15247,114.35079193115234,0.00038635998498648405,-0.7650873064994812,0.00042082092841155827
212904804,212904804,212904,-353631920,1491627340,-31.000877380371094,-7.9365320205688477,-2.8343658447265625,19761,-0.12125879526138306,1.0317727327346802,-353631360,1491627500,-353654670,1491642150,0,-13.852288246154785,-5490,2.6321916580200195,-0.7600281834602356,-4.1359095573425293,15204,114.59397125244141,0.00031418947037309408,-0.76497441530227661,0.00038635998498648405
213004764,213004764,213004,-353632203,1491627258,-31.32988166809082,-7.0346279144287109,-2.8526158332824707,19656,-0.11630474030971527,1.0317714214324951,-353631360,1491627500,-353654670,1491642150,0,-13.730583190917969,-5464,2.6139297485351562,-0.74853408336639404,-6.2352542877197266,15161,114.98522186279297,0.00020572650828398764,-0.7600281834602356,0.00031418947037309408
213104724,213104724,213104,-353632487,1491627187,-31.710975646972656,-5.8976149559020996,-2.8811538219451904,19493,-0.10529172420501709,1.0317646265029907,-353631360,1491627500,-353654670,1491642150,0,-13.498722076416016,-5415,2.5965456962585449,-0.72892636060714722,-8.2508087158203125,15119,115.50376892089844,6.2795443227514625e-05,-0.74853408336639404,0.00020572650828398764
213204684,213204684,213204,-353632774,1491627131,-32.043537139892578,-4.5283260345458984,-2.9199767112731934,19270,-0.090380437672138214,1.0317580699920654,-353631360,1491627500,-353654670,1491642150,0,-13.126124382019043,-5334,2.5802524089813232,-0.70172858238220215,-10.16041374206543,15078,115.88761138916016,6.2795443227514625e-05,-0.72892636060714722,6.2795443227514625e-05
213304644,213304644,213304,-353633062,1491627092,-32.253582000732422,-2.8742072582244873,-2.9707374572753906,18979,-0.073176436126232147,1.0317336320877075,-353631360,1491627500,-353654670,1491642150,0,-12.563592910766602,-5210,2.5649075508117676,-0.66556310653686523,-11.937755584716797,15039,115.95733642578125,6.2795443227514625e-05,-0.70172858238220215,6.2795443227514625e-05
213404604,213404604,213404,-353633350,1491627073,-32.263561248779297,-1.1379102468490601,-3.0233743190765381,18678,-0.05897098034620285,1.0317260026931763,-353631360,1491627500,-353654670,1491642150,0,-11.889970779418945,-5053,2.5505318641662598,-0.62631529569625854,-13.553522109985352,15003,115.60721588134766,6.2795443227514625e-05,-0.66556310653686523,6.2795443227514625e-05
213504564,213504564,213504,-353633638,1491627072,-32.102668762207031,0.38931044936180115,-3.0692048072814941,18415,-0.049975529313087463,1.0317221879959106,-353631360,1491627500,-353654670,1491642150,0,-11.264556884765625,-4899,2.5369858741760254,-0.59248030185699463,-15.023872375488281,14969,114.96768188476562,6.2795443227514625e-05,-0.62631529569625854,6.2795443227514625e-05
213604524,213604524,213604,-353633923,1491627085,-31.867403030395508,1.5092445611953735,-3.1030325889587402,18221,-0.05157066136598587,1.0317196846008301,-353631360,1491627500,-353654670,1491642150,0,-10.816686630249023,-4784,2.5242924690246582,-0.56997561454772949,-16.365886688232422,14937,114.24465179443359,6.2795443227514625e-05,-0.59248030185699463,6.2795443227514625e-05
213704484,213704484,213704,-353634205,1491627109,-31.609342575073242,2.1870999336242676,-3.1231956481933594,18106,-0.062100600451231003,1.0316956043243408,-353631360,1491627500,-353654670,1491642150,0,-10.579194068908691,-4722,2.512260913848877,-0.56025046110153198,-17.603801727294922,14906,113.4632568359375,6.2795443227514625e-05,-0.56997561454772949,6.2795443227514625e-05
213804444,213804444,213804,-353634485,1491627137,-31.345325469970703,2.4235415458679199,-3.1302270889282227,18066,-0.083170756697654724,1.0316909551620483,-353631360,1491627500,-353654670,1491642150,0,-10.56234073638916,-4722,2.5002715587615967,-0.56415724754333496,-18.799247741699219,14876,112.58219146728516,6.2795443227514625e-05,-0.56025046110153198,6.2795443227514625e-05
213904404,213904404,213904,-353634763,1491627165,-31.079263687133789,2.3560543060302734,-3.1290934085845947,18072,-0.11212043464183807,1.0316895246505737,-353631360,1491627500,-353654670,1491642150,0,-10.698101043701172,-4766,2.488018274307251,-0.57791125774383545,-19.984539031982422,14846,111.61376190185547,6.2795443227514625e-05,-0.56415724754333496,6.2795443227514625e-05
214004364,214004364,214004,-353635038,1491627191,-30.81104850769043,2.1500585079193115,-3.1259391307830811,18090,-0.14301556348800659,1.0316901206970215,-353631360,1491627500,-353654670,1491642150,0,-10.901226997375488,-4831,2.4754378795623779,-0.59648573398590088,-21.170755386352539,14814,110.60225677490234,6.2795443227514625e-05,-0.57791125774383545,6.2795443227514625e-05
214104324,214104324,214104,-353635311,1491627214,-30.548234939575195,2.0432536602020264,-3.1278927326202393,18079,-0.16900956630706787,1.0316706895828247,-353631360,1491627500,-353654670,1491642150,0,-11.055731773376465,-4883,2.4625506401062012,-0.61225539445877075,-22.371053695678711,14782,109.63724517822266,6.2795443227514625e-05,-0.59648573398590088,6.2795443227514625e-05
214205117,214205117,214205,-353635582,1491627237,-30.316413879394531,2.1875982284545898,-3.1384859085083008,18018,-0.18491840362548828,1.0316506624221802,-353631360,1491627500,-353654670,1491642150,0,-11.09206485748291,-4900,2.4498469829559326,-0.61971175670623779,-23.561199188232422,14750,108.84494018554688,6.2795443227514625e-05,-0.61225539445877075,6.2795443227514625e-05
214305077,214305077,214305,-353635855,1491627264,-30.141445159912109,2.6839137077331543,3.1229383945465088,17893,-0.18966716527938843,1.0316265821456909,-353631360,1491627500,-353654670,1491642150,0,-10.969582557678223,-4871,2.4378046989440918,-0.61497831344604492,-24.729183197021484,14717,108.36316680908203,6.2795443227514625e-05,-0.61971175670623779,6.2795443227514625e-05
214405037,214405037,214405,-353636125,1491627298,-30.000875473022461,3.4945449829101562,3.0927703380584717,17720,-0.18635156750679016,1.0316157341003418,-353631360,1491627500,-353654670,1491642150,0,-10.695086479187012,-4797,2.426938533782959,-0.59869521856307983,-25.825384140014648,14685,108.15909576416016,6.2795443227514625e-05,-0.61497831344604492,6.2795443227514625e-05
214504997,214504997,214504,-353636396,1491627344,-29.87939453125,4.5389795303344727,3.0571639537811279,17516,-0.1757037490606308,1.0315873622894287,-353631360,1491627500,-353654670,1491642150,0,-10.300082206726074,-4684,2.4175214767456055,-0.57331383228302002,-26.829713821411133,14655,108.22524261474609,6.2795443227514625e-05,-0.59869521856307983,6.2795443227514625e-05
214604957,214604957,214604,-353636665,1491627401,-29.744508743286133,5.7378334999084473,3.0184874534606934,17294,-0.1605861485004425,1.0315699577331543,-353631360,1491627500,-353654670,1491642150,0,-9.8108720779418945,-4538,2.4094958305358887,-0.5415337085723877,-27.735027313232422,14626,108.4783935546875,6.2795443227514625e-05,-0.57331383228302002,6.2795443227514625e-05
214704917,214704917,214704,-353636934,1491627473,-29.587322235107422,6.9952883720397949,2.9786460399627686,17066,-0.14488033950328827,1.031535267829895,-353631360,1491627500,-353654670,1491642150,0,-9.2659482955932617,-4367,2.4029984474182129,-0.50642895698547363,-28.519159317016602,14599,108.87281036376953,6.2795443227514625e-05,-0.5415337085723877,6.2795443227514625e-05
214804877,214804877,214804,-353637200,1491627558,-29.405750274658203,8.2123403549194336,2.9399168491363525,16844,-0.13025987148284912,1.0315291881561279,-353631360,1491627500,-353654670,1491642150,0,-8.7119808197021484,-4185,2.3978404998779297,-0.47141441702842712,-29.183032989501953,14574,109.33101654052734,6.2795443227514625e-05,-0.50642895698547363,6.2795443227514625e-05
214904837,214904837,214904,-353637465,1491627658,-29.195363998413086,9.3707208633422852,2.9029824733734131,16632,-0.11700732260942459,1.0315051078796387,-353631360,1491627500,-353654670,1491642150,0,-8.1549110412597656,-3993,2.3939445018768311,-0.43706926703453064,-29.720647811889648,14551,109.80146026611328,6.2795443227514625e-05,-0.47141441702842712,6.2795443227514625e-05
215004797,215004797,215004,-353637728,1491627769,-28.962745666503906,10.434955596923828,2.8688750267028809,16437,-0.10533612966537476,1.0314860343933105,-353631360,1491627500,-353654670,1491642150,0,-7.6187858581542969,-3799,2.390932559967041,-0.40484893321990967,-30.159246444702148,14531,110.24140930175781,6.2795443227514625e-05,-0.43706926703453064,6.2795443227514625e-05
215104757,215104757,215104,-353637987,1491627890,-28.698406219482422,11.377229690551758,2.8379216194152832,16260,-0.094010263681411743,1.0314819812774658,-353631360,1491627500,-353654670,1491642150,0,-7.1155529022216797,-3608,2.3885512351989746,-0.37560677528381348,-30.496742248535156,14512,110.54986572265625,6.2795443227514625e-05,-0.40484893321990967,6.2795443227514625e-05
215204717,215204717,215204,-353638242,1491628021,-28.426948547363281,12.173834800720215,2.8105564117431641,16103,-0.086855500936508179,1.0314667224884033,-353631360,1491627500,-353654670,1491642150,0,-6.6653585433959961,-3430,2.3868186473846436,-0.35015416145324707,-30.733146667480469,14496,110.73841857910156,6.2795443227514625e-05,-0.37560677528381348,6.2795443227514625e-05
215304677,215304677,215304,-353638494,1491628159,-28.169589996337891,12.78363037109375,2.7878730297088623,15973,-0.08443896472454071,1.0314536094665527,-353631360,1491627500,-353654670,1491642150,0,-6.3021183013916016,-3281,2.3853700160980225,-0.33020517230033875,-30.89776611328125,14480,110.7762451171875,6.2795443227514625e-05,-0.35015416145324707,6.2795443227514625e-05
215404637,215404637,215404,-353638743,1491628303,-27.939641952514648,13.254097938537598,2.7684245109558105,15861,-0.086646288633346558,1.0314418077468872,-353631360,1491627500,-353654670,1491642150,0,-6.0073180198669434,-3158,2.384321928024292,-0.31432583928108215,-30.998683929443359,14466,110.73847961425781,6.2795443227514625e-05,-0.33020517230033875,6.2795443227514625e-05
215504597,215504597,215504,-353638991,1491628450,-27.729608535766602,13.60062313079834,2.7522039413452148,15768,-0.09319816529750824,1.0314335823059082,-353631360,1491627500,-353654670,1491642150,0,-5.7776899337768555,-3061,2.3832828998565674,-0.30231291055679321,-31.070285797119141,14453,110.60021209716797,6.2795443227514625e-05,-0.31432583928108215,6.2795443227514625e-05
215604557,215604557,215604,-353639236,1491628601,-27.551490783691406,13.87236213684082,2.7386007308959961,15691,-0.10131581872701645,1.0314295291900635,-353631360,1491627500,-353654670,1491642150,0,-5.5877771377563477,-2980,2.3826899528503418,-0.29245379567146301,-31.094341278076172,14440,110.46208953857422,6.2795443227514625e-05,-0.30231291055679321,6.2795443227514625e-05
215704517,215704517,215704,-353639480,1491628754,-27.369712829589844,14.133906364440918,2.7243697643280029,15609,-0.10860633105039597,1.0314204692840576,-353631360,1491627500,-353654670,1491642150,0,-5.3980731964111328,-2897,2.3822524547576904,-0.28265342116355896,-31.097160339355469,14428,110.30766296386719,6.2795443227514625e-05,-0.29245379567146301,6.2795443227514625e-05
215804477,215804477,215804,-353639723,1491628910,-27.183469772338867,14.420222282409668,2.7099087238311768,15526,-0.11353418231010437,1.0314168930053711,-353631360,1491627500,-353654670,1491642150,0,-5.1880984306335449,-2803,2.3821954727172852,-0.27166596055030823,-31.070667266845703,14416,110.19225311279297,6.2795443227514625e-05,-0.28265342116355896,6.2795443227514625e-05
215904437,215904437,215904,-353639964,1491629070,-26.98463249206543,14.736189842224121,2.6960263252258301,15447,-0.11477481573820114,1.0313982963562012,-353631360,1491627500,-353654670,1491642150,0,-4.9504332542419434,-2693,2.382606029510498,-0.25914600491523743,-31.001707077026367,14405,110.10154724121094,6.2795443227514625e-05,-0.27166596055030823,6.2795443227514625e-05
216004397,216004397,216004,-353640203,1491629233,-26.773393630981445,15.079582214355469,2.6810712814331055,15361,-0.11242291331291199,1.0313881635665894,-353631360,1491627500,-353654670,1491642150,0,-4.6874732971191406,-2568,2.383411169052124,-0.2452375739812851,-30.898357391357422,14394,110.03646087646484,6.2795443227514625e-05,-0.25914600491523743,6.2795443227514625e-05
216104357,216104357,216104,-353640441,1491629400,-26.553661346435547,15.455963134765625,2.6656181812286377,15272,-0.10758242011070251,1.0313864946365356,-353631360,1491627500,-353654670,1491642150,0,-4.3964405059814453,-2427,2.3847088813781738,-0.2297559380531311,-30.75761604309082,14384,110.02336883544922,6.2795443227514625e-05,-0.2452375739812851,6.2795443227514625e-05
216204317,216204317,216204,-353640677,1491629571,-26.326904296875,15.850345611572266,2.6494989395141602,15180,-0.10083452612161636,1.0313665866851807,-353631360,1491627500,-353654670,1491642150,0,-4.0847220420837402,-2271,2.3864974975585938,-0.2131633460521698,-30.574399948120117,14376,110.04409027099609,6.2795443227514625e-05,-0.2297559380531311,6.2795443227514625e-05
216305110,216305110,216305,-353640915,1491629749,-26.11955451965332,16.229396820068359,2.6353664398193359,15099,-0.09554358571767807,1.0313757658004761,-353631360,1491627500,-353654670,1491642150,0,-3.7771697044372559,-2115,2.3888638019561768,-0.19675832986831665,-30.344789505004883,14368,110.11894226074219,6.2795443227514625e-05,-0.2131633460521698,6.2795443227514625e-05
216405070,216405070,216405,-353641150,1491629930,-25.930509567260742,16.578531265258789,2.622610330581665,15026,-0.090014949440956116,1.031354546546936,-353631360,1491627500,-353654670,1491642150,0,-3.4829418659210205,-1962,2.3916468620300293,-0.18109777569770813,-30.075714111328125,14361,110.21291351318359,6.2795443227514625e-05,-0.19675832986831665,6.2795443227514625e-05
216505030,216505030,216505,-353641384,1491630116,-25.770063400268555,16.886152267456055,2.6112411022186279,14961,-0.086757421493530273,1.0313607454299927,-353631360,1491627500,-353654670,1491642150,0,-3.2105672359466553,-1819,2.3949077129364014,-0.16661942005157471,-29.761171340942383,14355,110.32916259765625,6.2795443227514625e-05,-0.18109777569770813,6.2795443227514625e-05
216604990,216604990,216604,-353641617,1491630304,-25.633869171142578,17.139816284179688,2.6014940738677979,14905,-0.085856132209300995,1.0313525199890137,-353631360,1491627500,-353654670,1491642150,0,-2.9704535007476807,-1691,2.3983042240142822,-0.15392136573791504,-29.425382614135742,14349,110.42385864257812,6.2795443227514625e-05,-0.16661942005157471,6.2795443227514625e-05
216704950,216704950,216704,-353641849,1491630496,-25.521650314331055,17.357128143310547,2.5919787883758545,14850,-0.08555293083190918,1.0313441753387451,-353631360,1491627500,-353654670,1491642150,0,-2.7501275539398193,-1572,2.4020602703094482,-0.14229138195514679,-29.052209854125977,14345,110.52577209472656,6.2795443227514625e-05,-0.15392136573791504,6.2795443227514625e-05
216804910,216804910,216804,-353642080,1491630689,-25.425113677978516,17.542619705200195,2.5837845802307129,14803,-0.08614097535610199,1.0313308238983154,-353631360,1491627500,-353654670,1491642150,0,-2.5492820739746094,-1462,2.405900239944458,-0.13172845542430878,-28.665884017944336,14341,110.615966796875,6.2795443227514625e-05,-0.14229138195514679,6.2795443227514625e-05
216904870,216904870,216904,-353642311,1491630884,-25.337942123413086,17.704837799072266,2.5752792358398438,14755,-0.086050458252429962,1.0313307046890259,-353631360,1491627500,-353654670,1491642150,0,-2.3609449863433838,-1358,2.4098443984985352,-0.12186314165592194,-28.263399124145508,14337,110.69086456298828,6.2795443227514625e-05,-0.13172845542430878,6.2795443227514625e-05
217004830,217004830,217004,-353642540,1491631081,-25.252904891967773,17.857954025268555,2.5669777393341064,14707,-0.086245760321617126,1.0313279628753662,-353631360,1491627500,-353654670,1491642150,0,-2.1733527183532715,-1254,2.4140043258666992,-0.11207044124603271,-27.834596633911133,14334,110.75706481933594,6.2795443227514625e-05,-0.12186314165592194,6.2795443227514625e-05
217104790,217104790,217104,-353642767,1491631278,-25.16204833984375,18.00035285949707,2.5582726001739502,14657,-0.083262570202350616,1.0313231945037842,-353631360,1491627500,-353654670,1491642150,0,-1.9880973100662231,-1149,2.4181668758392334,-0.10245420038700104,-27.39564323425293,14332,110.78749084472656,6.2795443227514625e-05,-0.11207044124603271,6.2795443227514625e-05
217204750,217204750,217204,-353642992,1491631476,-25.057737350463867,18.156444549560547,2.5491957664489746,14605,-0.079027116298675537,1.0313272476196289,-353631360,1491627500,-353654670,1491642150,0,-1.7877798080444336,-1036,2.4224765300750732,-0.092080593109130859,-26.938465118408203,14330,110.81094360351562,6.2795443227514625e-05,-0.10245420038700104,6.2795443227514625e-05
217304710,217304710,217304,-353643216,1491631675,-24.9530029296875,18.300983428955078,2.5421211719512939,14565,-0.074134156107902527,1.0313154458999634,-353631360,1491627500,-353654670,1491642150,0,-1.5912908315658569,-924,2.4268538951873779,-0.081934839487075806,-26.468120574951172,14328,110.81278228759766,6.2795443227514625e-05,-0.092080593109130859,6.2795443227514625e-05
217404670,217404670,217404,-353643439,1491631875,-24.862716674804688,18.414405822753906,2.5350685119628906,14524,-0.072670161724090576,1.0313074588775635,-353631360,1491627500,-353654670,1491642150,0,-1.4140450954437256,-822,2.4313027858734131,-0.072804048657417297,-25.984622955322266,14327,110.79348754882812,6.2795443227514625e-05,-0.081934839487075806,6.2795443227514625e-05
217504630,217504630,217504,-353643660,1491632076,-24.787145614624023,18.511251449584961,2.5297195911407471,14494,-0.073265530169010162,1.0313081741333008,-353631360,1491627500,-353654670,1491642150,0,-1.2470706701278687,-726,2.4359369277954102,-0.064200431108474731,-25.482894897460938,14327,110.78330993652344,6.2795443227514625e-05,-0.072804048657417297,6.2795443227514625e-05
217604590,217604590,217604,-353643881,1491632279,-24.72520637512207,18.587984085083008,2.5246973037719727,14465,-0.074197374284267426,1.0313037633895874,-353631360,1491627500,-353654670,1491642150,0,-1.0925008058547974,-637,2.4407110214233398,-0.056240499019622803,-24.965007781982422,14327,110.77056884765625,6.2795443227514625e-05,-0.064200431108474731,6.2795443227514625e-05
217704550,217704550,217704,-353644102,1491632481,-24.670825958251953,18.661569595336914,2.518967866897583,14432,-0.075198426842689514,1.0313034057617188,-353631360,1491627500,-353654670,1491642150,0,-0.94335645437240601,-551,2.4454388618469238,-0.048554837703704834,-24.4552001953125,14327,110.77374267578125,6.2795443227514625e-05,-0.056240499019622803,6.2795443227514625e-05
217804510,217804510,217804,-353644322,1491632685,-24.622098922729492,18.733345031738281,2.5147883892059326,14408,-0.075564026832580566,1.0312989950180054,-353631360,1491627500,-353654670,1491642150,0,-0.79308134317398071,-463,2.4503841400146484,-0.040809407830238342,-23.924160003662109,14328,110.79006958007812,6.2795443227514625e-05,-0.048554837703704834,6.2795443227514625e-05
217904470,217904470,217904,-353644542,1491632889,-24.579797744750977,18.795097351074219,2.5104391574859619,14383,-0.074662819504737854,1.0313057899475098,-353631360,1491627500,-353654670,1491642150,0,-0.65039891004562378,-380,2.4553170204162598,-0.033460259437561035,-23.393115997314453,14329,110.80373382568359,6.2795443227514625e-05,-0.040809407830238342,6.2795443227514625e-05
218004430,218004430,218004,-353644762,1491633095,-24.543214797973633,18.845888137817383,2.5069489479064941,14363,-0.073162972927093506,1.0313074588775635,-353631360,1491627500,-353654670,1491642150,0,-0.51276427507400513,-300,2.4603793621063232,-0.026376098394393921,-22.845916748046875,14330,110.81037139892578,6.2795443227514625e-05,-0.033460259437561035,6.2795443227514625e-05
218104390,218104390,218104,-353644981,1491633301,-24.52484130859375,18.88139533996582,2.5043966770172119,14349,-0.070120528340339661,1.0313049554824829,-353631360,1491627500,-353654670,1491642150,0,-0.38827517628669739,-227,2.4655170440673828,-0.019966945052146912,-22.29364013671875,14332,110.83572387695312,6.2795443227514625e-05,-0.026376098394393921,6.2795443227514625e-05
218204350,218204350,218204,-353645201,1491633507,-24.516761779785156,18.901958465576172,2.5026407241821289,14339,-0.068053282797336578,1.0312995910644531,-353631360,1491627500,-353654670,1491642150,0,-0.2762795090675354,-161,2.4705941677093506,-0.014204308390617371,-21.746448516845703,14334,110.85774230957031,6.2795443227514625e-05,-0.019966945052146912,6.2795443227514625e-05
218304310,218304310,218304,-353645420,1491633714,-24.516149520874023,18.912017822265625,2.4996945858001709,14322,-0.064314454793930054,1.0312917232513428,-353631360,1491627500,-353654670,1491642150,0,-0.17016899585723877,-99,2.4757819175720215,-0.0087470859289169312,-21.186092376708984,14336,110.87800598144531,6.2795443227514625e-05,-0.014204308390617371,6.2795443227514625e-05
218405103,218405103,218405,-353645642,1491633922,-24.519403457641602,18.927812576293945,2.4969496726989746,14306,-0.062397494912147522,1.0312913656234741,-353631360,1491627500,-353654670,1491642150,0,-0.063297927379608154,-37,2.4809372425079346,-0.0032523423433303833,-20.632892608642578,14338,110.92179107666016,6.2795443227514625e-05,-0.0087470859289169312,6.2795443227514625e-05
218505063,218505063,218505,-353645864,1491634131,-24.534767150878906,18.941658020019531,2.4956455230712891,14298,-0.061894450336694717,1.0313084125518799,-353631360,1491627500,-353654670,1491642150,0,0.040279686450958252,23,2.4862070083618164,0.002068251371383667,-20.071617126464844,14340,110.99562835693359,6.2795443227514625e-05,-0.0032523423433303833,6.2795443227514625e-05
218605023,218605023,218605,-353646086,1491634340,-24.559089660644531,18.953996658325195,2.4954879283905029,14298,-0.06136750802397728,1.0312951803207397,-353631360,1491627500,-353654670,1491642150,0,0.14028897881507874,82,2.4915003776550293,0.0071972906589508057,-19.510337829589844,14343,111.09157562255859,6.2795443227514625e-05,0.002068251371383667,6.2795443227514625e-05
218704983,218704983,218704,-353646309,1491634550,-24.597333908081055,18.950298309326172,2.4953587055206299,14297,-0.062583960592746735,1.0313094854354858,-353631360,1491627500,-353654670,1491642150,0,0.22755511105060577,133,2.4968137741088867,0.011663958430290222,-18.946063995361328,14345,111.19194030761719,6.2795443227514625e-05,0.0071972906589508057,6.2795443227514625e-05
218804943,218804943,218804,-353646533,1491634760,-24.635763168334961,18.940370559692383,2.4953043460845947,14297,-0.063015595078468323,1.0312947034835815,-353631360,1491627500,-353654670,1491642150,0,0.31022655963897705,181,2.502047061920166,0.015889331698417664,-18.386863708496094,14348,111.27931213378906,6.2795443227514625e-05,0.011663958430290222,6.2795443227514625e-05
218904903,218904903,218904,-353646757,1491634971,-24.684808731079102,18.93238639831543,2.4941122531890869,14290,-0.062499929219484329,1.0313042402267456,-353631360,1491627500,-353654670,1491642150,0,0.392250657081604,229,2.5073912143707275,0.020069003105163574,-17.819587707519531,14350,111.40120697021484,6.2795443227514625e-05,0.015889331698417664,6.2795443227514625e-05
219004863,219004863,219004,-353646981,1491635181,-24.715702056884766,18.927150726318359,2.4933779239654541,14286,-0.060171898454427719,1.0313122272491455,-353631360,1491627500,-353654670,1491642150,0,0.47960284352302551,280,2.5125818252563477,0.024522259831428528,-17.260383605957031,14353,111.47760009765625,6.2795443227514625e-05,0.020069003105163574,6.2795443227514625e-05
219104823,219104823,219104,-353647206,1491635391,-24.747182846069336,18.917945861816406,2.4930069446563721,14283,-0.059347141534090042,1.0312967300415039,-353631360,1491627500,-353654670,1491642150,0,0.56353765726089478,329,2.5177054405212402,0.02879701554775238,-16.706264495849609,14355,111.54710388183594,6.2795443227514625e-05,0.024522259831428528,6.2795443227514625e-05
219204783,219204783,219204,-353647431,1491635601,-24.788543701171875,18.898988723754883,2.4937727451324463,14288,-0.060252882540225983,1.0313025712966919,-353631360,1491627500,-353654670,1491642150,0,0.63897323608398438,373,2.5228283405303955,0.032630696892738342,-16.152145385742188,14358,111.62364196777344,6.2795443227514625e-05,0.02879701554775238,6.2795443227514625e-05
219304743,219304743,219304,-353647655,1491635809,-24.822154998779297,18.87089729309082,2.4944941997528076,14292,-0.060152567923069,1.0313067436218262,-353631360,1491627500,-353654670,1491642150,0,0.7094452977180481,414,2.5277872085571289,0.03621971607208252,-15.609100341796875,14360,111.65847778320312,6.2795443227514625e-05,0.032630696892738342,6.2795443227514625e-05
219404703,219404703,219404,-353647878,1491636016,-24.860980987548828,18.833271026611328,2.4953553676605225,14297,-0.059274904429912567,1.0312975645065308,-353631360,1491627500,-353654670,1491642150,0,0.77239137887954712,451,2.5327057838439941,0.039424583315849304,-15.069061279296875,14363,111.68777465820312,6.2795443227514625e-05,0.03621971607208252,6.2795443227514625e-05
219504663,219504663,219504,-353648101,1491636223,-24.896408081054688,18.791316986083984,2.4954559803009033,14297,-0.057417187839746475,1.0313042402267456,-353631360,1491627500,-353654670,1491642150,0,0.83380782604217529,486,2.5375964641571045,0.042557209730148315,-14.529029846191406,14365,111.69835662841797,6.2795443227514625e-05,0.039424583315849304,6.2795443227514625e-05
219604623,219604623,219604,-353648325,1491636428,-24.925582885742188,18.750789642333984,2.4966316223144531,14304,-0.057190254330635071,1.0313184261322021,-353631360,1491627500,-353654670,1491642150,0,0.89404588937759399,521,2.5422751903533936,0.045635402202606201,-14.010215759277344,14367,111.6944580078125,6.2795443227514625e-05,0.042557209730148315,6.2795443227514625e-05
219704583,219704583,219704,-353648548,1491636633,-24.973691940307617,18.691133499145508,2.4994277954101562,14320,-0.058330480009317398,1.0313050746917725,-353631360,1491627500,-353654670,1491642150,0,0.93878108263015747,547,2.5470118522644043,0.047916434705257416,-13.486351013183594,14369,111.70404052734375,6.2795443227514625e-05,0.045635402202606201,6.2795443227514625e-05
219804543,219804543,219804,-353648771,1491636837,-25.017856597900391,18.632146835327148,2.500065803527832,14324,-0.058080818504095078,1.0313156843185425,-353631360,1491627500,-353654670,1491642150,0,0.98358404636383057,573,2.5516624450683594,0.050204947590827942,-12.970542907714844,14370,111.70439910888672,6.2795443227514625e-05,0.047916434705257416,6.2795443227514625e-05
219904503,219904503,219904,-353648995,1491637041,-25.061208724975586,18.565942764282227,2.5021500587463379,14336,-0.055666469037532806,1.0313098430633545,-353631360,1491627500,-353654670,1491642150,0,1.0236048698425293,596,2.5562477111816406,0.052257388830184937,-12.459823608398438,14372,111.68766021728516,6.2795443227514625e-05,0.050204947590827942,6.2795443227514625e-05
220004463,220004463,220004,-353649219,1491637244,-25.111255645751953,18.501386642456055,2.5037910938262939,14345,-0.054195001721382141,1.0313098430633545,-353631360,1491627500,-353654670,1491642150,0,1.0611629486083984,618,2.560781717300415,0.054173365235328674,-11.957176208496094,14372,111.69443511962891,6.2795443227514625e-05,0.052257388830184937,6.2795443227514625e-05
220104423,220104423,220104,-353649444,1491637446,-25.161417007446289,18.431760787963867,2.5060896873474121,14358,-0.05434051901102066,1.0313093662261963,-353631360,1491627500,-353654670,1491642150,0,1.093477725982666,637,2.5651857852935791,0.055826179683208466,-11.467697143554688,14372,111.69158172607422,6.2795443227514625e-05,0.054173365235328674,6.2795443227514625e-05
220204383,220204383,220204,-353649669,1491637647,-25.206474304199219,18.369667053222656,2.5082023143768311,14370,-0.055529635399580002,1.0313211679458618,-353631360,1491627500,-353654670,1491642150,0,1.130090594291687,658,2.5695171356201172,0.057697921991348267,-10.986274719238281,14371,111.690673828125,6.2795443227514625e-05,0.055826179683208466,6.2795443227514625e-05
220304343,220304343,220304,-353649895,1491637849,-25.261287689208984,18.302408218383789,2.5121698379516602,14393,-0.056856013834476471,1.0313202142715454,-353631360,1491627500,-353654670,1491642150,0,1.1614603996276855,676,2.5738887786865234,0.059292256832122803,-10.501876831054688,14370,111.7078857421875,6.2795443227514625e-05,0.057697921991348267,6.2795443227514625e-05
220405136,220405136,220405,-353650122,1491638049,-25.321018218994141,18.229621887207031,2.5137567520141602,14402,-0.058847695589065552,1.0313127040863037,-353631360,1491627500,-353654670,1491642150,0,1.1845420598983765,689,2.5780696868896484,0.06046072393655777,-10.0386962890625,14367,111.72868347167969,6.2795443227514625e-05,0.059292256832122803,6.2795443227514625e-05
220505096,220505096,220505,-353650353,1491638252,-25.386556625366211,18.176855087280273,2.5146706104278564,14408,-0.059535935521125793,1.0313260555267334,-353631360,1491627500,-353654670,1491642150,0,1.2145570516586304,707,2.5821568965911865,0.061949998140335083,-9.5716094970703125,14363,111.80912017822266,-0.00010855919390451163,0.06046072393655777,6.2795443227514625e-05
220605056,220605056,220605,-353650582,1491638453,-25.451332092285156,18.110454559326172,2.5172557830810547,14422,-0.057380333542823792,1.0313295125961304,-353631360,1491627500,-353654670,1491642150,0,1.2362024784088135,719,2.5861694812774658,0.063026919960975647,-9.1105117797851562,14359,111.85977935791016,-0.00027156621217727661,0.061949998140335083,-0.00010855919390451163
220705016,220705016,220705,-353650814,1491638654,-25.519708633422852,18.046463012695312,2.5190360546112061,14433,-0.056033894419670105,1.0313173532485962,-353631360,1491627500,-353654670,1491642150,0,1.2556396722793579,730,2.590059757232666,0.063980802893638611,-8.6646347045898438,14352,111.92690277099609,-0.00042648595990613103,0.063026919960975647,-0.00027156621217727661
220804976,220804976,220804,-353651045,1491638854,-25.584676742553711,17.982559204101562,2.5211672782897949,14445,-0.054844789206981659,1.0313351154327393,-353631360,1491627500,-353654670,1491642150,0,1.275733470916748,742,2.593919038772583,0.064972229301929474,-8.2217788696289062,14344,111.98519134521484,-0.00057339627528563142,0.063980802893638611,-0.00042648595990613103
220904936,220904936,220904,-353651278,1491639054,-25.659114837646484,17.92213249206543,2.5241262912750244,14462,-0.056456536054611206,1.031335711479187,-353654670,1491642150,-353650090,1491654820,0,-16.074565887451172,-5865,1.5750045776367188,-0.95688951015472412,45.909313201904297,8472,112.07933044433594,-0.00057339627528563142,0.064972229301929474,-0.00057339627528563142
221004896,221004896,221004,-353651511,1491639253,-25.751976013183594,17.834518432617188,2.5244770050048828,14464,-0.057685527950525284,1.0313262939453125,-353654670,1491642150,-353650090,1491654820,0,-16.469409942626953,-5927,1.5445070266723633,-0.99137759208679199,42.8060302734375,8361,112.17317962646484,-0.00057339627528563142,-0.95688951015472412,-0.00057339627528563142
221104856,221104856,221104,-353651746,1491639451,-25.830549240112305,17.76213264465332,2.5159471035003662,14415,-0.057063605636358261,1.0313253402709961,-353654670,1491642150,-353650090,1491654820,0,-16.833972930908203,-5981,1.5143120288848877,-1.0248978137969971,39.686073303222656,8248,112.25753784179688,-0.00057339627528563142,-0.99137759208679199,-0.00057339627528563142
221204816,221204816,221204,-353651980,1491639649,-25.765651702880859,17.873476028442383,2.5066726207733154,14362,-0.056664034724235535,1.0313253402709961,-353654670,1491642150,-353650090,1491654820,0,-17.094282150268555,-6019,1.4847487211227417,-1.0503628253936768,36.576297760009766,8132,112.29290771484375,-0.00057339627528563142,-1.0248978137969971,-0.00057339627528563142
221304776,221304776,221304,-353652211,1491639849,-25.559768676757812,18.159130096435547,2.5044763088226318,14349,-0.058158602565526962,1.0313364267349243,-353654670,1491642150,-353650090,1491654820,0,-17.262222290039062,-6044,1.455859899520874,-1.0680227279663086,33.489692687988281,8015,112.27724456787109,-0.00057339627528563142,-1.0503628253936768,-0.00057339627528563142
221404736,221404736,221404,-353652439,1491640051,-25.269872665405273,18.549518585205078,2.5036754608154297,14345,-0.06076233834028244,1.0313295125961304,-353654670,1491642150,-353650090,1491654820,0,-17.379621505737305,-6061,1.4274547100067139,-1.0809187889099121,30.426259994506836,7897,112.25414276123047,-0.00057339627528563142,-1.0680227279663086,-0.00057339627528563142
221504696,221504696,221504,-353652663,1491640258,-24.921537399291992,19.017179489135742,2.5010190010070801,14329,-0.06263299286365509,1.0313359498977661,-353654670,1491642150,-353650090,1491654820,0,-17.467147827148438,-6073,1.3994059562683105,-1.0903654098510742,27.385141372680664,7778,112.25898742675781,-0.00057339627528563142,-1.0809187889099121,-0.00057339627528563142
221604656,221604656,221604,-353652884,1491640470,-24.513895034790039,19.565500259399414,2.4939851760864258,14289,-0.064053900539875031,1.031335711479187,-353654670,1491642150,-353650090,1491654820,0,-17.530927658081055,-6082,1.3715630769729614,-1.0964243412017822,24.356161117553711,7657,112.31630706787109,-0.00057339627528563142,-1.0903654098510742,-0.00057339627528563142
221704616,221704616,221704,-353653100,1491640689,-23.995948791503906,20.272096633911133,2.478135347366333,14198,-0.061560019850730896,1.0313332080841064,-353654670,1491642150,-353650090,1491654820,0,-17.555538177490234,-6085,1.3439491987228394,-1.0961682796478271,21.352313995361328,7536,112.48877716064453,-0.00057339627528563142,-1.0964243412017822,-0.00057339627528563142
221804576,221804576,221804,-353653311,1491640917,-23.324621200561523,21.184711456298828,2.4535732269287109,14057,-0.054040726274251938,1.0313347578048706,-353654670,1491642150,-353650090,1491654820,0,-17.532745361328125,-6081,1.3164728879928589,-1.0877623558044434,18.366243362426758,7414,112.83403778076172,-0.00057339627528563142,-1.0961682796478271,-0.00057339627528563142
221904536,221904536,221904,-353653515,1491641156,-22.414558410644531,22.312517166137695,2.4159023761749268,13842,-0.041282765567302704,1.031335711479187,-353654670,1491642150,-353650090,1491654820,0,-17.422040939331055,-6064,1.2894690036773682,-1.0690069198608398,15.410942077636719,7292,113.25550842285156,-0.00057339627528563142,-1.0877623558044434,-0.00057339627528563142
222004496,222004496,222004,-353653709,1491641409,-21.169548034667969,23.617378234863281,2.3619723320007324,13533,-0.024615226313471794,1.0313395261764526,-353654670,1491642150,-353650090,1491654820,0,-17.168682098388672,-6027,1.2633073329925537,-1.0382864475250244,12.505908966064453,7169,113.57601165771484,-0.00057339627528563142,-1.0690069198608398,-0.00057339627528563142
222104456,222104456,222104,-353653889,1491641678,-19.479326248168945,25.039556503295898,2.2935097217559814,13140,-0.0065624229609966278,1.0313327312469482,-353654670,1491642150,-353650090,1491654820,0,-16.702007293701172,-5958,1.2384953498840332,-0.99344652891159058,9.6844902038574219,7048,113.60385131835938,-0.00040276156505569816,-1.0382864475250244,-0.00057339627528563142
222204416,222204416,222204,-353654053,1491641961,-17.504755020141602,26.320957183837891,2.2216882705688477,12729,0.0092895571142435074,1.0313454866409302,-353654670,1491642150,-353650090,1491654820,0,-16.071428298950195,-5860,1.2149195671081543,-0.94275933504104614,6.9743990898132324,6930,113.19595336914062,-0.00027950579533353448,-0.99344652891159058,-0.00040276156505569816
222304376,222304376,222304,-353654198,1491642258,-15.508145332336426,27.277645111083984,2.1558849811553955,12352,0.020943531766533852,1.0313329696655273,-353654670,1491642150,-353650090,1491654820,0,-15.384352684020996,-5749,1.1925688982009888,-0.89518535137176514,4.4061660766601562,6815,112.36383056640625,-0.00020109029719606042,-0.94275933504104614,-0.00027950579533353448
222404336,222404336,222404,-353654326,1491642563,-13.748126029968262,27.896465301513672,2.1018826961517334,12042,0.026725033298134804,1.0313456058502197,-353654670,1491642150,-353650090,1491654820,0,-14.777154922485352,-5643,1.171174168586731,-0.85751485824584961,1.981508731842041,6703,111.36947631835938,-0.00016551824228372425,-0.89518535137176514,-0.00020109029719606042
222505129,222505129,222505,-353654441,1491642873,-12.443900108337402,28.248052597045898,2.0639865398406982,11825,0.023561999201774597,1.0313405990600586,-353654670,1491642150,-353650090,1491654820,0,-14.381647109985352,-5571,1.150396466255188,-0.83534431457519531,-0.32924246788024902,6594,110.5361328125,-0.00017147544713225216,-0.85751485824584961,-0.00016551824228372425
222605089,222605089,222605,-353654547,1491643188,-11.614145278930664,28.402902603149414,2.0417940616607666,11698,0.011658686213195324,1.0313533544540405,-353654670,1491642150,-353650090,1491654820,0,-14.214465141296387,-5539,1.1299673318862915,-0.82899010181427002,-2.5667963027954102,6483,109.88513946533203,-0.00021817881497554481,-0.83534431457519531,-0.00017147544713225216
222705049,222705049,222705,-353654648,1491643504,-11.192525863647461,28.391305923461914,2.0326242446899414,11646,-0.0089510576799511909,1.0313433408737183,-353654670,1491642150,-353650090,1491654820,0,-14.23508358001709,-5543,1.1096974611282349,-0.83661586046218872,-4.757143497467041,6372,109.28398895263672,-0.00030523171881213784,-0.82899010181427002,-0.00021817881497554481
222805009,222805009,222805,-353654747,1491643818,-11.057955741882324,28.237173080444336,2.0318732261657715,11641,-0.036347955465316772,1.0313456058502197,-353654670,1491642150,-353650090,1491654820,0,-14.373743057250977,-5571,1.0893491506576538,-0.85469996929168701,-6.9197807312011719,6257,108.59404754638672,-0.00043271019239909947,-0.83661586046218872,-0.00030523171881213784
222904969,222904969,222904,-353654846,1491644131,-11.086984634399414,27.998842239379883,2.0364930629730225,11668,-0.065220795571804047,1.0313464403152466,-353654670,1491642150,-353650090,1491654820,0,-14.573373794555664,-5611,1.0686569213867188,-0.87917560338973999,-9.0787382125854492,6138,107.83802795410156,-0.00060121959540992975,-0.85469996929168701,-0.00043271019239909947
223004929,223004929,223004,-353654946,1491644441,-11.126660346984863,27.739952087402344,2.039726734161377,11686,-0.093310922384262085,1.0313551425933838,-353654670,1491642150,-353650090,1491654820,0,-14.762657165527344,-5651,1.0477632284164429,-0.90449255704879761,-11.236835479736328,6016,107.0294189453125,-0.00060121959540992975,-0.87917560338973999,-0.00060121959540992975
223104889,223104889,223104,-353655047,1491644749,-11.028199195861816,27.55738639831543,2.0353446006774902,11661,-0.11586923152208328,1.0313414335250854,-353654670,1491642150,-353650090,1491654820,0,-14.893091201782227,-5681,1.0265618562698364,-0.92490494251251221,-13.39775276184082,5889,106.29141998291016,-0.00060121959540992975,-0.90449255704879761,-0.00060121959540992975
223204849,223204849,223204,-353655145,1491645055,-10.69948673248291,27.506107330322266,2.0218288898468018,11584,-0.13210473954677582,1.0313241481781006,-353654670,1491642150,-353650090,1491654820,0,-14.933894157409668,-5693,1.0055583715438843,-0.93621349334716797,-15.520782470703125,5760,105.68855285644531,-0.00060121959540992975,-0.92490494251251221,-0.00060121959540992975
223304809,223304809,223304,-353655240,1491645361,-10.120022773742676,27.607358932495117,1.9984605312347412,11450,-0.14099451899528503,1.0313180685043335,-353654670,1491642150,-353650090,1491654820,0,-14.889848709106445,-5689,0.98487883806228638,-0.93727684020996094,-17.61328125,5627,105.29447174072266,-0.00060121959540992975,-0.93621349334716797,-0.00060121959540992975
223404769,223404769,223404,-353655328,1491645669,-9.3051643371582031,27.852207183837891,1.9670038223266602,11270,-0.14245669543743134,1.0312975645065308,-353654670,1491642150,-353650090,1491654820,0,-14.770405769348145,-5668,0.96505606174468994,-0.92817234992980957,-19.641899108886719,5494,105.15738677978516,-0.00060121959540992975,-0.93727684020996094,-0.00060121959540992975
223504729,223504729,223504,-353655407,1491645978,-8.2804574966430664,28.194797515869141,1.9280624389648438,11046,-0.13931144773960114,1.0312879085540771,-353654670,1491642150,-353650090,1491654820,0,-14.57783317565918,-5632,0.94637894630432129,-0.910072922706604,-21.582603454589844,5360,105.22937774658203,-0.00060121959540992975,-0.92817234992980957,-0.00060121959540992975
223604689,223604689,223604,-353655476,1491646290,-7.0942754745483398,28.589950561523438,1.8832641839981079,10790,-0.13379368185997009,1.0312581062316895,-353654670,1491642150,-353650090,1491654820,0,-14.324922561645508,-5584,0.92893540859222412,-0.88508707284927368,-23.432575225830078,5225,105.48506927490234,-0.00060121959540992975,-0.910072922706604,-0.00060121959540992975
223704649,223704649,223704,-353655534,1491646606,-5.741452693939209,29.008012771606445,1.8337584733963013,10506,-0.12472251802682877,1.0312494039535522,-353654670,1491642150,-353650090,1491654820,0,-14.000189781188965,-5519,0.91280531883239746,-0.85339200496673584,-25.185319900512695,5090,105.89244842529297,-0.00060121959540992975,-0.88508707284927368,-0.00060121959540992975
223804609,223804609,223804,-353655578,1491646927,-4.2688655853271484,29.397199630737305,1.7813435792922974,10206,-0.11294735223054886,1.0312327146530151,-353654670,1491642150,-353650090,1491654820,0,-13.60663890838623,-5439,0.89812654256820679,-0.816875159740448,-26.81397819519043,4955,106.37509918212891,-0.00060121959540992975,-0.85339200496673584,-0.00060121959540992975
223904569,223904569,223904,-353655608,1491647250,-2.7042925357818604,29.728387832641602,1.7274657487869263,9897,-0.099200598895549774,1.0312114953994751,-353654670,1491642150,-353650090,1491654820,0,-13.14500617980957,-5341,0.88493597507476807,-0.77657735347747803,-28.307519912719727,4821,106.89650726318359,-0.00060121959540992975,-0.816875159740448,-0.00060121959540992975
224004529,224004529,224004,-353655624,1491647577,-1.1438376903533936,29.964174270629883,1.675803542137146,9601,-0.087500192224979401,1.0312072038650513,-353654670,1491642150,-353650090,1491654820,0,-12.648204803466797,-5231,0.87296104431152344,-0.73599028587341309,-29.673301696777344,4687,107.37945556640625,-0.00060121959540992975,-0.77657735347747803,-0.00060121959540992975
224104489,224104489,224104,-353655627,1491647906,0.29531970620155334,30.101043701171875,1.6296581029891968,9337,-0.078307099640369415,1.0311862230300903,-353654670,1491642150,-353650090,1491654820,0,-12.168877601623535,-5122,0.86207914352416992,-0.6989065408706665,-30.914142608642578,4552,107.79661560058594,-0.00060121959540992975,-0.73599028587341309,-0.00060121959540992975
224204449,224204449,224204,-353655617,1491648236,1.5575785636901855,30.166200637817383,1.5900928974151611,9110,-0.072676539421081543,1.0311712026596069,-353654670,1491642150,-353650090,1491654820,0,-11.738879203796387,-5019,0.85236138105392456,-0.66684752702713013,-32.026363372802734,4417,108.16865539550781,-0.00060121959540992975,-0.6989065408706665,-0.00060121959540992975
224304409,224304409,224304,-353655598,1491648566,2.6800625324249268,30.165386199951172,1.5541887283325195,8904,-0.06946311891078949,1.0311735868453979,-353654670,1491642150,-353650090,1491654820,0,-11.346583366394043,-4923,0.8432919979095459,-0.63889133930206299,-33.046989440917969,4280,108.44734191894531,-0.00060121959540992975,-0.66684752702713013,-0.00060121959540992975
224404369,224404369,224404,-353655569,1491648896,3.640507698059082,30.119840621948242,1.5243653059005737,8733,-0.069720186293125153,1.0311589241027832,-353654670,1491642150,-353650090,1491654820,0,-11.006620407104492,-4836,0.83497929573059082,-0.61553305387496948,-33.965854644775391,4141,108.64373779296875,-0.00060121959540992975,-0.63889133930206299,-0.00060121959540992975
224504329,224504329,224504,-353655532,1491649226,4.4676995277404785,30.041452407836914,1.4973363876342773,8579,-0.072213694453239441,1.0311497449874878,-353654670,1491642150,-353650090,1491654820,0,-10.711179733276367,-4759,0.82721853256225586,-0.59594202041625977,-34.803298950195312,3997,108.76118469238281,-0.00060121959540992975,-0.61553305387496948,-0.00060121959540992975
224605122,224605122,224605,-353655488,1491649555,5.1762194633483887,29.948770523071289,1.4740123748779297,8445,-0.077969036996364594,1.0311497449874878,-353654670,1491642150,-353650090,1491654820,0,-10.458930969238281,-4693,0.82004761695861816,-0.57960379123687744,-35.565826416015625,3850,108.83619689941406,-0.00060121959540992975,-0.59594202041625977,-0.00060121959540992975
224705082,224705082,224705,-353655438,1491649888,5.7878875732421875,29.851821899414062,1.454498291015625,8333,-0.08425150066614151,1.0311328172683716,-353654670,1491642150,-353650090,1491654820,0,-10.246216773986816,-4635,0.81325030326843262,-0.56603503227233887,-36.282012939453125,3695,108.88972473144531,-0.00060121959540992975,-0.57960379123687744,-0.00060121959540992975
224805042,224805042,224805,-353655383,1491650217,6.3059430122375488,29.747894287109375,1.4375827312469482,8236,-0.092818930745124817,1.0311353206634521,-353654670,1491642150,-353650090,1491654820,0,-10.067852973937988,-4587,0.80692017078399658,-0.55498886108398438,-36.932594299316406,3535,108.89391326904297,-0.00060121959540992975,-0.56603503227233887,-0.00060121959540992975
224905002,224905002,224905,-353655324,1491650547,6.7732205390930176,29.638910293579102,1.4209991693496704,8141,-0.1024809256196022,1.0311150550842285,-353654670,1491642150,-353650090,1491654820,0,-9.9077434539794922,-4544,0.80085253715515137,-0.54527711868286133,-37.546154022216797,3366,108.8726806640625,-0.00060121959540992975,-0.55498886108398438,-0.00060121959540992975
225004962,225004962,225004,-353655260,1491650875,7.2646260261535645,29.514104843139648,1.4024832248687744,8035,-0.11028365790843964,1.0311157703399658,-353654670,1491642150,-353650090,1491654820,0,-9.7226495742797852,-4492,0.79531526565551758,-0.53413784503936768,-38.101463317871094,3190,108.84415435791016,-0.00060121959540992975,-0.54527711868286133,-0.00060121959540992975
225104922,225104922,225104,-353655192,1491651203,7.8148155212402344,29.376852035522461,1.3834091424942017,7926,-0.11502349376678467,1.0310913324356079,-353654670,1491642150,-353650090,1491654820,0,-9.498530387878418,-4427,0.79030704498291016,-0.52049118280410767,-38.616069793701172,3003,108.85673522949219,-0.00060121959540992975,-0.53413784503936768,-0.00060121959540992975
225204882,225204882,225204,-353655119,1491651528,8.3787622451782227,29.231954574584961,1.3639047145843506,7814,-0.11941425502300262,1.0310896635055542,-353654670,1491642150,-353650090,1491654820,0,-9.2549619674682617,-4354,0.78598850965499878,-0.50566154718399048,-39.068763732910156,2810,108.89442443847656,-0.00060121959540992975,-0.52049118280410767,-0.00060121959540992975
225304842,225304842,225304,-353655041,1491651852,8.952366828918457,29.077659606933594,1.3434357643127441,7697,-0.12292599678039551,1.0310834646224976,-353654670,1491642150,-353650090,1491654820,0,-8.9942903518676758,-4274,0.78226721286773682,-0.48986077308654785,-39.466880798339844,2605,108.95001220703125,-0.00060121959540992975,-0.50566154718399048,-0.00060121959540992975
225404802,225404802,225404,-353654957,1491652174,9.5956754684448242,28.905576705932617,1.3197857141494751,7561,-0.1235223114490509,1.0310553312301636,-353654670,1491642150,-353650090,1491654820,0,-8.681065559387207,-4173,0.77943187952041626,-0.47084477543830872,-39.796588897705078,2391,109.06495666503906,-0.00060121959540992975,-0.48986077308654785,-0.00060121959540992975
225504762,225504762,225504,-353654869,1491652491,10.267369270324707,28.705278396606445,1.2961968183517456,7426,-0.12254340946674347,1.0310418605804443,-353654670,1491642150,-353650090,1491654820,0,-8.3343048095703125,-4057,0.7771487832069397,-0.45014530420303345,-40.067195892333984,2167,109.17087554931641,-0.00060121959540992975,-0.47084477543830872,-0.00060121959540992975
225604722,225604722,225604,-353654774,1491652805,10.953776359558105,28.483884811401367,1.2717760801315308,7286,-0.12042701989412308,1.031043529510498,-353654670,1491642150,-353650090,1491654820,0,-7.9579892158508301,-3926,0.77569949626922607,-0.42797082662582397,-40.255523681640625,1933,109.28269958496094,-0.00060121959540992975,-0.45014530420303345,-0.00060121959540992975
225704682,225704682,225704,-353654673,1491653115,11.606575965881348,28.258783340454102,1.2492271661758423,7157,-0.11804136633872986,1.0310219526290894,-353654670,1491642150,-353650090,1491654820,0,-7.582007884979248,-3790,0.77500784397125244,-0.40607109665870667,-40.368076324462891,1688,109.39731597900391,-0.00060121959540992975,-0.42797082662582397,-0.00060121959540992975
225804642,225804642,225804,-353654567,1491653423,12.221715927124023,28.022878646850586,1.2269690036773682,7030,-0.11616051942110062,1.0310075283050537,-353654670,1491642150,-353650090,1491654820,0,-7.2099509239196777,-3650,0.77476739883422852,-0.38476604223251343,-40.422393798828125,1428,109.47821044921875,-0.00060121959540992975,-0.40607109665870667,-0.00060121959540992975
225904602,225904602,225904,-353654456,1491653728,12.801417350769043,27.780296325683594,1.2055046558380127,6907,-0.11397276073694229,1.0310037136077881,-353654670,1491642150,-353650090,1491654820,0,-6.8411960601806641,-3507,0.7750478982925415,-0.36394202709197998,-40.414787292480469,1153,109.53494262695312,-0.00060121959540992975,-0.38476604223251343,-0.00060121959540992975
226004562,226004562,226004,-353654340,1491654029,13.329867362976074,27.537788391113281,1.1852743625640869,6791,-0.113485187292099,1.0309762954711914,-353654670,1491642150,-353650090,1491654820,0,-6.4854836463928223,-3364,0.77585029602050781,-0.34413379430770874,-40.341579437255859,863,109.55800628662109,-0.00060121959540992975,-0.36394202709197998,-0.00060121959540992975
226104522,226104522,226104,-353654220,1491654329,13.802459716796875,27.304290771484375,1.1667813062667847,6685,-0.1137591078877449,1.0309755802154541,-353654670,1491642150,-353650090,1491654820,0,-6.1517233848571777,-3226,0.777008056640625,-0.32574629783630371,-40.223991394042969,554,109.55900573730469,-0.00060121959540992975,-0.34413379430770874,-0.00060121959540992975
226204482,226204482,226204,-353654095,1491654626,14.205072402954102,27.084573745727539,1.1510781049728394,6595,-0.11671046912670135,1.0309629440307617,-353654670,1491642150,-353650090,1491654820,0,-5.8462843894958496,-3097,0.77862745523452759,-0.30913668870925903,-40.044479370117188,226,109.51955413818359,-0.00060121959540992975,-0.32574629783630371,-0.00060121959540992975
226304442,226304442,226304,-353653967,1491654920,14.524170875549316,26.898839950561523,1.1369187831878662,6514,-0.12244673818349838,1.0309484004974365,-353654670,1491642150,-353650090,1491654820,0,-5.5858688354492188,-2985,0.78061592578887939,-0.29508179426193237,-39.823402404785156,35879,109.46924591064453,-0.00060121959540992975,-0.30913668870925903,-0.00060121959540992975
226404402,226404402,226404,-353653837,1491655214,14.813667297363281,26.723154067993164,1.1234604120254517,6436,-0.12795267999172211,1.0309474468231201,-353654670,1491642150,-353650090,1491654820,0,-5.339360237121582,-2876,0.78278994560241699,-0.28183853626251221,-39.58197021484375,35510,109.41490936279297,-0.00060121959540992975,-0.29508179426193237,-0.00060121959540992975
226504362,226504362,226504,-353653704,1491655505,15.094095230102539,26.530899047851562,1.1103565692901611,6361,-0.13265144824981689,1.0309356451034546,-353650090,1491654820,-353608912,1491649380,0,-17.722890853881836,-6125,-0.12509489059448242,-1.1786345243453979,-1.8732032775878906,35364,109.30636596679688,-0.00063548190519213676,-0.28183853626251221,-0.00060121959540992975
226604322,226604322,226604,-353653569,1491655794,15.286057472229004,26.318147659301758,1.0972670316696167,6286,-0.13980336487293243,1.0309115648269653,-353650090,1491654820,-353609000,1491649392,0,-17.790321350097656,-6137,-0.15064716339111328,-1.195248007774353,-4.6428647041320801,35332,108.98845672607422,-0.00072067277505993843,-1.1786345243453979,-0.00063548190519213676
226705115,226705115,226705,-353653432,1491656083,15.372977256774902,26.048152923583984,1.078729510307312,6180,-0.15701659023761749,1.030907154083252,-353650090,1491654820,-353609071,1491649401,0,-17.809507369995117,-6145,-0.17668676376342773,-1.2143189907073975,-7.4143295288085938,35300,108.31135559082031,-0.00085768767166882753,-1.195248007774353,-0.00072067277505993843
226805075,226805075,226805,-353653295,1491656367,15.466496467590332,25.630765914916992,1.0646686553955078,6100,-0.18050564825534821,1.0308828353881836,-353650090,1491654820,-353609123,1491649408,0,-17.732297897338867,-6145,-0.20291805267333984,-1.2307733297348022,-10.141054153442383,35268,107.19949340820312,-0.00085768767166882753,-1.2143189907073975,-0.00085768767166882753
226905035,226905035,226905,-353653156,1491656647,15.545185089111328,25.089408874511719,1.060455322265625,6075,-0.20214314758777618,1.030867338180542,-353650090,1491654820,-353609158,1491649412,0,-17.575225830078125,-6133,-0.22991275787353516,-1.2460081577301025,-12.833523750305176,35236,105.69257354736328,-0.00085768767166882753,-1.2307733297348022,-0.00085768767166882753
227004995,227004995,227004,-353653016,1491656921,15.607245445251465,24.451360702514648,1.0603636503219604,6075,-0.21580588817596436,1.0308442115783691,-353650090,1491654820,-353609176,1491649415,0,-17.355123519897461,-6110,-0.25769758224487305,-1.2603892087936401,-15.473909378051758,35205,103.876708984375,-0.00085768767166882753,-1.2460081577301025,-0.00085768767166882753
227104955,227104955,227104,-353652875,1491657188,15.824787139892578,23.756441116333008,1.0495401620864868,6013,-0.21789506077766418,1.030829906463623,-353650090,1491654820,-353609178,1491649415,0,-17.12385368347168,-6078,-0.28571367263793945,-1.2688815593719482,-18.051698684692383,35175,102.21771240234375,-0.00085768767166882753,-1.2603892087936401,-0.00085768767166882753
227204915,227204915,227204,-353652730,1491657447,16.480928421020508,22.908031463623047,1.0139191150665283,5809,-0.20920510590076447,1.0308034420013428,-353650090,1491654820,-353609167,1491649414,0,-16.883172988891602,-6039,-0.31307744979858398,-1.2602206468582153,-20.562517166137695,35145,101.057373046875,-0.00085768767166882753,-1.2688815593719482,-0.00085768767166882753
227304875,227304875,227304,-353652576,1491657695,17.70179557800293,21.770950317382812,0.95143425464630127,5451,-0.19311869144439697,1.0307884216308594,-353650090,1491654820,-353609150,1491649411,0,-16.599100112915039,-5989,-0.33897304534912109,-1.2270960807800293,-22.984043121337891,35116,100.48020172119141,-0.00085768767166882753,-1.2602206468582153,-0.00085768767166882753
227404835,227404835,227404,-353652409,1491657928,19.251276016235352,20.270603179931641,0.87140542268753052,4992,-0.17287948727607727,1.0307497978210449,-353650090,1491654820,-353609132,1491649409,0,-16.205104827880859,-5919,-0.36353683471679688,-1.1747207641601562,-25.286365509033203,35088,100.10820770263672,-0.00085768767166882753,-1.2270960807800293,-0.00085768767166882753
227504795,227504795,227504,-353652228,1491658141,20.837911605834961,18.504678726196289,0.78540927171707153,4500,-0.15204951167106628,1.0307161808013916,-353650090,1491654820,-353609117,1491649407,0,-15.705041885375977,-5831,-0.38656997680664062,-1.11273193359375,-27.424642562866211,35062,99.795974731445312,-0.00085768767166882753,-1.1747207641601562,-0.00085768767166882753
227604755,227604755,227604,-353652034,1491658334,22.255329132080078,16.708124160766602,0.70481204986572266,4038,-0.13342688977718353,1.0307042598724365,-353650090,1491654820,-353609105,1491649405,0,-15.181421279907227,-5737,-0.40763664245605469,-1.051615834236145,-29.397710800170898,35037,99.655776977539062,-0.00085768767166882753,-1.11273193359375,-0.00085768767166882753
227704715,227704715,227704,-353651829,1491658507,23.418989181518555,15.086862564086914,0.63646674156188965,3646,-0.11896476894617081,1.0306684970855713,-353650090,1491654820,-353609094,1491649404,0,-14.715634346008301,-5650,-0.42631196975708008,-0.99860954284667969,-31.20380973815918,35015,99.758750915527344,-0.00085768767166882753,-1.051615834236145,-0.00085768767166882753
227804675,227804675,227804,-353651614,1491658663,24.356681823730469,13.747832298278809,0.58253532648086548,3337,-0.11120064556598663,1.0306521654129028,-353650090,1491654820,-353609083,1491649403,0,-14.359506607055664,-5583,-0.44253969192504883,-0.95639985799789429,-32.868358612060547,34993,100.15570831298828,-0.00085768767166882753,-0.99860954284667969,-0.00085768767166882753
227904635,227904635,227904,-353651392,1491658806,25.134120941162109,12.733340263366699,0.54130369424819946,3101,-0.11065421253442764,1.0306422710418701,-353650090,1491654820,-353609066,1491649400,0,-14.141147613525391,-5542,-0.45635414123535156,-0.92528045177459717,-34.423450469970703,34973,100.89628601074219,-0.00085768767166882753,-0.95639985799789429,-0.00085768767166882753
228004595,228004595,228004,-353651164,1491658940,25.834079742431641,11.991170883178711,0.5098692774772644,2921,-0.11531756073236465,1.0306309461593628,-353650090,1491654820,-353609041,1491649397,0,-14.045637130737305,-5525,-0.46792793273925781,-0.90249550342559814,-35.904865264892578,34953,101.99136352539062,-0.00085768767166882753,-0.92528045177459717,-0.00085768767166882753
228104555,228104555,228104,-353650929,1491659067,26.48638916015625,11.41651439666748,0.48408415913581848,2773,-0.12255292385816574,1.0306199789047241,-353650090,1491654820,-353609004,1491649392,0,-14.024561882019043,-5523,-0.47800111770629883,-0.88497078418731689,-37.331310272216797,34934,103.28310394287109,-0.00085768767166882753,-0.90249550342559814,-0.00085768767166882753
228204515,228204515,228204,-353650689,1491659188,27.089534759521484,10.961709976196289,0.4625588059425354,2650,-0.13263767957687378,1.0305958986282349,-353650090,1491654820,-353608956,1491649386,0,-14.053024291992188,-5532,-0.48707962036132812,-0.87158608436584473,-38.709674835205078,34916,104.64828491210938,-0.00085768767166882753,-0.88497078418731689,-0.00085768767166882753
228304475,228304475,228304,-353650444,1491659306,27.664070129394531,10.523318290710449,0.4402795135974884,2522,-0.14309526979923248,1.0305819511413574,-353650090,1491654820,-353608893,1491649377,0,-14.085591316223145,-5542,-0.4958491325378418,-0.85934275388717651,-40.066715240478516,34897,105.99000549316406,-0.00085768767166882753,-0.87158608436584473,-0.00085768767166882753
228404435,228404435,228404,-353650193,1491659418,28.24199104309082,9.9979181289672852,0.41503033041954041,2377,-0.15193194150924683,1.0305767059326172,-353650090,1491654820,-353608818,1491649368,0,-14.071780204772949,-5543,-0.50411128997802734,-0.8443533182144165,-41.377010345458984,34880,107.28437042236328,-0.00085768767166882753,-0.85934275388717651,-0.00085768767166882753
228504395,228504395,228504,-353649937,1491659524,28.840028762817383,9.3375720977783203,0.38666510581970215,2215,-0.15519614517688751,1.030553936958313,-353650090,1491654820,-353608731,1491649356,0,-13.9903564453125,-5529,-0.51184463500976562,-0.82496488094329834,-42.638938903808594,34862,108.55396270751953,-0.00085768767166882753,-0.8443533182144165,-0.00085768767166882753
228604355,228604355,228604,-353649675,1491659622,29.472024917602539,8.458104133605957,0.34981805086135864,2004,-0.15173299610614777,1.0305206775665283,-353650090,1491654820,-353608632,1491649343,0,-13.797789573669434,-5490,-0.51886367797851562,-0.79834020137786865,-43.835865020751953,34846,109.79913330078125,-0.00085768767166882753,-0.82496488094329834,-0.00085768767166882753
228704315,228704315,228704,-353649408,1491659708,30.154285430908203,7.2388744354248047,0.30346217751502991,1738,-0.14013363420963287,1.0305048227310181,-353650090,1491654820,-353608527,1491649329,0,-13.428041458129883,-5412,-0.5247197151184082,-0.76032257080078125,-44.930454254150391,34830,111.04998016357422,-0.00085768767166882753,-0.79834020137786865,-0.00085768767166882753
228805108,228805108,228805,-353649132,1491659780,30.824121475219727,5.6642203330993652,0.24706742167472839,1415,-0.12206336110830307,1.030481219291687,-353650090,1491654820,-353608415,1491649314,0,-12.855855941772461,-5286,-0.52962017059326172,-0.71135193109512329,-45.909439086914062,34816,112.22892761230469,-0.00085768767166882753,-0.76032257080078125,-0.00085768767166882753
228905068,228905068,228905,-353648850,1491659832,31.417095184326172,3.8397707939147949,0.18473890423774719,1058,-0.099757201969623566,1.0304651260375977,-353650090,1491654820,-353608301,1491649299,0,-12.108360290527344,-5113,-0.53301095962524414,-0.65462696552276611,-46.715049743652344,34804,113.34133911132812,-0.00085768767166882753,-0.71135193109512329,-0.00085768767166882753
229005028,229005028,229005,-353648563,1491659863,31.866115570068359,1.8270617723464966,0.12086492031812668,692,-0.074048355221748352,1.0304564237594604,-353650090,1491654820,-353608186,1491649284,0,-11.198779106140137,-4886,-0.53518867492675781,-0.59246146678924561,-47.3370361328125,34794,114.29954528808594,-0.00085768767166882753,-0.65462696552276611,-0.00085768767166882753
229104988,229104988,229104,-353648272,1491659870,32.129379272460938,-0.21055504679679871,0.058891404420137405,337,-0.046863868832588196,1.0304393768310547,-353650090,1491654820,-353608072,1491649269,0,-10.197900772094727,-4615,-0.53610754013061523,-0.52955424785614014,-47.747211456298828,34786,115.05734252929688,-0.00085768767166882753,-0.59246146678924561,-0.00085768767166882753
229204948,229204948,229204,-353647980,1491659856,32.214202880859375,-2.1305916309356689,0.0015634080627933145,8,-0.024797845631837845,1.0304323434829712,-353650090,1491654820,-353607957,1491649254,0,-9.1865625381469727,-4313,-0.53602886199951172,-0.46998694539070129,-47.968967437744141,34781,115.61065673828125,-0.00085768767166882753,-0.52955424785614014,-0.00085768767166882753
229304908,229304908,229304,-353647687,1491659822,32.187557220458984,-3.6998612880706787,-0.042244229465723038,35758,-0.011205376125872135,1.030439019203186,-353650090,1491654820,-353607840,1491649238,0,-8.3079710006713867,-4027,-0.53482723236083984,-0.42038238048553467,-48.011692047119141,34778,116.02217864990234,-0.00085768767166882753,-0.46998694539070129,-0.00085768767166882753
229404868,229404868,229404,-353647396,1491659773,32.127231597900391,-4.8288559913635254,-0.071008026599884033,35594,-0.0060819885693490505,1.0304267406463623,-353650090,1491654820,-353607720,1491649223,0,-7.6375083923339844,-3791,-0.5326690673828125,-0.38348165154457092,-47.916049957275391,34777,116.33946990966797,-0.00085768767166882753,-0.42038238048553467,-0.00085768767166882753
229504828,229504828,229504,-353647104,1491659715,32.111782073974609,-5.4167113304138184,-0.08368866890668869,35521,-0.015364839695394039,1.0304402112960815,-353650090,1491654820,-353607591,1491649205,0,-7.2627997398376465,-3652,-0.52997064590454102,-0.36286082863807678,-47.741237640380859,34776,116.61636352539062,-0.00085768767166882753,-0.38348165154457092,-0.00085768767166882753
229604788,229604788,229604,-353646813,1491659654,32.107173919677734,-5.5565986633300781,-0.086280263960361481,35506,-0.035274200141429901,1.0304402112960815,-353650090,1491654820,-353607451,1491649187,0,-7.1435966491699219,-3608,-0.5277857780456543,-0.3564191460609436,-47.537406921386719,34776,116.68447113037109,-0.00085768767166882753,-0.36286082863807678,-0.00085768767166882753
229704748,229704748,229704,-353646525,1491659593,32.037872314453125,-5.4723811149597168,-0.087275996804237366,35500,-0.062084950506687164,1.0304298400878906,-353650090,1491654820,-353607300,1491649167,0,-7.1518120765686035,-3615,-0.52697181701660156,-0.35779461264610291,-47.330291748046875,34777,116.3887939453125,-0.00085768767166882753,-0.3564191460609436,-0.00085768767166882753
229804708,229804708,229804,-353646238,1491659535,31.871583938598633,-5.3198909759521484,-0.088108457624912262,35496,-0.090003810822963715,1.0304303169250488,-353650090,1491654820,-353607136,1491649145,0,-7.1992173194885254,-3639,-0.52787446975708008,-0.36248260736465454,-47.149276733398438,34777,115.71070861816406,-0.00085768767166882753,-0.35779461264610291,-0.00085768767166882753
229904668,229904668,229904,-353645954,1491659480,31.590812683105469,-5.1864299774169922,-0.091271467506885529,35478,-0.1157483235001564,1.0304349660873413,-353650090,1491654820,-353606963,1491649122,0,-7.2328109741210938,-3659,-0.53053760528564453,-0.36781379580497742,-46.991645812988281,34778,114.64071655273438,-0.00085768767166882753,-0.36248260736465454,-0.00085768767166882753
230004628,230004628,230004,-353645674,1491659425,31.192886352539062,-5.1042819023132324,-0.095279194414615631,35455,-0.14017693698406219,1.0304279327392578,-353650090,1491654820,-353606784,1491649099,0,-7.2282910346984863,-3666,-0.53472232818603516,-0.37252369523048401,-46.82861328125,34778,113.18692779541016,-0.00085768767166882753,-0.36781379580497742,-0.00085768767166882753
230104588,230104588,230104,-353645398,1491659372,30.69000244140625,-5.0688939094543457,-0.099215038120746613,35432,-0.16134883463382721,1.0304166078567505,-353650090,1491654820,-353606599,1491649074,0,-7.1934685707092285,-3661,-0.54060697555541992,-0.37692052125930786,-46.679847717285156,34779,111.38939666748047,-0.00085768767166882753,-0.37252369523048401,-0.00085768767166882753
230204548,230204548,230204,-353645127,1491659319,30.091299057006836,-5.0433893203735352,-0.101983942091465,35416,-0.18240945041179657,1.0303928852081299,-353650090,1491654820,-353606411,1491649050,0,-7.145841121673584,-3653,-0.54802942276000977,-0.38197013735771179,-46.523880004882812,34779,109.25952911376953,-0.00085768767166882753,-0.37692052125930786,-0.00085768767166882753
230304508,230304508,230304,-353644863,1491659267,29.427352905273438,-5.0194954872131348,-0.10398171097040176,35405,-0.20234347879886627,1.0303728580474854,-353650090,1491654820,-353606222,1491649025,0,-7.0944552421569824,-3644,-0.55683422088623047,-0.38788759708404541,-46.369354248046875,34780,106.90095520019531,-0.00085768767166882753,-0.38197013735771179,-0.00085768767166882753
230404468,230404468,230404,-353644604,1491659215,28.791904449462891,-4.9944596290588379,-0.10538599640130997,35397,-0.22235137224197388,1.0303565263748169,-353650090,1491654820,-353606032,1491648999,0,-7.0450701713562012,-3637,-0.56556320190429688,-0.39380490779876709,-46.209766387939453,34781,104.64316558837891,-0.00085768767166882753,-0.38788759708404541,-0.00085768767166882753
230504428,230504428,230504,-353644350,1491659163,28.246057510375977,-4.9765105247497559,-0.10712000727653503,35387,-0.24273116886615753,1.0303415060043335,-353650090,1491654820,-353605842,1491648974,0,-6.9953036308288574,-3631,-0.57304811477661133,-0.39865374565124512,-46.043239593505859,34782,102.70662689208984,-0.00085768767166882753,-0.39380490779876709,-0.00085768767166882753
230604388,230604388,230604,-353644101,1491659111,27.83062744140625,-4.994652271270752,-0.11047158390283585,35368,-0.2612055242061615,1.030300498008728,-353650090,1491654820,-353605651,1491648949,0,-6.9308872222900391,-3618,-0.57834148406982422,-0.40076595544815063,-45.870571136474609,34784,101.25332641601562,-0.00085768767166882753,-0.39865374565124512,-0.00085768767166882753
230704348,230704348,230704,-353643854,1491659059,27.561122894287109,-5.1181588172912598,-0.11830862611532211,35323,-0.27522957324981689,1.0302808284759521,-353650090,1491654820,-353605458,1491648924,0,-6.8129396438598633,-3582,-0.58077859878540039,-0.3971678614616394,-45.695194244384766,34785,100.38336944580078,-0.00085768767166882753,-0.40076595544815063,-0.00085768767166882753
230805141,230805141,230805,-353643609,1491659005,27.411869049072266,-5.3619518280029297,-0.12979163229465485,35257,-0.28409397602081299,1.0302530527114868,-353650090,1491654820,-353605265,1491648898,0,-6.6280832290649414,-3514,-0.58045005798339844,-0.38728195428848267,-45.500553131103516,34787,100.02183532714844,-0.00085768767166882753,-0.3971678614616394,-0.00085768767166882753
230905101,230905101,230905,-353643361,1491658946,27.345388412475586,-5.7367424964904785,-0.14597702026367188,35164,-0.28678631782531738,1.0302149057388306,-353650090,1491654820,-353605067,1491648872,0,-6.361971378326416,-3407,-0.57761955261230469,-0.37083002924919128,-45.263568878173828,34789,100.05513000488281,-0.00085768767166882753,-0.38728195428848267,-0.00085768767166882753
231005061,231005061,231005,-353643114,1491658882,27.314020156860352,-6.259824275970459,-0.16811694204807281,35037,-0.28228938579559326,1.0301727056503296,-353650090,1491654820,-353604869,1491648846,0,-5.9991517066955566,-3249,-0.57298088073730469,-0.34769171476364136,-44.980255126953125,34792,100.34695434570312,-0.00085768767166882753,-0.37083002924919128,-0.00085768767166882753
231105021,231105021,231105,-353642867,1491658811,27.298822402954102,-6.9605135917663574,-0.19648797810077667,34875,-0.26862156391143799,1.0301443338394165,-353650090,1491654820,-353604671,1491648820,0,-5.5147218704223633,-3025,-0.56647539138793945,-0.31681987643241882,-44.633743286132812,34796,100.88436889648438,-0.00085768767166882753,-0.34769171476364136,-0.00085768767166882753
231204981,231204981,231204,-353642621,1491658731,27.278337478637695,-7.8034939765930176,-0.226390540599823,34703,-0.24791544675827026,1.0301152467727661,-353650090,1491654820,-353604473,1491648793,0,-4.9215049743652344,-2736,-0.55833101272583008,-0.27970302104949951,-44.206188201904297,34801,101.60175323486328,-0.00085768767166882753,-0.31681987643241882,-0.00085768767166882753
231304941,231304941,231304,-353642373,1491658641,27.248218536376953,-8.6586675643920898,-0.25426256656646729,34544,-0.22614829242229462,1.0300866365432739,-353650090,1491654820,-353604273,1491648767,0,-4.2939496040344238,-2419,-0.54904413223266602,-0.24136525392532349,-43.689018249511719,34807,102.38352966308594,-0.00085768767166882753,-0.27970302104949951,-0.00085768767166882753
231404901,231404901,231404,-353642127,1491658542,27.217058181762695,-9.4111518859863281,-0.27737700939178467,34411,-0.20811451971530914,1.0300421714782715,-353650090,1491654820,-353604075,1491648741,0,-3.7067670822143555,-2112,-0.53922891616821289,-0.20631706714630127,-43.088592529296875,34814,103.12606811523438,-0.00085768767166882753,-0.24136525392532349,-0.00085768767166882753
231504861,231504861,231504,-353641880,1491658435,27.204135894775391,-10.012943267822266,-0.29593607783317566,34305,-0.19727927446365356,1.0300232172012329,-353650090,1491654820,-353603874,1491648714,0,-3.1972880363464355,-1839,-0.52913379669189453,-0.17645527422428131,-42.418052673339844,34822,103.80686187744141,-0.00085768767166882753,-0.20631706714630127,-0.00085768767166882753
231604821,231604821,231604,-353641633,1491658323,27.206317901611328,-10.427839279174805,-0.30951020121574402,34227,-0.19486114382743835,1.0300014019012451,-353650090,1491654820,-353603672,1491648688,0,-2.7958235740661621,-1620,-0.51933622360229492,-0.15331989526748657,-41.700653076171875,34831,104.336669921875,-0.00085768767166882753,-0.17645527422428131,-0.00085768767166882753
231704781,231704781,231704,-353641388,1491658207,27.210521697998047,-10.652402877807617,-0.31852242350578308,34176,-0.20099641382694244,1.0299872159957886,-353650090,1491654820,-353603470,1491648661,0,-2.5090596675872803,-1463,-0.51022672653198242,-0.13708573579788208,-40.946311950683594,34840,104.64118957519531,-0.00085768767166882753,-0.15331989526748657,-0.00085768767166882753
231804741,231804741,231804,-353641144,1491658091,27.210372924804688,-10.757951736450195,-0.3260701596736908,34132,-0.21060127019882202,1.0299502611160278,-353650090,1491654820,-353603266,1491648634,0,-2.298306941986084,-1347,-0.50184297561645508,-0.1253412663936615,-40.190372467041016,34849,104.77906799316406,-0.00085768767166882753,-0.13708573579788208,-0.00085768767166882753
231904701,231904701,231904,-353640900,1491657974,27.182781219482422,-10.789708137512207,-0.33461913466453552,34083,-0.22278858721256256,1.0299276113510132,-353650090,1491654820,-353603059,1491648607,0,-2.1317894458770752,-1256,-0.49413156509399414,-0.11627298593521118,-39.424736022949219,34859,104.72909545898438,-0.00085768767166882753,-0.1253412663936615,-0.00085768767166882753
232004661,232004661,232004,-353640657,1491657857,27.097841262817383,-10.799044609069824,-0.34283286333084106,34036,-0.23234233260154724,1.0299077033996582,-353650090,1491654820,-353602851,1491648579,0,-1.9767494201660156,-1170,-0.48729276657104492,-0.10806247591972351,-38.659393310546875,34868,104.45881652832031,-0.00085768767166882753,-0.11627298593521118,-0.00085768767166882753
232104621,232104621,232104,-353640416,1491657740,26.937717437744141,-10.805623054504395,-0.35224279761314392,33982,-0.23880632221698761,1.0298855304718018,-353650090,1491654820,-353602642,1491648552,0,-1.8177337646484375,-1080,-0.48132514953613281,-0.099841833114624023,-37.889694213867188,34878,103.93514251708984,-0.00085768767166882753,-0.10806247591972351,-0.00085768767166882753
232204581,232204581,232204,-353640176,1491657623,26.687366485595703,-10.794707298278809,-0.35954466462135315,33940,-0.24441753327846527,1.0298547744750977,-353650090,1491654820,-353602432,1491648524,0,-1.6646933555603027,-992,-0.4765324592590332,-0.092163711786270142,-37.120323181152344,34888,103.08895874023438,-0.00085768767166882753,-0.099841833114624023,-0.00085768767166882753
232304541,232304541,232304,-353639939,1491657507,26.375097274780273,-10.766833305358887,-0.36560267210006714,33906,-0.25017610192298889,1.0298358201980591,-353650090,1491654820,-353602222,1491648496,0,-1.519688606262207,-908,-0.47257518768310547,-0.085003107786178589,-36.356422424316406,34897,102.01541137695312,-0.00085768767166882753,-0.092163711786270142,-0.00085768767166882753
232404501,232404501,232404,-353639705,1491657390,26.066034317016602,-10.731403350830078,-0.36975497007369995,33882,-0.25775313377380371,1.0298038721084595,-353650090,1491654820,-353602014,1491648469,0,-1.3769505023956299,-826,-0.46837425231933594,-0.077821999788284302,-35.578548431396484,34907,100.94325256347656,-0.00085768767166882753,-0.085003107786178589,-0.00085768767166882753
232504461,232504461,232504,-353639473,1491657274,25.803693771362305,-10.700814247131348,-0.37323153018951416,33862,-0.26681482791900635,1.0297762155532837,-353650090,1491654820,-353601806,1491648441,0,-1.2360355854034424,-744,-0.46359539031982422,-0.070480555295944214,-34.8092041015625,34917,100.03318023681641,-0.00085768767166882753,-0.077821999788284302,-0.00085768767166882753
232604421,232604421,232604,-353639244,1491657158,25.597833633422852,-10.687657356262207,-0.37599977850914001,33846,-0.2759101390838623,1.0297530889511108,-353650090,1491654820,-353601599,1491648414,0,-1.0863429307937622,-656,-0.45788908004760742,-0.062369376420974731,-34.034626007080078,34927,99.334465026855469,-0.00085768767166882753,-0.070480555295944214,-0.00085768767166882753
232704381,232704381,232704,-353639015,1491657043,25.447675704956055,-10.693147659301758,-0.37872955203056335,33831,-0.28157141804695129,1.0297310352325439,-353650090,1491654820,-353601390,1491648386,0,-0.93050462007522583,-564,-0.4514765739440918,-0.053677260875701904,-33.2705078125,34937,98.846099853515625,-0.00085768767166882753,-0.062369376420974731,-0.00085768767166882753
232804341,232804341,232804,-353638788,1491656926,25.339237213134766,-10.71816349029541,-0.38226372003555298,33810,-0.28260260820388794,1.029688835144043,-353650090,1491654820,-353601182,1491648359,0,-0.76055437326431274,-461,-0.44417476654052734,-0.044010400772094727,-32.484218597412109,34948,98.523078918457031,-0.00085768767166882753,-0.053677260875701904,-0.00085768767166882753
232905134,232905134,232905,-353638562,1491656810,25.260404586791992,-10.760290145874023,-0.38613751530647278,33788,-0.27707427740097046,1.0296608209609985,-353650090,1491654820,-353600973,1491648331,0,-0.58370941877365112,-354,-0.43653726577758789,-0.033841609954833984,-31.707525253295898,34958,98.322166442871094,-0.00085768767166882753,-0.044010400772094727,-0.00085768767166882753
233005094,233005094,233005,-353638334,1491656691,25.19891357421875,-10.815849304199219,-0.3915608823299408,33757,-0.26683560013771057,1.0296427011489868,-353650090,1491654820,-353600761,1491648303,0,-0.39471331238746643,-238,-0.42834949493408203,-0.022910803556442261,-30.905332565307617,34968,98.197921752929688,-0.00085768767166882753,-0.033841609954833984,-0.00085768767166882753
233105054,233105054,233105,-353638106,1491656572,25.158723831176758,-10.871206283569336,-0.39620834589004517,33730,-0.25535339117050171,1.029593825340271,-353650090,1491654820,-353600548,1491648275,0,-0.20755395293235779,-125,-0.41992616653442383,-0.012053132057189941,-30.102855682373047,34979,98.144149780273438,-0.00085768767166882753,-0.022910803556442261,-0.00085768767166882753
233205014,233205014,233205,-353637879,1491656453,25.131004333496094,-10.908515930175781,-0.39958631992340088,33711,-0.24663640558719635,1.0295649766921997,-353650090,1491654820,-353600335,1491648247,0,-0.033204890787601471,-20,-0.4114537239074707,-0.0019289851188659668,-29.299179077148438,34989,98.106163024902344,-0.00085768767166882753,-0.012053132057189941,-0.00085768767166882753
233304974,233304974,233304,-353637651,1491656332,25.122381210327148,-10.922019004821777,-0.40159383416175842,33700,-0.24331328272819519,1.0295562744140625,-353650090,1491654820,-353600119,1491648218,0,0.12652197480201721,76,-0.40275144577026367,0.0073508322238922119,-28.479961395263672,35000,98.09710693359375,-0.00085768767166882753,-0.0019289851188659668,-0.00085768767166882753
233404934,233404934,233404,-353637423,1491656211,25.124494552612305,-10.914033889770508,-0.40358105301856995,33688,-0.24452829360961914,1.0295199155807495,-353650090,1491654820,-353599903,1491648190,0,0.27170151472091675,163,-0.39401721954345703,0.015786886215209961,-27.658544540405273,35011,98.0926513671875,-0.00085768767166882753,0.0073508322238922119,-0.00085768767166882753
233504894,233504894,233504,-353637194,1491656091,25.127141952514648,-10.892148017883301,-0.40559720993041992,33677,-0.24846866726875305,1.0295027494430542,-353650090,1491654820,-353599684,1491648161,0,0.40508547425270081,244,-0.38548898696899414,0.023543596267700195,-26.848674774169922,35022,98.070152282714844,-0.00085768767166882753,0.015786886215209961,-0.00085768767166882753
233604854,233604854,233604,-353636966,1491655970,25.114459991455078,-10.859331130981445,-0.40755054354667664,33665,-0.2536979615688324,1.0294805765151978,-353650090,1491654820,-353599466,1491648132,0,0.5338330864906311,321,-0.3770599365234375,0.031056523323059082,-26.028896331787109,35033,97.981781005859375,-0.00085768767166882753,0.023543596267700195,-0.00085768767166882753
233704814,233704814,233704,-353636738,1491655850,25.065952301025391,-10.797916412353516,-0.40863817930221558,33659,-0.25383490324020386,1.0294396877288818,-353650090,1491654820,-353599246,1491648103,0,0.64471417665481567,388,-0.36915159225463867,0.037604659795761108,-25.217536926269531,35043,97.735153198242188,-0.00085768767166882753,0.031056523323059082,-0.00085768767166882753
233804774,233804774,233804,-353636511,1491655731,24.963157653808594,-10.69664478302002,-0.40870407223701477,33659,-0.24561695754528046,1.0294258594512939,-353650090,1491654820,-353599026,1491648074,0,0.73185062408447266,439,-0.36192750930786133,0.042901456356048584,-24.414009094238281,35054,97.253776550292969,-0.00085768767166882753,0.037604659795761108,-0.00085768767166882753
233904734,233904734,233904,-353636287,1491655614,24.780975341796875,-10.544842720031738,-0.40802711248397827,33663,-0.23230078816413879,1.0294033288955688,-353650090,1491654820,-353598809,1491648045,0,0.78874778747558594,472,-0.3556828498840332,0.046629384160041809,-23.625898361206055,35065,96.440322875976562,-0.00085768767166882753,0.042901456356048584,-0.00085768767166882753
234004694,234004694,234004,-353636065,1491655499,24.492849349975586,-10.336502075195312,-0.40658676624298096,33671,-0.21821838617324829,1.0293757915496826,-353650090,1491654820,-353598592,1491648016,0,0.81361234188079834,485,-0.3506169319152832,0.048728033900260925,-22.853471755981445,35075,95.199226379394531,-0.00085768767166882753,0.046629384160041809,-0.00085768767166882753
234104654,234104654,234104,-353635847,1491655387,24.078361511230469,-10.076765060424805,-0.40512174367904663,33679,-0.21017558872699738,1.0293418169021606,-353650090,1491654820,-353598379,1491647988,0,0.8105120062828064,483,-0.34691047668457031,0.049440696835517883,-22.102222442626953,35085,93.47052001953125,-0.00085768767166882753,0.048728033900260925,-0.00085768767166882753
234204614,234204614,234204,-353635634,1491655279,23.557712554931641,-9.7873954772949219,-0.40387475490570068,33686,-0.21210199594497681,1.0293207168579102,-353650090,1491654820,-353598170,1491647961,0,0.79076582193374634,471,-0.34441089630126953,0.049355357885360718,-21.379932403564453,35095,91.350883483886719,-0.00085768767166882753,0.049440696835517883,-0.00085768767166882753
234304574,234304574,234304,-353635426,1491655173,22.982006072998047,-9.4970026016235352,-0.40312284231185913,33691,-0.22430293262004852,1.0292986631393433,-353650090,1491654820,-353597965,1491647934,0,0.77181226015090942,461,-0.34244680404663086,0.049418091773986816,-20.671024322509766,35104,89.048240661621094,-0.00085768767166882753,0.049355357885360718,-0.00085768767166882753
234404534,234404534,234404,-353635224,1491655071,22.389596939086914,-9.2191219329833984,-0.40264001488685608,33694,-0.24334046244621277,1.0292938947677612,-353650090,1491654820,-353597766,1491647907,0,0.7564283013343811,454,-0.34086179733276367,0.049740731716156006,-19.993062973022461,35113,86.707672119140625,-0.00085768767166882753,0.049418091773986816,-0.00085768767166882753
234504494,234504494,234504,-353635027,1491654972,21.811922073364258,-8.9563503265380859,-0.40197166800498962,33697,-0.26282522082328796,1.0292655229568481,-353650090,1491654820,-353597571,1491647881,0,0.74629849195480347,450,-0.33923053741455078,0.050395116209983826,-19.335048675537109,35122,84.436599731445312,-0.00085768767166882753,0.049740731716156006,-0.00085768767166882753
234604454,234604454,234604,-353634835,1491654875,21.284879684448242,-8.7094221115112305,-0.40057021379470825,33705,-0.27567955851554871,1.0292484760284424,-353650090,1491654820,-353597380,1491647856,0,0.74091434478759766,448,-0.33710098266601562,0.051296979188919067,-18.687915802001953,35131,82.35491943359375,-0.00085768767166882753,0.050395116209983826,-0.00085768767166882753
234704414,234704414,234704,-353634648,1491654781,20.834436416625977,-8.478571891784668,-0.39810344576835632,33720,-0.27707165479660034,1.0292189121246338,-353650090,1491654820,-353597194,1491647832,0,0.73682045936584473,446,-0.33432531356811523,0.052157968282699585,-18.061002731323242,35140,80.549110412597656,-0.00085768767166882753,0.051296979188919067,-0.00085768767166882753
234804374,234804374,234804,-353634464,1491654690,20.465543746948242,-8.2615737915039062,-0.39460030198097229,33740,-0.26547661423683167,1.0291990041732788,-353650090,1491654820,-353597011,1491647808,0,0.73128855228424072,441,-0.33091640472412109,0.052760019898414612,-17.45860481262207,35148,79.032951354980469,-0.00085768767166882753,0.052157968282699585,-0.00085768767166882753
234904334,234904334,234904,-353634282,1491654600,20.157808303833008,-8.051875114440918,-0.39036530256271362,33764,-0.2428651750087738,1.0291807651519775,-353650090,1491654820,-353596829,1491647784,0,0.72477024793624878,435,-0.3268589973449707,0.053166285157203674,-16.863189697265625,35156,77.730499267578125,-0.00085768767166882753,0.052760019898414612,-0.00085768767166882753
235005127,235005127,235005,-353634104,1491654513,19.874469757080078,-7.8415355682373047,-0.3858330249786377,33790,-0.21399737894535065,1.0291568040847778,-353650090,1491654820,-353596652,1491647760,0,0.71162813901901245,424,-0.32276678085327148,0.053035169839859009,-16.291847229003906,35163,76.509536743164062,-0.00085768767166882753,0.053166285157203674,-0.00085768767166882753
235105087,235105087,235105,-353633924,1491654427,19.586584091186523,-7.626777172088623,-0.38142561912536621,33815,-0.18475337326526642,1.0291347503662109,-353650090,1491654820,-353596471,1491647736,0,0.69429373741149902,411,-0.31872892379760742,0.052595645189285278,-15.73051643371582,35171,75.269065856933594,-0.00085768767166882753,0.053035169839859009,-0.00085768767166882753
235205047,235205047,235205,-353633749,1491654343,19.273952484130859,-7.4100193977355957,-0.37753313779830933,33837,-0.16115601360797882,1.0291078090667725,-353650090,1491654820,-353596296,1491647713,0,0.67544823884963989,399,-0.31495237350463867,0.052083864808082581,-15.180713653564453,35179,73.944869995117188,-0.00085768767166882753,0.052595645189285278,-0.00085768767166882753
235305007,235305007,235305,-353633576,1491654262,18.938388824462891,-7.199000358581543,-0.37427276372909546,33856,-0.14677891135215759,1.0290882587432861,-353650090,1491654820,-353596122,1491647690,0,0.65745788812637329,387,-0.31158924102783203,0.051669120788574219,-14.655963897705078,35186,72.552604675292969,-0.00085768767166882753,0.052083864808082581,-0.00085768767166882753
235404967,235404967,235404,-353633406,1491654183,18.585758209228516,-6.9980363845825195,-0.37160634994506836,33871,-0.14282122254371643,1.0290803909301758,-353650090,1491654820,-353595951,1491647668,0,0.64499843120574951,380,-0.3083953857421875,0.051713302731513977,-14.144024848937988,35193,71.116889953613281,-0.00085768767166882753,0.051669120788574219,-0.00085768767166882753
235504927,235504927,235504,-353633239,1491654106,18.231597900390625,-6.8130455017089844,-0.36947116255760193,33884,-0.14802777767181396,1.0290770530700684,-353650090,1491654820,-353595783,1491647645,0,0.6393933892250061,377,-0.30531644821166992,0.052308991551399231,-13.650409698486328,35199,69.69677734375,-0.00085768767166882753,0.051713302731513977,-0.00085768767166882753
235604887,235604887,235604,-353633076,1491654031,17.883161544799805,-6.6413068771362305,-0.36768630146980286,33894,-0.15914174914360046,1.0290672779083252,-353650090,1491654820,-353595619,1491647624,0,0.64051693677902222,378,-0.30212259292602539,0.053463578224182129,-13.165992736816406,35206,68.312835693359375,-0.00085768767166882753,0.052308991551399231,-0.00085768767166882753
235704847,235704847,235704,-353632915,1491653957,17.551412582397461,-6.4832134246826172,-0.36598566174507141,33904,-0.17181229591369629,1.0290582180023193,-353650090,1491654820,-353595457,1491647602,0,0.6471630334854126,383,-0.29876136779785156,0.055076614022254944,-12.691751480102539,35212,67.002174377441406,-0.00085768767166882753,0.053463578224182129,-0.00085768767166882753
235804807,235804807,235804,-353632758,1491653885,17.241827011108398,-6.3335819244384766,-0.36409732699394226,33914,-0.18171308934688568,1.0290356874465942,-353650090,1491654820,-353595299,1491647581,0,0.65559262037277222,388,-0.29520130157470703,0.056835383176803589,-12.229475975036621,35219,65.77667236328125,-0.00085768767166882753,0.055076614022254944,-0.00085768767166882753
235904767,235904767,235904,-353632604,1491653816,16.957592010498047,-6.1903438568115234,-0.3617871105670929,33928,-0.18532340228557587,1.0290306806564331,-353650090,1491654820,-353595143,1491647561,0,0.66260397434234619,393,-0.29156637191772461,0.058451071381568909,-11.788606643676758,35225,64.644523620605469,-0.00085768767166882753,0.056835383176803589,-0.00085768767166882753
236004727,236004727,236004,-353632453,1491653747,16.702430725097656,-6.0504541397094727,-0.35893028974533081,33944,-0.1807531863451004,1.0290272235870361,-353650090,1491654820,-353594990,1491647541,0,0.67004084587097168,397,-0.28747987747192383,0.060065954923629761,-11.345279693603516,35231,63.614612579345703,-0.00085768767166882753,0.058451071381568909,-0.00085768767166882753
236104687,236104687,236104,-353632304,1491653681,16.471155166625977,-5.9113049507141113,-0.35555550456047058,33963,-0.16816556453704834,1.0290106534957886,-353650090,1491654820,-353594840,1491647521,0,0.67157465219497681,397,-0.28345537185668945,0.061115607619285583,-10.927776336669922,35236,62.666500091552734,-0.00085768767166882753,0.060065954923629761,-0.00085768767166882753
236204647,236204647,236204,-353632158,1491653616,16.252321243286133,-5.7688875198364258,-0.35171365737915039,33985,-0.14964289963245392,1.0289968252182007,-353650090,1491654820,-353594692,1491647501,0,0.66897451877593994,394,-0.27930831909179688,0.06177636981010437,-10.516500473022461,35242,61.75701904296875,-0.00085768767166882753,0.061115607619285583,-0.00085768767166882753
236304607,236304607,236304,-353632013,1491653553,16.032379150390625,-5.6211285591125488,-0.34760856628417969,34009,-0.12855099141597748,1.0289819240570068,-353650090,1491654820,-353594545,1491647482,0,0.66062545776367188,388,-0.27529191970825195,0.061926871538162231,-10.119556427001953,35247,60.838233947753906,-0.00085768767166882753,0.06177636981010437,-0.00085768767166882753
236404567,236404567,236404,-353631871,1491653491,15.801947593688965,-5.4678134918212891,-0.34350699186325073,34032,-0.10863196104764938,1.0289821624755859,-353650090,1491654820,-353594401,1491647463,0,0.6482434868812561,380,-0.27138614654541016,0.061740025877952576,-9.7292156219482422,35253,59.878395080566406,-0.00085768767166882753,0.061926871538162231,-0.00085768767166882753
236504527,236504527,236504,-353631731,1491653431,15.558444023132324,-5.3133368492126465,-0.33965879678726196,34054,-0.093126595020294189,1.0289775133132935,-353650090,1491654820,-353594259,1491647444,0,0.63310027122497559,370,-0.26776361465454102,0.061325982213020325,-9.355320930480957,35258,58.873931884765625,-0.00085768767166882753,0.061740025877952576,-0.00085768767166882753
236604487,236604487,236604,-353631592,1491653373,15.30551815032959,-5.1621131896972656,-0.33619770407676697,34074,-0.08410876989364624,1.0289692878723145,-353650090,1491654820,-353594119,1491647425,0,0.61754769086837769,361,-0.2644047737121582,0.060885906219482422,-8.9990777969360352,35262,57.842220306396484,-0.00085768767166882753,0.061325982213020325,-0.00085768767166882753
236704447,236704447,236704,-353631457,1491653317,15.050318717956543,-5.019554615020752,-0.33316230773925781,34092,-0.0820813849568367,1.0289504528045654,-353650090,1491654820,-353593982,1491647407,0,0.60574698448181152,354,-0.26111316680908203,0.060803771018981934,-8.654327392578125,35267,56.813457489013672,-0.00085768767166882753,0.060885906219482422,-0.00085768767166882753
236804407,236804407,236804,-353631323,1491653261,14.799495697021484,-4.8870663642883301,-0.33045494556427002,34107,-0.085845194756984711,1.0289468765258789,-353650090,1491654820,-353593846,1491647389,0,0.60018450021743774,351,-0.25761699676513672,0.061327576637268066,-8.3087797164916992,35272,55.811542510986328,-0.00085768767166882753,0.060803771018981934,-0.00085768767166882753
236904367,236904367,236904,-353631191,1491653208,14.558510780334473,-4.7655949592590332,-0.32791939377784729,34122,-0.092914916574954987,1.028957724571228,-353650090,1491654820,-353593712,1491647372,0,0.59706854820251465,349,-0.25427484512329102,0.062072992324829102,-7.9857091903686523,35276,54.855888366699219,-0.00085768767166882753,0.061327576637268066,-0.00085768767166882753
237004327,237004327,237004,-353631062,1491653155,14.330366134643555,-4.6524596214294434,-0.3253428041934967,34136,-0.10025497525930405,1.0289368629455566,-353650090,1491654820,-353593581,1491647354,0,0.5980495810508728,350,-0.25070571899414062,0.063216313719749451,-7.6632680892944336,35281,53.953571319580078,-0.00085768767166882753,0.062072992324829102,-0.00085768767166882753
237105120,237105120,237105,-353630934,1491653103,14.117416381835938,-4.5461277961730957,-0.32251468300819397,34153,-0.1049124076962471,1.0289499759674072,-353650090,1491654820,-353593451,1491647337,0,0.60148245096206665,352,-0.24694681167602539,0.064589902758598328,-7.346034049987793,35285,53.11083984375,-0.00085768767166882753,0.063216313719749451,-0.00085768767166882753
237205080,237205080,237205,-353630807,1491653053,13.91761302947998,-4.4417133331298828,-0.31932130455970764,34171,-0.10472951084375381,1.0289438962936401,-353650090,1491654820,-353593322,1491647320,0,0.60213357210159302,353,-0.24328136444091797,0.065644517540931702,-7.0460643768310547,35289,52.315353393554688,-0.00085768767166882753,0.064589902758598328,-0.00085768767166882753
237305040,237305040,237305,-353630682,1491653003,13.738094329833984,-4.341184139251709,-0.31585878133773804,34191,-0.098874054849147797,1.0289398431777954,-353650090,1491654820,-353593195,1491647303,0,0.60407161712646484,354,-0.239288330078125,0.066778630018234253,-6.7445144653320312,35293,51.593692779541016,-0.00085768767166882753,0.065644517540931702,-0.00085768767166882753
237405000,237405000,237405,-353630558,1491652955,13.564630508422852,-4.2374043464660645,-0.31216341257095337,34212,-0.087827973067760468,1.028917670249939,-353650090,1491654820,-353593069,1491647287,0,0.60112220048904419,352,-0.23540830612182617,0.067372769117355347,-6.4571571350097656,35297,50.889686584472656,-0.00085768767166882753,0.066778630018234253,-0.00085768767166882753
237504960,237504960,237504,-353630435,1491652907,13.395161628723145,-4.1319646835327148,-0.30833077430725098,34234,-0.07332814484834671,1.0289154052734375,-353650090,1491654820,-353592944,1491647270,0,0.5962945818901062,348,-0.23145341873168945,0.067752949893474579,-6.1720924377441406,35301,50.198162078857422,-0.00085768767166882753,0.067372769117355347,-0.00085768767166882753
237604920,237604920,237604,-353630314,1491652861,13.218687057495117,-4.0215139389038086,-0.30446365475654602,34256,-0.05787147581577301,1.0289219617843628,-353650090,1491654820,-353592821,1491647254,0,0.58651232719421387,342,-0.22772121429443359,0.067611128091812134,-5.9004268646240234,35305,49.478073120117188,-0.00085768767166882753,0.067752949893474579,-0.00085768767166882753
237704880,237704880,237704,-353630194,1491652816,13.036800384521484,-3.9107522964477539,-0.30063861608505249,34278,-0.044257346540689468,1.0289195775985718,-353650090,1491654820,-353592699,1491647238,0,0.57545292377471924,336,-0.22409582138061523,0.067340552806854248,-5.6369953155517578,35308,48.739860534667969,-0.00085768767166882753,0.067611128091812134,-0.00085768767166882753
237804840,237804840,237804,-353630076,1491652772,12.846474647521973,-3.7994155883789062,-0.2969692051410675,34299,-0.034954383969306946,1.0289039611816406,-353650090,1491654820,-353592580,1491647222,0,0.56319332122802734,328,-0.22059917449951172,0.066959060728549957,-5.3814411163330078,35312,47.972854614257812,-0.00085768767166882753,0.067340552806854248,-0.00085768767166882753
237904800,237904800,237904,-353629961,1491652729,12.651638031005859,-3.6920511722564697,-0.2935718297958374,34318,-0.031859107315540314,1.0288958549499512,-353650090,1491654820,-353592463,1491647207,0,0.55330455303192139,323,-0.217071533203125,0.066867366433143616,-5.1290302276611328,35315,47.195064544677734,-0.00085768767166882753,0.066959060728549957,-0.00085768767166882753
238004760,238004760,238004,-353629847,1491652688,12.459051132202148,-3.5912044048309326,-0.29050514101982117,34336,-0.035813763737678528,1.0288954973220825,-353650090,1491654820,-353592347,1491647191,0,0.54366248846054077,317,-0.2138524055480957,0.066781572997570038,-4.8970489501953125,35318,46.432109832763672,-0.00085768767166882753,0.066867366433143616,-0.00085768767166882753
238104720,238104720,238104,-353629736,1491652649,12.274694442749023,-3.499669075012207,-0.28776106238365173,34352,-0.046174533665180206,1.0289061069488525,-353650090,1491654820,-353592234,1491647176,0,0.53720074892044067,313,-0.2107086181640625,0.067034825682640076,-4.6776313781738281,35321,45.707164764404297,-0.00085768767166882753,0.066781572997570038,-0.00085768767166882753
238204680,238204680,238204,-353629626,1491652610,12.102372169494629,-3.4169449806213379,-0.28522208333015442,34366,-0.060864221304655075,1.0289015769958496,-353650090,1491654820,-353592123,1491647162,0,0.53617525100708008,313,-0.20726394653320312,0.067910343408584595,-4.4546909332275391,35324,45.032657623291016,-0.00085768767166882753,0.067034825682640076,-0.00085768767166882753
238304640,238304640,238304,-353629518,1491652572,11.944601058959961,-3.3428506851196289,-0.28269544243812561,34381,-0.076764054596424103,1.0288978815078735,-353650090,1491654820,-353592013,1491647147,0,0.53766608238220215,314,-0.20383644104003906,0.069044925272464752,-4.2419872283935547,35327,44.416957855224609,-0.00085768767166882753,0.067910343408584595,-0.00085768767166882753
238404600,238404600,238404,-353629412,1491652535,11.802350044250488,-3.2741994857788086,-0.27997514605522156,34396,-0.090484052896499634,1.0289022922515869,-353650090,1491654820,-353591905,1491647133,0,0.54084080457687378,316,-0.20027780532836914,0.070336245000362396,-4.0335788726806641,35330,43.860263824462891,-0.00085768767166882753,0.069044925272464752,-0.00085768767166882753
238504560,238504560,238504,-353629306,1491652498,11.676613807678223,-3.2095565795898438,-0.27694636583328247,34414,-0.098996169865131378,1.0288964509963989,-353650090,1491654820,-353591798,1491647119,0,0.545310378074646,319,-0.19651556015014648,0.071730434894561768,-3.8255882263183594,35333,43.364631652832031,-0.00085768767166882753,0.070336245000362396,-0.00085768767166882753
238604520,238604520,238604,-353629202,1491652462,11.5657958984375,-3.1457920074462891,-0.27354592084884644,34433,-0.1003214567899704,1.0288873910903931,-353650090,1491654820,-353591692,1491647105,0,0.54677474498748779,320,-0.19289970397949219,0.072667039930820465,-3.6246623992919922,35336,42.921623229980469,-0.0010267181787639856,0.071730434894561768,-0.00085768767166882753
238704480,238704480,238704,-353629098,1491652427,11.466987609863281,-3.0814156532287598,-0.26974374055862427,34455,-0.094007857143878937,1.0288798809051514,-353650090,1491654820,-353591586,1491647091,0,0.54551821947097778,319,-0.18933296203613281,0.073185943067073822,-3.4327621459960938,35338,42.519886016845703,-0.0011882956605404615,0.072667039930820465,-0.0010267181787639856
238804440,238804440,238804,-353628995,1491652393,11.372912406921387,-3.0134334564208984,-0.26559236645698547,34479,-0.081258408725261688,1.0288716554641724,-353650090,1491654820,-353591482,1491647077,0,0.54018855094909668,316,-0.18587493896484375,0.073138706386089325,-3.2495498657226562,35341,42.131629943847656,-0.0013426442164927721,0.073185943067073822,-0.0011882956605404615
238904400,238904400,238904,-353628893,1491652360,11.276357650756836,-2.9410560131072998,-0.26122799515724182,34504,-0.064616799354553223,1.0288742780685425,-353650090,1491654820,-353591378,1491647063,0,0.53096592426300049,310,-0.18255376815795898,0.072578594088554382,-3.0741825103759766,35343,41.731330871582031,-0.0014900509268045425,0.073138706386089325,-0.0013426442164927721
239004360,239004360,239004,-353628792,1491652327,11.170281410217285,-2.8635759353637695,-0.2568213939666748,34529,-0.047477062791585922,1.028873085975647,-353650090,1491654820,-353591276,1491647050,0,0.51997727155685425,303,-0.17912435531616211,0.071827813982963562,-2.8952255249023438,35346,41.294109344482422,-0.0016303345328196883,0.072578594088554382,-0.0014900509268045425
239104320,239104320,239104,-353628692,1491652295,11.052618980407715,-2.7835099697113037,-0.25256627798080444,34553,-0.033301886171102524,1.0288554430007935,-353650090,1491654820,-353591174,1491647036,0,0.50620216131210327,295,-0.17596769332885742,0.070743739604949951,-2.7273540496826172,35348,40.815128326416016,-0.0017640249570831656,0.071827813982963562,-0.0016303345328196883
239205113,239205113,239205,-353628592,1491652264,10.923738479614258,-2.7027740478515625,-0.24855795502662659,34576,-0.024902857840061188,1.0288653373718262,-353650090,1491654820,-353591073,1491647023,0,0.49185949563980103,287,-0.17293024063110352,0.069620735943317413,-2.5656814575195312,35350,40.297325134277344,-0.0018914487445726991,0.070743739604949951,-0.0017640249570831656
239305073,239305073,239305,-353628494,1491652234,10.79605770111084,-2.6279380321502686,-0.24493096768856049,34597,-0.024092584848403931,1.0288594961166382,-353650090,1491654820,-353590974,1491647010,0,0.47987744212150574,280,-0.1699824333190918,0.068790480494499207,-2.4115066528320312,35352,39.789402008056641,-0.0020126879680901766,0.069620735943317413,-0.0018914487445726991
239405033,239405033,239405,-353628396,1491652205,10.66984748840332,-2.5583927631378174,-0.24165278673171997,34616,-0.030774535611271858,1.0288523435592651,-353650090,1491654820,-353590874,1491646997,0,0.46969226002693176,274,-0.16715240478515625,0.068182528018951416,-2.2659244537353516,35354,39.291603088378906,-0.0021280446089804173,0.068790480494499207,-0.0020126879680901766
239504993,239504993,239504,-353628300,1491652176,10.55412769317627,-2.4971954822540283,-0.23864684998989105,34633,-0.043369423598051071,1.0288523435592651,-353650090,1491654820,-353590777,1491646984,0,0.46424159407615662,271,-0.16415691375732422,0.068178869783878326,-2.1192607879638672,35356,38.83770751953125,-0.0022371893282979727,0.068182528018951416,-0.0021280446089804173
239604953,239604953,239604,-353628204,1491652148,10.448180198669434,-2.4419915676116943,-0.23578083515167236,34650,-0.058910027146339417,1.0288503170013428,-353650090,1491654820,-353590680,1491646971,0,0.46035295724868774,269,-0.16126489639282227,0.068337500095367432,-1.98162841796875,35358,38.423133850097656,-0.0023403414525091648,0.068178869783878326,-0.0022371893282979727
239704913,239704913,239704,-353628109,1491652121,10.357196807861328,-2.3931560516357422,-0.23288126289844513,34666,-0.073758982121944427,1.0288515090942383,-353650090,1491654820,-353590584,1491646958,0,0.45801553130149841,268,-0.15844821929931641,0.068628504872322083,-1.8522758483886719,35360,38.066192626953125,-0.0024376595392823219,0.068337500095367432,-0.0023403414525091648
239804873,239804873,239804,-353628015,1491652094,10.278385162353516,-2.3473789691925049,-0.22978681325912476,34684,-0.084301508963108063,1.0288428068161011,-353650090,1491654820,-353590489,1491646946,0,0.45760080218315125,268,-0.1553959846496582,0.069133356213569641,-1.7188377380371094,35362,37.754432678222656,-0.0025287081953138113,0.068628504872322083,-0.0024376595392823219
239904833,239904833,239904,-353627922,1491652067,10.214141845703125,-2.3043050765991211,-0.22636885941028595,34704,-0.087756127119064331,1.0288451910018921,-353650090,1491654820,-353590394,1491646933,0,0.45745781064033508,268,-0.15229606628417969,0.069588944315910339,-1.5875453948974609,35363,37.495941162109375,-0.0026133779902011156,0.069133356213569641,-0.0025287081953138113
240004793,240004793,240004,-353627829,1491652041,10.158697128295898,-2.260045051574707,-0.22259855270385742,34725,-0.082715161144733429,1.0288294553756714,-353650090,1491654820,-353590300,1491646921,0,0.45501622557640076,266,-0.14926671981811523,0.069641813635826111,-1.462371826171875,35365,37.267547607421875,-0.0026918463408946991,0.069588944315910339,-0.0026133779902011156
240104753,240104753,240104,-353627737,1491652016,10.105224609375,-2.2128214836120605,-0.21850724518299103,34749,-0.069548226892948151,1.0288227796554565,-353650090,1491654820,-353590207,1491646909,0,0.44916948676109314,262,-0.14641427993774414,0.069160819053649902,-1.3454647064208984,35367,37.044113159179688,-0.0027644743677228689,0.069641813635826111,-0.0026918463408946991
240204713,240204713,240204,-353627646,1491651992,10.04636287689209,-2.1609220504760742,-0.21417443454265594,34773,-0.050410564988851547,1.0288164615631104,-353650090,1491654820,-353590115,1491646896,0,0.43867325782775879,256,-0.14387369155883789,0.067993298172950745,-1.2402133941650391,35368,36.798709869384766,-0.0028318653348833323,0.069160819053649902,-0.0027644743677228689
240304673,240304673,240304,-353627556,1491651968,9.9745216369628906,-2.1037497520446777,-0.20972944796085358,34799,-0.028797870501875877,1.0288188457489014,-353650090,1491654820,-353590024,1491646884,0,0.42662104964256287,249,-0.14120960235595703,0.066656284034252167,-1.1308479309082031,35370,36.504436492919922,-0.0028938071336597204,0.067993298172950745,-0.0028318653348833323
240404633,240404633,240404,-353627467,1491651945,9.8852043151855469,-2.0419456958770752,-0.20534507930278778,34824,-0.0088797677308320999,1.0288132429122925,-353650090,1491654820,-353589934,1491646873,0,0.41214853525161743,240,-0.13866996765136719,0.065031096339225769,-1.0263633728027344,35371,36.1461181640625,-0.0029505817219614983,0.066656284034252167,-0.0028938071336597204
240504593,240504593,240504,-353627379,1491651922,9.7793111801147461,-1.9781067371368408,-0.20121307671070099,34848,0.0054245912469923496,1.0288050174713135,-353650090,1491654820,-353589845,1491646861,0,0.39703962206840515,231,-0.13620519638061523,0.063376590609550476,-0.92452621459960938,35372,35.728809356689453,-0.0030023192521184683,0.065031096339225769,-0.0029505817219614983
240604553,240604553,240604,-353627292,1491651901,9.6629800796508789,-1.9153624773025513,-0.1974572092294693,34869,0.01141909696161747,1.0288065671920776,-353650090,1491654820,-353589757,1491646849,0,0.38033756613731384,222,-0.13419294357299805,0.061487045139074326,-0.84000205993652344,35374,35.276226043701172,-0.0030499289277940989,0.063376590609550476,-0.0030023192521184683
240704513,240704513,240704,-353627206,1491651880,9.5445737838745117,-1.857013463973999,-0.19412258267402649,34888,0.0082035483792424202,1.0288147926330566,-353650090,1491654820,-353589671,1491646838,0,0.36727720499038696,214,-0.13200950622558594,0.060152165591716766,-0.75178337097167969,35375,34.819896697998047,-0.0030930961947888136,0.061487045139074326,-0.0030499289277940989
240804473,240804473,240804,-353627121,1491651859,9.4320774078369141,-1.8046724796295166,-0.19115270674228668,34905,-0.0031980529893189669,1.0288041830062866,-353650090,1491654820,-353589585,1491646826,0,0.35713258385658264,208,-0.12982606887817383,0.059222780168056488,-0.66578292846679688,35376,34.388832092285156,-0.0031318040564656258,0.060152165591716766,-0.0030930961947888136
240904433,240904433,240904,-353627037,1491651840,9.3309268951416016,-1.7591420412063599,-0.18841800093650818,34921,-0.020056122913956642,1.0288132429122925,-353650090,1491654820,-353589500,1491646815,0,0.34812790155410767,203,-0.12795639038085938,0.05838441476225853,-0.59366989135742188,35377,34.002552032470703,-0.0031667109578847885,0.059222780168056488,-0.0031318040564656258
241004393,241004393,241004,-353626954,1491651820,9.243804931640625,-1.7196463346481323,-0.18574370443820953,34936,-0.038439005613327026,1.0288101434707642,-353650090,1491654820,-353589416,1491646804,0,0.34365487098693848,200,-0.12572622299194336,0.058203522115945816,-0.51179695129394531,35378,33.669864654541016,-0.0031971009448170662,0.05838441476225853,-0.0031667109578847885
241104353,241104353,241104,-353626871,1491651802,9.1718082427978516,-1.6848635673522949,-0.18295048177242279,34952,-0.053909149020910263,1.028801441192627,-353650090,1491654820,-353589333,1491646793,0,0.33785200119018555,197,-0.12398147583007812,0.057693351060152054,-0.44842720031738281,35379,33.393699645996094,-0.0032239479478448629,0.058203522115945816,-0.0031971009448170662
241204313,241204313,241204,-353626789,1491651783,9.1142702102661133,-1.6526950597763062,-0.17992149293422699,34970,-0.062457878142595291,1.028801441192627,-353650090,1491654820,-353589250,1491646782,0,0.33449685573577881,195,-0.12187671661376953,0.057504869997501373,-0.374847412109375,35380,33.170322418212891,-0.0032465406693518162,0.057693351060152054,-0.0032239479478448629
241305106,241305106,241305,-353626706,1491651765,9.0718650817871094,-1.6218550205230713,-0.17658166587352753,34989,-0.061375468969345093,1.0287853479385376,-353650090,1491654820,-353589166,1491646771,0,0.32924902439117432,192,-0.12001752853393555,0.056891918182373047,-0.31101799011230469,35381,33.001300811767578,-0.0032653897069394588,0.057504869997501373,-0.0032465406693518162
241405066,241405066,241405,-353626625,1491651747,9.0362682342529297,-1.5900076627731323,-0.17302186787128448,35009,-0.050689194351434708,1.0287976264953613,-353650090,1491654820,-353589085,1491646760,0,0.32307076454162598,188,-0.11810493469238281,0.056070584803819656,-0.24618148803710938,35382,32.855873107910156,-0.0032803693320602179,0.056891918182373047,-0.0032653897069394588
241505026,241505026,241505,-353626543,1491651729,9.0013141632080078,-1.5558531284332275,-0.16930775344371796,35030,-0.032685812562704086,1.0287837982177734,-353650090,1491654820,-353589002,1491646749,0,0.3154035210609436,184,-0.11617612838745117,0.054980292916297913,-0.18162345886230469,35383,32.711551666259766,-0.0032914695329964161,0.056070584803819656,-0.0032803693320602179
241604986,241604986,241604,-353626461,1491651712,8.9551763534545898,-1.5178467035293579,-0.16551750898361206,35052,-0.010133092291653156,1.0287767648696899,-353650090,1491654820,-353588920,1491646738,0,0.30445694923400879,177,-0.11452436447143555,0.053373757749795914,-0.12655067443847656,35383,32.525733947753906,-0.0032992479391396046,0.054980292916297913,-0.0032914695329964161
241704946,241704946,241704,-353626380,1491651695,8.8927850723266602,-1.4762638807296753,-0.16171203553676605,35074,0.013994167558848858,1.0287696123123169,-353650090,1491654820,-353588838,1491646728,0,0.29332396388053894,171,-0.11269569396972656,0.051810882985591888,-0.066791534423828125,35384,32.280757904052734,-0.0033033844083547592,0.053373757749795914,-0.0032992479391396046
241804906,241804906,241804,-353626300,1491651679,8.8090782165527344,-1.4310665130615234,-0.15801842510700226,35095,0.035827621817588806,1.0287652015686035,-353650090,1491654820,-353588758,1491646717,0,0.27918946743011475,163,-0.1112370491027832,0.049809463322162628,-0.019290924072265625,35385,31.958738327026367,-0.0033045911695808172,0.051810882985591888,-0.0033033844083547592
241904866,241904866,241904,-353626220,1491651663,8.7079572677612305,-1.3843975067138672,-0.15456581115722656,35115,0.051454484462738037,1.0287622213363647,-353650090,1491654820,-353588677,1491646706,0,0.26545616984367371,155,-0.10972738265991211,0.047933913767337799,0.028680801391601562,35385,31.57469367980957,-0.003302775090560317,0.049809463322162628,-0.0033045911695808172
242004826,242004826,242004,-353626142,1491651648,8.5953941345214844,-1.3384521007537842,-0.15144571661949158,35133,0.058031577616930008,1.0287758111953735,-353650090,1491654820,-353588599,1491646696,0,0.25223612785339355,147,-0.10831165313720703,0.046165060251951218,0.072126388549804688,35386,31.150928497314453,-0.0032981461845338345,0.047933913767337799,-0.003302775090560317
242104786,242104786,242104,-353626065,1491651633,8.4792652130126953,-1.2956427335739136,-0.14869104325771332,35149,0.054552208632230759,1.0287696123123169,-353650090,1491654820,-353588521,1491646686,0,0.24144807457923889,141,-0.10681390762329102,0.0448145791888237,0.11677169799804688,35387,30.71656608581543,-0.0032905461266636848,0.046165060251951218,-0.0032981461845338345
242204746,242204746,242204,-353625990,1491651619,8.3696279525756836,-1.2573819160461426,-0.14625793695449829,35163,0.04202091321349144,1.028766393661499,-353650090,1491654820,-353588446,1491646676,0,0.23162451386451721,135,-0.10554599761962891,0.043570194393396378,0.15336990356445312,35387,30.307859420776367,-0.0032804294023662806,0.0448145791888237,-0.0032905461266636848
242304706,242304706,242304,-353625915,1491651606,8.272456169128418,-1.2243500947952271,-0.14403778314590454,35175,0.023260083049535751,1.0287598371505737,-353650090,1491654820,-353588371,1491646666,0,0.22262991964817047,130,-0.10455322265625,0.04238322377204895,0.18094635009765625,35388,29.946247100830078,-0.0032683494500815868,0.043570194393396378,-0.0032804294023662806
242404666,242404666,242404,-353625842,1491651592,8.1911554336547852,-1.1960593461990356,-0.14190876483917236,35187,0.0025158990174531937,1.0287537574768066,-353650090,1491654820,-353588297,1491646656,0,0.21741829812526703,127,-0.1031804084777832,0.041813492774963379,0.2194671630859375,35388,29.643470764160156,-0.0032535481732338667,0.04238322377204895,-0.0032683494500815868
242504626,242504626,242504,-353625769,1491651579,8.1261014938354492,-1.1715161800384521,-0.1397491991519928,35200,-0.015412625856697559,1.0287593603134155,-353650090,1491654820,-353588224,1491646647,0,0.21244645118713379,124,-0.10198545455932617,0.041194882243871689,0.25203514099121094,35389,29.400308609008789,-0.003236409742385149,0.041813492774963379,-0.0032535481732338667
242604586,242604586,242604,-353625697,1491651566,8.0767498016357422,-1.149631142616272,-0.13750004768371582,35213,-0.027573922649025917,1.0287675857543945,-353650090,1491654820,-353588152,1491646637,0,0.20748612284660339,121,-0.10089969635009766,0.040488876402378082,0.28178596496582031,35389,29.214254379272461,-0.0032171262428164482,0.041194882243871689,-0.003236409742385149
242704546,242704546,242704,-353625625,1491651554,8.0409440994262695,-1.1294915676116943,-0.13517676293849945,35226,-0.033831644803285599,1.0287544727325439,-353650090,1491654820,-353588080,1491646627,0,0.20109876990318298,117,-0.1001276969909668,0.039426859468221664,0.30249404907226562,35389,29.077199935913086,-0.0031963279470801353,0.040488876402378082,-0.0032171262428164482
242804506,242804506,242804,-353625553,1491651542,8.0156612396240234,-1.1105326414108276,-0.13279502093791962,35240,-0.035403478890657425,1.0287460088729858,-353650090,1491654820,-353588007,1491646618,0,0.19551205635070801,114,-0.099206924438476562,0.038462087512016296,0.32724571228027344,35390,28.9781494140625,-0.0031737508252263069,0.039426859468221664,-0.0031963279470801353
242904466,242904466,242904,-353625482,1491651530,7.9973297119140625,-1.0920963287353516,-0.13039366900920868,35253,-0.033816628158092499,1.0287518501281738,-353650090,1491654820,-353587936,1491646609,0,0.18980512022972107,110,-0.098283767700195312,0.037434540688991547,0.35224723815917969,35390,28.904119491577148,-0.0031493864953517914,0.038462087512016296,-0.0031737508252263069
243004426,243004426,243004,-353625410,1491651518,7.9823718070983887,-1.0738433599472046,-0.12799979746341705,35267,-0.030417393893003464,1.0287452936172485,-353650090,1491654820,-353587864,1491646599,0,0.18317624926567078,107,-0.097519874572753906,0.036204084753990173,0.372955322265625,35390,28.842262268066406,-0.0031235343776643276,0.037434540688991547,-0.0031493864953517914
243104386,243104386,243104,-353625339,1491651506,7.9679222106933594,-1.0553205013275146,-0.12564608454704285,35281,-0.026211151853203773,1.0287436246871948,-353650090,1491654820,-353587793,1491646590,0,0.17716267704963684,103,-0.096591472625732422,0.035088136792182922,0.39795875549316406,35391,28.782197952270508,-0.0030958913266658783,0.036204084753990173,-0.0031235343776643276
243204346,243204346,243204,-353625268,1491651495,7.952272891998291,-1.0365782976150513,-0.12334587424993515,35294,-0.021867081522941589,1.0287234783172607,-353650090,1491654820,-353587722,1491646580,0,0.16882385313510895,98,-0.096108436584472656,0.033510852605104446,0.41035842895507812,35391,28.717891693115234,-0.0030673232395201921,0.035088136792182922,-0.0030958913266658783
243305139,243305139,243305,-353625197,1491651484,7.9342861175537109,-1.0177205801010132,-0.12110891938209534,35307,-0.017783727496862411,1.0287173986434937,-353650090,1491654820,-353587650,1491646571,0,0.1613660454750061,94,-0.095460891723632812,0.032111123204231262,0.42681884765625,35391,28.645351409912109,-0.0030375218484550714,0.033510852605104446,-0.0030673232395201921
243405099,243405099,243405,-353625125,1491651473,7.9136466979980469,-0.9988664984703064,-0.11891843378543854,35319,-0.014150097034871578,1.028713583946228,-353650090,1491654820,-353587578,1491646561,0,0.15319252014160156,89,-0.094985485076904297,0.030571481212973595,0.43848800659179688,35391,28.563510894775391,-0.003006830345839262,0.032111123204231262,-0.0030375218484550714
243505059,243505059,243505,-353625054,1491651462,7.8933706283569336,-0.98071557283401489,-0.1168113499879837,35331,-0.011176264844834805,1.0287258625030518,-353650090,1491654820,-353587507,1491646552,0,0.14625123143196106,85,-0.094344139099121094,0.029267981648445129,0.45447349548339844,35391,28.483388900756836,-0.0029749302193522453,0.030571481212973595,-0.003006830345839262
243605019,243605019,243605,-353624983,1491651451,7.8710589408874512,-0.96300959587097168,-0.11476391553878784,35343,-0.008860328234732151,1.0287168025970459,-353650090,1491654820,-353587436,1491646542,0,0.13903534412384033,81,-0.093834400177001953,0.027908865362405777,0.46685218811035156,35391,28.396331787109375,-0.0029420608188956976,0.029267981648445129,-0.0029749302193522453
243704979,243704979,243704,-353624912,1491651440,7.8488569259643555,-0.9459984302520752,-0.11278139799833298,35354,-0.0072205071337521076,1.0287121534347534,-353650090,1491654820,-353587365,1491646533,0,0.13294824957847595,77,-0.093180179595947266,0.026768036186695099,0.48284149169921875,35392,28.310062408447266,-0.0029079618398100138,0.027908865362405777,-0.0029420608188956976
243804939,243804939,243804,-353624841,1491651430,7.8253893852233887,-0.92956948280334473,-0.11086838692426682,35365,-0.0062409345991909504,1.0287137031555176,-353650090,1491654820,-353587294,1491646524,0,0.12573328614234924,73,-0.092838764190673828,0.025396186858415604,0.48982048034667969,35392,28.219631195068359,-0.0028732591308653355,0.026768036186695099,-0.0029079618398100138
243904899,243904899,243904,-353624770,1491651420,7.8023800849914551,-0.9139244556427002,-0.10903172940015793,35376,-0.0059086252003908157,1.0286976099014282,-353650090,1491654820,-353587223,1491646514,0,0.11827383935451508,69,-0.092638492584228516,0.023964270949363708,0.49315643310546875,35392,28.131240844726562,-0.0028382102027535439,0.025396186858415604,-0.0028732591308653355
244004859,244004859,244004,-353624699,1491651410,7.7791910171508789,-0.89896076917648315,-0.10727227479219437,35386,-0.0062140841037034988,1.0286900997161865,-353650090,1491654820,-353587152,1491646505,0,0.1119559183716774,65,-0.092293739318847656,0.022755669429898262,0.50013160705566406,35392,28.042564392089844,-0.0028025531210005283,0.023964270949363708,-0.0028382102027535439
244104819,244104819,244104,-353624629,1491651400,7.7572236061096191,-0.88463139533996582,-0.10559218376874924,35396,-0.0071569518186151981,1.0286877155303955,-353650090,1491654820,-353587082,1491646496,0,0.10606896132230759,61,-0.091925621032714844,0.02162371389567852,0.50782394409179688,35392,27.958560943603516,-0.0027662387583404779,0.022755669429898262,-0.0028025531210005283
244204779,244204779,244204,-353624559,1491651390,7.7362685203552246,-0.87106728553771973,-0.10398666560649872,35405,-0.0087130106985569,1.0286962985992432,-353650090,1491654820,-353587012,1491646486,0,0.099887311458587646,58,-0.091701030731201172,0.020421775057911873,0.51186370849609375,35392,27.87852668762207,-0.0027295304462313652,0.02162371389567852,-0.0027662387583404779
244304739,244304739,244304,-353624490,1491651381,7.6550178527832031,-0.84613412618637085,-0.1027650460600853,35412,-0.0088473791256546974,1.028692364692688,-353650090,1491654820,-353586943,1491646477,0,0.090001910924911499,52,-0.091486454010009766,0.018600035458803177,0.51123619079589844,35392,27.579463958740234,-0.0026924693956971169,0.020421775057911873,-0.0027295304462313652
244404699,244404699,244404,-353624423,1491651372,7.3530740737915039,-0.78364467620849609,-0.10273236036300659,35412,-0.0047538988292217255,1.0286825895309448,-353650090,1491654820,-353586876,1491646468,0,0.072119839489459991,42,-0.090650081634521484,0.015522831119596958,0.51202774047851562,35392,26.480371475219727,-0.0026538101956248283,0.018600035458803177,-0.0026924693956971169
244504659,244504659,244504,-353624358,1491651364,7.0617508888244629,-0.74040520191192627,-0.10273296386003494,35412,-0.0030717302579432726,1.0286736488342285,-353650090,1491654820,-353586811,1491646460,0,0.064868785440921783,37,-0.089924812316894531,0.014540680684149265,0.50888252258300781,35392,25.42664909362793,-0.002613796154037118,0.015522831119596958,-0.0026538101956248283
244604619,244604619,244604,-353624297,1491651356,6.7822098731994629,-0.71285539865493774,-0.10275765508413315,35412,-0.002228904515504837,1.0286802053451538,-353650090,1491654820,-353586750,1491646452,0,0.067060060799121857,39,-0.089071273803710938,0.015651099383831024,0.50856399536132812,35392,24.420787811279297,-0.0025721597485244274,0.014540680684149265,-0.002613796154037118
244704579,244704579,244704,-353624238,1491651348,6.5146708488464355,-0.69106167554855347,-0.10278679430484772,35412,-0.0017237110296264291,1.0286864042282104,-353650090,1491654820,-353586691,1491646444,0,0.072246000170707703,42,-0.088130474090576172,0.017552299425005913,0.50966072082519531,35392,23.459835052490234,-0.0025287240277975798,0.015651099383831024,-0.0025721597485244274
244804539,244804539,244804,-353624182,1491651341,6.2600116729736328,-0.66874414682388306,-0.10281047224998474,35411,-0.0013533835299313068,1.0286726951599121,-353650090,1491654820,-353586635,1491646437,0,0.075673319399356842,44,-0.087292671203613281,0.019131552428007126,0.50752449035644531,35392,22.54456901550293,-0.0024837141390889883,0.017552299425005913,-0.0025287240277975798
244904499,244904499,244904,-353624127,1491651334,6.0169620513916016,-0.64447110891342163,-0.1028195321559906,35411,-0.0010680949781090021,1.0286747217178345,-353650090,1491654820,-353586580,1491646429,0,0.076492920517921448,44,-0.086582660675048828,0.020119467750191689,0.50241279602050781,35392,21.669902801513672,-0.0024373589549213648,0.019131552428007126,-0.0024837141390889883
245004459,245004459,245004,-353624075,1491651327,5.7855238914489746,-0.61956483125686646,-0.10282036662101746,35411,-0.00082672492135316133,1.0286896228790283,-353650090,1491654820,-353586528,1491646422,0,0.077159762382507324,45,-0.085575580596923828,0.02110690250992775,0.50310134887695312,35392,20.836339950561523,-0.0023890829179435968,0.020119467750191689,-0.0024373589549213648
245104419,245104419,245104,-353624025,1491651321,5.5644855499267578,-0.59531372785568237,-0.10280778259038925,35411,-0.00062731659272685647,1.0286821126937866,-353650090,1491654820,-353586478,1491646416,0,0.07685822993516922,44,-0.084719181060791016,0.02185993455350399,0.49987411499023438,35392,20.040058135986328,-0.0023392101284116507,0.02110690250992775,-0.0023890829179435968
245204379,245204379,245204,-353623977,1491651315,5.3536248207092285,-0.57256394624710083,-0.1027943417429924,35412,-0.00044636751408688724,1.0286704301834106,-353650090,1491654820,-353586430,1491646409,0,0.076327688992023468,44,-0.083979606628417969,0.02256428450345993,0.49435806274414062,35392,19.280588150024414,-0.002287944545969367,0.02185993455350399,-0.0023392101284116507
245304339,245304339,245304,-353623930,1491651309,5.1518983840942383,-0.55109983682632446,-0.10277684032917023,35412,-0.00028654406196437776,1.0286852121353149,-353650090,1491654820,-353586383,1491646403,0,0.076773211359977722,44,-0.082980155944824219,0.023584801703691483,0.49323272705078125,35392,18.554130554199219,-0.0022347925696521997,0.02256428450345993,-0.002287944545969367
245405132,245405132,245405,-353623886,1491651303,4.9592347145080566,-0.53079843521118164,-0.10275687277317047,35412,-0.00013310786744114012,1.0286704301834106,-353650090,1491654820,-353586339,1491646397,0,0.077671431005001068,45,-0.081838607788085938,0.024787789210677147,0.49422645568847656,35392,17.860385894775391,-0.0021794422063976526,0.023584801703691483,-0.0022347925696521997
245505092,245505092,245505,-353623842,1491651297,4.7745771408081055,-0.51133304834365845,-0.10272974520921707,35412,-0.00070650019915774465,1.0286722183227539,-353650090,1491654820,-353586295,1491646392,0,0.079227149486541748,46,-0.080426216125488281,0.026262303814291954,0.49893379211425781,35392,17.195466995239258,-0.002121426397934556,0.024787789210677147,-0.0021794422063976526
245605052,245605052,245605,-353623800,1491651292,4.5998425483703613,-0.49283573031425476,-0.10270139575004578,35412,-0.0009346138103865087,1.0286704301834106,-353650090,1491654820,-353586253,1491646386,0,0.078658483922481537,45,-0.079670429229736328,0.027064330875873566,0.49230003356933594,35392,16.566249847412109,-0.0020620073191821575,0.026262303814291954,-0.002121426397934556
245705012,245705012,245705,-353623760,1491651286,4.4328680038452148,-0.47503584623336792,-0.10267017781734467,35412,-0.0010013212449848652,1.0286738872528076,-353650090,1491654820,-353586213,1491646381,0,0.080499239265918732,47,-0.078013420104980469,0.028741370886564255,0.49981498718261719,35392,15.964926719665527,-0.0019994080066680908,0.027064330875873566,-0.0020620073191821575
245804972,245804972,245804,-353623720,1491651281,4.2730522155761719,-0.45796498656272888,-0.10263742506504059,35412,-0.0010098196798935533,1.0286802053451538,-353650090,1491654820,-353586173,1491646376,0,0.080712899565696716,47,-0.076871871948242188,0.029895758256316185,0.49830436706542969,35392,15.389373779296875,-0.0019346630433574319,0.028741370886564255,-0.0019994080066680908
245904932,245904932,245904,-353623683,1491651276,4.1200218200683594,-0.44152507185935974,-0.10260741412639618,35413,-0.00099721061997115612,1.028670072555542,-353650090,1491654820,-353586136,1491646371,0,0.0812038853764534,47,-0.075562953948974609,0.031195236369967461,0.49889183044433594,35392,14.83821964263916,-0.0018674330785870552,0.029895758256316185,-0.0019346630433574319
246004892,246004892,246004,-353623646,1491651272,3.9733054637908936,-0.425832599401474,-0.1025761291384697,35413,-0.00098084681667387486,1.0286738872528076,-353650090,1491654820,-353586099,1491646366,0,0.080137409269809723,46,-0.074843406677246094,0.031922526657581329,0.49045944213867188,35392,14.309833526611328,-0.0017988984473049641,0.031195236369967461,-0.0018674330785870552
246104852,246104852,246104,-353623611,1491651267,3.8324582576751709,-0.4106830358505249,-0.10254351049661636,35413,-0.00095368205802515149,1.0286785364151001,-353650090,1491654820,-353586064,1491646361,0,0.080824077129364014,47,-0.07337188720703125,0.033379882574081421,0.49245071411132812,35392,13.802553176879883,-0.0017275554127991199,0.031922526657581329,-0.0017988984473049641
246204812,246204812,246204,-353623577,1491651263,3.6972939968109131,-0.39611822366714478,-0.10251503437757492,35413,-0.00092131167184561491,1.0286723375320435,-353650090,1491654820,-353586030,1491646357,0,0.080700479447841644,47,-0.072182178497314453,0.034547802060842514,0.48984909057617188,35392,13.315730094909668,-0.0016539937350898981,0.033379882574081421,-0.0017275554127991199
246304772,246304772,246304,-353623545,1491651259,3.5666573047637939,-0.38193419575691223,-0.10248610377311707,35413,-0.00088086264440789819,1.0286766290664673,-353650090,1491654820,-353585998,1491646352,0,0.080049097537994385,46,-0.071153163909912109,0.035524722188711166,0.48490333557128906,35392,12.845172882080078,-0.0015785063151270151,0.034547802060842514,-0.0016539937350898981
246404732,246404732,246404,-353623514,1491651255,3.4409842491149902,-0.36829420924186707,-0.10246265679597855,35413,-0.00083029380766674876,1.0286794900894165,-353650090,1491654820,-353585967,1491646348,0,0.080197319388389587,46,-0.069734573364257812,0.036891166120767593,0.48440170288085938,35392,12.392496109008789,-0.001500341109931469,0.035524722188711166,-0.0015785063151270151
246504692,246504692,246504,-353623484,1491651251,3.3198425769805908,-0.3551117479801178,-0.10243890434503555,35414,-0.00077977142063900828,1.0286719799041748,-353650090,1491654820,-353585937,1491646344,0,0.080433033406734467,46,-0.068210601806640625,0.038350682705640793,0.484588623046875,35392,11.956130027770996,-0.0014192902017384768,0.036891166120767593,-0.001500341109931469
246604652,246604652,246604,-353623454,1491651247,3.2034592628479004,-0.34246915578842163,-0.10241788625717163,35414,-0.0007269729976542294,1.0286730527877808,-353650090,1491654820,-353585907,1491646340,0,0.080675669014453888,47,-0.066636562347412109,0.039864920079708099,0.48477745056152344,35392,11.536911964416504,-0.001335259759798646,0.038350682705640793,-0.0014192902017384768
246704612,246704612,246704,-353623426,1491651243,3.0914149284362793,-0.33025455474853516,-0.10239510983228683,35414,-0.00068329065106809139,1.0286754369735718,-353650090,1491654820,-353585879,1491646337,0,0.081807531416416168,47,-0.064535140991210938,0.041890833526849747,0.49011611938476562,35392,11.133306503295898,-0.0012472214875742793,0.039864920079708099,-0.001335259759798646
246804572,246804572,246804,-353623399,1491651240,2.9837644100189209,-0.31843200325965881,-0.10237117111682892,35414,-0.00063849322032183409,1.028678297996521,-353650090,1491654820,-353585852,1491646333,0,0.080728970468044281,47,-0.063488006591796875,0.042831040918827057,0.48337554931640625,35392,10.745494842529297,-0.0011572591029107571,0.041890833526849747,-0.0012472214875742793
246904532,246904532,246904,-353623373,1491651236,2.8802802562713623,-0.30701181292533875,-0.10233909636735916,35414,-0.00060563423903658986,1.0286858081817627,-353650090,1491654820,-353585826,1491646330,0,0.081998303532600403,47,-0.061120510101318359,0.04506964236497879,0.49010276794433594,35392,10.372673034667969,-0.0010627629235386848,0.042831040918827057,-0.0011572591029107571
247004492,247004492,247004,-353623348,1491651233,2.7807846069335938,-0.29592496156692505,-0.10231316089630127,35414,-0.00057907786685973406,1.0286821126937866,-353650090,1491654820,-353585801,1491646326,0,0.081052593886852264,47,-0.059873580932617188,0.046145416796207428,0.4847564697265625,35392,10.014179229736328,-0.00096594978822395205,0.04506964236497879,-0.0010627629235386848
247104452,247104452,247104,-353623324,1491651230,2.6852760314941406,-0.28530967235565186,-0.10228364169597626,35414,-0.00056218408280983567,1.0286730527877808,-353650090,1491654820,-353585777,1491646323,0,0.080923289060592651,47,-0.058140277862548828,0.047712471336126328,0.48385238647460938,35392,9.6700620651245117,-0.00086587580153718591,0.046145416796207428,-0.00096594978822395205
247204412,247204412,247204,-353623300,1491651227,2.5934927463531494,-0.27512580156326294,-0.10224839299917221,35415,-0.00055197393521666527,1.02867591381073,-353650090,1491654820,-353585753,1491646320,0,0.080804094672203064,47,-0.056357383728027344,0.049330398440361023,0.48294830322265625,35392,9.3393735885620117,-0.00076244905358180404,0.047712471336126328,-0.00086587580153718591
247304372,247304372,247304,-353623277,1491651224,2.5053012371063232,-0.26530534029006958,-0.10221494734287262,35415,-0.00054468255257233977,1.0286726951599121,-353650090,1491654820,-353585730,1491646317,0,0.080783046782016754,47,-0.054448127746582031,0.051056090742349625,0.48274803161621094,35392,9.0216131210327148,-0.0006554204155690968,0.049330398440361023,-0.00076244905358180404
247404332,247404332,247404,-353623255,1491651221,2.4203817844390869,-0.25589826703071594,-0.10217978060245514,35415,-0.00053661857964470983,1.0286743640899658,-353650090,1491654820,-353585708,1491646314,0,0.080910779535770416,47,-0.052401542663574219,0.052933629602193832,0.48323440551757812,35392,8.7156620025634766,-0.00054451916366815567,0.051056090742349625,-0.0006554204155690968
247505125,247505125,247505,-353623233,1491651218,2.3389546871185303,-0.24686427414417267,-0.1021430715918541,35415,-0.00053473113803192973,1.0286858081817627,-353650090,1491654820,-353585686,1491646311,0,0.08103005588054657,47,-0.050295352935791016,0.054860126227140427,0.48372268676757812,35392,8.4222869873046875,-0.00042958860285580158,0.052933629602193832,-0.00054451916366815567
247605085,247605085,247605,-353623213,1491651216,2.2598776817321777,-0.23809900879859924,-0.10210359841585159,35415,-0.00053611095063388348,1.0286840200424194,-353650090,1491654820,-353585666,1491646309,0,0.080486401915550232,47,-0.048570632934570312,0.056401520967483521,0.4803466796875,35392,8.1373834609985352,-0.00031150793074630201,0.054860126227140427,-0.00042958860285580158
247705045,247705045,247705,-353623192,1491651213,2.1850614547729492,-0.22972191870212555,-0.10206286609172821,35416,-0.00054980930872261524,1.0286719799041748,-353650090,1491654820,-353585645,1491646306,0,0.080677799880504608,47,-0.046273231506347656,0.058475121855735779,0.481536865234375,35392,7.8677997589111328,-0.00018907338380813599,0.056401520967483521,-0.00031150793074630201
247805005,247805005,247805,-353623173,1491651211,2.1127338409423828,-0.22161509096622467,-0.10201762616634369,35416,-0.00056585727725178003,1.0286778211593628,-353650090,1491654820,-353585626,1491646303,0,0.079516515135765076,46,-0.044903278350830078,0.059609256684780121,0.4750823974609375,35392,7.607180118560791,-6.413836672436446e-05,0.058475121855735779,-0.00018907338380813599
247904965,247904965,247904,-353623154,1491651208,2.0435233116149902,-0.21381677687168121,-0.10197535157203674,35416,-0.00058497692225500941,1.0286723375320435,-353650090,1491654820,-353585607,1491646301,0,0.080597966909408569,47,-0.041780471801757812,0.062471628189086914,0.4814300537109375,35392,7.3577775955200195,6.6765715018846095e-05,0.059609256684780121,-6.413836672436446e-05
248004925,248004925,248004,-353623135,1491651206,1.9764353036880493,-0.20619601011276245,-0.10193683207035065,35416,-0.00060182495508342981,1.0286718606948853,-353650090,1491654820,-353585588,1491646298,0,0.079376876354217529,46,-0.040334224700927734,0.063617095351219177,0.4749755859375,35392,7.1160006523132324,0.00020030669111292809,0.062471628189086914,6.6765715018846095e-05
248104885,248104885,248104,-353623118,1491651204,1.9122068881988525,-0.19876667857170105,-0.10189754515886307,35417,-0.000624899344984442,1.0286872386932373,-353650090,1491654820,-353585571,1491646296,0,0.078994736075401306,46,-0.0381317138671875,0.065442487597465515,0.47368240356445312,35392,6.8844809532165527,0.00033796916250139475,0.063617095351219177,0.00020030669111292809
248204845,248204845,248204,-353623100,1491651201,1.8499408960342407,-0.1915830671787262,-0.10185728967189789,35417,-0.00063781026983633637,1.028687596321106,-353650090,1491654820,-353585553,1491646294,0,0.080095857381820679,46,-0.034598350524902344,0.068595632910728455,0.48072433471679688,35392,6.6600432395935059,0.00048239773605018854,0.065442487597465515,0.00033796916250139475
248304805,248304805,248304,-353623084,1491651199,1.7904399633407593,-0.18470978736877441,-0.10181683301925659,35417,-0.00065642257686704397,1.0286877155303955,-353650090,1491654820,-353585537,1491646292,0,0.079855404794216156,46,-0.032132148742675781,0.070668749511241913,0.48012924194335938,35392,6.4455699920654297,0.00063145579770207405,0.068595632910728455,0.00048239773605018854
248404765,248404765,248404,-353623068,1491651197,1.7326468229293823,-0.17800240218639374,-0.10177642852067947,35417,-0.00067244534147903323,1.0286818742752075,-353650090,1491654820,-353585521,1491646289,0,0.078918725252151489,46,-0.030200004577636719,0.072175107896327972,0.47574615478515625,35392,6.2372417449951172,0.00078409322304651141,0.070668749511241913,0.00063145579770207405
248504725,248504725,248504,-353623052,1491651195,1.6767892837524414,-0.17163349688053131,-0.10173962265253067,35418,-0.00068546674447134137,1.0286868810653687,-353650090,1491654820,-353585505,1491646287,0,0.078737117350101471,46,-0.027588367462158203,0.074414715170860291,0.47515106201171875,35392,6.0359334945678711,0.00094163400353863835,0.072175107896327972,0.00078409322304651141
248604685,248604685,248604,-353623037,1491651193,1.6225591897964478,-0.16542251408100128,-0.10170281678438187,35418,-0.00069270451785996556,1.0286755561828613,-353650090,1491654820,-353585490,1491646285,0,0.078658245503902435,45,-0.024767875671386719,0.076832659542560577,0.47523880004882812,35392,5.8404812812805176,0.0011044885031878948,0.074414715170860291,0.00094163400353863835
248704645,248704645,248704,-353623022,1491651191,1.570162296295166,-0.15935583412647247,-0.1016630232334137,35418,-0.0006983074126765132,1.0286822319030762,-353650090,1491654820,-353585475,1491646283,0,0.078545458614826202,45,-0.021852016448974609,0.079291500151157379,0.47534561157226562,35392,5.651613712310791,0.0012728360015898943,0.076832659542560577,0.0011044885031878948
248804605,248804605,248804,-353623008,1491651190,1.5193983316421509,-0.15338242053985596,-0.10163356363773346,35418,-0.00070118019357323647,1.0286813974380493,-353650090,1491654820,-353585461,1491646282,0,0.077584341168403625,45,-0.019662380218505859,0.080945976078510284,0.47088623046875,35392,5.4685988426208496,0.0014451951719820499,0.079291500151157379,0.0012728360015898943
248904565,248904565,248904,-353622995,1491651188,1.4704922437667847,-0.147725909948349,-0.10160005837678909,35418,-0.00070341711398214102,1.0286852121353149,-353650090,1491654820,-353585448,1491646280,0,0.07755628228187561,45,-0.016506195068359375,0.08361806720495224,0.4723663330078125,35392,5.2923183441162109,0.0014451951719820499,0.080945976078510284,0.0014451951719820499
249004525,249004525,249004,-353622981,1491651186,1.4230974912643433,-0.14229825139045715,-0.10156839340925217,35419,-0.00070765474811196327,1.0286704301834106,-353650090,1491654820,-353585434,1491646278,0,0.07745072990655899,45,-0.013364791870117188,0.086295835673809052,0.47315216064453125,35392,5.1215062141418457,0.0014451951719820499,0.08361806720495224,0.0014451951719820499
249104485,249104485,249104,-353622969,1491651185,1.3775209188461304,-0.13703906536102295,-0.10153274983167648,35419,-0.00071342068258672953,1.0286707878112793,-353650090,1491654820,-353585422,1491646276,0,0.075987100601196289,44,-0.011682510375976562,0.087473675608634949,0.46630477905273438,35391,4.9572334289550781,0.0014451951719820499,0.086295835673809052,0.0014451951719820499
249204445,249204445,249204,-353622956,1491651183,1.3334285020828247,-0.1319379061460495,-0.10149539262056351,35419,-0.00072081765392795205,1.0286741256713867,-353650090,1491654820,-353585409,1491646275,0,0.076661743223667145,44,-0.0074419975280761719,0.091183334589004517,0.47156524658203125,35392,4.7983074188232422,0.0014451951719820499,0.087473675608634949,0.0014451951719820499
249304405,249304405,249304,-353622944,1491651182,1.2908903360366821,-0.12711937725543976,-0.10146147012710571,35419,-0.00072902831016108394,1.0286853313446045,-353650090,1491654820,-353585397,1491646273,0,0.075270503759384155,43,-0.0056710243225097656,0.092486724257469177,0.46471023559570312,35391,4.6450200080871582,0.0014451951719820499,0.091183334589004517,0.0014451951719820499
249404365,249404365,249404,-353622933,1491651180,1.2497310638427734,-0.12239737808704376,-0.10142546892166138,35419,-0.00073689123382791877,1.0286896228790283,-353650090,1491654820,-353585386,1491646272,0,0.076229669153690338,44,-0.00085926055908203125,0.096768200397491455,0.47136688232421875,35392,4.4966821670532227,0.0014451951719820499,0.092486724257469177,0.0014451951719820499
249504325,249504325,249504,-353622922,1491651179,1.2102135419845581,-0.11794781684875488,-0.10139054805040359,35420,-0.00074934191070497036,1.028680682182312,-353650090,1491654820,-353585375,1491646270,0,0.074988760054111481,43,0.0011572986841201782,0.098310805857181549,0.46520233154296875,35391,4.3542919158935547,0.0014451951719820499,0.096768200397491455,0.0014451951719820499
249605118,249605118,249605,-353622911,1491651177,1.1719224452972412,-0.11356928944587708,-0.10135754197835922,35420,-0.00076326238922774792,1.0286858081817627,-353650090,1491654820,-353585364,1491646269,0,0.075971059501171112,44,0.0062672048807144165,0.10287407785654068,0.47185134887695312,35392,4.2162981033325195,0.0014451951719820499,0.098310805857181549,0.0014451951719820499
249705078,249705078,249705,-353622900,1491651176,1.135270357131958,-0.10948298871517181,-0.10132235288619995,35420,-0.00078551063779741526,1.02867591381073,-353650090,1491654820,-353585353,1491646267,0,0.074769318103790283,43,0.0083857253193855286,0.10452622175216675,0.4656982421875,35391,4.0842485427856445,0.0014451951719820499,0.10287407785654068,0.0014451951719820499
249805038,249805038,249805,-353622890,1491651175,1.0998574495315552,-0.10535868257284164,-0.1012839749455452,35420,-0.00080811645602807403,1.0286846160888672,-353650090,1491654820,-353585343,1491646266,0,0.07425401359796524,43,0.011663071811199188,0.10716469585895538,0.46400833129882812,35391,3.9566042423248291,0.0014451951719820499,0.10452622175216675,0.0014451951719820499
249904998,249904998,249904,-353622879,1491651173,1.0662467479705811,-0.10140781849622726,-0.10125040262937546,35420,-0.00083073426503688097,1.0286704301834106,-353650090,1491654820,-353585332,1491646264,0,0.074519805610179901,43,0.016138933598995209,0.11096099019050598,0.46686935424804688,35391,3.8354451656341553,0.0014451951719820499,0.10716469585895538,0.0014451951719820499
250004958,250004958,250004,-353622870,1491651172,1.0333542823791504,-0.097461409866809845,-0.10121552646160126,35421,-0.00085494091035798192,1.0286881923675537,-353650090,1491654820,-353585323,1491646263,0,0.074071407318115234,43,0.019787341356277466,0.11382473260164261,0.46588134765625,35391,3.7168495655059814,0.0014451951719820499,0.11096099019050598,0.0014451951719820499
250104918,250104918,250104,-353622860,1491651171,1.0019814968109131,-0.093796499073505402,-0.1011802926659584,35421,-0.00087534199701622128,1.0286771059036255,-353650090,1491654820,-353585313,1491646262,0,0.073578082025051117,42,0.023288071155548096,0.11662706732749939,0.46420669555664062,35391,3.603769063949585,0.0014451951719820499,0.11382473260164261,0.0014451951719820499
250204878,250204878,250204,-353622851,1491651170,0.9711948037147522,-0.090044416487216949,-0.10114564001560211,35421,-0.00089167366968467832,1.0286840200424194,-353650090,1491654820,-353585304,1491646261,0,0.073109887540340424,42,0.027131497859954834,0.11958228796720505,0.46320724487304688,35391,3.4927515983581543,0.0014451951719820499,0.11662706732749939,0.0014451951719820499
250304838,250304838,250304,-353622842,1491651169,0.94177621603012085,-0.086473800241947174,-0.10111311823129654,35421,-0.00090860534692183137,1.0286722183227539,-353650090,1491654820,-353585295,1491646260,0,0.07266639918088913,42,0.03103145956993103,0.12259461730718613,0.46221923828125,35391,3.3866746425628662,0.0014451951719820499,0.11958228796720505,0.0014451951719820499
250404798,250404798,250404,-353622833,1491651168,0.91290050745010376,-0.082968331873416901,-0.1010848805308342,35421,-0.00092120218323543668,1.028680682182312,-353650090,1491654820,-353585286,1491646258,0,0.071553498506546021,41,0.033920757472515106,0.12455606460571289,0.45743560791015625,35391,3.2825577259063721,0.0014451951719820499,0.12259461730718613,0.0014451951719820499
250504758,250504758,250504,-353622825,1491651167,0.88494545221328735,-0.079534366726875305,-0.10105841606855392,35421,-0.00093186070444062352,1.028684139251709,-353650090,1491654820,-353585278,1491646257,0,0.071219705045223236,41,0.038287006318569183,0.12792105972766876,0.4571380615234375,35391,3.1817505359649658,0.0014451951719820499,0.12455606460571289,0.0014451951719820499
250604718,250604718,250604,-353622817,1491651166,0.85768270492553711,-0.076121248304843903,-0.10103141516447067,35422,-0.0009378929971717298,1.0286802053451538,-353650090,1491654820,-353585270,1491646256,0,0.070853188633918762,41,0.042820163071155548,0.13134044408798218,0.45683670043945312,35391,3.0834228992462158,0.0014451951719820499,0.12792105972766876,0.0014451951719820499
250704678,250704678,250704,-353622809,1491651165,0.83123552799224854,-0.073032557964324951,-0.10100544989109039,35422,-0.00093654525699093938,1.0286755561828613,-353650090,1491654820,-353585262,1491646255,0,0.070635870099067688,41,0.047501750290393829,0.13513696193695068,0.45654296875,35391,2.9881100654602051,0.0014451951719820499,0.13134044408798218,0.0014451951719820499
250804638,250804638,250804,-353622802,1491651164,0.80543535947799683,-0.06994234025478363,-0.10097906738519669,35422,-0.00093796738656237721,1.0286864042282104,-353650090,1491654820,-353585255,1491646254,0,0.070495627820491791,41,0.052606627345085144,0.1392272561788559,0.45693588256835938,35391,2.8951075077056885,0.0014451951719820499,0.13513696193695068,0.0014451951719820499
250904598,250904598,250904,-353622794,1491651163,0.78072589635848999,-0.067107267677783966,-0.10095533728599548,35422,-0.00093877711333334446,1.0286716222763062,-353650090,1491654820,-353585247,1491646253,0,0.070320747792720795,41,0.057571671903133392,0.1433158814907074,0.456634521484375,35391,2.8060777187347412,0.0014451951719820499,0.1392272561788559,0.0014451951719820499
251004558,251004558,251004,-353622787,1491651162,0.75670713186264038,-0.064314842224121094,-0.10092870891094208,35422,-0.00094075256492942572,1.0286766290664673,-353650090,1491654820,-353585240,1491646252,0,0.070249587297439575,41,0.062969952821731567,0.14775921404361725,0.45703125,35391,2.7195277214050293,0.0014451951719820499,0.1433158814907074,0.0014451951719820499
251104518,251104518,251104,-353622781,1491651161,0.73344272375106812,-0.06169949471950531,-0.10090378671884537,35422,-0.00094406097196042538,1.0286837816238403,-353650090,1491654820,-353585234,1491646252,0,0.071033969521522522,41,0.070284076035022736,0.15420959889888763,0.4619140625,35391,2.6357254981994629,0.0014451951719820499,0.14775921404361725,0.0014451951719820499
251204478,251204478,251204,-353622774,1491651160,0.71086090803146362,-0.059112578630447388,-0.10087868571281433,35423,-0.00094841921236366034,1.0286707878112793,-353650090,1491654820,-353585227,1491646251,0,0.070996329188346863,41,0.076111860573291779,0.15907730162143707,0.46230697631835938,35391,2.5543694496154785,0.0014451951719820499,0.15420959889888763,0.0014451951719820499
251304438,251304438,251304,-353622767,1491651160,0.6891094446182251,-0.056590192019939423,-0.10085698217153549,35423,-0.00094683642964810133,1.0286825895309448,-353650090,1491654820,-353585220,1491646250,0,0.069353863596916199,40,0.07838960736989975,0.1603265106678009,0.45367050170898438,35391,2.4759984016418457,0.0014451951719820499,0.15907730162143707,0.0014451951719820499
251404398,251404398,251404,-353622761,1491651159,0.66787236928939819,-0.054113466292619705,-0.10083644837141037,35423,-0.00094894436188042164,1.0286865234375,-353650090,1491654820,-353585214,1491646249,0,0.069418318569660187,40,0.084793888032436371,0.16564095020294189,0.45475387573242188,35391,2.3994793891906738,0.0014451951719820499,0.1603265106678009,0.0014451951719820499
251504358,251504358,251504,-353622755,1491651158,0.64740282297134399,-0.051769882440567017,-0.10081542283296585,35423,-0.00094764801906421781,1.0286738872528076,-353650090,1491654820,-353585208,1491646248,0,0.069514892995357513,40,0.091388046741485596,0.17118373513221741,0.45583343505859375,35391,2.3257412910461426,0.0014451951719820499,0.16564095020294189,0.0014451951719820499
251604318,251604318,251604,-353622749,1491651157,0.62752705812454224,-0.049394018948078156,-0.10079456865787506,35423,-0.00094704888761043549,1.0286849737167358,-353650090,1491654820,-353585202,1491646247,0,0.069555953145027161,40,0.098234742879867554,0.17678496241569519,0.4569244384765625,35391,2.2541165351867676,0.0014451951719820499,0.17118373513221741,0.0014451951719820499
251705111,251705111,251705,-353622744,1491651157,0.60812282562255859,-0.047249440103769302,-0.10077356547117233,35423,-0.00094668293604627252,1.028670072555542,-353650090,1491654820,-353585197,1491646247,0,0.068912163376808167,40,0.10325353592634201,0.18079495429992676,0.45347213745117188,35391,2.1842429637908936,0.0014451951719820499,0.17678496241569519,0.0014451951719820499
251805071,251805071,251805,-353622738,1491651156,0.58940392732620239,-0.045181248337030411,-0.10075157135725021,35423,-0.00094389781588688493,1.0286730527877808,-353650090,1491654820,-353585191,1491646246,0,0.069066785275936127,40,0.1105358749628067,0.18704208731651306,0.45455169677734375,35391,2.1168396472930908,0.0014451951719820499,0.18079495429992676,0.0014451951719820499
251905031,251905031,251905,-353622733,1491651155,0.57167249917984009,-0.043350111693143845,-0.10073194652795792,35423,-0.00094391900347545743,1.0286754369735718,-353650090,1491654820,-353585186,1491646245,0,0.069424659013748169,40,0.11825457215309143,0.19394004344940186,0.45632171630859375,35391,2.0530288219451904,0.0014451951719820499,0.18704208731651306,0.0014451951719820499
252004991,252004991,252004,-353622728,1491651155,0.55433273315429688,-0.041260641068220139,-0.10071209073066711,35423,-0.00094754062592983246,1.0286741256713867,-353650090,1491654820,-353585181,1491646245,0,0.068682417273521423,40,0.12364476174116135,0.19794073700904846,0.45287322998046875,35391,1.9905493259429932,0.0014451951719820499,0.19394004344940186,0.0014451951719820499
252104951,252104951,252104,-353622722,1491651154,0.53781664371490479,-0.039550352841615677,-0.10069093108177185,35424,-0.00095677340868860483,1.0286722183227539,-353650090,1491654820,-353585175,1491646244,0,0.068916410207748413,40,0.13141623139381409,0.20482280850410461,0.45395660400390625,35391,1.931114673614502,0.0014451951719820499,0.19794073700904846,0.0014451951719820499
252204911,252204911,252204,-353622717,1491651153,0.5215567946434021,-0.037723332643508911,-0.10067231953144073,35424,-0.00095942255575209856,1.0286896228790283,-353650090,1491654820,-353585170,1491646243,0,0.069185458123683929,40,0.13995727896690369,0.2121598869562149,0.45573043823242188,35391,1.8725669384002686,0.0014451951719820499,0.20482280850410461,0.0014451951719820499
252304871,252304871,252304,-353622713,1491651153,0.50604164600372314,-0.036176294088363647,-0.10065291076898575,35424,-0.00096569012384861708,1.0286754369735718,-353650090,1491654820,-353585166,1491646243,0,0.068780027329921722,40,0.14611208438873291,0.21747943758964539,0.452972412109375,35391,1.8167530298233032,0.0014451951719820499,0.2121598869562149,0.0014451951719820499
252404831,252404831,252404,-353622708,1491651152,0.49080461263656616,-0.034428149461746216,-0.1006307452917099,35424,-0.00096864788793027401,1.0286731719970703,-353650090,1491654820,-353585161,1491646242,0,0.069032251834869385,40,0.15517175197601318,0.22520339488983154,0.45473861694335938,35391,1.7618833780288696,0.0014451951719820499,0.21747943758964539,0.0014451951719820499
252504791,252504791,252504,-353622704,1491651152,0.47611474990844727,-0.032985445111989975,-0.10060951858758926,35424,-0.00096456910250708461,1.028680682182312,-353650090,1491654820,-353585157,1491646241,0,0.06796206533908844,39,0.15945595502853394,0.22862587869167328,0.44818115234375,35391,1.7090473175048828,0.0014451951719820499,0.22520339488983154,0.0014451951719820499
252604751,252604751,252604,-353622699,1491651151,0.46164736151695251,-0.031529180705547333,-0.10058971494436264,35424,-0.00096326717175543308,1.0286723375320435,-353650090,1491654820,-353585152,1491646241,0,0.069024503231048584,40,0.17150954902172089,0.23970076441764832,0.45376205444335938,35391,1.6570039987564087,0.0014451951719820499,0.22862587869167328,0.0014451951719820499
252704711,252704711,252704,-353622695,1491651151,0.44774934649467468,-0.030282227322459221,-0.10056781768798828,35424,-0.00095910014351829886,1.0286825895309448,-353650090,1491654820,-353585148,1491646240,0,0.06802184134721756,39,0.17611026763916016,0.24363952875137329,0.44719696044921875,35391,1.6070473194122314,0.0014451951719820499,0.23970076441764832,0.0014451951719820499
252804671,252804671,252804,-353622691,1491651150,0.43413549661636353,-0.028954718261957169,-0.10055112838745117,35424,-0.00095832691295072436,1.0286741256713867,-353650090,1491654820,-353585144,1491646240,0,0.069231286644935608,40,0.18943214416503906,0.25602865219116211,0.453460693359375,35391,1.5580872297286987,0.0014451951719820499,0.24363952875137329,0.0014451951719820499
252904631,252904631,252904,-353622687,1491651149,0.42090240120887756,-0.027793560177087784,-0.10053196549415588,35424,-0.00095266825519502163,1.0286821126937866,-353650090,1491654820,-353585140,1491646239,0,0.069841094315052032,40,0.20072644948959351,0.26666396856307983,0.45592117309570312,35391,1.5105283260345459,0.0014451951719820499,0.25602865219116211,0.0014451951719820499
253004591,253004591,253004,-353622683,1491651149,0.40804994106292725,-0.02654220350086689,-0.10051205009222031,35425,-0.00094584794715046883,1.0286825895309448,-353650090,1491654820,-353585136,1491646239,0,0.06945076584815979,40,0.20876327157020569,0.2737182080745697,0.45316696166992188,35391,1.4643093347549438,0.0014451951719820499,0.26666396856307983,0.0014451951719820499
253104551,253104551,253104,-353622679,1491651148,0.39576423168182373,-0.025413338094949722,-0.10049235820770264,35425,-0.00093900831416249275,1.02867591381073,-353650090,1491654820,-353585132,1491646238,0,0.070022247731685638,40,0.22072401642799377,0.28484931588172913,0.45562744140625,35391,1.4201451539993286,0.0014451951719820499,0.2737182080745697,0.0014451951719820499
253204511,253204511,253204,-353622676,1491651148,0.38374251127243042,-0.024163223803043365,-0.10046861320734024,35425,-0.0009317365474998951,1.0286730527877808,-353650090,1491654820,-353585129,1491646238,0,0.069702990353107452,40,0.22979402542114258,0.29267829656600952,0.45355606079101562,35391,1.3768982887268066,0.0014451951719820499,0.28484931588172913,0.0014451951719820499
253304471,253304471,253304,-353622672,1491651147,0.37219998240470886,-0.023100059479475021,-0.10044588893651962,35425,-0.00092746166046708822,1.0286799669265747,-353650090,1491654820,-353585125,1491646237,0,0.070269875228404999,41,0.24260498583316803,0.30458906292915344,0.45601272583007812,35391,1.3354076147079468,0.0014451951719820499,0.29267829656600952,0.0014451951719820499
253404431,253404431,253404,-353622669,1491651147,0.36092942953109741,-0.021974757313728333,-0.10042263567447662,35425,-0.0009258770733140409,1.0286774635314941,-353650090,1491654820,-353585122,1491646237,0,0.069981276988983154,40,0.2523004412651062,0.31310918927192688,0.45394515991210938,35391,1.2948766946792603,0.0014451951719820499,0.30458906292915344,0.0014451951719820499
253504391,253504391,253504,-353622666,1491651147,0.35004672408103943,-0.020967155694961548,-0.10040400922298431,35425,-0.00092236965429037809,1.0286730527877808,-353650090,1491654820,-353585119,1491646236,0,0.069057613611221313,40,0.25896662473678589,0.31879332661628723,0.44807052612304688,35391,1.2557592391967773,0.0014451951719820499,0.31310918927192688,0.0014451951719820499
253604351,253604351,253604,-353622662,1491651146,0.33940806984901428,-0.019891047850251198,-0.10038396716117859,35425,-0.00091951806098222733,1.0286754369735718,-353650090,1491654820,-353585115,1491646236,0,0.070250086486339569,41,0.27654939889907837,0.33508753776550293,0.45434188842773438,35391,1.217501163482666,0.0014451951719820499,0.31879332661628723,0.0014451951719820499
253704311,253704311,253704,-353622659,1491651146,0.32904130220413208,-0.018980836495757103,-0.10036633163690567,35425,-0.00091356661869212985,1.0286762714385986,-353650090,1491654820,-353585112,1491646235,0,0.069353528320789337,40,0.28387916088104248,0.34150058031082153,0.44846343994140625,35391,1.1802512407302856,0.0014451951719820499,0.33508753776550293,0.0014451951719820499
253805104,253805104,253805,-353622656,1491651145,0.31880757212638855,-0.017976829782128334,-0.100347600877285,35426,-0.00090191018534824252,1.0286755561828613,-353650090,1491654820,-353585109,1491646235,0,0.070693403482437134,41,0.30375877022743225,0.3600868284702301,0.45541763305664062,35391,1.1434590816497803,0.0014451951719820499,0.34150058031082153,0.0014451951719820499
253905064,253905064,253905,-353622653,1491651145,0.30922284722328186,-0.017083682119846344,-0.10032489150762558,35426,-0.00089198199566453695,1.0286852121353149,-353650090,1491654820,-353585106,1491646235,0,0.070445731282234192,41,0.3152509331703186,0.3704419732093811,0.4533538818359375,35391,1.1090115308761597,0.0014451951719820499,0.3600868284702301,0.0014451951719820499
254005024,254005024,254005,-353622651,1491651144,0.29976123571395874,-0.016002735123038292,-0.10030508041381836,35426,-0.0008840791997499764,1.0286802053451538,-353650090,1491654820,-353585104,1491646234,0,0.07114032655954361,41,0.33340951800346375,0.38674384355545044,0.45718765258789062,35391,1.0749694108963013,0.0014451951719820499,0.3704419732093811,0.0014451951719820499
254104984,254104984,254104,-353622648,1491651144,0.2908550500869751,-0.01514007430523634,-0.1002863347530365,35426,-0.00087772897677496076,1.0286731719970703,-353650090,1491654820,-353585101,1491646234,0,0.070873476564884186,41,0.34568694233894348,0.3976936936378479,0.4551239013671875,35391,1.04295814037323,0.0014451951719820499,0.38674384355545044,0.0014451951719820499
254204944,254204944,254204,-353622645,1491651144,0.28199481964111328,-0.01409390103071928,-0.10026808828115463,35426,-0.00087492144666612148,1.0286861658096313,-353650090,1491654820,-353585098,1491646234,0,0.070502907037734985,41,0.3587605357170105,0.40869826078414917,0.45306396484375,35391,1.0110800266265869,0.0014451951719820499,0.3976936936378479,0.0014451951719820499
254304904,254304904,254304,-353622643,1491651143,0.27348721027374268,-0.013249288313090801,-0.10024955123662949,35426,-0.00086618546629324555,1.0286884307861328,-353650090,1491654820,-353585096,1491646233,0,0.071289539337158203,41,0.37885475158691406,0.42726266384124756,0.4568939208984375,35391,0.98050254583358765,0.0014451951719820499,0.40869826078414917,0.0014451951719820499
254404864,254404864,254404,-353622640,1491651143,0.26513880491256714,-0.012243988923728466,-0.10023050010204315,35426,-0.00085780705558136106,1.0286852121353149,-353650090,1491654820,-353585093,1491646233,0,0.070919930934906006,41,0.39310029149055481,0.43924704194068909,0.45483016967773438,35391,0.95047032833099365,0.0014451951719820499,0.42726266384124756,0.0014451951719820499
254504824,254504824,254504,-353622638,1491651143,0.25721648335456848,-0.011418203823268414,-0.10021103173494339,35426,-0.0008473900961689651,1.0286852121353149,-353650090,1491654820,-353585091,1491646233,0,0.07075212150812149,41,0.40829217433929443,0.45265448093414307,0.45344924926757812,35391,0.92199587821960449,0.0014451951719820499,0.43924704194068909,0.0014451951719820499
254604784,254604784,254604,-353622635,1491651143,0.24936516582965851,-0.010384486988186836,-0.10019103437662125,35426,-0.00083737354725599289,1.028681755065918,-353650090,1491654820,-353585088,1491646232,0,0.069651931524276733,40,0.41861897706985474,0.46023860573768616,0.44757461547851562,35391,0.89374721050262451,0.0014451951719820499,0.45265448093414307,0.0014451951719820499
254704744,254704744,254704,-353622633,1491651142,0.24164494872093201,-0.0095448652282357216,-0.10017397999763489,35427,-0.00082870048936456442,1.0286797285079956,-353650090,1491654820,-353585086,1491646232,0,0.071119435131549835,41,0.4476037323474884,0.48708274960517883,0.45521926879882812,35391,0.86600208282470703,0.0014451951719820499,0.46023860573768616,0.0014451951719820499
254804704,254804704,254804,-353622631,1491651142,0.23401936888694763,-0.0086744381114840508,-0.10015954077243805,35427,-0.00081797747407108545,1.0286707878112793,-353650090,1491654820,-353585084,1491646232,0,0.070933669805526733,41,0.46598151326179504,0.50303173065185547,0.45384597778320312,35391,0.8385956883430481,0.0014451951719820499,0.48708274960517883,0.0014451951719820499
254904664,254904664,254904,-353622629,1491651142,0.22667688131332397,-0.0079813683405518532,-0.10013972222805023,35427,-0.00080319918924942613,1.0286853313446045,-353650090,1491654820,-353585082,1491646231,0,0.070132173597812653,40,0.47931483387947083,0.5145106315612793,0.44865036010742188,35391,0.81222987174987793,0.0014451951719820499,0.50303173065185547,0.0014451951719820499
255004624,255004624,255004,-353622626,1491651142,0.21950501203536987,-0.0072444085963070393,-0.10011910647153854,35427,-0.00079280917998403311,1.0286723375320435,-353650090,1491654820,-353585079,1491646231,0,0.069877460598945618,40,0.49799001216888428,0.53098142147064209,0.44658660888671875,35391,0.78647243976593018,0.0014451951719820499,0.5145106315612793,0.0014451951719820499
255104584,255104584,255104,-353622624,1491651141,0.21264168620109558,-0.0065098884515464306,-0.10009706020355225,35427,-0.00078020448563620448,1.0286746025085449,-353650090,1491654820,-353585077,1491646231,0,0.071404047310352325,41,0.53293782472610474,0.56354260444641113,0.45423507690429688,35391,0.76182377338409424,0.0014451951719820499,0.53098142147064209,0.0014451951719820499
255204544,255204544,255204,-353622623,1491651141,0.20602895319461823,-0.0056760162115097046,-0.10006090253591537,35427,-0.00076794810593128204,1.0286825895309448,-353650090,1491654820,-353585076,1491646231,0,0.071340419352054596,41,0.55588448047637939,0.58342713117599487,0.45354843139648438,35391,0.73806685209274292,0.0014451951719820499,0.56354260444641113,0.0014451951719820499
255304504,255304504,255304,-353622621,1491651141,0.19947992265224457,-0.0050195292569696903,-0.10002303868532181,35427,-0.00075649551581591368,1.028684139251709,-353650090,1491654820,-353585074,1491646230,0,0.070539616048336029,41,0.57239603996276855,0.59755384922027588,0.44835662841796875,35391,0.71456098556518555,0.0014451951719820499,0.58342713117599487,0.0014451951719820499
255404464,255404464,255404,-353622619,1491651141,0.1929861307144165,-0.0043230252340435982,-0.099981494247913361,35428,-0.00074386346386745572,1.0286813974380493,-353650090,1491654820,-353585072,1491646230,0,0.070439189672470093,41,0.59726959466934204,0.61966657638549805,0.44698333740234375,35391,0.69125407934188843,0.0014451951719820499,0.59755384922027588,0.0014451951719820499
255504424,255504424,255504,-353622617,1491651140,0.18670016527175903,-0.0037257364019751549,-0.0999407097697258,35428,-0.00072542380075901747,1.0286837816238403,-353650090,1491654820,-353585070,1491646230,0,0.072089411318302155,42,0.64168888330459595,0.66164195537567139,0.45462417602539062,35391,0.66870391368865967,0.0014451951719820499,0.61966657638549805,0.0014451951719820499
255604384,255604384,255604,-353622615,1491651140,0.18049408495426178,-0.0028912005946040154,-0.099904023110866547,35428,-0.00070714729372411966,1.0286822319030762,-353650090,1491654820,-353585068,1491646230,0,0.071949034929275513,42,0.67114579677581787,0.68716269731521606,0.45325088500976562,35391,0.64642977714538574,0.0014451951719820499,0.66164195537567139,0.0014451951719820499
255704344,255704344,255704,-353622614,1491651140,0.17461542785167694,-0.0022482406347990036,-0.099862448871135712,35428,-0.00068640144309028983,1.0286844968795776,-353650090,1491654820,-353585067,1491646229,0,0.070043645799160004,40,0.6795000433921814,0.69237470626831055,0.44874954223632812,35391,0.6253473162651062,0.0014451951719820499,0.68716269731521606,0.0014451951719820499
255805137,255805137,255805,-353622612,1491651140,0.16887550055980682,-0.0015177257591858506,-0.099823623895645142,35429,-0.00067200197372585535,1.0286833047866821,-353650090,1491654820,-353585065,1491646229,0,0.067420534789562225,39,0.67950332164764404,0.68849033117294312,0.4473724365234375,35391,0.60476535558700562,0.0014451951719820499,0.69237470626831055,0.0014451951719820499
255905097,255905097,255905,-353622611,1491651140,0.16334633529186249,-0.00090326846111565828,-0.099781230092048645,35429,-0.00065975281177088618,1.0286620855331421,-353650090,1491654820,-353585064,1491646229,0,0.064937204122543335,37,0.67950493097305298,0.68503463268280029,0.44668197631835938,35391,0.58494991064071655,0.0014451951719820499,0.68849033117294312,0.0014451951719820499
256005057,256005057,256005,-353622609,1491651139,0.15786527097225189,-0.00016631298058200628,-0.099736981093883514,35429,-0.00064908619970083237,1.0286706686019897,-353650090,1491654820,-353585062,1491646229,0,0.062413129955530167,36,0.67950820922851562,0.68056172132492065,0.45433807373046875,35391,0.56531369686126709,0.0014451951719820499,0.68503463268280029,0.0014451951719820499
256105017,256105017,256105,-353622608,1491651139,0.15287590026855469,0.00042079613194800913,-0.099694341421127319,35429,-0.00063823431264609098,1.0286620855331421,-353650090,1491654820,-353585061,1491646229,0,0.060156278312206268,35,0.67950987815856934,0.6767573356628418,0.453643798828125,35391,0.54744863510131836,0.0014451951719820499,0.68056172132492065,0.0014451951719820499
256204977,256204977,256204,-353622606,1491651139,0.14787054061889648,0.0011950486805289984,-0.099647678434848785,35430,-0.00063178304117172956,1.0286605358123779,-353650090,1491654820,-353585059,1491646228,0,0.057800855487585068,33,0.6795007586479187,0.67141920328140259,0.44845199584960938,35391,0.52953970432281494,0.0014451951719820499,0.6767573356628418,0.0014451951719820499
256304937,256304937,256304,-353622605,1491651139,0.14314374327659607,0.0016849675448611379,-0.099602408707141876,35430,-0.00062773923855274916,1.0286778211593628,-353650090,1491654820,-353585058,1491646228,0,0.055695202201604843,32,0.67950236797332764,0.66773176193237305,0.44776535034179688,35391,0.51263129711151123,0.0014451951719820499,0.67141920328140259,0.0014451951719820499
256404897,256404897,256404,-353622603,1491651139,0.13847394287586212,0.0023362103383988142,-0.099557749927043915,35430,-0.00062021921621635556,1.0286781787872314,-353650090,1491654820,-353585056,1491646228,0,0.053533304482698441,31,0.67950564622879028,0.6626361608505249,0.44638824462890625,35391,0.49594387412071228,0.0014451951719820499,0.66773176193237305,0.0014451951719820499
256504857,256504857,256504,-353622602,1491651139,0.13409988582134247,0.0027299851644784212,-0.099511072039604187,35430,-0.00061183935031294823,1.0286710262298584,-353650090,1491654820,-353585055,1491646228,0,0.051613889634609222,30,0.67950725555419922,0.65915226936340332,0.4456939697265625,35391,0.48030933737754822,0.0014451951719820499,0.6626361608505249,0.0014451951719820499
256604817,256604817,256604,-353622601,1491651138,0.12962627410888672,0.0034118525218218565,-0.099465169012546539,35431,-0.00060393783496692777,1.0286769866943359,-353650090,1491654820,-353585054,1491646228,0,0.049514375627040863,28,0.67950892448425293,0.65319430828094482,0.45403671264648438,35391,0.46435070037841797,0.0014451951719820499,0.65915226936340332,0.0014451951719820499
256704777,256704777,256704,-353622599,1491651138,0.12529012560844421,0.0038733766414225101,-0.099422231316566467,35431,-0.00059596274513751268,1.0286695957183838,-353650090,1491654820,-353585052,1491646227,0,0.04757612943649292,27,0.67949980497360229,0.64859437942504883,0.4488372802734375,35391,0.44887658953666687,0.0014451951719820499,0.65319430828094482,0.0014451951719820499
256804737,256804737,256804,-353622598,1491651138,0.12095317244529724,0.004316684789955616,-0.099377728998661041,35431,-0.00058342271950095892,1.0286731719970703,-353650090,1491654820,-353585051,1491646227,0,0.045647162944078445,26,0.67950141429901123,0.64382767677307129,0.448150634765625,35391,0.43340742588043213,0.0014451951719820499,0.64859437942504883,0.0014451951719820499
256904697,256904697,256904,-353622597,1491651138,0.1168627142906189,0.004534462932497263,-0.099332503974437714,35431,-0.00057594722602516413,1.0286719799041748,-353650090,1491654820,-353585050,1491646227,0,0.043925747275352478,25,0.67950308322906494,0.6407209038734436,0.44746780395507812,35391,0.41879871487617493,0.0014451951719820499,0.64382767677307129,0.0014451951719820499
257004657,257004657,257004,-353622596,1491651138,0.11285938322544098,0.0048339380882680416,-0.099285244941711426,35432,-0.00056842085905373096,1.0286785364151001,-353650090,1491654820,-353585049,1491646227,0,0.042198795825242996,24,0.67950469255447388,0.636699378490448,0.44677734375,35391,0.40451845526695251,0.0014451951719820499,0.6407209038734436,0.0014451951719820499
