name,key,idx,group_element,type,default
FORMAT_VERSION,0,0,0,2,13
AUTOTUNE_LEVEL,1,0,0,1,6
AUTOTUNE_OPTIONS,2,0,0,3,0
GCS_PID_MASK,3,0,0,2,0
KFF_RDDRMIX,4,0,0,4,0.5
KFF_THR2PTCH,5,0,0,4,0
STAB_PITCH_DOWN,6,0,0,4,2
ALT_SLOPE_MIN,7,0,0,2,15
ALT_SLOPE_MAXHGT,8,0,0,4,5
STICK_MIXING,9,0,0,1,1
TKOFF_THR_MINSPD,10,0,0,4,0
TKOFF_THR_MINACC,11,0,0,4,0
TKOFF_THR_DELAY,12,0,0,1,2
TKOFF_THR_MAX_T,13,0,0,4,4
TKOFF_THR_MIN,14,0,0,1,0
TKOFF_THR_IDLE,15,0,0,1,0
TKOFF_OPTIONS,16,0,0,3,0
TKOFF_TDRAG_ELEV,17,0,0,1,0
TKOFF_TDRAG_SPD1,18,0,0,4,0
TKOFF_ROTATE_SPD,19,0,0,4,0
TKOFF_THR_SLEW,20,0,0,1,0
TKOFF_PLIM_SEC,21,0,0,4,2
TKOFF_FLAP_PCNT,22,0,0,1,0
LEVEL_ROLL_LIMIT,23,0,0,1,5
USE_REV_THRUST,24,0,0,3,2
ALT_OFFSET,25,0,0,2,0
WP_RADIUS,26,0,0,2,90
WP_MAX_RADIUS,27,0,0,2,0
WP_LOITER_RAD,28,0,0,2,60
RTL_RADIUS,29,0,0,2,0
STALL_PREVENTION,30,0,0,1,1
AIRSPEED_CRUISE,31,0,0,4,12
AIRSPEED_MIN,32,0,0,2,9
AIRSPEED_MAX,33,0,0,2,22
AIRSPEED_STALL,34,0,0,4,0
FBWB_ELEV_REV,35,0,0,1,0
TERRAIN_FOLLOW,36,0,0,3,0
TERRAIN_LOOKAHD,37,0,0,2,2000
FBWB_CLIMB_RATE,38,0,0,1,2
THR_MIN,39,0,0,1,0
THR_MAX,40,0,0,1,100
TKOFF_THR_MAX,41,0,0,1,0
THR_SLEWRATE,42,0,0,1,100
FLAP_SLEWRATE,43,0,0,1,75
THR_SUPP_MAN,44,0,0,1,0
THR_PASS_STAB,45,0,0,1,0
THR_FAILSAFE,46,0,0,1,1
THR_FS_VALUE,47,0,0,2,950
TRIM_THROTTLE,48,0,0,1,45
THROTTLE_NUDGE,49,0,0,1,1
FS_SHORT_ACTN,50,0,0,1,0
FS_LONG_ACTN,51,0,0,1,0
FS_LONG_TIMEOUT,52,0,0,4,5
FS_GCS_ENABL,53,0,0,1,0
FLTMODE_CH,54,0,0,1,8
FLTMODE1,55,0,0,1,11
FLTMODE2,56,0,0,1,11
FLTMODE3,57,0,0,1,5
FLTMODE4,58,0,0,1,5
FLTMODE5,59,0,0,1,0
FLTMODE6,60,0,0,1,0
INITIAL_MODE,61,0,0,1,0
ROLL_LIMIT_DEG,62,0,0,4,45
PTCH_LIM_MAX_DEG,63,0,0,4,20
PTCH_LIM_MIN_DEG,64,0,0,4,-25
ACRO_ROLL_RATE,65,0,0,2,180
ACRO_PITCH_RATE,66,0,0,2,180
ACRO_YAW_RATE,67,0,0,2,0
ACRO_LOCKING,68,0,0,1,0
GROUND_STEER_ALT,69,0,0,4,0
GROUND_STEER_DPS,70,0,0,2,90
MIXING_GAIN,71,0,0,4,0.5
RUDDER_ONLY,72,0,0,1,0
MIXING_OFFSET,73,0,0,2,0
DSPOILR_RUD_RATE,74,0,0,2,100
LOG_BITMASK,75,0,0,3,65535
SCALING_SPEED,76,0,0,4,15
MIN_GROUNDSPEED,77,0,0,4,0
PTCH_TRIM_DEG,78,0,0,4,0
RTL_ALTITUDE,79,0,0,4,100
CRUISE_ALT_FLOOR,80,0,0,4,0
FLAP_1_PERCNT,81,0,0,1,0
FLAP_1_SPEED,82,0,0,1,0
FLAP_2_PERCNT,83,0,0,1,0
FLAP_2_SPEED,84,0,0,1,0
RTL_AUTOLAND,85,0,0,1,0
CRASH_ACC_THRESH,86,0,0,1,0
CRASH_DETECT,87,0,0,1,0
BARO1_GND_PRESS,88,0,2,4,0
BARO_GND_TEMP,88,0,3,4,0
BARO_ALT_OFFSET,88,0,5,4,0
BARO_PRIMARY,88,0,6,1,0
BARO_EXT_BUS,88,0,7,1,-1
BARO2_GND_PRESS,88,0,9,4,0
BARO3_GND_PRESS,88,0,11,4,0
BARO_FLTR_RNG,88,0,13,1,0
BARO_PROBE_EXT,88,0,14,3,0
BARO1_DEVID,88,0,15,3,0
BARO2_DEVID,88,0,16,3,0
BARO3_DEVID,88,0,17,3,0
BARO1_WCF_ENABLE,88,0,82,1,0
BARO1_WCF_FWD,88,0,146,4,0
BARO1_WCF_BCK,88,0,210,4,0
BARO1_WCF_RGT,88,0,274,4,0
BARO1_WCF_LFT,88,0,338,4,0
BARO1_WCF_UP,88,0,402,4,0
BARO1_WCF_DN,88,0,466,4,0
BARO2_WCF_ENABLE,88,0,83,1,0
BARO2_WCF_FWD,88,0,147,4,0
BARO2_WCF_BCK,88,0,211,4,0
BARO2_WCF_RGT,88,0,275,4,0
BARO2_WCF_LFT,88,0,339,4,0
BARO2_WCF_UP,88,0,403,4,0
BARO2_WCF_DN,88,0,467,4,0
BARO3_WCF_ENABLE,88,0,84,1,0
BARO3_WCF_FWD,88,0,148,4,0
BARO3_WCF_BCK,88,0,212,4,0
BARO3_WCF_RGT,88,0,276,4,0
BARO3_WCF_LFT,88,0,340,4,0
BARO3_WCF_UP,88,0,404,4,0
BARO3_WCF_DN,88,0,468,4,0
BARO_FIELD_ELV,88,0,22,4,0
BARO_ALTERR_MAX,88,0,23,4,2000
BARO_OPTIONS,88,0,24,2,0
GPS_NAVFILTER,89,0,2,1,8
GPS_AUTO_SWITCH,89,0,3,1,1
GPS_SBAS_MODE,89,0,5,1,2
GPS_MIN_ELEV,89,0,6,1,-100
GPS_INJECT_TO,89,0,7,1,127
GPS_SBP_LOGMASK,89,0,8,2,-256
GPS_RAW_DATA,89,0,9,1,0
GPS_SAVE_CFG,89,0,11,1,2
GPS_AUTO_CONFIG,89,0,13,1,1
GPS_BLEND_MASK,89,0,20,1,5
GPS_DRV_OPTIONS,89,0,22,2,0
GPS_PRIMARY,89,0,27,1,0
GPS1_TYPE,89,0,96,1,0
GPS1_GNSS_MODE,89,0,160,2,0
GPS1_RATE_MS,89,0,224,2,200
GPS1_POS_X,89,0,288,5,0
GPS1_POS_X,89,1,288,4,0
GPS1_POS_Y,89,2,288,4,0
GPS1_POS_Z,89,3,288,4,0
GPS1_DELAY_MS,89,0,352,2,0
GPS1_COM_PORT,89,0,416,1,1
GPS1_MB_TYPE,89,0,4576,1,0
GPS1_MB_OFS_X,89,0,8672,5,0
GPS1_MB_OFS_X,89,1,8672,4,0
GPS1_MB_OFS_Y,89,2,8672,4,0
GPS1_MB_OFS_Z,89,3,8672,4,0
GPS1_CAN_NODEID,89,0,544,3,0
GPS1_CAN_OVRIDE,89,0,608,3,0
GPS2_TYPE,89,0,97,1,0
GPS2_GNSS_MODE,89,0,161,2,0
GPS2_RATE_MS,89,0,225,2,200
GPS2_POS_X,89,0,289,5,0
GPS2_POS_X,89,1,289,4,0
GPS2_POS_Y,89,2,289,4,0
GPS2_POS_Z,89,3,289,4,0
GPS2_DELAY_MS,89,0,353,2,0
GPS2_COM_PORT,89,0,417,1,1
GPS2_MB_TYPE,89,0,4577,1,0
GPS2_MB_OFS_X,89,0,8673,5,0
GPS2_MB_OFS_X,89,1,8673,4,0
GPS2_MB_OFS_Y,89,2,8673,4,0
GPS2_MB_OFS_Z,89,3,8673,4,0
GPS2_CAN_NODEID,89,0,545,3,0
GPS2_CAN_OVRIDE,89,0,609,3,0
CAM_MAX_ROLL,90,0,7,2,0
CAM_AUTO_ONLY,90,0,10,1,0
CAM1_TYPE,90,0,76,1,0
CAM1_DURATION,90,0,140,4,0.100000001
CAM1_SERVO_ON,90,0,204,2,1300
CAM1_SERVO_OFF,90,0,268,2,1100
CAM1_TRIGG_DIST,90,0,332,4,0
CAM1_RELAY_ON,90,0,396,1,1
CAM1_INTRVAL_MIN,90,0,460,4,0
CAM1_FEEDBAK_PIN,90,0,524,1,-1
CAM1_FEEDBAK_POL,90,0,588,1,1
CAM1_OPTIONS,90,0,652,1,0
CAM1_MNT_INST,90,0,716,1,0
CAM1_HFOV,90,0,780,4,0
CAM1_VFOV,90,0,844,4,0
CAM2_TYPE,90,0,77,1,0
CAM2_DURATION,90,0,141,4,0.100000001
CAM2_SERVO_ON,90,0,205,2,1300
CAM2_SERVO_OFF,90,0,269,2,1100
CAM2_TRIGG_DIST,90,0,333,4,0
CAM2_RELAY_ON,90,0,397,1,1
CAM2_INTRVAL_MIN,90,0,461,4,0
CAM2_FEEDBAK_PIN,90,0,525,1,-1
CAM2_FEEDBAK_POL,90,0,589,1,1
CAM2_OPTIONS,90,0,653,1,0
CAM2_MNT_INST,90,0,717,1,0
CAM2_HFOV,90,0,781,4,0
CAM2_VFOV,90,0,845,4,0
ARMING_ACCTHRESH,91,0,192,4,0.75
ARMING_MIS_ITEMS,91,0,448,3,0
ARMING_OPTIONS,91,0,576,3,0
ARMING_MAGTHRESH,91,0,640,2,100
ARMING_SKIPCHK,91,0,832,3,0
RELAY1_FUNCTION,92,0,71,1,0
RELAY1_PIN,92,0,135,2,-1
RELAY1_DEFAULT,92,0,199,1,0
RELAY1_INVERTED,92,0,263,1,0
RELAY2_FUNCTION,92,0,72,1,0
RELAY2_PIN,92,0,136,2,-1
RELAY2_DEFAULT,92,0,200,1,0
RELAY2_INVERTED,92,0,264,1,0
RELAY3_FUNCTION,92,0,73,1,0
RELAY3_PIN,92,0,137,2,-1
RELAY3_DEFAULT,92,0,201,1,0
RELAY3_INVERTED,92,0,265,1,0
RELAY4_FUNCTION,92,0,74,1,0
RELAY4_PIN,92,0,138,2,-1
RELAY4_DEFAULT,92,0,202,1,0
RELAY4_INVERTED,92,0,266,1,0
RELAY5_FUNCTION,92,0,75,1,0
RELAY5_PIN,92,0,139,2,-1
RELAY5_DEFAULT,92,0,203,1,0
RELAY5_INVERTED,92,0,267,1,0
RELAY6_FUNCTION,92,0,76,1,0
RELAY6_PIN,92,0,140,2,-1
RELAY6_DEFAULT,92,0,204,1,0
RELAY6_INVERTED,92,0,268,1,0
CHUTE_ENABLED,93,0,0,1,0
CHUTE_TYPE,93,0,1,1,0
CHUTE_SERVO_ON,93,0,2,2,1300
CHUTE_SERVO_OFF,93,0,3,2,1100
CHUTE_ALT_MIN,93,0,4,2,10
CHUTE_DELAY_MS,93,0,5,2,500
CHUTE_CRT_SINK,93,0,6,4,0
CHUTE_OPTIONS,93,0,7,3,0
RNGFND1_TYPE,94,0,89,1,0
RNGFND1_PIN,94,0,153,1,-1
RNGFND1_SCALING,94,0,217,4,3
RNGFND1_OFFSET,94,0,281,4,0
RNGFND1_FUNCTION,94,0,345,1,0
RNGFND1_MIN,94,0,409,4,0.200000003
RNGFND1_MAX,94,0,473,4,7
RNGFND1_STOP_PIN,94,0,537,1,-1
RNGFND1_RMETRIC,94,0,665,1,1
RNGFND1_PWRRNG,94,0,729,2,0
RNGFND1_GNDCLR,94,0,793,4,0.100000001
RNGFND1_ADDR,94,0,1497,1,0
RNGFND1_POS_X,94,0,3161,5,0
RNGFND1_POS_X,94,1,3161,4,0
RNGFND1_POS_Y,94,2,3161,4,0
RNGFND1_POS_Z,94,3,3161,4,0
RNGFND1_ORIENT,94,0,3417,1,25
RNGFND2_TYPE,94,0,91,1,0
RNGFND2_PIN,94,0,155,1,-1
RNGFND2_SCALING,94,0,219,4,3
RNGFND2_OFFSET,94,0,283,4,0
RNGFND2_FUNCTION,94,0,347,1,0
RNGFND2_MIN,94,0,411,4,0.200000003
RNGFND2_MAX,94,0,475,4,7
RNGFND2_STOP_PIN,94,0,539,1,-1
RNGFND2_RMETRIC,94,0,667,1,1
RNGFND2_PWRRNG,94,0,731,2,0
RNGFND2_GNDCLR,94,0,795,4,0.100000001
RNGFND2_ADDR,94,0,1499,1,0
RNGFND2_POS_X,94,0,3163,5,0
RNGFND2_POS_X,94,1,3163,4,0
RNGFND2_POS_Y,94,2,3163,4,0
RNGFND2_POS_Z,94,3,3163,4,0
RNGFND2_ORIENT,94,0,3419,1,25
RNGFND3_TYPE,94,0,93,1,0
RNGFND3_PIN,94,0,157,1,-1
RNGFND3_SCALING,94,0,221,4,3
RNGFND3_OFFSET,94,0,285,4,0
RNGFND3_FUNCTION,94,0,349,1,0
RNGFND3_MIN,94,0,413,4,0.200000003
RNGFND3_MAX,94,0,477,4,7
RNGFND3_STOP_PIN,94,0,541,1,-1
RNGFND3_RMETRIC,94,0,669,1,1
RNGFND3_PWRRNG,94,0,733,2,0
RNGFND3_GNDCLR,94,0,797,4,0.100000001
RNGFND3_ADDR,94,0,1501,1,0
RNGFND3_POS_X,94,0,3165,5,0
RNGFND3_POS_X,94,1,3165,4,0
RNGFND3_POS_Y,94,2,3165,4,0
RNGFND3_POS_Z,94,3,3165,4,0
RNGFND3_ORIENT,94,0,3421,1,25
RNGFND4_TYPE,94,0,95,1,0
RNGFND4_PIN,94,0,159,1,-1
RNGFND4_SCALING,94,0,223,4,3
RNGFND4_OFFSET,94,0,287,4,0
RNGFND4_FUNCTION,94,0,351,1,0
RNGFND4_MIN,94,0,415,4,0.200000003
RNGFND4_MAX,94,0,479,4,7
RNGFND4_STOP_PIN,94,0,543,1,-1
RNGFND4_RMETRIC,94,0,671,1,1
RNGFND4_PWRRNG,94,0,735,2,0
RNGFND4_GNDCLR,94,0,799,4,0.100000001
RNGFND4_ADDR,94,0,1503,1,0
RNGFND4_POS_X,94,0,3167,5,0
RNGFND4_POS_X,94,1,3167,4,0
RNGFND4_POS_Y,94,2,3167,4,0
RNGFND4_POS_Z,94,3,3167,4,0
RNGFND4_ORIENT,94,0,3423,1,25
RNGFND5_TYPE,94,0,97,1,0
RNGFND5_PIN,94,0,161,1,-1
RNGFND5_SCALING,94,0,225,4,3
RNGFND5_OFFSET,94,0,289,4,0
RNGFND5_FUNCTION,94,0,353,1,0
RNGFND5_MIN,94,0,417,4,0.200000003
RNGFND5_MAX,94,0,481,4,7
RNGFND5_STOP_PIN,94,0,545,1,-1
RNGFND5_RMETRIC,94,0,673,1,1
RNGFND5_PWRRNG,94,0,737,2,0
RNGFND5_GNDCLR,94,0,801,4,0.100000001
RNGFND5_ADDR,94,0,1505,1,0
RNGFND5_POS_X,94,0,3169,5,0
RNGFND5_POS_X,94,1,3169,4,0
RNGFND5_POS_Y,94,2,3169,4,0
RNGFND5_POS_Z,94,3,3169,4,0
RNGFND5_ORIENT,94,0,3425,1,25
RNGFND6_TYPE,94,0,99,1,0
RNGFND6_PIN,94,0,163,1,-1
RNGFND6_SCALING,94,0,227,4,3
RNGFND6_OFFSET,94,0,291,4,0
RNGFND6_FUNCTION,94,0,355,1,0
RNGFND6_MIN,94,0,419,4,0.200000003
RNGFND6_MAX,94,0,483,4,7
RNGFND6_STOP_PIN,94,0,547,1,-1
RNGFND6_RMETRIC,94,0,675,1,1
RNGFND6_PWRRNG,94,0,739,2,0
RNGFND6_GNDCLR,94,0,803,4,0.100000001
RNGFND6_ADDR,94,0,1507,1,0
RNGFND6_POS_X,94,0,3171,5,0
RNGFND6_POS_X,94,1,3171,4,0
RNGFND6_POS_Y,94,2,3171,4,0
RNGFND6_POS_Z,94,3,3171,4,0
RNGFND6_ORIENT,94,0,3427,1,25
RNGFND7_TYPE,94,0,101,1,0
RNGFND7_PIN,94,0,165,1,-1
RNGFND7_SCALING,94,0,229,4,3
RNGFND7_OFFSET,94,0,293,4,0
RNGFND7_FUNCTION,94,0,357,1,0
RNGFND7_MIN,94,0,421,4,0.200000003
RNGFND7_MAX,94,0,485,4,7
RNGFND7_STOP_PIN,94,0,549,1,-1
RNGFND7_RMETRIC,94,0,677,1,1
RNGFND7_PWRRNG,94,0,741,2,0
RNGFND7_GNDCLR,94,0,805,4,0.100000001
RNGFND7_ADDR,94,0,1509,1,0
RNGFND7_POS_X,94,0,3173,5,0
RNGFND7_POS_X,94,1,3173,4,0
RNGFND7_POS_Y,94,2,3173,4,0
RNGFND7_POS_Z,94,3,3173,4,0
RNGFND7_ORIENT,94,0,3429,1,25
RNGFND8_TYPE,94,0,103,1,0
RNGFND8_PIN,94,0,167,1,-1
RNGFND8_SCALING,94,0,231,4,3
RNGFND8_OFFSET,94,0,295,4,0
RNGFND8_FUNCTION,94,0,359,1,0
RNGFND8_MIN,94,0,423,4,0.200000003
RNGFND8_MAX,94,0,487,4,7
RNGFND8_STOP_PIN,94,0,551,1,-1
RNGFND8_RMETRIC,94,0,679,1,1
RNGFND8_PWRRNG,94,0,743,2,0
RNGFND8_GNDCLR,94,0,807,4,0.100000001
RNGFND8_ADDR,94,0,1511,1,0
RNGFND8_POS_X,94,0,3175,5,0
RNGFND8_POS_X,94,1,3175,4,0
RNGFND8_POS_Y,94,2,3175,4,0
RNGFND8_POS_Z,94,3,3175,4,0
RNGFND8_ORIENT,94,0,3431,1,25
RNGFND9_TYPE,94,0,105,1,0
RNGFND9_PIN,94,0,169,1,-1
RNGFND9_SCALING,94,0,233,4,3
RNGFND9_OFFSET,94,0,297,4,0
RNGFND9_FUNCTION,94,0,361,1,0
RNGFND9_MIN,94,0,425,4,0.200000003
RNGFND9_MAX,94,0,489,4,7
RNGFND9_STOP_PIN,94,0,553,1,-1
RNGFND9_RMETRIC,94,0,681,1,1
RNGFND9_PWRRNG,94,0,745,2,0
RNGFND9_GNDCLR,94,0,809,4,0.100000001
RNGFND9_ADDR,94,0,1513,1,0
RNGFND9_POS_X,94,0,3177,5,0
RNGFND9_POS_X,94,1,3177,4,0
RNGFND9_POS_Y,94,2,3177,4,0
RNGFND9_POS_Z,94,3,3177,4,0
RNGFND9_ORIENT,94,0,3433,1,25
RNGFNDA_TYPE,94,0,107,1,0
RNGFNDA_PIN,94,0,171,1,-1
RNGFNDA_SCALING,94,0,235,4,3
RNGFNDA_OFFSET,94,0,299,4,0
RNGFNDA_FUNCTION,94,0,363,1,0
RNGFNDA_MIN,94,0,427,4,0.200000003
RNGFNDA_MAX,94,0,491,4,7
RNGFNDA_STOP_PIN,94,0,555,1,-1
RNGFNDA_RMETRIC,94,0,683,1,1
RNGFNDA_PWRRNG,94,0,747,2,0
RNGFNDA_GNDCLR,94,0,811,4,0.100000001
RNGFNDA_ADDR,94,0,1515,1,0
RNGFNDA_POS_X,94,0,3179,5,0
RNGFNDA_POS_X,94,1,3179,4,0
RNGFNDA_POS_Y,94,2,3179,4,0
RNGFNDA_POS_Z,94,3,3179,4,0
RNGFNDA_ORIENT,94,0,3435,1,25
RNGFND_LANDING,95,0,0,1,0
TERRAIN_ENABLE,96,0,0,1,1
TERRAIN_SPACING,96,0,1,2,100
TERRAIN_OPTIONS,96,0,2,2,0
TERRAIN_MARGIN,96,0,3,4,0.0500000007
TERRAIN_OFS_MAX,96,0,4,4,30
TERRAIN_CACHE_SZ,96,0,5,2,12
ADSB_TYPE,97,0,0,1,0
ADSB_LIST_MAX,97,0,2,2,25
ADSB_LIST_RADIUS,97,0,3,3,10000
ADSB_ICAO_ID,97,0,4,3,0
ADSB_EMIT_TYPE,97,0,5,1,14
ADSB_LEN_WIDTH,97,0,6,1,1
ADSB_OFFSET_LAT,97,0,7,1,4
ADSB_OFFSET_LON,97,0,8,1,1
ADSB_RF_SELECT,97,0,9,1,1
ADSB_SQUAWK,97,0,10,2,1200
ADSB_RF_CAPABLE,97,0,11,1,0
ADSB_LIST_ALT,97,0,12,2,0
ADSB_ICAO_SPECL,97,0,13,3,0
ADSB_LOG,97,0,14,1,1
ADSB_OPTIONS,97,0,15,3,0
AVD_ENABLE,98,0,1,1,0
AVD_F_ACTION,98,0,2,1,1
AVD_W_ACTION,98,0,3,1,1
AVD_F_RCVRY,98,0,4,1,3
AVD_OBS_MAX,98,0,5,1,20
AVD_W_TIME,98,0,6,1,30
AVD_F_TIME,98,0,7,1,30
AVD_W_DIST_XY,98,0,8,4,1000
AVD_F_DIST_XY,98,0,9,2,300
AVD_W_DIST_Z,98,0,10,4,300
AVD_F_DIST_Z,98,0,11,2,100
AVD_F_ALT_MIN,98,0,12,2,0
Q_ENABLE,99,0,1,1,0
Q_TRANSITION_MS,99,0,11,2,5000
Q_PILOT_SPD_UP,99,0,18,4,2.5
Q_PILOT_SPD_DN,99,0,60,4,0
Q_PILOT_ACCEL_Z,99,0,19,4,2.5
Q_RC_SPEED,99,0,21,2,490
Q_ASSIST_SPEED,99,0,24,4,0
Q_LAND_FINAL_SPD,99,0,26,4,0.5
Q_LAND_FINAL_ALT,99,0,27,4,6
Q_TRAN_PIT_MAX,99,0,29,1,3
Q_FRAME_CLASS,99,0,46,1,1
Q_FRAME_TYPE,99,0,31,1,1
Q_VFWD_GAIN,99,0,32,4,0
Q_RTL_ALT,99,0,35,2,15
Q_RTL_MODE,99,0,36,1,0
Q_GUIDED_MODE,99,0,40,1,0
Q_ESC_CAL,99,0,42,1,0
Q_VFWD_ALT,99,0,43,4,0
Q_LAND_ICE_CUT,99,0,44,1,1
Q_ASSIST_ANGLE,99,0,45,1,30
Q_ASSIST_OPTIONS,99,0,47,2,0
Q_MAV_TYPE,99,0,57,1,0
Q_OPTIONS,99,0,58,3,0
Q_TRANS_DECEL,99,0,123,4,2
Q_TRIM_PITCH,99,0,315,4,0
Q_AUTOTUNE_AXES,99,0,4539,1,7
Q_AUTOTUNE_AGGR,99,0,8635,4,0.075000003
Q_AUTOTUNE_MIN_D,99,0,12731,4,0.000500000024
Q_AUTOTUNE_GMBK,99,0,16827,4,0.25
Q_FW_LND_APR_RAD,99,0,507,4,0
Q_TRANS_FAIL,99,0,571,2,0
Q_THROTTLE_EXPO,99,0,699,4,0.200000003
Q_ACRO_RLL_RATE,99,0,763,4,360
Q_ACRO_PIT_RATE,99,0,827,4,180
Q_ACRO_YAW_RATE,99,0,891,4,90
Q_TKOFF_FAIL_SCL,99,0,955,4,0
Q_TKOFF_ARSP_LIM,99,0,1019,4,0
Q_ASSIST_ALT,99,0,1083,2,0
Q_ASSIST_DELAY,99,0,1275,4,0.5
Q_FWD_MANTHR_MAX,99,0,1339,4,0
Q_TAILSIT_ENABLE,99,0,5819,1,0
Q_TAILSIT_ANGLE,99,0,9915,1,45
Q_TAILSIT_ANG_VT,99,0,14011,1,0
Q_TAILSIT_INPUT,99,0,18107,1,0
Q_TAILSIT_VFGAIN,99,0,30395,4,0
Q_TAILSIT_VHGAIN,99,0,34491,4,0.5
Q_TAILSIT_VHPOW,99,0,38587,4,2.5
Q_TAILSIT_GSCMAX,99,0,42683,4,2
Q_TAILSIT_RLL_MX,99,0,46779,4,0
Q_TAILSIT_MOTMX,99,0,50875,2,0
Q_TAILSIT_GSCMSK,99,0,54971,2,1
Q_TAILSIT_GSCMIN,99,0,59067,4,0.400000006
Q_TAILSIT_DSKLD,99,0,63163,4,0
Q_TAILSIT_RAT_FW,99,0,67259,4,50
Q_TAILSIT_RAT_VT,99,0,71355,4,50
Q_TAILSIT_THR_VT,99,0,75451,4,-1
Q_TAILSIT_VT_R_P,99,0,79547,4,1
Q_TAILSIT_VT_P_P,99,0,83643,4,1
Q_TAILSIT_VT_Y_P,99,0,87739,4,1
Q_TAILSIT_MIN_VO,99,0,91835,4,0
Q_TILT_ENABLE,99,0,5883,1,0
Q_TILT_MASK,99,0,9979,2,0
Q_TILT_RATE_UP,99,0,14075,2,40
Q_TILT_MAX,99,0,18171,1,45
Q_TILT_TYPE,99,0,22267,1,0
Q_TILT_RATE_DN,99,0,26363,2,0
Q_TILT_YAW_ANGLE,99,0,30459,4,0
Q_TILT_FIX_ANGLE,99,0,34555,4,0
Q_TILT_FIX_GAIN,99,0,38651,4,0
Q_TILT_WING_FLAP,99,0,42747,4,0
Q_BACKTRANS_MS,99,0,1851,2,3000
Q_TRANS_FAIL_ACT,99,0,1915,1,0
Q_LAND_ALTCHG,99,0,2043,4,0.200000003
Q_NAVALT_MIN,99,0,2107,4,0
Q_PLT_Y_RATE,99,0,6267,4,100
Q_PLT_Y_EXPO,99,0,10363,4,0.25
Q_PLT_Y_RATE_TC,99,0,14459,4,0.25
Q_RTL_ALT_MIN,99,0,2235,2,10
Q_FWD_THR_GAIN,99,0,2299,4,2
Q_FWD_PIT_LIM,99,0,2363,4,3
Q_FWD_THR_USE,99,0,2427,1,0
Q_BCK_PIT_LIM,99,0,2491,4,10
Q_APPROACH_DIST,99,0,2555,4,0
Q_TKOFF_RPM_MIN,99,0,2619,2,0
Q_TKOFF_RPM_MAX,99,0,2683,2,0
Q_THRST_LOSS_OPT,99,0,2747,3,0
TUNE_PARAM,100,0,1,2,0
TUNE_CHAN,100,0,64,1,0
TUNE_CHAN_MIN,100,0,128,2,1000
TUNE_CHAN_MAX,100,0,192,2,2000
TUNE_SELECTOR,100,0,256,1,0
TUNE_RANGE,100,0,320,4,2
TUNE_MODE_REVERT,100,0,384,1,1
TUNE_ERR_THRESH,100,0,448,4,0.150000006
RLL2SRV_TCONST,102,0,0,4,0.5
RLL2SRV_RMAX,102,0,4,2,0
RLL_RATE_P,102,0,4041,4,0.0799999982
RLL_RATE_I,102,0,73,4,0.150000006
RLL_RATE_D,102,0,137,4,0
RLL_RATE_FF,102,0,265,4,0.344999999
RLL_RATE_IMAX,102,0,329,4,0.666000009
RLL_RATE_FLTT,102,0,585,4,3
RLL_RATE_FLTE,102,0,649,4,0
RLL_RATE_FLTD,102,0,713,4,12
RLL_RATE_SMAX,102,0,777,4,150
RLL_RATE_PDMX,102,0,841,4,0
RLL_RATE_D_FF,102,0,905,4,0
RLL_RATE_NTF,102,0,969,1,0
RLL_RATE_NEF,102,0,1033,1,0
PTCH2SRV_TCONST,103,0,0,4,0.5
PTCH2SRV_RMAX_UP,103,0,4,2,0
PTCH2SRV_RMAX_DN,103,0,5,2,0
PTCH2SRV_RLL,103,0,6,4,1
PTCH_RATE_P,103,0,4043,4,0.0399999991
PTCH_RATE_I,103,0,75,4,0.150000006
PTCH_RATE_D,103,0,139,4,0
PTCH_RATE_FF,103,0,267,4,0.344999999
PTCH_RATE_IMAX,103,0,331,4,0.666000009
PTCH_RATE_FLTT,103,0,587,4,3
PTCH_RATE_FLTE,103,0,651,4,0
PTCH_RATE_FLTD,103,0,715,4,12
PTCH_RATE_SMAX,103,0,779,4,150
PTCH_RATE_PDMX,103,0,843,4,0
PTCH_RATE_D_FF,103,0,907,4,0
PTCH_RATE_NTF,103,0,971,1,0
PTCH_RATE_NEF,103,0,1035,1,0
YAW2SRV_SLIP,104,0,0,4,0
YAW2SRV_INT,104,0,1,4,0
YAW2SRV_DAMP,104,0,2,4,0
YAW2SRV_RLL,104,0,3,4,1
YAW2SRV_IMAX,104,0,5,2,1500
YAW_RATE_ENABLE,104,0,6,1,0
YAW_RATE_P,104,0,4041,4,0.0399999991
YAW_RATE_I,104,0,73,4,0.150000006
YAW_RATE_D,104,0,137,4,0
YAW_RATE_FF,104,0,265,4,0.150000006
YAW_RATE_IMAX,104,0,329,4,0.666000009
YAW_RATE_FLTT,104,0,585,4,3
YAW_RATE_FLTE,104,0,649,4,0
YAW_RATE_FLTD,104,0,713,4,12
YAW_RATE_SMAX,104,0,777,4,150
YAW_RATE_PDMX,104,0,841,4,0
YAW_RATE_D_FF,104,0,905,4,0
YAW_RATE_NTF,104,0,969,1,0
YAW_RATE_NEF,104,0,1033,1,0
STEER2SRV_TCONST,105,0,0,4,0.75
STEER2SRV_P,105,0,1,4,1.79999995
STEER2SRV_I,105,0,3,4,0.200000003
STEER2SRV_D,105,0,4,4,0.00499999989
STEER2SRV_IMAX,105,0,5,2,1500
STEER2SRV_MINSPD,105,0,6,4,1
STEER2SRV_FF,105,0,7,4,0
STEER2SRV_DRTSPD,105,0,8,4,0
STEER2SRV_DRTFCT,105,0,9,4,10
STEER2SRV_DRTMIN,105,0,10,4,4500
COMPASS_OFS_X,106,0,1,5,0
COMPASS_OFS_X,106,1,1,4,0
COMPASS_OFS_Y,106,2,1,4,0
COMPASS_OFS_Z,106,3,1,4,0
COMPASS_DEC,106,0,2,4,0
COMPASS_LEARN,106,0,3,1,0
COMPASS_USE,106,0,4,1,1
COMPASS_AUTODEC,106,0,5,1,1
COMPASS_MOTCT,106,0,6,1,0
COMPASS_MOT_X,106,0,7,5,0
COMPASS_MOT_X,106,1,7,4,0
COMPASS_MOT_Y,106,2,7,4,0
COMPASS_MOT_Z,106,3,7,4,0
COMPASS_ORIENT,106,0,8,1,0
COMPASS_EXTERNAL,106,0,9,1,0
COMPASS_OFS2_X,106,0,10,5,0
COMPASS_OFS2_X,106,1,10,4,0
COMPASS_OFS2_Y,106,2,10,4,0
COMPASS_OFS2_Z,106,3,10,4,0
COMPASS_MOT2_X,106,0,11,5,0
COMPASS_MOT2_X,106,1,11,4,0
COMPASS_MOT2_Y,106,2,11,4,0
COMPASS_MOT2_Z,106,3,11,4,0
COMPASS_OFS3_X,106,0,13,5,0
COMPASS_OFS3_X,106,1,13,4,0
COMPASS_OFS3_Y,106,2,13,4,0
COMPASS_OFS3_Z,106,3,13,4,0
COMPASS_MOT3_X,106,0,14,5,0
COMPASS_MOT3_X,106,1,14,4,0
COMPASS_MOT3_Y,106,2,14,4,0
COMPASS_MOT3_Z,106,3,14,4,0
COMPASS_DEV_ID,106,0,15,3,0
COMPASS_DEV_ID2,106,0,16,3,0
COMPASS_DEV_ID3,106,0,17,3,0
COMPASS_USE2,106,0,18,1,1
COMPASS_ORIENT2,106,0,19,1,0
COMPASS_EXTERN2,106,0,20,1,0
COMPASS_USE3,106,0,21,1,1
COMPASS_ORIENT3,106,0,22,1,0
COMPASS_EXTERN3,106,0,23,1,0
COMPASS_DIA_X,106,0,24,5,1
COMPASS_DIA_X,106,1,24,4,1
COMPASS_DIA_Y,106,2,24,4,1
COMPASS_DIA_Z,106,3,24,4,1
COMPASS_ODI_X,106,0,25,5,0
COMPASS_ODI_X,106,1,25,4,0
COMPASS_ODI_Y,106,2,25,4,0
COMPASS_ODI_Z,106,3,25,4,0
COMPASS_DIA2_X,106,0,26,5,1
COMPASS_DIA2_X,106,1,26,4,1
COMPASS_DIA2_Y,106,2,26,4,1
COMPASS_DIA2_Z,106,3,26,4,1
COMPASS_ODI2_X,106,0,27,5,0
COMPASS_ODI2_X,106,1,27,4,0
COMPASS_ODI2_Y,106,2,27,4,0
COMPASS_ODI2_Z,106,3,27,4,0
COMPASS_DIA3_X,106,0,28,5,1
COMPASS_DIA3_X,106,1,28,4,1
COMPASS_DIA3_Y,106,2,28,4,1
COMPASS_DIA3_Z,106,3,28,4,1
COMPASS_ODI3_X,106,0,29,5,0
COMPASS_ODI3_X,106,1,29,4,0
COMPASS_ODI3_Y,106,2,29,4,0
COMPASS_ODI3_Z,106,3,29,4,0
COMPASS_CAL_FIT,106,0,30,4,16
COMPASS_OFFS_MAX,106,0,31,2,1800
COMPASS_PMOT_EN,106,0,96,1,0
COMPASS_PMOT_EXP,106,0,160,4,0.649999976
COMPASS_PMOT1_X,106,0,224,5,0
COMPASS_PMOT1_X,106,1,224,4,0
COMPASS_PMOT1_Y,106,2,224,4,0
COMPASS_PMOT1_Z,106,3,224,4,0
COMPASS_PMOT2_X,106,0,288,5,0
COMPASS_PMOT2_X,106,1,288,4,0
COMPASS_PMOT2_Y,106,2,288,4,0
COMPASS_PMOT2_Z,106,3,288,4,0
COMPASS_PMOT3_X,106,0,352,5,0
COMPASS_PMOT3_X,106,1,352,4,0
COMPASS_PMOT3_Y,106,2,352,4,0
COMPASS_PMOT3_Z,106,3,352,4,0
COMPASS_PMOT4_X,106,0,416,5,0
COMPASS_PMOT4_X,106,1,416,4,0
COMPASS_PMOT4_Y,106,2,416,4,0
COMPASS_PMOT4_Z,106,3,416,4,0
COMPASS_DISBLMSK,106,0,33,3,0
COMPASS_FLTR_RNG,106,0,34,1,0
COMPASS_AUTO_ROT,106,0,35,1,2
COMPASS_PRIO1_ID,106,0,36,3,0
COMPASS_PRIO2_ID,106,0,37,3,0
COMPASS_PRIO3_ID,106,0,38,3,0
COMPASS_ENABLE,106,0,39,1,1
COMPASS_SCALE,106,0,40,4,0
COMPASS_SCALE2,106,0,41,4,0
COMPASS_SCALE3,106,0,42,4,0
COMPASS_OPTIONS,106,0,43,2,0
COMPASS_DEV_ID4,106,0,44,3,0
COMPASS_DEV_ID5,106,0,45,3,0
COMPASS_DEV_ID6,106,0,46,3,0
COMPASS_DEV_ID7,106,0,47,3,0
COMPASS_DEV_ID8,106,0,48,3,0
SCHED_DEBUG,107,0,0,1,0
SCHED_LOOP_RATE,107,0,1,2,50
SCHED_OPTIONS,107,0,2,1,0
RCMAP_ROLL,108,0,0,1,1
RCMAP_PITCH,108,0,1,1,2
RCMAP_THROTTLE,108,0,2,1,3
RCMAP_YAW,108,0,3,1,4
INS_GYROFFS_X,109,0,3,5,0
INS_GYROFFS_X,109,1,3,4,0
INS_GYROFFS_Y,109,2,3,4,0
INS_GYROFFS_Z,109,3,3,4,0
INS_GYR2OFFS_X,109,0,7,5,0
INS_GYR2OFFS_X,109,1,7,4,0
INS_GYR2OFFS_Y,109,2,7,4,0
INS_GYR2OFFS_Z,109,3,7,4,0
INS_GYR3OFFS_X,109,0,10,5,0
INS_GYR3OFFS_X,109,1,10,4,0
INS_GYR3OFFS_Y,109,2,10,4,0
INS_GYR3OFFS_Z,109,3,10,4,0
INS_ACCSCAL_X,109,0,12,5,1
INS_ACCSCAL_X,109,1,12,4,1
INS_ACCSCAL_Y,109,2,12,4,1
INS_ACCSCAL_Z,109,3,12,4,1
INS_ACCOFFS_X,109,0,13,5,0
INS_ACCOFFS_X,109,1,13,4,0
INS_ACCOFFS_Y,109,2,13,4,0
INS_ACCOFFS_Z,109,3,13,4,0
INS_ACC2SCAL_X,109,0,14,5,1
INS_ACC2SCAL_X,109,1,14,4,1
INS_ACC2SCAL_Y,109,2,14,4,1
INS_ACC2SCAL_Z,109,3,14,4,1
INS_ACC2OFFS_X,109,0,15,5,0
INS_ACC2OFFS_X,109,1,15,4,0
INS_ACC2OFFS_Y,109,2,15,4,0
INS_ACC2OFFS_Z,109,3,15,4,0
INS_ACC3SCAL_X,109,0,16,5,1
INS_ACC3SCAL_X,109,1,16,4,1
INS_ACC3SCAL_Y,109,2,16,4,1
INS_ACC3SCAL_Z,109,3,16,4,1
INS_ACC3OFFS_X,109,0,17,5,0
INS_ACC3OFFS_X,109,1,17,4,0
INS_ACC3OFFS_Y,109,2,17,4,0
INS_ACC3OFFS_Z,109,3,17,4,0
INS_GYRO_FILTER,109,0,18,2,20
INS_ACCEL_FILTER,109,0,19,2,20
INS_USE,109,0,20,1,1
INS_USE2,109,0,21,1,1
INS_USE3,109,0,22,1,1
INS_STILL_THRESH,109,0,23,4,0.0500000007
INS_GYR_CAL,109,0,24,1,1
INS_TRIM_OPTION,109,0,25,1,1
INS_ACC_BODYFIX,109,0,26,1,2
INS_POS1_X,109,0,27,5,0
INS_POS1_X,109,1,27,4,0
INS_POS1_Y,109,2,27,4,0
INS_POS1_Z,109,3,27,4,0
INS_POS2_X,109,0,28,5,0
INS_POS2_X,109,1,28,4,0
INS_POS2_Y,109,2,28,4,0
INS_POS2_Z,109,3,28,4,0
INS_POS3_X,109,0,29,5,0
INS_POS3_X,109,1,29,4,0
INS_POS3_Y,109,2,29,4,0
INS_POS3_Z,109,3,29,4,0
INS_GYR_ID,109,0,30,3,0
INS_GYR2_ID,109,0,31,3,0
INS_GYR3_ID,109,0,32,3,0
INS_ACC_ID,109,0,33,3,0
INS_ACC2_ID,109,0,34,3,0
INS_ACC3_ID,109,0,35,3,0
INS_FAST_SAMPLE,109,0,36,1,1
INS_LOG_BAT_CNT,109,0,103,2,1024
INS_LOG_BAT_MASK,109,0,167,1,0
INS_LOG_BAT_OPT,109,0,231,1,0
INS_LOG_BAT_LGIN,109,0,295,1,20
INS_LOG_BAT_LGCT,109,0,359,2,32
INS_ENABLE_MASK,109,0,40,1,127
INS_HNTCH_ENABLE,109,0,105,1,0
INS_HNTCH_FREQ,109,0,169,4,80
INS_HNTCH_BW,109,0,233,4,40
INS_HNTCH_ATT,109,0,297,4,40
INS_HNTCH_HMNCS,109,0,361,3,3
INS_HNTCH_REF,109,0,425,4,0
INS_HNTCH_MODE,109,0,489,1,1
INS_HNTCH_OPTS,109,0,553,2,0
INS_HNTCH_FM_RAT,109,0,617,4,1
INS_HNTC2_ENABLE,109,0,117,1,0
INS_HNTC2_FREQ,109,0,181,4,80
INS_HNTC2_BW,109,0,245,4,40
INS_HNTC2_ATT,109,0,309,4,40
INS_HNTC2_HMNCS,109,0,373,3,3
INS_HNTC2_REF,109,0,437,4,0
INS_HNTC2_MODE,109,0,501,1,1
INS_HNTC2_OPTS,109,0,565,2,0
INS_HNTC2_FM_RAT,109,0,629,4,1
INS_HNTC3_ENABLE,109,0,121,1,0
INS_HNTC3_FREQ,109,0,185,4,80
INS_HNTC3_BW,109,0,249,4,40
INS_HNTC3_ATT,109,0,313,4,40
INS_HNTC3_HMNCS,109,0,377,3,3
INS_HNTC3_REF,109,0,441,4,0
INS_HNTC3_MODE,109,0,505,1,1
INS_HNTC3_OPTS,109,0,569,2,0
INS_HNTC3_FM_RAT,109,0,633,4,1
INS_GYRO_RATE,109,0,42,1,0
INS_TCAL1_ENABLE,109,0,107,1,0
INS_TCAL1_TMIN,109,0,171,4,0
INS_TCAL1_TMAX,109,0,235,4,70
INS_TCAL1_ACC1_X,109,0,299,5,0
INS_TCAL1_ACC1_X,109,1,299,4,0
INS_TCAL1_ACC1_Y,109,2,299,4,0
INS_TCAL1_ACC1_Z,109,3,299,4,0
INS_TCAL1_ACC2_X,109,0,363,5,0
INS_TCAL1_ACC2_X,109,1,363,4,0
INS_TCAL1_ACC2_Y,109,2,363,4,0
INS_TCAL1_ACC2_Z,109,3,363,4,0
INS_TCAL1_ACC3_X,109,0,427,5,0
INS_TCAL1_ACC3_X,109,1,427,4,0
INS_TCAL1_ACC3_Y,109,2,427,4,0
INS_TCAL1_ACC3_Z,109,3,427,4,0
INS_TCAL1_GYR1_X,109,0,491,5,0
INS_TCAL1_GYR1_X,109,1,491,4,0
INS_TCAL1_GYR1_Y,109,2,491,4,0
INS_TCAL1_GYR1_Z,109,3,491,4,0
INS_TCAL1_GYR2_X,109,0,555,5,0
INS_TCAL1_GYR2_X,109,1,555,4,0
INS_TCAL1_GYR2_Y,109,2,555,4,0
INS_TCAL1_GYR2_Z,109,3,555,4,0
INS_TCAL1_GYR3_X,109,0,619,5,0
INS_TCAL1_GYR3_X,109,1,619,4,0
INS_TCAL1_GYR3_Y,109,2,619,4,0
INS_TCAL1_GYR3_Z,109,3,619,4,0
INS_TCAL2_ENABLE,109,0,108,1,0
INS_TCAL2_TMIN,109,0,172,4,0
INS_TCAL2_TMAX,109,0,236,4,70
INS_TCAL2_ACC1_X,109,0,300,5,0
INS_TCAL2_ACC1_X,109,1,300,4,0
INS_TCAL2_ACC1_Y,109,2,300,4,0
INS_TCAL2_ACC1_Z,109,3,300,4,0
INS_TCAL2_ACC2_X,109,0,364,5,0
INS_TCAL2_ACC2_X,109,1,364,4,0
INS_TCAL2_ACC2_Y,109,2,364,4,0
INS_TCAL2_ACC2_Z,109,3,364,4,0
INS_TCAL2_ACC3_X,109,0,428,5,0
INS_TCAL2_ACC3_X,109,1,428,4,0
INS_TCAL2_ACC3_Y,109,2,428,4,0
INS_TCAL2_ACC3_Z,109,3,428,4,0
INS_TCAL2_GYR1_X,109,0,492,5,0
INS_TCAL2_GYR1_X,109,1,492,4,0
INS_TCAL2_GYR1_Y,109,2,492,4,0
INS_TCAL2_GYR1_Z,109,3,492,4,0
INS_TCAL2_GYR2_X,109,0,556,5,0
INS_TCAL2_GYR2_X,109,1,556,4,0
INS_TCAL2_GYR2_Y,109,2,556,4,0
INS_TCAL2_GYR2_Z,109,3,556,4,0
INS_TCAL2_GYR3_X,109,0,620,5,0
INS_TCAL2_GYR3_X,109,1,620,4,0
INS_TCAL2_GYR3_Y,109,2,620,4,0
INS_TCAL2_GYR3_Z,109,3,620,4,0
INS_TCAL3_ENABLE,109,0,109,1,0
INS_TCAL3_TMIN,109,0,173,4,0
INS_TCAL3_TMAX,109,0,237,4,70
INS_TCAL3_ACC1_X,109,0,301,5,0
INS_TCAL3_ACC1_X,109,1,301,4,0
INS_TCAL3_ACC1_Y,109,2,301,4,0
INS_TCAL3_ACC1_Z,109,3,301,4,0
INS_TCAL3_ACC2_X,109,0,365,5,0
INS_TCAL3_ACC2_X,109,1,365,4,0
INS_TCAL3_ACC2_Y,109,2,365,4,0
INS_TCAL3_ACC2_Z,109,3,365,4,0
INS_TCAL3_ACC3_X,109,0,429,5,0
INS_TCAL3_ACC3_X,109,1,429,4,0
INS_TCAL3_ACC3_Y,109,2,429,4,0
INS_TCAL3_ACC3_Z,109,3,429,4,0
INS_TCAL3_GYR1_X,109,0,493,5,0
INS_TCAL3_GYR1_X,109,1,493,4,0
INS_TCAL3_GYR1_Y,109,2,493,4,0
INS_TCAL3_GYR1_Z,109,3,493,4,0
INS_TCAL3_GYR2_X,109,0,557,5,0
INS_TCAL3_GYR2_X,109,1,557,4,0
INS_TCAL3_GYR2_Y,109,2,557,4,0
INS_TCAL3_GYR2_Z,109,3,557,4,0
INS_TCAL3_GYR3_X,109,0,621,5,0
INS_TCAL3_GYR3_X,109,1,621,4,0
INS_TCAL3_GYR3_Y,109,2,621,4,0
INS_TCAL3_GYR3_Z,109,3,621,4,0
INS_ACC1_CALTEMP,109,0,46,4,-300
INS_GYR1_CALTEMP,109,0,47,4,-300
INS_ACC2_CALTEMP,109,0,48,4,-300
INS_GYR2_CALTEMP,109,0,49,4,-300
INS_ACC3_CALTEMP,109,0,50,4,-300
INS_GYR3_CALTEMP,109,0,51,4,-300
INS_TCAL_OPTIONS,109,0,52,3,0
INS_RAW_LOG_OPT,109,0,56,2,0
AHRS_GPS_GAIN,110,0,2,4,1
AHRS_GPS_USE,110,0,3,1,1
AHRS_YAW_P,110,0,4,4,0.200000003
AHRS_RP_P,110,0,5,4,0.200000003
AHRS_WIND_MAX,110,0,6,1,0
AHRS_TRIM_X,110,0,8,5,0
AHRS_TRIM_X,110,1,8,4,0
AHRS_TRIM_Y,110,2,8,4,0
AHRS_TRIM_Z,110,3,8,4,0
AHRS_ORIENTATION,110,0,9,1,0
AHRS_COMP_BETA,110,0,10,4,0.100000001
AHRS_GPS_MINSATS,110,0,11,1,6
AHRS_EKF_TYPE,110,0,14,1,3
AHRS_OPTIONS,110,0,18,2,0
AHRS_ORIGIN_LAT,110,0,19,4,0
AHRS_ORIGIN_LON,110,0,20,4,0
AHRS_ORIGIN_ALT,110,0,21,4,0
NAVL1_PERIOD,111,0,0,4,17
NAVL1_DAMPING,111,0,1,4,0.75
NAVL1_XTRACK_I,111,0,2,4,0.0199999996
NAVL1_LIM_BANK,111,0,3,4,0
TECS_CLMB_MAX,112,0,0,4,5
TECS_SINK_MIN,112,0,1,4,2
TECS_TIME_CONST,112,0,2,4,5
TECS_THR_DAMP,112,0,3,4,0.5
TECS_INTEG_GAIN,112,0,4,4,0.300000012
TECS_VERT_ACC,112,0,5,4,7
TECS_HGT_OMEGA,112,0,6,4,3
TECS_SPD_OMEGA,112,0,7,4,2
TECS_RLL2THR,112,0,8,4,10
TECS_SPDWEIGHT,112,0,9,4,1
TECS_PTCH_DAMP,112,0,10,4,0.300000012
TECS_SINK_MAX,112,0,11,4,5
TECS_LAND_ARSPD,112,0,12,4,-1
TECS_LAND_THR,112,0,13,4,-1
TECS_LAND_SPDWGT,112,0,14,4,-1
TECS_PITCH_MAX,112,0,15,1,15
TECS_PITCH_MIN,112,0,16,1,0
TECS_LAND_SINK,112,0,17,4,0.25
TECS_LAND_TCONST,112,0,18,4,2
TECS_LAND_DAMP,112,0,19,4,0.5
TECS_LAND_PMAX,112,0,20,1,10
TECS_APPR_SMAX,112,0,21,4,0
TECS_LAND_SRC,112,0,22,4,0
TECS_LAND_TDAMP,112,0,23,4,0
TECS_LAND_IGAIN,112,0,24,4,0
TECS_TKOFF_IGAIN,112,0,25,4,0
TECS_LAND_PDAMP,112,0,26,4,0
TECS_SYNAIRSPEED,112,0,27,1,0
TECS_OPTIONS,112,0,28,3,0
TECS_PTCH_FF_V0,112,0,29,4,12
TECS_PTCH_FF_K,112,0,30,4,0
TECS_THR_ERATE,112,0,31,1,20
TECS_FLARE_HGT,112,0,32,4,1
TECS_HDEM_TCONST,112,0,33,4,3
MNT1_TYPE,113,0,107,1,0
MNT1_DEFLT_MODE,113,0,171,1,3
MNT1_RC_RATE,113,0,235,2,0
MNT1_ROLL_MIN,113,0,299,2,-30
MNT1_ROLL_MAX,113,0,363,2,30
MNT1_PITCH_MIN,113,0,427,2,-90
MNT1_PITCH_MAX,113,0,491,2,20
MNT1_YAW_MIN,113,0,555,2,-180
MNT1_YAW_MAX,113,0,619,2,180
MNT1_RETRACT_X,113,0,683,5,0
MNT1_RETRACT_X,113,1,683,4,0
MNT1_RETRACT_Y,113,2,683,4,0
MNT1_RETRACT_Z,113,3,683,4,0
MNT1_NEUTRAL_X,113,0,747,5,0
MNT1_NEUTRAL_X,113,1,747,4,0
MNT1_NEUTRAL_Y,113,2,747,4,0
MNT1_NEUTRAL_Z,113,3,747,4,0
MNT1_LEAD_RLL,113,0,811,4,0
MNT1_LEAD_PTCH,113,0,875,4,0
MNT1_SYSID_DFLT,113,0,939,1,0
MNT1_DEVID,113,0,1003,3,0
MNT1_OPTIONS,113,0,1067,1,0
MNT2_TYPE,113,0,108,1,0
MNT2_DEFLT_MODE,113,0,172,1,3
MNT2_RC_RATE,113,0,236,2,0
MNT2_ROLL_MIN,113,0,300,2,-30
MNT2_ROLL_MAX,113,0,364,2,30
MNT2_PITCH_MIN,113,0,428,2,-90
MNT2_PITCH_MAX,113,0,492,2,20
MNT2_YAW_MIN,113,0,556,2,-180
MNT2_YAW_MAX,113,0,620,2,180
MNT2_RETRACT_X,113,0,684,5,0
MNT2_RETRACT_X,113,1,684,4,0
MNT2_RETRACT_Y,113,2,684,4,0
MNT2_RETRACT_Z,113,3,684,4,0
MNT2_NEUTRAL_X,113,0,748,5,0
MNT2_NEUTRAL_X,113,1,748,4,0
MNT2_NEUTRAL_Y,113,2,748,4,0
MNT2_NEUTRAL_Z,113,3,748,4,0
MNT2_LEAD_RLL,113,0,812,4,0
MNT2_LEAD_PTCH,113,0,876,4,0
MNT2_SYSID_DFLT,113,0,940,1,0
MNT2_DEVID,113,0,1004,3,0
MNT2_OPTIONS,113,0,1068,1,0
BATT_MONITOR,114,0,87,1,0
BATT_CAPACITY,114,0,471,3,3300
BATT_SERIAL_NUM,114,0,599,3,-1
BATT_LOW_TIMER,114,0,663,1,10
BATT_FS_VOLTSRC,114,0,727,1,0
BATT_LOW_VOLT,114,0,791,4,0
BATT_LOW_MAH,114,0,855,4,0
BATT_CRT_VOLT,114,0,919,4,0
BATT_CRT_MAH,114,0,983,4,0
BATT_FS_LOW_ACT,114,0,1047,1,0
BATT_FS_CRT_ACT,114,0,1111,1,0
BATT_ARM_VOLT,114,0,1175,4,0
BATT_ARM_MAH,114,0,1239,3,0
BATT_OPTIONS,114,0,1367,3,0
BATT2_MONITOR,114,0,88,1,0
BATT2_CAPACITY,114,0,472,3,3300
BATT2_SERIAL_NUM,114,0,600,3,-1
BATT2_LOW_TIMER,114,0,664,1,10
BATT2_FS_VOLTSRC,114,0,728,1,0
BATT2_LOW_VOLT,114,0,792,4,0
BATT2_LOW_MAH,114,0,856,4,0
BATT2_CRT_VOLT,114,0,920,4,0
BATT2_CRT_MAH,114,0,984,4,0
BATT2_FS_LOW_ACT,114,0,1048,1,0
BATT2_FS_CRT_ACT,114,0,1112,1,0
BATT2_ARM_VOLT,114,0,1176,4,0
BATT2_ARM_MAH,114,0,1240,3,0
BATT2_OPTIONS,114,0,1368,3,0
BATT3_MONITOR,114,0,89,1,0
BATT3_CAPACITY,114,0,473,3,3300
BATT3_SERIAL_NUM,114,0,601,3,-1
BATT3_LOW_TIMER,114,0,665,1,10
BATT3_FS_VOLTSRC,114,0,729,1,0
BATT3_LOW_VOLT,114,0,793,4,0
BATT3_LOW_MAH,114,0,857,4,0
BATT3_CRT_VOLT,114,0,921,4,0
BATT3_CRT_MAH,114,0,985,4,0
BATT3_FS_LOW_ACT,114,0,1049,1,0
BATT3_FS_CRT_ACT,114,0,1113,1,0
BATT3_ARM_VOLT,114,0,1177,4,0
BATT3_ARM_MAH,114,0,1241,3,0
BATT3_OPTIONS,114,0,1369,3,0
BATT4_MONITOR,114,0,90,1,0
BATT4_CAPACITY,114,0,474,3,3300
BATT4_SERIAL_NUM,114,0,602,3,-1
BATT4_LOW_TIMER,114,0,666,1,10
BATT4_FS_VOLTSRC,114,0,730,1,0
BATT4_LOW_VOLT,114,0,794,4,0
BATT4_LOW_MAH,114,0,858,4,0
BATT4_CRT_VOLT,114,0,922,4,0
BATT4_CRT_MAH,114,0,986,4,0
BATT4_FS_LOW_ACT,114,0,1050,1,0
BATT4_FS_CRT_ACT,114,0,1114,1,0
BATT4_ARM_VOLT,114,0,1178,4,0
BATT4_ARM_MAH,114,0,1242,3,0
BATT4_OPTIONS,114,0,1370,3,0
BATT5_MONITOR,114,0,91,1,0
BATT5_CAPACITY,114,0,475,3,3300
BATT5_SERIAL_NUM,114,0,603,3,-1
BATT5_LOW_TIMER,114,0,667,1,10
BATT5_FS_VOLTSRC,114,0,731,1,0
BATT5_LOW_VOLT,114,0,795,4,0
BATT5_LOW_MAH,114,0,859,4,0
BATT5_CRT_VOLT,114,0,923,4,0
BATT5_CRT_MAH,114,0,987,4,0
BATT5_FS_LOW_ACT,114,0,1051,1,0
BATT5_FS_CRT_ACT,114,0,1115,1,0
BATT5_ARM_VOLT,114,0,1179,4,0
BATT5_ARM_MAH,114,0,1243,3,0
BATT5_OPTIONS,114,0,1371,3,0
BATT6_MONITOR,114,0,92,1,0
BATT6_CAPACITY,114,0,476,3,3300
BATT6_SERIAL_NUM,114,0,604,3,-1
BATT6_LOW_TIMER,114,0,668,1,10
BATT6_FS_VOLTSRC,114,0,732,1,0
BATT6_LOW_VOLT,114,0,796,4,0
BATT6_LOW_MAH,114,0,860,4,0
BATT6_CRT_VOLT,114,0,924,4,0
BATT6_CRT_MAH,114,0,988,4,0
BATT6_FS_LOW_ACT,114,0,1052,1,0
BATT6_FS_CRT_ACT,114,0,1116,1,0
BATT6_ARM_VOLT,114,0,1180,4,0
BATT6_ARM_MAH,114,0,1244,3,0
BATT6_OPTIONS,114,0,1372,3,0
BATT7_MONITOR,114,0,93,1,0
BATT7_CAPACITY,114,0,477,3,3300
BATT7_SERIAL_NUM,114,0,605,3,-1
BATT7_LOW_TIMER,114,0,669,1,10
BATT7_FS_VOLTSRC,114,0,733,1,0
BATT7_LOW_VOLT,114,0,797,4,0
BATT7_LOW_MAH,114,0,861,4,0
BATT7_CRT_VOLT,114,0,925,4,0
BATT7_CRT_MAH,114,0,989,4,0
BATT7_FS_LOW_ACT,114,0,1053,1,0
BATT7_FS_CRT_ACT,114,0,1117,1,0
BATT7_ARM_VOLT,114,0,1181,4,0
BATT7_ARM_MAH,114,0,1245,3,0
BATT7_OPTIONS,114,0,1373,3,0
BATT8_MONITOR,114,0,94,1,0
BATT8_CAPACITY,114,0,478,3,3300
BATT8_SERIAL_NUM,114,0,606,3,-1
BATT8_LOW_TIMER,114,0,670,1,10
BATT8_FS_VOLTSRC,114,0,734,1,0
BATT8_LOW_VOLT,114,0,798,4,0
BATT8_LOW_MAH,114,0,862,4,0
BATT8_CRT_VOLT,114,0,926,4,0
BATT8_CRT_MAH,114,0,990,4,0
BATT8_FS_LOW_ACT,114,0,1054,1,0
BATT8_FS_CRT_ACT,114,0,1118,1,0
BATT8_ARM_VOLT,114,0,1182,4,0
BATT8_ARM_MAH,114,0,1246,3,0
BATT8_OPTIONS,114,0,1374,3,0
BATT9_MONITOR,114,0,95,1,0
BATT9_CAPACITY,114,0,479,3,3300
BATT9_SERIAL_NUM,114,0,607,3,-1
BATT9_LOW_TIMER,114,0,671,1,10
BATT9_FS_VOLTSRC,114,0,735,1,0
BATT9_LOW_VOLT,114,0,799,4,0
BATT9_LOW_MAH,114,0,863,4,0
BATT9_CRT_VOLT,114,0,927,4,0
BATT9_CRT_MAH,114,0,991,4,0
BATT9_FS_LOW_ACT,114,0,1055,1,0
BATT9_FS_CRT_ACT,114,0,1119,1,0
BATT9_ARM_VOLT,114,0,1183,4,0
BATT9_ARM_MAH,114,0,1247,3,0
BATT9_OPTIONS,114,0,1375,3,0
BRD_SAFETY_DEFLT,115,0,3,1,0
BRD_SERIAL_NUM,115,0,5,3,0
BRD_SAFETY_MASK,115,0,7,3,0
BRD_SAFETYOPTION,115,0,13,2,3
BRD_RTC_TYPES,115,0,78,1,1
BRD_RTC_TZ_MIN,115,0,142,2,0
BRD_VBUS_MIN,115,0,15,4,4.30000019
BRD_VSERVO_MIN,115,0,16,4,0
BRD_OPTIONS,115,0,19,3,0
BRD_BOOT_DELAY,115,0,20,2,0
BRD_SD_MISSION,115,0,24,2,0
BRD_SD_FENCE,115,0,29,2,0
CAN_P1_DRIVER,116,0,65,1,0
CAN_P1_BITRATE,116,0,129,3,1000000
CAN_P1_FDBITRATE,116,0,193,3,8
CAN_P1_OPTIONS,116,0,257,3,0
CAN_P2_DRIVER,116,0,66,1,0
CAN_P2_BITRATE,116,0,130,3,1000000
CAN_P2_FDBITRATE,116,0,194,3,8
CAN_P2_OPTIONS,116,0,258,3,0
CAN_D1_PROTOCOL,116,0,68,1,1
CAN_D1_PROTOCOL2,116,0,388,1,0
CAN_D2_PROTOCOL,116,0,69,1,1
CAN_D2_PROTOCOL2,116,0,389,1,0
CAN_LOGLEVEL,116,0,8,1,0
SIM_DRIFT_SPEED,117,0,5,4,0.0500000007
SIM_DRIFT_TIME,117,0,6,4,5
SIM_ENGINE_MUL,117,0,8,4,0
SIM_WIND_SPD,117,0,9,4,0
SIM_WIND_DIR,117,0,10,4,180
SIM_WIND_TURB,117,0,11,4,0
SIM_WIND_TC,117,0,12,4,5
SIM_SERVO_SPEED,117,0,80,4,0.140000001
SIM_SERVO_DELAY,117,0,144,4,0
SIM_SERVO_FILTER,117,0,208,4,0
SIM_SONAR_ROT,117,0,17,1,25
SIM_BATT_VOLTAGE,117,0,19,4,12.6000004
SIM_BATT_CAP_AH,117,0,20,4,0
SIM_SONAR_GLITCH,117,0,23,4,0
SIM_SONAR_RND,117,0,24,4,0
SIM_RC_FAIL,117,0,25,1,0
SIM_FLOAT_EXCEPT,117,0,28,1,1
SIM_CAN_SRV_MSK,117,0,29,3,0
SIM_CAN_TYPE1,117,0,30,1,1
SIM_CAN_TYPE2,117,0,31,1,1
SIM_SONAR_SCALE,117,0,32,4,12.1211996
SIM_FLOW_ENABLE,117,0,33,1,0
SIM_TERRAIN,117,0,34,1,1
SIM_FLOW_RATE,117,0,35,2,10
SIM_FLOW_DELAY,117,0,36,1,0
SIM_ADSB_COUNT,117,0,45,2,-1
SIM_ADSB_RADIUS,117,0,46,4,10000
SIM_ADSB_ALT,117,0,47,4,1000
SIM_PIN_MASK,117,0,50,2,0
SIM_ADSB_TX,117,0,51,1,0
SIM_SPEEDUP,117,0,52,4,1
SIM_IMU_POS_X,117,0,53,5,0
SIM_IMU_POS_X,117,1,53,4,0
SIM_IMU_POS_Y,117,2,53,4,0
SIM_IMU_POS_Z,117,3,53,4,0
SIM_IMUT_START,117,0,118,4,25
SIM_IMUT_END,117,0,182,4,45
SIM_IMUT_TCONST,117,0,246,4,300
SIM_IMUT_FIXED,117,0,310,4,0
SIM_ACC1_BIAS_X,117,0,374,5,0
SIM_ACC1_BIAS_X,117,1,374,4,0
SIM_ACC1_BIAS_Y,117,2,374,4,0
SIM_ACC1_BIAS_Z,117,3,374,4,0
SIM_ACC2_BIAS_X,117,0,438,5,0
SIM_ACC2_BIAS_X,117,1,438,4,0
SIM_ACC2_BIAS_Y,117,2,438,4,0
SIM_ACC2_BIAS_Z,117,3,438,4,0
SIM_ACC3_BIAS_X,117,0,502,5,0
SIM_ACC3_BIAS_X,117,1,502,4,0
SIM_ACC3_BIAS_Y,117,2,502,4,0
SIM_ACC3_BIAS_Z,117,3,502,4,0
SIM_GYR1_RND,117,0,566,4,0
SIM_GYR2_RND,117,0,630,4,0
SIM_GYR3_RND,117,0,694,4,0
SIM_ACC1_RND,117,0,758,4,0
SIM_ACC2_RND,117,0,822,4,0
SIM_ACC3_RND,117,0,886,4,0
SIM_GYR1_SCALE_X,117,0,950,5,0
SIM_GYR1_SCALE_X,117,1,950,4,0
SIM_GYR1_SCALE_Y,117,2,950,4,0
SIM_GYR1_SCALE_Z,117,3,950,4,0
SIM_GYR2_SCALE_X,117,0,1014,5,0
SIM_GYR2_SCALE_X,117,1,1014,4,0
SIM_GYR2_SCALE_Y,117,2,1014,4,0
SIM_GYR2_SCALE_Z,117,3,1014,4,0
SIM_GYR3_SCALE_X,117,0,1078,5,0
SIM_GYR3_SCALE_X,117,1,1078,4,0
SIM_GYR3_SCALE_Y,117,2,1078,4,0
SIM_GYR3_SCALE_Z,117,3,1078,4,0
SIM_ACCEL1_FAIL,117,0,1142,4,0
SIM_ACCEL2_FAIL,117,0,1206,4,0
SIM_ACCEL3_FAIL,117,0,1270,4,0
SIM_GYR_FAIL_MSK,117,0,1334,1,0
SIM_ACC_FAIL_MSK,117,0,1398,1,0
SIM_ACC1_SCAL_X,117,0,1462,5,0
SIM_ACC1_SCAL_X,117,1,1462,4,0
SIM_ACC1_SCAL_Y,117,2,1462,4,0
SIM_ACC1_SCAL_Z,117,3,1462,4,0
SIM_ACC2_SCAL_X,117,0,1526,5,0
SIM_ACC2_SCAL_X,117,1,1526,4,0
SIM_ACC2_SCAL_Y,117,2,1526,4,0
SIM_ACC2_SCAL_Z,117,3,1526,4,0
SIM_ACC3_SCAL_X,117,0,1590,5,0
SIM_ACC3_SCAL_X,117,1,1590,4,0
SIM_ACC3_SCAL_Y,117,2,1590,4,0
SIM_ACC3_SCAL_Z,117,3,1590,4,0
SIM_ACC_TRIM_X,117,0,1654,5,0
SIM_ACC_TRIM_X,117,1,1654,4,0
SIM_ACC_TRIM_Y,117,2,1654,4,0
SIM_ACC_TRIM_Z,117,3,1654,4,0
SIM_JSON_MASTER,117,0,1782,1,0
SIM_OH_MASK,117,0,1846,3,0
SIM_GYR_FILE_RW,117,0,1910,1,0
SIM_ACC_FILE_RW,117,0,1974,1,0
SIM_GYR1_BIAS_X,117,0,2038,5,0
SIM_GYR1_BIAS_X,117,1,2038,4,0
SIM_GYR1_BIAS_Y,117,2,2038,4,0
SIM_GYR1_BIAS_Z,117,3,2038,4,0
SIM_GYR2_BIAS_X,117,0,2102,5,0
SIM_GYR2_BIAS_X,117,1,2102,4,0
SIM_GYR2_BIAS_Y,117,2,2102,4,0
SIM_GYR2_BIAS_Z,117,3,2102,4,0
SIM_GYR3_BIAS_X,117,0,2166,5,0
SIM_GYR3_BIAS_X,117,1,2166,4,0
SIM_GYR3_BIAS_Y,117,2,2166,4,0
SIM_GYR3_BIAS_Z,117,3,2166,4,0
SIM_OH_RELAY_MSK,117,0,3126,2,65535
SIM_CLAMP_CH,117,0,3190,1,0
SIM_IMUT1_ENABLE,117,0,8054,1,0
SIM_IMUT1_TMIN,117,0,12150,4,0
SIM_IMUT1_TMAX,117,0,16246,4,70
SIM_IMUT1_ACC1_X,117,0,20342,5,0
SIM_IMUT1_ACC1_X,117,1,20342,4,0
SIM_IMUT1_ACC1_Y,117,2,20342,4,0
SIM_IMUT1_ACC1_Z,117,3,20342,4,0
SIM_IMUT1_ACC2_X,117,0,24438,5,0
SIM_IMUT1_ACC2_X,117,1,24438,4,0
SIM_IMUT1_ACC2_Y,117,2,24438,4,0
SIM_IMUT1_ACC2_Z,117,3,24438,4,0
SIM_IMUT1_ACC3_X,117,0,28534,5,0
SIM_IMUT1_ACC3_X,117,1,28534,4,0
SIM_IMUT1_ACC3_Y,117,2,28534,4,0
SIM_IMUT1_ACC3_Z,117,3,28534,4,0
SIM_IMUT1_GYR1_X,117,0,32630,5,0
SIM_IMUT1_GYR1_X,117,1,32630,4,0
SIM_IMUT1_GYR1_Y,117,2,32630,4,0
SIM_IMUT1_GYR1_Z,117,3,32630,4,0
SIM_IMUT1_GYR2_X,117,0,36726,5,0
SIM_IMUT1_GYR2_X,117,1,36726,4,0
SIM_IMUT1_GYR2_Y,117,2,36726,4,0
SIM_IMUT1_GYR2_Z,117,3,36726,4,0
SIM_IMUT1_GYR3_X,117,0,40822,5,0
SIM_IMUT1_GYR3_X,117,1,40822,4,0
SIM_IMUT1_GYR3_Y,117,2,40822,4,0
SIM_IMUT1_GYR3_Z,117,3,40822,4,0
SIM_IMUT2_ENABLE,117,0,8118,1,0
SIM_IMUT2_TMIN,117,0,12214,4,0
SIM_IMUT2_TMAX,117,0,16310,4,70
SIM_IMUT2_ACC1_X,117,0,20406,5,0
SIM_IMUT2_ACC1_X,117,1,20406,4,0
SIM_IMUT2_ACC1_Y,117,2,20406,4,0
SIM_IMUT2_ACC1_Z,117,3,20406,4,0
SIM_IMUT2_ACC2_X,117,0,24502,5,0
SIM_IMUT2_ACC2_X,117,1,24502,4,0
SIM_IMUT2_ACC2_Y,117,2,24502,4,0
SIM_IMUT2_ACC2_Z,117,3,24502,4,0
SIM_IMUT2_ACC3_X,117,0,28598,5,0
SIM_IMUT2_ACC3_X,117,1,28598,4,0
SIM_IMUT2_ACC3_Y,117,2,28598,4,0
SIM_IMUT2_ACC3_Z,117,3,28598,4,0
SIM_IMUT2_GYR1_X,117,0,32694,5,0
SIM_IMUT2_GYR1_X,117,1,32694,4,0
SIM_IMUT2_GYR1_Y,117,2,32694,4,0
SIM_IMUT2_GYR1_Z,117,3,32694,4,0
SIM_IMUT2_GYR2_X,117,0,36790,5,0
SIM_IMUT2_GYR2_X,117,1,36790,4,0
SIM_IMUT2_GYR2_Y,117,2,36790,4,0
SIM_IMUT2_GYR2_Z,117,3,36790,4,0
SIM_IMUT2_GYR3_X,117,0,40886,5,0
SIM_IMUT2_GYR3_X,117,1,40886,4,0
SIM_IMUT2_GYR3_Y,117,2,40886,4,0
SIM_IMUT2_GYR3_Z,117,3,40886,4,0
SIM_IMUT3_ENABLE,117,0,8182,1,0
SIM_IMUT3_TMIN,117,0,12278,4,0
SIM_IMUT3_TMAX,117,0,16374,4,70
SIM_IMUT3_ACC1_X,117,0,20470,5,0
SIM_IMUT3_ACC1_X,117,1,20470,4,0
SIM_IMUT3_ACC1_Y,117,2,20470,4,0
SIM_IMUT3_ACC1_Z,117,3,20470,4,0
SIM_IMUT3_ACC2_X,117,0,24566,5,0
SIM_IMUT3_ACC2_X,117,1,24566,4,0
SIM_IMUT3_ACC2_Y,117,2,24566,4,0
SIM_IMUT3_ACC2_Z,117,3,24566,4,0
SIM_IMUT3_ACC3_X,117,0,28662,5,0
SIM_IMUT3_ACC3_X,117,1,28662,4,0
SIM_IMUT3_ACC3_Y,117,2,28662,4,0
SIM_IMUT3_ACC3_Z,117,3,28662,4,0
SIM_IMUT3_GYR1_X,117,0,32758,5,0
SIM_IMUT3_GYR1_X,117,1,32758,4,0
SIM_IMUT3_GYR1_Y,117,2,32758,4,0
SIM_IMUT3_GYR1_Z,117,3,32758,4,0
SIM_IMUT3_GYR2_X,117,0,36854,5,0
SIM_IMUT3_GYR2_X,117,1,36854,4,0
SIM_IMUT3_GYR2_Y,117,2,36854,4,0
SIM_IMUT3_GYR2_Z,117,3,36854,4,0
SIM_IMUT3_GYR3_X,117,0,40950,5,0
SIM_IMUT3_GYR3_X,117,1,40950,4,0
SIM_IMUT3_GYR3_Y,117,2,40950,4,0
SIM_IMUT3_GYR3_Z,117,3,40950,4,0
SIM_SONAR_POS_X,117,0,55,5,0
SIM_SONAR_POS_X,117,1,55,4,0
SIM_SONAR_POS_Y,117,2,55,4,0
SIM_SONAR_POS_Z,117,3,55,4,0
SIM_FLOW_POS_X,117,0,56,5,0
SIM_FLOW_POS_X,117,1,56,4,0
SIM_FLOW_POS_Y,117,2,56,4,0
SIM_FLOW_POS_Z,117,3,56,4,0
SIM_ENGINE_FAIL,117,0,58,3,0
SIM_SHIP_ENABLE,117,0,4219,1,0
SIM_SHIP_SPEED,117,0,8315,4,3
SIM_SHIP_PSIZE,117,0,12411,4,1000
SIM_SHIP_SYSID,117,0,16507,1,17
SIM_SHIP_DSIZE,117,0,20603,4,10
SIM_SHIP_OFS_X,117,0,28795,5,0
SIM_SHIP_OFS_X,117,1,28795,4,0
SIM_SHIP_OFS_Y,117,2,28795,4,0
SIM_SHIP_OFS_Z,117,3,28795,4,0
SIM_SLUP_ENABLE,117,0,4411,1,0
SIM_SLUP_WEIGHT,117,0,8507,4,1
SIM_SLUP_LINELEN,117,0,12603,4,30
SIM_SLUP_DRAG,117,0,16699,4,1
SIM_SLUP_SYSID,117,0,20795,1,2
SIM_TETH_ENABLE,117,0,4539,1,0
SIM_TETH_DENSITY,117,0,8635,4,0.0166999996
SIM_TETH_LINELEN,117,0,12731,4,100
SIM_TETH_SYSID,117,0,16827,1,2
SIM_TETH_STUCK,117,0,20923,1,0
SIM_TETH_SPGCNST,117,0,25019,4,100
SIM_TETH_DMPCNST,117,0,29115,4,10
SIM_MAG_RND,117,0,124,4,0
SIM_MAG_MOT_X,117,0,188,5,0
SIM_MAG_MOT_X,117,1,188,4,0
SIM_MAG_MOT_Y,117,2,188,4,0
SIM_MAG_MOT_Z,117,3,188,4,0
SIM_MAG_DELAY,117,0,252,2,0
SIM_MAG1_OFS_X,117,0,316,5,0
SIM_MAG1_OFS_X,117,1,316,4,0
SIM_MAG1_OFS_Y,117,2,316,4,0
SIM_MAG1_OFS_Z,117,3,316,4,0
SIM_MAG_ALY_X,117,0,380,5,0
SIM_MAG_ALY_X,117,1,380,4,0
SIM_MAG_ALY_Y,117,2,380,4,0
SIM_MAG_ALY_Z,117,3,380,4,0
SIM_MAG_ALY_HGT,117,0,444,4,1
SIM_MAG1_DIA_X,117,0,508,5,0
SIM_MAG1_DIA_X,117,1,508,4,0
SIM_MAG1_DIA_Y,117,2,508,4,0
SIM_MAG1_DIA_Z,117,3,508,4,0
SIM_MAG1_ODI_X,117,0,572,5,0
SIM_MAG1_ODI_X,117,1,572,4,0
SIM_MAG1_ODI_Y,117,2,572,4,0
SIM_MAG1_ODI_Z,117,3,572,4,0
SIM_MAG1_ORIENT,117,0,636,1,0
SIM_MAG1_SCALING,117,0,700,4,1
SIM_MAG1_DEVID,117,0,764,3,97539
SIM_MAG2_DEVID,117,0,828,3,131874
SIM_MAG3_DEVID,117,0,892,3,263178
SIM_MAG4_DEVID,117,0,956,3,97283
SIM_MAG5_DEVID,117,0,1020,3,97795
SIM_MAG6_DEVID,117,0,1084,3,98051
SIM_MAG7_DEVID,117,0,1148,3,0
SIM_MAG8_DEVID,117,0,1212,3,0
SIM_MAG1_FAIL,117,0,1724,1,0
SIM_MAG2_OFS_X,117,0,1276,5,0
SIM_MAG2_OFS_X,117,1,1276,4,0
SIM_MAG2_OFS_Y,117,2,1276,4,0
SIM_MAG2_OFS_Z,117,3,1276,4,0
SIM_MAG2_DIA_X,117,0,1340,5,0
SIM_MAG2_DIA_X,117,1,1340,4,0
SIM_MAG2_DIA_Y,117,2,1340,4,0
SIM_MAG2_DIA_Z,117,3,1340,4,0
SIM_MAG2_ODI_X,117,0,1404,5,0
SIM_MAG2_ODI_X,117,1,1404,4,0
SIM_MAG2_ODI_Y,117,2,1404,4,0
SIM_MAG2_ODI_Z,117,3,1404,4,0
SIM_MAG2_ORIENT,117,0,1468,1,0
SIM_MAG2_FAIL,117,0,1788,1,0
SIM_MAG2_SCALING,117,0,1852,4,1
SIM_MAG3_OFS_X,117,0,1532,5,0
SIM_MAG3_OFS_X,117,1,1532,4,0
SIM_MAG3_OFS_Y,117,2,1532,4,0
SIM_MAG3_OFS_Z,117,3,1532,4,0
SIM_MAG3_DIA_X,117,0,1596,5,0
SIM_MAG3_DIA_X,117,1,1596,4,0
SIM_MAG3_DIA_Y,117,2,1596,4,0
SIM_MAG3_DIA_Z,117,3,1596,4,0
SIM_MAG3_ODI_X,117,0,1660,5,0
SIM_MAG3_ODI_X,117,1,1660,4,0
SIM_MAG3_ODI_Y,117,2,1660,4,0
SIM_MAG3_ODI_Z,117,3,1660,4,0
SIM_MAG3_FAIL,117,0,1916,1,0
SIM_MAG3_SCALING,117,0,1980,4,1
SIM_MAG3_ORIENT,117,0,2364,1,0
SIM_MAG_SAVE_IDS,117,0,2428,1,1
SIM_INIT_LAT_OFS,117,0,2941,4,0
SIM_INIT_LON_OFS,117,0,3005,4,0
SIM_INIT_ALT_OFS,117,0,3069,4,0
SIM_GPS_LOG_NUM,117,0,3133,2,0
SIM_GPS1_ENABLE,117,0,7357,1,0
SIM_GPS1_LAG_MS,117,0,11453,2,100
SIM_GPS1_TYPE,117,0,15549,1,1
SIM_GPS1_BYTELOS,117,0,19645,4,0
SIM_GPS1_NUMSATS,117,0,23741,1,10
SIM_GPS1_GLTCH_X,117,0,27837,5,0
SIM_GPS1_GLTCH_X,117,1,27837,4,0
SIM_GPS1_GLTCH_Y,117,2,27837,4,0
SIM_GPS1_GLTCH_Z,117,3,27837,4,0
SIM_GPS1_HZ,117,0,31933,1,5
SIM_GPS1_DRFTALT,117,0,36029,4,0
SIM_GPS1_POS_X,117,0,40125,5,0
SIM_GPS1_POS_X,117,1,40125,4,0
SIM_GPS1_POS_Y,117,2,40125,4,0
SIM_GPS1_POS_Z,117,3,40125,4,0
SIM_GPS1_NOISE,117,0,44221,4,0
SIM_GPS1_LCKTIME,117,0,48317,2,0
SIM_GPS1_ALT_OFS,117,0,52413,2,0
SIM_GPS1_HDG,117,0,56509,1,0
SIM_GPS1_ACC,117,0,60605,4,0.300000012
SIM_GPS1_VERR_X,117,0,64701,5,0
SIM_GPS1_VERR_X,117,1,64701,4,0
SIM_GPS1_VERR_Y,117,2,64701,4,0
SIM_GPS1_VERR_Z,117,3,64701,4,0
SIM_GPS1_JAM,117,0,68797,1,0
SIM_GPS1_HDG_OFS,117,0,72893,4,0
SIM_GPS1_OPTIONS,117,0,76989,3,0
SIM_GPS2_ENABLE,117,0,7421,1,0
SIM_GPS2_LAG_MS,117,0,11517,2,100
SIM_GPS2_TYPE,117,0,15613,1,1
SIM_GPS2_BYTELOS,117,0,19709,4,0
SIM_GPS2_NUMSATS,117,0,23805,1,10
SIM_GPS2_GLTCH_X,117,0,27901,5,0
SIM_GPS2_GLTCH_X,117,1,27901,4,0
SIM_GPS2_GLTCH_Y,117,2,27901,4,0
SIM_GPS2_GLTCH_Z,117,3,27901,4,0
SIM_GPS2_HZ,117,0,31997,1,5
SIM_GPS2_DRFTALT,117,0,36093,4,0
SIM_GPS2_POS_X,117,0,40189,5,0
SIM_GPS2_POS_X,117,1,40189,4,0
SIM_GPS2_POS_Y,117,2,40189,4,0
SIM_GPS2_POS_Z,117,3,40189,4,0
SIM_GPS2_NOISE,117,0,44285,4,0
SIM_GPS2_LCKTIME,117,0,48381,2,0
SIM_GPS2_ALT_OFS,117,0,52477,2,0
SIM_GPS2_HDG,117,0,56573,1,0
SIM_GPS2_ACC,117,0,60669,4,0.300000012
SIM_GPS2_VERR_X,117,0,64765,5,0
SIM_GPS2_VERR_X,117,1,64765,4,0
SIM_GPS2_VERR_Y,117,2,64765,4,0
SIM_GPS2_VERR_Z,117,3,64765,4,0
SIM_GPS2_JAM,117,0,68861,1,0
SIM_GPS2_HDG_OFS,117,0,72957,4,0
SIM_GPS2_OPTIONS,117,0,77053,3,0
SIM_GPS3_ENABLE,117,0,7485,1,0
SIM_GPS3_LAG_MS,117,0,11581,2,100
SIM_GPS3_TYPE,117,0,15677,1,1
SIM_GPS3_BYTELOS,117,0,19773,4,0
SIM_GPS3_NUMSATS,117,0,23869,1,10
SIM_GPS3_GLTCH_X,117,0,27965,5,0
SIM_GPS3_GLTCH_X,117,1,27965,4,0
SIM_GPS3_GLTCH_Y,117,2,27965,4,0
SIM_GPS3_GLTCH_Z,117,3,27965,4,0
SIM_GPS3_HZ,117,0,32061,1,5
SIM_GPS3_DRFTALT,117,0,36157,4,0
SIM_GPS3_POS_X,117,0,40253,5,0
SIM_GPS3_POS_X,117,1,40253,4,0
SIM_GPS3_POS_Y,117,2,40253,4,0
SIM_GPS3_POS_Z,117,3,40253,4,0
SIM_GPS3_NOISE,117,0,44349,4,0
SIM_GPS3_LCKTIME,117,0,48445,2,0
SIM_GPS3_ALT_OFS,117,0,52541,2,0
SIM_GPS3_HDG,117,0,56637,1,0
SIM_GPS3_ACC,117,0,60733,4,0.300000012
SIM_GPS3_VERR_X,117,0,64829,5,0
SIM_GPS3_VERR_X,117,1,64829,4,0
SIM_GPS3_VERR_Y,117,2,64829,4,0
SIM_GPS3_VERR_Z,117,3,64829,4,0
SIM_GPS3_JAM,117,0,68925,1,0
SIM_GPS3_HDG_OFS,117,0,73021,4,0
SIM_GPS3_OPTIONS,117,0,77117,3,0
SIM_GPS4_ENABLE,117,0,7549,1,0
SIM_GPS4_LAG_MS,117,0,11645,2,100
SIM_GPS4_TYPE,117,0,15741,1,1
SIM_GPS4_BYTELOS,117,0,19837,4,0
SIM_GPS4_NUMSATS,117,0,23933,1,10
SIM_GPS4_GLTCH_X,117,0,28029,5,0
SIM_GPS4_GLTCH_X,117,1,28029,4,0
SIM_GPS4_GLTCH_Y,117,2,28029,4,0
SIM_GPS4_GLTCH_Z,117,3,28029,4,0
SIM_GPS4_HZ,117,0,32125,1,5
SIM_GPS4_DRFTALT,117,0,36221,4,0
SIM_GPS4_POS_X,117,0,40317,5,0
SIM_GPS4_POS_X,117,1,40317,4,0
SIM_GPS4_POS_Y,117,2,40317,4,0
SIM_GPS4_POS_Z,117,3,40317,4,0
SIM_GPS4_NOISE,117,0,44413,4,0
SIM_GPS4_LCKTIME,117,0,48509,2,0
SIM_GPS4_ALT_OFS,117,0,52605,2,0
SIM_GPS4_HDG,117,0,56701,1,0
SIM_GPS4_ACC,117,0,60797,4,0.300000012
SIM_GPS4_VERR_X,117,0,64893,5,0
SIM_GPS4_VERR_X,117,1,64893,4,0
SIM_GPS4_VERR_Y,117,2,64893,4,0
SIM_GPS4_VERR_Z,117,3,64893,4,0
SIM_GPS4_JAM,117,0,68989,1,0
SIM_GPS4_HDG_OFS,117,0,73085,4,0
SIM_GPS4_OPTIONS,117,0,77181,3,0
SIM_ODOM_ENABLE,117,0,126,1,0
SIM_LED_LAYOUT,117,0,766,1,0
SIM_THML_SCENARI,117,0,830,1,0
SIM_RATE_HZ,117,0,1470,2,1200
SIM_IMU_COUNT,117,0,1534,1,2
SIM_FTOWESC_ENA,117,0,6078,1,0
SIM_FTOWESC_POW,117,0,10174,3,4095
SIM_RICH_ENABLE,117,0,260094,1,0
SIM_RICH_CTRL,117,0,10238,1,-1
SIM_IE24_ENABLE,117,0,6206,1,0
SIM_IE24_STATE,117,0,10302,1,-1
SIM_IE24_ERROR,117,0,14398,3,0
SIM_BARO_COUNT,117,0,2174,1,2
SIM_BARO_RND,117,0,6334,4,0.200000003
SIM_BARO_DRIFT,117,0,10430,4,0
SIM_BARO_DISABLE,117,0,14526,1,0
SIM_BARO_GLITCH,117,0,18622,4,0
SIM_BARO_FREEZE,117,0,22718,1,0
SIM_BARO_DELAY,117,0,26814,2,0
SIM_BARO_WCF_FWD,117,0,30910,4,0
SIM_BARO_WCF_BAK,117,0,35006,4,0
SIM_BARO_WCF_RGT,117,0,39102,4,0
SIM_BARO_WCF_LFT,117,0,43198,4,0
SIM_BARO_WCF_UP,117,0,47294,4,0
SIM_BARO_WCF_DN,117,0,51390,4,0
SIM_BAR2_RND,117,0,6398,4,0.200000003
SIM_BAR2_DRIFT,117,0,10494,4,0
SIM_BAR2_DISABLE,117,0,14590,1,0
SIM_BAR2_GLITCH,117,0,18686,4,0
SIM_BAR2_FREEZE,117,0,22782,1,0
SIM_BAR2_DELAY,117,0,26878,2,0
SIM_BAR2_WCF_FWD,117,0,30974,4,0
SIM_BAR2_WCF_BAK,117,0,35070,4,0
SIM_BAR2_WCF_RGT,117,0,39166,4,0
SIM_BAR2_WCF_LFT,117,0,43262,4,0
SIM_BAR2_WCF_UP,117,0,47358,4,0
SIM_BAR2_WCF_DN,117,0,51454,4,0
SIM_BAR3_RND,117,0,6462,4,0.200000003
SIM_BAR3_DRIFT,117,0,10558,4,0
SIM_BAR3_DISABLE,117,0,14654,1,0
SIM_BAR3_GLITCH,117,0,18750,4,0
SIM_BAR3_FREEZE,117,0,22846,1,0
SIM_BAR3_DELAY,117,0,26942,2,0
SIM_BAR3_WCF_FWD,117,0,31038,4,0
SIM_BAR3_WCF_BAK,117,0,35134,4,0
SIM_BAR3_WCF_RGT,117,0,39230,4,0
SIM_BAR3_WCF_LFT,117,0,43326,4,0
SIM_BAR3_WCF_UP,117,0,47422,4,0
SIM_BAR3_WCF_DN,117,0,51518,4,0
SIM_TIME_JITTER,117,0,2430,2,0
SIM_ESC_TELEM,117,0,2622,1,1
SIM_ESC_ARM_RPM,117,0,2686,4,0
SIM_UART_LOSS,117,0,2750,4,0
SIM_ARSPD_RND,117,0,7358,4,2
SIM_ARSPD_OFS,117,0,11454,4,2013
SIM_ARSPD_FAIL,117,0,15550,4,0
SIM_ARSPD_FAILP,117,0,19646,4,0
SIM_ARSPD_PITOT,117,0,23742,4,0
SIM_ARSPD_SIGN,117,0,27838,1,0
SIM_ARSPD_RATIO,117,0,31934,4,1.99000001
SIM_ARSPD2_RND,117,0,7422,4,2
SIM_ARSPD2_OFS,117,0,11518,4,2013
SIM_ARSPD2_FAIL,117,0,15614,4,0
SIM_ARSPD2_FAILP,117,0,19710,4,0
SIM_ARSPD2_PITOT,117,0,23806,4,0
SIM_ARSPD2_SIGN,117,0,27902,1,0
SIM_ARSPD2_RATIO,117,0,31998,4,1.99000001
SIM_ADSB_TYPES,117,0,3390,1,1
SIM_VOLZ_ENA,117,0,7678,1,0
SIM_VOLZ_MASK,117,0,11774,3,11
SIM_VOLZ_FMASK,117,0,15870,3,0
SIM_VICON_POS_X,117,0,7742,5,0
SIM_VICON_POS_X,117,1,7742,4,0
SIM_VICON_POS_Y,117,2,7742,4,0
SIM_VICON_POS_Z,117,3,7742,4,0
SIM_VICON_GLIT_X,117,0,11838,5,0
SIM_VICON_GLIT_X,117,1,11838,4,0
SIM_VICON_GLIT_Y,117,2,11838,4,0
SIM_VICON_GLIT_Z,117,3,11838,4,0
SIM_VICON_FAIL,117,0,15934,1,0
SIM_VICON_YAW,117,0,20030,2,0
SIM_VICON_YAWERR,117,0,24126,2,0
SIM_VICON_TMASK,117,0,28222,1,3
SIM_VICON_VGLI_X,117,0,32318,5,0
SIM_VICON_VGLI_X,117,1,32318,4,0
SIM_VICON_VGLI_Y,117,2,32318,4,0
SIM_VICON_VGLI_Z,117,3,32318,4,0
SIM_VICON_P_SD,117,0,36414,4,0
SIM_VICON_V_SD,117,0,40510,4,0
SIM_VICON_RATE,117,0,44606,2,50
SIM_VICON_QUAL,117,0,48702,1,50
SIM_TEMP_START,117,0,127,4,25
SIM_TEMP_BRD_OFF,117,0,191,4,20
SIM_TEMP_TCONST,117,0,255,4,30
SIM_TEMP_BFACTOR,117,0,319,4,0
SIM_WIND_DIR_Z,117,0,703,4,0
SIM_WIND_T,117,0,1023,1,0
SIM_WIND_T_ALT,117,0,1087,4,60
SIM_WIND_T_COEF,117,0,1151,4,0.00999999978
SIM_RC_CHANCOUNT,117,0,1407,1,16
SIM_SPR_ENABLE,117,0,259519,1,0
SIM_SPR_PUMP,117,0,5567,1,-1
SIM_SPR_SPIN,117,0,9663,1,-1
SIM_GRPS_ENABLE,117,0,259583,1,0
SIM_GRPS_PIN,117,0,5631,1,-1
SIM_GRPS_GRAB,117,0,9727,2,2000
SIM_GRPS_RELEASE,117,0,13823,2,1000
SIM_GRPS_REVERSE,117,0,17919,1,0
SIM_GRPE_ENABLE,117,0,259647,1,0
SIM_GRPE_PIN,117,0,5695,1,-1
SIM_WOW_PIN,117,0,1663,1,-1
SIM_VIB_FREQ_X,117,0,1727,5,0
SIM_VIB_FREQ_X,117,1,1727,4,0
SIM_VIB_FREQ_Y,117,2,1727,4,0
SIM_VIB_FREQ_Z,117,3,1727,4,0
SIM_PARA_ENABLE,117,0,259839,1,0
SIM_PARA_PIN,117,0,5887,1,-1
SIM_BAUDLIMIT_EN,117,0,1855,1,0
SIM_PLD_ENABLE,117,0,259967,1,0
SIM_PLD_LAT,117,0,6015,4,0
SIM_PLD_LON,117,0,10111,4,0
SIM_PLD_HEIGHT,117,0,14207,4,0
SIM_PLD_YAW,117,0,18303,2,0
SIM_PLD_RATE,117,0,22399,3,100
SIM_PLD_TYPE,117,0,26495,1,0
SIM_PLD_ALT_LMT,117,0,30591,4,15
SIM_PLD_DIST_LMT,117,0,34687,4,10
SIM_PLD_ORIENT,117,0,38783,1,24
SIM_PLD_OPTIONS,117,0,42879,1,0
SIM_PLD_SHIP,117,0,46975,1,0
SIM_SHOVE_X,117,0,1983,4,0
SIM_SHOVE_Y,117,0,2047,4,0
SIM_SHOVE_Z,117,0,2111,4,0
SIM_SHOVE_TIME,117,0,2175,3,0
SIM_FLOW_RND,117,0,2239,4,0.0500000007
SIM_TWIST_X,117,0,2431,4,0
SIM_TWIST_Y,117,0,2495,4,0
SIM_TWIST_Z,117,0,2559,4,0
SIM_TWIST_TIME,117,0,2623,3,0
SIM_GND_BEHAV,117,0,2687,1,-1
SIM_IMU_ORIENT,117,0,2751,1,0
SIM_WAVE_ENABLE,117,0,2879,1,0
SIM_WAVE_LENGTH,117,0,2943,4,10
SIM_WAVE_AMP,117,0,3007,4,0.5
SIM_WAVE_DIR,117,0,3071,4,0
SIM_WAVE_SPEED,117,0,3135,4,0.5
SIM_TIDE_DIR,117,0,3199,4,0
SIM_TIDE_SPEED,117,0,3263,4,0
SIM_OPOS_LAT,117,0,3327,4,-35.3632622
SIM_OPOS_LNG,117,0,3391,4,149.165237
SIM_OPOS_ALT,117,0,3455,4,584
SIM_OPOS_HDG,117,0,3519,4,353
SIM_LOOP_DELAY,117,0,3583,3,0
SIM_TA_ENABLE,117,0,261759,1,1
SIM_EFI_TYPE,117,0,3775,1,0
SIM_VIB_MOT_HMNC,117,0,3903,2,1
SIM_VIB_MOT_MASK,117,0,383,3,0
SIM_VIB_MOT_MAX,117,0,3967,4,0
SIM_INS_THR_MIN,117,0,4031,4,0.100000001
SIM_VIB_MOT_MULT,117,0,4095,4,1
AFS_ENABLE,118,0,11,1,0
AFS_MAN_PIN,118,0,0,1,-1
AFS_HB_PIN,118,0,1,1,-1
AFS_WP_COMMS,118,0,2,1,0
AFS_WP_GPS_LOSS,118,0,4,1,0
AFS_TERMINATE,118,0,5,1,0
AFS_TERM_ACTION,118,0,6,1,0
AFS_TERM_PIN,118,0,7,1,-1
AFS_AMSL_LIMIT,118,0,8,3,0
AFS_AMSL_ERR_GPS,118,0,9,3,-1
AFS_QNH_PRESSURE,118,0,10,4,0
AFS_MAX_GPS_LOSS,118,0,13,1,0
AFS_MAX_COM_LOSS,118,0,14,1,0
AFS_GEOFENCE,118,0,15,1,1
AFS_RC,118,0,16,1,1
AFS_RC_MAN_ONLY,118,0,17,1,1
AFS_DUAL_LOSS,118,0,18,1,1
AFS_RC_FAIL_TIME,118,0,19,4,0
AFS_MAX_RANGE,118,0,20,2,0
AFS_OPTIONS,118,0,21,2,0
AFS_GCS_TIMEOUT,118,0,22,4,10
FLOW_TYPE,119,0,0,1,0
FLOW_FXSCALER,119,0,1,2,0
FLOW_FYSCALER,119,0,2,2,0
FLOW_ORIENT_YAW,119,0,3,2,0
FLOW_POS_X,119,0,4,5,0
FLOW_POS_X,119,1,4,4,0
FLOW_POS_Y,119,2,4,4,0
FLOW_POS_Z,119,3,4,4,0
FLOW_ADDR,119,0,5,1,0
FLOW_OPTIONS,119,0,7,2,0
MIS_TOTAL,120,0,0,2,0
MIS_RESTART,120,0,1,1,0
MIS_OPTIONS,120,0,2,2,0
RALLY_TOTAL,121,0,0,1,0
RALLY_LIMIT_KM,121,0,1,4,5
RALLY_INCL_HOME,121,0,2,1,0
EK2_ENABLE,122,0,0,1,0
EK2_GPS_TYPE,122,0,1,1,0
EK2_VELNE_M_NSE,122,0,2,4,0.5
EK2_VELD_M_NSE,122,0,3,4,0.699999988
EK2_VEL_I_GATE,122,0,4,2,500
EK2_POSNE_M_NSE,122,0,5,4,1
EK2_POS_I_GATE,122,0,6,2,500
EK2_GLITCH_RAD,122,0,7,1,25
EK2_ALT_SOURCE,122,0,9,1,0
EK2_ALT_M_NSE,122,0,10,4,3
EK2_HGT_I_GATE,122,0,11,2,500
EK2_HGT_DELAY,122,0,12,2,60
EK2_MAG_M_NSE,122,0,13,4,0.0500000007
EK2_MAG_CAL,122,0,14,1,0
EK2_MAG_I_GATE,122,0,15,2,300
EK2_EAS_M_NSE,122,0,16,4,1.39999998
EK2_EAS_I_GATE,122,0,17,2,400
EK2_RNG_M_NSE,122,0,18,4,0.5
EK2_RNG_I_GATE,122,0,19,2,500
EK2_MAX_FLOW,122,0,20,4,2.5
EK2_FLOW_M_NSE,122,0,21,4,0.150000006
EK2_FLOW_I_GATE,122,0,22,2,500
EK2_FLOW_DELAY,122,0,23,1,10
EK2_GYRO_P_NSE,122,0,24,4,0.0299999993
EK2_ACC_P_NSE,122,0,25,4,0.600000024
EK2_GBIAS_P_NSE,122,0,26,4,9.99999975e-05
EK2_GSCL_P_NSE,122,0,27,4,0.000500000024
EK2_ABIAS_P_NSE,122,0,28,4,0.00499999989
EK2_WIND_P_NSE,122,0,30,4,0.100000001
EK2_WIND_PSCALE,122,0,31,4,0.5
EK2_GPS_CHECK,122,0,32,1,31
EK2_IMU_MASK,122,0,33,1,3
EK2_CHECK_SCALE,122,0,34,2,150
EK2_NOAID_M_NSE,122,0,35,4,10
EK2_YAW_M_NSE,122,0,37,4,0.5
EK2_YAW_I_GATE,122,0,38,2,300
EK2_TAU_OUTPUT,122,0,39,1,25
EK2_MAGE_P_NSE,122,0,40,4,0.00100000005
EK2_MAGB_P_NSE,122,0,41,4,9.99999975e-05
EK2_RNG_USE_HGT,122,0,42,1,-1
EK2_TERR_GRAD,122,0,43,4,0.100000001
EK2_BCN_M_NSE,122,0,44,4,1
EK2_BCN_I_GTE,122,0,45,2,500
EK2_BCN_DELAY,122,0,46,1,50
EK2_RNG_USE_SPD,122,0,47,4,2
EK2_MAG_MASK,122,0,48,1,0
EK2_OGN_HGT_MASK,122,0,49,1,0
EK2_FLOW_USE,122,0,51,1,2
EK2_MAG_EF_LIM,122,0,52,2,50
EK2_HRT_FILT,122,0,53,4,2
EK2_GSF_RUN_MASK,122,0,54,1,3
EK2_GSF_USE_MASK,122,0,55,1,3
EK2_GSF_RST_MAX,122,0,57,1,2
EK2_OPTIONS,122,0,58,3,0
EK3_ENABLE,123,0,0,1,1
EK3_VELNE_M_NSE,123,0,2,4,0.5
EK3_VELD_M_NSE,123,0,3,4,0.699999988
EK3_VEL_I_GATE,123,0,4,2,500
EK3_POSNE_M_NSE,123,0,5,4,0.5
EK3_POS_I_GATE,123,0,6,2,500
EK3_GLITCH_RAD,123,0,7,1,25
EK3_ALT_M_NSE,123,0,10,4,3
EK3_HGT_I_GATE,123,0,11,2,500
EK3_HGT_DELAY,123,0,12,2,60
EK3_MAG_M_NSE,123,0,13,4,0.0500000007
EK3_MAG_CAL,123,0,14,1,0
EK3_MAG_I_GATE,123,0,15,2,300
EK3_EAS_M_NSE,123,0,16,4,1.39999998
EK3_EAS_I_GATE,123,0,17,2,400
EK3_RNG_M_NSE,123,0,18,4,0.5
EK3_RNG_I_GATE,123,0,19,2,500
EK3_FLOW_MAX,123,0,20,4,2.5
EK3_FLOW_M_NSE,123,0,21,4,0.150000006
EK3_FLOW_I_GATE,123,0,22,2,500
EK3_FLOW_DELAY,123,0,23,1,10
EK3_GYRO_P_NSE,123,0,24,4,0.0149999997
EK3_ACC_P_NSE,123,0,25,4,0.349999994
EK3_GBIAS_P_NSE,123,0,26,4,0.00100000005
EK3_ABIAS_P_NSE,123,0,28,4,0.0199999996
EK3_WIND_P_NSE,123,0,30,4,0.100000001
EK3_WIND_PSCALE,123,0,31,4,1
EK3_GPS_CHECK,123,0,32,1,31
EK3_IMU_MASK,123,0,33,1,3
EK3_CHECK_SCALE,123,0,34,2,150
EK3_NOAID_M_NSE,123,0,35,4,10
EK3_BETA_MASK,123,0,36,1,0
EK3_YAW_M_NSE,123,0,37,4,0.5
EK3_YAW_I_GATE,123,0,38,2,300
EK3_TAU_OUTPUT,123,0,39,1,25
EK3_MAGE_P_NSE,123,0,40,4,0.00100000005
EK3_MAGB_P_NSE,123,0,41,4,9.99999975e-05
EK3_RNG_USE_HGT,123,0,42,1,-1
EK3_TERR_GRAD,123,0,43,4,0.100000001
EK3_BCN_M_NSE,123,0,44,4,1
EK3_BCN_I_GTE,123,0,45,2,500
EK3_BCN_DELAY,123,0,46,1,50
EK3_RNG_USE_SPD,123,0,47,4,2
EK3_ACC_BIAS_LIM,123,0,48,4,1
EK3_MAG_MASK,123,0,49,1,0
EK3_OGN_HGT_MASK,123,0,50,1,0
EK3_VIS_VERR_MIN,123,0,51,4,0.100000001
EK3_VIS_VERR_MAX,123,0,52,4,0.899999976
EK3_WENC_VERR,123,0,53,4,0.100000001
EK3_FLOW_USE,123,0,54,1,2
EK3_HRT_FILT,123,0,55,4,2
EK3_MAG_EF_LIM,123,0,56,2,50
EK3_GSF_RUN_MASK,123,0,57,1,3
EK3_GSF_USE_MASK,123,0,58,1,3
EK3_GSF_RST_MAX,123,0,60,1,2
EK3_ERR_THRESH,123,0,61,4,0.200000003
EK3_AFFINITY,123,0,62,3,0
EK3_SRC1_POSXY,123,0,4223,1,3
EK3_SRC1_VELXY,123,0,8319,1,3
EK3_SRC1_POSZ,123,0,12415,1,1
EK3_SRC1_VELZ,123,0,16511,1,3
EK3_SRC1_YAW,123,0,20607,1,1
EK3_SRC2_POSXY,123,0,24703,1,0
EK3_SRC2_VELXY,123,0,28799,1,0
EK3_SRC2_POSZ,123,0,32895,1,1
EK3_SRC2_VELZ,123,0,36991,1,0
EK3_SRC2_YAW,123,0,41087,1,0
EK3_SRC3_POSXY,123,0,45183,1,0
EK3_SRC3_VELXY,123,0,49279,1,0
EK3_SRC3_POSZ,123,0,53375,1,1
EK3_SRC3_VELZ,123,0,57471,1,0
EK3_SRC3_YAW,123,0,61567,1,0
EK3_SRC_OPTIONS,123,0,65663,2,0
EK3_DRAG_BCOEF_X,123,0,191,4,0
EK3_DRAG_BCOEF_Y,123,0,255,4,0
EK3_DRAG_M_NSE,123,0,319,4,0.5
EK3_DRAG_MCOEF,123,0,383,4,0
EK3_OGNM_TEST_SF,123,0,447,4,2
EK3_GND_EFF_DZ,123,0,511,4,4
EK3_PRIMARY,123,0,575,1,0
EK3_LOG_LEVEL,123,0,639,1,0
EK3_GPS_VACC_MAX,123,0,703,4,0
EK3_OPTIONS,123,0,767,3,0
RSSI_TYPE,124,0,0,1,0
RSSI_ANA_PIN,124,0,1,1,-1
RSSI_PIN_LOW,124,0,2,4,0
RSSI_PIN_HIGH,124,0,3,4,5
RSSI_CHANNEL,124,0,4,1,0
RSSI_CHAN_LOW,124,0,5,2,1000
RSSI_CHAN_HIGH,124,0,6,2,2000
NTF_LED_BRIGHT,125,0,0,1,3
NTF_BUZZ_TYPES,125,0,1,1,5
NTF_LED_OVERRIDE,125,0,2,1,0
NTF_DISPLAY_TYPE,125,0,3,1,0
NTF_BUZZ_PIN,125,0,5,1,-1
NTF_LED_TYPES,125,0,6,3,123079
NTF_BUZZ_ON_LVL,125,0,7,1,1
NTF_BUZZ_VOLUME,125,0,8,1,100
NTF_LED_LEN,125,0,9,1,1
BTN_ENABLE,126,0,4033,1,0
BTN_PIN1,126,0,65,1,-1
BTN_PIN2,126,0,129,1,-1
BTN_PIN3,126,0,193,1,-1
BTN_PIN4,126,0,257,1,-1
BTN_REPORT_SEND,126,0,321,2,10
BTN_OPTIONS1,126,0,385,1,0
BTN_OPTIONS2,126,0,449,1,0
BTN_OPTIONS3,126,0,513,1,0
BTN_OPTIONS4,126,0,577,1,0
BTN_FUNC1,126,0,641,2,0
BTN_FUNC2,126,0,705,2,0
BTN_FUNC3,126,0,769,2,0
BTN_FUNC4,126,0,833,2,0
ICE_ENABLE,126,0,4034,1,0
ICE_STARTER_TIME,126,0,130,4,3
ICE_START_DELAY,126,0,194,4,2
ICE_RPM_THRESH,126,0,258,3,100
ICE_RPM_CHAN,126,0,578,1,0
ICE_START_PCT,126,0,642,1,5
ICE_IDLE_PCT,126,0,706,1,0
ICE_IDLE_RPM,126,0,770,2,-1
ICE_IDLE_DB,126,0,834,2,50
ICE_IDLE_SLEW,126,0,898,4,1
ICE_OPTIONS,126,0,962,2,0
ICE_STARTCHN_MIN,126,0,1026,2,0
ICE_REDLINE_RPM,126,0,1090,3,0
ICE_STRT_MX_RTRY,126,0,1282,1,0
SERVO1_MIN,126,0,4166,2,1100
SERVO1_MAX,126,0,8262,2,1900
SERVO1_TRIM,126,0,12358,2,1500
SERVO1_REVERSED,126,0,16454,1,0
SERVO1_FUNCTION,126,0,20550,2,0
SERVO2_MIN,126,0,4230,2,1100
SERVO2_MAX,126,0,8326,2,1900
SERVO2_TRIM,126,0,12422,2,1500
SERVO2_REVERSED,126,0,16518,1,0
SERVO2_FUNCTION,126,0,20614,2,0
SERVO3_MIN,126,0,4294,2,1100
SERVO3_MAX,126,0,8390,2,1900
SERVO3_TRIM,126,0,12486,2,1500
SERVO3_REVERSED,126,0,16582,1,0
SERVO3_FUNCTION,126,0,20678,2,0
SERVO4_MIN,126,0,4358,2,1100
SERVO4_MAX,126,0,8454,2,1900
SERVO4_TRIM,126,0,12550,2,1500
SERVO4_REVERSED,126,0,16646,1,0
SERVO4_FUNCTION,126,0,20742,2,0
SERVO5_MIN,126,0,4422,2,1100
SERVO5_MAX,126,0,8518,2,1900
SERVO5_TRIM,126,0,12614,2,1500
SERVO5_REVERSED,126,0,16710,1,0
SERVO5_FUNCTION,126,0,20806,2,0
SERVO6_MIN,126,0,4486,2,1100
SERVO6_MAX,126,0,8582,2,1900
SERVO6_TRIM,126,0,12678,2,1500
SERVO6_REVERSED,126,0,16774,1,0
SERVO6_FUNCTION,126,0,20870,2,0
SERVO7_MIN,126,0,4550,2,1100
SERVO7_MAX,126,0,8646,2,1900
SERVO7_TRIM,126,0,12742,2,1500
SERVO7_REVERSED,126,0,16838,1,0
SERVO7_FUNCTION,126,0,20934,2,0
SERVO8_MIN,126,0,4614,2,1100
SERVO8_MAX,126,0,8710,2,1900
SERVO8_TRIM,126,0,12806,2,1500
SERVO8_REVERSED,126,0,16902,1,0
SERVO8_FUNCTION,126,0,20998,2,0
SERVO9_MIN,126,0,4678,2,1100
SERVO9_MAX,126,0,8774,2,1900
SERVO9_TRIM,126,0,12870,2,1500
SERVO9_REVERSED,126,0,16966,1,0
SERVO9_FUNCTION,126,0,21062,2,0
SERVO10_MIN,126,0,4742,2,1100
SERVO10_MAX,126,0,8838,2,1900
SERVO10_TRIM,126,0,12934,2,1500
SERVO10_REVERSED,126,0,17030,1,0
SERVO10_FUNCTION,126,0,21126,2,0
SERVO11_MIN,126,0,4806,2,1100
SERVO11_MAX,126,0,8902,2,1900
SERVO11_TRIM,126,0,12998,2,1500
SERVO11_REVERSED,126,0,17094,1,0
SERVO11_FUNCTION,126,0,21190,2,0
SERVO12_MIN,126,0,4870,2,1100
SERVO12_MAX,126,0,8966,2,1900
SERVO12_TRIM,126,0,13062,2,1500
SERVO12_REVERSED,126,0,17158,1,0
SERVO12_FUNCTION,126,0,21254,2,0
SERVO13_MIN,126,0,4934,2,1100
SERVO13_MAX,126,0,9030,2,1900
SERVO13_TRIM,126,0,13126,2,1500
SERVO13_REVERSED,126,0,17222,1,0
SERVO13_FUNCTION,126,0,21318,2,0
SERVO14_MIN,126,0,4998,2,1100
SERVO14_MAX,126,0,9094,2,1900
SERVO14_TRIM,126,0,13190,2,1500
SERVO14_REVERSED,126,0,17286,1,0
SERVO14_FUNCTION,126,0,21382,2,0
SERVO15_MIN,126,0,5062,2,1100
SERVO15_MAX,126,0,9158,2,1900
SERVO15_TRIM,126,0,13254,2,1500
SERVO15_REVERSED,126,0,17350,1,0
SERVO15_FUNCTION,126,0,21446,2,0
SERVO16_MIN,126,0,5126,2,1100
SERVO16_MAX,126,0,9222,2,1900
SERVO16_TRIM,126,0,13318,2,1500
SERVO16_REVERSED,126,0,17414,1,0
SERVO16_FUNCTION,126,0,21510,2,0
SERVO_RATE,126,0,1158,2,50
SERVO_VOLZ_MASK,126,0,5318,3,0
SERVO_VOLZ_RANGE,126,0,9414,2,200
SERVO_SBUS_RATE,126,0,5382,2,50
SERVO_ROB_POSMIN,126,0,5510,3,0
SERVO_ROB_POSMAX,126,0,9606,3,4095
SERVO_FTW_MASK,126,0,5702,3,0
SERVO_FTW_RVMASK,126,0,9798,3,0
SERVO_FTW_POLES,126,0,13894,1,14
SERVO_DSHOT_RATE,126,0,1478,1,0
SERVO_DSHOT_ESC,126,0,1542,1,0
SERVO_GPIO_MASK,126,0,1670,3,0
SERVO_RC_FS_MSK,126,0,2822,3,0
SERVO_32_ENABLE,126,0,2758,1,0
SERVO17_MIN,126,0,5830,2,1100
SERVO17_MAX,126,0,9926,2,1900
SERVO17_TRIM,126,0,14022,2,1500
SERVO17_REVERSED,126,0,18118,1,0
SERVO17_FUNCTION,126,0,22214,2,0
SERVO18_MIN,126,0,5894,2,1100
SERVO18_MAX,126,0,9990,2,1900
SERVO18_TRIM,126,0,14086,2,1500
SERVO18_REVERSED,126,0,18182,1,0
SERVO18_FUNCTION,126,0,22278,2,0
SERVO19_MIN,126,0,5958,2,1100
SERVO19_MAX,126,0,10054,2,1900
SERVO19_TRIM,126,0,14150,2,1500
SERVO19_REVERSED,126,0,18246,1,0
SERVO19_FUNCTION,126,0,22342,2,0
SERVO20_MIN,126,0,6022,2,1100
SERVO20_MAX,126,0,10118,2,1900
SERVO20_TRIM,126,0,14214,2,1500
SERVO20_REVERSED,126,0,18310,1,0
SERVO20_FUNCTION,126,0,22406,2,0
SERVO21_MIN,126,0,6086,2,1100
SERVO21_MAX,126,0,10182,2,1900
SERVO21_TRIM,126,0,14278,2,1500
SERVO21_REVERSED,126,0,18374,1,0
SERVO21_FUNCTION,126,0,22470,2,0
SERVO22_MIN,126,0,6150,2,1100
SERVO22_MAX,126,0,10246,2,1900
SERVO22_TRIM,126,0,14342,2,1500
SERVO22_REVERSED,126,0,18438,1,0
SERVO22_FUNCTION,126,0,22534,2,0
SERVO23_MIN,126,0,6214,2,1100
SERVO23_MAX,126,0,10310,2,1900
SERVO23_TRIM,126,0,14406,2,1500
SERVO23_REVERSED,126,0,18502,1,0
SERVO23_FUNCTION,126,0,22598,2,0
SERVO24_MIN,126,0,6278,2,1100
SERVO24_MAX,126,0,10374,2,1900
SERVO24_TRIM,126,0,14470,2,1500
SERVO24_REVERSED,126,0,18566,1,0
SERVO24_FUNCTION,126,0,22662,2,0
SERVO25_MIN,126,0,6342,2,1100
SERVO25_MAX,126,0,10438,2,1900
SERVO25_TRIM,126,0,14534,2,1500
SERVO25_REVERSED,126,0,18630,1,0
SERVO25_FUNCTION,126,0,22726,2,0
SERVO26_MIN,126,0,6406,2,1100
SERVO26_MAX,126,0,10502,2,1900
SERVO26_TRIM,126,0,14598,2,1500
SERVO26_REVERSED,126,0,18694,1,0
SERVO26_FUNCTION,126,0,22790,2,0
SERVO27_MIN,126,0,6470,2,1100
SERVO27_MAX,126,0,10566,2,1900
SERVO27_TRIM,126,0,14662,2,1500
SERVO27_REVERSED,126,0,18758,1,0
SERVO27_FUNCTION,126,0,22854,2,0
SERVO28_MIN,126,0,6534,2,1100
SERVO28_MAX,126,0,10630,2,1900
SERVO28_TRIM,126,0,14726,2,1500
SERVO28_REVERSED,126,0,18822,1,0
SERVO28_FUNCTION,126,0,22918,2,0
SERVO29_MIN,126,0,6598,2,1100
SERVO29_MAX,126,0,10694,2,1900
SERVO29_TRIM,126,0,14790,2,1500
SERVO29_REVERSED,126,0,18886,1,0
SERVO29_FUNCTION,126,0,22982,2,0
SERVO30_MIN,126,0,6662,2,1100
SERVO30_MAX,126,0,10758,2,1900
SERVO30_TRIM,126,0,14854,2,1500
SERVO30_REVERSED,126,0,18950,1,0
SERVO30_FUNCTION,126,0,23046,2,0
SERVO31_MIN,126,0,6726,2,1100
SERVO31_MAX,126,0,10822,2,1900
SERVO31_TRIM,126,0,14918,2,1500
SERVO31_REVERSED,126,0,19014,1,0
SERVO31_FUNCTION,126,0,23110,2,0
SERVO32_MIN,126,0,6790,2,1100
SERVO32_MAX,126,0,10886,2,1900
SERVO32_TRIM,126,0,14982,2,1500
SERVO32_REVERSED,126,0,19078,1,0
SERVO32_FUNCTION,126,0,23174,2,0
RC1_MIN,126,0,4167,2,1100
RC1_TRIM,126,0,8263,2,1500
RC1_MAX,126,0,12359,2,1900
RC1_REVERSED,126,0,16455,1,0
RC1_DZ,126,0,20551,2,0
RC1_OPTION,126,0,24647,2,0
RC2_MIN,126,0,4231,2,1100
RC2_TRIM,126,0,8327,2,1500
RC2_MAX,126,0,12423,2,1900
RC2_REVERSED,126,0,16519,1,0
RC2_DZ,126,0,20615,2,0
RC2_OPTION,126,0,24711,2,0
RC3_MIN,126,0,4295,2,1100
RC3_TRIM,126,0,8391,2,1500
RC3_MAX,126,0,12487,2,1900
RC3_REVERSED,126,0,16583,1,0
RC3_DZ,126,0,20679,2,0
RC3_OPTION,126,0,24775,2,0
RC4_MIN,126,0,4359,2,1100
RC4_TRIM,126,0,8455,2,1500
RC4_MAX,126,0,12551,2,1900
RC4_REVERSED,126,0,16647,1,0
RC4_DZ,126,0,20743,2,0
RC4_OPTION,126,0,24839,2,0
RC5_MIN,126,0,4423,2,1100
RC5_TRIM,126,0,8519,2,1500
RC5_MAX,126,0,12615,2,1900
RC5_REVERSED,126,0,16711,1,0
RC5_DZ,126,0,20807,2,0
RC5_OPTION,126,0,24903,2,0
RC6_MIN,126,0,4487,2,1100
RC6_TRIM,126,0,8583,2,1500
RC6_MAX,126,0,12679,2,1900
RC6_REVERSED,126,0,16775,1,0
RC6_DZ,126,0,20871,2,0
RC6_OPTION,126,0,24967,2,0
RC7_MIN,126,0,4551,2,1100
RC7_TRIM,126,0,8647,2,1500
RC7_MAX,126,0,12743,2,1900
RC7_REVERSED,126,0,16839,1,0
RC7_DZ,126,0,20935,2,0
RC7_OPTION,126,0,25031,2,0
RC8_MIN,126,0,4615,2,1100
RC8_TRIM,126,0,8711,2,1500
RC8_MAX,126,0,12807,2,1900
RC8_REVERSED,126,0,16903,1,0
RC8_DZ,126,0,20999,2,0
RC8_OPTION,126,0,25095,2,0
RC9_MIN,126,0,4679,2,1100
RC9_TRIM,126,0,8775,2,1500
RC9_MAX,126,0,12871,2,1900
RC9_REVERSED,126,0,16967,1,0
RC9_DZ,126,0,21063,2,0
RC9_OPTION,126,0,25159,2,0
RC10_MIN,126,0,4743,2,1100
RC10_TRIM,126,0,8839,2,1500
RC10_MAX,126,0,12935,2,1900
RC10_REVERSED,126,0,17031,1,0
RC10_DZ,126,0,21127,2,0
RC10_OPTION,126,0,25223,2,0
RC11_MIN,126,0,4807,2,1100
RC11_TRIM,126,0,8903,2,1500
RC11_MAX,126,0,12999,2,1900
RC11_REVERSED,126,0,17095,1,0
RC11_DZ,126,0,21191,2,0
RC11_OPTION,126,0,25287,2,0
RC12_MIN,126,0,4871,2,1100
RC12_TRIM,126,0,8967,2,1500
RC12_MAX,126,0,13063,2,1900
RC12_REVERSED,126,0,17159,1,0
RC12_DZ,126,0,21255,2,0
RC12_OPTION,126,0,25351,2,0
RC13_MIN,126,0,4935,2,1100
RC13_TRIM,126,0,9031,2,1500
RC13_MAX,126,0,13127,2,1900
RC13_REVERSED,126,0,17223,1,0
RC13_DZ,126,0,21319,2,0
RC13_OPTION,126,0,25415,2,0
RC14_MIN,126,0,4999,2,1100
RC14_TRIM,126,0,9095,2,1500
RC14_MAX,126,0,13191,2,1900
RC14_REVERSED,126,0,17287,1,0
RC14_DZ,126,0,21383,2,0
RC14_OPTION,126,0,25479,2,0
RC15_MIN,126,0,5063,2,1100
RC15_TRIM,126,0,9159,2,1500
RC15_MAX,126,0,13255,2,1900
RC15_REVERSED,126,0,17351,1,0
RC15_DZ,126,0,21447,2,0
RC15_OPTION,126,0,25543,2,0
RC16_MIN,126,0,5127,2,1100
RC16_TRIM,126,0,9223,2,1500
RC16_MAX,126,0,13319,2,1900
RC16_REVERSED,126,0,17415,1,0
RC16_DZ,126,0,21511,2,0
RC16_OPTION,126,0,25607,2,0
RC_OVERRIDE_TIME,126,0,2055,4,3
RC_OPTIONS,126,0,2119,3,32
RC_PROTOCOLS,126,0,2183,3,1
RC_FS_TIMEOUT,126,0,2247,4,1
SOAR_ENABLE,126,0,72,1,0
SOAR_VSPEED,126,0,136,4,0.699999988
SOAR_Q1,126,0,200,4,0.00100000005
SOAR_Q2,126,0,264,4,0.0299999993
SOAR_R,126,0,328,4,0.449999988
SOAR_DIST_AHEAD,126,0,392,4,5
SOAR_MIN_THML_S,126,0,456,2,20
SOAR_MIN_CRSE_S,126,0,520,2,10
SOAR_POLAR_CD0,126,0,584,4,0.0270000007
SOAR_POLAR_B,126,0,648,4,0.0309999995
SOAR_POLAR_K,126,0,712,4,25.6000004
SOAR_ALT_MAX,126,0,776,4,350
SOAR_ALT_MIN,126,0,840,4,50
SOAR_ALT_CUTOFF,126,0,904,4,250
SOAR_MAX_DRIFT,126,0,1032,4,-1
SOAR_MAX_RADIUS,126,0,1096,4,-1
SOAR_THML_BANK,126,0,1160,4,30
SOAR_THML_ARSPD,126,0,1288,4,0
SOAR_CRSE_ARSPD,126,0,1352,4,0
SOAR_THML_FLAP,126,0,1416,4,0
RUDD_DT_GAIN,126,0,9,1,10
MANUAL_RCMASK,126,0,10,3,0
HOME_RESET_ALT,126,0,11,1,0
FLIGHT_OPTIONS,126,0,13,3,0
TKOFF_ACCEL_CNT,126,0,15,1,1
LGR_ENABLE,126,0,656,1,0
LGR_STARTUP,126,0,144,1,0
LGR_DEPLOY_PIN,126,0,208,1,-1
LGR_DEPLOY_POL,126,0,272,1,0
LGR_WOW_PIN,126,0,336,1,-1
LGR_WOW_POL,126,0,400,1,0
LGR_DEPLOY_ALT,126,0,464,2,0
LGR_RETRACT_ALT,126,0,528,2,0
LGR_OPTIONS,126,0,592,2,3
DSPOILER_CROW_W1,126,0,17,1,0
DSPOILER_CROW_W2,126,0,18,1,0
TKOFF_TIMEOUT,126,0,19,1,0
DSPOILER_OPTS,126,0,20,1,3
DSPOILER_AILMTCH,126,0,21,1,100
FWD_BAT_VOLT_MAX,126,0,23,4,0
FWD_BAT_VOLT_MIN,126,0,24,4,0
FWD_BAT_IDX,126,0,25,1,0
FS_EKF_THRESH,126,0,26,4,0.800000012
RTL_CLIMB_MIN,126,0,27,2,0
GUIDED_P,126,0,4060,4,5000
GUIDED_I,126,0,92,4,0
GUIDED_D,126,0,156,4,0
GUIDED_FF,126,0,284,4,0
GUIDED_IMAX,126,0,348,4,10
GUIDED_FLTT,126,0,604,4,5
GUIDED_FLTE,126,0,668,4,5
GUIDED_FLTD,126,0,732,4,5
GUIDED_SMAX,126,0,796,4,0
GUIDED_PDMX,126,0,860,4,0
GUIDED_D_FF,126,0,924,4,0
GUIDED_NTF,126,0,988,1,0
GUIDED_NEF,126,0,1052,1,0
MAN_EXPO_ROLL,126,0,29,1,0
MAN_EXPO_PITCH,126,0,30,1,0
MAN_EXPO_RUDDER,126,0,31,1,0
ONESHOT_MASK,126,0,32,3,0
FOLL_ENABLE,126,0,97,1,0
FOLL_SYSID,126,0,225,2,0
FOLL_DIST_MAX,126,0,353,4,0
FOLL_OFS_TYPE,126,0,417,1,0
FOLL_OFS_X,126,0,481,5,0
FOLL_OFS_X,126,1,481,4,0
FOLL_OFS_Y,126,2,481,4,0
FOLL_OFS_Z,126,3,481,4,0
FOLL_YAW_BEHAVE,126,0,545,1,1
FOLL_POS_P,126,0,258657,4,0.100000001
FOLL_ALT_TYPE,126,0,673,1,0
FOLL_OPTIONS,126,0,737,2,0
FOLL_ACCEL_NE,126,0,801,4,5
FOLL_JERK_NE,126,0,865,4,10
FOLL_ACCEL_D,126,0,929,4,5
FOLL_JERK_D,126,0,993,4,10
FOLL_ACCEL_H,126,0,1057,4,360
FOLL_JERK_H,126,0,1121,4,720
FOLL_TIMEOUT,126,0,1185,4,3
AUTOTUNE_AXES,126,0,34,1,7
PLND_ENABLED,126,0,4067,1,0
PLND_TYPE,126,0,99,1,0
PLND_YAW_ALIGN,126,0,163,4,0
PLND_LAND_OFS_X,126,0,227,4,0
PLND_LAND_OFS_Y,126,0,291,4,0
PLND_EST_TYPE,126,0,355,1,1
PLND_ACC_P_NSE,126,0,419,4,2.5
PLND_CAM_POS_X,126,0,483,5,0
PLND_CAM_POS_X,126,1,483,4,0
PLND_CAM_POS_Y,126,2,483,4,0
PLND_CAM_POS_Z,126,3,483,4,0
PLND_BUS,126,0,547,1,-1
PLND_LAG,126,0,611,4,0.0199999996
PLND_XY_DIST_MAX,126,0,675,4,2.5
PLND_STRICT,126,0,739,1,1
PLND_RET_MAX,126,0,803,1,4
PLND_TIMEOUT,126,0,867,4,4
PLND_RET_BEHAVE,126,0,931,1,0
PLND_ALT_MIN,126,0,995,4,0.75
PLND_ALT_MAX,126,0,1059,4,8
PLND_OPTIONS,126,0,1123,2,0
RNGFND_LND_ORNT,126,0,36,1,25
FWD_BAT_THR_CUT,126,0,37,4,0
SID_AXIS,126,0,102,1,0
SID_MAGNITUDE,126,0,166,4,5
SID_F_START_HZ,126,0,230,4,0.5
SID_F_STOP_HZ,126,0,294,4,15
SID_T_FADE_IN,126,0,358,4,5
SID_T_REC,126,0,422,4,70
SID_T_FADE_OUT,126,0,486,4,1
SID_XY_CTRL_MUL,126,0,550,4,0.100000001
CLIMB_SLOPE_HGT,126,0,39,2,25
GUIDED_TIMEOUT,126,0,40,4,3
LAND_SLOPE_RCALC,127,0,1,4,2
LAND_ABORT_DEG,127,0,2,4,0
LAND_PITCH_DEG,127,0,3,4,0
LAND_FLARE_ALT,127,0,4,4,3
LAND_FLARE_SEC,127,0,5,4,2
LAND_PF_ALT,127,0,6,4,10
LAND_PF_SEC,127,0,7,4,6
LAND_PF_ARSPD,127,0,8,4,0
LAND_THR_SLEW,127,0,9,1,0
LAND_DISARMDELAY,127,0,10,1,20
LAND_THEN_NEUTRL,127,0,11,1,0
LAND_ABORT_THR,127,0,12,1,0
LAND_FLAP_PERCNT,127,0,13,1,0
LAND_OPTIONS,127,0,16,2,0
LAND_FLARE_AIM,127,0,17,1,50
LAND_WIND_COMP,127,0,18,4,50
LAND_TYPE,127,0,14,1,0
LAND_DS_V_FWD,127,0,79,4,1
LAND_DS_SLOPE_A,127,0,143,4,1
LAND_DS_SLOPE_B,127,0,207,4,1
LAND_DS_APP_EXT,127,0,271,4,50
LAND_DS_V_DWN,127,0,335,4,2
LAND_DS_SLEW_SPD,127,0,399,4,0.5
LAND_DS_ELEV_PWM,127,0,463,2,1500
LAND_DS_ARSP_MAX,127,0,527,4,15
LAND_DS_ARSP_MIN,127,0,591,4,10
LAND_DS_L1,127,0,655,4,30
LAND_DS_L1_I,127,0,719,4,0
LAND_DS_YAW_LIM,127,0,783,4,10
LAND_DS_L1_TCON,127,0,847,4,0.400000006
LAND_DS_P,127,0,258959,4,0
LAND_DS_I,127,0,5007,4,0
LAND_DS_D,127,0,9103,4,0
LAND_DS_IMAX,127,0,13199,2,0
LAND_DS_ABORTALT,127,0,975,4,0
LAND_DS_AIL_SCL,127,0,1039,4,1
OSD_TYPE,128,0,1,1,0
OSD_CHAN,128,0,2,1,0
OSD1_ENABLE,128,0,67,1,0
OSD1_CHAN_MIN,128,0,131,2,900
OSD1_CHAN_MAX,128,0,195,2,2100
OSD1_ALTITUDE_EN,128,0,4355,1,1
OSD1_ALTITUDE_X,128,0,8451,1,23
OSD1_ALTITUDE_Y,128,0,12547,1,8
OSD1_BAT_VOLT_EN,128,0,4419,1,1
OSD1_BAT_VOLT_X,128,0,8515,1,24
OSD1_BAT_VOLT_Y,128,0,12611,1,1
OSD1_RSSI_EN,128,0,4483,1,1
OSD1_RSSI_X,128,0,8579,1,1
OSD1_RSSI_Y,128,0,12675,1,1
OSD1_CURRENT_EN,128,0,4547,1,1
OSD1_CURRENT_X,128,0,8643,1,25
OSD1_CURRENT_Y,128,0,12739,1,2
OSD1_BATUSED_EN,128,0,4611,1,1
OSD1_BATUSED_X,128,0,8707,1,23
OSD1_BATUSED_Y,128,0,12803,1,3
OSD1_SATS_EN,128,0,4675,1,1
OSD1_SATS_X,128,0,8771,1,1
OSD1_SATS_Y,128,0,12867,1,3
OSD1_FLTMODE_EN,128,0,4739,1,1
OSD1_FLTMODE_X,128,0,8835,1,2
OSD1_FLTMODE_Y,128,0,12931,1,8
OSD1_MESSAGE_EN,128,0,4803,1,1
OSD1_MESSAGE_X,128,0,8899,1,2
OSD1_MESSAGE_Y,128,0,12995,1,6
OSD1_GSPEED_EN,128,0,4867,1,1
OSD1_GSPEED_X,128,0,8963,1,2
OSD1_GSPEED_Y,128,0,13059,1,14
OSD1_HORIZON_EN,128,0,4931,1,1
OSD1_HORIZON_X,128,0,9027,1,14
OSD1_HORIZON_Y,128,0,13123,1,8
OSD1_HOME_EN,128,0,4995,1,1
OSD1_HOME_X,128,0,9091,1,14
OSD1_HOME_Y,128,0,13187,1,1
OSD1_HEADING_EN,128,0,5059,1,1
OSD1_HEADING_X,128,0,9155,1,13
OSD1_HEADING_Y,128,0,13251,1,2
OSD1_THROTTLE_EN,128,0,5123,1,1
OSD1_THROTTLE_X,128,0,9219,1,24
OSD1_THROTTLE_Y,128,0,13315,1,11
OSD1_COMPASS_EN,128,0,5187,1,1
OSD1_COMPASS_X,128,0,9283,1,15
OSD1_COMPASS_Y,128,0,13379,1,3
OSD1_WIND_EN,128,0,5251,1,0
OSD1_WIND_X,128,0,9347,1,2
OSD1_WIND_Y,128,0,13443,1,12
OSD1_ASPEED_EN,128,0,5315,1,0
OSD1_ASPEED_X,128,0,9411,1,2
OSD1_ASPEED_Y,128,0,13507,1,13
OSD1_VSPEED_EN,128,0,5379,1,1
OSD1_VSPEED_X,128,0,9475,1,24
OSD1_VSPEED_Y,128,0,13571,1,9
OSD1_ESCTEMP_EN,128,0,5443,1,0
OSD1_ESCTEMP_X,128,0,9539,1,24
OSD1_ESCTEMP_Y,128,0,13635,1,13
OSD1_ESCRPM_EN,128,0,5507,1,0
OSD1_ESCRPM_X,128,0,9603,1,22
OSD1_ESCRPM_Y,128,0,13699,1,12
OSD1_ESCAMPS_EN,128,0,5571,1,0
OSD1_ESCAMPS_X,128,0,9667,1,24
OSD1_ESCAMPS_Y,128,0,13763,1,14
OSD1_GPSLAT_EN,128,0,5635,1,1
OSD1_GPSLAT_X,128,0,9731,1,9
OSD1_GPSLAT_Y,128,0,13827,1,13
OSD1_GPSLONG_EN,128,0,5699,1,1
OSD1_GPSLONG_X,128,0,9795,1,9
OSD1_GPSLONG_Y,128,0,13891,1,14
OSD1_ROLL_EN,128,0,5763,1,0
OSD1_ROLL_X,128,0,9859,1,0
OSD1_ROLL_Y,128,0,13955,1,0
OSD1_PITCH_EN,128,0,5827,1,0
OSD1_PITCH_X,128,0,9923,1,0
OSD1_PITCH_Y,128,0,14019,1,0
OSD1_TEMP_EN,128,0,5891,1,0
OSD1_TEMP_X,128,0,9987,1,0
OSD1_TEMP_Y,128,0,14083,1,0
OSD1_HDOP_EN,128,0,5955,1,0
OSD1_HDOP_X,128,0,10051,1,0
OSD1_HDOP_Y,128,0,14147,1,0
OSD1_WAYPOINT_EN,128,0,6019,1,0
OSD1_WAYPOINT_X,128,0,10115,1,0
OSD1_WAYPOINT_Y,128,0,14211,1,0
OSD1_XTRACK_EN,128,0,6083,1,0
OSD1_XTRACK_X,128,0,10179,1,0
OSD1_XTRACK_Y,128,0,14275,1,0
OSD1_DIST_EN,128,0,6147,1,0
OSD1_DIST_X,128,0,10243,1,22
OSD1_DIST_Y,128,0,14339,1,11
OSD1_STATS_EN,128,0,6211,1,0
OSD1_STATS_X,128,0,10307,1,0
OSD1_STATS_Y,128,0,14403,1,0
OSD1_FLTIME_EN,128,0,6275,1,0
OSD1_FLTIME_X,128,0,10371,1,23
OSD1_FLTIME_Y,128,0,14467,1,10
OSD1_CLIMBEFF_EN,128,0,6339,1,0
OSD1_CLIMBEFF_X,128,0,10435,1,0
OSD1_CLIMBEFF_Y,128,0,14531,1,0
OSD1_EFF_EN,128,0,6403,1,0
OSD1_EFF_X,128,0,10499,1,22
OSD1_EFF_Y,128,0,14595,1,10
OSD1_BTEMP_EN,128,0,6467,1,0
OSD1_BTEMP_X,128,0,10563,1,0
OSD1_BTEMP_Y,128,0,14659,1,0
OSD1_ATEMP_EN,128,0,6531,1,0
OSD1_ATEMP_X,128,0,10627,1,0
OSD1_ATEMP_Y,128,0,14723,1,0
OSD1_BAT2_VLT_EN,128,0,6595,1,0
OSD1_BAT2_VLT_X,128,0,10691,1,0
OSD1_BAT2_VLT_Y,128,0,14787,1,0
OSD1_BAT2USED_EN,128,0,6659,1,0
OSD1_BAT2USED_X,128,0,10755,1,0
OSD1_BAT2USED_Y,128,0,14851,1,0
OSD1_ASPD2_EN,128,0,6723,1,0
OSD1_ASPD2_X,128,0,10819,1,0
OSD1_ASPD2_Y,128,0,14915,1,0
OSD1_ASPD1_EN,128,0,6787,1,0
OSD1_ASPD1_X,128,0,10883,1,0
OSD1_ASPD1_Y,128,0,14979,1,0
OSD1_CLK_EN,128,0,6851,1,0
OSD1_CLK_X,128,0,10947,1,0
OSD1_CLK_Y,128,0,15043,1,0
OSD1_SIDEBARS_EN,128,0,6915,1,0
OSD1_SIDEBARS_X,128,0,11011,1,4
OSD1_SIDEBARS_Y,128,0,15107,1,5
OSD1_CRSSHAIR_EN,128,0,6979,1,0
OSD1_CRSSHAIR_X,128,0,11075,1,0
OSD1_CRSSHAIR_Y,128,0,15171,1,0
OSD1_HOMEDIST_EN,128,0,7043,1,1
OSD1_HOMEDIST_X,128,0,11139,1,1
OSD1_HOMEDIST_Y,128,0,15235,1,1
OSD1_HOMEDIR_EN,128,0,7107,1,1
OSD1_HOMEDIR_X,128,0,11203,1,1
OSD1_HOMEDIR_Y,128,0,15299,1,1
OSD1_POWER_EN,128,0,7171,1,1
OSD1_POWER_X,128,0,11267,1,1
OSD1_POWER_Y,128,0,15363,1,1
OSD1_CELLVOLT_EN,128,0,7235,1,1
OSD1_CELLVOLT_X,128,0,11331,1,1
OSD1_CELLVOLT_Y,128,0,15427,1,1
OSD1_BATTBAR_EN,128,0,7299,1,1
OSD1_BATTBAR_X,128,0,11395,1,1
OSD1_BATTBAR_Y,128,0,15491,1,1
OSD1_ARMING_EN,128,0,7363,1,1
OSD1_ARMING_X,128,0,11459,1,1
OSD1_ARMING_Y,128,0,15555,1,1
OSD1_PLUSCODE_EN,128,0,7427,1,0
OSD1_PLUSCODE_X,128,0,11523,1,0
OSD1_PLUSCODE_Y,128,0,15619,1,0
OSD1_CALLSIGN_EN,128,0,7491,1,0
OSD1_CALLSIGN_X,128,0,11587,1,0
OSD1_CALLSIGN_Y,128,0,15683,1,0
OSD1_CURRENT2_EN,128,0,7555,1,0
OSD1_CURRENT2_X,128,0,11651,1,0
OSD1_CURRENT2_Y,128,0,15747,1,0
OSD1_VTX_PWR_EN,128,0,7619,1,0
OSD1_VTX_PWR_X,128,0,11715,1,0
OSD1_VTX_PWR_Y,128,0,15811,1,0
OSD1_TER_HGT_EN,128,0,7683,1,0
OSD1_TER_HGT_X,128,0,11779,1,23
OSD1_TER_HGT_Y,128,0,15875,1,7
OSD1_AVGCELLV_EN,128,0,7747,1,0
OSD1_AVGCELLV_X,128,0,11843,1,24
OSD1_AVGCELLV_Y,128,0,15939,1,3
OSD1_RESTVOLT_EN,128,0,7811,1,0
OSD1_RESTVOLT_X,128,0,11907,1,24
OSD1_RESTVOLT_Y,128,0,16003,1,2
OSD1_FENCE_EN,128,0,7875,1,0
OSD1_FENCE_X,128,0,11971,1,14
OSD1_FENCE_Y,128,0,16067,1,9
OSD1_RNGF_EN,128,0,7939,1,0
OSD1_RNGF_X,128,0,12035,1,0
OSD1_RNGF_Y,128,0,16131,1,0
OSD1_ACRVOLT_EN,128,0,8003,1,0
OSD1_ACRVOLT_X,128,0,12099,1,24
OSD1_ACRVOLT_Y,128,0,16195,1,4
OSD1_RPM_EN,128,0,8067,1,0
OSD1_RPM_X,128,0,12163,1,2
OSD1_RPM_Y,128,0,16259,1,2
OSD2_ENABLE,128,0,68,1,0
OSD2_CHAN_MIN,128,0,132,2,900
OSD2_CHAN_MAX,128,0,196,2,2100
OSD2_ALTITUDE_EN,128,0,4356,1,1
OSD2_ALTITUDE_X,128,0,8452,1,23
OSD2_ALTITUDE_Y,128,0,12548,1,8
OSD2_BAT_VOLT_EN,128,0,4420,1,1
OSD2_BAT_VOLT_X,128,0,8516,1,24
OSD2_BAT_VOLT_Y,128,0,12612,1,1
OSD2_RSSI_EN,128,0,4484,1,1
OSD2_RSSI_X,128,0,8580,1,1
OSD2_RSSI_Y,128,0,12676,1,1
OSD2_CURRENT_EN,128,0,4548,1,1
OSD2_CURRENT_X,128,0,8644,1,25
OSD2_CURRENT_Y,128,0,12740,1,2
OSD2_BATUSED_EN,128,0,4612,1,1
OSD2_BATUSED_X,128,0,8708,1,23
OSD2_BATUSED_Y,128,0,12804,1,3
OSD2_SATS_EN,128,0,4676,1,1
OSD2_SATS_X,128,0,8772,1,1
OSD2_SATS_Y,128,0,12868,1,3
OSD2_FLTMODE_EN,128,0,4740,1,1
OSD2_FLTMODE_X,128,0,8836,1,2
OSD2_FLTMODE_Y,128,0,12932,1,8
OSD2_MESSAGE_EN,128,0,4804,1,1
OSD2_MESSAGE_X,128,0,8900,1,2
OSD2_MESSAGE_Y,128,0,12996,1,6
OSD2_GSPEED_EN,128,0,4868,1,1
OSD2_GSPEED_X,128,0,8964,1,2
OSD2_GSPEED_Y,128,0,13060,1,14
OSD2_HORIZON_EN,128,0,4932,1,1
OSD2_HORIZON_X,128,0,9028,1,14
OSD2_HORIZON_Y,128,0,13124,1,8
OSD2_HOME_EN,128,0,4996,1,1
OSD2_HOME_X,128,0,9092,1,14
OSD2_HOME_Y,128,0,13188,1,1
OSD2_HEADING_EN,128,0,5060,1,1
OSD2_HEADING_X,128,0,9156,1,13
OSD2_HEADING_Y,128,0,13252,1,2
OSD2_THROTTLE_EN,128,0,5124,1,1
OSD2_THROTTLE_X,128,0,9220,1,24
OSD2_THROTTLE_Y,128,0,13316,1,11
OSD2_COMPASS_EN,128,0,5188,1,1
OSD2_COMPASS_X,128,0,9284,1,15
OSD2_COMPASS_Y,128,0,13380,1,3
OSD2_WIND_EN,128,0,5252,1,0
OSD2_WIND_X,128,0,9348,1,2
OSD2_WIND_Y,128,0,13444,1,12
OSD2_ASPEED_EN,128,0,5316,1,0
OSD2_ASPEED_X,128,0,9412,1,2
OSD2_ASPEED_Y,128,0,13508,1,13
OSD2_VSPEED_EN,128,0,5380,1,1
OSD2_VSPEED_X,128,0,9476,1,24
OSD2_VSPEED_Y,128,0,13572,1,9
OSD2_ESCTEMP_EN,128,0,5444,1,0
OSD2_ESCTEMP_X,128,0,9540,1,24
OSD2_ESCTEMP_Y,128,0,13636,1,13
OSD2_ESCRPM_EN,128,0,5508,1,0
OSD2_ESCRPM_X,128,0,9604,1,22
OSD2_ESCRPM_Y,128,0,13700,1,12
OSD2_ESCAMPS_EN,128,0,5572,1,0
OSD2_ESCAMPS_X,128,0,9668,1,24
OSD2_ESCAMPS_Y,128,0,13764,1,14
OSD2_GPSLAT_EN,128,0,5636,1,1
OSD2_GPSLAT_X,128,0,9732,1,9
OSD2_GPSLAT_Y,128,0,13828,1,13
OSD2_GPSLONG_EN,128,0,5700,1,1
OSD2_GPSLONG_X,128,0,9796,1,9
OSD2_GPSLONG_Y,128,0,13892,1,14
OSD2_ROLL_EN,128,0,5764,1,0
OSD2_ROLL_X,128,0,9860,1,0
OSD2_ROLL_Y,128,0,13956,1,0
OSD2_PITCH_EN,128,0,5828,1,0
OSD2_PITCH_X,128,0,9924,1,0
OSD2_PITCH_Y,128,0,14020,1,0
OSD2_TEMP_EN,128,0,5892,1,0
OSD2_TEMP_X,128,0,9988,1,0
OSD2_TEMP_Y,128,0,14084,1,0
OSD2_HDOP_EN,128,0,5956,1,0
OSD2_HDOP_X,128,0,10052,1,0
OSD2_HDOP_Y,128,0,14148,1,0
OSD2_WAYPOINT_EN,128,0,6020,1,0
OSD2_WAYPOINT_X,128,0,10116,1,0
OSD2_WAYPOINT_Y,128,0,14212,1,0
OSD2_XTRACK_EN,128,0,6084,1,0
OSD2_XTRACK_X,128,0,10180,1,0
OSD2_XTRACK_Y,128,0,14276,1,0
OSD2_DIST_EN,128,0,6148,1,0
OSD2_DIST_X,128,0,10244,1,22
OSD2_DIST_Y,128,0,14340,1,11
OSD2_STATS_EN,128,0,6212,1,0
OSD2_STATS_X,128,0,10308,1,0
OSD2_STATS_Y,128,0,14404,1,0
OSD2_FLTIME_EN,128,0,6276,1,0
OSD2_FLTIME_X,128,0,10372,1,23
OSD2_FLTIME_Y,128,0,14468,1,10
OSD2_CLIMBEFF_EN,128,0,6340,1,0
OSD2_CLIMBEFF_X,128,0,10436,1,0
OSD2_CLIMBEFF_Y,128,0,14532,1,0
OSD2_EFF_EN,128,0,6404,1,0
OSD2_EFF_X,128,0,10500,1,22
OSD2_EFF_Y,128,0,14596,1,10
OSD2_BTEMP_EN,128,0,6468,1,0
OSD2_BTEMP_X,128,0,10564,1,0
OSD2_BTEMP_Y,128,0,14660,1,0
OSD2_ATEMP_EN,128,0,6532,1,0
OSD2_ATEMP_X,128,0,10628,1,0
OSD2_ATEMP_Y,128,0,14724,1,0
OSD2_BAT2_VLT_EN,128,0,6596,1,0
OSD2_BAT2_VLT_X,128,0,10692,1,0
OSD2_BAT2_VLT_Y,128,0,14788,1,0
OSD2_BAT2USED_EN,128,0,6660,1,0
OSD2_BAT2USED_X,128,0,10756,1,0
OSD2_BAT2USED_Y,128,0,14852,1,0
OSD2_ASPD2_EN,128,0,6724,1,0
OSD2_ASPD2_X,128,0,10820,1,0
OSD2_ASPD2_Y,128,0,14916,1,0
OSD2_ASPD1_EN,128,0,6788,1,0
OSD2_ASPD1_X,128,0,10884,1,0
OSD2_ASPD1_Y,128,0,14980,1,0
OSD2_CLK_EN,128,0,6852,1,0
OSD2_CLK_X,128,0,10948,1,0
OSD2_CLK_Y,128,0,15044,1,0
OSD2_SIDEBARS_EN,128,0,6916,1,0
OSD2_SIDEBARS_X,128,0,11012,1,4
OSD2_SIDEBARS_Y,128,0,15108,1,5
OSD2_CRSSHAIR_EN,128,0,6980,1,0
OSD2_CRSSHAIR_X,128,0,11076,1,0
OSD2_CRSSHAIR_Y,128,0,15172,1,0
OSD2_HOMEDIST_EN,128,0,7044,1,1
OSD2_HOMEDIST_X,128,0,11140,1,1
OSD2_HOMEDIST_Y,128,0,15236,1,1
OSD2_HOMEDIR_EN,128,0,7108,1,1
OSD2_HOMEDIR_X,128,0,11204,1,1
OSD2_HOMEDIR_Y,128,0,15300,1,1
OSD2_POWER_EN,128,0,7172,1,1
OSD2_POWER_X,128,0,11268,1,1
OSD2_POWER_Y,128,0,15364,1,1
OSD2_CELLVOLT_EN,128,0,7236,1,1
OSD2_CELLVOLT_X,128,0,11332,1,1
OSD2_CELLVOLT_Y,128,0,15428,1,1
OSD2_BATTBAR_EN,128,0,7300,1,1
OSD2_BATTBAR_X,128,0,11396,1,1
OSD2_BATTBAR_Y,128,0,15492,1,1
OSD2_ARMING_EN,128,0,7364,1,1
OSD2_ARMING_X,128,0,11460,1,1
OSD2_ARMING_Y,128,0,15556,1,1
OSD2_PLUSCODE_EN,128,0,7428,1,0
OSD2_PLUSCODE_X,128,0,11524,1,0
OSD2_PLUSCODE_Y,128,0,15620,1,0
OSD2_CALLSIGN_EN,128,0,7492,1,0
OSD2_CALLSIGN_X,128,0,11588,1,0
OSD2_CALLSIGN_Y,128,0,15684,1,0
OSD2_CURRENT2_EN,128,0,7556,1,0
OSD2_CURRENT2_X,128,0,11652,1,0
OSD2_CURRENT2_Y,128,0,15748,1,0
OSD2_VTX_PWR_EN,128,0,7620,1,0
OSD2_VTX_PWR_X,128,0,11716,1,0
OSD2_VTX_PWR_Y,128,0,15812,1,0
OSD2_TER_HGT_EN,128,0,7684,1,0
OSD2_TER_HGT_X,128,0,11780,1,23
OSD2_TER_HGT_Y,128,0,15876,1,7
OSD2_AVGCELLV_EN,128,0,7748,1,0
OSD2_AVGCELLV_X,128,0,11844,1,24
OSD2_AVGCELLV_Y,128,0,15940,1,3
OSD2_RESTVOLT_EN,128,0,7812,1,0
OSD2_RESTVOLT_X,128,0,11908,1,24
OSD2_RESTVOLT_Y,128,0,16004,1,2
OSD2_FENCE_EN,128,0,7876,1,0
OSD2_FENCE_X,128,0,11972,1,14
OSD2_FENCE_Y,128,0,16068,1,9
OSD2_RNGF_EN,128,0,7940,1,0
OSD2_RNGF_X,128,0,12036,1,0
OSD2_RNGF_Y,128,0,16132,1,0
OSD2_ACRVOLT_EN,128,0,8004,1,0
OSD2_ACRVOLT_X,128,0,12100,1,24
OSD2_ACRVOLT_Y,128,0,16196,1,4
OSD2_RPM_EN,128,0,8068,1,0
OSD2_RPM_X,128,0,12164,1,2
OSD2_RPM_Y,128,0,16260,1,2
OSD3_ENABLE,128,0,69,1,0
OSD3_CHAN_MIN,128,0,133,2,900
OSD3_CHAN_MAX,128,0,197,2,2100
OSD3_ALTITUDE_EN,128,0,4357,1,1
OSD3_ALTITUDE_X,128,0,8453,1,23
OSD3_ALTITUDE_Y,128,0,12549,1,8
OSD3_BAT_VOLT_EN,128,0,4421,1,1
OSD3_BAT_VOLT_X,128,0,8517,1,24
OSD3_BAT_VOLT_Y,128,0,12613,1,1
OSD3_RSSI_EN,128,0,4485,1,1
OSD3_RSSI_X,128,0,8581,1,1
OSD3_RSSI_Y,128,0,12677,1,1
OSD3_CURRENT_EN,128,0,4549,1,1
OSD3_CURRENT_X,128,0,8645,1,25
OSD3_CURRENT_Y,128,0,12741,1,2
OSD3_BATUSED_EN,128,0,4613,1,1
OSD3_BATUSED_X,128,0,8709,1,23
OSD3_BATUSED_Y,128,0,12805,1,3
OSD3_SATS_EN,128,0,4677,1,1
OSD3_SATS_X,128,0,8773,1,1
OSD3_SATS_Y,128,0,12869,1,3
OSD3_FLTMODE_EN,128,0,4741,1,1
OSD3_FLTMODE_X,128,0,8837,1,2
OSD3_FLTMODE_Y,128,0,12933,1,8
OSD3_MESSAGE_EN,128,0,4805,1,1
OSD3_MESSAGE_X,128,0,8901,1,2
OSD3_MESSAGE_Y,128,0,12997,1,6
OSD3_GSPEED_EN,128,0,4869,1,1
OSD3_GSPEED_X,128,0,8965,1,2
OSD3_GSPEED_Y,128,0,13061,1,14
OSD3_HORIZON_EN,128,0,4933,1,1
OSD3_HORIZON_X,128,0,9029,1,14
OSD3_HORIZON_Y,128,0,13125,1,8
OSD3_HOME_EN,128,0,4997,1,1
OSD3_HOME_X,128,0,9093,1,14
OSD3_HOME_Y,128,0,13189,1,1
OSD3_HEADING_EN,128,0,5061,1,1
OSD3_HEADING_X,128,0,9157,1,13
OSD3_HEADING_Y,128,0,13253,1,2
OSD3_THROTTLE_EN,128,0,5125,1,1
OSD3_THROTTLE_X,128,0,9221,1,24
OSD3_THROTTLE_Y,128,0,13317,1,11
OSD3_COMPASS_EN,128,0,5189,1,1
OSD3_COMPASS_X,128,0,9285,1,15
OSD3_COMPASS_Y,128,0,13381,1,3
OSD3_WIND_EN,128,0,5253,1,0
OSD3_WIND_X,128,0,9349,1,2
OSD3_WIND_Y,128,0,13445,1,12
OSD3_ASPEED_EN,128,0,5317,1,0
OSD3_ASPEED_X,128,0,9413,1,2
OSD3_ASPEED_Y,128,0,13509,1,13
OSD3_VSPEED_EN,128,0,5381,1,1
OSD3_VSPEED_X,128,0,9477,1,24
OSD3_VSPEED_Y,128,0,13573,1,9
OSD3_ESCTEMP_EN,128,0,5445,1,0
OSD3_ESCTEMP_X,128,0,9541,1,24
OSD3_ESCTEMP_Y,128,0,13637,1,13
OSD3_ESCRPM_EN,128,0,5509,1,0
OSD3_ESCRPM_X,128,0,9605,1,22
OSD3_ESCRPM_Y,128,0,13701,1,12
OSD3_ESCAMPS_EN,128,0,5573,1,0
OSD3_ESCAMPS_X,128,0,9669,1,24
OSD3_ESCAMPS_Y,128,0,13765,1,14
OSD3_GPSLAT_EN,128,0,5637,1,1
OSD3_GPSLAT_X,128,0,9733,1,9
OSD3_GPSLAT_Y,128,0,13829,1,13
OSD3_GPSLONG_EN,128,0,5701,1,1
OSD3_GPSLONG_X,128,0,9797,1,9
OSD3_GPSLONG_Y,128,0,13893,1,14
OSD3_ROLL_EN,128,0,5765,1,0
OSD3_ROLL_X,128,0,9861,1,0
OSD3_ROLL_Y,128,0,13957,1,0
OSD3_PITCH_EN,128,0,5829,1,0
OSD3_PITCH_X,128,0,9925,1,0
OSD3_PITCH_Y,128,0,14021,1,0
OSD3_TEMP_EN,128,0,5893,1,0
OSD3_TEMP_X,128,0,9989,1,0
OSD3_TEMP_Y,128,0,14085,1,0
OSD3_HDOP_EN,128,0,5957,1,0
OSD3_HDOP_X,128,0,10053,1,0
OSD3_HDOP_Y,128,0,14149,1,0
OSD3_WAYPOINT_EN,128,0,6021,1,0
OSD3_WAYPOINT_X,128,0,10117,1,0
OSD3_WAYPOINT_Y,128,0,14213,1,0
OSD3_XTRACK_EN,128,0,6085,1,0
OSD3_XTRACK_X,128,0,10181,1,0
OSD3_XTRACK_Y,128,0,14277,1,0
OSD3_DIST_EN,128,0,6149,1,0
OSD3_DIST_X,128,0,10245,1,22
OSD3_DIST_Y,128,0,14341,1,11
OSD3_STATS_EN,128,0,6213,1,0
OSD3_STATS_X,128,0,10309,1,0
OSD3_STATS_Y,128,0,14405,1,0
OSD3_FLTIME_EN,128,0,6277,1,0
OSD3_FLTIME_X,128,0,10373,1,23
OSD3_FLTIME_Y,128,0,14469,1,10
OSD3_CLIMBEFF_EN,128,0,6341,1,0
OSD3_CLIMBEFF_X,128,0,10437,1,0
OSD3_CLIMBEFF_Y,128,0,14533,1,0
OSD3_EFF_EN,128,0,6405,1,0
OSD3_EFF_X,128,0,10501,1,22
OSD3_EFF_Y,128,0,14597,1,10
OSD3_BTEMP_EN,128,0,6469,1,0
OSD3_BTEMP_X,128,0,10565,1,0
OSD3_BTEMP_Y,128,0,14661,1,0
OSD3_ATEMP_EN,128,0,6533,1,0
OSD3_ATEMP_X,128,0,10629,1,0
OSD3_ATEMP_Y,128,0,14725,1,0
OSD3_BAT2_VLT_EN,128,0,6597,1,0
OSD3_BAT2_VLT_X,128,0,10693,1,0
OSD3_BAT2_VLT_Y,128,0,14789,1,0
OSD3_BAT2USED_EN,128,0,6661,1,0
OSD3_BAT2USED_X,128,0,10757,1,0
OSD3_BAT2USED_Y,128,0,14853,1,0
OSD3_ASPD2_EN,128,0,6725,1,0
OSD3_ASPD2_X,128,0,10821,1,0
OSD3_ASPD2_Y,128,0,14917,1,0
OSD3_ASPD1_EN,128,0,6789,1,0
OSD3_ASPD1_X,128,0,10885,1,0
OSD3_ASPD1_Y,128,0,14981,1,0
OSD3_CLK_EN,128,0,6853,1,0
OSD3_CLK_X,128,0,10949,1,0
OSD3_CLK_Y,128,0,15045,1,0
OSD3_SIDEBARS_EN,128,0,6917,1,0
OSD3_SIDEBARS_X,128,0,11013,1,4
OSD3_SIDEBARS_Y,128,0,15109,1,5
OSD3_CRSSHAIR_EN,128,0,6981,1,0
OSD3_CRSSHAIR_X,128,0,11077,1,0
OSD3_CRSSHAIR_Y,128,0,15173,1,0
OSD3_HOMEDIST_EN,128,0,7045,1,1
OSD3_HOMEDIST_X,128,0,11141,1,1
OSD3_HOMEDIST_Y,128,0,15237,1,1
OSD3_HOMEDIR_EN,128,0,7109,1,1
OSD3_HOMEDIR_X,128,0,11205,1,1
OSD3_HOMEDIR_Y,128,0,15301,1,1
OSD3_POWER_EN,128,0,7173,1,1
OSD3_POWER_X,128,0,11269,1,1
OSD3_POWER_Y,128,0,15365,1,1
OSD3_CELLVOLT_EN,128,0,7237,1,1
OSD3_CELLVOLT_X,128,0,11333,1,1
OSD3_CELLVOLT_Y,128,0,15429,1,1
OSD3_BATTBAR_EN,128,0,7301,1,1
OSD3_BATTBAR_X,128,0,11397,1,1
OSD3_BATTBAR_Y,128,0,15493,1,1
OSD3_ARMING_EN,128,0,7365,1,1
OSD3_ARMING_X,128,0,11461,1,1
OSD3_ARMING_Y,128,0,15557,1,1
OSD3_PLUSCODE_EN,128,0,7429,1,0
OSD3_PLUSCODE_X,128,0,11525,1,0
OSD3_PLUSCODE_Y,128,0,15621,1,0
OSD3_CALLSIGN_EN,128,0,7493,1,0
OSD3_CALLSIGN_X,128,0,11589,1,0
OSD3_CALLSIGN_Y,128,0,15685,1,0
OSD3_CURRENT2_EN,128,0,7557,1,0
OSD3_CURRENT2_X,128,0,11653,1,0
OSD3_CURRENT2_Y,128,0,15749,1,0
OSD3_VTX_PWR_EN,128,0,7621,1,0
OSD3_VTX_PWR_X,128,0,11717,1,0
OSD3_VTX_PWR_Y,128,0,15813,1,0
OSD3_TER_HGT_EN,128,0,7685,1,0
OSD3_TER_HGT_X,128,0,11781,1,23
OSD3_TER_HGT_Y,128,0,15877,1,7
OSD3_AVGCELLV_EN,128,0,7749,1,0
OSD3_AVGCELLV_X,128,0,11845,1,24
OSD3_AVGCELLV_Y,128,0,15941,1,3
OSD3_RESTVOLT_EN,128,0,7813,1,0
OSD3_RESTVOLT_X,128,0,11909,1,24
OSD3_RESTVOLT_Y,128,0,16005,1,2
OSD3_FENCE_EN,128,0,7877,1,0
OSD3_FENCE_X,128,0,11973,1,14
OSD3_FENCE_Y,128,0,16069,1,9
OSD3_RNGF_EN,128,0,7941,1,0
OSD3_RNGF_X,128,0,12037,1,0
OSD3_RNGF_Y,128,0,16133,1,0
OSD3_ACRVOLT_EN,128,0,8005,1,0
OSD3_ACRVOLT_X,128,0,12101,1,24
OSD3_ACRVOLT_Y,128,0,16197,1,4
OSD3_RPM_EN,128,0,8069,1,0
OSD3_RPM_X,128,0,12165,1,2
OSD3_RPM_Y,128,0,16261,1,2
OSD4_ENABLE,128,0,70,1,0
OSD4_CHAN_MIN,128,0,134,2,900
OSD4_CHAN_MAX,128,0,198,2,2100
OSD4_ALTITUDE_EN,128,0,4358,1,1
OSD4_ALTITUDE_X,128,0,8454,1,23
OSD4_ALTITUDE_Y,128,0,12550,1,8
OSD4_BAT_VOLT_EN,128,0,4422,1,1
OSD4_BAT_VOLT_X,128,0,8518,1,24
OSD4_BAT_VOLT_Y,128,0,12614,1,1
OSD4_RSSI_EN,128,0,4486,1,1
OSD4_RSSI_X,128,0,8582,1,1
OSD4_RSSI_Y,128,0,12678,1,1
OSD4_CURRENT_EN,128,0,4550,1,1
OSD4_CURRENT_X,128,0,8646,1,25
OSD4_CURRENT_Y,128,0,12742,1,2
OSD4_BATUSED_EN,128,0,4614,1,1
OSD4_BATUSED_X,128,0,8710,1,23
OSD4_BATUSED_Y,128,0,12806,1,3
OSD4_SATS_EN,128,0,4678,1,1
OSD4_SATS_X,128,0,8774,1,1
OSD4_SATS_Y,128,0,12870,1,3
OSD4_FLTMODE_EN,128,0,4742,1,1
OSD4_FLTMODE_X,128,0,8838,1,2
OSD4_FLTMODE_Y,128,0,12934,1,8
OSD4_MESSAGE_EN,128,0,4806,1,1
OSD4_MESSAGE_X,128,0,8902,1,2
OSD4_MESSAGE_Y,128,0,12998,1,6
OSD4_GSPEED_EN,128,0,4870,1,1
OSD4_GSPEED_X,128,0,8966,1,2
OSD4_GSPEED_Y,128,0,13062,1,14
OSD4_HORIZON_EN,128,0,4934,1,1
OSD4_HORIZON_X,128,0,9030,1,14
OSD4_HORIZON_Y,128,0,13126,1,8
OSD4_HOME_EN,128,0,4998,1,1
OSD4_HOME_X,128,0,9094,1,14
OSD4_HOME_Y,128,0,13190,1,1
OSD4_HEADING_EN,128,0,5062,1,1
OSD4_HEADING_X,128,0,9158,1,13
OSD4_HEADING_Y,128,0,13254,1,2
OSD4_THROTTLE_EN,128,0,5126,1,1
OSD4_THROTTLE_X,128,0,9222,1,24
OSD4_THROTTLE_Y,128,0,13318,1,11
OSD4_COMPASS_EN,128,0,5190,1,1
OSD4_COMPASS_X,128,0,9286,1,15
OSD4_COMPASS_Y,128,0,13382,1,3
OSD4_WIND_EN,128,0,5254,1,0
OSD4_WIND_X,128,0,9350,1,2
OSD4_WIND_Y,128,0,13446,1,12
OSD4_ASPEED_EN,128,0,5318,1,0
OSD4_ASPEED_X,128,0,9414,1,2
OSD4_ASPEED_Y,128,0,13510,1,13
OSD4_VSPEED_EN,128,0,5382,1,1
OSD4_VSPEED_X,128,0,9478,1,24
OSD4_VSPEED_Y,128,0,13574,1,9
OSD4_ESCTEMP_EN,128,0,5446,1,0
OSD4_ESCTEMP_X,128,0,9542,1,24
OSD4_ESCTEMP_Y,128,0,13638,1,13
OSD4_ESCRPM_EN,128,0,5510,1,0
OSD4_ESCRPM_X,128,0,9606,1,22
OSD4_ESCRPM_Y,128,0,13702,1,12
OSD4_ESCAMPS_EN,128,0,5574,1,0
OSD4_ESCAMPS_X,128,0,9670,1,24
OSD4_ESCAMPS_Y,128,0,13766,1,14
OSD4_GPSLAT_EN,128,0,5638,1,1
OSD4_GPSLAT_X,128,0,9734,1,9
OSD4_GPSLAT_Y,128,0,13830,1,13
OSD4_GPSLONG_EN,128,0,5702,1,1
OSD4_GPSLONG_X,128,0,9798,1,9
OSD4_GPSLONG_Y,128,0,13894,1,14
OSD4_ROLL_EN,128,0,5766,1,0
OSD4_ROLL_X,128,0,9862,1,0
OSD4_ROLL_Y,128,0,13958,1,0
OSD4_PITCH_EN,128,0,5830,1,0
OSD4_PITCH_X,128,0,9926,1,0
OSD4_PITCH_Y,128,0,14022,1,0
OSD4_TEMP_EN,128,0,5894,1,0
OSD4_TEMP_X,128,0,9990,1,0
OSD4_TEMP_Y,128,0,14086,1,0
OSD4_HDOP_EN,128,0,5958,1,0
OSD4_HDOP_X,128,0,10054,1,0
OSD4_HDOP_Y,128,0,14150,1,0
OSD4_WAYPOINT_EN,128,0,6022,1,0
OSD4_WAYPOINT_X,128,0,10118,1,0
OSD4_WAYPOINT_Y,128,0,14214,1,0
OSD4_XTRACK_EN,128,0,6086,1,0
OSD4_XTRACK_X,128,0,10182,1,0
OSD4_XTRACK_Y,128,0,14278,1,0
OSD4_DIST_EN,128,0,6150,1,0
OSD4_DIST_X,128,0,10246,1,22
OSD4_DIST_Y,128,0,14342,1,11
OSD4_STATS_EN,128,0,6214,1,0
OSD4_STATS_X,128,0,10310,1,0
OSD4_STATS_Y,128,0,14406,1,0
OSD4_FLTIME_EN,128,0,6278,1,0
OSD4_FLTIME_X,128,0,10374,1,23
OSD4_FLTIME_Y,128,0,14470,1,10
OSD4_CLIMBEFF_EN,128,0,6342,1,0
OSD4_CLIMBEFF_X,128,0,10438,1,0
OSD4_CLIMBEFF_Y,128,0,14534,1,0
OSD4_EFF_EN,128,0,6406,1,0
OSD4_EFF_X,128,0,10502,1,22
OSD4_EFF_Y,128,0,14598,1,10
OSD4_BTEMP_EN,128,0,6470,1,0
OSD4_BTEMP_X,128,0,10566,1,0
OSD4_BTEMP_Y,128,0,14662,1,0
OSD4_ATEMP_EN,128,0,6534,1,0
OSD4_ATEMP_X,128,0,10630,1,0
OSD4_ATEMP_Y,128,0,14726,1,0
OSD4_BAT2_VLT_EN,128,0,6598,1,0
OSD4_BAT2_VLT_X,128,0,10694,1,0
OSD4_BAT2_VLT_Y,128,0,14790,1,0
OSD4_BAT2USED_EN,128,0,6662,1,0
OSD4_BAT2USED_X,128,0,10758,1,0
OSD4_BAT2USED_Y,128,0,14854,1,0
OSD4_ASPD2_EN,128,0,6726,1,0
OSD4_ASPD2_X,128,0,10822,1,0
OSD4_ASPD2_Y,128,0,14918,1,0
OSD4_ASPD1_EN,128,0,6790,1,0
OSD4_ASPD1_X,128,0,10886,1,0
OSD4_ASPD1_Y,128,0,14982,1,0
OSD4_CLK_EN,128,0,6854,1,0
OSD4_CLK_X,128,0,10950,1,0
OSD4_CLK_Y,128,0,15046,1,0
OSD4_SIDEBARS_EN,128,0,6918,1,0
OSD4_SIDEBARS_X,128,0,11014,1,4
OSD4_SIDEBARS_Y,128,0,15110,1,5
OSD4_CRSSHAIR_EN,128,0,6982,1,0
OSD4_CRSSHAIR_X,128,0,11078,1,0
OSD4_CRSSHAIR_Y,128,0,15174,1,0
OSD4_HOMEDIST_EN,128,0,7046,1,1
OSD4_HOMEDIST_X,128,0,11142,1,1
OSD4_HOMEDIST_Y,128,0,15238,1,1
OSD4_HOMEDIR_EN,128,0,7110,1,1
OSD4_HOMEDIR_X,128,0,11206,1,1
OSD4_HOMEDIR_Y,128,0,15302,1,1
OSD4_POWER_EN,128,0,7174,1,1
OSD4_POWER_X,128,0,11270,1,1
OSD4_POWER_Y,128,0,15366,1,1
OSD4_CELLVOLT_EN,128,0,7238,1,1
OSD4_CELLVOLT_X,128,0,11334,1,1
OSD4_CELLVOLT_Y,128,0,15430,1,1
OSD4_BATTBAR_EN,128,0,7302,1,1
OSD4_BATTBAR_X,128,0,11398,1,1
OSD4_BATTBAR_Y,128,0,15494,1,1
OSD4_ARMING_EN,128,0,7366,1,1
OSD4_ARMING_X,128,0,11462,1,1
OSD4_ARMING_Y,128,0,15558,1,1
OSD4_PLUSCODE_EN,128,0,7430,1,0
OSD4_PLUSCODE_X,128,0,11526,1,0
OSD4_PLUSCODE_Y,128,0,15622,1,0
OSD4_CALLSIGN_EN,128,0,7494,1,0
OSD4_CALLSIGN_X,128,0,11590,1,0
OSD4_CALLSIGN_Y,128,0,15686,1,0
OSD4_CURRENT2_EN,128,0,7558,1,0
OSD4_CURRENT2_X,128,0,11654,1,0
OSD4_CURRENT2_Y,128,0,15750,1,0
OSD4_VTX_PWR_EN,128,0,7622,1,0
OSD4_VTX_PWR_X,128,0,11718,1,0
OSD4_VTX_PWR_Y,128,0,15814,1,0
OSD4_TER_HGT_EN,128,0,7686,1,0
OSD4_TER_HGT_X,128,0,11782,1,23
OSD4_TER_HGT_Y,128,0,15878,1,7
OSD4_AVGCELLV_EN,128,0,7750,1,0
OSD4_AVGCELLV_X,128,0,11846,1,24
OSD4_AVGCELLV_Y,128,0,15942,1,3
OSD4_RESTVOLT_EN,128,0,7814,1,0
OSD4_RESTVOLT_X,128,0,11910,1,24
OSD4_RESTVOLT_Y,128,0,16006,1,2
OSD4_FENCE_EN,128,0,7878,1,0
OSD4_FENCE_X,128,0,11974,1,14
OSD4_FENCE_Y,128,0,16070,1,9
OSD4_RNGF_EN,128,0,7942,1,0
OSD4_RNGF_X,128,0,12038,1,0
OSD4_RNGF_Y,128,0,16134,1,0
OSD4_ACRVOLT_EN,128,0,8006,1,0
OSD4_ACRVOLT_X,128,0,12102,1,24
OSD4_ACRVOLT_Y,128,0,16198,1,4
OSD4_RPM_EN,128,0,8070,1,0
OSD4_RPM_X,128,0,12166,1,2
OSD4_RPM_Y,128,0,16262,1,2
OSD_SW_METHOD,128,0,7,1,0
OSD_OPTIONS,128,0,8,3,1
OSD_FONT,128,0,9,1,0
OSD_V_OFFSET,128,0,10,1,16
OSD_H_OFFSET,128,0,11,1,32
OSD_W_RSSI,128,0,12,1,30
OSD_W_NSAT,128,0,13,1,9
OSD_W_BATVOLT,128,0,14,4,10
OSD_UNITS,128,0,15,1,0
OSD_MSG_TIME,128,0,16,1,10
OSD_ARM_SCR,128,0,17,1,0
OSD_DSARM_SCR,128,0,18,1,0
OSD_FS_SCR,128,0,19,1,0
OSD_BTN_DELAY,128,0,20,3,300
OSD_W_TERR,128,0,23,3,-1
OSD_W_AVGCELLV,128,0,24,4,3.5999999
OSD_CELL_COUNT,128,0,25,1,-1
OSD_W_RESTVOLT,128,0,26,4,10
OSD_W_ACRVOLT,128,0,31,4,3.5999999
OSD_SB_H_OFS,128,0,35,1,0
OSD_SB_V_EXT,128,0,36,1,0
OSD5_ENABLE,128,0,85,1,0
OSD5_CHAN_MIN,128,0,149,2,900
OSD5_CHAN_MAX,128,0,213,2,2100
OSD5_PARAM1_EN,128,0,4373,1,1
OSD5_PARAM1_X,128,0,8469,1,2
OSD5_PARAM1_Y,128,0,12565,1,2
OSD5_PARAM1_KEY,128,0,16661,2,232
OSD5_PARAM1_IDX,128,0,20757,1,0
OSD5_PARAM1_GRP,128,0,24853,3,265
OSD5_PARAM1_MIN,128,0,28949,4,0
OSD5_PARAM1_MAX,128,0,33045,4,1
OSD5_PARAM1_INCR,128,0,37141,4,0.00100000005
OSD5_PARAM1_TYPE,128,0,41237,1,0
OSD5_PARAM2_EN,128,0,4437,1,1
OSD5_PARAM2_X,128,0,8533,1,2
OSD5_PARAM2_Y,128,0,12629,1,3
OSD5_PARAM2_KEY,128,0,16725,2,232
OSD5_PARAM2_IDX,128,0,20821,1,0
OSD5_PARAM2_GRP,128,0,24917,3,4041
OSD5_PARAM2_MIN,128,0,29013,4,0
OSD5_PARAM2_MAX,128,0,33109,4,1
OSD5_PARAM2_INCR,128,0,37205,4,0.00100000005
OSD5_PARAM2_TYPE,128,0,41301,1,0
OSD5_PARAM3_EN,128,0,4501,1,1
OSD5_PARAM3_X,128,0,8597,1,2
OSD5_PARAM3_Y,128,0,12693,1,4
OSD5_PARAM3_KEY,128,0,16789,2,232
OSD5_PARAM3_IDX,128,0,20885,1,0
OSD5_PARAM3_GRP,128,0,24981,3,73
OSD5_PARAM3_MIN,128,0,29077,4,0
OSD5_PARAM3_MAX,128,0,33173,4,1
OSD5_PARAM3_INCR,128,0,37269,4,0.00100000005
OSD5_PARAM3_TYPE,128,0,41365,1,0
OSD5_PARAM4_EN,128,0,4565,1,1
OSD5_PARAM4_X,128,0,8661,1,2
OSD5_PARAM4_Y,128,0,12757,1,5
OSD5_PARAM4_KEY,128,0,16853,2,233
OSD5_PARAM4_IDX,128,0,20949,1,0
OSD5_PARAM4_GRP,128,0,25045,3,267
OSD5_PARAM4_MIN,128,0,29141,4,0
OSD5_PARAM4_MAX,128,0,33237,4,1
OSD5_PARAM4_INCR,128,0,37333,4,0.00100000005
OSD5_PARAM4_TYPE,128,0,41429,1,0
OSD5_PARAM5_EN,128,0,4629,1,1
OSD5_PARAM5_X,128,0,8725,1,2
OSD5_PARAM5_Y,128,0,12821,1,6
OSD5_PARAM5_KEY,128,0,16917,2,233
OSD5_PARAM5_IDX,128,0,21013,1,0
OSD5_PARAM5_GRP,128,0,25109,3,4043
OSD5_PARAM5_MIN,128,0,29205,4,0
OSD5_PARAM5_MAX,128,0,33301,4,1
OSD5_PARAM5_INCR,128,0,37397,4,0.00100000005
OSD5_PARAM5_TYPE,128,0,41493,1,0
OSD5_PARAM6_EN,128,0,4693,1,1
OSD5_PARAM6_X,128,0,8789,1,2
OSD5_PARAM6_Y,128,0,12885,1,7
OSD5_PARAM6_KEY,128,0,16981,2,233
OSD5_PARAM6_IDX,128,0,21077,1,0
OSD5_PARAM6_GRP,128,0,25173,3,75
OSD5_PARAM6_MIN,128,0,29269,4,0
OSD5_PARAM6_MAX,128,0,33365,4,1
OSD5_PARAM6_INCR,128,0,37461,4,0.00100000005
OSD5_PARAM6_TYPE,128,0,41557,1,0
OSD5_PARAM7_EN,128,0,4757,1,1
OSD5_PARAM7_X,128,0,8853,1,2
OSD5_PARAM7_Y,128,0,12949,1,8
OSD5_PARAM7_KEY,128,0,17045,2,233
OSD5_PARAM7_IDX,128,0,21141,1,0
OSD5_PARAM7_GRP,128,0,25237,3,6
OSD5_PARAM7_MIN,128,0,29333,4,0
OSD5_PARAM7_MAX,128,0,33429,4,1
OSD5_PARAM7_INCR,128,0,37525,4,0.00100000005
OSD5_PARAM7_TYPE,128,0,41621,1,0
OSD5_PARAM8_EN,128,0,4821,1,1
OSD5_PARAM8_X,128,0,8917,1,2
OSD5_PARAM8_Y,128,0,13013,1,9
OSD5_PARAM8_KEY,128,0,17109,2,199
OSD5_PARAM8_IDX,128,0,21205,1,0
OSD5_PARAM8_GRP,128,0,25301,3,1
OSD5_PARAM8_MIN,128,0,29397,4,0
OSD5_PARAM8_MAX,128,0,33493,4,1
OSD5_PARAM8_INCR,128,0,37589,4,0.00100000005
OSD5_PARAM8_TYPE,128,0,41685,1,0
OSD5_PARAM9_EN,128,0,4885,1,1
OSD5_PARAM9_X,128,0,8981,1,2
OSD5_PARAM9_Y,128,0,13077,1,10
OSD5_PARAM9_KEY,128,0,17173,2,199
OSD5_PARAM9_IDX,128,0,21269,1,0
OSD5_PARAM9_GRP,128,0,25365,3,320
OSD5_PARAM9_MIN,128,0,29461,4,0
OSD5_PARAM9_MAX,128,0,33557,4,1
OSD5_PARAM9_INCR,128,0,37653,4,0.00100000005
OSD5_PARAM9_TYPE,128,0,41749,1,0
OSD5_SAVE_X,128,0,853,1,23
OSD5_SAVE_Y,128,0,917,1,11
OSD6_ENABLE,128,0,86,1,0
OSD6_CHAN_MIN,128,0,150,2,900
OSD6_CHAN_MAX,128,0,214,2,2100
OSD6_PARAM1_EN,128,0,4374,1,1
OSD6_PARAM1_X,128,0,8470,1,2
OSD6_PARAM1_Y,128,0,12566,1,2
OSD6_PARAM1_KEY,128,0,16662,2,185
OSD6_PARAM1_IDX,128,0,20758,1,0
OSD6_PARAM1_GRP,128,0,24854,3,0
OSD6_PARAM1_MIN,128,0,28950,4,0
OSD6_PARAM1_MAX,128,0,33046,4,1
OSD6_PARAM1_INCR,128,0,37142,4,0.00100000005
OSD6_PARAM1_TYPE,128,0,41238,1,0
OSD6_PARAM2_EN,128,0,4438,1,1
OSD6_PARAM2_X,128,0,8534,1,2
OSD6_PARAM2_Y,128,0,12630,1,3
OSD6_PARAM2_KEY,128,0,16726,2,155
OSD6_PARAM2_IDX,128,0,20822,1,0
OSD6_PARAM2_GRP,128,0,24918,3,0
OSD6_PARAM2_MIN,128,0,29014,4,0
OSD6_PARAM2_MAX,128,0,33110,4,1
OSD6_PARAM2_INCR,128,0,37206,4,0.00100000005
OSD6_PARAM2_TYPE,128,0,41302,1,0
OSD6_PARAM3_EN,128,0,4502,1,1
OSD6_PARAM3_X,128,0,8598,1,2
OSD6_PARAM3_Y,128,0,12694,1,4
OSD6_PARAM3_KEY,128,0,16790,2,4
OSD6_PARAM3_IDX,128,0,20886,1,0
OSD6_PARAM3_GRP,128,0,24982,3,1094
OSD6_PARAM3_MIN,128,0,29078,4,0
OSD6_PARAM3_MAX,128,0,33174,4,1
OSD6_PARAM3_INCR,128,0,37270,4,0.00100000005
OSD6_PARAM3_TYPE,128,0,41366,1,0
OSD6_PARAM4_EN,128,0,4566,1,1
OSD6_PARAM4_X,128,0,8662,1,2
OSD6_PARAM4_Y,128,0,12758,1,5
OSD6_PARAM4_KEY,128,0,16854,2,120
OSD6_PARAM4_IDX,128,0,20950,1,0
OSD6_PARAM4_GRP,128,0,25046,3,0
OSD6_PARAM4_MIN,128,0,29142,4,0
OSD6_PARAM4_MAX,128,0,33238,4,1
OSD6_PARAM4_INCR,128,0,37334,4,0.00100000005
OSD6_PARAM4_TYPE,128,0,41430,1,0
OSD6_PARAM5_EN,128,0,4630,1,1
OSD6_PARAM5_X,128,0,8726,1,2
OSD6_PARAM5_Y,128,0,12822,1,6
OSD6_PARAM5_KEY,128,0,16918,2,121
OSD6_PARAM5_IDX,128,0,21014,1,0
OSD6_PARAM5_GRP,128,0,25110,3,0
OSD6_PARAM5_MIN,128,0,29206,4,0
OSD6_PARAM5_MAX,128,0,33302,4,1
OSD6_PARAM5_INCR,128,0,37398,4,0.00100000005
OSD6_PARAM5_TYPE,128,0,41494,1,0
OSD6_PARAM6_EN,128,0,4694,1,1
OSD6_PARAM6_X,128,0,8790,1,2
OSD6_PARAM6_Y,128,0,12886,1,7
OSD6_PARAM6_KEY,128,0,16982,2,156
OSD6_PARAM6_IDX,128,0,21078,1,0
OSD6_PARAM6_GRP,128,0,25174,3,0
OSD6_PARAM6_MIN,128,0,29270,4,0
OSD6_PARAM6_MAX,128,0,33366,4,1
OSD6_PARAM6_INCR,128,0,37462,4,0.00100000005
OSD6_PARAM6_TYPE,128,0,41558,1,0
OSD6_PARAM7_EN,128,0,4758,1,1
OSD6_PARAM7_X,128,0,8854,1,2
OSD6_PARAM7_Y,128,0,12950,1,8
OSD6_PARAM7_KEY,128,0,17046,2,140
OSD6_PARAM7_IDX,128,0,21142,1,2
OSD6_PARAM7_GRP,128,0,25238,3,8
OSD6_PARAM7_MIN,128,0,29334,4,0
OSD6_PARAM7_MAX,128,0,33430,4,1
OSD6_PARAM7_INCR,128,0,37526,4,0.00100000005
OSD6_PARAM7_TYPE,128,0,41622,1,0
OSD6_PARAM8_EN,128,0,4822,1,1
OSD6_PARAM8_X,128,0,8918,1,2
OSD6_PARAM8_Y,128,0,13014,1,9
OSD6_PARAM8_KEY,128,0,17110,2,182
OSD6_PARAM8_IDX,128,0,21206,1,0
OSD6_PARAM8_GRP,128,0,25302,3,0
OSD6_PARAM8_MIN,128,0,29398,4,0
OSD6_PARAM8_MAX,128,0,33494,4,1
OSD6_PARAM8_INCR,128,0,37590,4,0.00100000005
OSD6_PARAM8_TYPE,128,0,41686,1,0
OSD6_PARAM9_EN,128,0,4886,1,1
OSD6_PARAM9_X,128,0,8982,1,2
OSD6_PARAM9_Y,128,0,13078,1,10
OSD6_PARAM9_KEY,128,0,17174,2,189
OSD6_PARAM9_IDX,128,0,21270,1,0
OSD6_PARAM9_GRP,128,0,25366,3,0
OSD6_PARAM9_MIN,128,0,29462,4,0
OSD6_PARAM9_MAX,128,0,33558,4,1
OSD6_PARAM9_INCR,128,0,37654,4,0.00100000005
OSD6_PARAM9_TYPE,128,0,41750,1,0
OSD6_SAVE_X,128,0,854,1,23
OSD6_SAVE_Y,128,0,918,1,11
OSD1_LINK_Q_EN,128,0,4187,1,0
OSD1_LINK_Q_X,128,0,8283,1,1
OSD1_LINK_Q_Y,128,0,12379,1,1
OSD1_TXT_RES,128,0,219,1,0
OSD1_FONT,128,0,283,1,0
OSD1_ESC_IDX,128,0,667,1,0
OSD2_LINK_Q_EN,128,0,4188,1,0
OSD2_LINK_Q_X,128,0,8284,1,1
OSD2_LINK_Q_Y,128,0,12380,1,1
OSD2_TXT_RES,128,0,220,1,0
OSD2_FONT,128,0,284,1,0
OSD2_ESC_IDX,128,0,668,1,0
OSD3_LINK_Q_EN,128,0,4189,1,0
OSD3_LINK_Q_X,128,0,8285,1,1
OSD3_LINK_Q_Y,128,0,12381,1,1
OSD3_TXT_RES,128,0,221,1,0
OSD3_FONT,128,0,285,1,0
OSD3_ESC_IDX,128,0,669,1,0
OSD4_LINK_Q_EN,128,0,4190,1,0
OSD4_LINK_Q_X,128,0,8286,1,1
OSD4_LINK_Q_Y,128,0,12382,1,1
OSD4_TXT_RES,128,0,222,1,0
OSD4_FONT,128,0,286,1,0
OSD4_ESC_IDX,128,0,670,1,0
OSD_TYPE2,128,0,32,1,0
TKOFF_ALT,129,0,1,2,50
TKOFF_LVL_ALT,129,0,2,2,10
TKOFF_LVL_PITCH,129,0,3,1,15
TKOFF_DIST,129,0,4,2,200
TKOFF_GND_PITCH,129,0,5,4,5
AUTOLAND_WP_ALT,130,0,1,2,55
AUTOLAND_WP_DIST,130,0,2,2,400
AUTOLAND_DIR_OFF,130,0,3,2,0
AUTOLAND_OPTIONS,130,0,4,1,0
AUTOLAND_CLIMB,130,0,5,2,0
PUP_ENABLE,131,0,1,1,0
PUP_ELEV_OFS,131,0,2,4,0.100000001
PUP_NG_LIM,131,0,3,4,2
PUP_NG_JERK_LIM,131,0,4,4,4
PUP_PITCH,131,0,5,4,3
PUP_ARSPD_START,131,0,6,4,30
PUP_PITCH_START,131,0,7,4,-60
FFT_ENABLE,132,0,66,1,0
FFT_MINHZ,132,0,130,2,50
FFT_MAXHZ,132,0,194,2,450
FFT_SAMPLE_MODE,132,0,258,1,0
FFT_WINDOW_SIZE,132,0,322,2,32
FFT_WINDOW_OLAP,132,0,386,4,0.5
FFT_FREQ_HOVER,132,0,450,4,80
FFT_THR_REF,132,0,514,4,0.349999994
FFT_SNR_REF,132,0,578,4,25
FFT_ATT_REF,132,0,642,4,15
FFT_BW_HOVER,132,0,706,4,20
FFT_HMNC_FIT,132,0,770,1,10
FFT_HMNC_PEAK,132,0,834,1,0
FFT_NUM_FRAMES,132,0,898,1,0
FFT_OPTIONS,132,0,962,3,0
VISO_TYPE,132,0,4035,1,0
VISO_POS_X,132,0,67,5,0
VISO_POS_X,132,1,67,4,0
VISO_POS_Y,132,2,67,4,0
VISO_POS_Z,132,3,67,4,0
VISO_ORIENT,132,0,131,1,0
VISO_SCALE,132,0,195,4,1
VISO_DELAY_MS,132,0,259,2,10
VISO_VEL_M_NSE,132,0,323,4,0.100000001
VISO_POS_M_NSE,132,0,387,4,0.200000003
VISO_YAW_M_NSE,132,0,451,4,0.200000003
VISO_QUAL_MIN,132,0,515,1,0
VTX_ENABLE,132,0,68,1,0
VTX_POWER,132,0,132,2,0
VTX_CHANNEL,132,0,196,1,0
VTX_BAND,132,0,260,1,0
VTX_FREQ,132,0,324,2,0
VTX_OPTIONS,132,0,388,2,0
VTX_MAX_POWER,132,0,452,2,800
MSP_OSD_NCELLS,132,0,69,1,0
MSP_OPTIONS,132,0,133,1,0
FRSKY_UPLINK_ID,132,0,70,1,13
FRSKY_DNLINK1_ID,132,0,134,1,20
FRSKY_DNLINK2_ID,132,0,198,1,7
FRSKY_DNLINK_ID,132,0,262,1,27
FRSKY_OPTIONS,132,0,326,1,0
GEN_TYPE,132,0,71,1,0
GEN_OPTIONS,132,0,135,3,0
EAHRS_TYPE,132,0,72,1,0
EAHRS_RATE,132,0,136,2,50
EAHRS_OPTIONS,132,0,200,2,0
EAHRS_SENSORS,132,0,264,2,15
EAHRS_LOG_RATE,132,0,328,2,10
EFI_TYPE,132,0,73,1,0
EFI_COEF1,132,0,137,4,0
EFI_COEF2,132,0,201,4,0
EFI_FUEL_DENS,132,0,265,4,0
EFI_THRLIN_EN,132,0,4425,1,0
EFI_THRLIN_COEF1,132,0,8521,4,1
EFI_THRLIN_COEF2,132,0,12617,4,0
EFI_THRLIN_COEF3,132,0,16713,4,0
EFI_THRLIN_OFS,132,0,20809,4,0
ARSPD_PRIMARY,132,0,650,1,0
ARSPD_OPTIONS,132,0,1354,3,11
ARSPD_WIND_MAX,132,0,1418,4,0
ARSPD_WIND_WARN,132,0,1482,4,0
ARSPD_WIND_GATE,132,0,1674,4,5
ARSPD_TYPE,132,0,5898,1,0
ARSPD_USE,132,0,9994,1,0
ARSPD_OFFSET,132,0,14090,4,0
ARSPD_RATIO,132,0,18186,4,2
ARSPD_PIN,132,0,22282,1,0
ARSPD_AUTOCAL,132,0,26378,1,0
ARSPD_TUBE_ORDR,132,0,30474,1,2
ARSPD_SKIP_CAL,132,0,34570,1,0
ARSPD_PSI_RANGE,132,0,38666,4,1
ARSPD_BUS,132,0,42762,1,1
ARSPD_DEVID,132,0,46858,3,0
ARSPD2_TYPE,132,0,5962,1,0
ARSPD2_USE,132,0,10058,1,0
ARSPD2_OFFSET,132,0,14154,4,0
ARSPD2_RATIO,132,0,18250,4,2
ARSPD2_PIN,132,0,22346,1,0
ARSPD2_AUTOCAL,132,0,26442,1,0
ARSPD2_TUBE_ORDR,132,0,30538,1,2
ARSPD2_SKIP_CAL,132,0,34634,1,0
ARSPD2_PSI_RANGE,132,0,38730,4,1
ARSPD2_BUS,132,0,42826,1,1
ARSPD2_DEVID,132,0,46922,3,0
CUST_ROT_ENABLE,132,0,75,1,0
CUST_ROT1_ROLL,132,0,4235,4,0
CUST_ROT1_PITCH,132,0,8331,4,0
CUST_ROT1_YAW,132,0,12427,4,0
CUST_ROT2_ROLL,132,0,4299,4,0
CUST_ROT2_PITCH,132,0,8395,4,0
CUST_ROT2_YAW,132,0,12491,4,0
ESC_TLM_MAV_OFS,132,0,76,1,0
FENCE_ENABLE,132,0,4046,1,0
FENCE_TYPE,132,0,78,1,4
FENCE_ACTION,132,0,142,1,1
FENCE_RADIUS,132,0,270,4,300
FENCE_MARGIN,132,0,334,4,2
FENCE_TOTAL,132,0,398,1,0
FENCE_OPTIONS,132,0,718,2,1
FENCE_NTF_FREQ,132,0,782,4,1
FENCE_MARGIN_XY,132,0,846,4,0
DID_ENABLE,132,0,79,1,0
DID_MAVPORT,132,0,143,1,-1
DID_CANDRIVER,132,0,207,1,0
DID_OPTIONS,132,0,271,2,0
DID_BARO_ACC,132,0,335,4,-1
TEMP_LOG,132,0,80,1,0
TEMP1_TYPE,132,0,4752,1,0
TEMP1_BUS,132,0,8848,1,0
TEMP1_ADDR,132,0,12944,1,0
TEMP1_SRC,132,0,17040,1,0
TEMP1_SRC_ID,132,0,21136,3,-1
TEMP2_TYPE,132,0,4816,1,0
TEMP2_BUS,132,0,8912,1,0
TEMP2_ADDR,132,0,13008,1,0
TEMP2_SRC,132,0,17104,1,0
TEMP2_SRC_ID,132,0,21200,3,-1
TEMP3_TYPE,132,0,4880,1,0
TEMP3_BUS,132,0,8976,1,0
TEMP3_ADDR,132,0,13072,1,0
TEMP3_SRC,132,0,17168,1,0
TEMP3_SRC_ID,132,0,21264,3,-1
NMEA_RATE_MS,132,0,81,2,100
NMEA_MSG_EN,132,0,145,2,3
KDE_NPOLE,132,0,83,1,14
FLTMODE_GCSBLOCK,132,0,20,3,0
NET_ENABLE,132,0,85,1,0
NET_OPTIONS,132,0,597,3,0
NET_P1_TYPE,132,0,86,1,0
NET_P1_PROTOCOL,132,0,150,1,0
NET_P1_IP0,132,0,4310,2,0
NET_P1_IP1,132,0,8406,2,0
NET_P1_IP2,132,0,12502,2,0
NET_P1_IP3,132,0,16598,2,0
NET_P1_PORT,132,0,278,3,0
NET_P2_TYPE,132,0,87,1,0
NET_P2_PROTOCOL,132,0,151,1,0
NET_P2_IP0,132,0,4311,2,0
NET_P2_IP1,132,0,8407,2,0
NET_P2_IP2,132,0,12503,2,0
NET_P2_IP3,132,0,16599,2,0
NET_P2_PORT,132,0,279,3,0
NET_P3_TYPE,132,0,88,1,0
NET_P3_PROTOCOL,132,0,152,1,0
NET_P3_IP0,132,0,4312,2,0
NET_P3_IP1,132,0,8408,2,0
NET_P3_IP2,132,0,12504,2,0
NET_P3_IP3,132,0,16600,2,0
NET_P3_PORT,132,0,280,3,0
NET_P4_TYPE,132,0,89,1,0
NET_P4_PROTOCOL,132,0,153,1,0
NET_P4_IP0,132,0,4313,2,0
NET_P4_IP1,132,0,8409,2,0
NET_P4_IP2,132,0,12505,2,0
NET_P4_IP3,132,0,16601,2,0
NET_P4_PORT,132,0,281,3,0
FILT1_TYPE,132,0,4250,1,0
FILT2_TYPE,132,0,4378,1,0
FILT3_TYPE,132,0,4506,1,0
FILT4_TYPE,132,0,4634,1,0
FILT5_TYPE,132,0,4762,1,0
FILT6_TYPE,132,0,4890,1,0
FILT7_TYPE,132,0,5018,1,0
FILT8_TYPE,132,0,5146,1,0
STAT_BOOTCNT,132,0,4059,2,0
STAT_FLTTIME,132,0,91,3,0
STAT_RUNTIME,132,0,155,3,0
STAT_RESET,132,0,219,3,1
STAT_FLTCNT,132,0,283,3,0
STAT_DISTFLWN,132,0,347,4,0
SCR_ENABLE,132,0,92,1,0
SCR_VM_I_COUNT,132,0,156,3,10000
SCR_HEAP_SIZE,132,0,220,3,204800
SCR_DEBUG_OPTS,132,0,284,1,0
SCR_USER1,132,0,348,4,0
SCR_USER2,132,0,412,4,0
SCR_USER3,132,0,476,4,0
SCR_USER4,132,0,540,4,0
SCR_USER5,132,0,668,4,0
SCR_USER6,132,0,732,4,0
SCR_DIR_DISABLE,132,0,604,2,0
SCR_LD_CHECKSUM,132,0,796,3,-1
SCR_RUN_CHECKSUM,132,0,860,3,-1
SCR_THD_PRIORITY,132,0,924,1,0
SCR_SDEV_EN,132,0,988,1,0
SCR_SDEV1_PROTO,132,0,1052,1,-1
SCR_SDEV2_PROTO,132,0,1116,1,-1
SCR_SDEV3_PROTO,132,0,1180,1,-1
LOG_BACKEND_TYPE,132,0,4061,1,1
LOG_FILE_BUFSIZE,132,0,93,2,200
LOG_DISARMED,132,0,157,1,0
LOG_REPLAY,132,0,221,1,0
LOG_FILE_DSRMROT,132,0,285,1,0
LOG_MAV_BUFSIZE,132,0,349,1,8
LOG_FILE_TIMEOUT,132,0,413,2,5
LOG_FILE_MB_FREE,132,0,477,2,500
LOG_FILE_RATEMAX,132,0,541,4,0
LOG_MAV_RATEMAX,132,0,605,4,10
LOG_BLK_RATEMAX,132,0,669,4,0
LOG_DARM_RATEMAX,132,0,733,4,0
LOG_MAX_FILES,132,0,797,2,500
GRIP_ENABLE,132,0,4062,1,0
GRIP_TYPE,132,0,94,1,0
GRIP_GRAB,132,0,158,2,1900
GRIP_RELEASE,132,0,222,2,1100
GRIP_NEUTRAL,132,0,286,2,1500
GRIP_REGRAB,132,0,350,1,0
GRIP_CAN_ID,132,0,414,2,0
GRIP_AUTOCLOSE,132,0,478,4,0
SERIAL0_BAUD,132,0,4063,3,115
SERIAL0_PROTOCOL,132,0,735,1,2
SERIAL1_PROTOCOL,132,0,95,1,2
SERIAL1_BAUD,132,0,159,3,57
SERIAL2_PROTOCOL,132,0,223,1,2
SERIAL2_BAUD,132,0,287,3,57
SERIAL3_PROTOCOL,132,0,351,1,5
SERIAL3_BAUD,132,0,415,3,230
SERIAL4_PROTOCOL,132,0,479,1,5
SERIAL4_BAUD,132,0,543,3,230
SERIAL5_PROTOCOL,132,0,607,1,-1
SERIAL5_BAUD,132,0,671,3,57
SERIAL6_PROTOCOL,132,0,799,1,-1
SERIAL6_BAUD,132,0,863,3,57
SERIAL1_OPTIONS,132,0,927,3,0
SERIAL2_OPTIONS,132,0,991,3,0
SERIAL3_OPTIONS,132,0,1055,3,0
SERIAL4_OPTIONS,132,0,1119,3,0
SERIAL5_OPTIONS,132,0,1183,3,0
SERIAL6_OPTIONS,132,0,1247,3,0
SERIAL_PASS1,132,0,1311,1,0
SERIAL_PASS2,132,0,1375,1,-1
SERIAL_PASSTIMO,132,0,1439,1,15
SERIAL7_PROTOCOL,132,0,1503,1,-1
SERIAL7_BAUD,132,0,1567,3,57
SERIAL7_OPTIONS,132,0,1631,3,0
RPM1_TYPE,132,0,5024,1,0
RPM1_SCALING,132,0,9120,4,1
RPM1_MAX,132,0,13216,4,100000
RPM1_MIN,132,0,17312,4,10
RPM1_MIN_QUAL,132,0,21408,4,0.5
RPM1_PIN,132,0,25504,1,-1
RPM1_ESC_MASK,132,0,29600,3,0
RPM1_ESC_INDEX,132,0,33696,1,0
RPM1_DC_ID,132,0,37792,1,-1
RPM2_TYPE,132,0,5088,1,0
RPM2_SCALING,132,0,9184,4,1
RPM2_MAX,132,0,13280,4,100000
RPM2_MIN,132,0,17376,4,10
RPM2_MIN_QUAL,132,0,21472,4,0.5
RPM2_PIN,132,0,25568,1,-1
RPM2_ESC_MASK,132,0,29664,3,0
RPM2_ESC_INDEX,132,0,33760,1,0
RPM2_DC_ID,132,0,37856,1,-1
QWIK_ENABLE,133,0,1,1,0
QWIK_AXES,133,0,2,1,7
QWIK_DOUBLE_TIME,133,0,3,4,10
QWIK_GAIN_MARGIN,133,0,4,4,60
QWIK_OSC_SMAX,133,0,5,4,4
QWIK_YAW_P_MAX,133,0,6,4,0.5
QWIK_YAW_D_MAX,133,0,7,4,0.00999999978
QWIK_RP_PI_RATIO,133,0,8,4,1
QWIK_Y_PI_RATIO,133,0,9,4,10
QWIK_AUTO_FILTER,133,0,10,1,1
QWIK_AUTO_SAVE,133,0,11,4,0
QWIK_REDUCE_MAX,133,0,12,4,20
QWIK_OPTIONS,133,0,13,2,0
QWIK_ANGLE_MAX,133,0,14,1,10
MAV_SYSID,134,0,1,2,1
MAV_GCS_SYSID,134,0,2,2,255
MAV_GCS_SYSID_HI,134,0,5,2,0
MAV_OPTIONS,134,0,3,2,0
MAV_TELEM_DELAY,134,0,4,1,0
