parent_path,pos,key,idx,type,flags,name
,0,0,0,2,0,FORMAT_VERSION
,1,61,0,1,0,AUTOTUNE_LEVEL
,2,264,0,3,0,AUTOTUNE_OPTIONS
,3,94,0,2,0,GCS_PID_MASK
,4,201,0,4,0,KFF_RDDRMIX
,5,203,0,4,0,KFF_THR2PTCH
,6,76,0,4,0,STAB_PITCH_DOWN
,7,75,0,2,0,ALT_SLOPE_MIN
,8,91,0,4,0,ALT_SLOPE_MAXHGT
,9,25,0,1,0,STICK_MIXING
,10,34,0,4,0,TKOFF_THR_MINSPD
,11,35,0,4,0,TKOFF_THR_MINACC
,12,46,0,1,0,TKOFF_THR_DELAY
,13,263,0,4,0,TKOFF_THR_MAX_T
,14,265,0,1,0,TKOFF_THR_MIN
,15,267,0,1,0,TKOFF_THR_IDLE
,16,266,0,3,0,TKOFF_OPTIONS
,17,66,0,1,0,TKOFF_TDRAG_ELEV
,18,67,0,4,0,TKOFF_TDRAG_SPD1
,19,68,0,4,0,TKOFF_ROTATE_SPD
,20,69,0,1,0,TKOFF_THR_SLEW
,21,109,0,4,0,TKOFF_PLIM_SEC
,22,81,0,1,0,TKOFF_FLAP_PCNT
,23,37,0,1,0,LEVEL_ROLL_LIMIT
,24,129,0,3,0,USE_REV_THRUST
,25,32,0,2,0,ALT_OFFSET
,26,223,0,2,0,WP_RADIUS
,27,49,0,2,0,WP_MAX_RADIUS
,28,224,0,2,0,WP_LOITER_RAD
,29,206,0,2,0,RTL_RADIUS
,30,85,0,1,0,STALL_PREVENTION
,31,155,0,4,0,AIRSPEED_CRUISE
,32,120,0,2,0,AIRSPEED_MIN
,33,121,0,2,0,AIRSPEED_MAX
,34,250,0,4,0,AIRSPEED_STALL
,35,123,0,1,0,FBWB_ELEV_REV
,36,73,0,3,0,TERRAIN_FOLLOW
,37,77,0,2,0,TERRAIN_LOOKAHD
,38,125,0,1,0,FBWB_CLIMB_RATE
,39,181,0,1,0,THR_MIN
,40,182,0,1,0,THR_MAX
,41,70,0,1,0,TKOFF_THR_MAX
,42,189,0,1,0,THR_SLEWRATE
,43,82,0,1,0,FLAP_SLEWRATE
,44,190,0,1,0,THR_SUPP_MAN
,45,191,0,1,0,THR_PASS_STAB
,46,183,0,1,0,THR_FAILSAFE
,47,184,0,2,0,THR_FS_VALUE
,48,185,0,1,0,TRIM_THROTTLE
,49,31,0,1,0,THROTTLE_NUDGE
,50,186,0,1,0,FS_SHORT_ACTN
,51,187,0,1,0,FS_LONG_ACTN
,52,196,0,4,0,FS_LONG_TIMEOUT
,53,188,0,1,0,FS_GCS_ENABL
,54,210,0,1,0,FLTMODE_CH
,55,211,0,1,0,FLTMODE1
,56,212,0,1,0,FLTMODE2
,57,213,0,1,0,FLTMODE3
,58,214,0,1,0,FLTMODE4
,59,215,0,1,0,FLTMODE5
,60,216,0,1,0,FLTMODE6
,61,217,0,1,0,INITIAL_MODE
,62,152,0,4,0,ROLL_LIMIT_DEG
,63,153,0,4,0,PTCH_LIM_MAX_DEG
,64,154,0,4,0,PTCH_LIM_MIN_DEG
,65,126,0,2,0,ACRO_ROLL_RATE
,66,127,0,2,0,ACRO_PITCH_RATE
,67,262,0,2,0,ACRO_YAW_RATE
,68,128,0,1,0,ACRO_LOCKING
,69,50,0,4,0,GROUND_STEER_ALT
,70,51,0,2,0,GROUND_STEER_DPS
,71,43,0,4,0,MIXING_GAIN
,72,92,0,1,0,RUDDER_ONLY
,73,248,0,2,0,MIXING_OFFSET
,74,249,0,2,0,DSPOILR_RUD_RATE
,75,55,0,3,0,LOG_BITMASK
,76,204,0,4,0,SCALING_SPEED
,77,158,0,4,0,MIN_GROUNDSPEED
,78,12,0,4,0,PTCH_TRIM_DEG
,79,156,0,4,0,RTL_ALTITUDE
,80,122,0,4,0,CRUISE_ALT_FLOOR
,81,17,0,1,0,FLAP_1_PERCNT
,82,18,0,1,0,FLAP_1_SPEED
,83,19,0,1,0,FLAP_2_PERCNT
,84,20,0,1,0,FLAP_2_SPEED
,85,83,0,1,0,RTL_AUTOLAND
,86,102,0,1,0,CRASH_ACC_THRESH
,87,95,0,1,0,CRASH_DETECT
,88,141,0,6,0,BARO
88,0,0,2,4,32,1_GND_PRESS
88,1,0,3,4,0,_GND_TEMP
88,2,0,5,4,0,_ALT_OFFSET
88,3,0,6,1,0,_PRIMARY
88,4,0,7,1,0,_EXT_BUS
88,5,0,8,4,2048,_SPEC_GRAV
88,6,0,9,4,32,2_GND_PRESS
88,7,0,11,4,32,3_GND_PRESS
88,8,0,13,1,0,_FLTR_RNG
88,9,0,14,3,0,_PROBE_EXT
88,10,0,15,3,32,1_DEVID
88,11,0,16,3,32,2_DEVID
88,12,0,17,3,32,3_DEVID
88,13,0,18,6,1,1_WCF_
88.13,0,0,1,1,4,ENABLE
88.13,1,0,2,4,0,FWD
88.13,2,0,3,4,0,BCK
88.13,3,0,4,4,0,RGT
88.13,4,0,5,4,0,LFT
88.13,5,0,6,4,0,UP
88.13,6,0,7,4,0,DN
88,14,0,19,6,1,2_WCF_
88.14,0,0,1,1,4,ENABLE
88.14,1,0,2,4,0,FWD
88.14,2,0,3,4,0,BCK
88.14,3,0,4,4,0,RGT
88.14,4,0,5,4,0,LFT
88.14,5,0,6,4,0,UP
88.14,6,0,7,4,0,DN
88,15,0,20,6,1,3_WCF_
88.15,0,0,1,1,4,ENABLE
88.15,1,0,2,4,0,FWD
88.15,2,0,3,4,0,BCK
88.15,3,0,4,4,0,RGT
88.15,4,0,5,4,0,LFT
88.15,5,0,6,4,0,UP
88.15,6,0,7,4,0,DN
88,16,0,22,4,0,_FIELD_ELV
88,17,0,23,4,0,_ALTERR_MAX
88,18,0,24,2,0,_OPTIONS
,89,60,0,6,0,GPS
89,0,0,2,1,0,_NAVFILTER
89,1,0,3,1,0,_AUTO_SWITCH
89,2,0,5,1,0,_SBAS_MODE
89,3,0,6,1,0,_MIN_ELEV
89,4,0,7,1,0,_INJECT_TO
89,5,0,8,2,0,_SBP_LOGMASK
89,6,0,9,1,0,_RAW_DATA
89,7,0,11,1,0,_SAVE_CFG
89,8,0,13,1,0,_AUTO_CONFIG
89,9,0,20,1,0,_BLEND_MASK
89,10,0,22,2,0,_DRV_OPTIONS
89,11,0,27,1,0,_PRIMARY
89,12,0,32,6,1,1_
89.12,0,0,1,1,4,TYPE
89.12,1,0,2,2,0,GNSS_MODE
89.12,2,0,3,2,0,RATE_MS
89.12,3,0,4,5,0,POS
89.12,4,0,5,2,0,DELAY_MS
89.12,5,0,6,1,0,COM_PORT
89.12,6,0,7,6,1,MB_
89.12.6,0,0,1,1,4,TYPE
89.12.6,1,0,2,5,0,OFS
89.12,7,0,8,3,0,CAN_NODEID
89.12,8,0,9,3,0,CAN_OVRIDE
89,13,0,33,6,1,2_
89.13,0,0,1,1,4,TYPE
89.13,1,0,2,2,0,GNSS_MODE
89.13,2,0,3,2,0,RATE_MS
89.13,3,0,4,5,0,POS
89.13,4,0,5,2,0,DELAY_MS
89.13,5,0,6,1,0,COM_PORT
89.13,6,0,7,6,1,MB_
89.13.6,0,0,1,1,4,TYPE
89.13.6,1,0,2,5,0,OFS
89.13,7,0,8,3,0,CAN_NODEID
89.13,8,0,9,3,0,CAN_OVRIDE
,90,160,0,6,0,CAM
90,0,0,7,2,0,_MAX_ROLL
90,1,0,10,1,0,_AUTO_ONLY
90,2,0,12,6,1,1
90.2,0,0,1,1,4,_TYPE
90.2,1,0,2,4,0,_DURATION
90.2,2,0,3,2,0,_SERVO_ON
90.2,3,0,4,2,0,_SERVO_OFF
90.2,4,0,5,4,0,_TRIGG_DIST
90.2,5,0,6,1,0,_RELAY_ON
90.2,6,0,7,4,0,_INTRVAL_MIN
90.2,7,0,8,1,0,_FEEDBAK_PIN
90.2,8,0,9,1,0,_FEEDBAK_POL
90.2,9,0,10,1,0,_OPTIONS
90.2,10,0,11,1,0,_MNT_INST
90.2,11,0,12,4,0,_HFOV
90.2,12,0,13,4,0,_VFOV
90,3,0,13,6,1,2
90.3,0,0,1,1,4,_TYPE
90.3,1,0,2,4,0,_DURATION
90.3,2,0,3,2,0,_SERVO_ON
90.3,3,0,4,2,0,_SERVO_OFF
90.3,4,0,5,4,0,_TRIGG_DIST
90.3,5,0,6,1,0,_RELAY_ON
90.3,6,0,7,4,0,_INTRVAL_MIN
90.3,7,0,8,1,0,_FEEDBAK_PIN
90.3,8,0,9,1,0,_FEEDBAK_POL
90.3,9,0,10,1,0,_OPTIONS
90.3,10,0,11,1,0,_MNT_INST
90.3,11,0,12,4,0,_HFOV
90.3,12,0,13,4,0,_VFOV
90,4,0,14,6,18,1_RC_
90,5,0,15,6,18,2_RC_
,91,100,0,6,0,ARMING_
91,0,0,0,6,0,
91.0,0,0,0,1,1544,REQUIRE
91.0,1,0,3,4,0,ACCTHRESH
91.0,2,0,6,1,30464,RUDDER
91.0,3,0,7,3,0,MIS_ITEMS
91.0,4,0,9,3,0,OPTIONS
91.0,5,0,10,2,0,MAGTHRESH
91.0,6,0,13,3,0,SKIPCHK
,92,45,0,6,0,RELAY
92,0,0,7,6,1,1_
92.0,0,0,1,1,4,FUNCTION
92.0,1,0,2,2,0,PIN
92.0,2,0,3,1,0,DEFAULT
92.0,3,0,4,1,0,INVERTED
92,1,0,8,6,1,2_
92.1,0,0,1,1,4,FUNCTION
92.1,1,0,2,2,0,PIN
92.1,2,0,3,1,0,DEFAULT
92.1,3,0,4,1,0,INVERTED
92,2,0,9,6,1,3_
92.2,0,0,1,1,4,FUNCTION
92.2,1,0,2,2,0,PIN
92.2,2,0,3,1,0,DEFAULT
92.2,3,0,4,1,0,INVERTED
92,3,0,10,6,1,4_
92.3,0,0,1,1,4,FUNCTION
92.3,1,0,2,2,0,PIN
92.3,2,0,3,1,0,DEFAULT
92.3,3,0,4,1,0,INVERTED
92,4,0,11,6,1,5_
92.4,0,0,1,1,4,FUNCTION
92.4,1,0,2,2,0,PIN
92.4,2,0,3,1,0,DEFAULT
92.4,3,0,4,1,0,INVERTED
92,5,0,12,6,1,6_
92.5,0,0,1,1,4,FUNCTION
92.5,1,0,2,2,0,PIN
92.5,2,0,3,1,0,DEFAULT
92.5,3,0,4,1,0,INVERTED
,93,99,0,6,0,CHUTE_
93,0,0,0,1,4,ENABLED
93,1,0,1,1,0,TYPE
93,2,0,2,2,0,SERVO_ON
93,3,0,3,2,0,SERVO_OFF
93,4,0,4,2,0,ALT_MIN
93,5,0,5,2,0,DELAY_MS
93,6,0,6,4,0,CRT_SINK
93,7,0,7,3,0,OPTIONS
,94,71,0,6,0,RNGFND
94,0,0,25,6,1,1_
94.0,0,0,1,1,4,TYPE
94.0,1,0,2,1,0,PIN
94.0,2,0,3,4,0,SCALING
94.0,3,0,4,4,0,OFFSET
94.0,4,0,5,1,0,FUNCTION
94.0,5,0,6,4,0,MIN
94.0,6,0,7,4,0,MAX
94.0,7,0,8,1,0,STOP_PIN
94.0,8,0,10,1,0,RMETRIC
94.0,9,0,11,2,0,PWRRNG
94.0,10,0,12,4,0,GNDCLR
94.0,11,0,23,1,0,ADDR
94.0,12,0,49,5,0,POS
94.0,13,0,53,1,0,ORIENT
94,1,0,57,6,18,1_
94,2,0,27,6,1,2_
94.2,0,0,1,1,4,TYPE
94.2,1,0,2,1,0,PIN
94.2,2,0,3,4,0,SCALING
94.2,3,0,4,4,0,OFFSET
94.2,4,0,5,1,0,FUNCTION
94.2,5,0,6,4,0,MIN
94.2,6,0,7,4,0,MAX
94.2,7,0,8,1,0,STOP_PIN
94.2,8,0,10,1,0,RMETRIC
94.2,9,0,11,2,0,PWRRNG
94.2,10,0,12,4,0,GNDCLR
94.2,11,0,23,1,0,ADDR
94.2,12,0,49,5,0,POS
94.2,13,0,53,1,0,ORIENT
94,3,0,58,6,18,2_
94,4,0,29,6,1,3_
94.4,0,0,1,1,4,TYPE
94.4,1,0,2,1,0,PIN
94.4,2,0,3,4,0,SCALING
94.4,3,0,4,4,0,OFFSET
94.4,4,0,5,1,0,FUNCTION
94.4,5,0,6,4,0,MIN
94.4,6,0,7,4,0,MAX
94.4,7,0,8,1,0,STOP_PIN
94.4,8,0,10,1,0,RMETRIC
94.4,9,0,11,2,0,PWRRNG
94.4,10,0,12,4,0,GNDCLR
94.4,11,0,23,1,0,ADDR
94.4,12,0,49,5,0,POS
94.4,13,0,53,1,0,ORIENT
94,5,0,59,6,18,3_
94,6,0,31,6,1,4_
94.6,0,0,1,1,4,TYPE
94.6,1,0,2,1,0,PIN
94.6,2,0,3,4,0,SCALING
94.6,3,0,4,4,0,OFFSET
94.6,4,0,5,1,0,FUNCTION
94.6,5,0,6,4,0,MIN
94.6,6,0,7,4,0,MAX
94.6,7,0,8,1,0,STOP_PIN
94.6,8,0,10,1,0,RMETRIC
94.6,9,0,11,2,0,PWRRNG
94.6,10,0,12,4,0,GNDCLR
94.6,11,0,23,1,0,ADDR
94.6,12,0,49,5,0,POS
94.6,13,0,53,1,0,ORIENT
94,7,0,60,6,18,4_
94,8,0,33,6,1,5_
94.8,0,0,1,1,4,TYPE
94.8,1,0,2,1,0,PIN
94.8,2,0,3,4,0,SCALING
94.8,3,0,4,4,0,OFFSET
94.8,4,0,5,1,0,FUNCTION
94.8,5,0,6,4,0,MIN
94.8,6,0,7,4,0,MAX
94.8,7,0,8,1,0,STOP_PIN
94.8,8,0,10,1,0,RMETRIC
94.8,9,0,11,2,0,PWRRNG
94.8,10,0,12,4,0,GNDCLR
94.8,11,0,23,1,0,ADDR
94.8,12,0,49,5,0,POS
94.8,13,0,53,1,0,ORIENT
94,9,0,34,6,18,5_
94,10,0,35,6,1,6_
94.10,0,0,1,1,4,TYPE
94.10,1,0,2,1,0,PIN
94.10,2,0,3,4,0,SCALING
94.10,3,0,4,4,0,OFFSET
94.10,4,0,5,1,0,FUNCTION
94.10,5,0,6,4,0,MIN
94.10,6,0,7,4,0,MAX
94.10,7,0,8,1,0,STOP_PIN
94.10,8,0,10,1,0,RMETRIC
94.10,9,0,11,2,0,PWRRNG
94.10,10,0,12,4,0,GNDCLR
94.10,11,0,23,1,0,ADDR
94.10,12,0,49,5,0,POS
94.10,13,0,53,1,0,ORIENT
94,11,0,36,6,18,6_
94,12,0,37,6,1,7_
94.12,0,0,1,1,4,TYPE
94.12,1,0,2,1,0,PIN
94.12,2,0,3,4,0,SCALING
94.12,3,0,4,4,0,OFFSET
94.12,4,0,5,1,0,FUNCTION
94.12,5,0,6,4,0,MIN
94.12,6,0,7,4,0,MAX
94.12,7,0,8,1,0,STOP_PIN
94.12,8,0,10,1,0,RMETRIC
94.12,9,0,11,2,0,PWRRNG
94.12,10,0,12,4,0,GNDCLR
94.12,11,0,23,1,0,ADDR
94.12,12,0,49,5,0,POS
94.12,13,0,53,1,0,ORIENT
94,13,0,38,6,18,7_
94,14,0,39,6,1,8_
94.14,0,0,1,1,4,TYPE
94.14,1,0,2,1,0,PIN
94.14,2,0,3,4,0,SCALING
94.14,3,0,4,4,0,OFFSET
94.14,4,0,5,1,0,FUNCTION
94.14,5,0,6,4,0,MIN
94.14,6,0,7,4,0,MAX
94.14,7,0,8,1,0,STOP_PIN
94.14,8,0,10,1,0,RMETRIC
94.14,9,0,11,2,0,PWRRNG
94.14,10,0,12,4,0,GNDCLR
94.14,11,0,23,1,0,ADDR
94.14,12,0,49,5,0,POS
94.14,13,0,53,1,0,ORIENT
94,15,0,40,6,18,8_
94,16,0,41,6,1,9_
94.16,0,0,1,1,4,TYPE
94.16,1,0,2,1,0,PIN
94.16,2,0,3,4,0,SCALING
94.16,3,0,4,4,0,OFFSET
94.16,4,0,5,1,0,FUNCTION
94.16,5,0,6,4,0,MIN
94.16,6,0,7,4,0,MAX
94.16,7,0,8,1,0,STOP_PIN
94.16,8,0,10,1,0,RMETRIC
94.16,9,0,11,2,0,PWRRNG
94.16,10,0,12,4,0,GNDCLR
94.16,11,0,23,1,0,ADDR
94.16,12,0,49,5,0,POS
94.16,13,0,53,1,0,ORIENT
94,17,0,42,6,18,9_
94,18,0,43,6,1,A_
94.18,0,0,1,1,4,TYPE
94.18,1,0,2,1,0,PIN
94.18,2,0,3,4,0,SCALING
94.18,3,0,4,4,0,OFFSET
94.18,4,0,5,1,0,FUNCTION
94.18,5,0,6,4,0,MIN
94.18,6,0,7,4,0,MAX
94.18,7,0,8,1,0,STOP_PIN
94.18,8,0,10,1,0,RMETRIC
94.18,9,0,11,2,0,PWRRNG
94.18,10,0,12,4,0,GNDCLR
94.18,11,0,23,1,0,ADDR
94.18,12,0,49,5,0,POS
94.18,13,0,53,1,0,ORIENT
94,19,0,44,6,18,A_
,95,79,0,1,0,RNGFND_LANDING
,96,72,0,6,0,TERRAIN_
96,0,0,0,1,4,ENABLE
96,1,0,1,2,0,SPACING
96,2,0,2,2,0,OPTIONS
96,3,0,3,4,0,MARGIN
96,4,0,4,4,0,OFS_MAX
96,5,0,5,2,0,CACHE_SZ
,97,163,0,6,0,ADSB_
97,0,0,0,1,4,TYPE
97,1,0,2,2,0,LIST_MAX
97,2,0,3,3,0,LIST_RADIUS
97,3,0,4,3,0,ICAO_ID
97,4,0,5,1,0,EMIT_TYPE
97,5,0,6,1,0,LEN_WIDTH
97,6,0,7,1,0,OFFSET_LAT
97,7,0,8,1,0,OFFSET_LON
97,8,0,9,1,0,RF_SELECT
97,9,0,10,2,0,SQUAWK
97,10,0,11,1,0,RF_CAPABLE
97,11,0,12,2,0,LIST_ALT
97,12,0,13,3,0,ICAO_SPECL
97,13,0,14,1,0,LOG
97,14,0,15,3,0,OPTIONS
,98,5,0,6,0,AVD_
98,0,0,1,1,4,ENABLE
98,1,0,2,1,0,F_ACTION
98,2,0,3,1,0,W_ACTION
98,3,0,4,1,0,F_RCVRY
98,4,0,5,1,0,OBS_MAX
98,5,0,6,1,0,W_TIME
98,6,0,7,1,0,F_TIME
98,7,0,8,4,0,W_DIST_XY
98,8,0,9,2,0,F_DIST_XY
98,9,0,10,4,0,W_DIST_Z
98,10,0,11,2,0,F_DIST_Z
98,11,0,12,2,0,F_ALT_MIN
,99,205,0,6,0,Q_
99,0,0,1,1,4,ENABLE
99,1,0,2,6,18,M_
99,2,0,11,2,0,TRANSITION_MS
99,3,0,17,6,2,P
99.3,0,0,2,6,1,_D_POS_
99.3.0,0,0,0,4,128,P
99.3,1,0,5,6,1,_NE_POS_
99.3.1,0,0,0,4,128,P
99.3,2,0,7,4,0,_ANGLE_MAX
99.3,3,0,10,4,0,_JERK_NE
99.3,4,0,11,4,0,_JERK_D
99.3,5,0,12,6,1,_D_VEL_
99.3.5,0,0,0,4,128,P
99.3.5,1,0,1,4,128,I
99.3.5,2,0,2,4,128,IMAX
99.3.5,3,0,3,4,128,FLTE
99.3.5,4,0,4,4,128,D
99.3.5,5,0,5,4,128,FLTD
99.3.5,6,0,6,4,128,FF
99.3,6,0,13,6,1,_D_ACC_
99.3.6,0,0,0,4,128,P
99.3.6,1,0,1,4,128,I
99.3.6,2,0,2,4,128,D
99.3.6,3,0,4,4,128,FF
99.3.6,4,0,5,4,128,IMAX
99.3.6,5,0,9,4,128,FLTT
99.3.6,6,0,10,4,128,FLTE
99.3.6,7,0,11,4,128,FLTD
99.3.6,8,0,12,4,128,SMAX
99.3.6,9,0,13,4,0,PDMX
99.3.6,10,0,14,4,128,D_FF
99.3.6,11,0,15,1,0,NTF
99.3.6,12,0,16,1,0,NEF
99.3,7,0,14,6,1,_NE_VEL_
99.3.7,0,0,0,4,128,P
99.3.7,1,0,1,4,128,I
99.3.7,2,0,2,4,128,IMAX
99.3.7,3,0,3,4,128,FLTE
99.3.7,4,0,4,4,128,D
99.3.7,5,0,5,4,128,FLTD
99.3.7,6,0,6,4,128,FF
99,4,0,18,4,0,PILOT_SPD_UP
99,5,0,60,4,0,PILOT_SPD_DN
99,6,0,19,4,0,PILOT_ACCEL_Z
99,7,0,20,6,2,WP_
99.7,0,0,10,1,0,RFND_USE
99.7,1,0,11,4,0,JERK
99.7,2,0,12,4,0,TER_MARGIN
99.7,3,0,14,4,0,SPD
99.7,4,0,15,4,0,RADIUS_M
99.7,5,0,16,4,0,SPD_UP
99.7,6,0,17,4,0,SPD_DN
99.7,7,0,18,4,0,ACC
99.7,8,0,19,4,0,ACC_Z
99.7,9,0,20,4,0,ACC_CNR
99,8,0,21,2,0,RC_SPEED
99,9,0,24,4,0,ASSIST_SPEED
99,10,0,26,4,0,LAND_FINAL_SPD
99,11,0,27,4,0,LAND_FINAL_ALT
99,12,0,29,1,0,TRAN_PIT_MAX
99,13,0,46,1,0,FRAME_CLASS
99,14,0,31,1,0,FRAME_TYPE
99,15,0,32,4,0,VFWD_GAIN
99,16,0,35,2,0,RTL_ALT
99,17,0,36,1,0,RTL_MODE
99,18,0,40,1,0,GUIDED_MODE
99,19,0,42,1,0,ESC_CAL
99,20,0,43,4,0,VFWD_ALT
99,21,0,44,1,0,LAND_ICE_CUT
99,22,0,45,1,0,ASSIST_ANGLE
99,23,0,47,2,0,ASSIST_OPTIONS
99,24,0,57,1,0,MAV_TYPE
99,25,0,58,3,0,OPTIONS
99,26,0,59,6,1,
99.26,0,0,1,4,0,TRANS_DECEL
99.26,1,0,2,6,2,LOIT_
99.26.1,0,0,1,4,0,ANG_MAX
99.26.1,1,0,6,4,0,BRK_DELAY
99.26.1,2,0,7,1,0,OPTIONS
99.26.1,3,0,8,4,0,SPEED_MS
99.26.1,4,0,9,4,0,ACC_MAX_M
99.26.1,5,0,10,4,0,BRK_ACC_M
99.26.1,6,0,11,4,0,BRK_JRK_M
99.26,2,0,4,4,0,TRIM_PITCH
99.26,3,0,6,6,1,AUTOTUNE_
99.26.3,0,0,1,1,0,AXES
99.26.3,1,0,2,4,0,AGGR
99.26.3,2,0,3,4,0,MIN_D
99.26.3,3,0,4,4,0,GMBK
99.26,4,0,7,4,0,FW_LND_APR_RAD
99.26,5,0,8,2,0,TRANS_FAIL
99.26,6,0,10,4,0,THROTTLE_EXPO
99.26,7,0,11,4,0,ACRO_RLL_RATE
99.26,8,0,12,4,0,ACRO_PIT_RATE
99.26,9,0,13,4,0,ACRO_YAW_RATE
99.26,10,0,14,4,0,TKOFF_FAIL_SCL
99.26,11,0,15,4,0,TKOFF_ARSP_LIM
99.26,12,0,16,2,0,ASSIST_ALT
99.26,13,0,19,4,0,ASSIST_DELAY
99.26,14,0,20,4,0,FWD_MANTHR_MAX
99.26,15,0,26,6,1,TAILSIT_
99.26.15,0,0,1,1,4,ENABLE
99.26.15,1,0,2,1,0,ANGLE
99.26.15,2,0,3,1,0,ANG_VT
99.26.15,3,0,4,1,0,INPUT
99.26.15,4,0,7,4,0,VFGAIN
99.26.15,5,0,8,4,0,VHGAIN
99.26.15,6,0,9,4,0,VHPOW
99.26.15,7,0,10,4,0,GSCMAX
99.26.15,8,0,11,4,0,RLL_MX
99.26.15,9,0,12,2,0,MOTMX
99.26.15,10,0,13,2,0,GSCMSK
99.26.15,11,0,14,4,0,GSCMIN
99.26.15,12,0,15,4,0,DSKLD
99.26.15,13,0,16,4,0,RAT_FW
99.26.15,14,0,17,4,0,RAT_VT
99.26.15,15,0,18,4,0,THR_VT
99.26.15,16,0,19,4,0,VT_R_P
99.26.15,17,0,20,4,0,VT_P_P
99.26.15,18,0,21,4,0,VT_Y_P
99.26.15,19,0,22,4,0,MIN_VO
99.26,16,0,27,6,1,TILT_
99.26.16,0,0,1,1,4,ENABLE
99.26.16,1,0,2,2,0,MASK
99.26.16,2,0,3,2,0,RATE_UP
99.26.16,3,0,4,1,0,MAX
99.26.16,4,0,5,1,0,TYPE
99.26.16,5,0,6,2,0,RATE_DN
99.26.16,6,0,7,4,0,YAW_ANGLE
99.26.16,7,0,8,4,0,FIX_ANGLE
99.26.16,8,0,9,4,0,FIX_GAIN
99.26.16,9,0,10,4,0,WING_FLAP
99.26,17,0,28,2,0,BACKTRANS_MS
99.26,18,0,29,1,0,TRANS_FAIL_ACT
99.26,19,0,30,6,2,WVANE_
99.26.19,0,0,1,1,4,ENABLE
99.26.19,1,0,2,4,0,GAIN
99.26.19,2,0,3,4,0,ANG_MIN
99.26.19,3,0,4,4,0,HGT_MIN
99.26.19,4,0,5,4,0,SPD_MAX
99.26.19,5,0,6,4,0,VELZ_MAX
99.26.19,6,0,7,1,0,TAKEOFF
99.26.19,7,0,8,1,0,LAND
99.26.19,8,0,9,2,0,OPTIONS
99.26,20,0,31,4,0,LAND_ALTCHG
99.26,21,0,32,4,0,NAVALT_MIN
99.26,22,0,33,6,1,PLT_Y_
99.26.22,0,0,1,4,128,RATE
99.26.22,1,0,2,4,128,EXPO
99.26.22,2,0,3,4,128,RATE_TC
99.26,23,0,34,2,0,RTL_ALT_MIN
99.26,24,0,35,4,0,FWD_THR_GAIN
99.26,25,0,36,4,0,FWD_PIT_LIM
99.26,26,0,37,1,0,FWD_THR_USE
99.26,27,0,38,4,0,BCK_PIT_LIM
99.26,28,0,39,4,0,APPROACH_DIST
99.26,29,0,40,2,0,TKOFF_RPM_MIN
99.26,30,0,41,2,0,TKOFF_RPM_MAX
99.26,31,0,42,3,0,THRST_LOSS_OPT
,100,199,0,6,0,TUNE_
100,0,0,1,2,0,PARAM
100,1,0,0,6,0,
100.1,0,0,1,1,0,CHAN
100.1,1,0,2,2,0,CHAN_MIN
100.1,2,0,3,2,0,CHAN_MAX
100.1,3,0,4,1,0,SELECTOR
100.1,4,0,5,4,0,RANGE
100.1,5,0,6,1,0,MODE_REVERT
100.1,6,0,7,4,0,ERR_THRESH
,101,108,0,6,2,Q_A_
101,0,0,0,6,0,
101.0,0,0,5,1,0,RATE_FF_ENAB
101.0,1,0,12,1,0,ANGLE_BOOST
101.0,2,0,13,6,1,ANG_RLL_
101.0.2,0,0,0,4,128,P
101.0,3,0,14,6,1,ANG_PIT_
101.0.3,0,0,0,4,128,P
101.0,4,0,15,6,1,ANG_YAW_
101.0.4,0,0,0,4,128,P
101.0,5,0,16,4,0,ANG_LIM_TC
101.0,6,0,17,4,0,RATE_R_MAX
101.0,7,0,18,4,0,RATE_P_MAX
101.0,8,0,19,4,0,RATE_Y_MAX
101.0,9,0,20,4,0,INPUT_TC
101.0,10,0,21,4,0,LAND_R_MULT
101.0,11,0,22,4,0,LAND_P_MULT
101.0,12,0,23,4,0,LAND_Y_MULT
101.0,13,0,24,4,0,ANGLE_MAX
101.0,14,0,25,4,0,RATE_WPY_MAX
101.0,15,0,26,4,0,ACC_Y_MAX
101.0,16,0,27,4,0,ACC_R_MAX
101.0,17,0,28,4,0,ACC_P_MAX
101,1,0,1,6,1,RAT_RLL_
101.1,0,0,0,4,128,P
101.1,1,0,1,4,128,I
101.1,2,0,2,4,128,D
101.1,3,0,4,4,128,FF
101.1,4,0,5,4,128,IMAX
101.1,5,0,9,4,128,FLTT
101.1,6,0,10,4,128,FLTE
101.1,7,0,11,4,128,FLTD
101.1,8,0,12,4,128,SMAX
101.1,9,0,13,4,0,PDMX
101.1,10,0,14,4,128,D_FF
101.1,11,0,15,1,0,NTF
101.1,12,0,16,1,0,NEF
101,2,0,2,6,1,RAT_PIT_
101.2,0,0,0,4,128,P
101.2,1,0,1,4,128,I
101.2,2,0,2,4,128,D
101.2,3,0,4,4,128,FF
101.2,4,0,5,4,128,IMAX
101.2,5,0,9,4,128,FLTT
101.2,6,0,10,4,128,FLTE
101.2,7,0,11,4,128,FLTD
101.2,8,0,12,4,128,SMAX
101.2,9,0,13,4,0,PDMX
101.2,10,0,14,4,128,D_FF
101.2,11,0,15,1,0,NTF
101.2,12,0,16,1,0,NEF
101,3,0,3,6,1,RAT_YAW_
101.3,0,0,0,4,128,P
101.3,1,0,1,4,128,I
101.3,2,0,2,4,128,D
101.3,3,0,4,4,128,FF
101.3,4,0,5,4,128,IMAX
101.3,5,0,9,4,128,FLTT
101.3,6,0,10,4,128,FLTE
101.3,7,0,11,4,128,FLTD
101.3,8,0,12,4,128,SMAX
101.3,9,0,13,4,0,PDMX
101.3,10,0,14,4,128,D_FF
101.3,11,0,15,1,0,NTF
101.3,12,0,16,1,0,NEF
101,4,0,4,4,0,THR_MIX_MIN
101,5,0,5,4,0,THR_MIX_MAX
101,6,0,6,4,0,THR_MIX_MAN
101,7,0,7,4,0,THR_G_BOOST
,102,232,0,6,0,RLL
102,0,0,0,4,0,2SRV_TCONST
102,1,0,4,2,0,2SRV_RMAX
102,2,0,9,6,1,_RATE_
102.2,0,0,0,4,128,P
102.2,1,0,1,4,128,I
102.2,2,0,2,4,128,D
102.2,3,0,4,4,128,FF
102.2,4,0,5,4,128,IMAX
102.2,5,0,9,4,128,FLTT
102.2,6,0,10,4,128,FLTE
102.2,7,0,11,4,128,FLTD
102.2,8,0,12,4,128,SMAX
102.2,9,0,13,4,0,PDMX
102.2,10,0,14,4,128,D_FF
102.2,11,0,15,1,0,NTF
102.2,12,0,16,1,0,NEF
,103,233,0,6,0,PTCH
103,0,0,0,4,0,2SRV_TCONST
103,1,0,4,2,0,2SRV_RMAX_UP
103,2,0,5,2,0,2SRV_RMAX_DN
103,3,0,6,4,0,2SRV_RLL
103,4,0,11,6,1,_RATE_
103.4,0,0,0,4,128,P
103.4,1,0,1,4,128,I
103.4,2,0,2,4,128,D
103.4,3,0,4,4,128,FF
103.4,4,0,5,4,128,IMAX
103.4,5,0,9,4,128,FLTT
103.4,6,0,10,4,128,FLTE
103.4,7,0,11,4,128,FLTD
103.4,8,0,12,4,128,SMAX
103.4,9,0,13,4,0,PDMX
103.4,10,0,14,4,128,D_FF
103.4,11,0,15,1,0,NTF
103.4,12,0,16,1,0,NEF
,104,234,0,6,0,YAW
104,0,0,0,4,0,2SRV_SLIP
104,1,0,1,4,0,2SRV_INT
104,2,0,2,4,0,2SRV_DAMP
104,3,0,3,4,0,2SRV_RLL
104,4,0,5,2,0,2SRV_IMAX
104,5,0,6,1,4,_RATE_ENABLE
104,6,0,9,6,1,_RATE_
104.6,0,0,0,4,128,P
104.6,1,0,1,4,128,I
104.6,2,0,2,4,128,D
104.6,3,0,4,4,128,FF
104.6,4,0,5,4,128,IMAX
104.6,5,0,9,4,128,FLTT
104.6,6,0,10,4,128,FLTE
104.6,7,0,11,4,128,FLTD
104.6,8,0,12,4,128,SMAX
104.6,9,0,13,4,0,PDMX
104.6,10,0,14,4,128,D_FF
104.6,11,0,15,1,0,NTF
104.6,12,0,16,1,0,NEF
,105,239,0,6,0,STEER2SRV_
105,0,0,0,4,0,TCONST
105,1,0,1,4,0,P
105,2,0,3,4,0,I
105,3,0,4,4,0,D
105,4,0,5,2,0,IMAX
105,5,0,6,4,0,MINSPD
105,6,0,7,4,0,FF
105,7,0,8,4,0,DRTSPD
105,8,0,9,4,0,DRTFCT
105,9,0,10,4,0,DRTMIN
,106,133,0,6,0,COMPASS_
106,0,0,1,5,0,OFS
106,1,0,2,4,0,DEC
106,2,0,3,1,0,LEARN
106,3,0,4,1,0,USE
106,4,0,5,1,0,AUTODEC
106,5,0,6,1,0,MOTCT
106,6,0,7,5,0,MOT
106,7,0,8,1,0,ORIENT
106,8,0,9,1,0,EXTERNAL
106,9,0,10,5,0,OFS2
106,10,0,11,5,0,MOT2
106,11,0,13,5,0,OFS3
106,12,0,14,5,0,MOT3
106,13,0,15,3,0,DEV_ID
106,14,0,16,3,0,DEV_ID2
106,15,0,17,3,0,DEV_ID3
106,16,0,18,1,0,USE2
106,17,0,19,1,0,ORIENT2
106,18,0,20,1,0,EXTERN2
106,19,0,21,1,0,USE3
106,20,0,22,1,0,ORIENT3
106,21,0,23,1,0,EXTERN3
106,22,0,24,5,0,DIA
106,23,0,25,5,0,ODI
106,24,0,26,5,0,DIA2
106,25,0,27,5,0,ODI2
106,26,0,28,5,0,DIA3
106,27,0,29,5,0,ODI3
106,28,0,30,4,0,CAL_FIT
106,29,0,31,2,0,OFFS_MAX
106,30,0,32,6,1,PMOT
106.30,0,0,1,1,4,_EN
106.30,1,0,2,4,0,_EXP
106.30,2,0,3,5,0,1
106.30,3,0,4,5,0,2
106.30,4,0,5,5,0,3
106.30,5,0,6,5,0,4
106,31,0,33,3,0,DISBLMSK
106,32,0,34,1,0,FLTR_RNG
106,33,0,35,1,0,AUTO_ROT
106,34,0,36,3,0,PRIO1_ID
106,35,0,37,3,0,PRIO2_ID
106,36,0,38,3,0,PRIO3_ID
106,37,0,39,1,0,ENABLE
106,38,0,40,4,0,SCALE
106,39,0,41,4,0,SCALE2
106,40,0,42,4,0,SCALE3
106,41,0,43,2,0,OPTIONS
106,42,0,44,3,0,DEV_ID4
106,43,0,45,3,0,DEV_ID5
106,44,0,46,3,0,DEV_ID6
106,45,0,47,3,0,DEV_ID7
106,46,0,48,3,0,DEV_ID8
,107,44,0,6,0,SCHED_
107,0,0,0,1,0,DEBUG
107,1,0,1,2,0,LOOP_RATE
107,2,0,2,1,0,OPTIONS
,108,236,0,6,0,RCMAP_
108,0,0,0,1,0,ROLL
108,1,0,1,1,0,PITCH
108,2,0,2,1,0,THROTTLE
108,3,0,3,1,0,YAW
108,4,0,4,1,2048,FORWARD
108,5,0,5,1,2048,LATERAL
,109,33,0,6,0,INS
109,0,0,3,5,0,_GYROFFS
109,1,0,7,5,0,_GYR2OFFS
109,2,0,10,5,0,_GYR3OFFS
109,3,0,12,5,0,_ACCSCAL
109,4,0,13,5,0,_ACCOFFS
109,5,0,14,5,0,_ACC2SCAL
109,6,0,15,5,0,_ACC2OFFS
109,7,0,16,5,0,_ACC3SCAL
109,8,0,17,5,0,_ACC3OFFS
109,9,0,18,2,0,_GYRO_FILTER
109,10,0,19,2,0,_ACCEL_FILTER
109,11,0,20,1,0,_USE
109,12,0,21,1,0,_USE2
109,13,0,22,1,0,_USE3
109,14,0,23,4,0,_STILL_THRESH
109,15,0,24,1,0,_GYR_CAL
109,16,0,25,1,0,_TRIM_OPTION
109,17,0,26,1,0,_ACC_BODYFIX
109,18,0,27,5,0,_POS1
109,19,0,28,5,0,_POS2
109,20,0,29,5,0,_POS3
109,21,0,30,3,0,_GYR_ID
109,22,0,31,3,0,_GYR2_ID
109,23,0,32,3,0,_GYR3_ID
109,24,0,33,3,0,_ACC_ID
109,25,0,34,3,0,_ACC2_ID
109,26,0,35,3,0,_ACC3_ID
109,27,0,36,1,0,_FAST_SAMPLE
109,28,0,39,6,1,_LOG_
109.28,0,0,1,2,0,BAT_CNT
109.28,1,0,2,1,0,BAT_MASK
109.28,2,0,3,1,0,BAT_OPT
109.28,3,0,4,1,0,BAT_LGIN
109.28,4,0,5,2,0,BAT_LGCT
109,29,0,40,1,0,_ENABLE_MASK
109,30,0,41,6,1,_HNTCH_
109.30,0,0,1,1,4,ENABLE
109.30,1,0,2,4,0,FREQ
109.30,2,0,3,4,0,BW
109.30,3,0,4,4,0,ATT
109.30,4,0,5,3,0,HMNCS
109.30,5,0,6,4,0,REF
109.30,6,0,7,1,0,MODE
109.30,7,0,8,2,0,OPTS
109.30,8,0,9,4,0,FM_RAT
109,31,0,53,6,1,_HNTC2_
109.31,0,0,1,1,4,ENABLE
109.31,1,0,2,4,0,FREQ
109.31,2,0,3,4,0,BW
109.31,3,0,4,4,0,ATT
109.31,4,0,5,3,0,HMNCS
109.31,5,0,6,4,0,REF
109.31,6,0,7,1,0,MODE
109.31,7,0,8,2,0,OPTS
109.31,8,0,9,4,0,FM_RAT
109,32,0,57,6,1,_HNTC3_
109.32,0,0,1,1,4,ENABLE
109.32,1,0,2,4,0,FREQ
109.32,2,0,3,4,0,BW
109.32,3,0,4,4,0,ATT
109.32,4,0,5,3,0,HMNCS
109.32,5,0,6,4,0,REF
109.32,6,0,7,1,0,MODE
109.32,7,0,8,2,0,OPTS
109.32,8,0,9,4,0,FM_RAT
109,33,0,42,1,0,_GYRO_RATE
109,34,0,43,6,1,_TCAL1_
109.34,0,0,1,1,4,ENABLE
109.34,1,0,2,4,0,TMIN
109.34,2,0,3,4,0,TMAX
109.34,3,0,4,5,0,ACC1
109.34,4,0,5,5,0,ACC2
109.34,5,0,6,5,0,ACC3
109.34,6,0,7,5,0,GYR1
109.34,7,0,8,5,0,GYR2
109.34,8,0,9,5,0,GYR3
109,35,0,44,6,1,_TCAL2_
109.35,0,0,1,1,4,ENABLE
109.35,1,0,2,4,0,TMIN
109.35,2,0,3,4,0,TMAX
109.35,3,0,4,5,0,ACC1
109.35,4,0,5,5,0,ACC2
109.35,5,0,6,5,0,ACC3
109.35,6,0,7,5,0,GYR1
109.35,7,0,8,5,0,GYR2
109.35,8,0,9,5,0,GYR3
109,36,0,45,6,1,_TCAL3_
109.36,0,0,1,1,4,ENABLE
109.36,1,0,2,4,0,TMIN
109.36,2,0,3,4,0,TMAX
109.36,3,0,4,5,0,ACC1
109.36,4,0,5,5,0,ACC2
109.36,5,0,6,5,0,ACC3
109.36,6,0,7,5,0,GYR1
109.36,7,0,8,5,0,GYR2
109.36,8,0,9,5,0,GYR3
109,37,0,46,4,0,_ACC1_CALTEMP
109,38,0,47,4,0,_GYR1_CALTEMP
109,39,0,48,4,0,_ACC2_CALTEMP
109,40,0,49,4,0,_GYR2_CALTEMP
109,41,0,50,4,0,_ACC3_CALTEMP
109,42,0,51,4,0,_GYR3_CALTEMP
109,43,0,52,3,0,_TCAL_OPTIONS
109,44,0,56,2,0,_RAW_LOG_OPT
,110,140,0,6,0,AHRS_
110,0,0,2,4,0,GPS_GAIN
110,1,0,3,1,0,GPS_USE
110,2,0,4,4,0,YAW_P
110,3,0,5,4,0,RP_P
110,4,0,6,1,0,WIND_MAX
110,5,0,8,5,0,TRIM
110,6,0,9,1,0,ORIENTATION
110,7,0,10,4,0,COMP_BETA
110,8,0,11,1,0,GPS_MINSATS
110,9,0,14,1,0,EKF_TYPE
110,10,0,18,2,0,OPTIONS
110,11,0,19,4,0,ORIGIN_LAT
110,12,0,20,4,0,ORIGIN_LON
110,13,0,21,4,0,ORIGIN_ALT
,111,235,0,6,0,NAVL1_
111,0,0,0,4,0,PERIOD
111,1,0,1,4,0,DAMPING
111,2,0,2,4,0,XTRACK_I
111,3,0,3,4,0,LIM_BANK
,112,237,0,6,0,TECS_
112,0,0,0,4,0,CLMB_MAX
112,1,0,1,4,0,SINK_MIN
112,2,0,2,4,0,TIME_CONST
112,3,0,3,4,0,THR_DAMP
112,4,0,4,4,0,INTEG_GAIN
112,5,0,5,4,0,VERT_ACC
112,6,0,6,4,0,HGT_OMEGA
112,7,0,7,4,0,SPD_OMEGA
112,8,0,8,4,0,RLL2THR
112,9,0,9,4,0,SPDWEIGHT
112,10,0,10,4,0,PTCH_DAMP
112,11,0,11,4,0,SINK_MAX
112,12,0,12,4,0,LAND_ARSPD
112,13,0,13,4,0,LAND_THR
112,14,0,14,4,0,LAND_SPDWGT
112,15,0,15,1,0,PITCH_MAX
112,16,0,16,1,0,PITCH_MIN
112,17,0,17,4,0,LAND_SINK
112,18,0,18,4,0,LAND_TCONST
112,19,0,19,4,0,LAND_DAMP
112,20,0,20,1,0,LAND_PMAX
112,21,0,21,4,0,APPR_SMAX
112,22,0,22,4,0,LAND_SRC
112,23,0,23,4,0,LAND_TDAMP
112,24,0,24,4,0,LAND_IGAIN
112,25,0,25,4,0,TKOFF_IGAIN
112,26,0,26,4,0,LAND_PDAMP
112,27,0,27,1,0,SYNAIRSPEED
112,28,0,28,3,0,OPTIONS
112,29,0,29,4,0,PTCH_FF_V0
112,30,0,30,4,0,PTCH_FF_K
112,31,0,31,1,0,THR_ERATE
112,32,0,32,4,0,FLARE_HGT
112,33,0,33,4,0,HDEM_TCONST
,113,161,0,6,0,MNT
113,0,0,43,6,1,1
113.0,0,0,1,1,4,_TYPE
113.0,1,0,2,1,0,_DEFLT_MODE
113.0,2,0,3,2,0,_RC_RATE
113.0,3,0,4,2,0,_ROLL_MIN
113.0,4,0,5,2,0,_ROLL_MAX
113.0,5,0,6,2,0,_PITCH_MIN
113.0,6,0,7,2,0,_PITCH_MAX
113.0,7,0,8,2,0,_YAW_MIN
113.0,8,0,9,2,0,_YAW_MAX
113.0,9,0,10,5,0,_RETRACT
113.0,10,0,11,5,0,_NEUTRAL
113.0,11,0,12,4,0,_LEAD_RLL
113.0,12,0,13,4,0,_LEAD_PTCH
113.0,13,0,14,1,0,_SYSID_DFLT
113.0,14,0,15,3,32,_DEVID
113.0,15,0,16,1,0,_OPTIONS
113,1,0,44,6,1,2
113.1,0,0,1,1,4,_TYPE
113.1,1,0,2,1,0,_DEFLT_MODE
113.1,2,0,3,2,0,_RC_RATE
113.1,3,0,4,2,0,_ROLL_MIN
113.1,4,0,5,2,0,_ROLL_MAX
113.1,5,0,6,2,0,_PITCH_MIN
113.1,6,0,7,2,0,_PITCH_MAX
113.1,7,0,8,2,0,_YAW_MIN
113.1,8,0,9,2,0,_YAW_MAX
113.1,9,0,10,5,0,_RETRACT
113.1,10,0,11,5,0,_NEUTRAL
113.1,11,0,12,4,0,_LEAD_RLL
113.1,12,0,13,4,0,_LEAD_PTCH
113.1,13,0,14,1,0,_SYSID_DFLT
113.1,14,0,15,3,32,_DEVID
113.1,15,0,16,1,0,_OPTIONS
,114,166,0,6,0,BATT
114,0,0,23,6,1,_
114.0,0,0,1,1,4,MONITOR
114.0,1,0,7,3,0,CAPACITY
114.0,2,0,8,2,1536,WATT_MAX
114.0,3,0,9,3,0,SERIAL_NUM
114.0,4,0,10,1,0,LOW_TIMER
114.0,5,0,11,1,0,FS_VOLTSRC
114.0,6,0,12,4,0,LOW_VOLT
114.0,7,0,13,4,0,LOW_MAH
114.0,8,0,14,4,0,CRT_VOLT
114.0,9,0,15,4,0,CRT_MAH
114.0,10,0,16,1,0,FS_LOW_ACT
114.0,11,0,17,1,0,FS_CRT_ACT
114.0,12,0,18,4,0,ARM_VOLT
114.0,13,0,19,3,0,ARM_MAH
114.0,14,0,21,3,0,OPTIONS
114,1,0,41,6,18,_
114,2,0,24,6,1,2_
114.2,0,0,1,1,4,MONITOR
114.2,1,0,7,3,0,CAPACITY
114.2,2,0,8,2,1536,WATT_MAX
114.2,3,0,9,3,0,SERIAL_NUM
114.2,4,0,10,1,0,LOW_TIMER
114.2,5,0,11,1,0,FS_VOLTSRC
114.2,6,0,12,4,0,LOW_VOLT
114.2,7,0,13,4,0,LOW_MAH
114.2,8,0,14,4,0,CRT_VOLT
114.2,9,0,15,4,0,CRT_MAH
114.2,10,0,16,1,0,FS_LOW_ACT
114.2,11,0,17,1,0,FS_CRT_ACT
114.2,12,0,18,4,0,ARM_VOLT
114.2,13,0,19,3,0,ARM_MAH
114.2,14,0,21,3,0,OPTIONS
114,3,0,42,6,18,2_
114,4,0,25,6,1,3_
114.4,0,0,1,1,4,MONITOR
114.4,1,0,7,3,0,CAPACITY
114.4,2,0,8,2,1536,WATT_MAX
114.4,3,0,9,3,0,SERIAL_NUM
114.4,4,0,10,1,0,LOW_TIMER
114.4,5,0,11,1,0,FS_VOLTSRC
114.4,6,0,12,4,0,LOW_VOLT
114.4,7,0,13,4,0,LOW_MAH
114.4,8,0,14,4,0,CRT_VOLT
114.4,9,0,15,4,0,CRT_MAH
114.4,10,0,16,1,0,FS_LOW_ACT
114.4,11,0,17,1,0,FS_CRT_ACT
114.4,12,0,18,4,0,ARM_VOLT
114.4,13,0,19,3,0,ARM_MAH
114.4,14,0,21,3,0,OPTIONS
114,5,0,43,6,18,3_
114,6,0,26,6,1,4_
114.6,0,0,1,1,4,MONITOR
114.6,1,0,7,3,0,CAPACITY
114.6,2,0,8,2,1536,WATT_MAX
114.6,3,0,9,3,0,SERIAL_NUM
114.6,4,0,10,1,0,LOW_TIMER
114.6,5,0,11,1,0,FS_VOLTSRC
114.6,6,0,12,4,0,LOW_VOLT
114.6,7,0,13,4,0,LOW_MAH
114.6,8,0,14,4,0,CRT_VOLT
114.6,9,0,15,4,0,CRT_MAH
114.6,10,0,16,1,0,FS_LOW_ACT
114.6,11,0,17,1,0,FS_CRT_ACT
114.6,12,0,18,4,0,ARM_VOLT
114.6,13,0,19,3,0,ARM_MAH
114.6,14,0,21,3,0,OPTIONS
114,7,0,44,6,18,4_
114,8,0,27,6,1,5_
114.8,0,0,1,1,4,MONITOR
114.8,1,0,7,3,0,CAPACITY
114.8,2,0,8,2,1536,WATT_MAX
114.8,3,0,9,3,0,SERIAL_NUM
114.8,4,0,10,1,0,LOW_TIMER
114.8,5,0,11,1,0,FS_VOLTSRC
114.8,6,0,12,4,0,LOW_VOLT
114.8,7,0,13,4,0,LOW_MAH
114.8,8,0,14,4,0,CRT_VOLT
114.8,9,0,15,4,0,CRT_MAH
114.8,10,0,16,1,0,FS_LOW_ACT
114.8,11,0,17,1,0,FS_CRT_ACT
114.8,12,0,18,4,0,ARM_VOLT
114.8,13,0,19,3,0,ARM_MAH
114.8,14,0,21,3,0,OPTIONS
114,9,0,45,6,18,5_
114,10,0,28,6,1,6_
114.10,0,0,1,1,4,MONITOR
114.10,1,0,7,3,0,CAPACITY
114.10,2,0,8,2,1536,WATT_MAX
114.10,3,0,9,3,0,SERIAL_NUM
114.10,4,0,10,1,0,LOW_TIMER
114.10,5,0,11,1,0,FS_VOLTSRC
114.10,6,0,12,4,0,LOW_VOLT
114.10,7,0,13,4,0,LOW_MAH
114.10,8,0,14,4,0,CRT_VOLT
114.10,9,0,15,4,0,CRT_MAH
114.10,10,0,16,1,0,FS_LOW_ACT
114.10,11,0,17,1,0,FS_CRT_ACT
114.10,12,0,18,4,0,ARM_VOLT
114.10,13,0,19,3,0,ARM_MAH
114.10,14,0,21,3,0,OPTIONS
114,11,0,46,6,18,6_
114,12,0,29,6,1,7_
114.12,0,0,1,1,4,MONITOR
114.12,1,0,7,3,0,CAPACITY
114.12,2,0,8,2,1536,WATT_MAX
114.12,3,0,9,3,0,SERIAL_NUM
114.12,4,0,10,1,0,LOW_TIMER
114.12,5,0,11,1,0,FS_VOLTSRC
114.12,6,0,12,4,0,LOW_VOLT
114.12,7,0,13,4,0,LOW_MAH
114.12,8,0,14,4,0,CRT_VOLT
114.12,9,0,15,4,0,CRT_MAH
114.12,10,0,16,1,0,FS_LOW_ACT
114.12,11,0,17,1,0,FS_CRT_ACT
114.12,12,0,18,4,0,ARM_VOLT
114.12,13,0,19,3,0,ARM_MAH
114.12,14,0,21,3,0,OPTIONS
114,13,0,47,6,18,7_
114,14,0,30,6,1,8_
114.14,0,0,1,1,4,MONITOR
114.14,1,0,7,3,0,CAPACITY
114.14,2,0,8,2,1536,WATT_MAX
114.14,3,0,9,3,0,SERIAL_NUM
114.14,4,0,10,1,0,LOW_TIMER
114.14,5,0,11,1,0,FS_VOLTSRC
114.14,6,0,12,4,0,LOW_VOLT
114.14,7,0,13,4,0,LOW_MAH
114.14,8,0,14,4,0,CRT_VOLT
114.14,9,0,15,4,0,CRT_MAH
114.14,10,0,16,1,0,FS_LOW_ACT
114.14,11,0,17,1,0,FS_CRT_ACT
114.14,12,0,18,4,0,ARM_VOLT
114.14,13,0,19,3,0,ARM_MAH
114.14,14,0,21,3,0,OPTIONS
114,15,0,48,6,18,8_
114,16,0,31,6,1,9_
114.16,0,0,1,1,4,MONITOR
114.16,1,0,7,3,0,CAPACITY
114.16,2,0,8,2,1536,WATT_MAX
114.16,3,0,9,3,0,SERIAL_NUM
114.16,4,0,10,1,0,LOW_TIMER
114.16,5,0,11,1,0,FS_VOLTSRC
114.16,6,0,12,4,0,LOW_VOLT
114.16,7,0,13,4,0,LOW_MAH
114.16,8,0,14,4,0,CRT_VOLT
114.16,9,0,15,4,0,CRT_MAH
114.16,10,0,16,1,0,FS_LOW_ACT
114.16,11,0,17,1,0,FS_CRT_ACT
114.16,12,0,18,4,0,ARM_VOLT
114.16,13,0,19,3,0,ARM_MAH
114.16,14,0,21,3,0,OPTIONS
114,17,0,49,6,18,9_
,115,56,0,6,0,BRD_
115,0,0,3,1,0,SAFETY_DEFLT
115,1,0,5,3,0,SERIAL_NUM
115,2,0,7,3,0,SAFETY_MASK
115,3,0,13,2,0,SAFETYOPTION
115,4,0,14,6,1,RTC
115.4,0,0,1,1,0,_TYPES
115.4,1,0,2,2,0,_TZ_MIN
115,5,0,15,4,0,VBUS_MIN
115,6,0,16,4,0,VSERVO_MIN
115,7,0,19,3,0,OPTIONS
115,8,0,20,2,0,BOOT_DELAY
115,9,0,24,2,0,SD_MISSION
115,10,0,29,2,0,SD_FENCE
,116,8,0,6,0,CAN_
116,0,0,1,6,1,P1_
116.0,0,0,1,1,4,DRIVER
116.0,1,0,2,3,0,BITRATE
116.0,2,0,3,3,0,FDBITRATE
116.0,3,0,4,3,0,OPTIONS
116,1,0,2,6,1,P2_
116.1,0,0,1,1,4,DRIVER
116.1,1,0,2,3,0,BITRATE
116.1,2,0,3,3,0,FDBITRATE
116.1,3,0,4,3,0,OPTIONS
116,2,0,4,6,1,D1_
116.2,0,0,1,1,0,PROTOCOL
116.2,1,0,2,6,2,UC_
116.2.1,0,0,1,1,0,NODE
116.2.1,1,0,2,3,0,SRV_BM
116.2.1,2,0,3,3,0,ESC_BM
116.2.1,3,0,4,2,0,SRV_RT
116.2.1,4,0,5,2,0,OPTION
116.2.1,5,0,6,2,0,NTF_RT
116.2.1,6,0,7,1,0,ESC_OF
116.2.1,7,0,8,2,0,POOL
116.2.1,8,0,9,3,0,ESC_RV
116.2.1,9,0,23,2,0,RLY_RT
116.2.1,10,0,10,1,4,SER_EN
116.2.1,11,0,11,1,0,S1_NOD
116.2.1,12,0,12,1,0,S1_IDX
116.2.1,13,0,13,3,0,S1_BD
116.2.1,14,0,14,1,0,S1_PRO
116.2.1,15,0,15,1,0,S2_NOD
116.2.1,16,0,16,1,0,S2_IDX
116.2.1,17,0,17,3,0,S2_BD
116.2.1,18,0,18,1,0,S2_PRO
116.2.1,19,0,19,1,0,S3_NOD
116.2.1,20,0,20,1,0,S3_IDX
116.2.1,21,0,21,3,0,S3_BD
116.2.1,22,0,22,1,0,S3_PRO
116.2,2,0,5,6,2,PC_
116.2.2,0,0,1,3,0,ESC_BM
116.2.2,1,0,2,2,0,ESC_RT
116.2.2,2,0,3,3,0,SRV_BM
116.2.2,3,0,4,2,0,SRV_RT
116.2.2,4,0,5,2,0,ECU_ID
116.2.2,5,0,6,2,0,ECU_RT
116.2,3,0,6,1,0,PROTOCOL2
116,3,0,5,6,1,D2_
116.3,0,0,1,1,0,PROTOCOL
116.3,1,0,2,6,2,UC_
116.3.1,0,0,1,1,0,NODE
116.3.1,1,0,2,3,0,SRV_BM
116.3.1,2,0,3,3,0,ESC_BM
116.3.1,3,0,4,2,0,SRV_RT
116.3.1,4,0,5,2,0,OPTION
116.3.1,5,0,6,2,0,NTF_RT
116.3.1,6,0,7,1,0,ESC_OF
116.3.1,7,0,8,2,0,POOL
116.3.1,8,0,9,3,0,ESC_RV
116.3.1,9,0,23,2,0,RLY_RT
116.3.1,10,0,10,1,4,SER_EN
116.3.1,11,0,11,1,0,S1_NOD
116.3.1,12,0,12,1,0,S1_IDX
116.3.1,13,0,13,3,0,S1_BD
116.3.1,14,0,14,1,0,S1_PRO
116.3.1,15,0,15,1,0,S2_NOD
116.3.1,16,0,16,1,0,S2_IDX
116.3.1,17,0,17,3,0,S2_BD
116.3.1,18,0,18,1,0,S2_PRO
116.3.1,19,0,19,1,0,S3_NOD
116.3.1,20,0,20,1,0,S3_IDX
116.3.1,21,0,21,3,0,S3_BD
116.3.1,22,0,22,1,0,S3_PRO
116.3,2,0,5,6,2,PC_
116.3.2,0,0,1,3,0,ESC_BM
116.3.2,1,0,2,2,0,ESC_RT
116.3.2,2,0,3,3,0,SRV_BM
116.3.2,3,0,4,2,0,SRV_RT
116.3.2,4,0,5,2,0,ECU_ID
116.3.2,5,0,6,2,0,ECU_RT
116.3,3,0,6,1,0,PROTOCOL2
116,4,0,8,1,0,LOGLEVEL
,117,230,0,6,0,SIM_
117,0,0,5,4,0,DRIFT_SPEED
117,1,0,6,4,0,DRIFT_TIME
117,2,0,8,4,0,ENGINE_MUL
117,3,0,9,4,0,WIND_SPD
117,4,0,10,4,0,WIND_DIR
117,5,0,11,4,0,WIND_TURB
117,6,0,12,4,0,WIND_TC
117,7,0,16,6,1,SERVO_
117.7,0,0,1,4,0,SPEED
117.7,1,0,2,4,0,DELAY
117.7,2,0,3,4,0,FILTER
117,8,0,17,1,0,SONAR_ROT
117,9,0,19,4,0,BATT_VOLTAGE
117,10,0,20,4,0,BATT_CAP_AH
117,11,0,23,4,0,SONAR_GLITCH
117,12,0,24,4,0,SONAR_RND
117,13,0,25,1,0,RC_FAIL
117,14,0,28,1,0,FLOAT_EXCEPT
117,15,0,29,3,0,CAN_SRV_MSK
117,16,0,30,1,0,CAN_TYPE1
117,17,0,31,1,0,CAN_TYPE2
117,18,0,32,4,0,SONAR_SCALE
117,19,0,33,1,0,FLOW_ENABLE
117,20,0,34,1,0,TERRAIN
117,21,0,35,2,0,FLOW_RATE
117,22,0,36,1,0,FLOW_DELAY
117,23,0,45,2,0,ADSB_COUNT
117,24,0,46,4,0,ADSB_RADIUS
117,25,0,47,4,0,ADSB_ALT
117,26,0,50,2,0,PIN_MASK
117,27,0,51,1,0,ADSB_TX
117,28,0,52,4,0,SPEEDUP
117,29,0,53,5,0,IMU_POS
117,30,0,54,6,1,
117.30,0,0,1,4,0,IMUT_START
117.30,1,0,2,4,0,IMUT_END
117.30,2,0,3,4,0,IMUT_TCONST
117.30,3,0,4,4,0,IMUT_FIXED
117.30,4,0,5,5,0,ACC1_BIAS
117.30,5,0,6,5,0,ACC2_BIAS
117.30,6,0,7,5,0,ACC3_BIAS
117.30,7,0,8,4,0,GYR1_RND
117.30,8,0,9,4,0,GYR2_RND
117.30,9,0,10,4,0,GYR3_RND
117.30,10,0,11,4,0,ACC1_RND
117.30,11,0,12,4,0,ACC2_RND
117.30,12,0,13,4,0,ACC3_RND
117.30,13,0,14,5,0,GYR1_SCALE
117.30,14,0,15,5,0,GYR2_SCALE
117.30,15,0,16,5,0,GYR3_SCALE
117.30,16,0,17,4,0,ACCEL1_FAIL
117.30,17,0,18,4,0,ACCEL2_FAIL
117.30,18,0,19,4,0,ACCEL3_FAIL
117.30,19,0,20,1,0,GYR_FAIL_MSK
117.30,20,0,21,1,0,ACC_FAIL_MSK
117.30,21,0,22,5,0,ACC1_SCAL
117.30,22,0,23,5,0,ACC2_SCAL
117.30,23,0,24,5,0,ACC3_SCAL
117.30,24,0,25,5,0,ACC_TRIM
117.30,25,0,27,1,0,JSON_MASTER
117.30,26,0,28,3,0,OH_MASK
117.30,27,0,29,1,0,GYR_FILE_RW
117.30,28,0,30,1,0,ACC_FILE_RW
117.30,29,0,31,5,0,GYR1_BIAS
117.30,30,0,32,5,0,GYR2_BIAS
117.30,31,0,33,5,0,GYR3_BIAS
117.30,32,0,48,2,0,OH_RELAY_MSK
117.30,33,0,49,1,0,CLAMP_CH
117.30,34,0,61,6,1,IMUT1_
117.30.34,0,0,1,1,4,ENABLE
117.30.34,1,0,2,4,0,TMIN
117.30.34,2,0,3,4,0,TMAX
117.30.34,3,0,4,5,0,ACC1
117.30.34,4,0,5,5,0,ACC2
117.30.34,5,0,6,5,0,ACC3
117.30.34,6,0,7,5,0,GYR1
117.30.34,7,0,8,5,0,GYR2
117.30.34,8,0,9,5,0,GYR3
117.30,35,0,62,6,1,IMUT2_
117.30.35,0,0,1,1,4,ENABLE
117.30.35,1,0,2,4,0,TMIN
117.30.35,2,0,3,4,0,TMAX
117.30.35,3,0,4,5,0,ACC1
117.30.35,4,0,5,5,0,ACC2
117.30.35,5,0,6,5,0,ACC3
117.30.35,6,0,7,5,0,GYR1
117.30.35,7,0,8,5,0,GYR2
117.30.35,8,0,9,5,0,GYR3
117.30,36,0,63,6,1,IMUT3_
117.30.36,0,0,1,1,4,ENABLE
117.30.36,1,0,2,4,0,TMIN
117.30.36,2,0,3,4,0,TMAX
117.30.36,3,0,4,5,0,ACC1
117.30.36,4,0,5,5,0,ACC2
117.30.36,5,0,6,5,0,ACC3
117.30.36,6,0,7,5,0,GYR1
117.30.36,7,0,8,5,0,GYR2
117.30.36,8,0,9,5,0,GYR3
117,31,0,55,5,0,SONAR_POS
117,32,0,56,5,0,FLOW_POS
117,33,0,58,3,0,ENGINE_FAIL
117,34,0,59,6,1,
117.34,0,0,1,6,1,SHIP_
117.34.0,0,0,1,1,0,ENABLE
117.34.0,1,0,2,4,0,SPEED
117.34.0,2,0,3,4,0,PSIZE
117.34.0,3,0,4,1,0,SYSID
117.34.0,4,0,5,4,0,DSIZE
117.34.0,5,0,7,5,0,OFS
117.34,1,0,2,6,2,SB_
117.34.1,0,0,1,4,0,MASS
117.34.1,1,0,2,4,0,HMASS
117.34.1,2,0,3,4,0,ARM_LEN
117.34.1,3,0,4,4,0,MOT_THST
117.34.1,4,0,5,4,0,DRAG_FWD
117.34.1,5,0,16,4,0,DRAG_SIDE
117.34.1,6,0,6,4,0,DRAG_UP
117.34.1,7,0,7,4,0,MOI_YAW
117.34.1,8,0,8,4,0,MOI_ROLL
117.34.1,9,0,9,4,0,MOI_PITCH
117.34.1,10,0,10,4,0,ALT_TARG
117.34.1,11,0,11,4,0,CLMB_RT
117.34.1,12,0,12,4,0,YAW_RT
117.34.1,13,0,13,4,0,MOT_ANG
117.34.1,14,0,14,4,0,COL
117.34.1,15,0,15,4,0,WVANE
117.34.1,16,0,17,4,0,FLR
117.34,2,0,3,6,2,GLD_
117.34.2,0,0,1,4,0,BLN_BRST
117.34.2,1,0,2,4,0,BLN_RATE
117.34,3,0,4,6,1,SLUP_
117.34.3,0,0,1,1,4,ENABLE
117.34.3,1,0,2,4,0,WEIGHT
117.34.3,2,0,3,4,0,LINELEN
117.34.3,3,0,4,4,0,DRAG
117.34.3,4,0,5,1,0,SYSID
117.34,4,0,5,6,2,RFL_
117.34.4,0,0,1,3,0,OPTS
117.34.4,1,0,2,2,0,SAMPLEHZ
117.34,5,0,6,6,1,TETH_
117.34.5,0,0,1,1,4,ENABLE
117.34.5,1,0,2,4,0,DENSITY
117.34.5,2,0,3,4,0,LINELEN
117.34.5,3,0,4,1,0,SYSID
117.34.5,4,0,5,1,0,STUCK
117.34.5,5,0,6,4,0,SPGCNST
117.34.5,6,0,7,4,0,DMPCNST
117.34,6,0,7,6,2,AIS_
117.34.6,0,0,1,1,0,COUNT
117.34.6,1,0,2,4,0,RADIUS
117,35,0,60,6,1,
117.35,0,0,1,4,0,MAG_RND
117.35,1,0,2,5,0,MAG_MOT
117.35,2,0,3,2,0,MAG_DELAY
117.35,3,0,4,5,0,MAG1_OFS
117.35,4,0,5,5,0,MAG_ALY
117.35,5,0,6,4,0,MAG_ALY_HGT
117.35,6,0,7,5,0,MAG1_DIA
117.35,7,0,8,5,0,MAG1_ODI
117.35,8,0,9,1,0,MAG1_ORIENT
117.35,9,0,10,4,0,MAG1_SCALING
117.35,10,0,11,3,0,MAG1_DEVID
117.35,11,0,12,3,0,MAG2_DEVID
117.35,12,0,13,3,0,MAG3_DEVID
117.35,13,0,14,3,0,MAG4_DEVID
117.35,14,0,15,3,0,MAG5_DEVID
117.35,15,0,16,3,0,MAG6_DEVID
117.35,16,0,17,3,0,MAG7_DEVID
117.35,17,0,18,3,0,MAG8_DEVID
117.35,18,0,26,1,0,MAG1_FAIL
117.35,19,0,19,5,0,MAG2_OFS
117.35,20,0,20,5,0,MAG2_DIA
117.35,21,0,21,5,0,MAG2_ODI
117.35,22,0,22,1,0,MAG2_ORIENT
117.35,23,0,27,1,0,MAG2_FAIL
117.35,24,0,28,4,0,MAG2_SCALING
117.35,25,0,23,5,0,MAG3_OFS
117.35,26,0,24,5,0,MAG3_DIA
117.35,27,0,25,5,0,MAG3_ODI
117.35,28,0,29,1,0,MAG3_FAIL
117.35,29,0,30,4,0,MAG3_SCALING
117.35,30,0,36,1,0,MAG3_ORIENT
117.35,31,0,37,1,0,MAG_SAVE_IDS
117,36,0,61,6,1,
117.36,0,0,45,4,0,INIT_LAT_OFS
117.36,1,0,46,4,0,INIT_LON_OFS
117.36,2,0,47,4,0,INIT_ALT_OFS
117.36,3,0,48,2,0,GPS_LOG_NUM
117.36,4,0,50,6,1,GPS1_
117.36.4,0,0,1,1,4,ENABLE
117.36.4,1,0,2,2,0,LAG_MS
117.36.4,2,0,3,1,0,TYPE
117.36.4,3,0,4,4,0,BYTELOS
117.36.4,4,0,5,1,0,NUMSATS
117.36.4,5,0,6,5,0,GLTCH
117.36.4,6,0,7,1,0,HZ
117.36.4,7,0,8,4,0,DRFTALT
117.36.4,8,0,9,5,0,POS
117.36.4,9,0,10,4,0,NOISE
117.36.4,10,0,11,2,0,LCKTIME
117.36.4,11,0,12,2,0,ALT_OFS
117.36.4,12,0,13,1,0,HDG
117.36.4,13,0,14,4,0,ACC
117.36.4,14,0,15,5,0,VERR
117.36.4,15,0,16,1,0,JAM
117.36.4,16,0,17,4,0,HDG_OFS
117.36.4,17,0,18,3,0,OPTIONS
117.36,5,0,51,6,1,GPS2_
117.36.5,0,0,1,1,4,ENABLE
117.36.5,1,0,2,2,0,LAG_MS
117.36.5,2,0,3,1,0,TYPE
117.36.5,3,0,4,4,0,BYTELOS
117.36.5,4,0,5,1,0,NUMSATS
117.36.5,5,0,6,5,0,GLTCH
117.36.5,6,0,7,1,0,HZ
117.36.5,7,0,8,4,0,DRFTALT
117.36.5,8,0,9,5,0,POS
117.36.5,9,0,10,4,0,NOISE
117.36.5,10,0,11,2,0,LCKTIME
117.36.5,11,0,12,2,0,ALT_OFS
117.36.5,12,0,13,1,0,HDG
117.36.5,13,0,14,4,0,ACC
117.36.5,14,0,15,5,0,VERR
117.36.5,15,0,16,1,0,JAM
117.36.5,16,0,17,4,0,HDG_OFS
117.36.5,17,0,18,3,0,OPTIONS
117.36,6,0,52,6,1,GPS3_
117.36.6,0,0,1,1,4,ENABLE
117.36.6,1,0,2,2,0,LAG_MS
117.36.6,2,0,3,1,0,TYPE
117.36.6,3,0,4,4,0,BYTELOS
117.36.6,4,0,5,1,0,NUMSATS
117.36.6,5,0,6,5,0,GLTCH
117.36.6,6,0,7,1,0,HZ
117.36.6,7,0,8,4,0,DRFTALT
117.36.6,8,0,9,5,0,POS
117.36.6,9,0,10,4,0,NOISE
117.36.6,10,0,11,2,0,LCKTIME
117.36.6,11,0,12,2,0,ALT_OFS
117.36.6,12,0,13,1,0,HDG
117.36.6,13,0,14,4,0,ACC
117.36.6,14,0,15,5,0,VERR
117.36.6,15,0,16,1,0,JAM
117.36.6,16,0,17,4,0,HDG_OFS
117.36.6,17,0,18,3,0,OPTIONS
117.36,7,0,53,6,1,GPS4_
117.36.7,0,0,1,1,4,ENABLE
117.36.7,1,0,2,2,0,LAG_MS
117.36.7,2,0,3,1,0,TYPE
117.36.7,3,0,4,4,0,BYTELOS
117.36.7,4,0,5,1,0,NUMSATS
117.36.7,5,0,6,5,0,GLTCH
117.36.7,6,0,7,1,0,HZ
117.36.7,7,0,8,4,0,DRFTALT
117.36.7,8,0,9,5,0,POS
117.36.7,9,0,10,4,0,NOISE
117.36.7,10,0,11,2,0,LCKTIME
117.36.7,11,0,12,2,0,ALT_OFS
117.36.7,12,0,13,1,0,HDG
117.36.7,13,0,14,4,0,ACC
117.36.7,14,0,15,5,0,VERR
117.36.7,15,0,16,1,0,JAM
117.36.7,16,0,17,4,0,HDG_OFS
117.36.7,17,0,18,3,0,OPTIONS
117,37,0,62,6,1,
117.37,0,0,1,1,0,ODOM_ENABLE
117.37,1,0,11,1,0,LED_LAYOUT
117.37,2,0,12,1,0,THML_SCENARI
117.37,3,0,15,4,2048,BUOYANCY
117.37,4,0,22,2,0,RATE_HZ
117.37,5,0,23,1,0,IMU_COUNT
117.37,6,0,30,6,1,FTOWESC_
117.37.6,0,0,1,1,0,ENA
117.37.6,1,0,2,3,0,POW
117.37,7,0,31,6,1,RICH_
117.37.7,0,0,0,1,0,ENABLE
117.37.7,1,0,2,1,0,CTRL
117.37,8,0,32,6,1,IE24_
117.37.8,0,0,1,1,0,ENABLE
117.37.8,1,0,2,1,0,STATE
117.37.8,2,0,3,3,0,ERROR
117.37,9,0,33,1,0,BARO_COUNT
117.37,10,0,34,6,1,BARO_
117.37.10,0,0,1,4,0,RND
117.37.10,1,0,2,4,0,DRIFT
117.37.10,2,0,3,1,0,DISABLE
117.37.10,3,0,4,4,0,GLITCH
117.37.10,4,0,5,1,0,FREEZE
117.37.10,5,0,6,2,0,DELAY
117.37.10,6,0,7,4,0,WCF_FWD
117.37.10,7,0,8,4,0,WCF_BAK
117.37.10,8,0,9,4,0,WCF_RGT
117.37.10,9,0,10,4,0,WCF_LFT
117.37.10,10,0,11,4,0,WCF_UP
117.37.10,11,0,12,4,0,WCF_DN
117.37,11,0,35,6,1,BAR2_
117.37.11,0,0,1,4,0,RND
117.37.11,1,0,2,4,0,DRIFT
117.37.11,2,0,3,1,0,DISABLE
117.37.11,3,0,4,4,0,GLITCH
117.37.11,4,0,5,1,0,FREEZE
117.37.11,5,0,6,2,0,DELAY
117.37.11,6,0,7,4,0,WCF_FWD
117.37.11,7,0,8,4,0,WCF_BAK
117.37.11,8,0,9,4,0,WCF_RGT
117.37.11,9,0,10,4,0,WCF_LFT
117.37.11,10,0,11,4,0,WCF_UP
117.37.11,11,0,12,4,0,WCF_DN
117.37,12,0,36,6,1,BAR3_
117.37.12,0,0,1,4,0,RND
117.37.12,1,0,2,4,0,DRIFT
117.37.12,2,0,3,1,0,DISABLE
117.37.12,3,0,4,4,0,GLITCH
117.37.12,4,0,5,1,0,FREEZE
117.37.12,5,0,6,2,0,DELAY
117.37.12,6,0,7,4,0,WCF_FWD
117.37.12,7,0,8,4,0,WCF_BAK
117.37.12,8,0,9,4,0,WCF_RGT
117.37.12,9,0,10,4,0,WCF_LFT
117.37.12,10,0,11,4,0,WCF_UP
117.37.12,11,0,12,4,0,WCF_DN
117.37,13,0,37,2,0,TIME_JITTER
117.37,14,0,40,1,0,ESC_TELEM
117.37,15,0,41,4,0,ESC_ARM_RPM
117.37,16,0,42,4,0,UART_LOSS
117.37,17,0,50,6,1,ARSPD_
117.37.17,0,0,1,4,0,RND
117.37.17,1,0,2,4,0,OFS
117.37.17,2,0,3,4,0,FAIL
117.37.17,3,0,4,4,0,FAILP
117.37.17,4,0,5,4,0,PITOT
117.37.17,5,0,6,1,0,SIGN
117.37.17,6,0,7,4,0,RATIO
117.37,18,0,51,6,1,ARSPD2_
117.37.18,0,0,1,4,0,RND
117.37.18,1,0,2,4,0,OFS
117.37.18,2,0,3,4,0,FAIL
117.37.18,3,0,4,4,0,FAILP
117.37.18,4,0,5,4,0,PITOT
117.37.18,5,0,6,1,0,SIGN
117.37.18,6,0,7,4,0,RATIO
117.37,19,0,52,1,0,ADSB_TYPES
117.37,20,0,55,6,1,VOLZ_
117.37.20,0,0,1,1,0,ENA
117.37.20,1,0,2,3,0,MASK
117.37.20,2,0,3,3,0,FMASK
117.37,21,0,56,6,1,VICON_
117.37.21,0,0,1,5,0,POS
117.37.21,1,0,2,5,0,GLIT
117.37.21,2,0,3,1,0,FAIL
117.37.21,3,0,4,2,0,YAW
117.37.21,4,0,5,2,0,YAWERR
117.37.21,5,0,6,1,0,TMASK
117.37.21,6,0,7,5,0,VGLI
117.37.21,7,0,8,4,0,P_SD
117.37.21,8,0,9,4,0,V_SD
117.37.21,9,0,10,2,0,RATE
117.37.21,10,0,11,1,0,QUAL
117,38,0,63,6,1,
117.38,0,0,1,4,0,TEMP_START
117.38,1,0,2,4,0,TEMP_BRD_OFF
117.38,2,0,3,4,0,TEMP_TCONST
117.38,3,0,4,4,0,TEMP_BFACTOR
117.38,4,0,10,4,0,WIND_DIR_Z
117.38,5,0,15,1,0,WIND_T
117.38,6,0,16,4,0,WIND_T_ALT
117.38,7,0,17,4,0,WIND_T_COEF
117.38,8,0,21,1,0,RC_CHANCOUNT
117.38,9,0,22,6,1,SPR_
117.38.9,0,0,0,1,0,ENABLE
117.38.9,1,0,1,1,0,PUMP
117.38.9,2,0,2,1,0,SPIN
117.38,10,0,23,6,1,GRPS_
117.38.10,0,0,0,1,0,ENABLE
117.38.10,1,0,1,1,0,PIN
117.38.10,2,0,2,2,0,GRAB
117.38.10,3,0,3,2,0,RELEASE
117.38.10,4,0,4,1,0,REVERSE
117.38,11,0,24,6,1,GRPE_
117.38.11,0,0,0,1,0,ENABLE
117.38.11,1,0,1,1,0,PIN
117.38,12,0,25,1,0,WOW_PIN
117.38,13,0,26,5,0,VIB_FREQ
117.38,14,0,27,6,1,PARA_
117.38.14,0,0,0,1,0,ENABLE
117.38.14,1,0,1,1,0,PIN
117.38,15,0,28,1,0,BAUDLIMIT_EN
117.38,16,0,29,6,1,PLD_
117.38.16,0,0,0,1,0,ENABLE
117.38.16,1,0,1,4,0,LAT
117.38.16,2,0,2,4,0,LON
117.38.16,3,0,3,4,0,HEIGHT
117.38.16,4,0,4,2,0,YAW
117.38.16,5,0,5,3,0,RATE
117.38.16,6,0,6,1,0,TYPE
117.38.16,7,0,7,4,0,ALT_LMT
117.38.16,8,0,8,4,0,DIST_LMT
117.38.16,9,0,9,1,0,ORIENT
117.38.16,10,0,10,1,0,OPTIONS
117.38.16,11,0,11,1,0,SHIP
117.38,17,0,30,4,0,SHOVE_X
117.38,18,0,31,4,0,SHOVE_Y
117.38,19,0,32,4,0,SHOVE_Z
117.38,20,0,33,3,0,SHOVE_TIME
117.38,21,0,34,4,0,FLOW_RND
117.38,22,0,37,4,0,TWIST_X
117.38,23,0,38,4,0,TWIST_Y
117.38,24,0,39,4,0,TWIST_Z
117.38,25,0,40,3,0,TWIST_TIME
117.38,26,0,41,1,0,GND_BEHAV
117.38,27,0,42,1,0,IMU_ORIENT
117.38,28,0,44,1,0,WAVE_ENABLE
117.38,29,0,45,4,0,WAVE_LENGTH
117.38,30,0,46,4,0,WAVE_AMP
117.38,31,0,47,4,0,WAVE_DIR
117.38,32,0,48,4,0,WAVE_SPEED
117.38,33,0,49,4,0,TIDE_DIR
117.38,34,0,50,4,0,TIDE_SPEED
117.38,35,0,51,4,0,OPOS_LAT
117.38,36,0,52,4,0,OPOS_LNG
117.38,37,0,53,4,0,OPOS_ALT
117.38,38,0,54,4,0,OPOS_HDG
117.38,39,0,55,3,0,LOOP_DELAY
117.38,40,0,56,6,1,BZ_
117.38,41,0,57,6,1,TA_
117.38.41,0,0,0,1,0,ENABLE
117.38,42,0,58,1,0,EFI_TYPE
117.38,43,0,60,2,0,VIB_MOT_HMNC
117.38,44,0,5,3,0,VIB_MOT_MASK
117.38,45,0,61,4,0,VIB_MOT_MAX
117.38,46,0,62,4,0,INS_THR_MIN
117.38,47,0,63,4,0,VIB_MOT_MULT
,118,231,0,6,0,AFS_
118,0,0,11,1,4,ENABLE
118,1,0,0,1,0,MAN_PIN
118,2,0,1,1,0,HB_PIN
118,3,0,2,1,0,WP_COMMS
118,4,0,4,1,0,WP_GPS_LOSS
118,5,0,5,1,0,TERMINATE
118,6,0,6,1,0,TERM_ACTION
118,7,0,7,1,0,TERM_PIN
118,8,0,8,3,0,AMSL_LIMIT
118,9,0,9,3,0,AMSL_ERR_GPS
118,10,0,10,4,0,QNH_PRESSURE
118,11,0,13,1,0,MAX_GPS_LOSS
118,12,0,14,1,0,MAX_COM_LOSS
118,13,0,15,1,0,GEOFENCE
118,14,0,16,1,0,RC
118,15,0,17,1,0,RC_MAN_ONLY
118,16,0,18,1,0,DUAL_LOSS
118,17,0,19,4,0,RC_FAIL_TIME
118,18,0,20,2,0,MAX_RANGE
118,19,0,21,2,0,OPTIONS
118,20,0,22,4,0,GCS_TIMEOUT
,119,86,0,6,0,FLOW
119,0,0,0,1,4,_TYPE
119,1,0,1,2,0,_FXSCALER
119,2,0,2,2,0,_FYSCALER
119,3,0,3,2,0,_ORIENT_YAW
119,4,0,4,5,0,_POS
119,5,0,5,1,0,_ADDR
119,6,0,6,4,512,_HGT_OVR
119,7,0,7,2,0,_OPTIONS
,120,145,0,6,0,MIS_
120,0,0,0,2,32,TOTAL
120,1,0,1,1,0,RESTART
120,2,0,2,2,0,OPTIONS
,121,62,0,6,0,RALLY_
121,0,0,0,1,0,TOTAL
121,1,0,1,4,0,LIMIT_KM
121,2,0,2,1,0,INCL_HOME
,122,3,0,6,0,EK2_
122,0,0,0,1,4,ENABLE
122,1,0,1,1,0,GPS_TYPE
122,2,0,2,4,0,VELNE_M_NSE
122,3,0,3,4,0,VELD_M_NSE
122,4,0,4,2,0,VEL_I_GATE
122,5,0,5,4,0,POSNE_M_NSE
122,6,0,6,2,0,POS_I_GATE
122,7,0,7,1,0,GLITCH_RAD
122,8,0,9,1,0,ALT_SOURCE
122,9,0,10,4,0,ALT_M_NSE
122,10,0,11,2,0,HGT_I_GATE
122,11,0,12,2,0,HGT_DELAY
122,12,0,13,4,0,MAG_M_NSE
122,13,0,14,1,0,MAG_CAL
122,14,0,15,2,0,MAG_I_GATE
122,15,0,16,4,0,EAS_M_NSE
122,16,0,17,2,0,EAS_I_GATE
122,17,0,18,4,0,RNG_M_NSE
122,18,0,19,2,0,RNG_I_GATE
122,19,0,20,4,0,MAX_FLOW
122,20,0,21,4,0,FLOW_M_NSE
122,21,0,22,2,0,FLOW_I_GATE
122,22,0,23,1,0,FLOW_DELAY
122,23,0,24,4,0,GYRO_P_NSE
122,24,0,25,4,0,ACC_P_NSE
122,25,0,26,4,0,GBIAS_P_NSE
122,26,0,27,4,0,GSCL_P_NSE
122,27,0,28,4,0,ABIAS_P_NSE
122,28,0,30,4,0,WIND_P_NSE
122,29,0,31,4,0,WIND_PSCALE
122,30,0,32,1,0,GPS_CHECK
122,31,0,33,1,0,IMU_MASK
122,32,0,34,2,0,CHECK_SCALE
122,33,0,35,4,0,NOAID_M_NSE
122,34,0,37,4,0,YAW_M_NSE
122,35,0,38,2,0,YAW_I_GATE
122,36,0,39,1,0,TAU_OUTPUT
122,37,0,40,4,0,MAGE_P_NSE
122,38,0,41,4,0,MAGB_P_NSE
122,39,0,42,1,0,RNG_USE_HGT
122,40,0,43,4,0,TERR_GRAD
122,41,0,44,4,0,BCN_M_NSE
122,42,0,45,2,0,BCN_I_GTE
122,43,0,46,1,0,BCN_DELAY
122,44,0,47,4,0,RNG_USE_SPD
122,45,0,48,1,0,MAG_MASK
122,46,0,49,1,0,OGN_HGT_MASK
122,47,0,51,1,0,FLOW_USE
122,48,0,52,2,0,MAG_EF_LIM
122,49,0,53,4,0,HRT_FILT
122,50,0,54,1,0,GSF_RUN_MASK
122,51,0,55,1,0,GSF_USE_MASK
122,52,0,57,1,0,GSF_RST_MAX
122,53,0,58,3,0,OPTIONS
,123,7,0,6,0,EK3_
123,0,0,0,1,4,ENABLE
123,1,0,2,4,0,VELNE_M_NSE
123,2,0,3,4,0,VELD_M_NSE
123,3,0,4,2,0,VEL_I_GATE
123,4,0,5,4,0,POSNE_M_NSE
123,5,0,6,2,0,POS_I_GATE
123,6,0,7,1,0,GLITCH_RAD
123,7,0,10,4,0,ALT_M_NSE
123,8,0,11,2,0,HGT_I_GATE
123,9,0,12,2,0,HGT_DELAY
123,10,0,13,4,0,MAG_M_NSE
123,11,0,14,1,0,MAG_CAL
123,12,0,15,2,0,MAG_I_GATE
123,13,0,16,4,0,EAS_M_NSE
123,14,0,17,2,0,EAS_I_GATE
123,15,0,18,4,0,RNG_M_NSE
123,16,0,19,2,0,RNG_I_GATE
123,17,0,20,4,0,FLOW_MAX
123,18,0,21,4,0,FLOW_M_NSE
123,19,0,22,2,0,FLOW_I_GATE
123,20,0,23,1,0,FLOW_DELAY
123,21,0,24,4,0,GYRO_P_NSE
123,22,0,25,4,0,ACC_P_NSE
123,23,0,26,4,0,GBIAS_P_NSE
123,24,0,28,4,0,ABIAS_P_NSE
123,25,0,30,4,0,WIND_P_NSE
123,26,0,31,4,0,WIND_PSCALE
123,27,0,32,1,0,GPS_CHECK
123,28,0,33,1,0,IMU_MASK
123,29,0,34,2,0,CHECK_SCALE
123,30,0,35,4,0,NOAID_M_NSE
123,31,0,36,1,0,BETA_MASK
123,32,0,37,4,0,YAW_M_NSE
123,33,0,38,2,0,YAW_I_GATE
123,34,0,39,1,0,TAU_OUTPUT
123,35,0,40,4,0,MAGE_P_NSE
123,36,0,41,4,0,MAGB_P_NSE
123,37,0,42,1,0,RNG_USE_HGT
123,38,0,43,4,0,TERR_GRAD
123,39,0,44,4,0,BCN_M_NSE
123,40,0,45,2,0,BCN_I_GTE
123,41,0,46,1,0,BCN_DELAY
123,42,0,47,4,0,RNG_USE_SPD
123,43,0,48,4,0,ACC_BIAS_LIM
123,44,0,49,1,0,MAG_MASK
123,45,0,50,1,0,OGN_HGT_MASK
123,46,0,51,4,0,VIS_VERR_MIN
123,47,0,52,4,0,VIS_VERR_MAX
123,48,0,53,4,0,WENC_VERR
123,49,0,54,1,0,FLOW_USE
123,50,0,55,4,0,HRT_FILT
123,51,0,56,2,0,MAG_EF_LIM
123,52,0,57,1,0,GSF_RUN_MASK
123,53,0,58,1,0,GSF_USE_MASK
123,54,0,60,1,0,GSF_RST_MAX
123,55,0,61,4,0,ERR_THRESH
123,56,0,62,3,0,AFFINITY
123,57,0,63,6,1,
123.57,0,0,1,6,1,SRC
123.57.0,0,0,1,1,0,1_POSXY
123.57.0,1,0,2,1,0,1_VELXY
123.57.0,2,0,3,1,0,1_POSZ
123.57.0,3,0,4,1,0,1_VELZ
123.57.0,4,0,5,1,0,1_YAW
123.57.0,5,0,6,1,0,2_POSXY
123.57.0,6,0,7,1,0,2_VELXY
123.57.0,7,0,8,1,0,2_POSZ
123.57.0,8,0,9,1,0,2_VELZ
123.57.0,9,0,10,1,0,2_YAW
123.57.0,10,0,11,1,0,3_POSXY
123.57.0,11,0,12,1,0,3_VELXY
123.57.0,12,0,13,1,0,3_POSZ
123.57.0,13,0,14,1,0,3_VELZ
123.57.0,14,0,15,1,0,3_YAW
123.57.0,15,0,16,2,0,_OPTIONS
123.57,1,0,2,4,0,DRAG_BCOEF_X
123.57,2,0,3,4,0,DRAG_BCOEF_Y
123.57,3,0,4,4,0,DRAG_M_NSE
123.57,4,0,5,4,0,DRAG_MCOEF
123.57,5,0,6,4,0,OGNM_TEST_SF
123.57,6,0,7,4,0,GND_EFF_DZ
123.57,7,0,8,1,0,PRIMARY
123.57,8,0,9,1,0,LOG_LEVEL
123.57,9,0,10,4,0,GPS_VACC_MAX
123.57,10,0,11,3,0,OPTIONS
,124,97,0,6,0,RSSI_
124,0,0,0,1,4,TYPE
124,1,0,1,1,0,ANA_PIN
124,2,0,2,4,0,PIN_LOW
124,3,0,3,4,0,PIN_HIGH
124,4,0,4,1,0,CHANNEL
124,5,0,5,2,0,CHAN_LOW
124,6,0,6,2,0,CHAN_HIGH
,125,164,0,6,0,NTF_
125,0,0,0,1,0,LED_BRIGHT
125,1,0,1,1,0,BUZZ_TYPES
125,2,0,2,1,0,LED_OVERRIDE
125,3,0,3,1,0,DISPLAY_TYPE
125,4,0,5,1,0,BUZZ_PIN
125,5,0,6,3,0,LED_TYPES
125,6,0,7,1,0,BUZZ_ON_LVL
125,7,0,8,1,0,BUZZ_VOLUME
125,8,0,9,1,0,LED_LEN
,126,4,0,6,0,
126,0,0,1,6,2,BTN_
126.0,0,0,0,1,4,ENABLE
126.0,1,0,1,1,0,PIN1
126.0,2,0,2,1,0,PIN2
126.0,3,0,3,1,0,PIN3
126.0,4,0,4,1,0,PIN4
126.0,5,0,5,2,0,REPORT_SEND
126.0,6,0,6,1,0,OPTIONS1
126.0,7,0,7,1,0,OPTIONS2
126.0,8,0,8,1,0,OPTIONS3
126.0,9,0,9,1,0,OPTIONS4
126.0,10,0,10,2,0,FUNC1
126.0,11,0,11,2,0,FUNC2
126.0,12,0,12,2,0,FUNC3
126.0,13,0,13,2,0,FUNC4
126,1,0,2,6,1,ICE_
126.1,0,0,0,1,4,ENABLE
126.1,1,0,2,4,0,STARTER_TIME
126.1,2,0,3,4,0,START_DELAY
126.1,3,0,4,3,0,RPM_THRESH
126.1,4,0,9,1,0,RPM_CHAN
126.1,5,0,10,1,0,START_PCT
126.1,6,0,11,1,0,IDLE_PCT
126.1,7,0,12,2,0,IDLE_RPM
126.1,8,0,13,2,0,IDLE_DB
126.1,9,0,14,4,0,IDLE_SLEW
126.1,10,0,15,2,0,OPTIONS
126.1,11,0,16,2,0,STARTCHN_MIN
126.1,12,0,17,3,0,REDLINE_RPM
126.1,13,0,19,1,64,FMT_VER
126.1,14,0,20,1,0,STRT_MX_RTRY
126,2,0,6,6,1,SERVO
126.2,0,0,1,6,1,1_
126.2.0,0,0,1,2,0,MIN
126.2.0,1,0,2,2,0,MAX
126.2.0,2,0,3,2,0,TRIM
126.2.0,3,0,4,1,0,REVERSED
126.2.0,4,0,5,2,0,FUNCTION
126.2,1,0,2,6,1,2_
126.2.1,0,0,1,2,0,MIN
126.2.1,1,0,2,2,0,MAX
126.2.1,2,0,3,2,0,TRIM
126.2.1,3,0,4,1,0,REVERSED
126.2.1,4,0,5,2,0,FUNCTION
126.2,2,0,3,6,1,3_
126.2.2,0,0,1,2,0,MIN
126.2.2,1,0,2,2,0,MAX
126.2.2,2,0,3,2,0,TRIM
126.2.2,3,0,4,1,0,REVERSED
126.2.2,4,0,5,2,0,FUNCTION
126.2,3,0,4,6,1,4_
126.2.3,0,0,1,2,0,MIN
126.2.3,1,0,2,2,0,MAX
126.2.3,2,0,3,2,0,TRIM
126.2.3,3,0,4,1,0,REVERSED
126.2.3,4,0,5,2,0,FUNCTION
126.2,4,0,5,6,1,5_
126.2.4,0,0,1,2,0,MIN
126.2.4,1,0,2,2,0,MAX
126.2.4,2,0,3,2,0,TRIM
126.2.4,3,0,4,1,0,REVERSED
126.2.4,4,0,5,2,0,FUNCTION
126.2,5,0,6,6,1,6_
126.2.5,0,0,1,2,0,MIN
126.2.5,1,0,2,2,0,MAX
126.2.5,2,0,3,2,0,TRIM
126.2.5,3,0,4,1,0,REVERSED
126.2.5,4,0,5,2,0,FUNCTION
126.2,6,0,7,6,1,7_
126.2.6,0,0,1,2,0,MIN
126.2.6,1,0,2,2,0,MAX
126.2.6,2,0,3,2,0,TRIM
126.2.6,3,0,4,1,0,REVERSED
126.2.6,4,0,5,2,0,FUNCTION
126.2,7,0,8,6,1,8_
126.2.7,0,0,1,2,0,MIN
126.2.7,1,0,2,2,0,MAX
126.2.7,2,0,3,2,0,TRIM
126.2.7,3,0,4,1,0,REVERSED
126.2.7,4,0,5,2,0,FUNCTION
126.2,8,0,9,6,1,9_
126.2.8,0,0,1,2,0,MIN
126.2.8,1,0,2,2,0,MAX
126.2.8,2,0,3,2,0,TRIM
126.2.8,3,0,4,1,0,REVERSED
126.2.8,4,0,5,2,0,FUNCTION
126.2,9,0,10,6,1,10_
126.2.9,0,0,1,2,0,MIN
126.2.9,1,0,2,2,0,MAX
126.2.9,2,0,3,2,0,TRIM
126.2.9,3,0,4,1,0,REVERSED
126.2.9,4,0,5,2,0,FUNCTION
126.2,10,0,11,6,1,11_
126.2.10,0,0,1,2,0,MIN
126.2.10,1,0,2,2,0,MAX
126.2.10,2,0,3,2,0,TRIM
126.2.10,3,0,4,1,0,REVERSED
126.2.10,4,0,5,2,0,FUNCTION
126.2,11,0,12,6,1,12_
126.2.11,0,0,1,2,0,MIN
126.2.11,1,0,2,2,0,MAX
126.2.11,2,0,3,2,0,TRIM
126.2.11,3,0,4,1,0,REVERSED
126.2.11,4,0,5,2,0,FUNCTION
126.2,12,0,13,6,1,13_
126.2.12,0,0,1,2,0,MIN
126.2.12,1,0,2,2,0,MAX
126.2.12,2,0,3,2,0,TRIM
126.2.12,3,0,4,1,0,REVERSED
126.2.12,4,0,5,2,0,FUNCTION
126.2,13,0,14,6,1,14_
126.2.13,0,0,1,2,0,MIN
126.2.13,1,0,2,2,0,MAX
126.2.13,2,0,3,2,0,TRIM
126.2.13,3,0,4,1,0,REVERSED
126.2.13,4,0,5,2,0,FUNCTION
126.2,14,0,15,6,1,15_
126.2.14,0,0,1,2,0,MIN
126.2.14,1,0,2,2,0,MAX
126.2.14,2,0,3,2,0,TRIM
126.2.14,3,0,4,1,0,REVERSED
126.2.14,4,0,5,2,0,FUNCTION
126.2,15,0,16,6,1,16_
126.2.15,0,0,1,2,0,MIN
126.2.15,1,0,2,2,0,MAX
126.2.15,2,0,3,2,0,TRIM
126.2.15,3,0,4,1,0,REVERSED
126.2.15,4,0,5,2,0,FUNCTION
126.2,16,0,17,1,1024,_AUTO_TRIM
126.2,17,0,18,2,0,_RATE
126.2,18,0,19,6,1,_VOLZ_
126.2.18,0,0,1,3,0,MASK
126.2.18,1,0,2,2,0,RANGE
126.2,19,0,20,6,1,_SBUS_
126.2.19,0,0,1,2,0,RATE
126.2,20,0,22,6,1,_ROB_
126.2.20,0,0,1,3,0,POSMIN
126.2.20,1,0,2,3,0,POSMAX
126.2,21,0,25,6,1,_FTW_
126.2.21,0,0,1,3,4,MASK
126.2.21,1,0,2,3,0,RVMASK
126.2.21,2,0,3,1,0,POLES
126.2,22,0,23,1,0,_DSHOT_RATE
126.2,23,0,24,1,0,_DSHOT_ESC
126.2,24,0,26,3,0,_GPIO_MASK
126.2,25,0,44,3,0,_RC_FS_MSK
126.2,26,0,43,1,4,_32_ENABLE
126.2,27,0,27,6,1,17_
126.2.27,0,0,1,2,0,MIN
126.2.27,1,0,2,2,0,MAX
126.2.27,2,0,3,2,0,TRIM
126.2.27,3,0,4,1,0,REVERSED
126.2.27,4,0,5,2,0,FUNCTION
126.2,28,0,28,6,1,18_
126.2.28,0,0,1,2,0,MIN
126.2.28,1,0,2,2,0,MAX
126.2.28,2,0,3,2,0,TRIM
126.2.28,3,0,4,1,0,REVERSED
126.2.28,4,0,5,2,0,FUNCTION
126.2,29,0,29,6,1,19_
126.2.29,0,0,1,2,0,MIN
126.2.29,1,0,2,2,0,MAX
126.2.29,2,0,3,2,0,TRIM
126.2.29,3,0,4,1,0,REVERSED
126.2.29,4,0,5,2,0,FUNCTION
126.2,30,0,30,6,1,20_
126.2.30,0,0,1,2,0,MIN
126.2.30,1,0,2,2,0,MAX
126.2.30,2,0,3,2,0,TRIM
126.2.30,3,0,4,1,0,REVERSED
126.2.30,4,0,5,2,0,FUNCTION
126.2,31,0,31,6,1,21_
126.2.31,0,0,1,2,0,MIN
126.2.31,1,0,2,2,0,MAX
126.2.31,2,0,3,2,0,TRIM
126.2.31,3,0,4,1,0,REVERSED
126.2.31,4,0,5,2,0,FUNCTION
126.2,32,0,32,6,1,22_
126.2.32,0,0,1,2,0,MIN
126.2.32,1,0,2,2,0,MAX
126.2.32,2,0,3,2,0,TRIM
126.2.32,3,0,4,1,0,REVERSED
126.2.32,4,0,5,2,0,FUNCTION
126.2,33,0,33,6,1,23_
126.2.33,0,0,1,2,0,MIN
126.2.33,1,0,2,2,0,MAX
126.2.33,2,0,3,2,0,TRIM
126.2.33,3,0,4,1,0,REVERSED
126.2.33,4,0,5,2,0,FUNCTION
126.2,34,0,34,6,1,24_
126.2.34,0,0,1,2,0,MIN
126.2.34,1,0,2,2,0,MAX
126.2.34,2,0,3,2,0,TRIM
126.2.34,3,0,4,1,0,REVERSED
126.2.34,4,0,5,2,0,FUNCTION
126.2,35,0,35,6,1,25_
126.2.35,0,0,1,2,0,MIN
126.2.35,1,0,2,2,0,MAX
126.2.35,2,0,3,2,0,TRIM
126.2.35,3,0,4,1,0,REVERSED
126.2.35,4,0,5,2,0,FUNCTION
126.2,36,0,36,6,1,26_
126.2.36,0,0,1,2,0,MIN
126.2.36,1,0,2,2,0,MAX
126.2.36,2,0,3,2,0,TRIM
126.2.36,3,0,4,1,0,REVERSED
126.2.36,4,0,5,2,0,FUNCTION
126.2,37,0,37,6,1,27_
126.2.37,0,0,1,2,0,MIN
126.2.37,1,0,2,2,0,MAX
126.2.37,2,0,3,2,0,TRIM
126.2.37,3,0,4,1,0,REVERSED
126.2.37,4,0,5,2,0,FUNCTION
126.2,38,0,38,6,1,28_
126.2.38,0,0,1,2,0,MIN
126.2.38,1,0,2,2,0,MAX
126.2.38,2,0,3,2,0,TRIM
126.2.38,3,0,4,1,0,REVERSED
126.2.38,4,0,5,2,0,FUNCTION
126.2,39,0,39,6,1,29_
126.2.39,0,0,1,2,0,MIN
126.2.39,1,0,2,2,0,MAX
126.2.39,2,0,3,2,0,TRIM
126.2.39,3,0,4,1,0,REVERSED
126.2.39,4,0,5,2,0,FUNCTION
126.2,40,0,40,6,1,30_
126.2.40,0,0,1,2,0,MIN
126.2.40,1,0,2,2,0,MAX
126.2.40,2,0,3,2,0,TRIM
126.2.40,3,0,4,1,0,REVERSED
126.2.40,4,0,5,2,0,FUNCTION
126.2,41,0,41,6,1,31_
126.2.41,0,0,1,2,0,MIN
126.2.41,1,0,2,2,0,MAX
126.2.41,2,0,3,2,0,TRIM
126.2.41,3,0,4,1,0,REVERSED
126.2.41,4,0,5,2,0,FUNCTION
126.2,42,0,42,6,1,32_
126.2.42,0,0,1,2,0,MIN
126.2.42,1,0,2,2,0,MAX
126.2.42,2,0,3,2,0,TRIM
126.2.42,3,0,4,1,0,REVERSED
126.2.42,4,0,5,2,0,FUNCTION
126,3,0,7,6,1,RC
126.3,0,0,1,6,1,1_
126.3.0,0,0,1,2,0,MIN
126.3.0,1,0,2,2,0,TRIM
126.3.0,2,0,3,2,0,MAX
126.3.0,3,0,4,1,0,REVERSED
126.3.0,4,0,5,2,0,DZ
126.3.0,5,0,6,2,0,OPTION
126.3,1,0,2,6,1,2_
126.3.1,0,0,1,2,0,MIN
126.3.1,1,0,2,2,0,TRIM
126.3.1,2,0,3,2,0,MAX
126.3.1,3,0,4,1,0,REVERSED
126.3.1,4,0,5,2,0,DZ
126.3.1,5,0,6,2,0,OPTION
126.3,2,0,3,6,1,3_
126.3.2,0,0,1,2,0,MIN
126.3.2,1,0,2,2,0,TRIM
126.3.2,2,0,3,2,0,MAX
126.3.2,3,0,4,1,0,REVERSED
126.3.2,4,0,5,2,0,DZ
126.3.2,5,0,6,2,0,OPTION
126.3,3,0,4,6,1,4_
126.3.3,0,0,1,2,0,MIN
126.3.3,1,0,2,2,0,TRIM
126.3.3,2,0,3,2,0,MAX
126.3.3,3,0,4,1,0,REVERSED
126.3.3,4,0,5,2,0,DZ
126.3.3,5,0,6,2,0,OPTION
126.3,4,0,5,6,1,5_
126.3.4,0,0,1,2,0,MIN
126.3.4,1,0,2,2,0,TRIM
126.3.4,2,0,3,2,0,MAX
126.3.4,3,0,4,1,0,REVERSED
126.3.4,4,0,5,2,0,DZ
126.3.4,5,0,6,2,0,OPTION
126.3,5,0,6,6,1,6_
126.3.5,0,0,1,2,0,MIN
126.3.5,1,0,2,2,0,TRIM
126.3.5,2,0,3,2,0,MAX
126.3.5,3,0,4,1,0,REVERSED
126.3.5,4,0,5,2,0,DZ
126.3.5,5,0,6,2,0,OPTION
126.3,6,0,7,6,1,7_
126.3.6,0,0,1,2,0,MIN
126.3.6,1,0,2,2,0,TRIM
126.3.6,2,0,3,2,0,MAX
126.3.6,3,0,4,1,0,REVERSED
126.3.6,4,0,5,2,0,DZ
126.3.6,5,0,6,2,0,OPTION
126.3,7,0,8,6,1,8_
126.3.7,0,0,1,2,0,MIN
126.3.7,1,0,2,2,0,TRIM
126.3.7,2,0,3,2,0,MAX
126.3.7,3,0,4,1,0,REVERSED
126.3.7,4,0,5,2,0,DZ
126.3.7,5,0,6,2,0,OPTION
126.3,8,0,9,6,1,9_
126.3.8,0,0,1,2,0,MIN
126.3.8,1,0,2,2,0,TRIM
126.3.8,2,0,3,2,0,MAX
126.3.8,3,0,4,1,0,REVERSED
126.3.8,4,0,5,2,0,DZ
126.3.8,5,0,6,2,0,OPTION
126.3,9,0,10,6,1,10_
126.3.9,0,0,1,2,0,MIN
126.3.9,1,0,2,2,0,TRIM
126.3.9,2,0,3,2,0,MAX
126.3.9,3,0,4,1,0,REVERSED
126.3.9,4,0,5,2,0,DZ
126.3.9,5,0,6,2,0,OPTION
126.3,10,0,11,6,1,11_
126.3.10,0,0,1,2,0,MIN
126.3.10,1,0,2,2,0,TRIM
126.3.10,2,0,3,2,0,MAX
126.3.10,3,0,4,1,0,REVERSED
126.3.10,4,0,5,2,0,DZ
126.3.10,5,0,6,2,0,OPTION
126.3,11,0,12,6,1,12_
126.3.11,0,0,1,2,0,MIN
126.3.11,1,0,2,2,0,TRIM
126.3.11,2,0,3,2,0,MAX
126.3.11,3,0,4,1,0,REVERSED
126.3.11,4,0,5,2,0,DZ
126.3.11,5,0,6,2,0,OPTION
126.3,12,0,13,6,1,13_
126.3.12,0,0,1,2,0,MIN
126.3.12,1,0,2,2,0,TRIM
126.3.12,2,0,3,2,0,MAX
126.3.12,3,0,4,1,0,REVERSED
126.3.12,4,0,5,2,0,DZ
126.3.12,5,0,6,2,0,OPTION
126.3,13,0,14,6,1,14_
126.3.13,0,0,1,2,0,MIN
126.3.13,1,0,2,2,0,TRIM
126.3.13,2,0,3,2,0,MAX
126.3.13,3,0,4,1,0,REVERSED
126.3.13,4,0,5,2,0,DZ
126.3.13,5,0,6,2,0,OPTION
126.3,14,0,15,6,1,15_
126.3.14,0,0,1,2,0,MIN
126.3.14,1,0,2,2,0,TRIM
126.3.14,2,0,3,2,0,MAX
126.3.14,3,0,4,1,0,REVERSED
126.3.14,4,0,5,2,0,DZ
126.3.14,5,0,6,2,0,OPTION
126.3,15,0,16,6,1,16_
126.3.15,0,0,1,2,0,MIN
126.3.15,1,0,2,2,0,TRIM
126.3.15,2,0,3,2,0,MAX
126.3.15,3,0,4,1,0,REVERSED
126.3.15,4,0,5,2,0,DZ
126.3.15,5,0,6,2,0,OPTION
126.3,16,0,32,4,0,_OVERRIDE_TIME
126.3,17,0,33,3,0,_OPTIONS
126.3,18,0,34,3,0,_PROTOCOLS
126.3,19,0,35,4,0,_FS_TIMEOUT
126,4,0,8,6,1,SOAR_
126.4,0,0,1,1,4,ENABLE
126.4,1,0,2,4,0,VSPEED
126.4,2,0,3,4,0,Q1
126.4,3,0,4,4,0,Q2
126.4,4,0,5,4,0,R
126.4,5,0,6,4,0,DIST_AHEAD
126.4,6,0,7,2,0,MIN_THML_S
126.4,7,0,8,2,0,MIN_CRSE_S
126.4,8,0,9,4,0,POLAR_CD0
126.4,9,0,10,4,0,POLAR_B
126.4,10,0,11,4,0,POLAR_K
126.4,11,0,12,4,0,ALT_MAX
126.4,12,0,13,4,0,ALT_MIN
126.4,13,0,14,4,0,ALT_CUTOFF
126.4,14,0,16,4,0,MAX_DRIFT
126.4,15,0,17,4,0,MAX_RADIUS
126.4,16,0,18,4,0,THML_BANK
126.4,17,0,20,4,0,THML_ARSPD
126.4,18,0,21,4,0,CRSE_ARSPD
126.4,19,0,22,4,0,THML_FLAP
126,5,0,9,1,0,RUDD_DT_GAIN
126,6,0,10,3,0,MANUAL_RCMASK
126,7,0,11,1,0,HOME_RESET_ALT
126,8,0,13,3,0,FLIGHT_OPTIONS
126,9,0,15,1,0,TKOFF_ACCEL_CNT
126,10,0,16,6,1,LGR_
126.10,0,0,10,1,4,ENABLE
126.10,1,0,2,1,0,STARTUP
126.10,2,0,3,1,0,DEPLOY_PIN
126.10,3,0,4,1,0,DEPLOY_POL
126.10,4,0,5,1,0,WOW_PIN
126.10,5,0,6,1,0,WOW_POL
126.10,6,0,7,2,0,DEPLOY_ALT
126.10,7,0,8,2,0,RETRACT_ALT
126.10,8,0,9,2,0,OPTIONS
126,11,0,17,1,0,DSPOILER_CROW_W1
126,12,0,18,1,0,DSPOILER_CROW_W2
126,13,0,19,1,0,TKOFF_TIMEOUT
126,14,0,20,1,0,DSPOILER_OPTS
126,15,0,21,1,0,DSPOILER_AILMTCH
126,16,0,23,4,0,FWD_BAT_VOLT_MAX
126,17,0,24,4,0,FWD_BAT_VOLT_MIN
126,18,0,25,1,0,FWD_BAT_IDX
126,19,0,26,4,0,FS_EKF_THRESH
126,20,0,27,2,0,RTL_CLIMB_MIN
126,21,0,28,6,1,GUIDED_
126.21,0,0,0,4,128,P
126.21,1,0,1,4,128,I
126.21,2,0,2,4,128,D
126.21,3,0,4,4,128,FF
126.21,4,0,5,4,128,IMAX
126.21,5,0,9,4,128,FLTT
126.21,6,0,10,4,128,FLTE
126.21,7,0,11,4,128,FLTD
126.21,8,0,12,4,128,SMAX
126.21,9,0,13,4,0,PDMX
126.21,10,0,14,4,128,D_FF
126.21,11,0,15,1,0,NTF
126.21,12,0,16,1,0,NEF
126,22,0,29,1,0,MAN_EXPO_ROLL
126,23,0,30,1,0,MAN_EXPO_PITCH
126,24,0,31,1,0,MAN_EXPO_RUDDER
126,25,0,32,3,0,ONESHOT_MASK
126,26,0,33,6,1,FOLL
126.26,0,0,1,1,4,_ENABLE
126.26,1,0,3,2,0,_SYSID
126.26,2,0,5,4,0,_DIST_MAX
126.26,3,0,6,1,0,_OFS_TYPE
126.26,4,0,7,5,0,_OFS
126.26,5,0,8,1,0,_YAW_BEHAVE
126.26,6,0,9,6,1,_POS_
126.26.6,0,0,0,4,128,P
126.26,7,0,10,1,0,_ALT_TYPE
126.26,8,0,11,2,0,_OPTIONS
126.26,9,0,12,4,0,_ACCEL_NE
126.26,10,0,13,4,0,_JERK_NE
126.26,11,0,14,4,0,_ACCEL_D
126.26,12,0,15,4,0,_JERK_D
126.26,13,0,16,4,0,_ACCEL_H
126.26,14,0,17,4,0,_JERK_H
126.26,15,0,18,4,0,_TIMEOUT
126,27,0,34,1,0,AUTOTUNE_AXES
126,28,0,35,6,1,PLND_
126.28,0,0,0,1,4,ENABLED
126.28,1,0,1,1,0,TYPE
126.28,2,0,2,4,0,YAW_ALIGN
126.28,3,0,3,4,0,LAND_OFS_X
126.28,4,0,4,4,0,LAND_OFS_Y
126.28,5,0,5,1,0,EST_TYPE
126.28,6,0,6,4,0,ACC_P_NSE
126.28,7,0,7,5,0,CAM_POS
126.28,8,0,8,1,0,BUS
126.28,9,0,9,4,0,LAG
126.28,10,0,10,4,0,XY_DIST_MAX
126.28,11,0,11,1,0,STRICT
126.28,12,0,12,1,0,RET_MAX
126.28,13,0,13,4,0,TIMEOUT
126.28,14,0,14,1,0,RET_BEHAVE
126.28,15,0,15,4,0,ALT_MIN
126.28,16,0,16,4,0,ALT_MAX
126.28,17,0,17,2,0,OPTIONS
126.28,18,0,18,1,512,ORIENT
126,29,0,36,1,0,RNGFND_LND_ORNT
126,30,0,37,4,0,FWD_BAT_THR_CUT
126,31,0,38,6,1,SID
126.31,0,0,1,1,4,_AXIS
126.31,1,0,2,4,0,_MAGNITUDE
126.31,2,0,3,4,0,_F_START_HZ
126.31,3,0,4,4,0,_F_STOP_HZ
126.31,4,0,5,4,0,_T_FADE_IN
126.31,5,0,6,4,0,_T_REC
126.31,6,0,7,4,0,_T_FADE_OUT
126.31,7,0,8,4,0,_XY_CTRL_MUL
126,32,0,39,2,0,CLIMB_SLOPE_HGT
126,33,0,40,4,0,GUIDED_TIMEOUT
,127,6,0,6,0,LAND_
127,0,0,1,4,0,SLOPE_RCALC
127,1,0,2,4,0,ABORT_DEG
127,2,0,3,4,0,PITCH_DEG
127,3,0,4,4,0,FLARE_ALT
127,4,0,5,4,0,FLARE_SEC
127,5,0,6,4,0,PF_ALT
127,6,0,7,4,0,PF_SEC
127,7,0,8,4,0,PF_ARSPD
127,8,0,9,1,0,THR_SLEW
127,9,0,10,1,0,DISARMDELAY
127,10,0,11,1,0,THEN_NEUTRL
127,11,0,12,1,0,ABORT_THR
127,12,0,13,1,0,FLAP_PERCNT
127,13,0,16,2,0,OPTIONS
127,14,0,17,1,0,FLARE_AIM
127,15,0,18,4,0,WIND_COMP
127,16,0,14,1,4,TYPE
127,17,0,15,6,1,DS_
127.17,0,0,1,4,0,V_FWD
127.17,1,0,2,4,0,SLOPE_A
127.17,2,0,3,4,0,SLOPE_B
127.17,3,0,4,4,0,APP_EXT
127.17,4,0,5,4,0,V_DWN
127.17,5,0,6,4,0,SLEW_SPD
127.17,6,0,7,2,0,ELEV_PWM
127.17,7,0,8,4,0,ARSP_MAX
127.17,8,0,9,4,0,ARSP_MIN
127.17,9,0,10,4,0,L1
127.17,10,0,11,4,0,L1_I
127.17,11,0,12,4,0,YAW_LIM
127.17,12,0,13,4,0,L1_TCON
127.17,13,0,14,6,1,
127.17.13,0,0,0,4,128,P
127.17.13,1,0,1,4,128,I
127.17.13,2,0,2,4,128,D
127.17.13,3,0,3,2,128,IMAX
127.17,14,0,15,4,0,ABORTALT
127.17,15,0,16,4,0,AIL_SCL
,128,9,0,6,0,OSD
128,0,0,1,1,4,_TYPE
128,1,0,2,1,0,_CHAN
128,2,0,3,6,1,1_
128.2,0,0,1,1,4,ENABLE
128.2,1,0,2,2,0,CHAN_MIN
128.2,2,0,3,2,0,CHAN_MAX
128.2,3,0,4,6,1,ALTITUDE
128.2.3,0,0,1,1,128,_EN
128.2.3,1,0,2,1,128,_X
128.2.3,2,0,3,1,128,_Y
128.2,4,0,5,6,1,BAT_VOLT
128.2.4,0,0,1,1,128,_EN
128.2.4,1,0,2,1,128,_X
128.2.4,2,0,3,1,128,_Y
128.2,5,0,6,6,1,RSSI
128.2.5,0,0,1,1,128,_EN
128.2.5,1,0,2,1,128,_X
128.2.5,2,0,3,1,128,_Y
128.2,6,0,7,6,1,CURRENT
128.2.6,0,0,1,1,128,_EN
128.2.6,1,0,2,1,128,_X
128.2.6,2,0,3,1,128,_Y
128.2,7,0,8,6,1,BATUSED
128.2.7,0,0,1,1,128,_EN
128.2.7,1,0,2,1,128,_X
128.2.7,2,0,3,1,128,_Y
128.2,8,0,9,6,1,SATS
128.2.8,0,0,1,1,128,_EN
128.2.8,1,0,2,1,128,_X
128.2.8,2,0,3,1,128,_Y
128.2,9,0,10,6,1,FLTMODE
128.2.9,0,0,1,1,128,_EN
128.2.9,1,0,2,1,128,_X
128.2.9,2,0,3,1,128,_Y
128.2,10,0,11,6,1,MESSAGE
128.2.10,0,0,1,1,128,_EN
128.2.10,1,0,2,1,128,_X
128.2.10,2,0,3,1,128,_Y
128.2,11,0,12,6,1,GSPEED
128.2.11,0,0,1,1,128,_EN
128.2.11,1,0,2,1,128,_X
128.2.11,2,0,3,1,128,_Y
128.2,12,0,13,6,1,HORIZON
128.2.12,0,0,1,1,128,_EN
128.2.12,1,0,2,1,128,_X
128.2.12,2,0,3,1,128,_Y
128.2,13,0,14,6,1,HOME
128.2.13,0,0,1,1,128,_EN
128.2.13,1,0,2,1,128,_X
128.2.13,2,0,3,1,128,_Y
128.2,14,0,15,6,1,HEADING
128.2.14,0,0,1,1,128,_EN
128.2.14,1,0,2,1,128,_X
128.2.14,2,0,3,1,128,_Y
128.2,15,0,16,6,1,THROTTLE
128.2.15,0,0,1,1,128,_EN
128.2.15,1,0,2,1,128,_X
128.2.15,2,0,3,1,128,_Y
128.2,16,0,17,6,1,COMPASS
128.2.16,0,0,1,1,128,_EN
128.2.16,1,0,2,1,128,_X
128.2.16,2,0,3,1,128,_Y
128.2,17,0,18,6,1,WIND
128.2.17,0,0,1,1,128,_EN
128.2.17,1,0,2,1,128,_X
128.2.17,2,0,3,1,128,_Y
128.2,18,0,19,6,1,ASPEED
128.2.18,0,0,1,1,128,_EN
128.2.18,1,0,2,1,128,_X
128.2.18,2,0,3,1,128,_Y
128.2,19,0,20,6,1,VSPEED
128.2.19,0,0,1,1,128,_EN
128.2.19,1,0,2,1,128,_X
128.2.19,2,0,3,1,128,_Y
128.2,20,0,21,6,1,ESCTEMP
128.2.20,0,0,1,1,128,_EN
128.2.20,1,0,2,1,128,_X
128.2.20,2,0,3,1,128,_Y
128.2,21,0,22,6,1,ESCRPM
128.2.21,0,0,1,1,128,_EN
128.2.21,1,0,2,1,128,_X
128.2.21,2,0,3,1,128,_Y
128.2,22,0,23,6,1,ESCAMPS
128.2.22,0,0,1,1,128,_EN
128.2.22,1,0,2,1,128,_X
128.2.22,2,0,3,1,128,_Y
128.2,23,0,24,6,1,GPSLAT
128.2.23,0,0,1,1,128,_EN
128.2.23,1,0,2,1,128,_X
128.2.23,2,0,3,1,128,_Y
128.2,24,0,25,6,1,GPSLONG
128.2.24,0,0,1,1,128,_EN
128.2.24,1,0,2,1,128,_X
128.2.24,2,0,3,1,128,_Y
128.2,25,0,26,6,1,ROLL
128.2.25,0,0,1,1,128,_EN
128.2.25,1,0,2,1,128,_X
128.2.25,2,0,3,1,128,_Y
128.2,26,0,27,6,1,PITCH
128.2.26,0,0,1,1,128,_EN
128.2.26,1,0,2,1,128,_X
128.2.26,2,0,3,1,128,_Y
128.2,27,0,28,6,1,TEMP
128.2.27,0,0,1,1,128,_EN
128.2.27,1,0,2,1,128,_X
128.2.27,2,0,3,1,128,_Y
128.2,28,0,29,6,1,HDOP
128.2.28,0,0,1,1,128,_EN
128.2.28,1,0,2,1,128,_X
128.2.28,2,0,3,1,128,_Y
128.2,29,0,30,6,1,WAYPOINT
128.2.29,0,0,1,1,128,_EN
128.2.29,1,0,2,1,128,_X
128.2.29,2,0,3,1,128,_Y
128.2,30,0,31,6,1,XTRACK
128.2.30,0,0,1,1,128,_EN
128.2.30,1,0,2,1,128,_X
128.2.30,2,0,3,1,128,_Y
128.2,31,0,32,6,1,DIST
128.2.31,0,0,1,1,128,_EN
128.2.31,1,0,2,1,128,_X
128.2.31,2,0,3,1,128,_Y
128.2,32,0,33,6,1,STATS
128.2.32,0,0,1,1,128,_EN
128.2.32,1,0,2,1,128,_X
128.2.32,2,0,3,1,128,_Y
128.2,33,0,34,6,1,FLTIME
128.2.33,0,0,1,1,128,_EN
128.2.33,1,0,2,1,128,_X
128.2.33,2,0,3,1,128,_Y
128.2,34,0,35,6,1,CLIMBEFF
128.2.34,0,0,1,1,128,_EN
128.2.34,1,0,2,1,128,_X
128.2.34,2,0,3,1,128,_Y
128.2,35,0,36,6,1,EFF
128.2.35,0,0,1,1,128,_EN
128.2.35,1,0,2,1,128,_X
128.2.35,2,0,3,1,128,_Y
128.2,36,0,37,6,1,BTEMP
128.2.36,0,0,1,1,128,_EN
128.2.36,1,0,2,1,128,_X
128.2.36,2,0,3,1,128,_Y
128.2,37,0,38,6,1,ATEMP
128.2.37,0,0,1,1,128,_EN
128.2.37,1,0,2,1,128,_X
128.2.37,2,0,3,1,128,_Y
128.2,38,0,39,6,1,BAT2_VLT
128.2.38,0,0,1,1,128,_EN
128.2.38,1,0,2,1,128,_X
128.2.38,2,0,3,1,128,_Y
128.2,39,0,40,6,1,BAT2USED
128.2.39,0,0,1,1,128,_EN
128.2.39,1,0,2,1,128,_X
128.2.39,2,0,3,1,128,_Y
128.2,40,0,41,6,1,ASPD2
128.2.40,0,0,1,1,128,_EN
128.2.40,1,0,2,1,128,_X
128.2.40,2,0,3,1,128,_Y
128.2,41,0,42,6,1,ASPD1
128.2.41,0,0,1,1,128,_EN
128.2.41,1,0,2,1,128,_X
128.2.41,2,0,3,1,128,_Y
128.2,42,0,43,6,1,CLK
128.2.42,0,0,1,1,128,_EN
128.2.42,1,0,2,1,128,_X
128.2.42,2,0,3,1,128,_Y
128.2,43,0,44,6,1,SIDEBARS
128.2.43,0,0,1,1,128,_EN
128.2.43,1,0,2,1,128,_X
128.2.43,2,0,3,1,128,_Y
128.2,44,0,45,6,1,CRSSHAIR
128.2.44,0,0,1,1,128,_EN
128.2.44,1,0,2,1,128,_X
128.2.44,2,0,3,1,128,_Y
128.2,45,0,46,6,1,HOMEDIST
128.2.45,0,0,1,1,128,_EN
128.2.45,1,0,2,1,128,_X
128.2.45,2,0,3,1,128,_Y
128.2,46,0,47,6,1,HOMEDIR
128.2.46,0,0,1,1,128,_EN
128.2.46,1,0,2,1,128,_X
128.2.46,2,0,3,1,128,_Y
128.2,47,0,48,6,1,POWER
128.2.47,0,0,1,1,128,_EN
128.2.47,1,0,2,1,128,_X
128.2.47,2,0,3,1,128,_Y
128.2,48,0,49,6,1,CELLVOLT
128.2.48,0,0,1,1,128,_EN
128.2.48,1,0,2,1,128,_X
128.2.48,2,0,3,1,128,_Y
128.2,49,0,50,6,1,BATTBAR
128.2.49,0,0,1,1,128,_EN
128.2.49,1,0,2,1,128,_X
128.2.49,2,0,3,1,128,_Y
128.2,50,0,51,6,1,ARMING
128.2.50,0,0,1,1,128,_EN
128.2.50,1,0,2,1,128,_X
128.2.50,2,0,3,1,128,_Y
128.2,51,0,52,6,1,PLUSCODE
128.2.51,0,0,1,1,128,_EN
128.2.51,1,0,2,1,128,_X
128.2.51,2,0,3,1,128,_Y
128.2,52,0,53,6,1,CALLSIGN
128.2.52,0,0,1,1,128,_EN
128.2.52,1,0,2,1,128,_X
128.2.52,2,0,3,1,128,_Y
128.2,53,0,54,6,1,CURRENT2
128.2.53,0,0,1,1,128,_EN
128.2.53,1,0,2,1,128,_X
128.2.53,2,0,3,1,128,_Y
128.2,54,0,55,6,1,VTX_PWR
128.2.54,0,0,1,1,128,_EN
128.2.54,1,0,2,1,128,_X
128.2.54,2,0,3,1,128,_Y
128.2,55,0,56,6,1,TER_HGT
128.2.55,0,0,1,1,128,_EN
128.2.55,1,0,2,1,128,_X
128.2.55,2,0,3,1,128,_Y
128.2,56,0,57,6,1,AVGCELLV
128.2.56,0,0,1,1,128,_EN
128.2.56,1,0,2,1,128,_X
128.2.56,2,0,3,1,128,_Y
128.2,57,0,58,6,1,RESTVOLT
128.2.57,0,0,1,1,128,_EN
128.2.57,1,0,2,1,128,_X
128.2.57,2,0,3,1,128,_Y
128.2,58,0,59,6,1,FENCE
128.2.58,0,0,1,1,128,_EN
128.2.58,1,0,2,1,128,_X
128.2.58,2,0,3,1,128,_Y
128.2,59,0,60,6,1,RNGF
128.2.59,0,0,1,1,128,_EN
128.2.59,1,0,2,1,128,_X
128.2.59,2,0,3,1,128,_Y
128.2,60,0,61,6,1,ACRVOLT
128.2.60,0,0,1,1,128,_EN
128.2.60,1,0,2,1,128,_X
128.2.60,2,0,3,1,128,_Y
128.2,61,0,62,6,1,RPM
128.2.61,0,0,1,1,128,_EN
128.2.61,1,0,2,1,128,_X
128.2.61,2,0,3,1,128,_Y
128,3,0,4,6,1,2_
128.3,0,0,1,1,4,ENABLE
128.3,1,0,2,2,0,CHAN_MIN
128.3,2,0,3,2,0,CHAN_MAX
128.3,3,0,4,6,1,ALTITUDE
128.3.3,0,0,1,1,128,_EN
128.3.3,1,0,2,1,128,_X
128.3.3,2,0,3,1,128,_Y
128.3,4,0,5,6,1,BAT_VOLT
128.3.4,0,0,1,1,128,_EN
128.3.4,1,0,2,1,128,_X
128.3.4,2,0,3,1,128,_Y
128.3,5,0,6,6,1,RSSI
128.3.5,0,0,1,1,128,_EN
128.3.5,1,0,2,1,128,_X
128.3.5,2,0,3,1,128,_Y
128.3,6,0,7,6,1,CURRENT
128.3.6,0,0,1,1,128,_EN
128.3.6,1,0,2,1,128,_X
128.3.6,2,0,3,1,128,_Y
128.3,7,0,8,6,1,BATUSED
128.3.7,0,0,1,1,128,_EN
128.3.7,1,0,2,1,128,_X
128.3.7,2,0,3,1,128,_Y
128.3,8,0,9,6,1,SATS
128.3.8,0,0,1,1,128,_EN
128.3.8,1,0,2,1,128,_X
128.3.8,2,0,3,1,128,_Y
128.3,9,0,10,6,1,FLTMODE
128.3.9,0,0,1,1,128,_EN
128.3.9,1,0,2,1,128,_X
128.3.9,2,0,3,1,128,_Y
128.3,10,0,11,6,1,MESSAGE
128.3.10,0,0,1,1,128,_EN
128.3.10,1,0,2,1,128,_X
128.3.10,2,0,3,1,128,_Y
128.3,11,0,12,6,1,GSPEED
128.3.11,0,0,1,1,128,_EN
128.3.11,1,0,2,1,128,_X
128.3.11,2,0,3,1,128,_Y
128.3,12,0,13,6,1,HORIZON
128.3.12,0,0,1,1,128,_EN
128.3.12,1,0,2,1,128,_X
128.3.12,2,0,3,1,128,_Y
128.3,13,0,14,6,1,HOME
128.3.13,0,0,1,1,128,_EN
128.3.13,1,0,2,1,128,_X
128.3.13,2,0,3,1,128,_Y
128.3,14,0,15,6,1,HEADING
128.3.14,0,0,1,1,128,_EN
128.3.14,1,0,2,1,128,_X
128.3.14,2,0,3,1,128,_Y
128.3,15,0,16,6,1,THROTTLE
128.3.15,0,0,1,1,128,_EN
128.3.15,1,0,2,1,128,_X
128.3.15,2,0,3,1,128,_Y
128.3,16,0,17,6,1,COMPASS
128.3.16,0,0,1,1,128,_EN
128.3.16,1,0,2,1,128,_X
128.3.16,2,0,3,1,128,_Y
128.3,17,0,18,6,1,WIND
128.3.17,0,0,1,1,128,_EN
128.3.17,1,0,2,1,128,_X
128.3.17,2,0,3,1,128,_Y
128.3,18,0,19,6,1,ASPEED
128.3.18,0,0,1,1,128,_EN
128.3.18,1,0,2,1,128,_X
128.3.18,2,0,3,1,128,_Y
128.3,19,0,20,6,1,VSPEED
128.3.19,0,0,1,1,128,_EN
128.3.19,1,0,2,1,128,_X
128.3.19,2,0,3,1,128,_Y
128.3,20,0,21,6,1,ESCTEMP
128.3.20,0,0,1,1,128,_EN
128.3.20,1,0,2,1,128,_X
128.3.20,2,0,3,1,128,_Y
128.3,21,0,22,6,1,ESCRPM
128.3.21,0,0,1,1,128,_EN
128.3.21,1,0,2,1,128,_X
128.3.21,2,0,3,1,128,_Y
128.3,22,0,23,6,1,ESCAMPS
128.3.22,0,0,1,1,128,_EN
128.3.22,1,0,2,1,128,_X
128.3.22,2,0,3,1,128,_Y
128.3,23,0,24,6,1,GPSLAT
128.3.23,0,0,1,1,128,_EN
128.3.23,1,0,2,1,128,_X
128.3.23,2,0,3,1,128,_Y
128.3,24,0,25,6,1,GPSLONG
128.3.24,0,0,1,1,128,_EN
128.3.24,1,0,2,1,128,_X
128.3.24,2,0,3,1,128,_Y
128.3,25,0,26,6,1,ROLL
128.3.25,0,0,1,1,128,_EN
128.3.25,1,0,2,1,128,_X
128.3.25,2,0,3,1,128,_Y
128.3,26,0,27,6,1,PITCH
128.3.26,0,0,1,1,128,_EN
128.3.26,1,0,2,1,128,_X
128.3.26,2,0,3,1,128,_Y
128.3,27,0,28,6,1,TEMP
128.3.27,0,0,1,1,128,_EN
128.3.27,1,0,2,1,128,_X
128.3.27,2,0,3,1,128,_Y
128.3,28,0,29,6,1,HDOP
128.3.28,0,0,1,1,128,_EN
128.3.28,1,0,2,1,128,_X
128.3.28,2,0,3,1,128,_Y
128.3,29,0,30,6,1,WAYPOINT
128.3.29,0,0,1,1,128,_EN
128.3.29,1,0,2,1,128,_X
128.3.29,2,0,3,1,128,_Y
128.3,30,0,31,6,1,XTRACK
128.3.30,0,0,1,1,128,_EN
128.3.30,1,0,2,1,128,_X
128.3.30,2,0,3,1,128,_Y
128.3,31,0,32,6,1,DIST
128.3.31,0,0,1,1,128,_EN
128.3.31,1,0,2,1,128,_X
128.3.31,2,0,3,1,128,_Y
128.3,32,0,33,6,1,STATS
128.3.32,0,0,1,1,128,_EN
128.3.32,1,0,2,1,128,_X
128.3.32,2,0,3,1,128,_Y
128.3,33,0,34,6,1,FLTIME
128.3.33,0,0,1,1,128,_EN
128.3.33,1,0,2,1,128,_X
128.3.33,2,0,3,1,128,_Y
128.3,34,0,35,6,1,CLIMBEFF
128.3.34,0,0,1,1,128,_EN
128.3.34,1,0,2,1,128,_X
128.3.34,2,0,3,1,128,_Y
128.3,35,0,36,6,1,EFF
128.3.35,0,0,1,1,128,_EN
128.3.35,1,0,2,1,128,_X
128.3.35,2,0,3,1,128,_Y
128.3,36,0,37,6,1,BTEMP
128.3.36,0,0,1,1,128,_EN
128.3.36,1,0,2,1,128,_X
128.3.36,2,0,3,1,128,_Y
128.3,37,0,38,6,1,ATEMP
128.3.37,0,0,1,1,128,_EN
128.3.37,1,0,2,1,128,_X
128.3.37,2,0,3,1,128,_Y
128.3,38,0,39,6,1,BAT2_VLT
128.3.38,0,0,1,1,128,_EN
128.3.38,1,0,2,1,128,_X
128.3.38,2,0,3,1,128,_Y
128.3,39,0,40,6,1,BAT2USED
128.3.39,0,0,1,1,128,_EN
128.3.39,1,0,2,1,128,_X
128.3.39,2,0,3,1,128,_Y
128.3,40,0,41,6,1,ASPD2
128.3.40,0,0,1,1,128,_EN
128.3.40,1,0,2,1,128,_X
128.3.40,2,0,3,1,128,_Y
128.3,41,0,42,6,1,ASPD1
128.3.41,0,0,1,1,128,_EN
128.3.41,1,0,2,1,128,_X
128.3.41,2,0,3,1,128,_Y
128.3,42,0,43,6,1,CLK
128.3.42,0,0,1,1,128,_EN
128.3.42,1,0,2,1,128,_X
128.3.42,2,0,3,1,128,_Y
128.3,43,0,44,6,1,SIDEBARS
128.3.43,0,0,1,1,128,_EN
128.3.43,1,0,2,1,128,_X
128.3.43,2,0,3,1,128,_Y
128.3,44,0,45,6,1,CRSSHAIR
128.3.44,0,0,1,1,128,_EN
128.3.44,1,0,2,1,128,_X
128.3.44,2,0,3,1,128,_Y
128.3,45,0,46,6,1,HOMEDIST
128.3.45,0,0,1,1,128,_EN
128.3.45,1,0,2,1,128,_X
128.3.45,2,0,3,1,128,_Y
128.3,46,0,47,6,1,HOMEDIR
128.3.46,0,0,1,1,128,_EN
128.3.46,1,0,2,1,128,_X
128.3.46,2,0,3,1,128,_Y
128.3,47,0,48,6,1,POWER
128.3.47,0,0,1,1,128,_EN
128.3.47,1,0,2,1,128,_X
128.3.47,2,0,3,1,128,_Y
128.3,48,0,49,6,1,CELLVOLT
128.3.48,0,0,1,1,128,_EN
128.3.48,1,0,2,1,128,_X
128.3.48,2,0,3,1,128,_Y
128.3,49,0,50,6,1,BATTBAR
128.3.49,0,0,1,1,128,_EN
128.3.49,1,0,2,1,128,_X
128.3.49,2,0,3,1,128,_Y
128.3,50,0,51,6,1,ARMING
128.3.50,0,0,1,1,128,_EN
128.3.50,1,0,2,1,128,_X
128.3.50,2,0,3,1,128,_Y
128.3,51,0,52,6,1,PLUSCODE
128.3.51,0,0,1,1,128,_EN
128.3.51,1,0,2,1,128,_X
128.3.51,2,0,3,1,128,_Y
128.3,52,0,53,6,1,CALLSIGN
128.3.52,0,0,1,1,128,_EN
128.3.52,1,0,2,1,128,_X
128.3.52,2,0,3,1,128,_Y
128.3,53,0,54,6,1,CURRENT2
128.3.53,0,0,1,1,128,_EN
128.3.53,1,0,2,1,128,_X
128.3.53,2,0,3,1,128,_Y
128.3,54,0,55,6,1,VTX_PWR
128.3.54,0,0,1,1,128,_EN
128.3.54,1,0,2,1,128,_X
128.3.54,2,0,3,1,128,_Y
128.3,55,0,56,6,1,TER_HGT
128.3.55,0,0,1,1,128,_EN
128.3.55,1,0,2,1,128,_X
128.3.55,2,0,3,1,128,_Y
128.3,56,0,57,6,1,AVGCELLV
128.3.56,0,0,1,1,128,_EN
128.3.56,1,0,2,1,128,_X
128.3.56,2,0,3,1,128,_Y
128.3,57,0,58,6,1,RESTVOLT
128.3.57,0,0,1,1,128,_EN
128.3.57,1,0,2,1,128,_X
128.3.57,2,0,3,1,128,_Y
128.3,58,0,59,6,1,FENCE
128.3.58,0,0,1,1,128,_EN
128.3.58,1,0,2,1,128,_X
128.3.58,2,0,3,1,128,_Y
128.3,59,0,60,6,1,RNGF
128.3.59,0,0,1,1,128,_EN
128.3.59,1,0,2,1,128,_X
128.3.59,2,0,3,1,128,_Y
128.3,60,0,61,6,1,ACRVOLT
128.3.60,0,0,1,1,128,_EN
128.3.60,1,0,2,1,128,_X
128.3.60,2,0,3,1,128,_Y
128.3,61,0,62,6,1,RPM
128.3.61,0,0,1,1,128,_EN
128.3.61,1,0,2,1,128,_X
128.3.61,2,0,3,1,128,_Y
128,4,0,5,6,1,3_
128.4,0,0,1,1,4,ENABLE
128.4,1,0,2,2,0,CHAN_MIN
128.4,2,0,3,2,0,CHAN_MAX
128.4,3,0,4,6,1,ALTITUDE
128.4.3,0,0,1,1,128,_EN
128.4.3,1,0,2,1,128,_X
128.4.3,2,0,3,1,128,_Y
128.4,4,0,5,6,1,BAT_VOLT
128.4.4,0,0,1,1,128,_EN
128.4.4,1,0,2,1,128,_X
128.4.4,2,0,3,1,128,_Y
128.4,5,0,6,6,1,RSSI
128.4.5,0,0,1,1,128,_EN
128.4.5,1,0,2,1,128,_X
128.4.5,2,0,3,1,128,_Y
128.4,6,0,7,6,1,CURRENT
128.4.6,0,0,1,1,128,_EN
128.4.6,1,0,2,1,128,_X
128.4.6,2,0,3,1,128,_Y
128.4,7,0,8,6,1,BATUSED
128.4.7,0,0,1,1,128,_EN
128.4.7,1,0,2,1,128,_X
128.4.7,2,0,3,1,128,_Y
128.4,8,0,9,6,1,SATS
128.4.8,0,0,1,1,128,_EN
128.4.8,1,0,2,1,128,_X
128.4.8,2,0,3,1,128,_Y
128.4,9,0,10,6,1,FLTMODE
128.4.9,0,0,1,1,128,_EN
128.4.9,1,0,2,1,128,_X
128.4.9,2,0,3,1,128,_Y
128.4,10,0,11,6,1,MESSAGE
128.4.10,0,0,1,1,128,_EN
128.4.10,1,0,2,1,128,_X
128.4.10,2,0,3,1,128,_Y
128.4,11,0,12,6,1,GSPEED
128.4.11,0,0,1,1,128,_EN
128.4.11,1,0,2,1,128,_X
128.4.11,2,0,3,1,128,_Y
128.4,12,0,13,6,1,HORIZON
128.4.12,0,0,1,1,128,_EN
128.4.12,1,0,2,1,128,_X
128.4.12,2,0,3,1,128,_Y
128.4,13,0,14,6,1,HOME
128.4.13,0,0,1,1,128,_EN
128.4.13,1,0,2,1,128,_X
128.4.13,2,0,3,1,128,_Y
128.4,14,0,15,6,1,HEADING
128.4.14,0,0,1,1,128,_EN
128.4.14,1,0,2,1,128,_X
128.4.14,2,0,3,1,128,_Y
128.4,15,0,16,6,1,THROTTLE
128.4.15,0,0,1,1,128,_EN
128.4.15,1,0,2,1,128,_X
128.4.15,2,0,3,1,128,_Y
128.4,16,0,17,6,1,COMPASS
128.4.16,0,0,1,1,128,_EN
128.4.16,1,0,2,1,128,_X
128.4.16,2,0,3,1,128,_Y
128.4,17,0,18,6,1,WIND
128.4.17,0,0,1,1,128,_EN
128.4.17,1,0,2,1,128,_X
128.4.17,2,0,3,1,128,_Y
128.4,18,0,19,6,1,ASPEED
128.4.18,0,0,1,1,128,_EN
128.4.18,1,0,2,1,128,_X
128.4.18,2,0,3,1,128,_Y
128.4,19,0,20,6,1,VSPEED
128.4.19,0,0,1,1,128,_EN
128.4.19,1,0,2,1,128,_X
128.4.19,2,0,3,1,128,_Y
128.4,20,0,21,6,1,ESCTEMP
128.4.20,0,0,1,1,128,_EN
128.4.20,1,0,2,1,128,_X
128.4.20,2,0,3,1,128,_Y
128.4,21,0,22,6,1,ESCRPM
128.4.21,0,0,1,1,128,_EN
128.4.21,1,0,2,1,128,_X
128.4.21,2,0,3,1,128,_Y
128.4,22,0,23,6,1,ESCAMPS
128.4.22,0,0,1,1,128,_EN
128.4.22,1,0,2,1,128,_X
128.4.22,2,0,3,1,128,_Y
128.4,23,0,24,6,1,GPSLAT
128.4.23,0,0,1,1,128,_EN
128.4.23,1,0,2,1,128,_X
128.4.23,2,0,3,1,128,_Y
128.4,24,0,25,6,1,GPSLONG
128.4.24,0,0,1,1,128,_EN
128.4.24,1,0,2,1,128,_X
128.4.24,2,0,3,1,128,_Y
128.4,25,0,26,6,1,ROLL
128.4.25,0,0,1,1,128,_EN
128.4.25,1,0,2,1,128,_X
128.4.25,2,0,3,1,128,_Y
128.4,26,0,27,6,1,PITCH
128.4.26,0,0,1,1,128,_EN
128.4.26,1,0,2,1,128,_X
128.4.26,2,0,3,1,128,_Y
128.4,27,0,28,6,1,TEMP
128.4.27,0,0,1,1,128,_EN
128.4.27,1,0,2,1,128,_X
128.4.27,2,0,3,1,128,_Y
128.4,28,0,29,6,1,HDOP
128.4.28,0,0,1,1,128,_EN
128.4.28,1,0,2,1,128,_X
128.4.28,2,0,3,1,128,_Y
128.4,29,0,30,6,1,WAYPOINT
128.4.29,0,0,1,1,128,_EN
128.4.29,1,0,2,1,128,_X
128.4.29,2,0,3,1,128,_Y
128.4,30,0,31,6,1,XTRACK
128.4.30,0,0,1,1,128,_EN
128.4.30,1,0,2,1,128,_X
128.4.30,2,0,3,1,128,_Y
128.4,31,0,32,6,1,DIST
128.4.31,0,0,1,1,128,_EN
128.4.31,1,0,2,1,128,_X
128.4.31,2,0,3,1,128,_Y
128.4,32,0,33,6,1,STATS
128.4.32,0,0,1,1,128,_EN
128.4.32,1,0,2,1,128,_X
128.4.32,2,0,3,1,128,_Y
128.4,33,0,34,6,1,FLTIME
128.4.33,0,0,1,1,128,_EN
128.4.33,1,0,2,1,128,_X
128.4.33,2,0,3,1,128,_Y
128.4,34,0,35,6,1,CLIMBEFF
128.4.34,0,0,1,1,128,_EN
128.4.34,1,0,2,1,128,_X
128.4.34,2,0,3,1,128,_Y
128.4,35,0,36,6,1,EFF
128.4.35,0,0,1,1,128,_EN
128.4.35,1,0,2,1,128,_X
128.4.35,2,0,3,1,128,_Y
128.4,36,0,37,6,1,BTEMP
128.4.36,0,0,1,1,128,_EN
128.4.36,1,0,2,1,128,_X
128.4.36,2,0,3,1,128,_Y
128.4,37,0,38,6,1,ATEMP
128.4.37,0,0,1,1,128,_EN
128.4.37,1,0,2,1,128,_X
128.4.37,2,0,3,1,128,_Y
128.4,38,0,39,6,1,BAT2_VLT
128.4.38,0,0,1,1,128,_EN
128.4.38,1,0,2,1,128,_X
128.4.38,2,0,3,1,128,_Y
128.4,39,0,40,6,1,BAT2USED
128.4.39,0,0,1,1,128,_EN
128.4.39,1,0,2,1,128,_X
128.4.39,2,0,3,1,128,_Y
128.4,40,0,41,6,1,ASPD2
128.4.40,0,0,1,1,128,_EN
128.4.40,1,0,2,1,128,_X
128.4.40,2,0,3,1,128,_Y
128.4,41,0,42,6,1,ASPD1
128.4.41,0,0,1,1,128,_EN
128.4.41,1,0,2,1,128,_X
128.4.41,2,0,3,1,128,_Y
128.4,42,0,43,6,1,CLK
128.4.42,0,0,1,1,128,_EN
128.4.42,1,0,2,1,128,_X
128.4.42,2,0,3,1,128,_Y
128.4,43,0,44,6,1,SIDEBARS
128.4.43,0,0,1,1,128,_EN
128.4.43,1,0,2,1,128,_X
128.4.43,2,0,3,1,128,_Y
128.4,44,0,45,6,1,CRSSHAIR
128.4.44,0,0,1,1,128,_EN
128.4.44,1,0,2,1,128,_X
128.4.44,2,0,3,1,128,_Y
128.4,45,0,46,6,1,HOMEDIST
128.4.45,0,0,1,1,128,_EN
128.4.45,1,0,2,1,128,_X
128.4.45,2,0,3,1,128,_Y
128.4,46,0,47,6,1,HOMEDIR
128.4.46,0,0,1,1,128,_EN
128.4.46,1,0,2,1,128,_X
128.4.46,2,0,3,1,128,_Y
128.4,47,0,48,6,1,POWER
128.4.47,0,0,1,1,128,_EN
128.4.47,1,0,2,1,128,_X
128.4.47,2,0,3,1,128,_Y
128.4,48,0,49,6,1,CELLVOLT
128.4.48,0,0,1,1,128,_EN
128.4.48,1,0,2,1,128,_X
128.4.48,2,0,3,1,128,_Y
128.4,49,0,50,6,1,BATTBAR
128.4.49,0,0,1,1,128,_EN
128.4.49,1,0,2,1,128,_X
128.4.49,2,0,3,1,128,_Y
128.4,50,0,51,6,1,ARMING
128.4.50,0,0,1,1,128,_EN
128.4.50,1,0,2,1,128,_X
128.4.50,2,0,3,1,128,_Y
128.4,51,0,52,6,1,PLUSCODE
128.4.51,0,0,1,1,128,_EN
128.4.51,1,0,2,1,128,_X
128.4.51,2,0,3,1,128,_Y
128.4,52,0,53,6,1,CALLSIGN
128.4.52,0,0,1,1,128,_EN
128.4.52,1,0,2,1,128,_X
128.4.52,2,0,3,1,128,_Y
128.4,53,0,54,6,1,CURRENT2
128.4.53,0,0,1,1,128,_EN
128.4.53,1,0,2,1,128,_X
128.4.53,2,0,3,1,128,_Y
128.4,54,0,55,6,1,VTX_PWR
128.4.54,0,0,1,1,128,_EN
128.4.54,1,0,2,1,128,_X
128.4.54,2,0,3,1,128,_Y
128.4,55,0,56,6,1,TER_HGT
128.4.55,0,0,1,1,128,_EN
128.4.55,1,0,2,1,128,_X
128.4.55,2,0,3,1,128,_Y
128.4,56,0,57,6,1,AVGCELLV
128.4.56,0,0,1,1,128,_EN
128.4.56,1,0,2,1,128,_X
128.4.56,2,0,3,1,128,_Y
128.4,57,0,58,6,1,RESTVOLT
128.4.57,0,0,1,1,128,_EN
128.4.57,1,0,2,1,128,_X
128.4.57,2,0,3,1,128,_Y
128.4,58,0,59,6,1,FENCE
128.4.58,0,0,1,1,128,_EN
128.4.58,1,0,2,1,128,_X
128.4.58,2,0,3,1,128,_Y
128.4,59,0,60,6,1,RNGF
128.4.59,0,0,1,1,128,_EN
128.4.59,1,0,2,1,128,_X
128.4.59,2,0,3,1,128,_Y
128.4,60,0,61,6,1,ACRVOLT
128.4.60,0,0,1,1,128,_EN
128.4.60,1,0,2,1,128,_X
128.4.60,2,0,3,1,128,_Y
128.4,61,0,62,6,1,RPM
128.4.61,0,0,1,1,128,_EN
128.4.61,1,0,2,1,128,_X
128.4.61,2,0,3,1,128,_Y
128,5,0,6,6,1,4_
128.5,0,0,1,1,4,ENABLE
128.5,1,0,2,2,0,CHAN_MIN
128.5,2,0,3,2,0,CHAN_MAX
128.5,3,0,4,6,1,ALTITUDE
128.5.3,0,0,1,1,128,_EN
128.5.3,1,0,2,1,128,_X
128.5.3,2,0,3,1,128,_Y
128.5,4,0,5,6,1,BAT_VOLT
128.5.4,0,0,1,1,128,_EN
128.5.4,1,0,2,1,128,_X
128.5.4,2,0,3,1,128,_Y
128.5,5,0,6,6,1,RSSI
128.5.5,0,0,1,1,128,_EN
128.5.5,1,0,2,1,128,_X
128.5.5,2,0,3,1,128,_Y
128.5,6,0,7,6,1,CURRENT
128.5.6,0,0,1,1,128,_EN
128.5.6,1,0,2,1,128,_X
128.5.6,2,0,3,1,128,_Y
128.5,7,0,8,6,1,BATUSED
128.5.7,0,0,1,1,128,_EN
128.5.7,1,0,2,1,128,_X
128.5.7,2,0,3,1,128,_Y
128.5,8,0,9,6,1,SATS
128.5.8,0,0,1,1,128,_EN
128.5.8,1,0,2,1,128,_X
128.5.8,2,0,3,1,128,_Y
128.5,9,0,10,6,1,FLTMODE
128.5.9,0,0,1,1,128,_EN
128.5.9,1,0,2,1,128,_X
128.5.9,2,0,3,1,128,_Y
128.5,10,0,11,6,1,MESSAGE
128.5.10,0,0,1,1,128,_EN
128.5.10,1,0,2,1,128,_X
128.5.10,2,0,3,1,128,_Y
128.5,11,0,12,6,1,GSPEED
128.5.11,0,0,1,1,128,_EN
128.5.11,1,0,2,1,128,_X
128.5.11,2,0,3,1,128,_Y
128.5,12,0,13,6,1,HORIZON
128.5.12,0,0,1,1,128,_EN
128.5.12,1,0,2,1,128,_X
128.5.12,2,0,3,1,128,_Y
128.5,13,0,14,6,1,HOME
128.5.13,0,0,1,1,128,_EN
128.5.13,1,0,2,1,128,_X
128.5.13,2,0,3,1,128,_Y
128.5,14,0,15,6,1,HEADING
128.5.14,0,0,1,1,128,_EN
128.5.14,1,0,2,1,128,_X
128.5.14,2,0,3,1,128,_Y
128.5,15,0,16,6,1,THROTTLE
128.5.15,0,0,1,1,128,_EN
128.5.15,1,0,2,1,128,_X
128.5.15,2,0,3,1,128,_Y
128.5,16,0,17,6,1,COMPASS
128.5.16,0,0,1,1,128,_EN
128.5.16,1,0,2,1,128,_X
128.5.16,2,0,3,1,128,_Y
128.5,17,0,18,6,1,WIND
128.5.17,0,0,1,1,128,_EN
128.5.17,1,0,2,1,128,_X
128.5.17,2,0,3,1,128,_Y
128.5,18,0,19,6,1,ASPEED
128.5.18,0,0,1,1,128,_EN
128.5.18,1,0,2,1,128,_X
128.5.18,2,0,3,1,128,_Y
128.5,19,0,20,6,1,VSPEED
128.5.19,0,0,1,1,128,_EN
128.5.19,1,0,2,1,128,_X
128.5.19,2,0,3,1,128,_Y
128.5,20,0,21,6,1,ESCTEMP
128.5.20,0,0,1,1,128,_EN
128.5.20,1,0,2,1,128,_X
128.5.20,2,0,3,1,128,_Y
128.5,21,0,22,6,1,ESCRPM
128.5.21,0,0,1,1,128,_EN
128.5.21,1,0,2,1,128,_X
128.5.21,2,0,3,1,128,_Y
128.5,22,0,23,6,1,ESCAMPS
128.5.22,0,0,1,1,128,_EN
128.5.22,1,0,2,1,128,_X
128.5.22,2,0,3,1,128,_Y
128.5,23,0,24,6,1,GPSLAT
128.5.23,0,0,1,1,128,_EN
128.5.23,1,0,2,1,128,_X
128.5.23,2,0,3,1,128,_Y
128.5,24,0,25,6,1,GPSLONG
128.5.24,0,0,1,1,128,_EN
128.5.24,1,0,2,1,128,_X
128.5.24,2,0,3,1,128,_Y
128.5,25,0,26,6,1,ROLL
128.5.25,0,0,1,1,128,_EN
128.5.25,1,0,2,1,128,_X
128.5.25,2,0,3,1,128,_Y
128.5,26,0,27,6,1,PITCH
128.5.26,0,0,1,1,128,_EN
128.5.26,1,0,2,1,128,_X
128.5.26,2,0,3,1,128,_Y
128.5,27,0,28,6,1,TEMP
128.5.27,0,0,1,1,128,_EN
128.5.27,1,0,2,1,128,_X
128.5.27,2,0,3,1,128,_Y
128.5,28,0,29,6,1,HDOP
128.5.28,0,0,1,1,128,_EN
128.5.28,1,0,2,1,128,_X
128.5.28,2,0,3,1,128,_Y
128.5,29,0,30,6,1,WAYPOINT
128.5.29,0,0,1,1,128,_EN
128.5.29,1,0,2,1,128,_X
128.5.29,2,0,3,1,128,_Y
128.5,30,0,31,6,1,XTRACK
128.5.30,0,0,1,1,128,_EN
128.5.30,1,0,2,1,128,_X
128.5.30,2,0,3,1,128,_Y
128.5,31,0,32,6,1,DIST
128.5.31,0,0,1,1,128,_EN
128.5.31,1,0,2,1,128,_X
128.5.31,2,0,3,1,128,_Y
128.5,32,0,33,6,1,STATS
128.5.32,0,0,1,1,128,_EN
128.5.32,1,0,2,1,128,_X
128.5.32,2,0,3,1,128,_Y
128.5,33,0,34,6,1,FLTIME
128.5.33,0,0,1,1,128,_EN
128.5.33,1,0,2,1,128,_X
128.5.33,2,0,3,1,128,_Y
128.5,34,0,35,6,1,CLIMBEFF
128.5.34,0,0,1,1,128,_EN
128.5.34,1,0,2,1,128,_X
128.5.34,2,0,3,1,128,_Y
128.5,35,0,36,6,1,EFF
128.5.35,0,0,1,1,128,_EN
128.5.35,1,0,2,1,128,_X
128.5.35,2,0,3,1,128,_Y
128.5,36,0,37,6,1,BTEMP
128.5.36,0,0,1,1,128,_EN
128.5.36,1,0,2,1,128,_X
128.5.36,2,0,3,1,128,_Y
128.5,37,0,38,6,1,ATEMP
128.5.37,0,0,1,1,128,_EN
128.5.37,1,0,2,1,128,_X
128.5.37,2,0,3,1,128,_Y
128.5,38,0,39,6,1,BAT2_VLT
128.5.38,0,0,1,1,128,_EN
128.5.38,1,0,2,1,128,_X
128.5.38,2,0,3,1,128,_Y
128.5,39,0,40,6,1,BAT2USED
128.5.39,0,0,1,1,128,_EN
128.5.39,1,0,2,1,128,_X
128.5.39,2,0,3,1,128,_Y
128.5,40,0,41,6,1,ASPD2
128.5.40,0,0,1,1,128,_EN
128.5.40,1,0,2,1,128,_X
128.5.40,2,0,3,1,128,_Y
128.5,41,0,42,6,1,ASPD1
128.5.41,0,0,1,1,128,_EN
128.5.41,1,0,2,1,128,_X
128.5.41,2,0,3,1,128,_Y
128.5,42,0,43,6,1,CLK
128.5.42,0,0,1,1,128,_EN
128.5.42,1,0,2,1,128,_X
128.5.42,2,0,3,1,128,_Y
128.5,43,0,44,6,1,SIDEBARS
128.5.43,0,0,1,1,128,_EN
128.5.43,1,0,2,1,128,_X
128.5.43,2,0,3,1,128,_Y
128.5,44,0,45,6,1,CRSSHAIR
128.5.44,0,0,1,1,128,_EN
128.5.44,1,0,2,1,128,_X
128.5.44,2,0,3,1,128,_Y
128.5,45,0,46,6,1,HOMEDIST
128.5.45,0,0,1,1,128,_EN
128.5.45,1,0,2,1,128,_X
128.5.45,2,0,3,1,128,_Y
128.5,46,0,47,6,1,HOMEDIR
128.5.46,0,0,1,1,128,_EN
128.5.46,1,0,2,1,128,_X
128.5.46,2,0,3,1,128,_Y
128.5,47,0,48,6,1,POWER
128.5.47,0,0,1,1,128,_EN
128.5.47,1,0,2,1,128,_X
128.5.47,2,0,3,1,128,_Y
128.5,48,0,49,6,1,CELLVOLT
128.5.48,0,0,1,1,128,_EN
128.5.48,1,0,2,1,128,_X
128.5.48,2,0,3,1,128,_Y
128.5,49,0,50,6,1,BATTBAR
128.5.49,0,0,1,1,128,_EN
128.5.49,1,0,2,1,128,_X
128.5.49,2,0,3,1,128,_Y
128.5,50,0,51,6,1,ARMING
128.5.50,0,0,1,1,128,_EN
128.5.50,1,0,2,1,128,_X
128.5.50,2,0,3,1,128,_Y
128.5,51,0,52,6,1,PLUSCODE
128.5.51,0,0,1,1,128,_EN
128.5.51,1,0,2,1,128,_X
128.5.51,2,0,3,1,128,_Y
128.5,52,0,53,6,1,CALLSIGN
128.5.52,0,0,1,1,128,_EN
128.5.52,1,0,2,1,128,_X
128.5.52,2,0,3,1,128,_Y
128.5,53,0,54,6,1,CURRENT2
128.5.53,0,0,1,1,128,_EN
128.5.53,1,0,2,1,128,_X
128.5.53,2,0,3,1,128,_Y
128.5,54,0,55,6,1,VTX_PWR
128.5.54,0,0,1,1,128,_EN
128.5.54,1,0,2,1,128,_X
128.5.54,2,0,3,1,128,_Y
128.5,55,0,56,6,1,TER_HGT
128.5.55,0,0,1,1,128,_EN
128.5.55,1,0,2,1,128,_X
128.5.55,2,0,3,1,128,_Y
128.5,56,0,57,6,1,AVGCELLV
128.5.56,0,0,1,1,128,_EN
128.5.56,1,0,2,1,128,_X
128.5.56,2,0,3,1,128,_Y
128.5,57,0,58,6,1,RESTVOLT
128.5.57,0,0,1,1,128,_EN
128.5.57,1,0,2,1,128,_X
128.5.57,2,0,3,1,128,_Y
128.5,58,0,59,6,1,FENCE
128.5.58,0,0,1,1,128,_EN
128.5.58,1,0,2,1,128,_X
128.5.58,2,0,3,1,128,_Y
128.5,59,0,60,6,1,RNGF
128.5.59,0,0,1,1,128,_EN
128.5.59,1,0,2,1,128,_X
128.5.59,2,0,3,1,128,_Y
128.5,60,0,61,6,1,ACRVOLT
128.5.60,0,0,1,1,128,_EN
128.5.60,1,0,2,1,128,_X
128.5.60,2,0,3,1,128,_Y
128.5,61,0,62,6,1,RPM
128.5.61,0,0,1,1,128,_EN
128.5.61,1,0,2,1,128,_X
128.5.61,2,0,3,1,128,_Y
128,6,0,7,1,0,_SW_METHOD
128,7,0,8,3,0,_OPTIONS
128,8,0,9,1,0,_FONT
128,9,0,10,1,0,_V_OFFSET
128,10,0,11,1,0,_H_OFFSET
128,11,0,12,1,0,_W_RSSI
128,12,0,13,1,0,_W_NSAT
128,13,0,14,4,0,_W_BATVOLT
128,14,0,15,1,0,_UNITS
128,15,0,16,1,0,_MSG_TIME
128,16,0,17,1,0,_ARM_SCR
128,17,0,18,1,0,_DSARM_SCR
128,18,0,19,1,0,_FS_SCR
128,19,0,20,3,0,_BTN_DELAY
128,20,0,23,3,0,_W_TERR
128,21,0,24,4,0,_W_AVGCELLV
128,22,0,25,1,0,_CELL_COUNT
128,23,0,26,4,0,_W_RESTVOLT
128,24,0,31,4,0,_W_ACRVOLT
128,25,0,35,1,0,_SB_H_OFS
128,26,0,36,1,0,_SB_V_EXT
128,27,0,21,6,1,5_
128.27,0,0,1,1,4,ENABLE
128.27,1,0,2,2,0,CHAN_MIN
128.27,2,0,3,2,0,CHAN_MAX
128.27,3,0,4,6,1,PARAM1
128.27.3,0,0,1,1,128,_EN
128.27.3,1,0,2,1,0,_X
128.27.3,2,0,3,1,128,_Y
128.27.3,3,0,4,2,128,_KEY
128.27.3,4,0,5,1,128,_IDX
128.27.3,5,0,6,3,128,_GRP
128.27.3,6,0,7,4,0,_MIN
128.27.3,7,0,8,4,0,_MAX
128.27.3,8,0,9,4,0,_INCR
128.27.3,9,0,10,1,128,_TYPE
128.27,4,0,5,6,1,PARAM2
128.27.4,0,0,1,1,128,_EN
128.27.4,1,0,2,1,0,_X
128.27.4,2,0,3,1,128,_Y
128.27.4,3,0,4,2,128,_KEY
128.27.4,4,0,5,1,128,_IDX
128.27.4,5,0,6,3,128,_GRP
128.27.4,6,0,7,4,0,_MIN
128.27.4,7,0,8,4,0,_MAX
128.27.4,8,0,9,4,0,_INCR
128.27.4,9,0,10,1,128,_TYPE
128.27,5,0,6,6,1,PARAM3
128.27.5,0,0,1,1,128,_EN
128.27.5,1,0,2,1,0,_X
128.27.5,2,0,3,1,128,_Y
128.27.5,3,0,4,2,128,_KEY
128.27.5,4,0,5,1,128,_IDX
128.27.5,5,0,6,3,128,_GRP
128.27.5,6,0,7,4,0,_MIN
128.27.5,7,0,8,4,0,_MAX
128.27.5,8,0,9,4,0,_INCR
128.27.5,9,0,10,1,128,_TYPE
128.27,6,0,7,6,1,PARAM4
128.27.6,0,0,1,1,128,_EN
128.27.6,1,0,2,1,0,_X
128.27.6,2,0,3,1,128,_Y
128.27.6,3,0,4,2,128,_KEY
128.27.6,4,0,5,1,128,_IDX
128.27.6,5,0,6,3,128,_GRP
128.27.6,6,0,7,4,0,_MIN
128.27.6,7,0,8,4,0,_MAX
128.27.6,8,0,9,4,0,_INCR
128.27.6,9,0,10,1,128,_TYPE
128.27,7,0,8,6,1,PARAM5
128.27.7,0,0,1,1,128,_EN
128.27.7,1,0,2,1,0,_X
128.27.7,2,0,3,1,128,_Y
128.27.7,3,0,4,2,128,_KEY
128.27.7,4,0,5,1,128,_IDX
128.27.7,5,0,6,3,128,_GRP
128.27.7,6,0,7,4,0,_MIN
128.27.7,7,0,8,4,0,_MAX
128.27.7,8,0,9,4,0,_INCR
128.27.7,9,0,10,1,128,_TYPE
128.27,8,0,9,6,1,PARAM6
128.27.8,0,0,1,1,128,_EN
128.27.8,1,0,2,1,0,_X
128.27.8,2,0,3,1,128,_Y
128.27.8,3,0,4,2,128,_KEY
128.27.8,4,0,5,1,128,_IDX
128.27.8,5,0,6,3,128,_GRP
128.27.8,6,0,7,4,0,_MIN
128.27.8,7,0,8,4,0,_MAX
128.27.8,8,0,9,4,0,_INCR
128.27.8,9,0,10,1,128,_TYPE
128.27,9,0,10,6,1,PARAM7
128.27.9,0,0,1,1,128,_EN
128.27.9,1,0,2,1,0,_X
128.27.9,2,0,3,1,128,_Y
128.27.9,3,0,4,2,128,_KEY
128.27.9,4,0,5,1,128,_IDX
128.27.9,5,0,6,3,128,_GRP
128.27.9,6,0,7,4,0,_MIN
128.27.9,7,0,8,4,0,_MAX
128.27.9,8,0,9,4,0,_INCR
128.27.9,9,0,10,1,128,_TYPE
128.27,10,0,11,6,1,PARAM8
128.27.10,0,0,1,1,128,_EN
128.27.10,1,0,2,1,0,_X
128.27.10,2,0,3,1,128,_Y
128.27.10,3,0,4,2,128,_KEY
128.27.10,4,0,5,1,128,_IDX
128.27.10,5,0,6,3,128,_GRP
128.27.10,6,0,7,4,0,_MIN
128.27.10,7,0,8,4,0,_MAX
128.27.10,8,0,9,4,0,_INCR
128.27.10,9,0,10,1,128,_TYPE
128.27,11,0,12,6,1,PARAM9
128.27.11,0,0,1,1,128,_EN
128.27.11,1,0,2,1,0,_X
128.27.11,2,0,3,1,128,_Y
128.27.11,3,0,4,2,128,_KEY
128.27.11,4,0,5,1,128,_IDX
128.27.11,5,0,6,3,128,_GRP
128.27.11,6,0,7,4,0,_MIN
128.27.11,7,0,8,4,0,_MAX
128.27.11,8,0,9,4,0,_INCR
128.27.11,9,0,10,1,128,_TYPE
128.27,12,0,13,1,0,SAVE_X
128.27,13,0,14,1,0,SAVE_Y
128,28,0,22,6,1,6_
128.28,0,0,1,1,4,ENABLE
128.28,1,0,2,2,0,CHAN_MIN
128.28,2,0,3,2,0,CHAN_MAX
128.28,3,0,4,6,1,PARAM1
128.28.3,0,0,1,1,128,_EN
128.28.3,1,0,2,1,0,_X
128.28.3,2,0,3,1,128,_Y
128.28.3,3,0,4,2,128,_KEY
128.28.3,4,0,5,1,128,_IDX
128.28.3,5,0,6,3,128,_GRP
128.28.3,6,0,7,4,0,_MIN
128.28.3,7,0,8,4,0,_MAX
128.28.3,8,0,9,4,0,_INCR
128.28.3,9,0,10,1,128,_TYPE
128.28,4,0,5,6,1,PARAM2
128.28.4,0,0,1,1,128,_EN
128.28.4,1,0,2,1,0,_X
128.28.4,2,0,3,1,128,_Y
128.28.4,3,0,4,2,128,_KEY
128.28.4,4,0,5,1,128,_IDX
128.28.4,5,0,6,3,128,_GRP
128.28.4,6,0,7,4,0,_MIN
128.28.4,7,0,8,4,0,_MAX
128.28.4,8,0,9,4,0,_INCR
128.28.4,9,0,10,1,128,_TYPE
128.28,5,0,6,6,1,PARAM3
128.28.5,0,0,1,1,128,_EN
128.28.5,1,0,2,1,0,_X
128.28.5,2,0,3,1,128,_Y
128.28.5,3,0,4,2,128,_KEY
128.28.5,4,0,5,1,128,_IDX
128.28.5,5,0,6,3,128,_GRP
128.28.5,6,0,7,4,0,_MIN
128.28.5,7,0,8,4,0,_MAX
128.28.5,8,0,9,4,0,_INCR
128.28.5,9,0,10,1,128,_TYPE
128.28,6,0,7,6,1,PARAM4
128.28.6,0,0,1,1,128,_EN
128.28.6,1,0,2,1,0,_X
128.28.6,2,0,3,1,128,_Y
128.28.6,3,0,4,2,128,_KEY
128.28.6,4,0,5,1,128,_IDX
128.28.6,5,0,6,3,128,_GRP
128.28.6,6,0,7,4,0,_MIN
128.28.6,7,0,8,4,0,_MAX
128.28.6,8,0,9,4,0,_INCR
128.28.6,9,0,10,1,128,_TYPE
128.28,7,0,8,6,1,PARAM5
128.28.7,0,0,1,1,128,_EN
128.28.7,1,0,2,1,0,_X
128.28.7,2,0,3,1,128,_Y
128.28.7,3,0,4,2,128,_KEY
128.28.7,4,0,5,1,128,_IDX
128.28.7,5,0,6,3,128,_GRP
128.28.7,6,0,7,4,0,_MIN
128.28.7,7,0,8,4,0,_MAX
128.28.7,8,0,9,4,0,_INCR
128.28.7,9,0,10,1,128,_TYPE
128.28,8,0,9,6,1,PARAM6
128.28.8,0,0,1,1,128,_EN
128.28.8,1,0,2,1,0,_X
128.28.8,2,0,3,1,128,_Y
128.28.8,3,0,4,2,128,_KEY
128.28.8,4,0,5,1,128,_IDX
128.28.8,5,0,6,3,128,_GRP
128.28.8,6,0,7,4,0,_MIN
128.28.8,7,0,8,4,0,_MAX
128.28.8,8,0,9,4,0,_INCR
128.28.8,9,0,10,1,128,_TYPE
128.28,9,0,10,6,1,PARAM7
128.28.9,0,0,1,1,128,_EN
128.28.9,1,0,2,1,0,_X
128.28.9,2,0,3,1,128,_Y
128.28.9,3,0,4,2,128,_KEY
128.28.9,4,0,5,1,128,_IDX
128.28.9,5,0,6,3,128,_GRP
128.28.9,6,0,7,4,0,_MIN
128.28.9,7,0,8,4,0,_MAX
128.28.9,8,0,9,4,0,_INCR
128.28.9,9,0,10,1,128,_TYPE
128.28,10,0,11,6,1,PARAM8
128.28.10,0,0,1,1,128,_EN
128.28.10,1,0,2,1,0,_X
128.28.10,2,0,3,1,128,_Y
128.28.10,3,0,4,2,128,_KEY
128.28.10,4,0,5,1,128,_IDX
128.28.10,5,0,6,3,128,_GRP
128.28.10,6,0,7,4,0,_MIN
128.28.10,7,0,8,4,0,_MAX
128.28.10,8,0,9,4,0,_INCR
128.28.10,9,0,10,1,128,_TYPE
128.28,11,0,12,6,1,PARAM9
128.28.11,0,0,1,1,128,_EN
128.28.11,1,0,2,1,0,_X
128.28.11,2,0,3,1,128,_Y
128.28.11,3,0,4,2,128,_KEY
128.28.11,4,0,5,1,128,_IDX
128.28.11,5,0,6,3,128,_GRP
128.28.11,6,0,7,4,0,_MIN
128.28.11,7,0,8,4,0,_MAX
128.28.11,8,0,9,4,0,_INCR
128.28.11,9,0,10,1,128,_TYPE
128.28,12,0,13,1,0,SAVE_X
128.28,13,0,14,1,0,SAVE_Y
128,29,0,27,6,1,1_
128.29,0,0,2,1,68,ENABLE
128.29,1,0,1,6,1,LINK_Q
128.29.1,0,0,1,1,128,_EN
128.29.1,1,0,2,1,128,_X
128.29.1,2,0,3,1,128,_Y
128.29,2,0,3,1,0,TXT_RES
128.29,3,0,4,1,0,FONT
128.29,4,0,10,1,0,ESC_IDX
128,30,0,28,6,1,2_
128.30,0,0,2,1,68,ENABLE
128.30,1,0,1,6,1,LINK_Q
128.30.1,0,0,1,1,128,_EN
128.30.1,1,0,2,1,128,_X
128.30.1,2,0,3,1,128,_Y
128.30,2,0,3,1,0,TXT_RES
128.30,3,0,4,1,0,FONT
128.30,4,0,10,1,0,ESC_IDX
128,31,0,29,6,1,3_
128.31,0,0,2,1,68,ENABLE
128.31,1,0,1,6,1,LINK_Q
128.31.1,0,0,1,1,128,_EN
128.31.1,1,0,2,1,128,_X
128.31.1,2,0,3,1,128,_Y
128.31,2,0,3,1,0,TXT_RES
128.31,3,0,4,1,0,FONT
128.31,4,0,10,1,0,ESC_IDX
128,32,0,30,6,1,4_
128.32,0,0,2,1,68,ENABLE
128.32,1,0,1,6,1,LINK_Q
128.32.1,0,0,1,1,128,_EN
128.32.1,1,0,2,1,128,_X
128.32.1,2,0,3,1,128,_Y
128.32,2,0,3,1,0,TXT_RES
128.32,3,0,4,1,0,FONT
128.32,4,0,10,1,0,ESC_IDX
128,33,0,32,1,0,_TYPE2
,129,47,0,6,0,TKOFF_
129,0,0,1,2,0,ALT
129,1,0,2,2,0,LVL_ALT
129,2,0,3,1,0,LVL_PITCH
129,3,0,4,2,0,DIST
129,4,0,5,4,0,GND_PITCH
,130,272,0,6,0,AUTOLAND_
130,0,0,1,2,0,WP_ALT
130,1,0,2,2,0,WP_DIST
130,2,0,3,2,0,DIR_OFF
130,3,0,4,1,0,OPTIONS
130,4,0,5,2,0,CLIMB
,131,270,0,6,0,PUP_
131,0,0,1,1,4,ENABLE
131,1,0,2,4,0,ELEV_OFS
131,2,0,3,4,0,NG_LIM
131,3,0,4,4,0,NG_JERK_LIM
131,4,0,5,4,0,PITCH
131,5,0,6,4,0,ARSPD_START
131,6,0,7,4,0,PITCH_START
,132,257,0,6,0,
132,0,0,2,6,1,FFT_
132.0,0,0,1,1,4,ENABLE
132.0,1,0,2,2,0,MINHZ
132.0,2,0,3,2,0,MAXHZ
132.0,3,0,4,1,0,SAMPLE_MODE
132.0,4,0,5,2,0,WINDOW_SIZE
132.0,5,0,6,4,0,WINDOW_OLAP
132.0,6,0,7,4,0,FREQ_HOVER
132.0,7,0,8,4,0,THR_REF
132.0,8,0,9,4,0,SNR_REF
132.0,9,0,10,4,0,ATT_REF
132.0,10,0,11,4,0,BW_HOVER
132.0,11,0,12,1,0,HMNC_FIT
132.0,12,0,13,1,0,HMNC_PEAK
132.0,13,0,14,1,0,NUM_FRAMES
132.0,14,0,15,3,0,OPTIONS
132,1,0,3,6,1,VISO
132.1,0,0,0,1,4,_TYPE
132.1,1,0,1,5,0,_POS
132.1,2,0,2,1,0,_ORIENT
132.1,3,0,3,4,0,_SCALE
132.1,4,0,4,2,0,_DELAY_MS
132.1,5,0,5,4,0,_VEL_M_NSE
132.1,6,0,6,4,0,_POS_M_NSE
132.1,7,0,7,4,0,_YAW_M_NSE
132.1,8,0,8,1,0,_QUAL_MIN
132,2,0,4,6,1,VTX_
132.2,0,0,1,1,4,ENABLE
132.2,1,0,2,2,0,POWER
132.2,2,0,3,1,0,CHANNEL
132.2,3,0,4,1,0,BAND
132.2,4,0,5,2,0,FREQ
132.2,5,0,6,2,0,OPTIONS
132.2,6,0,7,2,0,MAX_POWER
132,3,0,5,6,1,MSP
132.3,0,0,1,1,0,_OSD_NCELLS
132.3,1,0,2,1,0,_OPTIONS
132,4,0,6,6,1,FRSKY_
132.4,0,0,1,1,0,UPLINK_ID
132.4,1,0,2,1,0,DNLINK1_ID
132.4,2,0,3,1,0,DNLINK2_ID
132.4,3,0,4,1,0,DNLINK_ID
132.4,4,0,5,1,0,OPTIONS
132,5,0,7,6,1,GEN_
132.5,0,0,1,1,4,TYPE
132.5,1,0,2,3,0,OPTIONS
132.5,2,0,3,6,18,L_
132,6,0,8,6,1,EAHRS
132.6,0,0,1,1,4,_TYPE
132.6,1,0,2,2,0,_RATE
132.6,2,0,3,2,0,_OPTIONS
132.6,3,0,4,2,0,_SENSORS
132.6,4,0,5,2,0,_LOG_RATE
132,7,0,9,6,1,EFI
132.7,0,0,1,1,4,_TYPE
132.7,1,0,2,4,0,_COEF1
132.7,2,0,3,4,0,_COEF2
132.7,3,0,4,4,0,_FUEL_DENS
132.7,4,0,5,6,1,_THRLIN
132.7.4,0,0,1,1,4,_EN
132.7.4,1,0,2,4,0,_COEF1
132.7.4,2,0,3,4,0,_COEF2
132.7.4,3,0,4,4,0,_COEF3
132.7.4,4,0,5,4,0,_OFS
132,8,0,10,6,1,ARSPD
132.8,0,0,10,1,0,_PRIMARY
132.8,1,0,21,3,0,_OPTIONS
132.8,2,0,22,4,0,_WIND_MAX
132.8,3,0,23,4,0,_WIND_WARN
132.8,4,0,26,4,0,_WIND_GATE
132.8,5,0,27,1,1024,_OFF_PCNT
132.8,6,0,28,6,1,_
132.8.6,0,0,1,1,4,TYPE
132.8.6,1,0,2,1,0,USE
132.8.6,2,0,3,4,0,OFFSET
132.8.6,3,0,4,4,0,RATIO
132.8.6,4,0,5,1,0,PIN
132.8.6,5,0,6,1,0,AUTOCAL
132.8.6,6,0,7,1,0,TUBE_ORDR
132.8.6,7,0,8,1,0,SKIP_CAL
132.8.6,8,0,9,4,0,PSI_RANGE
132.8.6,9,0,10,1,0,BUS
132.8.6,10,0,11,3,32,DEVID
132.8,7,0,29,6,1,2_
132.8.7,0,0,1,1,4,TYPE
132.8.7,1,0,2,1,0,USE
132.8.7,2,0,3,4,0,OFFSET
132.8.7,3,0,4,4,0,RATIO
132.8.7,4,0,5,1,0,PIN
132.8.7,5,0,6,1,0,AUTOCAL
132.8.7,6,0,7,1,0,TUBE_ORDR
132.8.7,7,0,8,1,0,SKIP_CAL
132.8.7,8,0,9,4,0,PSI_RANGE
132.8.7,9,0,10,1,0,BUS
132.8.7,10,0,11,3,32,DEVID
132,9,0,11,6,1,CUST_ROT
132.9,0,0,1,1,4,_ENABLE
132.9,1,0,2,6,1,1_
132.9.1,0,0,1,4,0,ROLL
132.9.1,1,0,2,4,0,PITCH
132.9.1,2,0,3,4,0,YAW
132.9,2,0,3,6,1,2_
132.9.2,0,0,1,4,0,ROLL
132.9.2,1,0,2,4,0,PITCH
132.9.2,2,0,3,4,0,YAW
132,10,0,12,6,1,ESC_TLM
132.10,0,0,1,1,0,_MAV_OFS
132,11,0,13,6,1,AIS_
132,12,0,14,6,1,FENCE_
132.12,0,0,0,1,0,ENABLE
132.12,1,0,1,1,0,TYPE
132.12,2,0,2,1,0,ACTION
132.12,3,0,3,4,15616,ALT_MAX
132.12,4,0,4,4,0,RADIUS
132.12,5,0,5,4,0,MARGIN
132.12,6,0,6,1,0,TOTAL
132.12,7,0,7,4,15616,ALT_MIN
132.12,8,0,8,1,1024,RET_RALLY
132.12,9,0,9,2,1024,RET_ALT
132.12,10,0,10,1,13568,AUTOENABLE
132.12,11,0,11,2,0,OPTIONS
132.12,12,0,12,4,0,NTF_FREQ
132.12,13,0,13,4,0,MARGIN_XY
132.12,14,0,14,1,15616,ALT_MAX_TP
132.12,15,0,15,1,15616,ALT_MIN_TP
132,13,0,15,6,1,DID_
132.13,0,0,1,1,4,ENABLE
132.13,1,0,2,1,0,MAVPORT
132.13,2,0,3,1,0,CANDRIVER
132.13,3,0,4,2,0,OPTIONS
132.13,4,0,5,4,0,BARO_ACC
132,14,0,16,6,1,TEMP
132.14,0,0,1,1,0,_LOG
132.14,1,0,10,6,1,1_
132.14.1,0,0,1,1,4,TYPE
132.14.1,1,0,2,1,0,BUS
132.14.1,2,0,3,1,0,ADDR
132.14.1,3,0,4,1,0,SRC
132.14.1,4,0,5,3,0,SRC_ID
132.14,2,0,19,6,18,1_
132.14,3,0,11,6,1,2_
132.14.3,0,0,1,1,4,TYPE
132.14.3,1,0,2,1,0,BUS
132.14.3,2,0,3,1,0,ADDR
132.14.3,3,0,4,1,0,SRC
132.14.3,4,0,5,3,0,SRC_ID
132.14,4,0,20,6,18,2_
132.14,5,0,12,6,1,3_
132.14.5,0,0,1,1,4,TYPE
132.14.5,1,0,2,1,0,BUS
132.14.5,2,0,3,1,0,ADDR
132.14.5,3,0,4,1,0,SRC
132.14.5,4,0,5,3,0,SRC_ID
132.14,6,0,21,6,18,3_
132,15,0,17,6,1,NMEA_
132.15,0,0,1,2,0,RATE_MS
132.15,1,0,2,2,0,MSG_EN
132,16,0,19,6,1,KDE_
132.16,0,0,1,1,0,NPOLE
132,17,0,20,3,0,FLTMODE_GCSBLOCK
132,18,0,21,6,1,NET_
132.18,0,0,1,1,4,ENABLE
132.18,1,0,9,3,0,OPTIONS
132,19,0,22,6,1,NET_P1_
132.19,0,0,1,1,4,TYPE
132.19,1,0,2,1,0,PROTOCOL
132.19,2,0,3,6,1,IP
132.19.2,0,0,1,2,0,0
132.19.2,1,0,2,2,0,1
132.19.2,2,0,3,2,0,2
132.19.2,3,0,4,2,0,3
132.19,3,0,4,3,0,PORT
132,20,0,23,6,1,NET_P2_
132.20,0,0,1,1,4,TYPE
132.20,1,0,2,1,0,PROTOCOL
132.20,2,0,3,6,1,IP
132.20.2,0,0,1,2,0,0
132.20.2,1,0,2,2,0,1
132.20.2,2,0,3,2,0,2
132.20.2,3,0,4,2,0,3
132.20,3,0,4,3,0,PORT
132,21,0,24,6,1,NET_P3_
132.21,0,0,1,1,4,TYPE
132.21,1,0,2,1,0,PROTOCOL
132.21,2,0,3,6,1,IP
132.21.2,0,0,1,2,0,0
132.21.2,1,0,2,2,0,1
132.21.2,2,0,3,2,0,2
132.21.2,3,0,4,2,0,3
132.21,3,0,4,3,0,PORT
132,22,0,25,6,1,NET_P4_
132.22,0,0,1,1,4,TYPE
132.22,1,0,2,1,0,PROTOCOL
132.22,2,0,3,6,1,IP
132.22.2,0,0,1,2,0,0
132.22.2,1,0,2,2,0,1
132.22.2,2,0,3,2,0,2
132.22.2,3,0,4,2,0,3
132.22,3,0,4,3,0,PORT
132,23,0,26,6,1,FILT
132.23,0,0,2,6,1,1_
132.23.0,0,0,1,1,4,TYPE
132.23,1,0,3,6,18,1_
132.23,2,0,4,6,1,2_
132.23.2,0,0,1,1,4,TYPE
132.23,3,0,5,6,18,2_
132.23,4,0,6,6,1,3_
132.23.4,0,0,1,1,4,TYPE
132.23,5,0,7,6,18,3_
132.23,6,0,8,6,1,4_
132.23.6,0,0,1,1,4,TYPE
132.23,7,0,9,6,18,4_
132.23,8,0,10,6,1,5_
132.23.8,0,0,1,1,4,TYPE
132.23,9,0,11,6,18,5_
132.23,10,0,12,6,1,6_
132.23.10,0,0,1,1,4,TYPE
132.23,11,0,13,6,18,6_
132.23,12,0,14,6,1,7_
132.23.12,0,0,1,1,4,TYPE
132.23,13,0,15,6,18,7_
132.23,14,0,16,6,1,8_
132.23.14,0,0,1,1,4,TYPE
132.23,15,0,17,6,18,8_
132,24,0,27,6,1,STAT
132.24,0,0,0,2,0,_BOOTCNT
132.24,1,0,1,3,0,_FLTTIME
132.24,2,0,2,3,0,_RUNTIME
132.24,3,0,3,3,0,_RESET
132.24,4,0,4,3,0,_FLTCNT
132.24,5,0,5,4,0,_DISTFLWN
132,25,0,28,6,1,SCR_
132.25,0,0,1,1,4,ENABLE
132.25,1,0,2,3,0,VM_I_COUNT
132.25,2,0,3,3,0,HEAP_SIZE
132.25,3,0,4,1,0,DEBUG_OPTS
132.25,4,0,5,4,0,USER1
132.25,5,0,6,4,0,USER2
132.25,6,0,7,4,0,USER3
132.25,7,0,8,4,0,USER4
132.25,8,0,10,4,0,USER5
132.25,9,0,11,4,0,USER6
132.25,10,0,9,2,0,DIR_DISABLE
132.25,11,0,12,3,0,LD_CHECKSUM
132.25,12,0,13,3,0,RUN_CHECKSUM
132.25,13,0,14,1,0,THD_PRIORITY
132.25,14,0,15,1,4,SDEV_EN
132.25,15,0,16,1,0,SDEV1_PROTO
132.25,16,0,17,1,0,SDEV2_PROTO
132.25,17,0,18,1,0,SDEV3_PROTO
132,26,0,29,6,1,LOG
132.26,0,0,0,1,0,_BACKEND_TYPE
132.26,1,0,1,2,0,_FILE_BUFSIZE
132.26,2,0,2,1,0,_DISARMED
132.26,3,0,3,1,0,_REPLAY
132.26,4,0,4,1,0,_FILE_DSRMROT
132.26,5,0,5,1,0,_MAV_BUFSIZE
132.26,6,0,6,2,0,_FILE_TIMEOUT
132.26,7,0,7,2,0,_FILE_MB_FREE
132.26,8,0,8,4,0,_FILE_RATEMAX
132.26,9,0,9,4,0,_MAV_RATEMAX
132.26,10,0,10,4,0,_BLK_RATEMAX
132.26,11,0,11,4,0,_DARM_RATEMAX
132.26,12,0,12,2,0,_MAX_FILES
132,27,0,30,6,1,GRIP_
132.27,0,0,0,1,4,ENABLE
132.27,1,0,1,1,0,TYPE
132.27,2,0,2,2,0,GRAB
132.27,3,0,3,2,0,RELEASE
132.27,4,0,4,2,0,NEUTRAL
132.27,5,0,5,1,0,REGRAB
132.27,6,0,6,2,0,CAN_ID
132.27,7,0,7,4,0,AUTOCLOSE
132,28,0,31,6,1,SERIAL
132.28,0,0,0,3,0,0_BAUD
132.28,1,0,11,1,0,0_PROTOCOL
132.28,2,0,1,1,0,1_PROTOCOL
132.28,3,0,2,3,0,1_BAUD
132.28,4,0,3,1,0,2_PROTOCOL
132.28,5,0,4,3,0,2_BAUD
132.28,6,0,5,1,0,3_PROTOCOL
132.28,7,0,6,3,0,3_BAUD
132.28,8,0,7,1,0,4_PROTOCOL
132.28,9,0,8,3,0,4_BAUD
132.28,10,0,9,1,0,5_PROTOCOL
132.28,11,0,10,3,0,5_BAUD
132.28,12,0,12,1,0,6_PROTOCOL
132.28,13,0,13,3,0,6_BAUD
132.28,14,0,14,3,0,1_OPTIONS
132.28,15,0,15,3,0,2_OPTIONS
132.28,16,0,16,3,0,3_OPTIONS
132.28,17,0,17,3,0,4_OPTIONS
132.28,18,0,18,3,0,5_OPTIONS
132.28,19,0,19,3,0,6_OPTIONS
132.28,20,0,20,1,0,_PASS1
132.28,21,0,21,1,0,_PASS2
132.28,22,0,22,1,0,_PASSTIMO
132.28,23,0,23,1,0,7_PROTOCOL
132.28,24,0,24,3,0,7_BAUD
132.28,25,0,25,3,0,7_OPTIONS
132,29,0,32,6,1,RPM
132.29,0,0,14,6,1,1_
132.29.0,0,0,1,1,4,TYPE
132.29.0,1,0,2,4,0,SCALING
132.29.0,2,0,3,4,0,MAX
132.29.0,3,0,4,4,0,MIN
132.29.0,4,0,5,4,0,MIN_QUAL
132.29.0,5,0,6,1,0,PIN
132.29.0,6,0,7,3,0,ESC_MASK
132.29.0,7,0,8,1,0,ESC_INDEX
132.29.0,8,0,9,1,0,DC_ID
132.29,1,0,15,6,1,2_
132.29.1,0,0,1,1,4,TYPE
132.29.1,1,0,2,4,0,SCALING
132.29.1,2,0,3,4,0,MAX
132.29.1,3,0,4,4,0,MIN
132.29.1,4,0,5,4,0,MIN_QUAL
132.29.1,5,0,6,1,0,PIN
132.29.1,6,0,7,3,0,ESC_MASK
132.29.1,7,0,8,1,0,ESC_INDEX
132.29.1,8,0,9,1,0,DC_ID
,133,271,0,6,0,QWIK_
133,0,0,1,1,4,ENABLE
133,1,0,2,1,0,AXES
133,2,0,3,4,0,DOUBLE_TIME
133,3,0,4,4,0,GAIN_MARGIN
133,4,0,5,4,0,OSC_SMAX
133,5,0,6,4,0,YAW_P_MAX
133,6,0,7,4,0,YAW_D_MAX
133,7,0,8,4,0,RP_PI_RATIO
133,8,0,9,4,0,Y_PI_RATIO
133,9,0,10,1,0,AUTO_FILTER
133,10,0,11,4,0,AUTO_SAVE
133,11,0,12,4,0,REDUCE_MAX
133,12,0,13,2,0,OPTIONS
133,13,0,14,1,0,ANGLE_MAX
,134,273,0,6,0,MAV
134,0,0,1,2,0,_SYSID
134,1,0,2,2,0,_GCS_SYSID
134,2,0,5,2,0,_GCS_SYSID_HI
134,3,0,3,2,0,_OPTIONS
134,4,0,4,1,0,_TELEM_DELAY
134,5,0,11,6,18,1
134,6,0,12,6,18,2
134,7,0,13,6,18,3
134,8,0,14,6,18,4
134,9,0,15,6,18,5
134,10,0,16,6,18,6
134,11,0,17,6,18,7
134,12,0,18,6,18,8
134,13,0,19,6,18,9
134,14,0,20,6,18,10
134,15,0,21,6,18,11
134,16,0,22,6,18,12
134,17,0,23,6,18,13
134,18,0,24,6,18,14
134,19,0,25,6,18,15
134,20,0,26,6,18,16
