time_us,in_Tar,in_Act,in_Err,in_FF,in_DFF,in_SRate,in_Flags,out_P,out_I,out_D,out_Dmod
1745135,0,0,0,0,0,0,0,0,0,0,0
1945055,0,0,0,0,0,0,0,0,0,0,0
2184959,0,0,0,0,0,0,0,0,0,0,0
2384879,0,0,0,0,0,0,0,0,0,0,0
2584799,0,0,0,0,0,0,0,0,0,0,0
2784719,0,0,0,0,0,0,0,0,0,0,0
2984639,0,0,0,0,0,0,0,0,0,0,0
3184559,0,0,0,0,0,0,0,0,0,0,0
3384479,0,0,0,0,0,0,0,0,0,0,0
3584399,0,0,0,0,0,0,0,0,0,0,0
3784319,0,0,0,0,0,0,0,0,0,0,0
3985072,0,0,0,0,0,0,0,0,0,0,0
4224976,0,0,0,0,0,0,0,0,0,0,0
4424896,0,0,0,0,0,0,0,0,0,0,0
4624816,0,0,0,0,0,0,0,0,0,0,0
4824736,0,0,0,0,0,0,0,0,0,0,0
5024656,0,0,0,0,0,0,0,0,0,0,0
5224576,0,0,0,0,0,0,0,0,0,0,0
5424496,0,0,0,0,0,0,0,0,0,0,0
5624416,0,0,0,0,0,0,0,0,0,0,0
5824336,0,0,0,0,0,0,0,0,0,0,0
6025089,0,0,0,0,0,0,0,0,0,0,0
6225009,0,0,0,0,0,0,0,0,0,0,0
6464913,0,0,0,0,0,0,0,0,0,0,0
6664833,0,0,0,0,0,0,0,0,0,0,0
6864753,0,0,0,0,0,0,0,0,0,0,0
7064673,0,0,0,0,0,0,0,0,0,0,0
7264593,0,0,0,0,0,0,0,0,0,0,0
7464513,0,0,0,0,0,0,0,0,0,0,0
7664433,0,0,0,0,0,0,0,0,0,0,0
7864353,0,0,0,0,0,0,0,0,0,0,0
8065106,0,0,0,0,0,0,0,0,0,0,0
8265026,0,0,0,0,0,0,0,0,0,0,0
8504930,0,0,0,0,0,0,0,0,0,0,0
8704850,0,0,0,0,0,0,0,0,0,0,0
8904770,0,0,0,0,0,0,0,0,0,0,0
9104690,0,0,0,0,0,0,0,0,0,0,0
9304610,0,0,0,0,0,0,0,0,0,0,0
9504530,0,0,0,0,0,0,0,0,0,0,0
9704450,0,0,0,0,0,0,0,0,0,0,0
9904370,0,0,0,0,0,0,0,0,0,0,0
10105123,0,0,0,0,0,0,0,0,0,0,0
10305043,0,0,0,0,0,0,0,0,0,0,0
10544947,0,0,0,0,0,0,0,0,0,0,0
10744867,0,0,0,0,0,0,0,0,0,0,0
10944787,0,0,0,0,0,0,0,0,0,0,0
11144707,0,0,0,0,0,0,0,0,0,0,0
11344627,0,0,0,0,0,0,0,0,0,0,0
11544547,0,0,0,0,0,0,0,0,0,0,0
11744467,0,0,0,0,0,0,0,0,0,0,0
11944387,0,0,0,0,0,0,0,0,0,0,0
12145140,0,0,0,0,0,0,0,0,0,0,0
12345060,0,0,0,0,0,0,0,0,0,0,0
12584964,0,0,0,0,0,0,0,0,0,0,0
12784884,0,0,0,0,0,0,0,0,0,0,0
12984804,0,0,0,0,0,0,0,0,0,0,0
13184724,0,0,0,0,0,0,0,0,0,0,0
13384644,0,0,0,0,0,0,0,0,0,0,0
13584564,0,0,0,0,0,0,0,0,0,0,0
13784484,0,0,0,0,0,0,0,0,0,0,0
13984404,0,0,0,0,0,0,0,0,0,0,0
14184324,0,0,0,0,0,0,0,0,0,0,0
14385077,0,0,0,0,0,0,0,0,0,0,0
14624981,0,0,0,0,0,0,0,0,0,0,0
14824901,0,0,0,0,0,0,0,0,0,0,0
15024821,0,0,0,0,0,0,0,0,0,0,0
15224741,0,0,0,0,0,0,0,0,0,0,0
15424661,0,0,0,0,0,0,0,0,0,0,0
15624581,0,0,0,0,0,0,0,0,0,0,0
15824501,0,0,0,0,0,0,0,0,0,0,0
16024421,0,0,0,0,0,0,0,0,0,0,0
16224341,0,0,0,0,0,0,0,0,0,0,0
16425094,0,0,0,0,0,0,0,0,0,0,0
16625014,0,0,0,0,0,0,0,0,0,0,0
16864918,0,0,0,0,0,0,0,0,0,0,0
17064838,0,0,0,0,0,0,0,0,0,0,0
17264758,0,0,0,0,0,0,0,0,0,0,0
17464678,0,0,0,0,0,0,0,0,0,0,0
17664598,0,0,0,0,0,0,0,0,0,0,0
17864518,0,0,0,0,0,0,0,0,0,0,0
18064438,0,0,0,0,0,0,0,0,0,0,0
18264358,0,0,0,0,0,0,0,0,0,0,0
18465111,0,0,0,0,0,0,0,0,0,0,0
18665031,0,0,0,0,0,0,0,0,0,0,0
18904935,0,0,0,0,0,0,0,0,0,0,0
19104855,0,0,0,0,0,0,0,0,0,0,0
19304775,0,0,0,0,0,0,0,0,0,0,0
19504695,0,0,0,0,0,0,0,0,0,0,0
19704615,0,0,0,0,0,0,0,0,0,0,0
19904535,0,0,0,0,0,0,0,0,0,0,0
20104455,0,0,0,0,0,0,0,0,0,0,0
20304375,0,0,0,0,0,0,0,0,0,0,0
20505128,0,0,0,0,0,0,0,0,0,0,0
20705048,0,0,0,0,0,0,0,0,0,0,0
20944952,0,0,0,0,0,0,0,0,0,0,0
21144872,0,0,0,0,0,0,0,0,0,0,0
21344792,0,0,0,0,0,0,0,0,0,0,0
21544712,0,0,0,0,0,0,0,0,0,0,0
21744632,0,0,0,0,0,0,0,0,0,0,0
21944552,0,0,0,0,0,0,0,0,0,0,0
22144472,0,0,0,0,0,0,0,0,0,0,0
22344392,0,0,0,0,0,0,0,0,0,0,0
22544312,0,0,0,0,0,0,0,0,0,0,0
22745065,0,0,0,0,0,0,0,0,0,0,0
22984969,0,0,0,0,0,0,0,0,0,0,0
23184889,0,0,0,0,0,0,0,0,0,0,0
23384809,0,0,0,0,0,0,0,0,0,0,0
23584729,0,0,0,0,0,0,0,0,0,0,0
23784649,0,0,0,0,0,0,0,0,0,0,0
23984569,0,0,0,0,0,0,0,0,0,0,0
24184489,-0.0399999991,0.00754205091,-0.00381014636,-0.0197659768,0,0.232747227,9,-0.0654915944,0,0.00094136619,1
24384409,-0.0399999991,0.0122537343,-0.00418775342,-0.0197657514,0,0.570632398,9,-0.0719821826,0,-0.00292504462,1
24584329,-0.0399999991,0.0106571727,-0.00405980088,-0.0197659582,0,0.76456368,9,-0.0697828382,0,-0.0208657105,1
24785082,-0.0399999991,0.00652457029,-0.00372860278,-0.0197659358,0,0.850173295,9,-0.0640899613,0,0.00916429516,1
24985002,-0.0399999991,0.00447944319,-0.00356470095,-0.0197658632,0,0.882218122,9,-0.0612726957,0,0.0125528658,1
25224906,-0.0399999991,0.00666023465,-0.00373947527,-0.0197659768,0,0.722695351,9,-0.0642768443,0,0.0022537373,1
25424826,-0.0399999991,0.00655133603,-0.00373074785,-0.0197659247,0,0.656813145,9,-0.0641268268,0,0.0085646417,1
25624746,-0.0399999991,0.00720381225,-0.00378303905,-0.019765798,0,0.664659262,9,-0.06502565,0,0.00353443646,1
25824666,-0.0799999982,0.0124108139,-0.00617824076,-0.0319614932,-0,0.619374573,9,-0.106196135,0,-0.0324832834,1
26024586,-0.0799999982,0.0131681915,-0.00741664879,-0.0392226651,-0,0.681430221,9,-0.127482802,0,-0.0157615189,1
26224506,-0.0799999982,0.00645666942,-0.00692682341,-0.0395191833,-0,0.726061821,9,-0.119063318,0,0.00889748242,1
26344458,-0.0799999982,0.00887786597,-0.0071226093,-0.0395293906,-0,0.743350983,9,-0.122428641,0,-0.00240917341,1
26464410,-0.0799999982,0.00872840732,-0.00711088674,-0.039530877,-0,0.757339835,9,-0.122227132,0,-0.00774140889,1
26584362,-0.0799999982,0.0128743239,-0.00744318869,-0.0395310149,-0,0.771610141,9,-0.127938986,0,-0.00671488326,1
26704314,-0.0799999982,0.0119445436,-0.00736867962,-0.0395317003,-0,0.7946105,9,-0.126658276,0,-0.00721804285,1
26825099,-0.0799999982,0.0118438685,-0.00736061158,-0.039531488,0,0.805742562,9,-0.126519591,0,-0.00382918702,1
26945051,-0.0799999982,0.0114499256,-0.00732903974,-0.0395315699,0,0.815146148,9,-0.125976905,0,-0.00600490067,1
27065003,-0.0799999982,0.0097369235,-0.00719175534,-0.0395315103,0,0.79408741,9,-0.123617172,0,0.00220293645,1
27184955,-0.0799999982,0.00837840512,-0.00708288001,-0.0395315588,0,0.745486736,9,-0.121745743,0,-0.00273006037,1
27304907,-0.0799999982,0.0124819679,-0.0074117505,-0.0395314656,0,0.660383821,9,-0.127398595,0,-0.00756333256,1
27424859,-0.0799999982,0.00979821384,-0.00719666714,-0.0395311452,0,0.584995985,9,-0.123701587,0,-0.00384965306,1
27544811,-0.0799999982,0.00962041412,-0.0071824179,-0.0395310558,0,0.557341158,9,-0.123456664,0,-0.00301558175,1
27664763,-0.0799999982,0.00967209786,-0.00718655996,-0.0395316184,0,0.562648416,9,-0.123527862,0,0.0041103824,1
27784715,-0.0799999982,0.00906888954,-0.00713821733,-0.0395314582,0,0.53755635,9,-0.122696914,0,0.00116565265,1
27904667,-0.0799999982,0.0112894373,-0.00731617771,-0.0395309962,0,0.481592357,9,-0.125755832,0,-0.00763208652,1
28024619,-0.0799999982,0.0104173012,-0.00724628242,-0.0395317115,0,0.42661494,9,-0.124554418,0,-0.000990416505,1
28144571,-0.0799999982,0.00926252641,-0.00715373596,-0.039531488,0,0.41070655,9,-0.122963659,0,-0.00313462224,1
28264523,-0.0799999982,0.0125412736,-0.0074165035,-0.0395310558,0,0.429694086,9,-0.127480298,0,-0.011801553,1
28384475,-0.0799999982,0.0123726474,-0.00740298908,-0.0395313613,0,0.479489684,9,-0.127248004,0,-0.00247818395,1
28504427,-0.0799999982,0.0115978792,-0.00734089734,-0.0395311527,0,0.570318878,9,-0.126180738,0,0.000260737143,1
28624379,-0.119999997,0.00751887728,-0.0095721595,-0.0553043932,-0,0.688970685,9,-0.164533302,0,-0.007881172,1
28744331,-0.119999997,0.0103599653,-0.0103524029,-0.0587115623,-0,0.79482305,9,-0.17794469,0,-0.00169141416,1
28865116,-0.119999997,0.00930409878,-0.0103488388,-0.0592110865,-0,0.868065476,9,-0.177883431,0,0.00459954888,1
28985068,-0.119999997,0.00924856681,-0.01035628,-0.0592838638,-0,0.900922,9,-0.178011343,0,0.00608703028,1
29105020,-0.119999997,0.0145921279,-0.0107862717,-0.0592953488,-0,0.860029936,9,-0.185402349,0,-0.0101683233,1
29224972,-0.119999997,0.0119990837,-0.0105787143,-0.0592965446,-0,0.761851072,9,-0.181834698,0,-0.00371862389,1
29344924,-0.119999997,0.0104798693,-0.010456997,-0.0592964254,-0,0.674880028,9,-0.179742545,0,0.00204708101,1
29464876,-0.119999997,0.0130006196,-0.0106590223,-0.0592969917,0,0.597837508,9,-0.183215097,0,0.000589745818,1
29584828,-0.119999997,0.0130738886,-0.0106648942,-0.0592970327,0,0.529589891,9,-0.183316022,0,-0.00291680172,1
29704780,-0.119999997,0.00936026312,-0.0103672743,-0.059296798,0,0.469133258,9,-0.178200319,0,0.00724880118,1
29824732,-0.159999996,0.00971317943,-0.0119105857,-0.0686377361,-0,0.543829322,9,-0.204727873,0,-0.0271557011,1
29944684,-0.159999996,0.00916831568,-0.0133095859,-0.0775340572,-0,0.701138914,9,-0.228774935,0,0.00570660178,1
30064636,-0.159999996,0.0122455684,-0.0137678348,-0.0788377598,-0,0.824274182,9,-0.236651629,0,0.00179127418,1
30184588,-0.159999996,0.0112578394,-0.0137197217,-0.0790296346,-0,0.912217021,9,-0.235824645,0,0.00218870095,1
30304540,-0.159999996,0.0116230128,-0.0137535417,-0.0790581107,-0,0.95213753,9,-0.236405954,0,-0.00155905704,1
30424492,-0.159999996,0.0120537812,-0.0135601889,-0.0800259262,0,0.924718082,9,-0.233082488,0,0.00475616753,1
30544444,-0.159999996,0.0102722012,-0.0124319596,-0.0777647048,0,0.819154501,9,-0.21368964,0,0.0239606984,1
30664396,-0.159999996,0.0167690516,-0.0115345465,-0.0733379349,0,0.849556088,9,-0.198264256,0,0.00494060339,1
30784348,-0.159999996,0.0131851016,-0.010141653,-0.0688850731,0,0.860282183,9,-0.174322173,0,0.00508685643,1
30905133,-0.159999996,0.0132418871,-0.00918851607,-0.0651606247,0,0.808864474,9,-0.157938957,0,0.00362250721,1
31025085,-0.199999988,0.0139964046,-0.00968254637,-0.0754222125,0,0.716526628,8,-0.166430697,-0.00277384487,-0.000864508969,1
31145037,-0.199999988,0.0130206933,-0.00907411613,-0.0737817734,0,0.634729743,0,-0.15597257,-0.018902937,0.00829864293,1
31264989,-0.199999988,0.0152295455,-0.00847874768,-0.070527859,0,0.562270641,0,-0.145738944,-0.0339358486,0.00362811098,1
31384941,-0.199999988,0.0106110163,-0.00769428816,-0.0675896332,0,0.498083204,0,-0.132255062,-0.0476700366,0.00415171636,1
31504893,-0.199999988,0.011172656,-0.00719831139,-0.0650180802,0,0.441223264,0,-0.123729855,-0.0604935996,0.00429118006,1
31624845,-0.199999988,0.0100708958,-0.0065150708,-0.0637200996,0,0.390854329,0,-0.111985818,-0.0722431168,0.010539663,1
31744797,-0.199999988,0.0122487852,-0.00597536936,-0.0603412353,0,0.398268908,0,-0.102709033,-0.0830512568,0.00724004162,1
31864749,-0.199999988,0.0140461,-0.0054612332,-0.0570303611,0,0.397320449,0,-0.0938716829,-0.0928372592,0.00323164719,1
31984701,-0.239999995,0.0131506538,-0.0051850765,-0.0569014773,-0,0.370449603,0,-0.0891248956,-0.101760581,-0.00428884057,1
32104653,-0.239999995,0.0138853909,-0.00528926682,-0.0605108626,0,0.378902406,0,-0.0909157991,-0.110844098,-0.000136038361,1
32224605,-0.239999995,0.0136845298,-0.00483550318,-0.0598392785,0,0.374751925,0,-0.0831161737,-0.11944446,0.00390151283,1
32344557,-0.239999995,0.0140492069,-0.00444982806,-0.0567919053,0,0.34597972,0,-0.0764869079,-0.127396643,0.00394961564,1
32464509,-0.239999995,0.0129714748,-0.00411621854,-0.0542893037,0,0.306483537,0,-0.0707525834,-0.13470383,0.00282109575,1
32584461,-0.239999995,0.013876983,-0.0038790477,-0.0523211434,0,0.271496117,0,-0.0666759163,-0.141568169,0.0016269089,1
32704413,-0.159999996,-0.612645388,0.0055880351,-0.0461516082,0,0.419494569,0,0.0960512459,-0.143762887,0.183600724,1
32824365,-0.159999996,-0.491020739,0.00440646848,-0.030493198,-0,1.59055042,0,0.0757416114,-0.142875716,0.267512321,1
32944317,0.0399999991,-1.09208274,0.0127446065,-0.0121076256,0,4.06526423,0,0.21906364,-0.131172508,0.062825568,1
33065102,0.319999993,0.0524682291,0.00222074334,0.0456889123,0,6.04456758,0,0.0381717645,-0.121906728,-0.0581208579,1
33185054,0.439999998,-1.0637629,0.0156882126,0.062744081,0,7.55294323,0,0.269660503,-0.120539509,0.38366586,1
33305006,0.639999986,0.87093997,-0.00294858729,0.107289873,0,9.0512085,0,-0.0506824814,-0.110922374,-0.283918202,1
33424958,0.399999976,0.667331874,-0.00152185187,0.0890152082,-0,10.1457243,0,-0.0261587054,-0.107472904,-0.167058647,1
33544910,0,0.340189338,-0.00197005575,0.0228563547,-0,10.842721,0,-0.0338627622,-0.116051778,0.117946498,1
33664862,-0.280000001,0.844739318,-0.0091283666,-0.0236428138,-0,11.1066809,0,-0.156905055,-0.124380566,-0.142024174,1
33784814,0,-1.70065212,0.0137528041,-0.0280281771,0,11.4903336,0,0.236393288,-0.121952742,0.151346773,1
33904766,0.639999986,-1.60593188,0.0171658956,0.060072951,0,12.055603,0,0.295059979,-0.101774685,0.131094858,1
34024718,0.799999952,-0.086491555,0.0069155856,0.119957782,0,12.357892,0,0.118870161,-0.086454995,-0.074642688,1
34144670,0.519999981,0.266975164,0.00284988945,0.0973066613,-0,11.853756,0,0.0489859916,-0.0807338953,-0.0196353868,1
34264622,0.560000002,-0.996881187,0.0116636623,0.0790214837,0,10.5005598,0,0.20048359,-0.0738726482,0.20071052,1
34384574,0.75999999,0.362820387,0.00273620267,0.109920017,0,9.70919895,0,0.0470318608,-0.0596931428,-0.09505409,1
34504526,0.439999998,-0.0145988334,0.00402156496,0.0798274502,-0,9.70581818,0,0.0691256076,-0.0602449663,0.145863906,1
34624478,-0.0399999991,1.55905521,-0.00940708909,0.0291414708,-0,9.10042,0,-0.161695942,-0.0681369975,-0.0171963684,1
34744430,0.119999997,-0.44658646,0.00342982518,0.00921701919,0,8.9353075,0,0.0589543544,-0.0639657676,-0.0406393148,1
34864382,0.159999996,0.228300899,-0.000470670406,0.0219106507,0,9.30516624,0,-0.00809022877,-0.0611721389,-0.0792944655,1
34984334,0.599999964,-1.10682368,0.00953039806,0.0567684062,0,9.59467697,0,0.163815469,-0.0488594808,0.00338822813,1
35105119,0.959999979,-0.913602114,0.0103142709,0.106554903,0,9.74035931,0,0.177289248,-0.0345442146,0.0433106311,1
35225071,0.719999969,-0.0835605711,0.00509866513,0.106457978,-0,8.70634747,0,0.0876396,-0.0303262211,0.160145789,1
35345023,0.879999995,0.130084038,0.00409761816,0.112562872,0,8.37181473,0,0.0704328641,-0.0193301328,-0.0547364131,1
35464975,0.439999998,0.969457686,-0.00204605679,0.0768742859,-0,7.89094734,0,-0.0351691246,-0.0217596516,-0.0193455182,1
35584927,0.0399999991,0.974063873,-0.00409372803,0.027368227,-0,7.30025864,0,-0.0703660026,-0.0257213879,-0.0581090264,1
35704879,-0.280000001,0.417470396,-0.00302262977,-0.0190614816,-0,6.46687889,0,-0.0519551784,-0.0325953141,0.0118148942,1
35824831,-0.280000001,-0.130733415,-0.00111030659,-0.0431999825,0,5.72863674,0,-0.0190847646,-0.0351034924,0.0128954798,1
35944783,-0.319999993,0.316687047,-0.00343471067,-0.0419836864,0,5.07466984,0,-0.0590383261,-0.0400883332,-0.0289706364,1
36064735,-0.399999976,-0.348816663,-0.000188283506,-0.0488766097,-0,4.49535751,0,-0.00323635503,-0.0444351844,0.0636010095,1
36184687,-0.0399999991,-0.830249846,0.00340157002,-0.0246381424,0,3.98217869,0,0.0584686846,-0.04011067,-0.0115647325,1
36304639,0.159999996,-0.110745385,0.000992241665,0.00945669133,0,3.67399383,0,0.0170553774,-0.0358369201,-0.0285036545,1
36424591,0.0799999982,0.0659785569,0.000440820586,0.0189132225,-0,3.45363188,0,0.00757714733,-0.0353129022,0.0303369612,1
36544543,-0.0799999982,0.551437795,-0.00311591174,-0.00255886745,-0,3.25842571,0,-0.0535585769,-0.0390094332,-0.0209656879,1
36664495,-0.319999993,0.346823335,-0.00316455495,-0.0297053382,-0,2.95014024,0,-0.0543946922,-0.0437714234,-0.00789658818,1
36784447,-0.280000001,-0.335147262,0.000128931249,-0.0403904766,0,2.94731283,0,0.00221616495,-0.0437797457,-0.0101054115,1
36904399,-0.280000001,0.585292161,-0.00466427114,-0.0332161039,-0,3.10867214,0,-0.0801729187,-0.0445084684,-0.126913249,1
37024351,-0.680000007,0.503466368,-0.00562652852,-0.0658539608,-0,3.45465469,0,-0.0967129022,-0.0549933836,0.0194360446,1
37145136,-0.439999998,-0.962497175,0.00243507279,-0.0686729103,0,3.6932199,0,0.0418558158,-0.0551998951,0.015600835,1
37265088,0.119999997,-0.923922837,0.00451731635,-0.0150558902,0,3.89010668,0,0.0776469484,-0.0486247204,-0.0172593091,1
37385040,0.399999976,-0.0390737616,0.00179109769,0.0367136374,0,4.04265785,0,0.0307867024,-0.0421828106,-0.0720779225,1
37504992,0.399999976,-0.143906206,0.00293994136,0.049866613,0,4.10720873,0,0.0505338684,-0.0389561169,0.0313985683,1
37624944,0.479999989,-0.410817713,0.0049324045,0.0616872907,0,3.80489826,0,0.0847817883,-0.0360753089,0.0853820071,1
37744896,0.399999976,0.433531195,0.000182688935,0.0606888346,-0,3.72909975,0,0.00314019131,-0.0326565132,0.0176515579,1
37864848,0.119999997,0.586429417,-0.00194451574,0.0306698754,-0,3.93858337,0,-0.0334237628,-0.0363048613,0.028007552,1
37984800,0.280000001,-0.687462628,0.00492326356,0.026344765,0,4.1516571,0,0.084624663,-0.0320922844,0.0143426014,1
38104752,0.280000001,0.279423982,1.38918404e-05,0.036479298,-0,4.42947006,0,0.000238783134,-0.0302950591,-0.0203401577,1
38224704,0.359999985,0.653621972,-0.00200269511,0.0369482785,0,4.66042423,0,-0.0344237909,-0.031385839,-0.0415678471,1
38344656,0.399999976,-0.129897043,0.00262514385,0.0454691797,0,4.8617692,0,0.0451228991,-0.029463267,0.0364366695,1
38464608,0.799999952,-0.210071251,0.004631666,0.0830429569,0,4.97438002,0,0.0796124712,-0.0219954383,0.0190941282,1
38584560,1.12,0.466961116,0.00298162317,0.130649969,0,4.90522766,0,0.0512503237,-0.0113494517,-0.128098667,1
38704512,1.03999996,0.926011264,0.000896331389,0.139377162,-0,4.95474863,0,0.0154068014,-0.00664690742,-0.0537766144,1
38824464,0.959999979,0.611329854,0.00204365607,0.12650314,-0,5.07865095,0,0.0351278596,-0.00329714431,0.0343844704,1
38944416,0.479999989,1.17699409,-0.00248834351,0.0884439051,-0,5.18928719,0,-0.0427714735,-0.00343632279,-0.0519387349,1
39064368,0.0799999982,0.351122707,-0.000510353595,0.03180217,-0,5.12551451,0,-0.00877233222,-0.00562809082,0.0266344268,1
39184320,-0.359999985,-0.0356106237,-0.000845915405,-0.0250068717,-0,4.66148281,0,-0.014540215,-0.0112844538,0.0995583758,1
39305105,-0.519999981,0.135867029,-0.00302763074,-0.0568635426,-0,4.77582073,0,-0.0520411395,-0.0151453232,-0.0130610652,1
39425057,-0.839999974,0.973754406,-0.00857617613,-0.0898165554,-0,4.81393719,0,-0.147413597,-0.025643317,-0.027617259,1
39545009,-0.399999976,-1.06752038,0.00230564061,-0.0750052482,0,4.80757427,0,0.0396310426,-0.0261755958,0.0470376834,1
39664961,0.0399999991,-0.366679847,0.00123648322,-0.014545287,0,4.75712252,0,0.0212535821,-0.0199949816,-0.0598245747,1
39784913,0.280000001,-0.0194828771,0.00106084859,0.0239372812,0,4.93268204,0,0.0182346422,-0.0175445825,-0.0197965223,1
39904865,0.680000007,-0.077133067,0.00305456296,0.0666481182,0,5.01001596,0,0.0525040664,-0.0111086313,-0.0558712818,1
40024817,0.75999999,0.904485106,-0.000492989551,0.0975455567,-0,4.64453316,0,-0.00847386662,-0.00775946071,-0.0549510159,1
40144769,0.319999993,0.61995399,-0.000682224054,0.0581356138,-0,4.11432505,0,-0.0117265675,-0.0104252677,0.0222495403,1
40264721,0.0799999982,-0.0143700168,0.000942228711,0.0218541417,-0,3.64464378,0,0.0161957182,-0.0107551888,0.0491258204,1
40384673,0.119999997,-0.472950488,0.00280387024,0.0124690514,0,3.22858047,0,0.0481949784,-0.0112607228,0.0942794308,1
40504625,0.359999985,-0.014888864,0.00154877175,0.0367451124,0,3.29722309,0,0.0266214237,-0.00697056856,-0.0229162537,1
40624577,0.359999985,0.273952186,0.000268677599,0.0403499827,0,3.41878796,0,0.00461822795,-0.00626431964,0.0204184316,1
40744529,-0.0799999982,0.760174394,-0.00316785136,0.0155225312,-0,3.50978017,0,-0.0544513538,-0.0105177313,0.0309716705,1
40864481,-0.439999998,-0.292963356,-8.50262586e-05,-0.0382408313,-0,3.56709027,0,-0.00146149378,-0.0150638977,0.049913846,1
40984433,-0.75999999,0.0672708526,-0.00350702368,-0.0781807601,-0,3.63542438,0,-0.0602812991,-0.0221488997,0.0528035276,1
41104385,-0.799999952,0.0419866815,-0.00404597074,-0.0946305767,-0,3.77573657,0,-0.0695451126,-0.0272133164,0.00296332291,1
41224337,-0.639999986,-0.632030845,-0.000458335504,-0.0890645906,0,4.01947498,0,-0.00787820667,-0.0301750544,0.0438845642,1
41345122,-0.239999995,-0.887293458,0.00229964219,-0.0517159253,0,4.20049667,0,0.0395279378,-0.0295765549,0.062821202,1
41465074,0.0799999982,-0.0228180271,-0.000124822953,-0.00589704746,0,4.45527744,0,-0.00214554858,-0.0283365529,-0.0306168217,1
41585026,0.0399999991,-0.294109762,0.00150518538,0.00175661745,0,4.58487511,0,0.0258722305,-0.0283286609,0.0520783663,1
41704978,-0.159999996,0.274388105,-0.00181351916,-0.0121441586,-0,4.64453983,0,-0.0311720986,-0.0314500742,0.00390261784,1
41824930,0.399999976,-0.931127191,0.0049372646,0.0124950306,0,4.51151276,0,0.0848653316,-0.024670409,-0.0326779373,1
41944882,0.75999999,-0.28679058,0.00413293298,0.0703979731,0,4.45369482,0,0.0710398853,-0.0180158727,0.0687345192,1
42064834,0.75999999,0.722485125,0.00023757387,0.0923939496,-0,4.62883759,0,0.00408359431,-0.0150762927,-0.00669983588,1
42184786,0.239999995,0.727271676,-0.00133527489,0.0524964817,-0,4.76593208,0,-0.022951683,-0.0179444626,0.0358896852,1
42304738,0.0799999982,-0.364766747,0.00224110857,0.0141754113,-0,4.84298611,0,0.0385218188,-0.0194256976,0.0568535253,1
42424690,0.0399999991,1.20236444,-0.00511223497,0.0097499406,-0,4.88672495,0,-0.0878728479,-0.0213925876,-0.0780467466,1
42544642,-0.399999976,0.875133038,-0.00496935984,-0.0257400908,-0,4.96194839,0,-0.0854170024,-0.0278436355,-0.0116137965,1
42664594,-0.919999957,1.19672167,-0.00845578127,-0.0790769011,-0,5.0162797,0,-0.145344183,-0.0359496847,-0.119289421,1
42784546,-1.63999999,-0.204730958,-0.00534647284,-0.163045228,-0,5.0362401,0,-0.091899097,-0.0495905057,0.105194509,1
42904498,-1.71999991,-0.741219223,-0.0043269624,-0.199353665,-0,5.05713749,0,-0.0743750036,-0.0588694252,0.0463882647,1
43024450,-1.19999993,-1.63818455,0.000882981811,-0.167250708,0,4.96461487,0,0.0151773402,-0.0582229905,-0.0402255021,1
43144402,-0.75999999,-0.739174068,-0.000815954525,-0.107171208,0,4.52399015,0,-0.0140252253,-0.0584047101,-0.0225398727,1
43264354,0.0799999982,-1.54889381,0.00560833653,-0.0321584418,0,4.00754261,0,0.0964002013,-0.0522432253,0.0262013022,1
43385139,0.799999952,-0.431348234,0.00424279412,0.0616655722,0,3.71337557,0,0.0729282573,-0.0429128297,-0.00841835141,1
43505091,0.799999952,0.118328884,0.0029133074,0.0903941616,0,3.70362425,0,0.0500760674,-0.038375821,-0.00939213019,1
43625043,0.639999986,0.12065243,0.00241763867,0.0777232796,-0,3.53343439,0,0.041556146,-0.0341170616,0.00459741242,1
43744995,0.0399999991,0.950267732,-0.00292006857,0.0322511829,-0,3.30545664,0,-0.0501922779,-0.039390929,0.0129086627,1
43864947,-0.439999998,1.10800397,-0.00576972356,-0.0252439585,-0,3.11209226,0,-0.0991742387,-0.046457272,-0.0319026113,1
43984899,-0.719999969,-0.107981689,-0.00223153201,-0.0715203285,-0,2.91451478,0,-0.0383572094,-0.0505579263,-0.0104804412,1
44104851,-0.799999952,0.0995340571,-0.00368707697,-0.0863155127,-0,2.79534364,0,-0.0633761808,-0.0559280813,-0.00659123389,1
44224803,-0.879999995,-0.286138743,-0.00218337448,-0.0908008814,-0,2.7999289,0,-0.0375294425,-0.059423428,-0.00588709163,1
44344755,-1.07999992,0.261588693,-0.00515329093,-0.107225947,-0,2.74102664,0,-0.0885785446,-0.0654659346,-0.0188086163,1
44464707,-1.19999993,-0.223882437,-0.00383226248,-0.127649546,-0,2.87798262,0,-0.0658717379,-0.0717614293,0.0214957912,1
44584659,-0.479999989,-2.0430553,0.00543670403,-0.0884453803,0,3.18184018,0,0.0934500545,-0.0655842498,0.00157987303,1
44704611,0.239999995,-0.330439001,0.00142557442,0.000285515503,0,3.59059978,0,0.0245038196,-0.0587015375,-0.0505028479,1
44824563,0.719999969,-0.658732891,0.00494368374,0.056752257,0,3.91055942,0,0.0849756673,-0.0547646359,0.0565040633,1
44944515,0.719999969,0.617976427,0.000397153199,0.0810558125,0,4.11952353,0,0.00682656048,-0.050260216,-0.0579715259,1
45064467,0.439999998,0.56449455,-5.96458558e-05,0.0627366081,-0,4.12893057,0,-0.00102523668,-0.0488639846,-0.0156131582,1
45184419,0.639999986,0.992331743,-0.00140806357,0.0754171237,-0,4.24841166,0,-0.0242028292,-0.0439707488,-0.0894858465,1
45304371,0.119999997,1.29648685,-0.00410491321,0.0379726999,-0,4.55695009,0,-0.0705582574,-0.0479203463,-0.0543649197,1
45424323,-0.280000001,0.429554433,-0.00243748236,-0.0163794905,-0,4.79607582,0,-0.0418972336,-0.0541929491,0.040110115,1
45545108,-0.199999988,-0.438319921,0.000932466239,-0.0248704385,0,4.89852667,0,0.0160279144,-0.054532703,-0.00459633442,1
45665060,-0.119999997,0.110881738,-0.00109750079,-0.016795028,0,4.44453573,0,-0.0188646484,-0.0527803153,-0.102086462,1
45785012,-0.280000001,-0.509898782,0.00100935169,-0.0308448263,-0,4.49171638,0,0.017349476,-0.0560222417,0.0734849423,1
45904964,-0.0399999991,-0.100401975,-4.32870584e-05,-0.0125533342,0,4.32849073,0,-0.000744049728,-0.0548211709,-0.0402823575,1
46024916,-0.0399999991,0.1487481,-0.000790923601,-0.00433175266,-0,4.16614628,0,-0.0135949748,-0.0563997962,0.0198679958,1
46144868,0.359999985,-0.47289443,0.00276898872,0.0206135027,0,3.88885069,0,0.0475954115,-0.0512186736,-0.0626269579,1
46264820,0.599999964,0.0554064102,0.0018851026,0.056862615,0,3.90416884,0,0.0324025266,-0.0442439727,-0.0931534693,1
46384772,0.519999981,1.17577803,-0.00251447433,0.0658788085,-0,3.7924633,0,-0.0432206318,-0.042918995,-0.0864596143,1
46504724,0.280000001,0.378428221,-4.45677433e-05,0.0417084061,-0,3.81786633,0,-0.000766063051,-0.0436237492,-0.0100037176,1
46624676,0.0399999991,0.364555001,-0.000908566057,0.0169162918,-0,3.88887548,0,-0.0156170996,-0.0455414727,0.0182099734,1
46744628,-0.159999996,0.768565655,-0.00355403777,-0.00834723841,-0,3.83455801,0,-0.0610894077,-0.0494373329,-0.0152926026,1
46864580,-0.319999993,0.331776112,-0.00243326416,-0.0277439952,-0,3.43585968,0,-0.0418247283,-0.0509691909,-0.0695931241,1
46984532,-0.560000002,-0.14311479,-0.00153791555,-0.0575064868,-0,3.3996799,0,-0.0264348201,-0.0567826144,0.0358899646,1
47104484,-0.75999999,0.255354315,-0.00388179533,-0.0752203763,-0,3.42028999,0,-0.0667231455,-0.0633329302,0.0522612929,1
47224436,-0.519999981,-1.10888374,0.00197420036,-0.0727893263,0,3.52892947,0,0.0339340046,-0.0635645092,0.027928181,1
47344388,-0.159999996,-0.840868294,0.00217711553,-0.037035156,0,3.64055657,0,0.0374218561,-0.0612625703,0.0322162621,1
47464340,0.159999996,-0.100377038,0.00068740343,0.00704195118,0,3.78670001,0,0.0118155945,-0.0565436855,-0.0377835631,1
47585125,0.239999995,0.118646838,0.000409672037,0.0244499203,0,3.87006474,0,0.00704174349,-0.0522571392,-0.0603269152,1
47705077,0.399999976,-0.399431914,0.00314176083,0.0388566442,0,3.84290099,0,0.0540028922,-0.0490955114,0.0662616715,1
47825029,0.519999981,-0.641102552,0.00470602419,0.0533374436,0,3.87729859,0,0.0808905959,-0.042260386,0.00604735268,1
47944981,0.879999995,-1.16086078,0.0080486415,0.0839749724,0,3.69977379,0,0.138345957,-0.0310693588,0.0272533,1
48064933,1.31999993,-0.546739221,0.00711238105,0.128495693,0,3.52541995,0,0.122252829,-0.0196326096,-0.0188859664,1
48184885,1.36000001,1.05417395,0.00140185561,0.157299235,-0,3.75603962,0,0.024096122,-0.0125403162,-0.0862398744,1
48304837,1.19999993,0.616880536,0.00284688873,0.14633809,-0,3.94009686,0,0.0489344113,-0.00903108064,0.0124436496,1
48424789,0.719999969,1.46225369,-0.00206520641,0.110828355,-0,4.07040119,0,-0.0354982838,-0.00908270199,-0.032947097,1
48544741,0.239999995,1.33254385,-0.0037081982,0.0520945787,-0,3.9052341,0,-0.0637392253,-0.0127922427,-0.0283462107,1
48664693,-0.119999997,0.595407426,-0.00237852638,0.00396412378,-0,3.77533293,0,-0.0408838578,-0.0175077878,0.0195229426,1
48784645,-0.280000001,-0.365396738,0.000596538186,-0.0255506393,-0,3.90348148,0,0.0102537358,-0.0211058185,0.104318008,1
48904597,0.319999993,-0.331505984,0.00201062718,0.0161221381,0,4.17302275,0,0.0345601365,-0.0133982021,-0.109321512,1
49024549,0.919999957,-0.773173571,0.00572665595,0.0651168004,0,4.56413174,0,0.098433964,-0.00796987209,0.0601806119,1
49144501,-90,0.0732249394,-0.179917753,-4.79805279,-0,7.70911407,0,-3.09255838,-0.0869172364,-3.54765511,1
49264453,-90,-34.3620529,-0.207425714,-9.45394135,-0,24.4497757,0,-3.56538534,-0.491594881,0.837294757,1
49384405,-90,-72.1095734,-0.0719516873,-10.1430712,-0,39.2111015,0,-1.23675835,-0.702238262,0.892934501,1
49504357,-90,-86.5660172,-0.0140049458,-10.2462845,-0,50.4226761,0,-0.240727276,-0.757093966,0.314085335,1
49625142,-90,-89.4766922,-0.00212264061,-10.2606745,-0,57.4441643,0,-0.0364855044,-0.765764892,0.0343485065,1
49745094,-90,-91.4021988,0.00618842244,-10.2629843,-0,60.9207726,0,0.106371149,-0.762416363,0.0672297701,1
49865046,-50.5999985,-88.6916733,0.0959305167,-7.55955744,0,61.8206253,0,1.64892411,-0.676378846,0.934258223,1
49984998,-13.1199999,-68.7987289,0.170162946,-3.30604744,0,54.8960724,0,2.92488551,-0.421840638,0.346312195,1
50104950,10.6399994,-35.6398849,0.152999282,0.0225460082,0,48.6292725,0,2.62986398,-0.134077355,-0.361620605,1
50224902,19.7999992,-5.99055529,0.0913169086,1.75624883,0,43.0778732,0,1.56962204,0.0690060407,-0.509098947,1
50344854,18.7600002,11.6347504,0.0303929485,2.13794136,0,38.1602097,0,0.522416294,0.162443921,-0.467723429,1
50464806,13,18.0442982,-0.0119993836,1.7460283,-0,33.803936,0,-0.206254214,0.168758318,-0.286301196,1
50584758,6.35999966,18.0818481,-0.0381809659,1.06997824,-0,29.9449615,0,-0.656282425,0.120577075,-0.181776091,1
50704710,0.799999952,13.1120663,-0.0427971557,0.395374328,-0,26.5265198,0,-0.735628903,0.0496986099,-0.0263064969,1
50824662,-2.48000002,7.4035821,-0.0381410867,-0.111572661,-0,23.4983196,0,-0.655596972,-0.0204654764,0.0569290556,1
50944614,-4.92000008,3.20646286,-0.0327333733,-0.456698924,-0,20.8158073,0,-0.562645257,-0.0808413848,0.0456778631,1
51064566,-5.5999999,-0.479668677,-0.0223520361,-0.625730276,-0,18.4395275,0,-0.384203196,-0.123988777,0.0332040973,1
51184518,-5.19999981,-2.63737249,-0.0127971247,-0.640941739,0,16.3345165,0,-0.219966367,-0.150787786,0.0599497929,1
51304470,-4.4000001,-4.15291166,-0.00294025429,-0.574480534,0,14.4698086,0,-0.0505392477,-0.163786605,0.120648988,1
51424422,-4,-2.17349482,-0.00910095032,-0.4917261,0,12.8179703,0,-0.156433821,-0.172917575,-0.0630142912,1
51544374,-3.43999982,-3.38514972,-0.00130765326,-0.441038191,0,11.3547029,0,-0.0224769041,-0.179958686,0.053006202,1
51664326,-3,-2.25597262,-0.00451484881,-0.385725498,0,10.0584784,0,-0.0776045322,-0.1885584,0.044569876,1
51785111,-2.44000006,-1.998456,-0.00359117705,-0.331177324,0,8.91022682,0,-0.0617277846,-0.199011311,0.0979125425,1
51905063,-1.36000001,-1.40419769,-0.00239239214,-0.229117677,0,8.42852211,0,-0.0411221907,-0.205740482,0.0278161224,1
52025015,-0.359999985,-0.560831368,-0.00144152017,-0.103658698,0,7.72083855,0,-0.024777906,-0.211144179,0.00543261738,1
52144967,0.75999999,0.5544523,-0.00128694705,0.0329495296,0,7.36050892,0,-0.0221209899,-0.214094087,-0.0351439714,1
52264919,1.51999998,1.39158356,-0.000856091268,0.143014222,0,7.44452572,0,-0.0147151249,-0.214617804,-0.0150214108,1
52384871,1.79999995,1.63289809,-4.40543517e-05,0.191954613,0,7.04027462,0,-0.000757238478,-0.216908306,0.00181483082,1
52504823,1.36000001,2.94288325,-0.0066225552,0.176367894,-0,6.35429382,0,-0.113833338,-0.226720035,-0.0104670599,1
52624775,0.199999988,3.62565708,-0.0132484883,0.082600534,-0,5.62890339,0,-0.227724731,-0.247601062,0.0227099918,1
52744727,-0.0799999982,1.77257216,-0.00762796588,0.0098047927,-0,4.9863224,0,-0.131115079,-0.264740616,0.0566842221,1
52864679,0.159999996,1.74812841,-0.00747329555,0.0102665322,0,4.52047968,0,-0.128456488,-0.277418792,-0.0367390998,1
52984631,1.07999992,0.484295756,0.000933995005,0.0808967128,0,4.69273281,0,0.0160541926,-0.281589389,0.0083790198,1
53104583,2.11999989,1.97563684,-0.000774440356,0.210251749,0,5.01942587,0,-0.0133116487,-0.27837643,-0.0638108626,1
53224535,3.51999998,2.4037807,0.00173231959,0.325118273,0,5.22711897,0,0.0297763813,-0.280611306,0.0755629092,1
53344487,4.31999969,4.2066884,-0.00167853013,0.445437312,0,5.31506443,0,-0.0288518071,-0.277418017,-0.105856247,1
53464439,4.31999969,5.08722591,-0.00370556302,0.494379997,0,5.36762333,0,-0.0636939406,-0.284849942,0.0199943241,1
53584391,4.79999971,5.06699467,-0.00132599846,0.553634524,0,5.08225155,0,-0.022792235,-0.285782486,-0.0644459873,1
53704343,5.07999992,5.24276066,2.27205455e-05,0.609101892,-0,5.14699364,0,0.000390537403,-0.288155526,0.00200841017,1
53825128,7.96000004,4.58443022,0.00892797299,0.765521586,0,4.93216705,0,0.153460547,-0.27784881,0.0943226144,1
53945080,8.76000023,6.61800289,0.00602027215,0.924728692,0,4.46089888,0,0.103480853,-0.264659226,-0.0200097393,1
54065032,8.76000023,8.35902405,0.00139382854,1.00475359,0,3.95165372,0,0.0239581484,-0.260495663,-0.00930405408,1
54184984,8.55999947,8.76341152,0.000538077205,1.02886939,-0,3.79480481,0,0.00924886577,-0.257505238,-0.0779652745,1
54304936,8.11999989,9.266366,-0.00189337134,1.02257156,-0,3.95983481,0,-0.0325446539,-0.256930381,-0.0442170985,1
54424888,10.8400002,9.17549992,0.00149510056,1.10033131,0,4.09353209,0,0.0256988853,-0.256398439,0.0243931543,1
54544840,10.1999998,10.6976805,-0.00396816805,1.13227475,0,4.26336622,0,-0.0682077855,-0.261663318,0.0362354554,1
54664792,9.63999939,10.4283619,-0.00292679667,1.12864816,-0,4.50184345,0,-0.0503079295,-0.265974492,-0.0512442514,1
54784744,9.19999981,10.1351175,-0.00172284618,1.12634659,-0,4.63598108,0,-0.0296135433,-0.268491507,-0.0406519249,1
54904696,8.76000023,10.3055191,-0.00281014293,1.11736465,-0,4.73603058,0,-0.0483027995,-0.271539152,-0.00413043145,1
55024648,12.0799999,11.105401,-0.00271162018,1.21173203,0,4.71847725,0,-0.0466093197,-0.276790619,0.0292288456,1
55144600,11.96,9.35821724,0.00772752613,1.28420651,0,4.52051449,0,0.132826388,-0.273699999,0.146617517,1
55264552,11.7199993,10.7866068,0.00407209247,1.35231256,0,4.85724878,0,0.0699941143,-0.265108764,-0.0131187038,1
55384504,11.3599997,11.7872782,0.000672787428,1.37770367,-0,5.17563772,0,0.0115643647,-0.258629501,-0.138985291,1
55504456,10.1199999,12.835969,-0.00610313565,1.31991422,-0,5.51198149,0,-0.104905173,-0.265599847,-0.0443842672,1
55624408,13.6799994,11.6913319,0.00105863065,1.37584889,0,5.69589853,0,0.0181965195,-0.268979669,0.133492798,1
55744360,13.6399994,12.0988464,0.00226195902,1.45424128,0,5.96676922,0,0.0388802104,-0.270323336,0.106093988,1
55864312,13.8800001,11.9088726,0.00746986642,1.56978559,0,6.15566063,0,0.128397539,-0.260494083,-0.0323810875,1
55985097,13.1599998,12.9764833,0.00408459455,1.60343397,-0,6.48978853,0,0.070209004,-0.253478765,0.00552228419,1
56105049,11.5599995,14.1874256,-0.00478825346,1.5086391,-0,6.7513299,0,-0.0823040158,-0.251721948,-0.125351921,1
56225001,14.1199999,13.2011976,-0.00204112753,1.46816504,0,6.90232897,0,-0.0350844003,-0.255533457,0.0355037712,1
56344953,13,12.5735779,-0.000307157636,1.44321144,0,6.34112358,0,-0.00527965091,-0.257477105,0.0341041908,1
56464905,11.3999996,12.0574188,-0.000761244446,1.37561178,-0,5.61723614,0,-0.0130848279,-0.2583974,-0.0325349793,1
56584857,8.55999947,12.2181597,-0.00995584577,1.15994024,-0,4.97598648,0,-0.171128377,-0.270505041,-0.0729490295,1
56704809,4.79999971,9.92570496,-0.0149518028,0.771807194,-0,4.40793991,0,-0.257002562,-0.294465393,-0.0138870468,1
56824761,0.519999981,7.53353071,-0.0238960907,0.280721128,-0,3.90474057,0,-0.410743535,-0.328723818,-0.110861056,1
56944713,-1.12,3.31588125,-0.017735038,-0.0555334724,-0,3.97700238,0,-0.30484286,-0.364850134,0.100606017,1
57064665,0.639999986,0.927097678,-0.00423222547,0.00421440648,0,4.12429523,0,-0.0727465898,-0.382213324,0.146735385,1
57184617,6,-0.839673638,0.0249277651,0.526658595,0,4.48433638,0,0.428476721,-0.358644724,0.137016058,1
57304569,12.6799994,4.07705879,0.0352732465,1.3786906,0,5.15245438,0,0.60630244,-0.299883008,-0.0582887828,1
57424521,29.6399994,11.3894672,0.0497983471,2.62890744,0,6.21727324,0,0.855970502,-0.222066104,0.265185058,1
57544473,32.7599983,20.1739273,0.043242164,3.53370357,0,7.73601866,0,0.743278086,-0.141213313,-0.0291824918,1
57664425,30.4399986,25.6977081,0.0250708908,3.75186539,-0,9.03944588,0,0.430936873,-0.090551205,-0.116826206,1
57784377,23.1999989,28.5895996,-0.00947576761,3.23938346,-0,10.0743227,0,-0.162876442,-0.0865101218,-0.24570094,1
57904329,13.5599995,26.6544437,-0.0409333482,2.21485138,-0,10.7134113,0,-0.70359242,-0.134108022,-0.311738461,1
58025114,5.51999998,19.5858784,-0.0508812815,1.10097075,-0,11.0127211,0,-0.874584794,-0.21585235,-0.0204178747,1
58145066,0.439999998,10.6380587,-0.0395669118,0.297247708,-0,10.2895145,0,-0.68010509,-0.293312252,0.136769742,1
58265018,-0.719999969,4.25486326,-0.021362653,-0.0204056017,-0,9.11488914,0,-0.367196947,-0.344221145,0.132614359,1
58384970,1.24000001,0.489102602,0.00137045118,0.0935874432,0,8.07435703,0,0.02355632,-0.357737005,0.139376536,1
58504922,4.75999975,0.144879669,0.0182620808,0.475760281,0,7.15260887,0,0.31390202,-0.334895283,0.023654744,1
58624874,11.04,3.50831079,0.0229564086,1.00069785,0,6.48428392,0,0.3945916,-0.291310728,-0.0612957478,1
58744826,11.7199993,6.60382032,0.0196350254,1.29123247,0,6.53335762,0,0.337501198,-0.255455941,0.0590733811,1
58864778,11,8.76286507,0.0116320364,1.34999359,-0,6.54991102,0,0.199939966,-0.228360027,-0.0838531777,1
58984730,8.76000023,10.8920555,-0.00450090691,1.19958174,-0,6.5628686,0,-0.0773648918,-0.222956389,-0.157904983,1
59104682,6.03999996,9.67657852,-0.0100232512,0.913058162,-0,6.21501398,0,-0.172286987,-0.23487328,-0.0459794067,1
59224634,6.87999964,6.76482153,-0.00140863284,0.777776062,0,6.28016233,0,-0.0242126137,-0.23821713,0.0078664599,1
59344586,6.11999989,5.22057629,0.00368059799,0.720312119,0,6.39380503,0,0.063264817,-0.238017589,0.0935055315,1
59464538,5.19999981,5.44575977,0.00035921298,0.662930727,-0,6.30563116,0,0.00617441628,-0.238402456,0.053356111,1
59584490,4.15999985,5.17125034,-0.00211802311,0.567246139,-0,5.7517643,0,-0.0364061333,-0.239556998,-0.0460499525,1
59704442,3.67999983,3.14739299,0.00456015952,0.493098766,-0,5.96799231,0,0.0783833638,-0.231545448,-0.0357952937,1
59824394,4.03999996,4.25586987,-0.00222249143,0.454622805,0,6.05415583,0,-0.0382018127,-0.231469288,-0.0147084799,1
59944346,3.5999999,2.61185169,0.00421143044,0.419917166,0,5.70108604,0,0.0723891556,-0.231937766,0.107135706,1
60065131,4.15999985,2.66813374,0.00595121644,0.470566064,0,5.05026436,0,0.102293879,-0.222620115,-0.0317521691,1
60185083,4.44000006,2.80012369,0.00787407439,0.534951687,-0,4.47373867,0,0.13534537,-0.213308975,0.124443814,1
60305035,4.92000008,3.28407502,0.00841061864,0.606479883,-0,4.80941439,0,0.144567877,-0.192182422,-0.111272134,1
60424987,5.92000008,4.7682724,0.00376165286,0.665759027,0,5.07216358,0,0.0646580458,-0.178668261,-0.0824479535,1
60544939,5.07999992,3.26055551,0.00894864742,0.616893768,-0,5.50419807,0,0.153815925,-0.167999431,0.0581925213,1
60664891,4.44000006,4.73416328,-8.56630504e-06,0.565643609,-0,5.76554489,0,-0.000147243933,-0.158770263,-0.173812076,1
60784843,2.87999988,4.7154665,-0.00528201088,0.429268539,-0,6.06378269,0,-0.0907910764,-0.170922354,0.103234299,1
60904795,2.48000002,2.24404812,0.00286764186,0.340732306,-0,6.32335138,0,0.0492911302,-0.16999352,0.0454654768,1
61024747,3.43999982,2.09092879,0.00434789807,0.35991478,0,6.51659918,0,0.0747348592,-0.162789062,0.0208695922,1
61144699,3.03999996,2.99722242,0.000172122382,0.361549854,0,6.50828075,0,0.00295856595,-0.15929395,-0.0137653304,1
61264651,2.96000004,1.62941086,0.00613632984,0.350328118,0,5.76531124,0,0.105475739,-0.150015712,-0.0567055419,1
61384603,2.79999995,2.53087163,0.00202400796,0.352986127,-0,5.10715771,0,0.0347901322,-0.141512364,-0.0787915364,1
61504555,2.96000004,1.24271107,0.00845757686,0.363376141,-0,4.52413702,0,0.145375028,-0.131624058,0.0273190066,1
61624507,3.75999999,1.62420678,0.00807178393,0.398940325,0,4.00767279,0,0.138743743,-0.11736843,-0.0442035459,1
61744459,3.67999983,1.7834518,0.00822790619,0.421854675,0,3.55016685,0,0.141427293,-0.10360875,-0.0080997711,1
61864411,2.87999988,3.20640874,-0.000195316039,0.376352042,-0,3.53003359,0,-0.00335723534,-0.101837881,-0.0198325422,1
61984363,2.48000002,1.62620366,0.00488164835,0.317843318,-0,3.70285869,0,0.0839093477,-0.0957701355,-0.0312914923,1
62104315,2.03999996,1.7570765,0.00259153079,0.274996549,-0,3.9298377,0,0.0445451327,-0.0948879495,0.062913239,1
62225100,2.83999991,0.0623633601,0.0110894358,0.290309012,0,4.11184359,0,0.190613359,-0.0849367231,0.166892588,1
62345052,2.83999991,1.58383381,0.00538392784,0.325506836,0,4.66780186,0,0.0925429016,-0.0731461793,0.00364722358,1
62465004,1.71999991,3.2047298,-0.00495699886,0.254127622,-0,5.19033146,0,-0.0852045342,-0.0768990889,-0.0712332278,1
62584956,1.15999997,0.325957358,0.00479055103,0.160960034,-0,5.62500906,0,0.0823435038,-0.0795199424,0.129968941,1
62704908,1.19999993,1.43782783,-0.000512481201,0.157714069,-0,5.95199299,0,-0.00880890246,-0.0769441724,-0.0378235616,1
62824860,2.11999989,0.282628179,0.00690155895,0.209706113,0,6.12495279,0,0.118629053,-0.0693171844,0.0373145603,1
62944812,1.79999995,2.25125384,-0.00190044101,0.218669176,-0,6.18410587,0,-0.0326661766,-0.0669409111,-0.070344165,1
63064764,0.959999979,2.31524968,-0.00483598653,0.151263312,-0,5.95663261,0,-0.0831244811,-0.0742360204,0.00444189552,1
63184716,0.479999989,0.979918242,-0.00135567016,0.0816921294,-0,5.27663803,0,-0.0233022533,-0.0799377784,0.0339818522,1
63304668,0.119999997,1.62922025,-0.00602422934,0.039594885,-0,4.67427015,0,-0.103548869,-0.0856589302,-0.0691955686,1
63424620,0.119999997,1.69456804,-0.00701567065,0.0220144372,-0,4.69248295,0,-0.120590493,-0.0918531939,-0.0976060778,1
63544572,0.0399999991,0.521981597,-0.00210442254,0.00816297624,-0,5.17006731,0,-0.0361723602,-0.0952039659,0.021411607,1
63664524,0.159999996,0.65962708,-0.00233739102,0.0184579734,0,5.54718113,0,-0.0401767902,-0.0959448814,-0.0432954654,1
63784476,0.280000001,0.494780332,-0.00109841721,0.0305531528,0,5.82389688,0,-0.0188804008,-0.0981760398,-0.0243752841,1
63904428,0.399999976,0.0613109283,0.00163314678,0.0490147248,-0,5.87844467,0,0.0280717257,-0.0968232825,0.057374768,1
64024380,0.959999979,-0.586055994,0.00615160726,0.0878223106,0,5.20737648,0,0.105738342,-0.0909156278,0.066741854,1
64144332,0.959999979,0.541223049,0.00184300006,0.111224629,0,4.61291504,0,0.0316788368,-0.0848106667,-0.0499753579,1
64265117,1.15999997,0.068868719,0.00463717058,0.126675174,0,4.3482852,0,0.0797070861,-0.0757796913,-0.0592782162,1
64385069,1.15999997,1.12072492,0.000334106386,0.141250998,-0,4.26646805,0,0.00574286561,-0.073059313,-0.0392844006,1
64505021,1.07999992,0.769132197,0.00186433666,0.138733923,-0,4.33555937,0,0.0320455842,-0.0684452131,-0.00621771999,1
64624973,1.24000001,0.917420805,0.00136415008,0.143462062,0,4.41952085,0,0.0234480128,-0.0641487241,-0.0717141405,1
64744925,0.519999981,0.493942231,0.00142942765,0.0950017869,-0,4.36755085,0,0.0245700516,-0.0638097972,0.0452131405,1
64864877,0.0399999991,0.666273952,-0.00181087072,0.0324255116,-0,3.95857573,0,-0.0311265737,-0.0649820641,-0.0286597218,1
64984829,0.0799999982,-0.551306844,0.00284113339,0.00756645529,0,3.73049974,0,0.0488354862,-0.0659261644,0.058066003,1
65104781,0.399999976,0.0657542795,0.00119539641,0.038393084,0,3.57017922,0,0.0205473509,-0.0626069829,0.00193303288,1
65224733,0.959999979,0.258053392,0.00210337923,0.0843988433,0,3.5887785,0,0.0361544229,-0.0560033657,-0.0929297581,1
65344685,0.439999998,1.05163813,-0.00196169922,0.0737066045,-0,3.80020833,0,-0.0337191261,-0.0572728217,-0.0123500545,1
65464637,0.0799999982,0.338887513,-0.000397148542,0.0297766421,-0,3.97980666,0,-0.00682648085,-0.0600586161,0.0863184631,1
65584589,-0.0399999991,0.538481653,-0.00224658335,0.00585210277,-0,4.27223539,0,-0.0386159234,-0.0611592121,-0.0250234865,1
65704541,-0.159999996,0.57825315,-0.00305757928,-0.0103472909,-0,4.50113583,0,-0.052555915,-0.0646190494,-0.0379743204,1
65824493,-0.0799999982,0.579064667,-0.00319913868,-0.0139725348,0,4.64692354,0,-0.0549891442,-0.0702712163,0.00837812014,1
65944445,0.159999996,-0.478805512,0.00218272069,-0.000262135582,0,4.7201128,0,0.0375182033,-0.069579348,-0.00514233578,1
66064397,0.399999976,-0.0715351254,0.00178212277,0.0374270827,0,4.75067949,0,0.0306324326,-0.0627666861,-0.0480144545,1
66184349,-0.0799999982,1.61679685,-0.00681271916,0.0147387655,-0,4.56093121,0,-0.117102012,-0.067328766,-0.073828727,1
66305134,-0.479999989,0.30795002,-0.0028934814,-0.0383136235,-0,4.6348362,0,-0.0497352816,-0.0764746219,0.0606448986,1
66425086,-0.639999986,-0.133308902,-0.00208541541,-0.0694258809,-0,4.52105236,0,-0.0358456522,-0.0816169009,-0.0320250541,1
66545038,-0.199999988,-1.73287904,0.00594822876,-0.0495253205,0,4.23524189,0,0.102242514,-0.0802693292,0.102237344,1
66664990,0.919999957,-1.43349838,0.00862030499,0.05462154,0,4.49549103,0,0.148172125,-0.0673044845,-0.0108880401,1
66784942,1.55999994,-0.385658652,0.00760190748,0.151167646,0,4.74306011,0,0.130667165,-0.0548228398,-0.0278716963,1
66904894,1.71999991,0.808950782,0.00407458283,0.199992269,0,4.93472147,0,0.0700369179,-0.0446782932,-0.058849927,1
67024846,1.55999994,1.86298347,-0.000815883745,0.196665347,-0,5.03010321,0,-0.0140240081,-0.0425454415,-0.0469683856,1
67144798,1.19999993,1.44271255,-0.000583205372,0.153458551,-0,5.12072849,0,-0.0100245615,-0.0427892543,0.0362649597,1
67264750,1.39999998,0.261180699,0.00476575689,0.153930664,0,5.04554653,0,0.0819173232,-0.0359151289,-0.0269423295,1
67384702,1.48000002,0.842045069,0.00282914727,0.171609282,0,4.62877083,0,0.048629459,-0.0293429941,-0.0555693023,1
67504654,0.680000007,1.76694524,-0.00343401311,0.117108926,-0,4.10036182,0,-0.0590263382,-0.032763537,-0.0158152264,1
67624606,0.199999988,1.01730824,-0.00273834029,0.0473161042,-0,3.7998147,0,-0.0470686033,-0.0367805026,-0.00720305182,1
67744558,-6.75999975,0.366652161,-0.0156091368,-0.362938315,-0,3.80098772,0,-0.268301278,-0.0466005802,-0.248559088,1
67864510,90,-0.0679472759,0.239471853,6.21897268,0,11.2757664,0,4.11621809,0.0835479796,3.31092048,1
67984462,90,40.7597885,0.196178719,9.8421402,0,30.270462,0,3.37206388,0.504616499,-1.15693974,1
68104414,90,75.9196854,0.0594172478,10.3722229,0,46.1600876,0,1.02130723,0.696646094,-0.967709124,1
68224366,90,87.244339,0.0117902756,10.4485426,0,57.969986,0,0.202659905,0.740731716,-0.243887126,1
68344318,90,90.0186691,6.02006912e-06,10.4603062,-0,65.0456696,0,0.000103477367,0.748772562,-0.0935066044,1
68465103,71.4399948,91.7195358,-0.0425223708,9.54712391,-0,68.338829,0,-0.730905712,0.72262001,-0.690406978,1
68585055,29.3999996,80.9966049,-0.154019609,5.3945756,-0,67.6716537,0,-2.64740205,0.528924823,-0.691807926,1
68705007,-1.83999991,51.8180275,-0.179365814,1.33788359,-0,59.9464264,0,-3.08307123,0.227408975,0.0337021723,1
68824959,-20.4399986,18.7810078,-0.135413364,-1.37169027,-0,53.1030884,0,-2.32758427,-0.047307156,0.559313178,1
68944911,-24.8400002,-7.00972223,-0.0662117302,-2.54432034,-0,47.0409737,0,-1.13809574,-0.20814614,0.525292993,1
69064863,-22.3999996,-20.1467266,-0.0135604218,-2.67648745,0,41.6708946,0,-0.233086497,-0.267628074,0.399756312,1
69184815,-17.5200005,-23.9093399,0.0163922086,-2.32075739,0,36.9138489,0,0.281761289,-0.260367095,0.295294136,1
69304767,-11.5599995,-22.7226295,0.0335860774,-1.73611677,0,32.6998558,0,0.577302098,-0.212676466,0.160114199,1
69424719,-7.71999979,-18.8014946,0.0410492197,-1.11123669,0,28.9669247,0,0.705584109,-0.146807238,0.00372932898,1
69544671,-0.919999957,-12.9857998,0.0428708419,-0.402001172,0,25.6601334,0,0.736895442,-0.0743314922,0.0240463,1
69664623,4.71999979,-7.61723328,0.0454365686,0.278318346,0,22.730835,0,0.780997097,0.00319515588,0.00968820881,1
69784575,8.07999992,-1.28878248,0.0368980207,0.793297768,0,20.1359425,0,0.634230256,0.0753627867,-0.1209528,1
69904527,8.55999947,3.27459216,0.0235534459,0.988721907,0,17.8372726,0,0.40485391,0.126415759,-0.125653118,1
70024479,5.27999973,5.83262968,0.00494436547,0.825995803,-0,15.8010149,0,0.0849873796,0.148897275,-0.165646702,1
70144431,1.63999999,5.22290802,-0.00804774836,0.43104279,-0,13.9972105,0,-0.138330594,0.146687567,-0.125823811,1
70264383,-1.83999991,2.37915587,-0.0131053487,-0.0362141728,-0,12.3993235,0,-0.225264356,0.130519122,-0.0915227979,1
70384335,-4.44000006,-1.4342283,-0.0112911277,-0.454780281,-0,10.9838467,0,-0.194080189,0.109966122,0.0225587916,1
70505120,-6.19999981,-5.01436138,-0.00647557341,-0.774280608,0,10.7072916,0,-0.111306906,0.0888201967,0.1916859,1
70625072,-11.7199993,-7.62568617,-0.00698429719,-1.10899377,-0,10.4926968,0,-0.120051228,0.077441521,-0.102602832,1
70745024,-11.96,-9.4065876,-0.00632791966,-1.3115741,-0,10.3979836,0,-0.108768925,0.0699114949,-0.0727293119,1
70864976,-11.4799995,-10.7431173,-0.00353434309,-1.40623212,-0,9.98472595,0,-0.0607508793,0.0690311864,-0.0634207875,1
70984928,-10.2799997,-12.6804657,0.00699139014,-1.38300776,0,9.96707821,0,0.120173141,0.0753232613,0.123175599,1
71104880,-8.19999981,-12.295476,0.0118711367,-1.21176922,0,9.42683411,0,0.204049811,0.0914749205,0.0871150941,1
71224832,-8.23999977,-11.0578985,0.0133496858,-1.01760769,0,8.54188919,0,0.229464188,0.113436706,-0.0519846156,1
71344784,-4.63999987,-9.8267765,0.0204144139,-0.689308822,0,7.56676769,0,0.350897938,0.146727055,-0.0172534827,1
71464736,-1.83999991,-6.7279253,0.0183988381,-0.360508263,0,6.70296478,0,0.316252738,0.182681531,-0.0939658731,1
71584688,-0.479999989,-4.8930254,0.0173347127,-0.162336633,0,5.93777084,0,0.297961771,0.210503653,0.0417504013,1
71704640,-0.199999988,-3.27822566,0.0120710805,-0.0965635628,0,5.25992966,0,0.207486585,0.231914818,-0.00741152931,1
71824592,-3.67999983,-1.91550398,-0.000551453792,-0.245600089,-0,4.65946913,0,-0.00947879255,0.238699973,-0.115660161,1
71944544,-4.75999975,-2.21297383,-0.00711433869,-0.445644408,-0,4.12755585,0,-0.122286476,0.234503433,-0.132769659,1
72064496,-5.96000004,-3.24126911,-0.0102750082,-0.648970544,-0,4.01620817,0,-0.176614389,0.220956072,-0.051242739,1
72184448,-6.55999994,-5.38091755,-0.00599502958,-0.799843788,0,4.01208591,0,-0.103046969,0.208194479,0.0234274473,1
72304400,-6.31999969,-5.78240108,-0.00569112599,-0.840025485,0,3.80308533,0,-0.0978232548,0.197840571,0.011304792,1
72424352,-8.31999969,-7.12698364,-0.00100227818,-0.883373916,-0,3.36893463,0,-0.0172278918,0.190783516,0.0622687824,1
72545137,-6.83999968,-7.40983295,0.00250510499,-0.828065455,0,2.98434544,0,0.04305958,0.193234727,0.00642176764,1
72665089,-5.19999981,-6.68550062,0.00430093519,-0.694702625,0,2.64365983,0,0.073927626,0.20179686,-0.0117830206,1
72785041,-3.83999991,-5.7570672,0.00533311442,-0.556054413,0,2.74712276,0,0.091669485,0.213804185,-0.0576190986,1
72904993,-3.19999981,-5.2177515,0.00590168498,-0.475993127,0,3.10002446,0,0.101442493,0.221787348,0.0134677002,1
73024945,-5.4000001,-4.44466448,0.000146064907,-0.527840316,-0,3.67268825,0,0.00251067081,0.222669899,-0.0449539311,1
73144897,-4.92000008,-4.3916564,-0.00160752982,-0.565388501,-0,4.15763855,0,-0.027631402,0.216915682,0.0358714312,1
73264849,-3.91999984,-4.81177092,0.00256895274,-0.509336829,0,4.54242802,0,0.0441570431,0.217381984,0.0993203893,1
73384801,-2.72000003,-3.50821447,0.000967046246,-0.394040078,0,4.82497311,0,0.0166222993,0.22224158,-0.0633533597,1
73504753,-2,-3.15316081,0.00274966285,-0.30596453,0,4.98697805,0,0.0472632237,0.224145427,0.0742120221,1
73624705,-3.5999999,-1.62431514,-0.00522053009,-0.326080441,-0,4.97208118,0,-0.089734301,0.222874269,-0.0942749232,1
73744657,-3.79999995,-2.54788184,-0.00384504255,-0.400780588,-0,4.40448093,0,-0.0660914183,0.214589864,0.0595744886,1
73864609,-3.11999989,-3.55896139,0.00109955389,-0.394574732,0,4.30102062,0,0.01889994,0.212409168,0.0663448721,1
73984561,-2.11999989,-3.00663304,0.00188473053,-0.308506489,0,4.01533651,0,0.032396134,0.216096908,-0.00949989818,1
74104513,-1.36000001,-1.96624362,0.000670967624,-0.215959176,0,3.69104552,0,0.0115330843,0.21729663,0.0167883504,1
74224465,-0.959999979,-1.94040072,0.00383156026,-0.131624818,0,3.26968479,0,0.065859668,0.222000897,0.0336425267,1
74344417,-0.119999997,-1.68420124,0.00613040756,-0.0422595814,0,2.99151158,0,0.105373941,0.233046338,0.0208440665,1
74464369,0.280000001,-0.163569942,0.0014094091,0.016755823,0,3.23458123,0,0.0242259577,0.240307063,-0.0891013369,1
74584321,0.319999993,-0.248402864,0.00229771296,0.0295354612,0,3.42484593,0,0.0394947752,0.242485195,0.0415640883,1
74705106,0.519999981,-0.0296449233,0.00204101112,0.0488232635,0,3.54752636,0,0.0350823961,0.246495888,-0.0227219388,1
74825058,1.12,0.555103958,0.00148654566,0.103606075,0,3.38535881,0,0.0255518388,0.250190467,-0.029860571,1
74945010,1.27999997,1.1999402,-0.000392532907,0.131187961,0,3.53208709,0,-0.00674714334,0.248747945,0.0319291428,1
75064962,2.07999992,1.23648417,0.00240159919,0.207301915,0,3.81294584,0,0.0412804484,0.250506043,0.0476301685,1
75184914,3.27999997,1.55865204,0.00643129181,0.348857433,0,4.03068733,0,0.110545762,0.257414162,0.0701046139,1
75304866,4.11999989,2.9871068,0.00502889045,0.480713755,0,4.12834883,0,0.0864402577,0.268826306,-0.0593993291,1
75424818,6.39999962,4.23543882,0.0046349559,0.616923332,0,3.90449929,0,0.0796690211,0.280957341,-0.0368148126,1
75544770,6.92000008,4.49920845,0.00801856816,0.734824717,0,4.17436695,0,0.137829036,0.293912679,0.0143898521,1
75664722,7.15999985,5.62327433,0.00618479028,0.818819225,0,4.40116882,0,0.106308714,0.302360207,0.0263637658,1
75784674,-90,0.249447808,-0.287169218,-7.3917923,-0,14.0060291,0,-4.93607521,0.0519230962,-2.0651989,1
75904626,-90,-47.9795303,-0.172540888,-10.0796003,-0,33.3534966,0,-2.96575928,-0.360073954,1.44131684,1
76024578,-90,-78.0914612,-0.0515192747,-10.4729328,-0,48.9812279,0,-0.885551095,-0.524280787,0.800708592,1
76144530,-90,-89.8655624,-0.000708550215,-10.5258589,0,60.2720032,0,-0.0121790813,-0.556090176,0.328376263,1
76264482,-90,-91.5004959,0.00644725561,-10.5212841,0,66.800499,0,0.110820159,-0.545785189,0.0105006304,1
76384434,-90,-91.3986206,0.00622141361,-10.5138636,0,69.6707153,0,0.106938221,-0.531731009,-0.0510624871,1
76504386,-90,-91.00177,0.00448992848,-10.5116673,0,67.5096359,0,0.0771761835,-0.523521006,-0.020523522,1
76624338,-90,-90.5205917,0.00236943364,-10.5119486,-0,59.802906,0,0.0407275632,-0.516050756,-0.0398813821,1
76745123,-55.6399994,-88.1271973,0.0807963908,-8.20410442,0,52.975956,0,1.38878763,-0.45533815,0.996286988,1
76865075,-18.2399998,-71.1403503,0.168031216,-3.95791817,0,46.9283524,0,2.88824368,-0.213819683,0.419192523,1
76985027,5.4000001,-39.1392975,0.153987214,-0.576999426,0,41.5711288,0,2.6468451,0.0737423301,-0.367228359,1
77104979,13.3199997,-10.1385241,0.0883085728,1.11212695,0,36.82547,0,1.51791251,0.274470538,-0.589388072,1
77224931,11.6399994,7.43010664,0.0201482661,1.38748014,-0,32.6215706,0,0.346323162,0.355098695,-0.496369302,1
77344883,6.15999985,13.0895863,-0.0216551982,0.942696333,-0,28.8975735,0,-0.372225434,0.343004048,-0.263448,1
77464835,1,12.2864943,-0.0398046598,0.366781086,-0,25.5986958,0,-0.684191704,0.284391731,-0.102037825,1
77584787,-2.24000001,7.66279221,-0.0360625163,-0.0694933161,-0,22.6764126,0,-0.619868994,0.220137164,0.04002285,1
77704739,-4.03999996,4.17667103,-0.0311996303,-0.342367977,-0,20.0877285,0,-0.536282122,0.162399247,0.0575765222,1
77824691,-3.9599998,1.18266165,-0.0223212745,-0.450549126,-0,17.7945633,0,-0.383674443,0.119498126,0.0351800323,1
77944643,-4.27999973,0.280104756,-0.0199444108,-0.490905046,-0,15.7631798,0,-0.342819154,0.0831530765,0.0186941288,1
78064595,-4.23999977,-0.590479136,-0.0161814541,-0.491691738,0,13.9636946,0,-0.278138697,0.0536550954,0.0122225517,1
78184547,-3.9599998,-0.959676504,-0.0134686381,-0.462823957,0,12.3696337,0,-0.231508821,0.0315058418,-0.0160109885,1
78304499,-3.75999999,-0.562197745,-0.0140469652,-0.430832028,-0,10.9575462,0,-0.24144955,0.0104334699,-0.0478385538,1
78424451,-2.87999988,-1.13495457,-0.00982231367,-0.386828631,0,9.70666027,0,-0.168833122,-0.00869387947,0.0357525721,1
78544403,-2.79999995,-1.18238866,-0.00845232606,-0.356737733,0,8.9190836,0,-0.145284787,-0.0283874683,0.0793978795,1
78664355,-2.55999994,-0.676836073,-0.00913759135,-0.314365298,0,8.14189434,0,-0.157063618,-0.043393191,-0.031783592,1
78785140,-2.39999986,-0.072396189,-0.0104355654,-0.275545776,-0,7.45342731,0,-0.179374158,-0.05680307,-0.0835901722,1
78905092,-2.44000006,-0.140934542,-0.00952197984,-0.259845853,-0,6.60256243,0,-0.163670778,-0.0735693499,-0.00476270076,1
79025044,-0.599999964,-0.412134916,-0.0051415842,-0.179922655,0,6.13403606,0,-0.0883773193,-0.0845897868,0.000833823811,1
79144996,-0.280000001,0.518801391,-0.00613304228,-0.0941217467,0,6.13127708,0,-0.105419226,-0.096096538,0.0454530343,1
79264948,0.159999996,0.799653769,-0.00416171085,-0.0104188258,0,5.70733213,0,-0.0715345442,-0.106198005,0.0328297503,1
79384900,0.919999957,1.70486844,-0.00383165665,0.106023334,0,5.1441021,0,-0.065861322,-0.110450298,-0.056150768,1
79504852,1.55999994,1.8382529,-0.000199014321,0.214232162,-0,4.55686378,0,-0.00342080416,-0.113408096,0.0187310074,1
79624804,5.55999994,3.86931658,-0.000842200592,0.440060496,0,4.13240385,0,-0.0144763617,-0.110812791,-0.0357906334,1
79744756,6.15999985,4.52264929,0.00280467421,0.610328555,0,4.19948721,0,0.0482087955,-0.111107051,0.112209223,1
79864708,6.71999979,5.47624254,0.0040505752,0.755448759,0,4.39269495,0,0.0696242601,-0.108711049,0.0350227207,1
79984660,6.92000008,7.16510296,0.000355750322,0.86252284,-0,4.58246231,0,0.00611489732,-0.107101738,-0.0442952067,1
80104612,7.03999996,8.19697571,-0.00152071938,0.937648952,-0,4.67026949,0,-0.0261392407,-0.105638303,-0.0986371413,1
80224564,11.6799994,9.36400318,0.00047712028,1.12717783,0,4.72327089,0,0.00820109341,-0.10660129,0.116007678,1
80344516,10.7199993,10.7198305,-0.00301961601,1.19989967,0,5.3209548,0,-0.0519033745,-0.112850018,0.0858873799,1
80464468,9.43999958,11.1004791,-0.00606032461,1.16861606,-0,5.93676853,0,-0.104169302,-0.122895323,-0.00176183879,1
80584420,8.27999973,10.4045858,-0.00557075441,1.09922791,-0,6.40869761,0,-0.0957542136,-0.134268016,0.00719313184,1
80704372,7.75999975,9.69978905,-0.00364602357,1.0651927,-0,6.64581585,0,-0.0626705289,-0.137958735,-0.118163958,1
80824324,13.04,11.1388912,-0.0027782619,1.26164496,0,6.80929518,0,-0.0477548018,-0.139176056,0.0326910354,1
80945109,13.3199997,11.4311666,0.00226975977,1.42612386,0,6.9489193,0,0.0390142947,-0.138546422,0.0538635775,1
81065061,14.0799999,12.1193686,0.00691185892,1.62674379,0,7.08322573,0,0.118806101,-0.130630732,0.0345818251,1
81185013,14.3199997,14.2100992,0.00331133604,1.78742588,-0,7.37542152,0,0.0569176711,-0.121503338,-0.144961283,1
81304965,14.4399996,15.4030905,0.00212609023,1.90243721,-0,7.72905779,0,0.0365447998,-0.111228019,-0.213333324,1
81424917,22.7999992,16.9451466,0.00911211967,2.26722383,0,8.41808033,0,0.156625792,-0.0965117589,0.117024735,1
81544869,22.3999996,18.7135983,0.00970555842,2.49543881,0,8.97382545,0,0.166826248,-0.0793785676,0.0351901911,1
81664821,21.1599998,20.2186756,0.00555449724,2.5731225,-0,9.39170265,0,0.0954747722,-0.0692121759,-0.0271115601,1
81784773,18.6800003,21.7233162,-0.00600902736,2.46526313,-0,9.55377293,0,-0.10328757,-0.0718664601,-0.17493616,1
81904725,15.6799994,21.2196598,-0.013446942,2.2186873,-0,9.44594193,0,-0.231135905,-0.0887350142,-0.121693581,1
82024677,20.5200005,19.5681744,-0.00665166974,2.19308257,0,8.98276711,0,-0.114333786,-0.102964915,0.116273023,1
82144629,17.7199993,18.4891567,-0.00561742485,2.08961248,0,8.21941376,0,-0.0965564176,-0.1212418,0.18721287,1
82264581,16.1999989,16.8243275,-0.00096192956,2.0066216,-0,7.96025085,0,-0.0165343508,-0.127230749,0.0247058533,1
82384533,15.2399998,15.9489841,0.0018754378,1.97256494,-0,7.63828087,0,0.032236401,-0.126174003,-0.0333975665,1
82504485,14.3199997,17.0147038,-0.00428859144,1.94787192,-0,7.8933897,0,-0.0737154558,-0.126106799,-0.151139095,1
82624437,19.7600002,16.1651688,0.00526901335,2.08599758,0,8.27039814,0,0.0905676708,-0.119314156,0.0970072001,1
82744389,18.039999,16.1620712,0.005940184,2.10314822,0,8.57711887,0,0.102104239,-0.111224592,0.107688107,1
82864341,16.1999989,16.7664204,0.00015874207,2.0308392,-0,8.73711872,0,0.00272857514,-0.105696455,-0.0830499902,1
82985126,14.0799999,16.502327,-0.00466734916,1.87849295,-0,8.01213837,0,-0.0802258253,-0.109070271,-0.116317168,1
83105078,11.6399994,15.7400541,-0.0099304989,1.65425444,-0,7.24073601,0,-0.170692697,-0.118186973,-0.157495677,1
83225030,14.6799994,13.1401472,0.000426627696,1.5980444,0,6.74941921,0,0.00733318971,-0.125193879,0.141886204,1
83344982,13.5199995,11.8732738,0.00538863242,1.56889427,0,6.31418991,0,0.0926237702,-0.120558165,0.0672324076,1
83464934,12.3199997,11.9565382,0.00343220308,1.52890599,-0,5.75593281,0,0.0589952208,-0.116512656,0.0275240242,1
83584886,11.2399998,11.063755,0.00492966175,1.45803416,-0,5.56467152,0,0.084734641,-0.107027635,-0.108390696,1
83704838,9.92000008,11.0711098,0.000763569027,1.35328865,-0,6.11900663,0,0.0131247845,-0.101304136,-0.113995582,1
83824790,11.2799997,11.7478104,-0.00496811792,1.28846729,0,6.55291605,0,-0.0853956565,-0.105697177,0.0257852208,1
83944742,9.19999981,9.47090626,-0.000467669219,1.12703741,-0,6.83686972,0,-0.00803864188,-0.112647526,0.0955397636,1
84064694,7.5999999,8.28262234,-0.000581890345,0.98049283,-0,6.69511318,0,-0.0100019574,-0.118304111,0.0658901259,1
84184646,6.75999975,7.37041473,0.000172037631,0.889380038,-0,5.9308157,0,0.00295710913,-0.118707575,-0.0171318427,1
84304598,5.71999979,6.67571783,-0.000278607011,0.793672979,-0,5.25376892,0,-0.00478890166,-0.118556909,-0.00730537716,1
84424550,6.48000002,5.9525094,0.000570548698,0.726984382,0,4.65401173,0,0.00980700925,-0.119194694,0.0221192762,1
84544502,5.83999968,4.65460348,0.00508932769,0.685792148,0,4.12272167,0,0.0874790996,-0.113525525,0.0727837905,1
84664454,5.4000001,4.65586758,0.00416317768,0.662132561,-0,4.11635685,0,0.071559757,-0.106988423,0.00981287938,1
84784406,5.03999996,5.27243423,0.000704267994,0.647386849,-0,4.16688776,0,0.0121054752,-0.0999481753,-0.0834712386,1
84904358,4.36000013,4.62514019,0.00148016587,0.58914417,-0,4.20137548,0,0.0254421756,-0.0980265811,0.00228441693,1
85024310,5.55999994,4.33370113,0.00325175375,0.598885417,0,3.91939259,0,0.0558935292,-0.091522105,0.0233661588,1
85145095,4.92000008,3.96650314,0.00442097522,0.584582686,0,4.0593729,0,0.0759909675,-0.082738027,-0.0332403965,1
85265047,3.83999991,3.8606832,0.00171512924,0.502776086,-0,4.16894388,0,0.0294808988,-0.0770166218,-0.0594102554,1
85384999,2.79999995,2.92365241,0.00161409751,0.388505816,-0,4.23007679,0,0.0277442914,-0.0727786422,-0.0437980704,1
85504951,2.24000001,2.63576984,-8.45696777e-05,0.310859799,-0,3.7922411,0,-0.00145364564,-0.0716240406,-0.0433362052,1
85624903,3.48000002,0.904054344,0.00919003133,0.342085004,0,3.35932827,0,0.157965004,-0.062920101,0.086974293,1
85744855,-90,0.641261637,-0.1925973,-4.84669113,-0,6.30606556,0,-3.31050372,-0.138446167,-3.93638968,1
85864807,-90,-35.7304573,-0.218226597,-9.81671619,-0,25.6583138,0,-3.75103903,-0.572214782,0.960538626,1
85984759,-90,-72.5799103,-0.0758613944,-10.5388975,-0,42.6459579,0,-1.30396128,-0.799340129,1.0456183,1
86104711,-90,-87.8711395,-0.00922760367,-10.6397743,-0,55.5581207,0,-0.158610821,-0.853033543,0.43994382,1
86224663,-90,-92.0493927,0.00925683975,-10.6501169,0,63.6949577,0,0.159113362,-0.844053268,0.0455606431,1
86344615,-90,-92.0716095,0.00941756368,-10.6459408,0,67.7941284,0,0.161875993,-0.826773405,-0.0401257724,1
86464567,-86.1199951,-91.8294754,0.0132498145,-10.5167961,0,68.9552002,0,0.22774753,-0.813340783,0.218112245,1
86584519,-43.3199997,-87.7040329,0.1289469,-7.06539297,0,61.7099495,0,2.21643376,-0.681897223,1.08844328,1
86704471,-7.67999983,-63.7705765,0.188928545,-2.69999886,0,54.6652946,0,3.24744248,-0.384518951,0.230246171,1
86824423,14.4799995,-29.03545,0.154215887,0.534483135,0,48.4248352,0,2.65077567,-0.0822556838,-0.48834008,1
86944375,22.6000004,-1.50803983,0.0912407711,2.17111301,0,42.8967819,0,1.56831324,0.123523936,-0.617987812,1
87064327,22,14.9064312,0.0323047936,2.58454514,-0,37.999794,0,0.55527848,0.215003684,-0.372923642,1
87185112,18.1599998,21.8540745,-0.00695177168,2.38120413,-0,33.6618309,0,-0.119492151,0.225185111,-0.258251637,1
87305064,13.5199995,23.4294319,-0.0306788012,1.94648337,-0,29.8190804,0,-0.527329743,0.191738442,-0.254704058,1
87425016,11.3599997,20.3373394,-0.0352203809,1.47398186,-0,26.4150066,0,-0.605393708,0.137375981,-0.0533018447,1
87544968,4.11999989,15.5497465,-0.0403335616,0.789302468,-0,23.3995361,0,-0.693282843,0.0697030425,0.0137474099,1
87664920,-2.07999992,9.91403103,-0.0432736203,0.0586907193,-0,20.7283058,0,-0.7438187,-0.00220953929,-0.00346585619,1
87784872,-6.87999964,3.81675172,-0.0409484357,-0.594151616,-0,18.3620129,0,-0.703851759,-0.0743760765,0.04216858,1
87904824,-9.47999954,-1.54757452,-0.0336769968,-1.04090226,-0,16.265852,0,-0.578864932,-0.139102727,0.0828226507,1
88024776,-11.1999998,-5.72641087,-0.0223441087,-1.25229347,-0,14.4089832,0,-0.384066939,-0.184624165,0.0755171552,1
88144728,-9,-8.22457314,-0.00661792979,-1.16385436,0,12.7640896,0,-0.113753833,-0.205906123,0.101321265,1
88264680,-5.92000008,-7.72132015,0.00301032886,-0.868295848,0,11.3069725,0,0.0517437384,-0.207615227,0.0505824648,1
88384632,-2.87999988,-5.56329823,0.00800764002,-0.485230058,0,10.0161953,0,0.137641191,-0.196848929,0.0357001238,1
88504584,-0.280000001,-2.70445704,0.00877626427,-0.117665529,0,8.87277126,0,0.150852874,-0.179673612,-0.0537589267,1
88624536,5.55999994,0.197393253,0.0130475424,0.343726158,0,8.82747746,0,0.224270746,-0.155266449,-0.00207532756,1
88744488,7.27999973,3.87261677,0.00915213674,0.703922272,0,8.46109486,0,0.157313645,-0.138630241,0.0262774024,1
88864440,8.19999981,5.80990601,0.00913973898,0.943508387,0,8.12162495,0,0.157100528,-0.130353779,0.129606679,1
88984392,9.19999981,7.78427219,0.00765389204,1.15036106,-0,8.2534132,0,0.131560713,-0.114143662,-0.0708144829,1
89104344,9.63999939,9.30778217,0.00563472137,1.28750896,-0,8.0251627,0,0.0968537256,-0.0988617614,-0.133802205,1
89225129,11.96,12.8989105,-0.00930644199,1.3548106,0,7.42361689,0,-0.159965962,-0.103390485,-0.0794726983,1
89345081,8.59999943,11.9918127,-0.0136705153,1.13069606,-0,7.26385307,0,-0.234978855,-0.127146468,0.0577300377,1
89465033,5.44000006,9.70445442,-0.01499632,0.814342201,-0,6.8694191,0,-0.257767737,-0.151328191,-0.0161775593,1
89584985,2.48000002,7.84821653,-0.0193456635,0.477279663,-0,6.29603195,0,-0.332527459,-0.182365596,-0.0426933058,1
89704937,0.719999969,4.91472673,-0.0151111521,0.223115817,-0,5.57729292,0,-0.259741575,-0.211797372,0.0396241248,1
89824889,2.20000005,3.23699975,-0.00866433792,0.177306801,0,4.94060326,0,-0.148929,-0.23308216,0.127210215,1
89944841,2.87999988,3.0633707,-0.00457678922,0.257927507,0,4.99246836,0,-0.0786692053,-0.242561728,0.0351184458,1
90064793,4.31999969,2.89193249,0.00361938123,0.441580653,0,4.77053356,0,0.0622125827,-0.244192272,0.0926059112,1
90184745,6.15999985,4.20557547,0.00791228563,0.708212197,0,4.41704273,0,0.136002168,-0.234623551,0.0211396758,1
90304697,7.9199996,6.26525259,0.00914266519,0.988505781,-0,4.45744514,0,0.157150835,-0.213499203,-0.126269504,1
90424649,14.1599998,8.9815712,0.0113641769,1.37223411,0,4.88778734,0,0.195335805,-0.191255972,0.017563371,1
90544601,13.7999992,11.4387331,0.00671223924,1.55191469,0,5.33919096,0,0.115374893,-0.17678003,-0.0115421172,1
90664553,12.2799997,12.428957,0.00132787228,1.53510928,-0,5.68345213,0,0.0228244439,-0.174820364,0.0300898869,1
90784505,10.5199995,12.01758,-0.00158787519,1.41115272,-0,6.0170927,0,-0.0272935629,-0.173626661,-0.113580585,1
90904457,9.11999989,11.4505682,-0.00395113602,1.28205538,-0,6.35410786,0,-0.0679150224,-0.175206721,-0.14584133,1
91024409,-90,11.3618622,-0.136026084,-2.05539298,-0,6.57540464,0,-2.33811617,-0.218196377,-3.92856717,1
91144361,-90,-20.4755192,-0.281392038,-9.55475616,-0,27.0056343,0,-4.83677244,-0.711145937,0.622686028,1
91264313,-90,-64.2226868,-0.115736634,-10.648345,-0,45.4345665,0,-1.98936617,-1.02746999,1.29622173,1
91385098,-58.9599991,-82.7492218,0.0509361625,-8.69178009,0,59.4449081,0,0.875528097,-1.06762123,1.48083615,1
91505050,-20.5599995,-72.554924,0.174119055,-4.39959764,0,68.2246094,0,2.99288607,-0.837757409,0.654060245,1
91625002,7.79999971,-43.2545013,0.191037312,-0.53592068,0,72.6333542,0,3.2836895,-0.508651555,-0.0169850681,1
91744954,19.0799999,-12.9416151,0.132694483,1.67739701,0,73.8890915,0,2.28085017,-0.232068121,-0.597236395,1
91864906,17.6000004,7.49369574,0.0522886366,2.20825934,-0,66.1606293,0,0.898775458,-0.0868009627,-0.604675412,1
91984858,10.4399996,15.9226265,-0.0124692768,1.68969715,-0,58.6078949,0,-0.214331076,-0.0664508715,-0.471666366,1
92104810,3.48000002,14.7690096,-0.0409751758,0.874765694,-0,51.917366,0,-0.70431143,-0.120276012,-0.208321199,1
92224762,2.27999997,9.59301376,-0.0368042812,0.35124436,-0,45.990612,0,-0.632618964,-0.188587636,0.111003317,1
92344714,-0.479999989,5.54278612,-0.0291691255,0.022917198,-0,40.7404404,0,-0.501380324,-0.248569861,0.191898078,1
92464666,-1.5999999,1.66139567,-0.0155947153,-0.152794838,-0,36.0896149,0,-0.268053412,-0.281274974,0.0175297521,1
92584618,-2.91999984,0.746160686,-0.0171168093,-0.305962592,-0,31.9697132,0,-0.294216275,-0.313572764,0.0637469962,1
92704570,-3.91999984,-1.54263115,-0.011017764,-0.4582901,-0,28.3201294,0,-0.189381406,-0.338407576,0.0931834355,1
92824522,-4.88000011,-1.92089415,-0.0139209926,-0.576411664,-0,25.0871773,0,-0.239284247,-0.362565637,0.00532741426,1
92944474,-4.44000006,-4.93890333,0.00115533173,-0.595654547,0,22.2232857,0,0.0198586881,-0.374816895,0.162028506,1
93064426,-3.27999997,-3.94299245,0.00104037859,-0.467273593,0,19.6863308,0,0.0178827904,-0.374151707,0.0639643744,1
93184378,-1.31999993,-4.17195892,0.0111148069,-0.24265945,0,17.4389877,0,0.191049457,-0.363838613,0.115053393,1
93304330,1.27999997,-0.933527589,0.00860996172,0.0995686948,0,15.4481945,0,0.147994339,-0.34429276,-0.113708131,1
93425115,11.5599995,0.642550409,0.0272714514,0.768325686,0,14.0476303,0,0.468761712,-0.3093822,0.155735329,1
93545067,17.6399994,6.14359856,0.0337037258,1.59134948,0,13.1411343,0,0.579324365,-0.261760831,0.175420865,1
93665019,22.3599987,12.522974,0.0348330475,2.37226391,0,13.6758595,0,0.598735929,-0.20582433,0.0465185642,1
93784971,23.7999992,19.0170288,0.022926107,2.81679559,-0,13.9221907,0,0.394070745,-0.16129227,-0.134049714,1
93904923,21.3599987,24.2963505,-0.00158701837,2.77651787,-0,13.9467592,0,-0.027278835,-0.137031794,-0.4364914,1
94024875,16.6800003,24.908371,-0.0242311284,2.2163167,-0,14.1320505,0,-0.416502416,-0.159483582,-0.226167351,1
94144827,6.03999996,19.3242035,-0.0389030017,1.17562044,-0,14.1146603,0,-0.668693304,-0.220536187,-0.0284246374,1
94264779,-2.11999989,11.6461983,-0.0438741893,0.159521356,-0,12.927887,0,-0.754141748,-0.29566586,0.0328221135,1
94384731,-6.71999979,3.6768477,-0.0359507501,-0.5396716,-0,11.4520712,0,-0.617947876,-0.366018385,0.116305172,1
94504683,-7.67999983,-2.7059176,-0.0194454454,-0.826339781,-0,10.1447315,0,-0.334242582,-0.412000597,0.156281665,1
94624635,-6.55999994,-6.09922504,-0.00393357314,-0.805255234,0,8.98663425,0,-0.0676131397,-0.429568052,0.132472143,1
94744587,-3.9599998,-6.71013165,0.00765489787,-0.577179313,0,7.960742,0,0.131577998,-0.423630893,0.0701049492,1
94864539,-1.5999999,-5.22120953,0.0120875314,-0.298290759,0,7.05196333,0,0.207769349,-0.405387163,0.0193041377,1
94984491,-0.0799999982,-2.69208336,0.0096540954,-0.0719962716,0,6.24692869,0,0.165941671,-0.388295501,0.0071390532,1
95104443,1.19999993,-0.269621849,0.00638496317,0.129111692,0,5.5337944,0,0.109749429,-0.371855885,-0.104764961,1
95224395,6.63999987,1.28516507,0.0126059828,0.469790846,0,5.35204601,0,0.216680884,-0.353334248,0.101198614,1
95344347,9.11999989,3.27356625,0.0188078266,0.866865993,0,5.56399202,0,0.323282719,-0.327616513,0.139936015,1
95465132,11.4399996,6.84957886,0.0174739771,1.2782923,0,5.91918659,0,0.300355524,-0.297648996,-0.0316228122,1
95585084,13.96,9.0804863,0.0234768465,1.70418465,0,6.40602255,0,0.403537273,-0.260924369,-0.0488852821,1
95705036,16.3199997,13.4855223,0.0187437907,2.1401279,-0,6.98788214,0,0.322182029,-0.22033903,-0.170478448,1
95824988,28.5199986,17.2251987,0.0300918594,2.88107514,0,8.16247272,0,0.517240942,-0.1670205,0.0666145533,1
95944940,26.8400002,21.8069191,0.0188499242,3.17526627,0,9.39676285,0,0.324006319,-0.126456812,-0.071061179,1
96064892,21.8799992,24.2646236,-0.00338876247,2.932827,-0,10.3553429,0,-0.0582485385,-0.120061576,-0.141760841,1
96184844,15.3999996,23.0070057,-0.0221695155,2.3105073,-0,10.9110155,0,-0.381065905,-0.147772655,-0.180446729,1
96304796,9.27999973,19.1562424,-0.0318911001,1.58609581,-0,10.9300394,0,-0.548167646,-0.197986051,-0.0368109606,1
96424748,10.1599998,13.9751511,-0.0220918432,1.17324901,0,9.68229294,0,-0.379730791,-0.243825793,0.181646183,1
96544700,8.92000008,10.4767122,-0.0103040598,1.03088093,0,8.57698631,0,-0.177113742,-0.275505781,0.228775546,1
96664652,9.39999962,8.3146925,0.00383391604,1.11419737,0,7.59785843,0,0.0659001619,-0.280099481,0.146574914,1
96784604,10.8400002,7.60813618,0.0158203393,1.32435107,0,6.73050642,0,0.271931589,-0.258888394,0.0203318316,1
96904556,11.5199995,9.31184006,0.0143110007,1.49515879,-0,6.56146717,0,0.245987967,-0.231140628,-0.0935389325,1
97024508,14.3599997,11.397913,0.0086181201,1.61135519,0,6.10833693,0,0.148134574,-0.210498407,-0.0247572158,1
97144460,11.3999996,11.8663197,-0.000327344984,1.45217168,-0,5.65509224,0,-0.00562664587,-0.206993356,-0.0125341881,1
97264412,8.27999973,10.3262968,-0.00449439511,1.16569841,-0,5.20841408,0,-0.0772529542,-0.212837249,-0.0145659028,1
97384364,6,8.71081829,-0.00747143477,0.89941144,-0,4.8934269,0,-0.12842451,-0.22470817,-0.0162571073,1
97504316,5.19999981,6.55106974,-0.00190130249,0.771973252,-0,4.614398,0,-0.0326809809,-0.230307668,-0.022554338,1
97625101,9.84000015,6.37679768,0.00584752485,0.945406258,0,4.4025259,0,0.100511543,-0.223586485,0.0920655057,1
97745053,11.2399998,6.41761589,0.0170607567,1.22266674,0,4.5487566,0,0.293252796,-0.20263727,0.139734834,1
97865005,12.04,7.78257132,0.0196921565,1.46108484,0,4.7092886,0,0.338483244,-0.174056962,0.0743554085,1
97984957,11.7599993,9.84565639,0.0128618069,1.56436181,-0,4.86286259,0,0.221078172,-0.145507559,-0.10423708,1
98104909,10.1199999,10.7801743,0.00347629189,1.46578312,-0,4.91933155,0,0.0597530529,-0.130531698,-0.15842241,1
98224861,9.27999973,10.3644524,-0.00369238481,1.25829446,-0,4.83296251,0,-0.0634674206,-0.130008981,-0.0790699348,1
98344813,5.4000001,8.67094898,-0.011148598,0.874922514,-0,4.56988573,0,-0.191630289,-0.144162267,-0.0402717404,1
98464765,2.20000005,5.8808713,-0.0138266459,0.459547967,-0,4.23671436,0,-0.237662524,-0.16651772,-0.00908395555,1
98584717,0.0799999982,3.13970828,-0.0128287356,0.130034298,-0,3.75306177,0,-0.220509723,-0.189828455,0.0222544316,1
98704669,-0.839999974,0.869868577,-0.0079099033,-0.0580849051,-0,3.32462144,0,-0.13596122,-0.207576647,0.0516955853,1
98824621,-0.399999976,-0.595692039,1.5506288e-05,-0.0838565454,0,2.94509101,0,0.000266533461,-0.213470981,0.0736321732,1
98944573,0.639999986,-0.980577469,0.00759623805,0.0191620383,0,2.60888672,0,0.130569711,-0.206141591,0.0713922679,1
99064525,1.79999995,-0.71992439,0.0141717065,0.187743902,0,2.41455626,0,0.243593693,-0.186839119,0.0542317405,1
99184477,2.72000003,0.0530187786,0.017206328,0.357151359,0,2.34651732,0,0.295754999,-0.158892989,0.00281580305,1
99304429,3.11999989,1.13942099,0.0146989478,0.466779202,0,2.21256471,0,0.252656281,-0.130616903,-0.0496182665,1
99424381,3.24000001,1.96206164,0.0094633773,0.493447632,0,2.00283289,0,0.162663475,-0.109712541,-0.0542438775,1
99544333,2.51999998,2.20949841,0.00411548838,0.436265677,-0,1.77419436,0,0.0707400292,-0.0988913402,-0.0368523747,1
99665118,1.79999995,1.96918499,0.000635784119,0.33855933,-0,1.5716567,0,0.0109283235,-0.0958452076,-0.0156798512,1
99785070,1.36000001,1.4465872,0.00107142702,0.264420927,-0,1.39224029,0,0.0184164736,-0.0950941071,0.0119484775,1
99905022,1.31999993,0.991892934,0.0041024182,0.243756399,-0,1.23330557,0,0.0705153793,-0.0900667682,0.0142650725,1
100024974,1.95999992,0.860815287,0.00798164308,0.289951503,0,1.09251451,0,0.137194335,-0.078758195,0.0377423465,1
100144926,2.15999985,0.957916558,0.0107573504,0.35426268,0,1.10508466,0,0.184905231,-0.0622359402,0.0306903701,1
100264878,2.24000001,1.23658168,0.0104524102,0.401373923,0,1.12531781,0,0.179663703,-0.0444244668,0.00277542369,1
100384830,2.07999992,1.48565376,0.00790160336,0.408945888,-0,1.15058625,0,0.135818556,-0.029161742,-0.026986897,1
100504782,1.67999995,1.58588231,0.00360214151,0.363096833,-0,1.14706683,0,0.061916247,-0.0196457542,-0.0439971872,1
100624734,1.24000001,1.41799891,-0.000257272273,0.279295653,-0,1.02634919,0,-0.00442218455,-0.0174418502,-0.0342279486,1
100744686,0.680000007,1.02617395,-0.00181002822,0.181249768,-0,0.909183741,0,-0.0311120935,-0.0194038488,-0.0132909268,1
100864638,0.319999993,0.580177605,-0.00162410131,0.0957835093,-0,0.805393577,0,-0.0279162433,-0.0224834606,0.00812272355,1
100984590,0.239999995,0.174758106,0.00140280765,0.0570250079,-0,0.713451862,0,0.0241124872,-0.0226268712,0.0322257131,1
101104542,0.399999976,-0.0486096516,0.00590726594,0.0739423111,0,0.699737906,0,0.10153842,-0.0154648246,0.0309709646,1
101224494,0.839999974,-0.0171943996,0.0102726929,0.137859643,0,0.736743569,0,0.176574588,-0.000458309252,0.0371013321,1
101344446,1.03999996,0.218821332,0.0113486582,0.203012034,0,0.770781398,0,0.19506906,0.0187428426,0.00527267624,1
101464398,1.12,0.48269403,0.0100774141,0.244588211,0,0.810153723,0,0.173217997,0.0368007347,-0.00894085784,1
101584350,1.03999996,0.659507394,0.00727684982,0.248588592,-0,0.830019474,0,0.12507984,0.0513329394,-0.0258891489,1
101705135,0.75999999,0.729066849,0.00271022134,0.207181007,-0,0.861313522,0,0.046585273,0.0590565801,-0.0357858986,1
101825087,0.280000001,0.600301921,-0.00187309552,0.122694939,-0,0.888329446,0,-0.0321961381,0.0591332279,-0.0491396151,1
101945039,0.0399999991,0.299634695,-0.00270960433,0.040561378,-0,0.939022601,0,-0.0465746671,0.0545878112,0.00276494725,1
102064991,-0.159999996,0.000412292604,-0.00156103761,-0.0188699476,-0,0.97575748,0,-0.0268322602,0.0513070971,0.00732100941,1
102184943,-0.159999996,-0.207936183,0.00120206736,-0.0385539271,-0,1.00634778,0,0.0206620153,0.0515171662,0.0232625436,1
102304895,0.0399999991,-0.31592527,0.00613681274,-0.0096306093,0,1.0336988,0,0.105484039,0.0586907603,0.0379083864,1
102424847,0.359999985,-0.256340981,0.010900721,0.0552067272,0,1.07423067,0,0.1873696,0.0744722113,0.0413744785,1
102544799,0.599999964,-0.0500725284,0.0127807083,0.129458427,0,1.09672213,0,0.219684198,0.0952518135,0.014935052,1
102664751,0.799999952,0.221535414,0.0121994736,0.195626363,0,1.10674989,0,0.209693506,0.116543561,-0.0036679178,1
102784703,0.75999999,0.464497298,0.00768036023,0.21372439,-0,1.06971812,0,0.13201566,0.133330896,-0.0437012874,1
102904655,0.599999964,0.577398241,0.002397337,0.189910859,-0,1.02470708,0,0.0412071869,0.140841126,-0.0396327972,1
103024607,0.239999995,0.517910659,-0.00353167485,0.114296407,-0,1.10898113,0,-0.0607050173,0.13828069,-0.046580445,1
103144559,0,0.312114984,-0.00547415251,0.0361797065,-0,1.18884671,0,-0.0940937474,0.130486131,-0.0209305566,1
103264511,-0.199999988,0.0436258763,-0.00494666304,-0.037125688,-0,1.26590872,0,-0.0850268751,0.122066371,0.00636789156,1
103384463,-0.239999995,-0.18596521,-0.00159848016,-0.0725347772,-0,1.31649959,0,-0.0274758507,0.116630465,0.0419582017,1
103504415,-0.159999996,-0.339365244,0.00316934101,-0.0732602477,0,1.3802917,0,0.0544769578,0.117950462,0.0621273965,1
103624367,-0.119999997,-0.40500313,0.00842757896,-0.0479326434,0,1.41671145,0,0.144859403,0.128081962,0.0511203334,1
103744319,0.0799999982,-0.3243168,0.011267188,0.00214230944,0,1.42639279,0,0.193668693,0.145528346,0.0197424348,1
103865104,0.239999995,-0.148433372,0.0112733422,0.0570306145,0,1.30980754,0,0.193774477,0.165186152,-0.0073408829,1
103985056,0.280000001,0.024195563,0.00786882732,0.0807752386,0,1.2321558,0,0.135255173,0.181545064,-0.0286238045,1
104105008,0.280000001,0.131731793,0.00467926823,0.0866596252,0,1.1570785,0,0.0804306939,0.191077694,-0.00866310392,1
104224960,0,0.163083419,-0.00132150901,0.0432944782,-0,1.20870292,0,-0.0227150675,0.192967728,-0.0632611439,1
104344912,-0.239999995,0.0778092369,-0.00721248332,-0.0376106016,-0,1.28499854,9,-0.123973452,0.186340719,-0.0528358668,1
104464864,-0.399999976,-0.113399275,-0.00786621124,-0.108588114,-0,1.39796209,9,-0.135210201,0.186153427,-0.0100266468,1
104584816,-0.519999981,-0.286875695,-0.00783494953,-0.168471068,-0,1.5428772,9,-0.134672865,0.186162397,0.0224356689,1
104704768,-0.599999964,-0.44243753,-0.00689420663,-0.215692967,0,1.68993044,9,-0.118502684,0.1864319,0.0409371853,1
104824720,-0.799999952,-0.557747245,-0.00531214289,-0.2459618,-0,1.80809426,9,-0.091309011,0.186885133,-0.00374224596,1
104944672,-0.639999986,-0.630773664,-0.000474426895,-0.234253302,0,1.88270032,9,-0.00815479737,0.188271031,0.0250146389,1
105064624,-0.439999998,-0.629949749,0.00565403141,-0.185647145,0,1.91212118,9,0.0971856415,0.188406944,0.042806983,1
105184576,-0.280000001,-0.55700165,0.00913327187,-0.132736459,0,1.78007102,9,0.156989381,0.188406944,0.0160568953,1
105304528,-0.119999997,-0.420651615,0.00922516361,-0.083991535,0,1.57686257,9,0.158568874,0.188406944,0.0149600264,1
105424480,-0.199999988,-0.294470936,0.00639241282,-0.0621821247,-0,1.3968519,9,0.109877482,0.188406944,-0.0546807796,1
105544432,-0.280000001,-0.217959255,-2.80421227e-05,-0.0841760114,-0,1.4701072,9,-0.00048200856,0.188398913,-0.079145506,1
105664384,-0.439999998,-0.245698333,-0.00566472393,-0.139561683,-0,1.66994452,9,-0.0973694324,0.186784118,-0.0593033955,1
105784336,-0.560000002,-0.317409843,-0.0108081875,-0.20789732,-0,1.86528027,9,-0.18577905,0.185310632,-0.00387879275,1
105905121,-0.680000007,-0.462600797,-0.0112605058,-0.268506497,0,2.10373068,9,-0.193553835,0.185181037,0.0563863106,1
106025073,-1.07999992,-0.654520333,-0.0127530098,-0.35890165,-0,2.37534451,9,-0.219208091,0.184753478,0.00304264762,1
106145025,-1,-0.807524204,-0.00815844163,-0.387400925,-0,2.5491519,9,-0.140233278,0.186069727,0.0189880691,1
106264977,-0.799999952,-0.87064302,-7.29449093e-05,-0.354631513,0,2.65146685,9,-0.00125383062,0.188386053,0.063060239,1
106384929,-0.599999964,-0.825397849,0.00674918294,-0.289638489,0,2.69369698,9,0.116009906,0.188406944,0.0526004173,1
106504881,-0.399999976,-0.715953112,0.0115723182,-0.212794274,0,2.51860094,9,0.1989135,0.188406944,0.0568378828,1
106624833,-0.359999985,-0.56801343,0.0128402356,-0.145971343,-0,2.23108339,9,0.220707387,0.188406944,-0.0282557216,1
106744785,-0.280000001,-0.385031611,0.00739937089,-0.109837316,-0,2.26700926,9,0.127185807,0.188406944,-0.0843826532,1
106864737,-0.280000001,-0.269511223,-0.000237451866,-0.11732287,-0,2.30608797,9,-0.00408149697,0.18833892,-0.0667133778,1
106984689,-0.319999993,-0.25386703,-0.00441779383,-0.141156256,0,2.41076326,9,-0.0759362802,0.187141344,-0.00768715655,1
107104641,-0.399999976,-0.273788124,-0.00863472186,-0.179685652,0,2.47061038,9,-0.148419932,0.185933277,0.0040593436,1
107224593,-0.75999999,-0.370831311,-0.0137316249,-0.258448482,-0,2.50992322,9,-0.236029238,0.184473127,-0.0510867946,1
107344545,-0.75999999,-0.490782738,-0.013451606,-0.310977399,-0,2.61876106,9,-0.231216088,0.18455334,-0.0162201114,1
107464497,-0.75999999,-0.59359628,-0.0100657232,-0.335680902,-0,2.75537992,9,-0.17301704,0.185523316,0.00249873521,1
107584449,-0.719999969,-0.651820123,-0.00731194764,-0.345018864,0,2.8386519,9,-0.125683114,0.186312228,0.0529176779,1
107704401,-0.680000007,-0.689780951,-0.00352018327,-0.338972241,0,2.88522553,9,-0.060507495,0.187398493,0.0816011429,1
107824353,-0.799999952,-0.68619138,-0.00290541351,-0.335749,-0,2.95820141,9,-0.0499403812,0.18757461,-0.00762860198,1
107945138,-0.719999969,-0.648718357,-0.00322888047,-0.324098855,-0,2.99088812,9,-0.0555003658,0.187481925,-0.0472003259,1
108065090,-0.639999986,-0.601455569,-0.00411347672,-0.309374958,0,3.01744151,9,-0.0707054511,0.187228516,-0.0149593744,1
108185042,-0.560000002,-0.550845742,-0.00406413898,-0.287112683,0,2.99936223,9,-0.0698574036,0.187242642,0.0106631601,1
108304994,-0.560000002,-0.511547685,-0.00616170466,-0.283853889,0,2.8112874,9,-0.105911903,0.186641738,0.0127618192,1
108424946,-0.599999964,-0.513955355,-0.00469004363,-0.279305488,-0,2.51479721,9,-0.0806159079,0.187063336,0.0353155881,1
108544898,-0.599999964,-0.481365919,-0.00585372373,-0.272526383,-0,2.32890582,9,-0.100618102,0.186729968,-0.0749123469,1
108664850,-0.479999989,-0.454380929,-0.00494386628,-0.254393876,0,2.60802364,9,-0.084978804,0.186990619,0.0204072595,1
108784802,-0.399999976,-0.419723898,-0.00291277841,-0.225091279,0,2.82470751,9,-0.0500669703,0.187572494,0.0376582444,1
108904754,-0.359999985,-0.378191233,-0.00320611894,-0.206537262,0,2.98240566,9,-0.0551091246,0.187488452,0.0461397246,1
109024706,-0.479999989,-0.336758584,-0.00652472116,-0.206615105,-0,3.04309726,9,-0.112151697,0.186537758,-0.0561623275,1
109144658,-0.399999976,-0.309642345,-0.00716677122,-0.19718729,-0,3.01572561,9,-0.123187721,0.186353818,-0.0103749838,1
109264610,-0.319999993,-0.282101184,-0.00537034869,-0.172506556,0,3.02964258,9,-0.0923094973,0.186868459,0.00182615547,1
109384562,-0.319999993,-0.249219552,-0.00656938739,-0.163653865,0,3.04955006,9,-0.112919457,0.186524943,-0.0124991462,1
109504514,0.799999952,-2.43492627,0.220247865,0.154811874,0,31.6450348,9,3.78578186,0.188406944,-1.05945408,1
109624466,0.639999986,-0.727545679,0.111152329,0.325834274,-0,81.7193069,9,1.91056776,0.188406944,-0.649327576,1
109744418,0.799999952,-0.215850234,0.0777661353,0.372830927,0,120.915337,9,1.33670139,0.188406944,-0.164119944,1
109864370,0.919999957,-0.0604627654,0.0743584633,0.428601146,0,149.161835,9,1.27812779,0.188406944,0.0204340369,1
109984322,1.03999996,-0.0132041955,0.0811127722,0.493595928,0,165.179565,9,1.39422584,0.188406944,0.0512725785,1
110105107,1.07999992,-0.00616193097,0.0859171674,0.526699483,0,172.18985,9,1.47680736,0.188406944,0.0318374559,1
110225059,1.12,0.00238432945,0.0870747641,0.538058519,0,166.595184,9,1.49670494,0.188406944,0.0307368264,1
110345011,1.07999992,0.00503991218,0.0874749944,0.541837037,-0,147.577103,9,1.50358438,0.188406944,-0.0212693233,1
110464963,1.07999992,0.00936467573,0.0859978944,0.534868777,-0,130.730072,9,1.47819495,0.188406944,-0.00567182293,1
110584915,1.03999996,0.00564851286,0.0838158429,0.519585133,-0,115.806259,9,1.44068825,0.188406944,-0.02564748,1
110704867,1.03999996,0.00575223286,0.0830223486,0.514736772,-0,102.586098,9,1.42704904,0.188406944,-0.00785636809,1
110824819,1.03999996,0.0107662454,0.082505323,0.514026999,-0,90.8751144,9,1.41816199,0.188406944,-0.0129895126,1
110944771,1.03999996,0.00694612879,0.0827945918,0.513928652,-0,80.5010376,9,1.42313421,0.188406944,-0.0029529545,1
111064723,1.07999992,0.00675424282,0.0847853869,0.526104927,0,71.3112411,9,1.45735347,0.188406944,0.0213053934,1
111184675,1,0.00118697213,0.081650801,0.504022598,-0,63.1705322,9,1.40347397,0.188406944,-0.0246570725,1
111304627,1,0.00842521153,0.0797026381,0.495595455,-0,55.959137,9,1.36998737,0.188406944,-0.010273261,1
111424579,1.03999996,0.00693294825,0.0823569819,0.511216223,0,49.5709801,9,1.41561222,0.188406944,0.00666083954,1
111544531,1,0.00939499773,0.0810164735,0.504171431,-0,43.9120789,9,1.39257061,0.188406944,-0.0350939222,1
111664483,1,0.00430293893,0.0800364465,0.495609164,-0,38.899189,9,1.37572515,0.188406944,0.000896499609,1
111784435,1,0.00737732416,0.0810228214,0.503215313,-0,34.4585571,9,1.39267969,0.188406944,-0.0128389569,1
111904387,0.959999979,0.0114562139,0.0768822059,0.479700714,-0,30.5248528,9,1.32150769,0.188406944,-0.0385809578,1
112024339,1,0.00481520966,0.0775553584,0.48056531,0,27.0402088,9,1.33307838,0.188406944,0.0239557456,1
112145124,1,0.00663409429,0.0792880505,0.49215439,0,23.9533653,9,1.36286116,0.188406944,0.0120142289,1
112265076,0.959999979,0.00755963847,0.0775115341,0.481652379,-0,21.2189102,9,1.3323251,0.188406944,-0.0259048585,1
112385028,0.959999979,0.00794475712,0.0764734074,0.475442231,-0,18.7966137,9,1.31448102,0.188406944,-0.000415659073,1
112504980,0.879999995,0.0120578511,0.0708796903,0.442985088,-0,16.6508389,9,1.21833217,0.188406944,-0.0481289513,1
112624932,0.919999957,0.00976066012,0.0726724491,0.45290342,0,14.750021,9,1.24914742,0.188406944,0.00445395615,1
112744884,0.879999995,0.0100289853,0.0713719055,0.445015103,-0,13.0661945,9,1.22679257,0.188406944,-0.0262127612,1
112864836,0.879999995,0.00587358233,0.0702968836,0.436335713,-0,11.5745897,9,1.20831442,0.188406944,0.000816582935,1
112984788,0.879999995,0.00490554282,0.0701679066,0.43506521,-0,10.2532635,9,1.20609748,0.188406944,0.00014872555,1
113104740,0.879999995,0.0115438392,0.0696056038,0.434877753,-0,9.08277702,9,1.19643223,0.188406944,-0.00563339517,1
113224692,0.839999974,0.00991918799,0.0669959113,0.417983681,-0,8.04590988,9,1.15157485,0.188406944,-0.0149610536,1
113344644,0.839999974,0.00726339221,0.0668068305,0.415502012,-0,7.12740803,9,1.14832485,0.188406944,0.00102063792,1
113464596,0.799999952,0.00437989878,0.0650010481,0.402948588,-0,6.31376076,9,1.11728573,0.188406944,-0.0230829287,1
113584548,0.799999952,0.00747677544,0.0636965111,0.396436542,-0,5.5929966,9,1.09486246,0.188406944,-0.00457785279,1
113704500,0.799999952,0.0102447225,0.0633197203,0.395479441,-0,4.95451403,9,1.08838582,0.188406944,0.00127143075,1
113824452,0.75999999,0.00457644649,0.0628736094,0.389926374,-0,4.38891935,9,1.08071768,0.188406944,-0.0121648926,1
113944404,0.75999999,0.00865260232,0.0605570637,0.377657682,-0,3.88789082,9,1.04089916,0.188406944,-0.00474049291,1
114064356,0.75999999,0.00763004785,0.0600109696,0.373781353,0,3.4440589,9,1.03151262,0.188406944,0.00595405931,1
114185141,0.719999969,0.0155577492,0.0573055856,0.36101985,-0,3.05089355,9,0.985010445,0.188406944,-0.0281111803,1
114305093,0.719999969,0.0117111728,0.0568888001,0.356551737,-0,2.70261073,9,0.977846444,0.188406944,-0.011621966,1
114425045,0.719999969,0.0108325994,0.0568528511,0.355896771,-0,2.39408755,9,0.977228522,0.188406944,-0.00178865797,1
114544997,0.680000007,0.00652188295,0.0556676947,0.346456259,-0,2.12078452,9,0.956857145,0.188406944,-0.0250277035,1
114664949,0.719999969,0.00951966271,0.055960387,0.34974581,0,1.87868094,9,0.961888254,0.188406944,0.0190759227,1
114784901,0.680000007,0.0105407424,0.0544002391,0.340628624,-0,1.66421533,9,0.93507123,0.188406944,-0.0116254864,1
114904853,0.680000007,0.0128865857,0.0535739735,0.336695522,-0,1.47423267,9,0.920868814,0.188406944,-0.00686044991,1
115024805,0.680000007,0.0126893036,0.0516383573,0.324658781,0,1.38559139,9,0.887597978,0.188406944,0.0116476379,1
115144757,0.680000007,0.0139850983,0.0531060435,0.334352165,0,1.29747617,9,0.912825584,0.188406944,-0.00210330426,1
115264709,0.680000007,0.00859416556,0.0537686273,0.335773945,0,1.24275768,9,0.924214602,0.188406944,-0.00717879506,1
115384661,0.599999964,0.00859541912,0.0495103933,0.309518814,-0,1.26916885,9,0.851020992,0.188406944,-0.0368231349,1
115504613,0.599999964,0.0117013678,0.0474578775,0.298399329,-0,1.39844251,9,0.815740824,0.188406944,-0.00944526307,1
115624565,0.599999964,0.0131461788,0.0470775068,0.296767592,-0,1.48465145,9,0.809202731,0.188406944,-0.00781549234,1
115744517,0.599999964,0.00924918242,0.0473510139,0.296528101,-0,1.52937102,9,0.813903987,0.188406944,0.0075693801,1
115864469,0.599999964,0.00940561667,0.047332786,0.296492994,-0,1.42959929,9,0.813590646,0.188406944,0.00933795795,1
115984421,0.599999964,0.014501838,0.0469235219,0.296484619,-0,1.26639986,9,0.806555927,0.188406944,-0.00362089602,1
116104373,0.599999964,0.0106527396,0.0472318791,0.296486795,-0,1.18019652,9,0.81185621,0.188406944,0.0052424944,1
116224325,0.599999964,0.0123676714,0.0470944233,0.296484768,0,1.08795941,9,0.809493482,0.188406944,0.000795612403,1
116345110,0.560000002,0.0161504745,0.0452762321,0.28714323,-0,0.991512179,9,0.778241098,0.188406944,-0.0412582308,1
116465062,0.599999964,0.0122295935,0.0461256914,0.290445,0,1.00676405,9,0.792842209,0.188406944,0.0150240976,1
116585014,0.599999964,0.0133242579,0.046874024,0.295601606,0,1.03967524,9,0.80570513,0.188406944,-0.00160175096,1
116704966,0.560000002,0.0165272225,0.0441818163,0.280581087,-0,1.063797,9,0.759429455,0.188406944,-0.0320953056,1
116824918,0.560000002,0.0108086802,0.0441055521,0.277284682,-0,1.08601451,9,0.75811857,0.188406944,-0.00348401489,1
116944870,0.519999981,0.00894470606,0.0426614918,0.267460108,-0,1.09838653,9,0.73329699,0.188406944,-0.0243738759,1
117064822,0.519999981,0.0128940893,0.0408908054,0.258496195,-0,1.13413322,9,0.70286119,0.188406944,-0.00854702387,1
117184774,0.560000002,0.00726135122,0.0434429646,0.271450371,0,1.19797957,9,0.746729553,0.188406944,0.0326341279,1
117304726,0.519999981,0.0116294036,0.0412642919,0.260170758,-0,1.2943536,9,0.709280908,0.188406944,-0.0114993453,1
117424678,0.519999981,0.0146987867,0.0405727737,0.257428348,-0,1.37364256,9,0.697394609,0.188406944,-0.00480930274,1
117544630,0.519999981,0.0119483015,0.04072785,0.257023364,-0,1.42580318,9,0.700060129,0.188406944,0.00465702172,1
117664582,0.560000002,0.0169797484,0.0422929302,0.269158661,0,1.39378786,9,0.726961911,0.188406944,0.0133303571,1
117784534,0.519999981,0.0138959456,0.0412723124,0.26134178,-0,1.29397702,9,0.709418774,0.188406944,-0.0226986352,1
117904486,0.560000002,0.00838990603,0.0436643772,0.273371965,0,1.3358202,9,0.750535369,0.188406944,0.0203457437,1
118024438,0.519999981,0.0119305653,0.0396722257,0.250503689,0,1.39574897,9,0.681915343,0.188406944,-0.00850840751,1
118144390,0.479999989,0.0104468539,0.0391684994,0.246668056,-0,1.44543481,9,0.673256874,0.188406944,-0.0184872467,1
118264342,0.519999981,0.0127024306,0.0396538749,0.250775278,0,1.47169077,9,0.681599915,0.188406944,0.0223851316,1
118385127,0.479999989,0.0136193568,0.0381216109,0.241779849,-0,1.34455657,9,0.655262232,0.188406944,-0.0185111128,1
118505079,0.479999989,0.0116655892,0.0376427993,0.23785983,-0,1.19106531,9,0.647032082,0.188406944,-0.00482689263,1
118625031,0.479999989,0.00894300453,0.0377677828,0.237288922,-0,1.1242789,9,0.649180353,0.188406944,0.00724278716,1
118744983,0.479999989,0.0132576963,0.0374083184,0.237200484,-0,1.07279611,9,0.643001616,0.188406944,-0.00348250824,1
118864935,0.479999989,0.0148345828,0.0372799411,0.237188548,-0,1.01513493,9,0.640794992,0.188406944,-0.00471267011,1
118984887,0.439999998,0.0164306127,0.0348376893,0.222921729,-0,0.983081102,9,0.598815799,0.188406944,-0.0183168165,1
119104839,0.479999989,0.00986996945,0.0371607393,0.234000027,0,1.02668989,9,0.638746023,0.188406944,0.0225640908,1
119224791,0.439999998,0.012879448,0.0364828296,0.231310666,-0,1.070225,9,0.627093613,0.188406944,-0.0309540816,1
119344743,0.479999989,0.0128769269,0.0360761993,0.228798836,0,1.17296147,9,0.620104194,0.188406944,0.024581179,1
119464695,0.439999998,0.0132237393,0.0352312475,0.22376062,-0,1.24366975,9,0.605580568,0.188406944,-0.0240496974,1
119584647,0.439999998,0.0128165688,0.034386456,0.218354166,-0,1.28215361,9,0.591059625,0.188406944,0.00252139755,1
119704599,0.479999989,0.0156004783,0.0365928002,0.233332008,0,1.30103421,9,0.628983855,0.188406944,0.0167339128,1
119824551,0.439999998,0.00841353834,0.0368247926,0.231211066,-0,1.2760396,9,0.632971525,0.188406944,-0.0191779323,1
119944503,0.479999989,0.00621921383,0.0366074257,0.228784293,0,1.21098244,9,0.629235327,0.188406944,0.041023653,1
120064455,-0.319999993,0.0107005313,0.0198579207,0.127726763,-0,1.26953781,9,0.341332525,0.188406944,-0.520521939,1
120184407,-0.319999993,0.0128860846,-0.0198774636,-0.116191573,-0,3.86873627,9,-0.341668427,0.182712466,-0.165921301,1
120304359,-0.319999993,0.0101681435,-0.0254628975,-0.151973829,-0,5.90111637,9,-0.43767494,0.181112349,-0.00943902507,1
120424311,-0.319999993,0.011759771,-0.0264417604,-0.157223165,-0,7.44385433,9,-0.454500407,0.180831939,-0.000274124701,1
120545096,-0.319999993,0.0176077262,-0.0270353127,-0.157991603,-0,8.37437439,9,-0.464702785,0.180661902,-0.0178023893,1
120665048,-0.319999993,0.0128035024,-0.0266686082,-0.158106849,-0,8.8119154,9,-0.458399594,0.180766955,0.00157804845,1
120785000,-0.319999993,0.0158119947,-0.0269124042,-0.158121601,-0,8.76512051,9,-0.462590158,0.180697113,-0.00163767999,1
120904952,-0.319999993,0.0154373674,-0.0268827751,-0.158125818,-0,7.76451635,9,-0.462080836,0.180705592,-0.00237669633,1
121024904,-0.359999985,0.0133601632,-0.029451808,-0.174992219,-0,6.87813854,9,-0.506239295,0.179969624,-0.00893383846,1
121144856,-0.359999985,0.0171699338,-0.0299793836,-0.176362574,-0,6.60576439,9,-0.515307665,0.179818481,-0.0105127739,1
121264808,-0.359999985,0.0171699338,-0.0299793836,-0.176362574,-0,6.60576439,9,-0.515307665,0.179818481,-0.0105127739,1
121384760,-0.359999985,0.0171699338,-0.0299793836,-0.176362574,-0,6.60576439,9,-0.515307665,0.179818481,-0.0105127739,1
121504712,-0.359999985,0.0171699338,-0.0299793836,-0.176362574,-0,6.60576439,9,-0.515307665,0.179818481,-0.0105127739,1
121624664,-0.359999985,0.0171699338,-0.0299793836,-0.176362574,-0,6.60576439,9,-0.515307665,0.179818481,-0.0105127739,1
121744616,-0.359999985,0.0171699338,-0.0299793836,-0.176362574,-0,6.60576439,9,-0.515307665,0.179818481,-0.0105127739,1
121864568,-0.359999985,0.0171699338,-0.0299793836,-0.176362574,-0,6.60576439,9,-0.515307665,0.179818481,-0.0105127739,1
121984520,-0.359999985,0.0171699338,-0.0299793836,-0.176362574,-0,6.60576439,9,-0.515307665,0.179818481,-0.0105127739,1
122104472,-0.359999985,0.0171699338,-0.0299793836,-0.176362574,-0,6.60576439,9,-0.515307665,0.179818481,-0.0105127739,1
122224424,-0.359999985,0.0171699338,-0.0299793836,-0.176362574,-0,6.60576439,9,-0.515307665,0.179818481,-0.0105127739,1
122344376,-0.359999985,0.0171699338,-0.0299793836,-0.176362574,-0,6.60576439,9,-0.515307665,0.179818481,-0.0105127739,1
122464328,-0.359999985,0.0171699338,-0.0299793836,-0.176362574,-0,6.60576439,9,-0.515307665,0.179818481,-0.0105127739,1
122585113,-0.359999985,0.0171699338,-0.0299793836,-0.176362574,-0,6.60576439,9,-0.515307665,0.179818481,-0.0105127739,1
122705065,-0.359999985,0.0171699338,-0.0299793836,-0.176362574,-0,6.60576439,9,-0.515307665,0.179818481,-0.0105127739,1
122825017,-0.359999985,0.0171699338,-0.0299793836,-0.176362574,-0,6.60576439,9,-0.515307665,0.179818481,-0.0105127739,1
122944969,-0.359999985,0.0171699338,-0.0299793836,-0.176362574,-0,6.60576439,9,-0.515307665,0.179818481,-0.0105127739,1
123064921,-0.359999985,0.0171699338,-0.0299793836,-0.176362574,-0,6.60576439,9,-0.515307665,0.179818481,-0.0105127739,1
123184873,-0.359999985,0.0171699338,-0.0299793836,-0.176362574,-0,6.60576439,9,-0.515307665,0.179818481,-0.0105127739,1
123304825,-0.359999985,0.0171699338,-0.0299793836,-0.176362574,-0,6.60576439,9,-0.515307665,0.179818481,-0.0105127739,1
123424777,-0.359999985,0.0171699338,-0.0299793836,-0.176362574,-0,6.60576439,9,-0.515307665,0.179818481,-0.0105127739,1
123544729,-0.359999985,0.0171699338,-0.0299793836,-0.176362574,-0,6.60576439,9,-0.515307665,0.179818481,-0.0105127739,1
123664681,-0.359999985,0.0171699338,-0.0299793836,-0.176362574,-0,6.60576439,9,-0.515307665,0.179818481,-0.0105127739,1
123784633,-0.359999985,0.0171699338,-0.0299793836,-0.176362574,-0,6.60576439,9,-0.515307665,0.179818481,-0.0105127739,1
123904585,-0.359999985,0.0171699338,-0.0299793836,-0.176362574,-0,6.60576439,9,-0.515307665,0.179818481,-0.0105127739,1
124024537,-0.359999985,0.0171699338,-0.0299793836,-0.176362574,-0,6.60576439,9,-0.515307665,0.179818481,-0.0105127739,1
124144489,-0.399999976,0.016315721,-0.0308564827,-0.18219164,-0,6.47364902,9,-0.530383825,0,-0.0305252448,1
124264441,-0.399999976,0.0160382632,-0.0329744779,-0.195389599,-0,5.73463345,9,-0.566789508,0,-0.00841972139,1
124384393,-0.399999976,0.0158297364,-0.0332717262,-0.197324291,-0,5.07998228,9,-0.571898878,0,0.00700730504,1
124504345,-0.399999976,0.0136569357,-0.0331436433,-0.197610617,-0,4.5000639,9,-0.569697261,0,0.00163619698,1
124625130,-0.399999976,0.0132167554,-0.0331151262,-0.197652921,-0,4.01383018,9,-0.569207072,0,0.00596742984,1
124745082,-0.399999976,0.0138679249,-0.0331683047,-0.197655752,-0,3.64546275,9,-0.570121169,0,-0.000760609808,1
124865034,-0.399999976,0.0185078569,-0.0335403048,-0.197658777,-0,3.26733947,9,-0.576515377,0,-0.00642709155,1
124984986,-0.399999976,0.0160822459,-0.0333459303,-0.197656795,0,2.93238187,9,-0.573174298,0,-0.000579859538,1
125104938,-0.399999976,0.0147772003,-0.0332413428,-0.197656825,0,2.60979772,9,-0.571376562,0,-0.000951708178,1
125224890,-0.399999976,0.0135414433,-0.0331423059,-0.197658211,0,2.31186986,9,-0.569674253,0,0.00140660128,1
125344842,-0.399999976,0.0179174934,-0.0334930122,-0.197658181,0,2.12446547,9,-0.575702488,0,-0.00485183951,1
125464794,-0.399999976,0.0152026992,-0.0332754441,-0.197659209,0,2.03268218,9,-0.571962714,0,-0.000762171869,1
125584746,-0.399999976,0.02011762,-0.0336693376,-0.197657093,0,1.84996808,9,-0.578733265,0,-0.00865508988,1
125704698,-0.399999976,0.0179321133,-0.0334941857,-0.197657049,0,1.81335807,9,-0.575722635,0,-0.00828624982,1
125824650,-0.399999976,0.0140871247,-0.0331860371,-0.197658181,0,1.74248028,9,-0.570425928,0,0.00729291979,1
125944602,-0.399999976,0.0199642759,-0.0336570479,-0.197656378,0,1.61546922,9,-0.578522027,0,-0.0180809889,1
126064554,-0.399999976,0.0175709669,-0.0334652439,-0.197658077,0,1.43105125,9,-0.575225174,0,-0.00064551871,1
126184506,-0.399999976,0.0156692006,-0.0333128311,-0.197656542,0,1.26768601,9,-0.572605371,0,-0.00292389956,1
126304458,-0.399999976,0.0185843296,-0.0335464552,-0.197657242,0,1.1229701,9,-0.576621056,0,-0.00466640852,1
126424410,-0.399999976,0.0162375197,-0.0333583765,-0.197654784,0,0.99477458,9,-0.573388278,0,-0.00653359899,1
126544362,-0.399999976,0.0149859143,-0.0332580693,-0.197655618,0,0.881213546,9,-0.571664095,0,0.00299268286,1
126664314,-0.399999976,0.0178573746,-0.0334881954,-0.197655305,0,0.780616403,9,-0.575619638,0,-0.00102237042,1
126785099,-0.399999976,0.0133908587,-0.033130236,-0.197655842,0,0.691503167,9,-0.56946677,0,0.0117346896,1
126905051,-0.399999976,0.0150035303,-0.0332594812,-0.197655186,0,0.612562895,9,-0.571688354,0,0.00375736179,1
127025003,-0.399999976,0.0148879774,-0.0332502201,-0.1976538,0,0.542634189,9,-0.57152915,0,-0.00195967872,1
127144955,-0.399999976,0.0198456198,-0.0336475372,-0.197657585,0,0.480688393,9,-0.578358591,0,-0.00767871784,1
127264907,-0.399999976,0.0179356355,-0.0334944688,-0.197656155,0,0.489905328,9,-0.575727522,0,0.000752934779,1
127384859,-0.399999976,0.0164154451,-0.0333726369,-0.197657049,0,0.501769781,9,-0.573633373,0,0.00458431011,1
127504811,-0.399999976,0.0169136953,-0.0334125683,-0.1976538,0,0.500706196,9,-0.57431972,0,0.00146304572,1
127624763,-0.399999976,0.0153933577,-0.0332907215,-0.197654411,0,0.443546832,9,-0.572225332,0,0.00466817757,1
127744715,-0.399999976,0.0155103384,-0.033300098,-0.197656587,0,0.392912626,9,-0.572386503,0,0.0051946193,1
127864667,-0.399999976,0.0161700789,-0.0333529711,-0.197654054,0,0.348058701,9,-0.573295295,0,-0.00313356053,1
127984619,-0.399999976,0.018116923,-0.0335089974,-0.19765538,0,0.335752338,9,-0.575977206,0,-0.00813722238,1
128104571,-0.399999976,0.0169909075,-0.033418756,-0.197657242,0,0.364488304,9,-0.574426055,0,-0.00515971612,1
128224523,-0.399999976,0.0174600445,-0.0334563516,-0.197654396,0,0.39078179,9,-0.575072348,0,-0.00236952095,1
128344475,-0.399999976,0.0163786002,-0.0333696827,-0.197655976,0,0.410772532,9,-0.57358259,0,-0.000759096933,1
128464427,-0.399999976,0.015863901,-0.0333284326,-0.197655261,0,0.41762358,9,-0.572873533,0,0.00397948781,1
128584379,-0.399999976,0.0163825341,-0.0333699994,-0.197656795,0,0.396696746,9,-0.573588073,0,0.0052580256,1
128704331,-0.399999976,0.0173412152,-0.0334468298,-0.197657585,0,0.420459658,9,-0.574908614,0,-0.00452431478,1
128825116,-0.399999976,0.0179929659,-0.0334990621,-0.197657511,0,0.439060271,9,-0.575806499,0,-0.00666867616,1
128945068,-0.399999976,0.0140751647,-0.0331850797,-0.197657511,0,0.465991527,9,-0.570409477,0,0.00613634009,1
129065020,-0.399999976,0.0128679555,-0.0330883302,-0.197656378,0,0.486111194,9,-0.568746507,0,0.00341319479,1
129184972,-0.399999976,0.0151506457,-0.0332712717,-0.197656155,0,0.503252566,9,-0.57189101,0,0.00141728669,1
129304924,-0.359999985,0.0180582125,-0.0311902501,-0.183386356,0,0.565024316,9,-0.536120892,0,0.0208678246,1
129424876,-0.359999985,0.0146094803,-0.0301530007,-0.178697467,0,0.655172288,9,-0.518291891,0,0.0078486735,1
129544828,-0.359999985,0.0171100292,-0.0302417893,-0.178008869,0,0.720931351,9,-0.519818068,0,-0.00133542391,1
129664780,-0.359999985,0.0130030317,-0.0298962705,-0.177907243,0,0.75853765,9,-0.513879001,0,0.00472132117,1
129784732,-0.359999985,0.0168451928,-0.030201789,-0.177893117,0,0.795801163,9,-0.519130528,0,0.00275089708,1
129904684,-0.359999985,0.0127640823,-0.0298743658,-0.177891955,0,0.814866185,9,-0.513502479,0,0.0100972364,1
130024636,-0.359999985,0.0174980424,-0.0302537084,-0.177890539,0,0.808719635,9,-0.520022929,0,-0.0044712089,1
130144588,-0.359999985,0.0146278497,-0.0300236754,-0.177890211,0,0.757048965,9,-0.516068935,0,-0.00115306105,1
130264540,-0.359999985,0.0133848954,-0.0299240611,-0.177890301,0,0.711276889,9,-0.514356732,0,0.00255603297,1
130384492,-0.359999985,0.0162872393,-0.0301566627,-0.177889019,0,0.649788976,9,-0.518354833,0,0.000923287065,1
130504444,-0.359999985,0.0175817329,-0.0288115963,-0.174731374,0,0.575610638,9,-0.495234847,0,0.00795352366,1
130624396,-0.359999985,0.0137660587,-0.0253838152,-0.172052085,0,0.629364967,9,-0.436315626,0,0.035291262,1
130744348,-0.359999985,0.0133447414,-0.0223617218,-0.159433618,0,0.685703635,9,-0.384369671,0,0.0335283764,1
130865133,-0.319999993,0.0164659638,-0.0183954313,-0.135982662,0,0.722222209,9,-0.316194177,0,0.0289882123,1
130985085,-0.319999993,0.0159900114,-0.0162876565,-0.125282854,0,0.73079586,9,-0.279964179,0,0.0116114626,1
131105037,-0.319999993,0.0123331333,-0.0146779837,-0.118765123,0,0.647369981,0,-0.252295941,-0.0216693785,0.0127230445,1
131224989,-0.319999993,0.015161125,-0.0134062143,-0.11562904,0,0.573467851,0,-0.230435848,-0.0456105731,0.0130441608,1
131344941,-0.319999993,0.016153777,-0.0123826312,-0.10957595,0,0.508002222,0,-0.212841749,-0.0676316246,0.00903260149,1
131464893,-0.319999993,0.0165873263,-0.0115676289,-0.105108835,0,0.450009942,0,-0.198832899,-0.0880901888,0.00612283312,1
131584845,-0.319999993,0.0185511466,-0.0108985212,-0.101326503,0,0.39863795,0,-0.187331781,-0.107201323,0.00187319808,1
131704797,-0.319999993,0.0176070929,-0.0101422314,-0.0976711363,0,0.35313043,0,-0.174332112,-0.124986492,0.00109871372,1
131824749,-0.319999993,0.0156305395,-0.00911884196,-0.095572874,0,0.312817931,0,-0.156741351,-0.141314983,0.00976236816,1
131944701,-0.319999993,0.0138862338,-0.00824025646,-0.0902479887,0,0.277107388,0,-0.141639575,-0.156198233,0.00935140345,1
132064653,-0.319999993,0.0135228736,-0.00750184711,-0.0855055228,0,0.245473504,0,-0.128947258,-0.169708654,0.00687948149,1
132184605,-0.319999993,0.0187659096,-0.00697259465,-0.081346266,0,0.217450842,0,-0.119850069,-0.182026953,0.00185127149,1
132304557,-0.319999993,0.0140285343,-0.00632982887,-0.0776987523,0,0.211175427,0,-0.108801737,-0.193295702,0.00395277049,1
132424509,-0.319999993,0.0165121406,-0.00581840938,-0.0757058039,0,0.212989956,0,-0.100011088,-0.203653142,0.00483799214,1
132544461,-0.319999993,0.0144430809,-0.00537299272,-0.0722270086,0,0.212524727,0,-0.0923549384,-0.213233471,0.00397646986,1
132664413,-0.319999993,0.0120640146,-0.00500729587,-0.0695200264,0,0.188263416,0,-0.0860690773,-0.222162142,0.00391354132,1
132784365,-0.199999988,-0.308740318,0.000527112745,-0.0560316406,0,0.655765593,0,0.00906040054,-0.224839523,0.00940082036,1
132904317,0,-0.859442532,0.0105854608,-0.0135329915,0,2.34653401,0,0.181950673,-0.21770443,0.281993359,1
133025102,0.0799999982,0.370336413,-0.00277907634,0.0266073849,-0,4.72061729,0,-0.0477688015,-0.203166455,-0.308211803,1
133145054,-0.239999995,-0.154094741,0.000293616205,-0.023910284,-0,6.76236248,0,0.00504689105,-0.208386555,0.157032043,1
133265006,-0.199999988,-0.760669291,0.00525324233,-0.0503241755,0,8.34622097,0,0.0902965814,-0.211425558,0.110502645,1
133384958,0.199999988,-0.35775274,0.00377428043,0.000941593549,0,9.3701067,0,0.0648751035,-0.207879737,0.0588707365,1
133504910,0.159999996,0.164427251,-0.000149650499,0.026115004,0,9.84769249,0,-0.00257230247,-0.212768391,0.0470107496,1
133624862,0.319999993,-0.598179162,0.00804206636,0.043411538,0,9.76078796,0,0.138232931,-0.201092273,-0.0319755152,1
133744814,0.399999976,0.0845324472,0.0027455939,0.0642348006,0,8.64652061,0,0.0471932814,-0.189569816,-0.0880634338,1
133864766,0.199999988,0.00577603839,0.00246024225,0.0465715528,-0,7.6594553,0,0.0422884487,-0.186326355,0.0705200955,1
133984718,0.159999996,0.308969021,-0.000888604554,0.0331454873,-0,7.48815632,0,-0.0152739864,-0.183910817,0.0219932217,1
134104670,0.399999976,-0.230864093,0.00446531316,0.0488543361,0,7.03642941,0,0.0767530799,-0.176925451,-0.0324487612,1
134224622,0.560000002,-0.070165664,0.00446804753,0.0772588775,0,7.01979733,0,0.0768000782,-0.169935554,0.0730048642,1
134344574,0.560000002,-0.430405498,0.00747924484,0.0838420093,0,7.64639616,0,0.12855874,-0.165129915,0.158844888,1
134464526,0.719999969,-0.539871454,0.00892782584,0.0993305743,0,8.26262188,0,0.153458014,-0.1513578,0.0291240588,1
134584478,0.879999995,-0.0928325281,0.00655022031,0.120244101,0,8.72782612,0,0.112589993,-0.139092639,-0.0471737832,1
134704430,0.879999995,0.521462083,0.00278404448,0.134236455,-0,9.07263565,0,0.0478542,-0.128231123,-0.0243832506,1
134824382,0.75999999,-0.138257667,0.00640718965,0.11722225,-0,9.38112354,0,0.11013148,-0.119694576,0.0644269586,1
134944334,0.799999952,0.238658726,0.0037824735,0.115640342,-0,9.62259388,0,0.065015927,-0.109617881,-0.0567355491,1
135065119,0.560000002,0.567316175,0.00068612094,0.0932240039,-0,9.50073242,0,0.0117935501,-0.10677053,-0.00844001491,1
135185071,0.680000007,-0.707399428,0.0080109546,0.0842187479,0,8.41615295,0,0.137698174,-0.0984001532,0.0551526882,1
135305023,0.75999999,0.17290014,0.00335647864,0.0996442735,0,7.45538616,0,0.0576936193,-0.0898003504,-0.024572866,1
135424975,0.680000007,0.473286778,0.00153108709,0.0973234773,-0,6.60429764,0,0.0263174474,-0.0839286894,-0.00612827204,1
135544927,0.639999986,0.394605368,0.00156726781,0.0878063515,-0,5.85036755,0,0.0269393492,-0.0785601214,-0.0258306526,1
135664879,0.560000002,0.342328995,0.00136144005,0.0761229247,-0,5.18250465,0,0.0234014299,-0.0742316544,-0.0402777828,1
135784831,0.359999985,0.395378292,0.000336593017,0.0582042672,-0,4.76594782,0,0.00578560773,-0.0734011531,0.0558307245,1
135904783,0.639999986,-0.783044636,0.00692661665,0.0675234869,0,4.81736708,0,0.119059771,-0.0644996315,0.0265288111,1
136024735,1.24000001,0.423876584,0.00323520531,0.131353006,0,4.86061573,0,0.0556090809,-0.0538834035,-0.030398706,1
136144687,1.43999994,-0.03536487,0.00709531456,0.165076017,0,4.902318,0,0.121959478,-0.0428927243,0.0238717422,1
136264639,1.51999998,0.369069099,0.00601023808,0.190125525,0,4.73211861,0,0.10330838,-0.0300243292,-0.0185661726,1
136384591,1.15999997,0.705425203,0.00314910943,0.165185153,-0,4.34480762,0,0.0541292019,-0.0235501342,-0.00514896726,1
136504543,0.639999986,1.28231454,-0.00236506248,0.110522568,-0,3.95157075,0,-0.0406524315,-0.0231493171,-0.0749383941,1
136624495,0.439999998,0.73348856,-0.0012625237,0.0669688582,-0,4.04278803,0,-0.0217011832,-0.0252433252,-0.0222294535,1
136744447,0.239999995,0.739292443,-0.00241692993,0.0418937542,-0,4.03674603,0,-0.0415439643,-0.02665109,-0.0443706959,1
136864399,-0.199999988,0.539728642,-0.00335226906,-0.00516647939,-0,3.69932032,0,-0.0576212592,-0.0329066031,0.013397323,1
136984351,-0.239999995,-0.473770171,0.00143893168,-0.0304273963,-0,3.27701521,0,0.024733413,-0.0345971696,0.0745880008,1
137105136,0.0799999982,-0.626454592,0.00352073461,-0.00425307639,0,2.90291929,0,0.0605169684,-0.0299337991,0.0294707101,1
137225088,0.479999989,-0.380150676,0.00396435801,0.0377493501,0,2.57152939,0,0.0681422949,-0.0237209965,-0.00431583822,1
137345040,0.680000007,-0.224260867,0.00462672859,0.0734319538,0,2.42752838,0,0.0795276016,-0.0169572476,-0.0237298198,1
137464992,0.319999993,1.22008812,-0.00455755461,0.0636282414,-0,2.64612579,0,-0.0783385932,-0.0188392717,-0.0785633922,1
137584944,0,0.49992159,-0.00226302166,0.0172865689,-0,2.9790895,0,-0.0388984755,-0.0220229682,-0.0591733269,1
137704896,0,-0.0774364099,0.000584037742,0.00253439462,-0,3.34865212,0,0.0100388695,-0.0205013081,0.0130028632,1
137824848,0.359999985,-0.0747536719,0.00155399158,0.0246404633,0,3.63793015,0,0.0267111473,-0.0162534118,-0.0072324737,1
137944800,0.680000007,0.274270356,0.00139143132,0.0683930591,0,3.84132624,0,0.0239169411,-0.0117188599,-0.0621903762,1
138064752,0.719999969,-0.140343264,0.00494426303,0.092182979,0,3.89715552,0,0.0849856213,-0.00728468504,0.0823856667,1
138184704,0.560000002,0.696875632,-0.000266832765,0.0879594982,-0,3.97605515,0,-0.00458651735,-0.00448085647,-0.0314956568,1
138304656,0.319999993,0.298591584,0.000655535609,0.0549696833,-0,4.21771765,0,0.0112678269,-0.00559138227,0.0272324774,1
138424608,0.399999976,0.259342134,0.00049496768,0.045897603,0,4.36810112,0,0.00850786734,-0.00271410844,-0.0257382561,1
138544560,0.159999996,0.851847291,-0.0035644914,0.0317006037,-0,4.29112816,0,-0.0612690933,-0.00572358537,-0.0561514348,1
138664512,0.119999997,-0.00286659156,0.000847652263,0.0191057287,-0,3.80126381,0,0.0145700686,-0.00697325356,0.0170714278,1
138784464,0.0399999991,0.0165510289,0.000252686557,0.00801627059,-0,3.36732101,0,0.00434336206,-0.00746443821,0.0219443031,1
138904416,0.0799999982,-0.437967598,0.00277568004,0.00708992546,0,3.21645117,0,0.0477104262,-0.0053105494,0.0591852479,1
139024368,0.399999976,-0.187707812,0.00258202432,0.0362212993,0,3.144557,0,0.0443817303,-0.00159924489,0.0544752032,1
139144320,0.399999976,0.335227013,0.000396008603,0.0525883734,-0,3.45455599,0,0.00680688629,0.00212708698,-0.0517724268,1
139265105,0.239999995,0.172408774,0.000598426035,0.0363132246,-0,3.76491737,0,0.0102861859,0.00132852211,0.021317035,1
139385057,-0.239999995,1.23672533,-0.0067674038,-0.00309443008,-0,4.00071049,0,-0.116323106,-0.00630286196,0.0154837715,1
139505009,-0.680000007,0.0575432815,-0.00319746742,-0.0691363439,-0,4.09022331,0,-0.0549604148,-0.0165455807,0.071884118,1
139624961,-0.639999986,-0.367029727,-0.0015306432,-0.0832032114,0,3.72320604,0,-0.026309818,-0.0219694059,0.0513619632,1
139744913,-0.359999985,0.0212132856,-0.00239046453,-0.0552573465,0,3.29817414,0,-0.0410890579,-0.0210493021,-0.0788631886,1
139864865,-0.280000001,-0.705341995,0.00190397853,-0.0419945084,0,3.00258136,0,0.0327269807,-0.0222055912,0.0698459446,1
139984817,-0.0399999991,-0.0925469324,-0.000181022857,-0.0159774683,0,3.08794689,0,-0.00311155361,-0.0203542784,-0.0215367377,1
140104769,0.0799999982,-0.567286134,0.00299828197,0.00184240669,0,3.11583352,0,0.0515366681,-0.017794624,0.0465934686,1
140224721,0.639999986,-1.32552874,0.00866003893,0.0426644124,0,2.89164209,0,0.148855105,-0.010831329,0.150695607,1
140344673,1.27999997,-0.172340557,0.0060397042,0.123827837,0,3.24981642,0,0.10381487,0.00262383954,-0.0539161116,1
140464625,1.07999992,1.37504125,-0.00127826491,0.143194631,-0,3.62209105,0,-0.0219717547,0.00458895229,-0.0432729498,1
140584577,0.439999998,0.647719681,3.37695237e-05,0.082865417,-0,3.90664601,0,0.000580455351,0.00155859138,0.0540626422,1
140704529,-0.560000002,1.98045635,-0.0114501473,-0.0237731673,-0,4.2621851,0,-0.196813524,-0.0120893158,-0.0724235475,1
140824481,-1.43999994,-0.254135817,-0.00424109586,-0.134152249,-0,4.55861855,0,-0.0728990659,-0.0188132152,-0.0823162794,1
140944433,-1.51999998,-1.06160533,-0.00198203884,-0.181853667,-0,4.8000803,0,-0.0340687372,-0.0272987727,0.0819531083,1
141064385,-0.879999995,-1.35950708,0.00121139642,-0.142219588,0,4.93191814,0,0.0208223704,-0.0273071434,0.000736690068,1
141184337,-0.0799999982,-2.29360461,0.00946123153,-0.0597685203,0,4.89086294,0,0.162626579,-0.0208701696,0.0907356814,1
141305122,0.639999986,-1.22151363,0.00802894309,0.0414324105,0,4.91883755,0,0.138007373,-0.00614781631,-0.0147382384,1
141425074,0.959999979,-1.01524508,0.00882641319,0.0886598974,0,4.67769861,0,0.151714861,0.00700889109,0.0268683638,1
141545026,1.19999993,0.481992126,0.00301941275,0.133821428,0,4.19444132,0,0.0518998802,0.0155165261,-0.040352039,1
141664978,0.719999969,1.46597731,-0.00278814184,0.113137558,-0,3.71561432,0,-0.0479246266,0.0148047246,-0.0510671735,1
141784930,0.119999997,-0.12863481,0.0020693515,0.035114795,-0,3.78456855,0,0.0355695337,0.0119224982,0.0646541715,1
141904882,-0.119999997,-0.211888701,0.000771283172,-0.00701008225,-0,4.33953667,0,0.0132573806,0.00972963125,0.0411594063,1
142024834,0.159999996,0.523530304,-0.00256433804,0.000218990637,0,4.78803873,0,-0.0440777242,0.00898869056,-0.0499919504,1
142144786,0.119999997,-0.161962211,0.00118887308,0.0099208001,0,5.10629368,0,0.0204352234,0.00703440979,0.0644682869,1
142264738,0.239999995,-0.143562123,0.00160395098,0.0226637833,0,5.21712542,0,0.0275698844,0.0104883881,0.00604428584,1
142384690,0.199999988,0.0216731355,0.000900079613,0.0252041854,-0,4.73882532,0,0.0154712284,0.010491156,0.0473171882,1
142504642,0.119999997,0.491170138,-0.0015294482,0.0210266523,-0,4.19785261,0,-0.0262892786,0.0114661902,-0.0414713509,1
142624594,-0.719999969,1.53836417,-0.0088906223,-0.0389233604,-0,3.9233861,0,-0.152818531,0.00103264628,-0.0239911061,1
142744546,-1.27999997,0.354186803,-0.00642974814,-0.120075449,-0,3.65664482,0,-0.110519223,-0.0115043707,0.0566211455,1
142864498,-0.359999985,-1.63886142,0.00447528949,-0.0832070708,0,3.71124029,0,0.0769245625,-0.00696163159,-0.0170274228,1
142984450,0.519999981,-1.32615304,0.00704503991,0.0201925803,0,3.81295443,0,0.121095315,0.000730501255,0.0766330957,1
143104402,0.839999974,-0.0189627577,0.00349396188,0.0866937041,0,3.93380165,0,0.0600567833,0.00804989226,0.024081286,1
143224354,0.639999986,1.11126876,-0.00173132401,0.0881091654,-0,4.02072048,0,-0.0297592655,0.0119904196,-0.104276016,1
143345139,0.319999993,-0.0433182716,0.00206454587,0.0476799123,-0,4.12402773,0,0.0354869291,0.0101408977,0.0692473873,1
143465091,0.0399999991,0.42122817,-0.00120767695,0.0190348253,-0,4.24965048,0,-0.020758437,0.00825028494,-0.00631824275,1
143585043,-0.439999998,1.4339354,-0.00758876838,-0.0248561166,-0,4.34056711,0,-0.130441323,0.0022571485,-0.0733731464,1
143704995,-0.560000002,-0.810043275,0.00115815923,-0.0661000758,-0,4.4037571,0,0.0199072901,-0.00253657368,0.0792211518,1
143824947,-0.280000001,-0.616652966,0.00102142291,-0.0463870168,0,4.31604671,0,0.0175569672,0.00311600626,-0.0964825824,1
143944899,-0.359999985,-0.310384661,-1.90893188e-05,-0.0370452181,-0,3.91475916,0,-0.000328121212,0.00157627661,0.073513262,1
144064851,-0.439999998,-0.485222012,0.000443437952,-0.0456267968,-0,4.08280945,0,0.0076221372,0.00251918403,0.00809792615,1
144184803,-0.359999985,-0.264544725,-0.000622604275,-0.0472158119,0,4.16110373,0,-0.0107017793,0.00131865521,-0.0314700231,1
144304755,-0.319999993,0.843367994,-0.00517476583,-0.0350550637,-0,4.04536629,0,-0.0889476761,-0.000616645149,-0.119169295,1
144424707,-0.639999986,0.359500438,-0.00404142821,-0.062738426,-0,4.06725645,0,-0.0694670379,-0.00845403038,0.0100703575,1
144544659,-0.719999969,-0.607720733,-0.000379975419,-0.0810508057,-0,3.82045293,0,-0.0065312963,-0.0129994741,0.0680318102,1
144664611,-0.519999981,-1.12819481,0.00232837116,-0.0715095103,0,3.5263741,0,0.0400217511,-0.0125676086,0.0503589213,1
144784563,0,-0.728139579,0.00256278599,-0.0184908081,0,3.32628846,0,0.0440510474,-0.00736498972,0.0500265695,1
144904515,0.399999976,-0.290813208,0.00244347588,0.0296632405,0,3.69824767,0,0.0420002565,-0.00275823777,-0.0353973806,1
145024467,1.36000001,-0.414548635,0.00598524837,0.107868992,0,3.98940158,0,0.102878839,0.00545419287,0.0243120827,1
145144419,1.39999998,0.921323657,0.00203560619,0.160484388,0,4.19160223,0,0.0349894948,0.0150655918,-0.0607832521,1
145264371,1.03999996,1.18430591,5.90779819e-05,0.139397129,-0,4.19644642,0,0.00101547572,0.0197322201,-0.0558777004,1
145384323,0.639999986,1.10457277,-0.00129792024,0.0945596322,-0,3.71739101,0,-0.0223096069,0.01908914,-0.0315290354,1
145505108,0,1.57467747,-0.00580409123,0.0310607012,-0,3.29302287,0,-0.0997649804,0.0141171701,-0.0723347962,1
145625060,-0.75999999,0.42340827,-0.00404782686,-0.0570162535,-0,3.16042948,0,-0.0695770159,0.00284710806,0.0187927634,1
145745012,-0.680000007,-0.900774896,0.000825093128,-0.0827610418,0,3.4482789,0,0.0141823068,-0.000399786339,0.0203478653,1
145864964,-0.560000002,-0.604187548,-3.41131818e-05,-0.070878908,0,3.67588019,0,-0.000586362381,-0.00287936791,0.0524199419,1
145984916,-0.159999996,-1.015674,0.00307142502,-0.0367790237,0,3.84896898,0,0.0527939089,-0.000806990953,0.0523981415,1
146104868,0.359999985,-0.363367528,0.00238968432,0.020847816,0,3.92895746,0,0.0410756469,0.00658125477,-0.0403360873,1
146224820,-0.119999997,0.459543467,-0.00136295112,0.0171689726,-0,4.11411715,0,-0.0234274045,0.0023721878,0.0349281169,1
146344772,-0.560000002,1.27192891,-0.00686018635,-0.0341264568,-0,4.23180199,0,-0.11791791,-0.0029271869,-0.104758576,1
146464724,-0.599999964,-0.0414365418,-0.00222961721,-0.0635925382,-0,4.40302992,0,-0.0383242965,-0.00639739353,-0.00217687921,1
146584676,-0.280000001,-0.0369920097,-0.00137632375,-0.0405959487,0,4.58933783,0,-0.0236572623,-0.00758555485,-0.00324661029,1
146704628,-0.239999995,0.257037401,-0.00229482842,-0.0309936628,0,4.73517084,0,-0.0394451953,-0.00924128294,-0.0557588339,1
146824580,-0.479999989,0.0858296975,-0.00211376022,-0.0460267626,-0,4.76100063,0,-0.0363328643,-0.0117110107,-0.0151214562,1
146944532,-0.399999976,0.20220533,-0.00257013761,-0.0447183028,-0,4.21749592,0,-0.0441774093,-0.0123660779,-0.0679799467,1
147064484,-0.280000001,-0.376907408,0.00020045694,-0.0380528979,0,3.73603725,0,0.00344560086,-0.0145758167,0.0543138497,1
147184436,-0.399999976,0.622427046,-0.00410223054,-0.0369752273,-0,3.59780312,0,-0.0705121458,-0.0179894809,-0.00550177041,1
147304388,-0.399999976,-0.207521588,-0.000988276559,-0.0500128381,0,3.43087006,0,-0.0169872232,-0.0196641646,-0.0392879508,1
147424340,-0.159999996,-0.605334222,0.00151556288,-0.0293945186,0,3.42362833,0,0.0260506067,-0.0184916966,0.0027876969,1
147545125,0.439999998,-0.40566346,0.00246916432,0.0188619066,0,3.44941473,0,0.0424418077,-0.0130089791,-0.0181197636,1
147665077,0.75999999,-0.160119951,0.00336550083,0.0709050447,0,3.20936918,0,0.0578486994,-0.00779061811,0.021292286,1
147785029,0.680000007,-0.224731803,0.00388681283,0.0773714781,0,2.84299564,0,0.0668093935,-0.00537209678,0.0823526084,1
147904981,0.199999988,0.932307422,-0.00230668089,0.0455991775,-0,2.92806911,0,-0.039648924,-0.00736949779,0.0461438186,1
148024933,0.239999995,0.0877005011,0.000616054633,0.0264140479,0,3.23933148,0,0.0105891991,-0.00566430995,-0.043740958,1
148144885,0,0.854583442,-0.00315326359,0.0140029509,-0,3.48297453,0,-0.0542006046,-0.00801085122,-0.015630085,1
148264837,-0.119999997,0.269601554,-0.00141359796,-0.00675593736,-0,3.65607786,0,-0.0242979582,-0.00934337918,-0.031811215,1
148384789,0.119999997,0.155858219,-0.000407424784,0.00697448757,0,3.79492617,0,-0.00700311642,-0.00849732477,-0.0313055851,1
148504741,0.239999995,0.513095081,-0.00121194555,0.0263805334,0,3.84823418,0,-0.0208318084,-0.00643345201,-0.0700884014,1
148624693,-0.199999988,0.95829457,-0.00385541911,0.00676080724,-0,3.60994482,0,-0.0662697703,-0.0103274165,-0.0206598453,1
148744645,-0.799999952,0.610652685,-0.00480672624,-0.0582915843,-0,3.1978426,0,-0.0826215371,-0.0185231362,0.0156322923,1
148864597,-0.280000001,-1.60307348,0.00480188103,-0.0552050024,0,3.16820192,0,0.0825382546,-0.0149349952,0.0416726992,1
148984549,0.639999986,-1.51075006,0.00777042657,0.0343713649,0,3.08503723,0,0.133563802,-0.00402447442,0.0324369147,1
149104501,1.31999993,-0.0941775814,0.00521544274,0.128115192,0,2.89629269,0,0.0896468535,0.00605263421,-0.0148025928,1
149224453,-19.1999989,-2.69744945,-0.0588998795,-1.87655485,-0,5.82656765,0,-1.01241434,-0.0743443519,-0.0784492046,1
149344405,-14.6399994,-12.9725018,-0.0138829388,-1.85158324,0,9.58942318,0,-0.238630146,-0.129648864,0.325957388,1
149464357,-7.79999971,-14.4811821,0.0164458342,-1.21572363,0,12.6068649,0,0.282683045,-0.121512324,0.225928351,1
149585142,-1.07999992,-12.3638258,0.0360534303,-0.451691866,0,14.6470518,0,0.61971277,-0.0675312281,0.0433054082,1
149705094,3.03999996,-5.27297544,0.0281081088,0.146867827,0,15.7384109,0,0.483142793,-0.00911878701,-0.116557784,1
149825046,4.07999992,-0.796486557,0.01858918,0.404094309,0,16.1048489,0,0.319524437,0.027705323,-0.0117572183,1
149944998,3.43999982,2.93621397,0.00323642138,0.421670079,-0,14.7022886,0,0.0556299835,0.0462232381,-0.194642484,1
150064950,1.63999999,4.04580927,-0.00706003327,0.274125099,-0,13.0239124,0,-0.12135303,0.0411184952,-0.067324914,1
150184902,0,2.9560349,-0.00966559537,0.0803725421,-0,11.5371361,0,-0.166139334,0.0261006914,-0.0237833336,1
150304854,-1.07999992,1.783005,-0.010189347,-0.0674001649,-0,10.2200851,0,-0.175141975,0.00881331135,-0.0063849017,1
150424806,-1.48000002,-0.095094651,-0.00527211558,-0.151177451,-0,9.05338573,0,-0.0906209871,-0.00551734632,0.0412838943,1
150544758,-1.51999998,-0.16866073,-0.00561782764,-0.168764204,-0,8.01987457,0,-0.0965633392,-0.0164156128,0.0357303582,1
150664710,-0.680000007,-1.39868724,0.00183720933,-0.111100897,0,7.87257385,0,0.0315793008,-0.0125954449,-0.0481052734,1
150784662,-0.239999995,-0.212568626,-0.000840382418,-0.0466656722,0,7.30087233,0,-0.0144451093,-0.0105038909,-0.0630250722,1
150904614,-0.0799999982,-0.0548049547,-0.000365665357,-0.0159916971,0,6.73714256,0,-0.00628532469,-0.00974338315,-0.0183882508,1
151024566,-0.199999988,-0.439649582,0.00105863495,-0.0222490206,-0,6.09716654,0,0.018196594,-0.0131576629,0.0920548663,1
151144518,-0.199999988,-0.0260830298,-0.000746775884,-0.0228120852,-0,5.87549829,0,-0.0128361313,-0.0142211989,-0.00182197394,1
151264470,-0.199999988,-0.5652439,0.00146211847,-0.0259675384,0,5.52345467,0,0.0251319651,-0.0161621682,0.0679424182,1
151384422,-0.199999988,0.19585076,-0.00169315783,-0.0224567913,-0,5.04742813,0,-0.0291032381,-0.0178669225,-0.012341206,1
151504374,-0.280000001,0.148188323,-0.00172480638,-0.0287101157,-0,4.47122669,0,-0.0296472386,-0.0206581559,-0.0267051719,1
151624326,-0.439999998,-0.250055373,-0.000562119763,-0.0436089374,-0,3.96080256,0,-0.00966212619,-0.0258648191,0.096211344,1
151745111,-0.359999985,-0.0221091546,-0.00152060471,-0.0427698866,0,3.98506093,0,-0.02613727,-0.0280535426,-0.0151215829,1
151865063,-0.719999969,0.795912266,-0.00605539186,-0.0685526207,-0,4.03086662,0,-0.104084522,-0.0378001779,-0.00561397756,1
151985015,-0.839999974,-0.761151254,-0.000301737571,-0.0955572724,-0,4.09313726,0,-0.00518648652,-0.0454782397,0.121461861,1
152104967,-0.399999976,-0.326164156,-0.000910893199,-0.0616029352,0,4.11557913,0,-0.0156571008,-0.0441613048,-0.0340176299,1
152224919,-0.239999995,-0.0774074346,-0.000993193942,-0.0351542309,0,3.93288994,0,-0.0170717463,-0.0448297709,-0.0132336188,1
152344871,-0.0399999991,0.74343574,-0.00354490546,-0.00813601632,0,4.01854467,0,-0.0609324351,-0.0434916168,-0.106650054,1
152464823,-0.359999985,0.190168425,-0.00206378382,-0.032647606,-0,4.16512251,0,-0.035473831,-0.0501792766,0.0223273411,1
152584775,-0.319999993,-0.243449539,-0.000417688047,-0.039051909,0,4.35890961,0,-0.00717952894,-0.0523128547,-0.00819537416,1
152704727,-0.519999981,0.400986195,-0.0036706659,-0.050786905,-0,4.49297142,0,-0.0630940944,-0.0591820106,0.0228273347,1
152824679,-0.680000007,-0.3176893,-0.00143704179,-0.0745237395,-0,4.46925831,0,-0.0247009285,-0.0661683977,0.0501896404,1
152944631,-0.319999993,-1.01246905,0.00234143436,-0.0548625924,0,4.28234673,0,0.0402462892,-0.0651357323,0.0250750147,1
153064583,0.280000001,-0.802473366,0.00378653361,0.00732538151,0,4.4345727,0,0.0650857165,-0.057197921,0.00150479539,1
153184535,0.680000007,-0.392730534,0.0039608134,0.0590651371,0,4.72960234,0,0.068081364,-0.0489056744,-0.0213108286,1
153304487,0.75999999,-0.4352175,0.00487478217,0.0782193989,0,4.95855284,0,0.0837913305,-0.0432334319,0.0183165632,1
153424439,0.599999964,1.12428486,-0.00187176932,0.0804797933,-0,5.05534029,0,-0.032173343,-0.0409442112,-0.0590738021,1
153544391,0.639999986,-0.0956656933,0.00312982756,0.0713849887,0,4.98746634,0,0.0537977703,-0.0361004695,-0.0432237238,1
153664343,0.280000001,1.50256443,-0.00462859683,0.0514813699,-0,4.85389709,0,-0.0795597211,-0.0379742309,-0.0936093479,1
153785128,-0.399999976,0.287345737,-0.00205992768,-0.0210679565,-0,4.83657074,0,-0.0354075469,-0.0488379374,0.139323652,1
153905080,-0.439999998,0.17595458,-0.00254888949,-0.0467865281,-0,5.03887177,0,-0.0438121818,-0.052466657,-0.0240516085,1
154025032,-0.359999985,0.030417379,-0.00178364106,-0.04342895,0,5.19141006,0,-0.0306585301,-0.0548272356,-0.007481548,1
154144984,-0.280000001,-0.594694674,0.00110557349,-0.0395814627,0,5.25152063,0,0.019003408,-0.0567678735,0.0141803771,1
154264936,-0.0799999982,-0.284641981,0.000595106219,-0.0172279179,0,4.66690254,0,0.0102291219,-0.0558520593,0.0230011772,1
154384888,0.239999995,0.0417202748,0.000391005771,0.0151055576,0,4.13414097,0,0.00672089402,-0.0518416055,-0.0742014199,1
154504840,0.199999988,0.122731932,0.000294598518,0.0219246093,0,3.66219759,0,0.00506377546,-0.0516987853,0.00695107831,1
154624792,0.199999988,0.71384269,-0.00205888366,0.0281925611,-0,3.91751409,0,-0.0353896022,-0.0501249582,-0.030975759,1
154744744,-0.0399999991,-0.0777649656,0.000443401863,0.0026965104,-0,4.3555069,0,0.00762151694,-0.0539480485,0.0689627379,1
154864696,-0.199999988,0.341272682,-0.00203024037,-0.0140104881,-0,4.69591713,0,-0.0348972604,-0.0577305779,0.0232193135,1
154984648,-0.439999998,0.861558557,-0.00510175247,-0.0346736684,-0,4.87428904,0,-0.0876926705,-0.0635589585,0.00985291321,1
155104600,-0.439999998,0.0401801988,-0.00201821025,-0.0484466553,-0,4.91524792,0,-0.0346904807,-0.0671627894,0.00783912558,1
155224552,-0.560000002,-0.24557434,-0.00133509096,-0.063477248,-0,4.69037485,0,-0.0229485221,-0.0736080781,0.0601171404,1
155344504,-0.719999969,0.178026557,-0.00365837268,-0.0756891519,-0,4.58293486,0,-0.0628827959,-0.0813328549,0.075156562,1
155464456,-0.599999964,-0.344768405,-0.00132217444,-0.0745857731,0,4.35540962,0,-0.0227265041,-0.0854885131,0.0488280766,1
155584408,-0.439999998,-0.467761487,-0.000237155939,-0.0602478534,0,4.09402657,0,-0.00407641055,-0.0881133527,0.0674462318,1
155704360,0.0399999991,-1.55414939,0.00599322328,-0.0218537282,0,3.66400814,0,0.103015915,-0.0837447196,0.0613915101,1
155824312,0.479999989,-0.44860065,0.00337617239,0.0368544422,0,3.24573421,0,0.0580321252,-0.0764554366,0.0154087255,1
155945097,0.799999952,-0.747749746,0.00614451943,0.0749759525,0,2.87520933,0,0.10561651,-0.0684189126,0.0364485048,1
156065049,0.919999957,0.554349899,0.0015162921,0.103902161,0,2.84689927,0,0.0260631423,-0.0605931394,-0.0581825636,1
156185001,0.639999986,1.07349885,-0.00140864658,0.086976476,-0,3.21331596,0,-0.0242128503,-0.0604040362,-0.0248608813,1
156304953,0.399999976,0.675505638,-0.000708242645,0.0594130643,-0,3.56432629,0,-0.0121737942,-0.0604401007,0.0130600212,1
156424905,0.119999997,0.275147349,-0.000262722489,0.0248678029,-0,3.80970001,0,-0.00451586721,-0.063075833,0.0494520813,1
156544857,-0.119999997,0.31314072,-0.00147519226,-0.00262272381,-0,3.90625477,0,-0.0253566876,-0.0671396106,0.0321570896,1
156664809,0.0399999991,0.294738144,-0.00123896857,0.00142595789,0,3.69480395,0,-0.0212963,-0.0658423379,-0.0765607506,1
156784761,0.0799999982,0.439619422,-0.00170008466,0.00597606786,0,3.83651352,0,-0.0292223021,-0.0670012459,-0.0808480009,1
156904713,0.359999985,-1.30022883,0.00657809619,0.023081392,0,3.98652411,0,0.113069147,-0.0623839572,0.0801421404,1
157024665,0.479999989,0.644616008,-0.000832243473,0.0524594299,0,4.17808723,0,-0.0143052116,-0.0585641526,-0.0773109943,1
157144617,0.439999998,-0.298847914,0.00308915321,0.0468279831,0,4.28518677,0,0.0530986302,-0.0568961613,0.0100383349,1
157264569,0.359999985,0.158124134,0.000947098946,0.0431573652,-0,4.3260603,0,0.0162794311,-0.0558628105,-0.015072614,1
157384521,-0.119999997,1.44058216,-0.00597325433,0.00903822202,-0,4.29611063,0,-0.102672681,-0.0628378838,-0.0318766385,1
157504473,-0.280000001,0.117809735,-0.00147953141,-0.0253190808,-0,4.10107994,0,-0.0254312716,-0.0670848414,0.00803880859,1
157624425,-0.159999996,-0.00390968286,-0.000888980401,-0.0238410924,0,3.86026955,0,-0.0152804479,-0.06827344,-0.0136503214,1
157744377,-0.0399999991,-0.456827134,0.00155103637,-0.0118628778,0,3.41959047,0,0.0266603511,-0.0678576306,0.0482101105,1
157864329,0.119999997,-0.208670184,0.00110554183,0.00503115123,0,3.02921867,0,0.0190028641,-0.0667465925,-0.00912486948,1
157985114,-0.199999988,-0.011501818,-0.000374559313,-0.0111788092,-0,2.94592929,0,-0.00643820036,-0.0719776005,0.13495715,1
158105066,-0.0799999982,-0.618204117,0.00213753851,-0.0150939906,0,3.51602268,0,0.0367415808,-0.0724927336,0.0588965975,1
158225018,0,-0.0344356559,4.83119511e-05,-0.0026988415,0,3.96226788,0,0.000830421224,-0.0727012977,-0.00117874937,1
158344970,-0.359999985,0.651293218,-0.00385578116,-0.0264576226,-0,4.27927542,0,-0.066275999,-0.0805930942,0.0462367721,1
158464922,-0.239999995,-0.885389686,0.00252589793,-0.0354885459,0,4.40538168,0,0.0434169844,-0.0824348405,0.125174716,1
158584874,0.119999997,-0.682257414,0.00288149668,-0.00271051284,0,4.10036564,0,0.0495292768,-0.0790690631,0.0536340624,1
158704826,0.0799999982,0.286001563,-0.000944153755,0.0080691576,0,3.63227773,0,-0.0162288062,-0.0801365077,-0.0205657426,1
158824778,0,0.0597567894,-0.000151849643,0.00287819165,-0,3.42658281,0,-0.00261010299,-0.0813572407,0.0274496861,1
158944730,0.199999988,-0.255054504,0.00160393689,0.01286681,0,3.22002316,0,0.0275696442,-0.0793454051,-0.016910946,1
159064682,0.0799999982,1.17847729,-0.00442095846,0.0192542002,-0,3.11819744,0,-0.0759906769,-0.0803054348,-0.0934888348,1
159184634,-0.0799999982,0.278206348,-0.00134899141,-0.00350840716,-0,3.21524525,0,-0.0231874529,-0.08388073,0.00497179991,1
159304586,0.359999985,-0.705006003,0.0039782254,0.0236808378,0,3.36724186,0,0.0683806539,-0.0767821223,-0.0351098403,1
159424538,0.439999998,0.542148113,-0.000545761199,0.0480129905,0,3.48839641,0,-0.00938094407,-0.073735185,-0.0762385353,1
159544490,0.439999998,-0.443278015,0.00361046195,0.0440216847,0,3.63995457,0,0.0620592684,-0.0721242949,0.0365054533,1
159664442,0.519999981,0.164216354,0.00145835895,0.0572969913,0,3.82910132,0,0.0250673424,-0.0683028921,-0.0265509915,1
159784394,0.639999986,0.391956002,0.00098897866,0.0711795017,0,3.94760942,0,0.0169992913,-0.0623194687,-0.0935055315,1
159904346,0.159999996,1.57330608,-0.00533161499,0.0409866273,-0,4.09591579,0,-0.0916437134,-0.0673151463,-0.0748467147,1
160025131,-0.239999995,1.05378222,-0.00480982801,-0.00509086624,-0,4.42136288,0,-0.0826748535,-0.0733710229,0.00136276754,1
160145083,-0.439999998,0.0631864071,-0.00185231247,-0.0414512381,-0,4.71972322,0,-0.0318389051,-0.0790616423,0.0494246855,1
160265035,-0.359999985,0.286677241,-0.00287452154,-0.0425601378,0,4.9442358,0,-0.0494093858,-0.0819957703,-0.0414426439,1
160384987,-0.159999996,-0.579984307,0.00134489825,-0.0315101445,0,4.99854517,0,0.0231170971,-0.0820345953,0.00212112092,1
160504939,0,0.129140675,-0.00088326307,-0.00832844805,0,4.42792416,0,-0.0151821738,-0.0813844875,-0.0516095683,1
160624891,0.119999997,0.124041952,-0.000183686963,0.00946626998,0,3.92244339,0,-0.00315734628,-0.0802688375,-0.0114041325,1
160744843,0.519999981,-0.958125889,0.00572075462,0.0399675407,0,3.79417372,0,0.0983325243,-0.0737491399,0.0323160738,1
160864795,0.439999998,0.415958524,0.000194590888,0.0530719459,-0,3.84577012,0,0.00334477075,-0.072081171,0.0219083671,1
160984747,0.119999997,0.559499443,-0.00133985234,0.0292993188,-0,3.98416471,0,-0.0230303649,-0.0745193511,0.0589337088,1
161104699,-0.199999988,0.154554546,-0.00111488369,-0.0114758406,-0,4.12516117,0,-0.0191634391,-0.0805134028,0.0657895803,1
161224651,-0.319999993,0.262888044,-0.0024051622,-0.0329091251,-0,4.20609331,0,-0.0413416922,-0.0851815492,-0.00913878065,1
161344603,-0.159999996,0.124560602,-0.00144659006,-0.0236636549,0,4.27935314,0,-0.0248650499,-0.0846800432,-0.0709333047,1
161464555,-0.199999988,-0.115028888,-0.000423456484,-0.0243864749,0,4.34093952,0,-0.0072786808,-0.0876538157,0.0026741575,1
161584507,-0.119999997,-0.231470987,0.000303759705,-0.0187243782,0,4.20852089,0,0.00522124441,-0.0891019851,0.0445883013,1
161704459,0.280000001,-0.948453367,0.00459175138,0.0111537352,0,3.72808647,0,0.0789263919,-0.0830277726,-0.0162038021,1
161824411,0.119999997,0.603228807,-0.00186052942,0.020665044,-0,3.73186874,0,-0.0319801457,-0.0852376148,0.0201247949,1
161944363,0.239999995,-0.253257096,0.0019143119,0.0211210605,0,3.79535317,0,0.0329045989,-0.0828672424,-0.0130376909,1
162064315,0.359999985,0.123478554,0.00088219071,0.0374094695,0,3.87946105,0,0.0151637411,-0.0798150003,-0.0226159766,1
162185100,0.319999993,0.505567133,-0.000709609711,0.039630767,-0,3.87935829,0,-0.0121972924,-0.0787751749,-0.0324916281,1
162305052,-0.0799999982,0.54298389,-0.00214310875,0.00627413997,-0,3.46951771,0,-0.0368373245,-0.0846720934,0.0315976925,1
162425004,0.119999997,0.0388186313,0.000230149191,0.010519118,0,3.45211959,0,0.00395597331,-0.0817496628,-0.0282639675,1
162544956,-0.0399999991,0.890025258,-0.00354406657,0.00953957625,-0,3.65783906,0,-0.0609180145,-0.0839373246,0.0197267067,1
162664908,-0.199999988,0.232928112,-0.00166690606,-0.0169286635,-0,4.28315115,0,-0.0286520049,-0.088514097,0.0174648967,1
162784860,-0.239999995,0.482313305,-0.00300085242,-0.0231664013,-0,4.77262068,0,-0.0515808538,-0.091378659,-0.0328947827,1
162904812,-0.159999996,-0.761429489,0.00235727243,-0.0259960257,0,5.12008142,0,0.040518526,-0.0932241082,0.0822033137,1
163024764,0,0.0670760125,-0.000572517514,-0.00726451771,0,5.24598885,0,-0.00984085165,-0.0921290591,-0.0577696227,1
163144716,-0.239999995,1.21298814,-0.0059250053,-0.0152929928,-0,4.8090148,0,-0.101843335,-0.0975868478,-0.0683420673,1
163264668,-0.319999993,-0.14856191,-0.000744687626,-0.0366725102,-0,4.53661108,0,-0.0128002372,-0.102137074,0.0253002793,1
163384620,0,-0.443300813,0.00137251173,-0.0152235199,0,4.27934742,0,0.0235917382,-0.0998278707,-0.0307351127,1
163504572,0.119999997,-0.304385871,0.00163022778,0.00757656386,0,4.02519894,0,0.0280215498,-0.0980928242,0.0254668519,1
163624524,0.119999997,-0.153838009,0.00111994706,0.0116028832,0,3.602808,0,0.0192504711,-0.0984681249,0.0609920658,1
163744476,0.159999996,0.381536067,-0.000921644561,0.0198807698,-0,3.3176856,0,-0.0158419032,-0.0971953422,-0.0180983152,1
163864428,0.0399999991,-0.687788069,0.00319310045,0.00432049017,0,3.43451214,0,0.0548853539,-0.0996348485,0.136776164,1
163984380,0.119999997,1.00781095,-0.00374262594,0.0181235187,-0,3.84930611,0,-0.0643310025,-0.0983577222,-0.0930142701,1
164104332,0.0799999982,-0.159116611,0.00104061316,0.00894922204,0,4.28329563,0,0.0178868212,-0.0992312431,0.0306496192,1
164225117,-0.199999988,1.04199004,-0.00485224277,-0.007203341,-0,4.60652399,0,-0.0834039077,-0.103276461,-0.0465295129,1
164345069,0,-0.420476377,0.00155080692,-0.00778585067,0,4.82226419,0,0.0266564079,-0.102394029,0.0183738526,1
164465021,0.159999996,-0.824696481,0.00396833057,0.00907818694,0,4.92969036,0,0.068210572,-0.10027115,0.0856593102,1
164584973,0.519999981,0.73966229,-0.00130583998,0.0509928837,0,4.84573555,0,-0.0224457365,-0.0937340781,-0.145316675,1
164704925,0.560000002,-0.302776158,0.00354614551,0.0581358522,0,4.29255867,0,0.0609537512,-0.0913252234,0.047263369,1
164824877,0.439999998,1.18653357,-0.00296993647,0.0589200966,-0,3.80253077,0,-0.0510494485,-0.0897998363,-0.0963171944,1
164944829,0.199999988,0.291804582,-0.000119031291,0.0305267479,-0,3.36844325,0,-0.00204599719,-0.0917335674,0.00486829923,1
165064781,0.239999995,-0.175422132,0.0017081697,0.0245830975,0,2.98391032,0,0.0293612741,-0.0906642228,0.037215393,1
165184733,0.159999996,0.131491393,0.000224319054,0.0210382212,-0,2.97176123,0,0.00385576044,-0.0907583311,0.0128539605,1
165304685,0.280000001,-0.047882244,0.00124155846,0.0270775072,0,3.21861005,0,0.0213408191,-0.0883330554,0.00711598806,1
165424637,0.599999964,-0.702602863,0.00509045925,0.0525668003,0,3.41183329,0,0.0874985456,-0.0815513507,0.0213286579,1
165544589,0.519999981,-0.728095651,0.00531808147,0.0555370338,0,3.81315613,0,0.0914110839,-0.0793463439,0.0916510746,1
165664541,0.560000002,-0.0421181805,0.00260617677,0.0634870753,0,4.30317926,0,0.0447968766,-0.0754571259,0.0413118824,1
165784493,0.519999981,0.169476748,0.00160279707,0.0615607649,-0,4.68411207,0,0.027550051,-0.0726590827,0.00141547283,1
165904445,0,0.619910598,-0.00185335963,0.0229208376,-0,5.00981998,0,-0.0318569057,-0.078528285,0.102239102,1
166024397,0.280000001,-0.57608819,0.00340708345,0.0228385199,0,5.32570648,0,0.0585634522,-0.0740389898,0.0125464052,1
166144349,14,0.952806532,0.0478115827,1.36322773,0,7.26374102,0,0.821820557,-0.0226924699,0.116652392,1
166265134,-90,6.94281721,-0.252952099,-5.83356094,-0,17.5610638,0,-4.34792614,-0.14410007,-3.59078979,1
166385086,-90,-35.807991,-0.212717071,-9.70504475,-0,38.0207748,0,-3.65633702,-0.594536126,1.16907966,1
166505038,-90,-74.0572281,-0.0663253963,-10.270256,-0,54.3689728,0,-1.14004958,-0.802176714,0.9810884,1
166624990,-90,-87.3539886,-0.010848403,-10.3487988,-0,66.4695129,0,-0.1864703,-0.850721478,0.29612276,1
166744942,-90,-90.2908554,0.00167411566,-10.3654156,-0,73.5521545,0,0.0287759285,-0.855752885,0.0797254145,1
166864894,-70.6399994,-90.7909088,0.0409263372,-9.40793896,0,76.639183,0,0.703471959,-0.832042933,0.724479616,1
166984846,-29.3199997,-80.2906418,0.150977984,-5.33304882,0,74.0483093,0,2.59512043,-0.644996047,0.735901296,1
167104798,1.75999999,-53.129837,0.183601305,-1.35779381,0,65.5951385,0,3.15587401,-0.34147653,0.0795898363,1
167224750,18.1599998,-19.7066879,0.135728523,1.2469666,0,58.1069641,0,2.33300138,-0.0659040362,-0.542507827,1
167344702,21.3199997,6.00995922,0.0605045334,2.27073121,0,51.4736176,0,1.03999639,0.0884422585,-0.584115028,1
167464654,17.0799999,17.3528519,0.00569857657,2.17075348,-0,45.5975151,0,0.0979513153,0.132907793,-0.358095169,1
167584606,10.7600002,18.7327652,-0.0238583535,1.57641828,-0,40.3922119,0,-0.410094887,0.111979514,-0.240350157,1
167704558,4.4000001,16.4600697,-0.0419997349,0.858922839,-0,35.7811356,0,-0.721922219,0.049402941,-0.118441954,1
167824510,0.280000001,10.5513029,-0.0401212275,0.249061897,-0,31.6964512,0,-0.689633131,-0.0222950634,0.0165146645,1
167944462,-3.11999989,6.95359945,-0.0415316001,-0.200593665,-0,28.0780659,0,-0.713875592,-0.0905928165,-0.0235085618,1
168064414,-4.71999979,2.12505436,-0.0299307574,-0.484951347,-0,24.8727417,0,-0.514471829,-0.14985384,0.103615232,1
168184366,-4.4000001,-1.10262907,-0.0166679975,-0.546200395,0,22.0333328,0,-0.286501765,-0.187056914,0.052501332,1
168304318,-3.27999997,-1.84937096,-0.00894258358,-0.447040677,0,19.5180626,0,-0.153711691,-0.205798224,0.0346874855,1
168425103,-1.83999991,-1.5163579,-0.00476205396,-0.304273844,0,17.2899284,0,-0.0818536729,-0.216615468,0.0321182013,1
168545055,-1.63999999,-0.683638692,-0.00577172963,-0.224921644,0,15.3161526,0,-0.0992087275,-0.223444223,-0.0562306494,1
168665007,-2.11999989,-0.08935868,-0.00952353422,-0.240592927,-0,13.5676994,0,-0.163697496,-0.234301269,-0.049321238,1
168784959,-3.11999989,-0.219533309,-0.0130396197,-0.340783507,-0,12.0188446,0,-0.224134535,-0.250999123,-0.120669678,1
168904911,-4.36000013,-1.07161498,-0.014846893,-0.490938932,-0,10.646801,0,-0.255199283,-0.276864231,0.0260731727,1
169024863,-5.92000008,-1.95316052,-0.0171312317,-0.656692445,-0,9.43138885,0,-0.294464171,-0.305537403,-0.0211037863,1
169144815,-6.44000006,-4.30675697,-0.00954597257,-0.771410167,-0,8.70874786,0,-0.164083168,-0.328160703,0.048841022,1
169264767,-6.15999985,-5.35599756,-0.00478802621,-0.788625479,0,7.99063873,0,-0.0823001042,-0.341402978,0.0445503369,1
169384719,-5.44000006,-4.94659948,-0.00440004282,-0.726451933,0,7.31442261,0,-0.075631164,-0.347024947,-0.0635960028,1
169504671,-4.71999979,-4.74401617,-0.00212981924,-0.644244373,0,7.27977514,0,-0.0366088934,-0.350941449,0.0414854549,1
169624623,-4.83999968,-3.96238041,-0.00421988778,-0.593665242,-0,7.39093685,0,-0.0725345239,-0.355874062,-0.00205494766,1
169744575,-4.27999973,-4.71158791,0.00134721212,-0.54720962,0,7.11593056,0,0.0231568702,-0.358042777,0.0336755626,1
169864527,-3.72000003,-3.93096614,-0.000227760524,-0.486713111,0,6.30359364,0,-0.00391491503,-0.359411597,0.0257502608,1
169984479,-3.03999996,-3.85214782,0.00226088613,-0.412221313,0,5.58399105,0,0.0388617702,-0.355077356,-0.0302182324,1
170104431,-2.67999983,-2.62136745,-0.00166213699,-0.358360916,0,4.94653702,0,-0.0285700299,-0.356480509,-0.0245171934,1
170224383,-2.3599999,-2.29666018,-0.00167888124,-0.316568077,0,4.38185215,0,-0.0288578402,-0.36059162,-0.0141575057,1
170344335,-1.07999992,-2.20848656,0.00237598736,-0.201371849,0,3.8816309,0,0.0408402123,-0.360731989,0.0962522179,1
170465120,0.879999995,-1.48721039,0.00717110001,0.00831760373,0,3.9741168,0,0.123262122,-0.34734121,-0.0247008391,1
170585072,2.03999996,0.975705504,0.00314236479,0.195393845,0,4.00426817,0,0.0540132709,-0.339927733,-0.0167371929,1
170705024,2.3599999,2.77131677,-0.00133020524,0.289774954,-0,3.96963191,0,-0.0228645448,-0.336588711,-0.0602938868,1
170824976,3.39999986,2.63604403,0.00130308419,0.341084033,0,4.01963615,0,0.0223983675,-0.333670169,-0.00210660533,1
170944928,2.39999986,4.06687737,-0.00675535481,0.298723906,-0,4.16089106,0,-0.116115995,-0.341130227,-0.0671041906,1
171064880,1.55999994,2.70764565,-0.00376201048,0.218025237,-0,4.28669357,0,-0.0646641999,-0.350495607,0.031216288,1
171184832,1.07999992,2.56718135,-0.00503249327,0.168877631,-0,4.33777046,0,-0.086502187,-0.358206421,-0.0165611189,1
171304784,1,2.36738133,-0.0044908626,0.159813315,-0,4.10959959,0,-0.0771922395,-0.364608258,-0.0863471404,1
171424736,3.39999986,2.99101639,-0.0036752997,0.254487365,0,4.40461683,0,-0.0631737486,-0.370441407,-0.0206326488,1
171544688,3.83999991,3.04295182,0.000332576223,0.3646366,0,4.75053501,0,0.00571656413,-0.372718632,0.0572621338,1
171664640,4.51999998,3.68767095,0.00219727866,0.488661706,0,5.02130413,0,0.0377684347,-0.369200408,-0.00383419008,1
171784592,5.11999989,3.91731215,0.00566658936,0.605416715,-0,5.23448801,0,0.0974014923,-0.361183316,-0.0215427876,1
171904544,5.67999983,4.66888237,0.00641358085,0.713181853,-0,5.36120939,0,0.110241339,-0.347874343,-0.0714626014,1
172024496,9.88000011,7.31798887,0.00288924575,0.934812963,0,5.66075325,0,0.0496624745,-0.332982212,-0.0943467021,1
172144448,9.15999985,8.49032784,0.000355843455,1.00796688,0,6.15772915,0,0.00611649826,-0.33360824,0.0419462323,1
172264400,8.67999935,7.46289206,0.00576096401,1.0264858,-0,6.54322243,0,0.0990236774,-0.330471635,0.110109851,1
172384352,8.76000023,7.44467688,0.00786117837,1.07877338,-0,6.7475028,0,0.1351237,-0.316555887,-0.0508445576,1
172505137,7.9199996,9.69309616,-0.00289998204,1.06815696,-0,6.34226322,0,-0.049847018,-0.314554632,-0.106679492,1
172625089,11.04,9.36713314,0.000703375787,1.12305307,0,5.61824608,0,0.0120901391,-0.317596495,0.15061824,1
172745041,10.0799999,9.24006367,0.00166894123,1.13400769,0,5.93542576,0,0.0286869872,-0.31594044,0.0401685014,1
172864993,9.27999973,8.93285656,0.00244262815,1.11826766,-0,6.12323046,0,0.0419856831,-0.316712737,0.055915229,1
172984945,8.43999958,10.0188599,-0.00370880961,1.090608,-0,6.44715452,0,-0.063749738,-0.320606768,-0.0688715354,1
173104897,7.79999971,9.19959545,-0.00135657564,1.05446017,-0,6.6656003,0,-0.0233178176,-0.322621167,-0.0621225685,1
173224849,12.3999996,9.17519569,0.00442482531,1.20065093,0,6.73380709,0,0.0760571435,-0.320883483,0.132988825,1
173344801,12.3599997,10.3275728,0.00436896831,1.33695316,0,6.47848701,0,0.0750970319,-0.314303637,0.0577950366,1
173464753,12.3599997,10.9048815,0.00597131625,1.44720411,0,6.14394808,0,0.102639362,-0.304555058,-0.0288919415,1
173584705,11.96,11.4426641,0.00552593544,1.49998605,-0,6.14038134,0,0.094983831,-0.296525717,-0.045858074,1
173704657,10.8400002,12.8887672,-0.0026255846,1.46492314,-0,6.53446531,0,-0.0451304764,-0.293490171,-0.163308471,1
173824609,15.3199997,12.3736582,0.00363324955,1.56308281,0,6.87216377,0,0.0624509566,-0.286892086,0.0119823785,1
173944561,14.0799999,12.7434416,0.00313652679,1.59367466,0,7.12098312,0,0.0539129265,-0.285617441,0.114469334,1
174064513,12.5199995,12.8425474,0.000584222376,1.54041111,-0,7.41934061,0,0.0100420425,-0.286824226,0.0293424744,1
174184465,10.8800001,12.7816162,-0.00343884155,1.43038189,-0,7.65223026,0,-0.0591093339,-0.288001925,-0.102709204,1
174304417,9.11999989,12.6961136,-0.00901307538,1.27730894,-0,7.86710167,0,-0.15492335,-0.29359287,-0.187800422,1
174424369,12.3199997,9.92899323,0.00370178744,1.27253377,0,8.16840649,0,0.0636290386,-0.296699345,0.169558227,1
174544321,11.6799994,10.52316,0.00245440751,1.31090736,0,8.37678432,0,0.0421881601,-0.291890889,0.0442807674,1
174665106,10.7600002,9.76007843,0.00559061393,1.29974174,-0,8.55690861,0,0.0960955769,-0.286140472,0.0431169197,1
174785058,9.67999935,9.98737907,0.00244127586,1.24604166,-0,8.74007511,0,0.0419624373,-0.282156587,-0.0162729323,1
174905010,8.43999958,9.87407684,-0.0010128431,1.14410806,-0,8.80275154,0,-0.0174094904,-0.280012131,-0.112417102,1
175024962,10.8400002,9.39426708,0.00116924942,1.14183605,0,7.9500823,0,0.0200979169,-0.279628396,0.0519508086,1
175144914,9.88000011,8.73604679,0.00357623398,1.12487793,0,7.04252052,0,0.0614709333,-0.276538461,0.0464000627,1
175264866,9.15999985,8.87992573,0.00238906592,1.11072075,-0,6.23856354,0,0.0410650149,-0.270736545,0.00142462528,1
175384818,8.19999981,9.12754631,-0.000752672553,1.05884135,-0,5.52638435,0,-0.012937488,-0.267822117,-0.0792653561,1
175504770,7.11999989,8.48449421,-0.0012120232,0.970016599,-0,4.89550591,0,-0.020833144,-0.269711703,-0.00820748229,1
175624722,9.31999969,7.18587875,0.00520516559,0.980704665,0,4.33664703,0,0.0894702002,-0.266078919,0.119460829,1
175744674,8.80000019,6.97299862,0.00654342771,0.989429474,0,4.4676528,0,0.112473242,-0.256367087,0.0487755947,1
175864626,7.71999979,7.44304562,0.00280525908,0.948418856,-0,4.58758783,0,0.04821885,-0.250675529,-0.0411362872,1
175984578,6.15999985,7.75998068,-0.00338167325,0.826312244,-0,4.67496109,0,-0.0581266806,-0.251535982,-0.106598526,1
176104530,4.4000001,6.94144487,-0.00660036504,0.646819353,-0,4.43193293,0,-0.11345192,-0.260623634,-0.0531409644,1
176224482,5.63999987,4.53414869,0.00212612189,0.587097585,0,3.9259944,0,0.0365453437,-0.266272068,0.193962187,1
176344434,6.11999989,4.14035606,0.00628081337,0.64758271,0,4.42902708,0,0.107959226,-0.254799515,0.00972376671,1
176464386,6.23999977,4.566751,0.00707756728,0.717943549,0,4.93584776,0,0.121654414,-0.243089989,-0.00399881788,1
176584338,6.23999977,4.2903676,0.00974253751,0.754108012,-0,5.32279968,0,0.167461872,-0.229075223,0.00394542003,1
176705123,5.87999964,6.02427006,0.00214282423,0.76120162,-0,5.51948214,0,0.0368324332,-0.218739107,-0.0816594288,1
176825075,7.03999996,5.20729399,0.00595065206,0.763036609,0,5.26168442,0,0.102284171,-0.211300716,0.0835450515,1
176945027,5.92000008,5.11064243,0.00417243503,0.705398321,-0,4.66102362,0,0.071718879,-0.204255581,0.0276595317,1
177064979,4.55999994,5.79898214,-0.00312469527,0.596870482,-0,4.12893295,0,-0.0537095517,-0.203611165,-0.075364694,1
177184931,3.11999989,4.51384878,-0.00309428759,0.447092414,-0,3.65758419,0,-0.0531868823,-0.211615399,0.0859311521,1
177304883,2.63999987,3.03424978,0.000306883827,0.362184793,-0,3.7283318,0,0.00527494447,-0.210552141,-0.0303251185,1
177424835,4.11999989,2.3221271,0.00495085306,0.399135143,0,3.74951816,0,0.0850988999,-0.205479056,0.0580014847,1
177544787,4.67999983,1.99970984,0.00963797607,0.482998133,0,3.74317169,0,0.165664598,-0.191026106,0.0324075073,1
177664739,4.88000011,2.19193864,0.0113163153,0.548917949,0,3.80181718,0,0.194513127,-0.175239787,0.0184728988,1
177784691,4.36000013,4.32119942,0.0017814301,0.549976945,-0,3.95714617,0,0.0306205265,-0.166017622,-0.043465592,1
177904643,3.31999993,3.47976422,0.00190041959,0.454914272,-0,4.09065437,0,0.032665804,-0.162516788,0.0154083455,1
178024595,3.19999981,3.19376874,-0.000343507156,0.363324314,0,4.17347479,0,-0.00590445288,-0.162228063,-0.0447069332,1
178144547,2.51999998,3.46806121,-0.00383282918,0.304637194,-0,3.83208609,0,-0.0658814833,-0.168085933,0.00695912912,1
178264499,2.55999994,1.56558573,0.00429792562,0.293858021,0,3.39462471,0,0.0738758966,-0.164688647,0.048037976,1
178384451,2.5999999,1.41008127,0.00559259718,0.30933997,-0,3.15639877,0,0.0961296633,-0.156922072,0.0215284284,1
178504403,2.79999995,1.83072925,0.00494671427,0.341465771,-0,3.19861794,0,0.0850277543,-0.147457168,-0.00301539153,1
178624355,3.51999998,1.25088727,0.00867592171,0.370920867,0,3.22719145,0,0.149128094,-0.138890401,0.136499852,1
178745140,3.24000001,2.06517339,0.00519574061,0.375208855,0,3.6512351,0,0.0893082023,-0.128929719,0.0219897777,1
178865092,2.48000002,2.80597401,-0.000129275024,0.322821528,-0,4.05861521,0,-0.00222207396,-0.126151428,-0.0417769589,1
178985044,1.91999996,1.72701478,0.00205813162,0.254220337,-0,4.36110449,0,0.0353766754,-0.125819057,0.0347357765,1
179104996,1.71999991,1.05482304,0.00376844965,0.220581472,-0,4.48332405,0,0.0647748783,-0.121586256,0.00598678831,1
179224948,2.5999999,1.75654042,0.00200842321,0.256263316,0,4.15431166,0,0.0345222503,-0.114942349,-0.0625618696,1
179344900,2.72000003,1.1550746,0.00588341337,0.287257254,0,3.68006563,0,0.101128422,-0.10795176,0.0377920456,1
179464852,2.96000004,0.591672003,0.00992796198,0.327055991,0,3.25995851,0,0.170649096,-0.0944825113,0.0306522865,1
179584804,2.96000004,1.77559865,0.00560739823,0.352113813,-0,3.18791533,0,0.0963840783,-0.0822508112,-0.0573939905,1
179704756,2.39999986,2.32346225,0.00175172556,0.315256566,-0,3.06640291,0,0.0301099438,-0.0759132132,-0.0571385249,1
179824708,2.15999985,1.60093272,0.00268784491,0.255755603,-0,3.08178663,0,0.0462006517,-0.0740777701,0.0271857716,1
179944660,1.55999994,2.00979424,-0.00126311788,0.20022507,-0,3.09105921,0,-0.0217113979,-0.074764207,-0.00824867841,1
180064612,1.03999996,2.07519555,-0.00358333997,0.14724654,-0,3.09918237,0,-0.0615930744,-0.0771372244,-0.0609172322,1
180184564,0.599999964,0.738141298,0.000114869559,0.0885748789,-0,3.13796401,0,0.0019744623,-0.0815908536,0.0475073569,1
180304516,0.599999964,0.133533567,0.00223338534,0.0737020895,-0,3.35706568,0,0.0383890644,-0.0808050111,0.0250497349,1
180424468,1.07999992,-0.100982323,0.00393057382,0.0907419994,0,3.49033761,0,0.0675615892,-0.0772069246,0.0470669381,1
180544420,1.51999998,0.636470854,0.00269488711,0.144040778,0,3.5411725,0,0.0463216975,-0.0712817907,-0.0217112619,1
180664372,1.67999995,1.33945167,0.00125060463,0.187907144,0,3.36388564,0,0.0214963108,-0.0641139001,-0.0717066005,1
180784324,1.36000001,0.578121722,0.00402896199,0.172047272,-0,3.21671677,0,0.0692527518,-0.0623096712,0.107196718,1
180905109,1.19999993,1.73497844,-0.00163232349,0.15870899,-0,3.3623426,0,-0.0280575752,-0.0570613332,-0.145490229,1
181025061,1.15999997,1.83240342,-0.00298173632,0.134913325,-0,3.7976253,0,-0.051252272,-0.0603061914,-0.0315441154,1
181145013,1.07999992,0.35624674,0.00307282852,0.121371426,0,4.14651155,0,0.0528180301,-0.0573609583,0.0109117534,1
181264965,0.839999974,0.808207929,0.000513842562,0.107184991,-0,4.41319466,0,0.00883230288,-0.0563820861,-0.0187924933,1
181384917,0.560000002,0.21720925,0.00193764828,0.0756639689,-0,4.52443361,0,0.0333057232,-0.0564118549,0.0609308407,1
181504869,0.879999995,0.413395494,0.00196382962,0.0991199762,0,4.15561676,0,0.033755742,-0.0503519401,-0.0158905182,1
181624821,1,0.328273892,0.00282340264,0.111631013,0,3.68122149,0,0.0485307164,-0.0469904467,0.0344520621,1
181744773,0.919999957,1.18653691,-0.00096963672,0.112351991,-0,3.53202891,0,-0.0166668277,-0.0439052917,-0.0149408216,1
181864725,0.399999976,0.966431499,-0.00164554233,0.0691583306,-0,3.86933446,0,-0.0282847881,-0.0444519855,-0.0814693645,1
181984677,0.399999976,0.0491386056,0.00167691323,0.0494203679,-0,4.13461399,0,0.0288240146,-0.0421651937,-0.00250765076,1
182104629,0.599999964,0.132658795,0.00188044878,0.0644101873,0,4.31611776,0,0.0323225334,-0.0382841565,-0.0302795749,1
182224581,0.879999995,0.328857422,0.00188296032,0.0872113854,0,4.27059174,0,0.0323657021,-0.0353323258,0.0268388391,1
182344533,1.19999993,0.613874018,0.00178538938,0.117713578,0,4.10656404,0,0.030688582,-0.029596705,-0.0646620244,1
182464485,1.15999997,1.07836127,0.000390523113,0.135227144,-0,4.20273352,0,0.00671259779,-0.0273635797,-0.0198083334,1
182584437,1,0.475784659,0.0026411477,0.124004677,-0,4.18404436,0,0.045397982,-0.0233320408,-0.00655072555,1
182704389,0.839999974,0.545519829,0.00165186916,0.106320977,-0,3.74639606,0,0.0283935387,-0.0197701585,-0.0197075978,1
182824341,0.639999986,0.770960987,-1.95002649e-05,0.0889342725,-0,3.318717,0,-0.000335184857,-0.0198597424,-0.0136226201,1
182945126,-0.0799999982,1.10313857,-0.00386916404,0.0270700995,-0,3.06346583,0,-0.0665060282,-0.025217142,-0.0240253918,1
183065078,-0.199999988,0.141559005,-0.00126098492,-0.0164597631,-0,3.3026619,0,-0.0216747336,-0.0275893658,-0.0434016027,1
183185030,-0.399999976,0.307796687,-0.00283578876,-0.0382562242,-0,3.73367429,0,-0.0487436205,-0.0329617411,0.00516579067,1
183304982,-0.639999986,0.00870017987,-0.00258597988,-0.066432178,-0,4.07105255,0,-0.0444497168,-0.0395105034,0.0478157438,1
183424934,-1,-0.174018383,-0.00311409426,-0.101415321,-0,4.38390398,0,-0.0535273366,-0.0503265783,0.1002644,1
183544886,-0.959999979,-0.547339261,-0.00185400574,-0.11178039,0,4.74322224,0,-0.0318680108,-0.0556062944,0.00854064897,1
183664838,-0.319999993,-1.14174759,0.00251832628,-0.0665922537,0,5.02448082,0,0.0432868376,-0.0529954992,0.00537531683,1
183784790,0.359999985,-0.374989212,0.00218454469,0.013540091,0,5.1904068,0,0.0375495553,-0.0472031087,-0.0298360195,1
183904742,1,-0.785060942,0.00681863725,0.0869869664,0,4.91183472,0,0.117203742,-0.0366659127,-0.0130389053,1
184024694,1.63999999,-0.611326277,0.00871746894,0.156725854,0,4.35111189,0,0.149842262,-0.0239411946,0.0577898324,1
184144646,1.5999999,0.615348041,0.00419946574,0.180871755,0,4.3152194,0,0.0721834973,-0.0149555523,-0.0303709209,1
184264598,1.31999993,0.940382421,0.00224769674,0.167568013,-0,4.18366718,0,0.0386350602,-0.00855278689,-0.00481579965,1
184384550,1.07999992,0.792698681,0.00182197243,0.139359608,-0,4.1191659,0,0.031317398,-0.00415468263,-0.0145588862,1
184504502,0.479999989,1.3218801,-0.00261505716,0.0848292038,-0,4.17750311,0,-0.0449495241,-0.00762722082,-0.021226475,1
184624454,0.280000001,0.55937624,-0.000794052263,0.0440876968,-0,4.12323475,0,-0.0136487521,-0.00906529929,-0.0217974056,1
184744406,0.0399999991,-0.272465765,0.00173283636,0.0136626596,-0,3.96457553,0,0.0297852624,-0.0111455182,0.0558524765,1
184864358,0.439999998,-0.906397641,0.00526263658,0.0324369818,0,3.88377333,0,0.0904580578,-0.00480777305,0.0413507372,1
184984310,0.839999974,-0.715315521,0.00613226183,0.0772688016,0,3.63740349,0,0.105405815,0.00383461104,0.00983416382,1
185105095,0.599999964,1.09438014,-0.00176760368,0.080534853,-0,3.22216654,0,-0.0303828679,0.0062788683,-0.0621495694,1
185225047,0.319999993,-0.0345986411,0.00204629428,0.0493998788,-0,3.12366152,0,0.0351732075,0.00849679112,0.00298255123,1
185344999,0.159999996,0.0941708013,0.000438665855,0.0223553516,-0,3.29343867,0,0.0075401105,0.00522825727,0.0587288998,1
185464951,0,0.609752655,-0.00235884287,0.0090810312,-0,3.50618243,0,-0.0405455232,0.00358392973,-0.0514691174,1
185584903,-0.599999964,0.0961497575,-0.00222276687,-0.0468943752,-0,3.67540669,0,-0.0382065475,-0.00547523238,0.0918132216,1
185704855,-0.479999989,-0.518430591,-5.10329846e-05,-0.0613393113,0,3.79886866,0,-0.00087719236,-0.00697195111,-0.00101702346,1
185824807,-0.519999981,-0.62235117,0.000316528371,-0.0637539998,0,3.84753942,0,0.00544072175,-0.0116356537,0.0884972811,1
185944759,-0.199999988,-0.0974534526,-0.000959744211,-0.0363454111,0,3.53319621,0,-0.0164967868,-0.0104481066,-0.064179115,1
186064711,0.119999997,-0.854346514,0.00368112815,-0.00274088699,0,3.63530374,0,0.0632739291,-0.00573672866,0.00650929613,1
186184663,0.799999952,-1.3119235,0.00817504898,0.0616119429,0,3.71522927,0,0.14051874,0.00504577206,0.053750176,1
186304615,0.839999974,0.868904233,1.47635583e-05,0.100986391,-0,3.76439142,0,0.000253766862,0.00896698795,-0.0203053337,1
186424567,0.599999964,0.627280295,0.000455027446,0.084467493,-0,3.37576485,0,0.0078213457,0.00905487128,0.0531299822,1
186544519,0.680000007,-0.640597403,0.00573399942,0.0757527277,0,3.45675278,0,0.0985601917,0.0160090048,0.0505909733,1
186664471,0.719999969,0.526789963,0.000934497686,0.0853520259,-0,3.61486983,0,0.0160628315,0.0213565771,-0.065215081,1
186784423,0.319999993,1.12232578,-0.00280649727,0.0564228632,-0,3.78880024,0,-0.0482401326,0.0168863516,0.0137609597,1
186904375,0.159999996,-0.419339627,0.002852201,0.0260379799,-0,3.92592692,0,0.0490257256,0.0146191083,0.111352339,1
187024327,0.839999974,-0.148347184,0.00331188831,0.0694205686,0,4.16462088,0,0.0569271706,0.0240579341,-0.0608114712,1
187145112,0.75999999,0.122700356,0.00248633162,0.0791945085,0,4.36662388,0,0.0427368917,0.0242583156,0.064060159,1
187265064,0.919999957,0.311811447,0.00242725434,0.0995174944,0,4.51265574,0,0.0417214297,0.0291494578,0.013490743,1
187385016,1,0.402673662,0.00256032683,0.113503329,0,4.53813982,0,0.0440087765,0.0355814882,-0.0440975614,1
187504968,0.439999998,1.76634765,-0.00483824173,0.0775937587,-0,4.02007771,0,-0.0831632465,0.0332863405,-0.113792323,1
187624920,-0.0399999991,0.56464082,-0.00185429805,0.0167653225,-0,3.72570443,0,-0.0318730362,0.0295752175,-0.0461700149,1
187744872,-0.519999981,1.17051935,-0.00624986924,-0.0282660518,-0,3.76884937,0,-0.107427336,0.0246031582,-0.106362835,1
187864824,-0.719999969,-0.240966797,-0.00177479524,-0.0742807388,-0,3.90450311,0,-0.0305064805,0.0188960712,0.030065408,1
187984776,-0.639999986,0.282617271,-0.00411071256,-0.0749741197,0,4.03432894,0,-0.0706579462,0.0164159164,-0.0675492361,1
188104728,-0.479999989,-0.829860866,0.00113968749,-0.0660267547,0,4.13071156,0,0.0195897855,0.015037871,0.0688445643,1
188224680,-0.519999981,0.579383671,-0.00499758963,-0.0638945252,0,4.20234728,0,-0.0859022364,0.0112613766,-0.054759156,1
188344632,-0.959999979,-0.407990992,-0.00174520956,-0.0928039849,-0,4.23187065,0,-0.029997943,0.00275223586,0.110119626,1
188464584,-0.280000001,-2.15737915,0.00702179596,-0.0650267974,0,4.33616352,0,0.120695785,0.00806808472,0.066356726,1
188584536,0.239999995,-0.0830745623,0.000557554653,0.00502272882,0,4.38035107,0,0.00958365854,0.0118741384,-0.0457731336,1
188704488,-0.159999996,0.337166786,-0.00178419915,-0.00786392391,-0,4.09241009,0,-0.0306681246,0.00762082217,0.0317558348,1
188824440,-0.560000002,0.318456888,-0.00320466096,-0.0472115278,-0,3.62523079,0,-0.0550840609,0.00210504304,0.0110313855,1
188944392,-1.03999996,0.519486666,-0.00581690576,-0.0924089327,-0,3.21138334,0,-0.0999852493,-0.00729382969,0.0279035941,1
189064344,-1.31999993,-0.96055305,-0.00117629115,-0.141703501,-0,2.84477949,0,-0.0202189554,-0.0140305739,0.0711816102,1
189185129,-0.879999995,-0.84771663,-0.00077379588,-0.118166894,0,2.52002621,0,-0.0133005716,-0.0146140773,0.00259560277,1
189305081,-0.239999995,-1.0917412,0.0026490509,-0.0568195544,0,2.56268072,0,0.0455338322,-0.00932141766,-0.0218608603,1
189425033,0,0.382983744,-0.00204113778,-0.00913629681,0,2.78330708,0,-0.0350845717,-0.00824594591,-0.0469892211,1
189544985,-0.439999998,1.34398794,-0.00687925564,-0.0247799419,-0,3.25188494,0,-0.118245699,-0.0134890601,-0.107186139,1
189664937,-0.719999969,-0.510535896,-0.000462629599,-0.0710937902,-0,3.69747281,0,-0.00795201771,-0.0177971795,0.0619582906,1
189784889,-0.519999981,0.139796913,-0.00305012963,-0.0636553764,0,4.07539034,0,-0.0524278656,-0.0189461894,-0.0523932986,1
189904841,-0.599999964,-0.140244246,-0.00187633513,-0.0652996227,-0,4.31142235,0,-0.0322518237,-0.0261319857,0.0932845548,1
190024793,-0.479999989,-0.284039229,-0.000888347276,-0.0560634248,0,4.39536572,0,-0.0152695645,-0.0245747808,-0.0730197132,1
190144745,-0.359999985,-0.279356152,-0.00046137732,-0.0443389192,0,3.9637363,0,-0.00793049205,-0.0242379643,-0.000660903403,1
190264697,-0.239999995,-0.274822503,-4.87632351e-05,-0.0330017321,0,3.51124573,0,-0.000838178268,-0.0251051057,0.0275295489,1
190384649,-0.0399999991,-0.0907346755,8.27660551e-06,-0.0102521861,0,3.31360173,0,0.000142264369,-0.0241288766,0.011779055,1
190504601,0.159999996,-0.698367715,0.0033411216,0.00697018625,0,3.54925799,0,0.0574296489,-0.0215836428,0.0258493684,1
190624553,0.799999952,-1.03125918,0.00651328219,0.0518277846,0,3.85239363,0,0.111955076,-0.0147922849,0.0381732285,1
190744505,0.879999995,0.304737628,0.0022623546,0.0944578424,0,4.07135344,0,0.038887009,-0.00941920932,-0.00270595308,1
190864457,0.719999969,0.15268676,0.00269503309,0.0882582888,-0,4.16702175,0,0.0463242047,-0.00614659023,0.0184582099,1
190984409,0.919999957,-0.611837327,0.00632352196,0.0951871648,0,3.81321025,0,0.108693339,0.000815792882,0.0570653006,1
191104361,0.799999952,1.02239919,-0.000588501804,0.102493949,-0,3.51471043,0,-0.0101156002,0.00461748941,-0.0502491072,1
191224313,0.519999981,0.814331055,-0.000892436365,0.0705130249,-0,3.62120485,0,-0.0153398504,0.00610605767,-0.0534053817,1
191345098,0.680000007,0.392383456,0.000860320986,0.0678156912,0,3.76785898,0,0.0147878285,0.00858015101,-0.0143065657,1
191465050,1.07999992,-0.630885422,0.00653701182,0.0985176116,0,3.87681532,0,0.112362958,0.0145184146,0.0342249349,1
191585002,1.31999993,0.576877654,0.00300167967,0.145227283,0,3.7993381,0,0.0515950732,0.0273834579,-0.134875327,1
191704954,0.599999964,1.34994459,-0.00218279031,0.0986271724,-0,3.88226581,0,-0.0375194028,0.0267680902,-0.0351504385,1
191824906,0.639999986,-0.505059779,0.00517748855,0.0775006264,-0,3.96043992,0,0.0889944732,0.0323057361,0.0386223421,1
191944858,0.159999996,1.22150075,-0.00365371397,0.0451179557,-0,4.13835812,0,-0.0628027171,0.030034231,-0.025274463,1
192064810,-0.119999997,0.748439074,-0.0032254816,0.00175690511,-0,4.29467487,0,-0.0554419421,0.0269955751,-0.0749868453,1
192184762,-0.0399999991,-0.0529921129,2.80130334e-05,-0.0053749932,0,4.38265562,0,0.000481508556,0.0275151804,-0.0146715827,1
192304714,-0.239999995,-0.0138424579,-0.000714930764,-0.0203521624,-0,4.04061699,0,-0.0122887548,0.0257029049,0.0107454835,1
192424666,-0.560000002,0.894278347,-0.0060011223,-0.0544146486,-0,3.57934999,0,-0.103151694,0.0167332496,-0.0240724161,1
192544618,-0.399999976,-0.315468431,-0.000568727846,-0.0512760431,0,3.82282734,0,-0.00977571122,0.016491143,-0.0124683967,1
192664570,-0.0399999991,-0.625894248,0.001994594,-0.0197787266,0,4.08054352,0,0.034284547,0.0192333888,0.0256010015,1
192784522,0.119999997,-0.165116176,0.000932231429,0.0054462296,0,4.23660231,0,0.016023878,0.0215429738,-0.031151237,1
192904474,0.479999989,-0.484794378,0.0037509941,0.0426041447,0,4.27273321,0,0.0644748434,0.0279260781,0.0252168532,1
193024426,1,0.214522466,0.00235736556,0.0865834504,0,4.0616641,0,0.0405201279,0.0350424722,-0.0376687683,1
193144378,0.839999974,0.614317238,0.00108062685,0.0991556942,-0,3.85743093,0,0.0185746066,0.0377931483,-0.0505737178,1
193264330,0.319999993,0.737307489,-0.00103135663,0.0578661524,-0,3.62712884,0,-0.0177277159,0.0369029082,-0.0575844422,1
193385115,-0.119999997,0.827519953,-0.00330045517,0.00870212074,-0,3.72334576,0,-0.0567306466,0.033216849,-0.0172175877,1
193505067,-0.560000002,0.267293423,-0.00288590835,-0.0449492112,-0,3.75310087,0,-0.0496051088,0.0267821737,0.063592732,1
193625019,-1,0.08330708,-0.00344975316,-0.0809559301,-0,3.91178942,0,-0.0592968911,0.0229393598,0.022833135,1
193744971,-1.03999996,-0.490624309,-0.00222905283,-0.115041949,-0,4.11136913,0,-0.0383145958,0.0160508491,0.0652152598,1
193864923,-1,-0.235951811,-0.00326701393,-0.11299444,-0,4.2660675,0,-0.0561558306,0.0113270218,0.0377543494,1
193984875,-0.879999995,-0.329553157,-0.00263738725,-0.107228741,0,4.38892555,0,-0.0453333482,0.00891178846,-0.0418485291,1
194104827,-0.839999974,-1.19780397,0.00120126083,-0.106324732,0,4.43255568,0,0.0206481535,0.00430585677,0.107987285,1
194224779,-0.359999985,0.234548151,-0.00359717035,-0.0675278679,0,4.47792721,0,-0.0618308038,0.00565662049,-0.142950237,1
194344731,-0.119999997,-0.213652521,-0.000362771796,-0.0341271535,0,4.6484766,0,-0.00623558741,0.00272971066,-0.0133600505,1
194464683,0.0399999991,-0.523222685,0.00209861551,-0.00508889975,0,4.77061796,0,0.036072541,0.0040131635,0.0494881012,1
194584635,0.159999996,-0.404076785,0.00227419473,0.0132191358,0,4.74257469,0,0.0390905291,0.00698563782,0.029732395,1
194704587,0.280000001,0.805467248,-0.00229436252,0.0325082988,-0,4.20117378,0,-0.039437186,0.0095196031,-0.0929389223,1
194824539,0.119999997,-0.0278963856,0.000738731236,0.0161951873,-0,4.2011466,0,0.012697855,0.00868917722,0.0351790264,1
194944491,-0.0399999991,-0.0260938164,0.000141333498,0.000708510808,-0,4.23136473,0,0.00242934376,0.00731822895,-0.00451219548,1
195064443,-0.119999997,0.722214401,-0.00350006553,-0.0087533081,-0,3.98605967,0,-0.0601616986,0.00339421653,-0.0536022447,1
195184395,-0.319999993,0.744361639,-0.00428418443,-0.0267743748,-0,3.86903477,0,-0.0736397058,-0.00325853983,-0.0234465431,1
195304347,-0.239999995,0.0777074546,-0.00147855119,-0.02987656,0,3.87343931,0,-0.0254144222,-0.00413619354,-0.0321355723,1
195425132,-0.439999998,0.162993133,-0.00229737326,-0.0415646359,-0,3.92145157,0,-0.0394889377,-0.00443462981,-0.0709180832,1
195545084,-0.399999976,-0.777753413,0.00143363536,-0.051898431,0,3.9893899,0,0.0246423762,-0.00728205359,0.0644027069,1
195665036,-0.199999988,-0.391791999,0.000553676276,-0.0305435564,0,4.07123566,0,0.00951699447,-0.0046449299,-0.0400207452,1
195784988,-0.319999993,-0.0613899119,-0.000991529087,-0.0331310295,-0,4.12634039,0,-0.0170431286,-0.00502004614,-0.00780405849,1
195904940,-0.199999988,-0.867378056,0.00258282782,-0.0318459943,0,3.90053988,0,0.0443955399,-0.0030907921,0.0266375076,1
196024892,-0.0399999991,0.127498016,-0.00105516554,-0.0130997337,0,3.45526361,0,-0.0181369595,-0.00366131752,-0.00843971688,1
196144844,0.280000001,-0.179363847,0.00130370189,0.0136968512,0,3.06081939,0,0.0224089846,-0.00133563497,-0.0130492747,1
196264796,0.479999989,0.371763378,0.000101411715,0.0454024859,0,2.71140385,0,0.001743139,0.0013846216,-0.0722991526,1
196384748,0.439999998,-0.0881984904,0.002257518,0.0492763519,0,2.81558776,0,0.0388038754,0.00483941473,-0.0241828952,1
196504700,0.239999995,0.361995727,-0.000215537963,0.0359509774,-0,2.86058164,0,-0.00370482472,0.0067900545,-0.0165091753,1
196624652,0,0.203084618,-0.000511491613,0.00988561939,-0,2.75066805,0,-0.00879189279,0.0048911823,0.0148836533,1
196744604,-0.119999997,0.354648948,-0.00164124835,-0.00240612356,-0,2.43665886,0,-0.0282109808,0.00531088375,-0.0672984496,1
196864556,-0.199999988,0.407875836,-0.00243464415,-0.0171299838,-0,2.15849566,0,-0.0418484509,0.0023949903,-0.0272816177,1
196984508,-0.0399999991,-0.284645289,0.000754791778,-0.0128984516,0,2.09756804,0,0.0129739149,0.00113540271,-0.0120947473,1
197104460,-0.199999988,0.402904302,-0.00229099137,-0.0138817141,-0,2.57723546,0,-0.0393792391,-0.00344470004,0.0379896387,1
197224412,-0.359999985,0.896825135,-0.00504158111,-0.0294587482,-0,3.00014901,0,-0.0866583958,-0.00715301046,-0.0489690527,1
197344364,-0.319999993,0.279644251,-0.00262127211,-0.0368160903,0,3.44150734,0,-0.0450563468,-0.00930601452,-0.0271814726,1
197464316,-0.239999995,-0.330486804,0.000232753926,-0.0318669677,0,3.78066587,0,0.00400074525,-0.0103294058,0.0256053731,1
197585101,0.119999997,-0.587834775,0.00255994382,-0.000241673813,0,3.98472929,0,0.044002194,-0.00765253045,0.0432030633,1
197705053,0.319999993,-0.157863945,0.00184125011,0.0302621052,0,4.02754831,0,0.0316487588,-0.00385437417,0.00577920396,1
197825005,0,0.788594365,-0.00299645192,0.0118919574,-0,3.56777358,0,-0.0515052117,-0.00656464277,-0.0313178934,1
197944957,-0.599999964,0.853687465,-0.00519857742,-0.0385021418,-0,3.16048551,0,-0.0893569663,-0.014669341,-0.00658827135,1
198064909,-1.03999996,0.531345904,-0.00597373582,-0.0958788991,-0,2.79969239,0,-0.102680959,-0.0238672476,-0.0368253104,1
198184861,-1.27999997,-0.343538642,-0.00378046813,-0.138914794,-0,2.48008633,0,-0.0649814606,-0.0332564674,0.0427314863,1
198304813,-1.12,-1.15419686,-0.00033222558,-0.141610578,0,2.58389163,0,-0.00571053661,-0.0372381583,0.0428400002,1
198424765,-0.799999952,-0.714037836,-0.00115231588,-0.112461403,0,2.91220522,0,-0.0198068507,-0.0370245166,-0.0379117131,1
198544717,-0.680000007,-0.136575982,-0.00263538631,-0.0850192904,0,3.26949,0,-0.0452989526,-0.0409938879,-0.010420423,1
198664669,-0.119999997,-1.00897348,0.00283951731,-0.041429121,0,3.56069756,0,0.0488077067,-0.038243074,-0.0204722211,1
198784621,0.680000007,-1.01639724,0.00603324827,0.04181315,0,3.78042197,0,0.103703894,-0.0270913038,-0.0622756816,1
198904573,1.27999997,-0.27273345,0.00583223812,0.122133538,0,3.9917686,0,0.100248791,-0.0161168445,-0.0334023237,1
199024525,1.36000001,0.73964113,0.00237449887,0.147524774,0,4.15720081,0,0.040814627,-0.0121542113,0.0350912064,1
199144477,0.75999999,0.162974775,0.00343080121,0.10902407,-0,4.24977064,0,0.0589711294,-0.0118129011,0.105047427,1
199264429,0.560000002,0.831865966,-0.000666908687,0.0780889168,-0,4.01252604,0,-0.0114633152,-0.00694157137,-0.126144052,1
199384381,0.359999985,-0.316929251,0.00313624181,0.0460816436,-0,4.19994164,0,0.053908024,-0.00549148116,0.033906091,1
199504333,0.0399999991,0.182439148,-0.000177434122,0.016313808,-0,4.36095858,0,-0.00304986793,-0.00600716146,0.00985285453,1
199625118,-0.479999989,0.870227933,-0.00496477541,-0.030442711,-0,4.46793127,0,-0.0853381976,-0.0116274022,-0.0174068678,1
199745070,-0.719999969,0.258253962,-0.00368100055,-0.0670615286,-0,4.2029705,0,-0.0632717386,-0.0178639758,0.0233331453,1
199865022,-0.919999957,0.130167365,-0.00417092349,-0.0947333127,-0,3.98619795,0,-0.0716928914,-0.022886822,-0.0299126692,1
199984974,-0.799999952,-0.177648082,-0.00282213674,-0.0946809724,0,3.96993995,0,-0.048508957,-0.026455598,-0.00179265591,1
200104926,-0.280000001,-0.319939315,-0.000630144728,-0.0533805303,0,4.05720472,0,-0.0108313896,-0.0240773074,-0.118853793,1
200224878,-0.119999997,-0.0157916639,-0.000791767146,-0.0226430744,0,4.37834358,0,-0.0136094745,-0.0238073207,-0.0318720713,1
200344830,0.199999988,-1.13871753,0.00506249489,0.00227153511,0,4.59738302,0,0.0870178789,-0.0216105934,0.108851247,1
200464782,0.519999981,-0.410780519,0.00351602118,0.0453033037,0,4.74553776,0,0.0604359508,-0.014598486,-0.0250442289,1
200584734,0.839999974,-0.361248791,0.00471726013,0.0825861096,0,4.79047394,0,0.0810837224,-0.00549551798,-0.00954349246,1
200704686,1.07999992,1.09625661,-0.00016611116,0.121721514,0,4.40117264,0,-0.0028552406,0.00080710859,-0.125491217,1
200824638,1.07999992,0.87282604,0.000946643762,0.125287667,-0,3.89874601,0,0.016271608,0.00280239549,-0.000840114895,1
200944590,1.31999993,-0.78793788,0.00869619008,0.138282746,0,3.97041583,0,0.149476498,0.0152743328,0.0216719378,1
201064542,1.07999992,1.27210927,-0.000387846958,0.136012822,-0,4.3635087,0,-0.00666659838,0.0190440156,-0.0889851674,1
201184494,0.719999969,0.89793843,-4.13418747e-05,0.102066226,-0,4.72726774,0,-0.000710614491,0.0194986127,0.0129401665,1
201304446,0.879999995,-0.57347399,0.00611336343,0.095217891,0,4.96384239,0,0.105080977,0.0265805814,0.0438552722,1
201424398,0.599999964,1.71965206,-0.00397002138,0.0929153934,-0,5.08780098,0,-0.0682396442,0.0279958565,-0.0437263101,1
201544350,0.159999996,0.28669101,0.000255472725,0.0396680646,-0,5.19628286,0,0.00439125299,0.0266423281,0.00693415012,1
201665135,0.159999996,0.177758351,-2.21660594e-05,0.0198421367,-0,5.22383642,0,-0.00038100651,0.0262846444,-0.0171946716,1
201785087,0.199999988,-0.4531748,0.00272274879,0.019626379,0,4.78495359,0,0.0468006022,0.0280757751,0.0301034562,1
201905039,-0.0799999982,0.433419377,-0.00182230235,0.00180627208,-0,4.46879387,0,-0.0313230678,0.0279177371,-0.0377082787,1
202024991,-0.0399999991,-0.114138514,-3.57212848e-05,-0.0140517894,0,4.16950083,0,-0.000614003628,0.0267924834,0.00871551223,1
202144943,-0.319999993,1.14968479,-0.0058876751,-0.0229750909,-0,3.79575348,0,-0.101201683,0.0190166123,0.0132670393,1
202264895,-0.639999986,0.100282341,-0.00269793533,-0.0595273636,-0,3.36243963,0,-0.04637409,0.0149342446,-0.0457709208,1
202384847,-0.680000007,0.245677039,-0.00388840842,-0.0741994232,-0,2.97859192,0,-0.0668368191,0.0109786931,-0.0412210189,1
202504799,-1.12,0.878320992,-0.00802058727,-0.110334493,-0,2.63856316,0,-0.137863725,-2.1925056e-05,-0.0220692679,1
202624751,-1.24000001,-0.247230425,-0.00409138855,-0.136172026,-0,2.69234061,0,-0.0703257844,-0.00734816818,-0.00177211093,1
202744703,-0.919999957,-0.750026703,-0.00125093735,-0.119149163,0,2.76432014,0,-0.0215020292,-0.0109950742,0.0249929652,1
202864655,-0.519999981,-0.759868622,0.000367621193,-0.0776295811,0,2.78996611,0,0.00631894264,-0.00838361029,-0.0523712561,1
202984607,-0.639999986,-0.837625921,0.000743375858,-0.0766835958,0,3.0438478,0,0.0127776898,-0.0113665173,0.0438892841,1
203104559,-0.639999986,-0.0598205552,-0.00262662931,-0.0760706365,0,3.28111315,0,-0.0451484323,-0.0137549592,-0.052567631,1
203224511,-0.399999976,-0.40340364,-0.000610185321,-0.0624327697,0,3.49382329,0,-0.0104883127,-0.0173302442,-0.00510637881,1
203344463,0.0799999982,-1.03767478,0.00386335095,-0.0175843649,0,3.64326334,0,0.0664061084,-0.0149623957,0.0722999573,1
203464415,0.280000001,-0.197402641,0.00170700671,0.0222363137,0,3.85503817,0,0.0293412842,-0.0127759157,0.0339367054,1
203584367,0.0799999982,0.960684836,-0.00344713964,0.0196648836,-0,4.10167217,0,-0.0592519678,-0.0166713838,-0.0260186233,1
203704319,-0.319999993,0.703528225,-0.00382563937,-0.0198815633,-0,4.29472733,0,-0.065757893,-0.0215401947,-0.0248867404,1
203825104,-0.199999988,0.0125610502,-0.00136512367,-0.0345207378,0,4.44998741,0,-0.0234647468,-0.024027532,0.00345143629,1
203945056,-0.199999988,0.0828631595,-0.00124059734,-0.0231778342,0,4.53047323,0,-0.0213242974,-0.0251801908,-0.0194292329,1
204065008,-0.280000001,-0.00366810476,-0.00102173164,-0.0273550395,-0,4.46559811,0,-0.0175622739,-0.0254432727,-0.0377141945,1
204184960,-0.280000001,-0.6740399,0.0015311396,-0.0370639637,0,4.0462575,0,0.0263183508,-0.0273968596,0.0534301363,1
204304912,0,-0.233234242,0.000663971237,-0.0092882691,0,4.07108831,0,0.0114128245,-0.0263342634,-0.00458859978,1
204424864,-0.159999996,-0.022109041,-0.000488169375,-0.015408529,-0,3.9138658,0,-0.00839101337,-0.0300155114,0.0649696589,1
204544816,-0.119999997,0.0752108768,-0.000884288864,-0.014681071,0,3.89966083,0,-0.0151998065,-0.0310090501,0.00843389519,1
204664768,-0.199999988,0.45588991,-0.00265648542,-0.0176879689,-0,3.76672697,0,-0.0456616208,-0.0335647389,-0.0302177425,1
204784720,-0.0799999982,0.0645710677,-0.000750376494,-0.0123757906,0,3.66894627,0,-0.0128980223,-0.0336916409,-0.0153292315,1
204904672,-0.319999993,1.33653009,-0.00660180626,-0.0205996502,-0,3.70811796,0,-0.113476694,-0.0378631055,-0.0713873953,1
205024624,-0.680000007,0.225519761,-0.00287638605,-0.0498766266,-0,4.07956982,0,-0.0494414307,-0.0414243527,-0.0107746935,1
205144576,-1,0.151438668,-0.00418669637,-0.0928636715,-0,4.4010005,0,-0.0719640106,-0.0479415916,0.0132893119,1
205264528,-0.439999998,-1.43428934,0.00343948603,-0.0742514729,0,4.63686466,0,0.0591204055,-0.0470683277,0.0473846942,1
205384480,-0.159999996,-0.6109972,0.00135734351,-0.034438882,0,4.70704889,0,0.0233310163,-0.0465154871,0.0158346388,1
205504432,0.439999998,-1.1789906,0.00608031824,0.0247092061,0,4.18488455,0,0.104512967,-0.0407687761,0.0598799922,1
205624384,1,-0.728497028,0.00669179112,0.0926256403,0,3.70714855,0,0.115023419,-0.0318493024,0.060291592,1
205744336,1.27999997,0.00798846595,0.00505123008,0.134044558,0,3.35418081,0,0.0868242458,-0.0202621017,-0.0550749116,1
205865121,1.12,1.02812564,0.000673594419,0.135879144,-0,3.25243521,0,0.0115782348,-0.0152675034,-0.0785341039,1
205985073,0.919999957,0.75992918,0.00115789776,0.117817625,-0,3.09401894,0,0.0199027974,-0.0131599735,0.00409334293,1
206105025,0.399999976,1.42799163,-0.00345870061,0.0729644373,-0,2.8089242,0,-0.0594506823,-0.0159370936,-0.0389067642,1
206224977,0.0399999991,0.378278911,-0.00102064817,0.0165770743,-0,2.55080557,0,-0.0175436493,-0.0186959244,0.0178277474,1
206344929,0.159999996,0.0372436866,0.000492667197,0.0172618106,0,2.87615561,0,0.00846832525,-0.0158686209,-0.000839430315,1
206464881,0.119999997,-0.796079993,0.0039670011,0.0131415175,0,3.17820859,0,0.0681877211,-0.0136980144,0.0759417191,1
206584833,0.239999995,-0.244296595,0.00191335275,0.0223630797,0,3.52335525,0,0.0328881107,-0.00999386236,-0.0293852296,1
206704785,0.199999988,0.126721904,0.000350769202,0.0238017328,-0,3.76884961,0,0.00602927851,-0.00871066656,-0.0123071736,1
206824737,0.560000002,-0.330759257,0.00293793296,0.0394861288,0,3.90483117,0,0.0504993461,-0.0055991821,0.0373569727,1
206944689,0.879999995,0.569219589,0.000831731595,0.0872964188,0,3.96496844,0,0.0142964125,0.00207652571,-0.104191117,1
207064641,0.439999998,0.599087536,-0.000101589598,0.0661367103,-0,3.89369321,0,-0.00174619653,0.00188936933,-0.0077991616,1
207184593,0.280000001,0.672885537,-0.0012989745,0.0430781655,-0,3.67706108,0,-0.0223277267,0.00438333163,-0.0867825001,1
207304545,0.199999988,0.187959298,0.000198984984,0.0268454757,-0,3.43461943,0,0.00342029985,0.00504310289,-0.042262882,1
207424497,0.159999996,0.0898330286,0.000158463838,0.0145028066,0,3.44648027,0,0.0027237928,0.00369358296,0.0241967458,1
207544449,0,0.500189602,-0.00198594667,0.00524218474,-0,3.47962785,0,-0.0341359079,0.000177003618,0.00322669349,1
207664401,-0.0399999991,0.0495541655,-0.000294901081,-0.00206841226,-0,3.46913624,0,-0.00506897597,-0.000570279313,0.0104906429,1
207784353,0.119999997,-0.467527479,0.00224423409,0.00536132278,0,3.47484565,0,0.0385755412,0.00260783266,0.0143850315,1
207905138,0.439999998,0.116171986,0.000978962984,0.0391396731,0,3.30056572,0,0.0168271344,0.00821544044,-0.061663691,1
208025090,0.0399999991,0.404118687,-0.000982293044,0.0205645636,-0,3.07852864,0,-0.0168843735,0.00494635012,0.0508595146,1
208145042,0.319999993,-0.618719935,0.00349353789,0.0209213514,0,3.201267,0,0.0600494929,0.00621688226,0.0951807499,1
208264994,0.799999952,0.660256743,2.83611007e-06,0.075955525,0,3.37075329,0,4.87491379e-05,0.0127224643,-0.0771308839,1
208384946,0.519999981,0.12348672,0.0019878922,0.0665622428,-0,3.59179974,0,0.0341693498,0.0152017595,0.0321699753,1
208504898,0.479999989,1.27097487,-0.00308680348,0.0647210628,-0,3.72607994,0,-0.0530582443,0.0164506286,-0.0814979747,1
208624850,0.399999976,0.463598251,0.000249174424,0.0597998425,-0,3.88618493,0,0.0042829928,0.0165734533,0.000331578049,1
208744802,0.399999976,0.162533641,0.000878252089,0.0418253429,0,4.04577017,0,0.0150960414,0.0169887356,0.000633306103,1
208864754,0.959999979,-0.46959725,0.00528643932,0.0856115147,0,4.15085173,0,0.090867199,0.0237115975,0.0196460448,1
208984706,1.36000001,0.304016352,0.00408981694,0.142823398,0,3.91216612,0,0.0702987686,0.0303517245,0.00539586414,1
209104658,-90,-12.9384003,-0.255094051,-8.21481323,-0,15.1270676,0,-4.38474369,-0.262798339,-0.785365283,1
209224610,-90,-56.370945,-0.134496838,-10.0204964,-0,32.0772018,0,-2.31183028,-0.595688164,1.20137691,1
209344562,-73.5599976,-81.3101883,-0.00525516272,-9.47609138,0,45.3564796,0,-0.0903295949,-0.699027538,1.15586758,1
209464514,-32.7199974,-79.7256699,0.132238835,-5.66729546,0,54.5817146,0,2.27301812,-0.563519835,0.987277329,1
209584466,1.19999993,-53.0453529,0.174276918,-1.49706984,0,59.7325172,0,2.99559951,-0.278564394,0.0368114673,1
209704418,20.2399998,-20.9001122,0.144664139,1.41383421,0,61.8227234,0,2.48659348,0.000858155836,-0.392567724,1
209824370,29.2399998,6.95836401,0.0773969293,2.84069943,0,58.5166588,0,1.33035517,0.186780632,-0.57510978,1
209944322,25.039999,21.3656425,0.0188429058,2.94831014,-0,51.836544,0,0.323885679,0.254476845,-0.306995869,1
210065107,17.1999989,24.836401,-0.0195364431,2.32985687,-0,45.919014,0,-0.335806698,0.245339841,-0.288582414,1
210185059,8.67999935,22.1203289,-0.0412422679,1.44055498,-0,40.6770172,0,-0.708902359,0.185951993,-0.129207477,1
210305011,1.63999999,15.2190304,-0.0438989736,0.576228678,-0,36.0334282,0,-0.754567802,0.10958343,0.00818417035,1
210424963,-3.19999981,9.45239735,-0.0448019877,-0.113460056,-0,31.9199448,0,-0.770089447,0.029707443,0.109199859,1
210544915,-4.88000011,1.670699,-0.0254021753,-0.485334814,-0,28.2760429,0,-0.436631203,-0.0288305171,0.202363938,1
210664867,-3.39999986,-0.714278758,-0.0137814628,-0.448072165,0,25.0481224,0,-0.23688589,-0.0616287142,0.112874843,1
210784819,0.0399999991,-3.3917942,0.00961491,-0.129552111,0,22.1886864,0,0.165268138,-0.0594276637,0.112511471,1
210904771,3.3599999,-0.159120291,0.0114720985,0.287755847,0,19.6556835,0,0.197190851,-0.0401864648,-0.0235531032,1
211024723,9.80000019,1.83313322,0.0217940658,0.789340854,0,17.4118385,0,0.374612391,-0.00595218781,0.0602135845,1
211144675,10.8000002,5.54124403,0.0171997808,1.08818948,0,15.4241467,0,0.295642465,0.0233961008,0.049494911,1
211264627,9.88000011,9.57892895,0.00236779451,1.15201759,-0,13.6633644,0,0.0406993888,0.0372360945,-0.112548903,1
211384579,7.48000002,11.3622541,-0.0110949203,0.996482193,-0,12.1035891,0,-0.190707639,0.031143913,-0.191519409,1
211504531,4.5999999,9.54618359,-0.0140381586,0.711817086,-0,11.2526474,0,-0.241298169,0.00689819781,0.0163735375,1
211624483,5.75999975,6.58572006,-0.00649734959,0.576573372,0,10.2732649,0,-0.111681208,-0.00663862145,0.00879154913,1
211744435,5.48000002,5.50654173,-0.00207795203,0.571845055,0,9.56108284,0,-0.0357173644,-0.0153216021,0.0669426993,1
211864387,5.44000006,4.43229055,0.00387307256,0.60792172,0,9.22462177,0,0.0665732101,-0.0175864566,0.174553841,1
211984339,5.4000001,5.5973959,0.00040115416,0.648771048,-0,8.86464882,0,0.00689533213,-0.0151529042,-0.0484275892,1
212105124,5.11999989,5.71642542,0.000100580975,0.654962361,-0,8.26156425,0,0.0017288595,-0.0133235063,-0.0395530239,1
212225076,6.5999999,5.55885077,0.00144721381,0.673782289,0,7.51669168,0,0.0248757731,-0.0125256944,0.0648672581,1
212345028,5.96000004,5.64024019,0.000510759652,0.658617377,0,6.65860462,0,0.00877931155,-0.0116445282,-0.00153313205,1
212464980,5.83999968,5.67414331,0.00081689842,0.671121538,-0,5.89847565,0,0.0140414489,-0.0064932215,-0.0772460923,1
212584932,5.83999968,5.11266565,0.00421944261,0.697071314,-0,5.22512054,0,0.0725268722,-0.00213003042,0.00564669911,1
212704884,5.75999975,6.04568672,0.00122673251,0.725063205,-0,4.73460484,0,0.0210859776,0.00561229978,-0.102052771,1
212824836,7.48000002,6.85288286,-0.000683328137,0.767451942,0,4.76306581,0,-0.0117455451,0.00302872458,0.100599065,1
212944788,6.19999981,7.12893581,-0.00374087691,0.718539059,-0,5.19033909,0,-0.0643009394,-0.000843583257,-0.00552141014,1
213064740,4.83999968,6.01715279,-0.00294802524,0.612576962,-0,5.53879166,0,-0.0506728217,-0.00797014032,0.0777677074,1
213184692,4.03999996,5.22286749,-0.00280708447,0.525527775,-0,5.80279112,0,-0.0482502282,-0.012928931,-0.0250735804,1
213304644,3.19999981,5.37090826,-0.00631122477,0.450747371,-0,5.89783239,0,-0.108481959,-0.0206388421,-0.049288597,1
213424596,4.23999977,4.32708406,-0.00282909721,0.423125058,0,5.26516151,0,-0.0486285985,-0.0281295758,0.0174367689,1
213544548,4.19999981,3.23399472,0.00257213041,0.439887464,0,4.66410398,0,0.044211667,-0.0291257892,0.0856490359,1
213664500,4.5999999,2.96278453,0.00611031335,0.501931071,0,4.13166142,0,0.105028547,-0.0239133593,0.0619369857,1
213784452,4.88000011,3.6887958,0.00544496812,0.568120778,-0,3.83414459,0,0.0935921073,-0.0151743898,-0.0227288958,1
213904404,4.4000001,5.14699316,-0.000925634056,0.568932891,-0,3.89478016,0,-0.0159104783,-0.00879030582,-0.0984753743,1
214024356,5.03999996,4.09176207,0.00281671993,0.545969069,0,4.06322575,0,0.0484158508,-0.00509732403,0.00789169036,1
214145141,4,4.48035765,-0.00153588504,0.476685554,-0,4.30879211,0,-0.0263999179,-0.00929717626,0.0575373434,1
214265093,3.15999985,4.27197313,-0.00344880018,0.402585149,-0,4.75413275,0,-0.059280511,-0.0150590371,0.0119410316,1
214385045,2.63999987,3.84126735,-0.00366868638,0.347218812,-0,5.10048437,0,-0.063060075,-0.0206464827,-0.0585665889,1
214504997,2.44000006,2.88819814,-0.00039331615,0.323173225,-0,5.30352783,0,-0.00676060654,-0.0222661346,0.0457685068,1
214624949,3.48000002,3.58036947,-0.00217720028,0.356219411,0,5.12021685,0,-0.0374233164,-0.0245777406,0.0200644061,1
214744901,3.19999981,2.84794736,0.00108229928,0.357273102,0,4.53570557,0,0.0186033528,-0.0226582028,0.00501278881,1
214864853,2.91999984,3.21363258,-0.000781070441,0.350576192,-0,4.5873518,0,-0.0134256119,-0.0198461507,-0.045459982,1
214984805,2.5999999,2.81515598,6.40675426e-05,0.326660275,-0,4.74320173,0,0.00110123993,-0.0192826614,-0.051613614,1
215104757,2.24000001,3.12015891,-0.00230739545,0.299666435,-0,4.86280251,0,-0.0396612063,-0.0213983171,-0.0541518964,1
215224709,2.5999999,3.21259165,-0.00319769513,0.287041068,0,4.64622116,0,-0.05496433,-0.0235308725,-0.0472444184,1
215344661,1.63999999,3.02834439,-0.00502447132,0.217919081,-0,4.11582041,0,-0.0863642991,-0.0325101018,0.0372768193,1
215464613,1.48000002,0.902008832,0.00279589277,0.177547932,-0,3.64596891,0,0.0480578542,-0.0321395323,0.0454922207,1
215584565,1.75999999,0.834817827,0.00398069527,0.200854927,0,3.30393291,0,0.0684231073,-0.0272960924,0.00457210001,1
215704517,2,0.598020852,0.00627934001,0.233759657,-0,3.74378395,0,0.107933909,-0.0233511534,0.0748433247,1
215824469,3.55999994,2.33573747,0.00249959808,0.33542493,0,4.25847244,0,0.0429649241,-0.0115079414,-0.108644888,1
215944421,3.24000001,3.26359153,-0.000520913862,0.36329186,0,4.6585865,0,-0.00895384979,-0.00986797083,-0.00539053325,1
216064373,2.44000006,2.87872362,-0.000679169782,0.314650178,-0,4.89584255,0,-0.0116740679,-0.0104544936,-0.00445072865,1
216184325,1.67999995,2.94243312,-0.0038501313,0.238693267,-0,4.87314796,0,-0.0661788806,-0.0129137151,-0.0908736885,1
216305110,1.07999992,1.79764831,-0.00161038246,0.165240824,-0,4.31684113,0,-0.0276804361,-0.0164248273,0.0322366096,1
216425062,1.36000001,0.953624368,0.00125838304,0.143133581,0,3.82404089,0,0.0216300115,-0.0169520192,0.0515254438,1
216545014,1.39999998,0.595628023,0.00307318568,0.149433479,0,3.6549089,0,0.0528241694,-0.0140238814,0.0481212214,1
216664966,1.48000002,0.86929065,0.00250882702,0.166205138,0,3.80307603,0,0.0431235619,-0.0107389847,0.0636126399,1
216784918,1.5999999,0.783343136,0.00358448364,0.184527948,0,4.00904846,0,0.0616127327,-0.00458913809,0.0180940013,1
216904870,1.67999995,0.753960907,0.00426800083,0.19907549,-0,4.14415026,0,0.0733615309,0.00315179746,-0.0196690187,1
217024822,-90,1.78968358,-0.111407712,-2.72021317,-0,4.28205729,0,-1.9149574,-0.0317372344,-3.23391342,1
217144774,-90,-27.3126221,-0.232446492,-9.25807285,-0,21.5745163,0,-3.99546075,-0.44336167,0.595650852,1
217264726,-90,-67.6407623,-0.0918602049,-10.2144098,-0,37.4181023,0,-1.57896054,-0.700867355,1.11798167,1
217384678,-90,-85.9370956,-0.0169236064,-10.3545723,-0,49.6430016,0,-0.290895373,-0.770417929,0.406331718,1
217504630,-90,-90.171875,0.000862121582,-10.3738651,-0,57.5561295,0,0.0148187783,-0.778887987,0.0998079032,1
217624582,-90,-92.7098465,0.0120146275,-10.3755522,-0,61.6506271,0,0.206516221,-0.765968561,0.0930240005,1
217744534,-57.2799988,-90.7370071,0.0831474364,-8.28096771,0,62.9608307,0,1.42919922,-0.695071995,0.951580703,1
217864486,-18.3199997,-73.8187866,0.17187199,-3.99323535,0,57.1056023,0,2.95426178,-0.451475114,0.521472573,1
217984438,7.5999999,-40.9882622,0.163469002,-0.421129942,0,50.5865707,0,2.80982494,-0.154023066,-0.245226622,1
218104390,18.3599987,-10.2376165,0.104096368,1.56291866,0,44.8117294,0,1.78928471,0.0685582981,-0.512270749,1
218224342,21.9599991,10.1022587,0.0419521071,2.26725364,0,39.6961365,0,0.721103609,0.18324323,-0.452802092,1
218345127,18.2399998,19.4835072,-0.0025350228,2.16914725,-0,35.1645241,0,-0.043573834,0.206908852,-0.26384896,1
218465079,13,19.9452229,-0.0216007382,1.72411942,-0,31.1502285,0,-0.371289343,0.179907873,-0.114678219,1
218585031,7.67999983,17.4062729,-0.0315016173,1.18127,-0,27.5941963,0,-0.541472912,0.132542938,-0.0677187666,1
218704983,2.03999996,13.5782328,-0.0392227359,0.550956011,-0,24.4441128,0,-0.67418915,0.0664628223,0.012726238,1
218824935,-3.67999983,8.39862061,-0.0425934494,-0.11016202,-0,21.653635,0,-0.732127428,-0.00725066895,0.0104835369,1
218944887,-7.44000006,2.6654408,-0.037963748,-0.656729937,-0,19.1817093,0,-0.65254879,-0.0761414766,0.0580763631,1
219064839,-8.88000011,-1.71730125,-0.0299672056,-0.967613101,-0,16.991972,0,-0.515098333,-0.133558676,0.0821821168,1
219184791,-8.35999966,-5.07200813,-0.0164906308,-1.02444673,0,15.0522099,0,-0.283453047,-0.17074731,0.0958471373,1
219304743,-6.71999979,-6.34012651,-0.00508856773,-0.890428305,0,13.3338871,0,-0.0874660388,-0.184987471,0.0616420545,1
219424695,-4.5999999,-5.37164783,-0.00101121888,-0.677296221,0,11.8117237,0,-0.0173815712,-0.191295728,0.0538057685,1
219544647,-2.63999987,-4.61696672,0.00477418862,-0.443579882,0,10.4633274,0,0.0820622593,-0.186053544,0.034313336,1
219664599,-1.36000001,-2.29968858,0.00186897255,-0.234619632,0,9.26885986,0,0.0321252719,-0.180868924,-0.0218046382,1
219784551,-0.879999995,-0.8229509,-0.000649931375,-0.116839051,0,8.56084251,0,-0.0111714974,-0.183964983,0.0116917333,1
219904503,-0.519999981,1.05705106,-0.00637442525,-0.0283721499,-0,7.90301037,0,-0.109568298,-0.190920651,-0.0382576697,1
220024455,3.67999983,1.61150146,4.18992713e-05,0.198030025,0,7.25667238,0,0.000720195414,-0.196203202,0.126752436,1
220144407,5.44000006,1.79969215,0.0103708198,0.477272421,0,7.48279667,0,0.17826125,-0.187958255,0.112653211,1
220264359,7,3.75763011,0.0120076574,0.756472409,0,7.54411507,0,0.206396416,-0.169360206,0.00301225996,1
220384311,7.07999992,7.08658171,0.00145749003,0.896209121,-0,6.97549963,0,0.0250524078,-0.159904465,-0.105237238,1
220505096,5.92000008,8.56211758,-0.00735252351,0.85147047,-0,6.17919397,0,-0.126380578,-0.162880898,-0.13680391,1
220625048,6.79999971,7.57082558,-0.00593027286,0.761404872,0,5.9650898,0,-0.101933874,-0.176559404,0.0845894739,1
220745000,5.19999981,6.92576981,-0.00747047365,0.64256525,-0,5.74325466,0,-0.12840797,-0.188651741,-0.0160143077,1
220864952,3.72000003,5.96496058,-0.00803457573,0.510745406,-0,5.46658897,0,-0.138104171,-0.205057293,0.023868911,1
220984904,2.55999994,5.49716616,-0.0103977276,0.393338233,-0,4.84253693,0,-0.178723782,-0.221437037,-0.0217883866,1
221104856,1.5999999,4.69026518,-0.0106126722,0.290321678,-0,4.28972483,0,-0.182418406,-0.238818407,-0.036077369,1
221224808,4.31999969,4.32336712,-0.00635723677,0.353285104,0,3.89709044,0,-0.109272845,-0.251063585,0.0282725785,1
221344760,5.19999981,3.51443028,0.00315819681,0.499075711,0,4.07985926,0,0.0542854033,-0.250915587,0.109235026,1
221464712,6.03999996,4.51556396,0.00504829362,0.666293383,0,4.33484125,0,0.0867737755,-0.244291261,-0.00479175523,1
221584664,6.92000008,4.91932487,0.00934908912,0.823719501,-0,4.60663319,0,0.160698995,-0.231429473,-0.0100505296,1
221704616,7.44000006,6.83330393,0.00570395589,0.958573043,-0,4.83449745,0,0.098043777,-0.216292009,-0.105132297,1
221824568,12.6799994,8.43463421,0.00808403641,1.2096374,0,4.99466324,0,0.138954341,-0.201914489,0.0464314856,1
221944520,12.5599995,10.2219381,0.00588939339,1.36645472,0,5.25461531,0,0.101231217,-0.193121821,0.0929738805,1
222064472,12.04,10.104394,0.00894092768,1.43018365,0,5.68516779,0,0.15368323,-0.185697302,0.0855642185,1
222184424,11.4799995,11.4116716,0.00387842581,1.45582557,-0,6.0221858,0,0.0666652322,-0.176632136,-0.096404247,1
222304376,10.1199999,12.5615244,-0.00421301275,1.38552368,-0,6.2470808,0,-0.0724163577,-0.173966154,-0.196303353,1
222424328,13.4399996,12.045187,-0.00139025599,1.39530325,0,6.3756876,0,-0.0238967389,-0.180742025,0.136618376,1
222545113,12.04,11.7759323,-0.00105244666,1.37106657,0,6.57515955,0,-0.0180902258,-0.186090246,0.0760601684,1
222665065,11.3599997,11.3253069,0.000878546387,1.3663367,-0,6.70633936,0,0.0151011003,-0.186333492,-0.017570693,1
222785017,-90,3.29389453,-0.30269298,-7.35170269,-0,16.8299732,0,-5.20290899,-0.452126473,-2.13900304,1
222904969,-90,-43.8890572,-0.194654107,-10.1843395,-0,36.9229355,0,-3.34585762,-0.895265102,1.32881963,1
223024921,-81.8799973,-76.9611969,-0.0451112688,-10.2899065,0,53.1815796,0,-0.775405586,-1.0757457,1.23723817,1
223144873,-42.0400009,-82.2721405,0.114938229,-6.87321472,0,64.9059219,0,1.97564256,-0.987890661,1.23329341,1
223264825,-7.03999996,-61.3351021,0.186816141,-2.60353231,0,71.6300201,0,3.21113276,-0.703372836,0.309287012,1
223384777,13.2399998,-30.0503578,0.165479794,0.54620266,0,74.516098,0,2.84438825,-0.392279834,-0.40190506,1
223504729,17.9200001,-2.91336083,0.0913240537,1.92649257,0,71.6460724,0,1.56974483,-0.176037192,-0.72104907,1
223624681,15.3199997,11.651453,0.0199553482,1.93059444,-0,63.4671402,0,0.343007177,-0.0924554765,-0.527521074,1
223744633,8.55999947,14.6461706,-0.0209571049,1.31657243,-0,56.2218895,0,-0.360226095,-0.104308188,-0.212397948,1
223864585,3.07999992,12.2655764,-0.0366322622,0.658328593,-0,49.8037376,0,-0.629662216,-0.163822845,-0.00956111588,1
223984537,0.239999995,7.42157793,-0.0296936687,0.229114205,-0,44.1182671,0,-0.5103966,-0.221948251,0.0778201148,1
224104489,-1.03999996,4.50635672,-0.023794204,0.00883128401,-0,39.0818405,0,-0.408992231,-0.268234104,0.0819071233,1
224224441,-0.639999986,2.05753064,-0.0140785202,-0.0674529821,-0,34.6203537,0,-0.241991937,-0.292300969,-0.0285303425,1
224344393,-1.91999996,0.660271347,-0.0117759677,-0.192953646,-0,30.6681805,0,-0.202413961,-0.312955022,-0.0172127802,1
224464345,-3,0.477302819,-0.0162297077,-0.322820038,-0,27.1671772,0,-0.278968126,-0.334880531,-0.0665558949,1
224585130,-3.27999997,-2.6010921,-0.0030270014,-0.403793395,-0,24.0658398,0,-0.0520303212,-0.34838751,0.0898698643,1
224705082,-2.79999995,-2.009969,-0.00455872808,-0.363759488,0,21.3185444,0,-0.078358762,-0.35250178,-0.10800951,1
224825034,-0.879999995,-1.84413946,-0.00100817997,-0.253554225,0,18.8848743,0,-0.0173293371,-0.362405241,0.148579538,1
224944986,1.36000001,-2.04786491,0.0097970413,-0.00936099701,0,16.729023,0,0.168398738,-0.353522867,0.103621408,1
225064938,4.63999987,0.0345997736,0.0154941333,0.391328663,0,14.8192797,0,0.26632455,-0.332294554,0.0307537522,1
225184890,8.84000015,2.93296671,0.0230160058,0.933761299,0,14.2415314,0,0.395615995,-0.30131197,0.0698462054,1
225304842,13.6399994,7.30278826,0.0277733244,1.57792437,0,14.5277472,0,0.477388263,-0.251975149,-0.0920088366,1
225424794,30.0799999,13.9166842,0.0381377637,2.61928821,0,14.0445719,0,0.65553987,-0.190986291,0.205381796,1
225544746,33.3199997,21.6796436,0.0350985155,3.43852854,0,14.4957447,0,0.603299022,-0.128848106,0.0931206942,1
225664698,31.039999,28.011179,0.0157294422,3.65148115,-0,14.8213253,0,0.270369172,-0.0936704502,-0.0860064253,1
225784650,23.1599998,30.8612118,-0.016667597,3.10790896,-0,15.0563602,0,-0.286494881,-0.09827739,-0.313432634,1
225904602,12.0799999,27.3499126,-0.0431101695,1.98582363,-0,14.1495247,0,-0.741009235,-0.152615651,-0.221906558,1
226024554,1.79999995,19.604887,-0.0560751893,0.730920851,-0,12.5342503,0,-0.963861525,-0.242092818,-0.0471022874,1
226144506,-4.48000002,9.46540928,-0.0477390252,-0.202344641,-0,11.1033707,0,-0.82057339,-0.330957681,0.073889479,1
226264458,-5.67999983,0.597900748,-0.0239572022,-0.573004901,-0,9.83583832,0,-0.411793977,-0.389707297,0.207069606,1
226384410,-3.72000003,-4.1050396,-0.00102139823,-0.494032562,0,8.71300316,0,-0.0175565425,-0.407844394,0.16443482,1
226504362,-0.560000002,-4.07090092,0.0108657088,-0.175831839,0,7.7183485,0,0.186767772,-0.393917859,0.0301203821,1
226624314,2.91999984,-1.85828304,0.0145466588,0.165474966,0,6.83724165,0,0.250038654,-0.369404167,0.0032910048,1
226745099,3.39999986,0.0744667202,0.0126786903,0.337153465,0,6.05671883,0,0.21793063,-0.346173972,-0.0165566951,1
226865051,2.48000002,2.2823925,0.00228566397,0.329517186,-0,5.36529922,0,0.0392876677,-0.334701717,-0.0911667347,1
226985003,1.27999997,1.9515301,-0.000638916157,0.218961388,-0,4.75281,0,-0.0109821595,-0.334233731,-0.016323084,1
227104955,0.639999986,1.87964046,-0.00326199876,0.148236901,-0,4.21024132,0,-0.0560696274,-0.336990416,-0.0501103289,1
227224907,4.51999998,1.77859974,0.0029237885,0.293048859,0,3.72961044,0,0.0502562225,-0.336430609,0.104390956,1
227344859,8.07999992,1.89767849,0.0187870432,0.692656815,0,4.00968075,0,0.322925478,-0.319948316,0.225540891,1
227464811,13.5199995,4.24778366,0.0360125676,1.40277898,0,4.90356922,0,0.619010389,-0.272161275,0.110448413,1
227584763,19.6399994,9.29477882,0.0469147265,2.30280757,0,6.08465052,0,0.806404769,-0.19870837,-0.0319754072,1
227704715,24.8799992,16.8508816,0.0438527465,3.18860912,-0,7.37073946,0,0.753773153,-0.110767283,-0.318030864,1
227824667,38.3199997,25.9467201,0.0345810205,4.11948395,0,9.10396957,0,0.594403982,-0.0360406302,-0.0406905524,1
227944619,32.9599991,31.1430988,0.00935576856,4.16792059,0,10.6342134,0,0.160813808,-0.00297693978,-0.132903814,1
228064571,23.7199993,32.3917961,-0.027098611,3.43773341,-0,11.6403189,0,-0.465790808,-0.0302027743,-0.172543988,1
228184523,13.6399994,28.3947582,-0.0522459075,2.31301975,-0,12.2192259,0,-0.89804101,-0.102033854,-0.237381637,1
228304475,5.07999992,20.2322254,-0.0558864996,1.18430877,-0,12.136405,0,-0.960618138,-0.196992949,-0.00803982746,1
228424427,3.31999993,10.7631426,-0.034573514,0.503397822,-0,10.7509432,0,-0.594274938,-0.272663862,0.237414047,1
228544379,2.55999994,4.94963169,-0.0133631481,0.292953461,0,9.52364159,0,-0.229695588,-0.310958087,0.185161144,1
228664331,3.79999995,2.12520289,0.0055884216,0.401701123,0,8.67868614,0,0.0960578844,-0.314915657,0.133735001,1
228785116,5.5999999,2.30104232,0.0147618614,0.646417975,0,8.12174606,0,0.253737688,-0.296543598,0.0518523529,1
228905068,7.39999962,3.65438271,0.0190109033,0.919216812,0,7.62838459,0,0.326773375,-0.263944119,-0.0271802675,1
229025020,12.7199993,6.3215766,0.0200633854,1.28391504,0,6.82624483,0,0.34486419,-0.22882311,0.0719382018,1
229144972,13.2799997,8.13015747,0.0210274532,1.53968263,0,6.046978,0,0.361435294,-0.195791796,0.0827143714,1
229264924,13,10.3574028,0.0138489082,1.65810633,0,5.3566699,0,0.238045201,-0.169442311,-0.0265635997,1
229384876,11.96,10.9468269,0.009793818,1.64246023,-0,4.74516582,0,0.168343335,-0.152293459,-0.0278455429,1
229504828,10.4799995,11.6856203,0.00102823228,1.53584838,-0,4.90870857,0,0.0176740102,-0.14326106,-0.134507075,1
229624780,11.8000002,11.4902544,-0.00175715238,1.45398045,0,5.16302299,0,-0.0302032251,-0.143390045,0.0132824155,1
229744732,9.43999958,10.3875809,-0.00355910137,1.27161431,-0,5.35918856,0,-0.0611764453,-0.14834553,0.0119071798,1
229864684,7.48000002,8.7033453,-0.00288442522,1.07002187,-0,5.32109356,0,-0.0495796166,-0.157016754,0.0667805076,1
229984636,5.31999969,6.75642681,-0.00246481597,0.826698124,-0,4.71365118,0,-0.0423670635,-0.164784223,0.0313204192,1
230104588,2.67999983,4.65068674,-0.00505696423,0.492109299,-0,4.17555285,0,-0.0869228095,-0.172675431,-0.000276023464,1
230224540,1,3.16604829,-0.00815739762,0.229649067,-0,3.69888186,0,-0.140215337,-0.18510215,-0.0228239838,1
230344492,0.159999996,1.2186203,-0.00400657253,0.0700687617,-0,3.27662659,0,-0.0688679069,-0.195413411,0.0425055847,1
230464444,0.0399999991,0.0486790761,0.000405138999,0.0157231726,-0,2.90257502,0,0.00696382625,-0.197686344,0.0332801454,1
230584396,0.280000001,-0.579412043,0.00461467076,0.025075756,0,2.57122445,0,0.0793203413,-0.192525968,0.027498519,1
230704348,0.680000007,-0.594008505,0.00688170595,0.0705388486,0,2.27769971,0,0.118287809,-0.18209891,0.0156618785,1
230825133,1.07999992,-0.527243853,0.00937194657,0.125039399,0,2.01768327,0,0.161091894,-0.167873025,0.0249399878,1
230945085,1.51999998,-0.269056439,0.0109176505,0.18980597,0,1.78734934,0,0.18766059,-0.150149703,0.0122047439,1
231065037,1.83999991,0.156600192,0.0109696249,0.24860695,0,1.58331001,0,0.188553959,-0.131067619,-0.00449388754,1
231184989,1.95999992,0.525876164,0.0102140708,0.285229743,0,1.40256333,0,0.175566941,-0.112947658,-0.00786295626,1
231304941,1.91999996,0.80199331,0.00869545713,0.295323342,0,1.24245024,0,0.149463907,-0.0970077217,-0.0117051331,1
231424893,1.5999999,0.918284953,0.0064966795,0.27061528,-0,1.10061526,0,0.111669689,-0.0842380226,-0.0235456992,1
231544845,0.719999969,0.873687029,0.00220188685,0.184078202,-0,1.01612997,0,0.0378476456,-0.0760593787,-0.061162699,1
231664797,0.0399999991,0.511705458,-0.00152320415,0.0578246713,-0,1.12093222,0,-0.0261819493,-0.0761765167,-0.0243301634,1
231784749,-0.239999995,0.070020631,-0.00176434941,-0.019529013,-0,1.19378638,0,-0.0303269327,-0.0791466013,0.00518554449,1
231904701,-0.159999996,-0.345120579,0.0012715885,-0.0378905982,0,1.26655138,0,0.0218569953,-0.079525888,0.0356395766,1
232024653,0.199999988,-0.510741055,0.00589202391,0.00676902616,0,1.30269349,0,0.101276435,-0.0728749409,0.0447744094,1
232144605,0.639999986,-0.477998048,0.0103519484,0.0829315037,0,1.28502226,0,0.177936897,-0.0580306649,0.0315369777,1
232264557,0.919999957,-0.175080255,0.0112914303,0.150128573,0,1.18988562,0,0.194085389,-0.0385419913,-0.00671404134,1
232384509,0.959999979,0.138170734,0.00940426532,0.176124439,0,1.08772457,0,0.161647409,-0.0207784474,-0.0183317047,1
232504461,0.719999969,0.331475854,0.00543418573,0.149538472,-0,1.05168486,0,0.0934067741,-0.00870869868,-0.0274882186,1
232624413,-0.119999997,0.234737337,0.000696222996,0.0578062087,-0,1.07827425,0,0.0119671924,-0.00451790867,-0.0513262153,1
232744365,-0.519999981,-0.013634271,-0.00322585553,-0.0507280156,-0,1.14018202,0,-0.0554483682,-0.00700595276,-0.0422000997,1
232864317,-0.75999999,-0.36248377,-0.00380209694,-0.131090432,-0,1.21922004,0,-0.0653532371,-0.012991176,-0.00183275901,1
232985102,-0.719999969,-0.636318922,-0.00165633112,-0.158725142,0,1.30306435,0,-0.0284702349,-0.0173794888,0.0247703828,1
233105054,-0.519999981,-0.800942838,0.00252613239,-0.137443274,0,1.36579418,0,0.0434210189,-0.0162214991,0.0441906638,1
233225006,-0.159999996,-0.777700961,0.00793453585,-0.066515401,0,1.39058173,0,0.136384621,-0.00658385688,0.0510768481,1
233344958,0.280000001,-0.600226521,0.0118321506,0.0215991829,0,1.32633162,0,0.203379691,0.0111360438,0.0287518036,1
233464910,0.519999981,-0.297608346,0.0123831816,0.0939904451,0,1.17492104,0,0.212851211,0.0325572044,-0.00624991721,1
233584862,0.639999986,0.0086917486,0.0101155499,0.133094996,0,1.04079485,0,0.173873484,0.0520380735,-0.0234583542,1
233704814,0.479999989,0.199135929,0.00566301029,0.119802609,-0,1.0041939,0,0.0973399729,0.0649814084,-0.0338516533,1
233824766,-0.0799999982,0.231524035,-0.000811300706,0.0470490679,-0,1.04673266,0,-0.0139452321,0.0682560876,-0.0720641017,1
233944718,-0.399999976,0.0615906417,-0.00538601959,-0.0499834158,-0,1.15258539,0,-0.0925788507,0.0624733418,-0.0453678221,1
234064670,-0.680000007,-0.203211099,-0.00746693602,-0.14099592,-0,1.24824095,0,-0.128347173,0.0514199212,-0.0141754886,1
234184622,-0.75999999,-0.516323209,-0.00488603301,-0.191315651,-0,1.38260031,0,-0.0839847252,0.0409796014,0.0366009921,1
234304574,-0.639999986,-0.755518794,0.000558560714,-0.193070993,0,1.50173903,0,0.00960095134,0.0372399986,0.0678929314,1
234424526,-0.479999989,-0.792582512,0.00602128822,-0.148029327,0,1.59101284,0,0.103498317,0.0429867394,0.0540795811,1
234544478,-0.119999997,-0.70919919,0.0119514503,-0.0645531341,0,1.63458943,0,0.205430299,0.0593731962,0.0377623327,1
234664430,0.239999995,-0.467259526,0.0150056407,0.0318250172,0,1.5946821,0,0.257927954,0.0838611722,0.00753317308,1
234784382,0.479999989,-0.142491296,0.0142972339,0.11292132,0,1.41263711,0,0.245751336,0.1099656,-0.0259751827,1
234904334,0.560000002,0.168033779,0.0100949965,0.155224025,0,1.25137389,0,0.173520207,0.130780771,-0.0462216139,1
235025119,0.280000001,0.34128958,0.00214361399,0.122842744,-0,1.20733678,0,0.0368460119,0.140743345,-0.0897569507,1
235145071,0,0.306862026,-0.00450911699,0.0459057502,-0,1.32466471,0,-0.0775060058,0.138107002,-0.0641217753,1
235265023,-0.359999985,0.100498743,-0.009272472,-0.0631929636,-0,1.42157578,0,-0.15938206,0.126190782,-0.0405150801,1
235384975,-0.560000002,-0.17978704,-0.00972708128,-0.15200077,-0,1.54769373,0,-0.167196199,0.109434441,0.0193751585,1
235504927,-0.719999969,-0.463068545,-0.00795567129,-0.221267775,-0,1.70306075,0,-0.136747912,0.0931083187,0.0552150495,1
235624879,-0.879999995,-0.695766866,-0.00254900195,-0.244530499,-0,1.85350275,0,-0.0438141152,0.0838984996,0.0432112552,1
235744831,-0.560000002,-0.784219027,0.00497451611,-0.204151303,0,1.9512229,0,0.0855056345,0.0868548676,0.0575203598,1
235864783,-0.280000001,-0.72894448,0.0116208987,-0.126687765,0,1.99714613,0,0.199748531,0.102766901,0.0466621071,1
235984735,0.0399999991,-0.546448052,0.0156416353,-0.03315074,0,1.92902875,0,0.268859893,0.127687424,0.0196778532,1
236104687,0.239999995,-0.265705377,0.0144609176,0.0453167409,0,1.70881557,0,0.248564869,0.153871179,-0.0142560098,1
236224639,0.199999988,-0.0149042727,0.00872457679,0.0738602877,-0,1.51374149,0,0.149964422,0.173392713,-0.0627228841,1
236344591,0.0399999991,0.127149358,-0.000322526786,0.0402287766,-0,1.53572094,0,-0.00554382708,0.17947948,-0.0825354978,1
236464543,-0.199999988,0.101698361,-0.00767037924,-0.0332905091,-0,1.63052273,9,-0.131844103,0.175730243,-0.0616673119,1
236584495,-0.479999989,-0.0430460237,-0.0142590422,-0.140139386,-0,1.81098711,9,-0.245094866,0.173842728,-0.0219910033,1
236704447,-0.75999999,-0.311812848,-0.0159379635,-0.247780383,-0,2.05051804,9,-0.273953408,0.173361763,0.0436728783,1
236824399,-1.24000001,-0.626625121,-0.0154072046,-0.354878545,-0,2.297997,9,-0.264830321,0.173513815,-0.00569578493,1
236944351,-1.12,-0.870866656,-0.00892066956,-0.389517516,-0,2.54832411,9,-0.15333502,0.175372064,0.0418288372,1
237065136,-0.919999957,-0.966261148,-0.00103153288,-0.360600203,0,2.69671321,9,-0.0177307427,0.177632138,0.0590293854,1
237185088,-0.599999964,-0.914367318,0.00767381862,-0.272983402,0,2.75919461,9,0.131903216,0.177927643,0.0748901293,1
237305040,-0.319999993,-0.75903827,0.0138852857,-0.170552343,0,2.52195072,9,0.238670483,0.177927643,0.0497516654,1
237424992,-0.159999996,-0.530275404,0.0145370252,-0.0871451646,0,2.23405123,9,0.249873072,0.177927643,-0.000854059588,1
237544944,-0.0799999982,-0.284887016,0.00934189092,-0.0367485397,0,2.03344011,9,0.160575271,0.177927643,-0.0735536963,1
237664896,-0.119999997,-0.110209949,0.00056945812,-0.0384613387,-0,2.09167981,9,0.00978826452,0.177927643,-0.0862883329,1
237784848,-0.239999995,-0.0872186869,-0.00610333774,-0.0815963671,-0,2.13350677,9,-0.104908645,0.176179171,-0.0404795893,1
237904800,-0.479999989,-0.164598122,-0.0136475423,-0.170111686,-0,2.29778767,9,-0.234583989,0.174017906,-0.0118243955,1
238024752,-1,-0.363881171,-0.0208655894,-0.304385662,-0,2.50632429,9,-0.358653039,0.171950102,-0.0650776476,1
238144704,-1.07999992,-0.623562515,-0.018765498,-0.394098997,-0,2.77702308,9,-0.322555125,0.172551721,0.00288390717,1
238264656,-1.03999996,-0.83434689,-0.010737557,-0.422667861,-0,3.02788424,9,-0.184565008,0.174851567,0.0523082651,1
238384608,-0.879999995,-0.910500228,-0.00208402053,-0.393252313,0,3.17477131,9,-0.0358216725,0.177330613,0.0770661309,1
238504560,-0.639999986,-0.86010617,0.00505848229,-0.32325089,0,3.23975182,9,0.0869489014,0.177927643,0.0850438178,1
238624512,-0.599999964,-0.742990613,0.00890117139,-0.255352437,-0,3.00212407,9,0.152999863,0.177927643,0.0302294455,1
238744464,-0.399999976,-0.592664301,0.00964368321,-0.189941108,0,2.65940905,9,0.165762708,0.177927643,-0.0179751888,1
238864416,-0.280000001,-0.429189593,0.00719512813,-0.139750198,0,2.3889122,9,0.123675138,0.177927643,-0.0455213338,1
238984368,-0.199999988,-0.297649115,0.00345360301,-0.109721012,0,2.25495911,9,0.0593630634,0.177927643,-0.0220460482,1
239104320,-0.199999988,-0.227750883,0.000384597108,-0.10010428,0,2.1362977,9,0.00661073718,0.177927643,-0.00148403924,1
239225105,-0.439999998,-0.200983182,-0.007552105,-0.141968742,-0,2.13451409,9,-0.129811123,0.175764129,-0.109556407,1
239345057,-0.479999989,-0.231346399,-0.0124534126,-0.188601404,-0,2.3906939,9,-0.214058399,0.174360007,-0.0467119478,1
239465009,-0.479999989,-0.299190879,-0.0120065659,-0.216771215,-0,2.63916802,9,-0.20637767,0.174488023,0.00558455149,1
239584961,-0.519999981,-0.370421678,-0.0111674871,-0.244345844,0,2.87030053,9,-0.191954955,0.174728394,0.0227145571,1
239704913,-0.479999989,-0.436629504,-0.00660847127,-0.24456057,0,3.05826259,9,-0.113591254,0.176034451,0.0817979649,1
239824865,-0.599999964,-0.449541479,-0.00708005764,-0.253361404,-0,3.16122079,9,-0.121697225,0.175899357,-0.0251512341,1
239944817,-0.599999964,-0.441218257,-0.00746895,-0.252012134,-0,3.19731092,9,-0.128381789,0.175787956,-0.0648027137,1
240064769,-0.519999981,-0.429636121,-0.0076355245,-0.249160081,0,3.14443493,9,-0.131245002,0.175740227,0.0115393046,1
240184721,-0.439999998,-0.425531119,-0.00477395765,-0.229054466,0,2.98720264,9,-0.0820582882,0.17656,0.0474311151,1
240304673,-0.399999976,-0.385121942,-0.00515829958,-0.212816626,0,2.88029528,9,-0.088664636,0.176449895,0.0313615203,1
240424625,-0.479999989,-0.353510499,-0.00641160645,-0.208590552,-0,2.75691247,9,-0.110207394,0.176090851,-0.0175164584,1
240544577,0.75999999,-2.13132,0.189959913,0.195067659,0,38.1887016,9,3.26517034,0.177927643,-1.28254163,1
240664529,1.03999996,-0.632432401,0.116538212,0.437181532,0,79.1165848,9,2.00314426,0.177927643,-0.422698677,1
240784481,1.19999993,-0.179806486,0.101023085,0.547436297,0,111.041153,9,1.7364589,0.177927643,-0.0753136203,1
240904433,1.31999993,-0.0451876484,0.104507916,0.627551138,0,132.490005,9,1.7963587,0.177927643,0.0122340741,1
241024385,1.5999999,-0.00716980407,0.121549748,0.747116506,0,144.076904,9,2.08928633,0.177927643,0.113227643,1
241144337,1.67999995,0.00486516207,0.129557118,0.801785707,0,148.538147,9,2.22692275,0.177927643,0.0797350556,1
241265122,1.67999995,0.0109196976,0.132978618,0.82557255,0,138.890106,9,2.28573394,0.177927643,0.012934804,1
241385074,1.67999995,0.00744483899,0.134225398,0.831386805,-0,123.03476,9,2.30716467,0.177927643,0.00776671944,1
241505026,1.71999991,0.0127429441,0.136187658,0.846046865,0,108.98941,9,2.34089327,0.177927643,0.00936557446,1
241624978,1.75999999,0.0103556467,0.137794375,0.854736209,0,96.5474472,9,2.36851072,0.177927643,0.0357796587,1
241744930,1.75999999,0.0124114137,0.139698371,0.867487013,0,85.5258331,9,2.40123796,0.177927643,0.00583323603,1
241864882,1.79999995,0.0118777119,0.142023757,0.881558657,0,75.762413,9,2.4412086,0.177927643,0.0249306578,1
241984834,1.75999999,0.00706636393,0.1415243,0.876087904,-0,67.1135712,9,2.43262339,0.177927643,-0.00597137865,1
242104786,1.79999995,0.0083011603,0.143096343,0.886394382,0,59.4520493,9,2.45964479,0.177927643,0.0195036847,1
242224738,1.79999995,0.00877181627,0.143481091,0.889006376,0,52.6651459,9,2.46625829,0.177927643,0.00636942452,1
242344690,1.83999991,0.0112460395,0.14485985,0.898733437,0,46.6530304,9,2.48995733,0.177927643,0.0307409223,1
242464642,1.83999991,0.0116640413,0.146278113,0.907679141,0,41.3272324,9,2.51433539,0.177927643,0.0128702959,1
242584594,1.88,0.00834234152,0.149071366,0.923249722,0,36.6094208,9,2.56234789,0.177927643,0.0326054171,1
242704546,1.83999991,0.0121895522,0.146996945,0.91236937,-0,32.4301796,9,2.5266912,0.177927643,-0.0140282055,1
242824498,1.79999995,0.0086647477,0.145965442,0.904262543,-0,28.7280312,9,2.50896096,0.177927643,-0.017063044,1
242944450,1.83999991,0.00919788983,0.145387188,0.900962174,0,25.448513,9,2.49902153,0.177927643,0.0310491472,1
243064402,1.83999991,0.0170270596,0.145901591,0.907999933,0,22.5433731,9,2.50786352,0.177927643,-0.00645434996,1
243184354,1.83999991,0.00965153705,0.146660179,0.909046173,0,19.9698792,9,2.52090263,0.177927643,0.00606923597,1
243305139,1.83999991,0.0124458447,0.146460816,0.909198582,0,17.6901665,9,2.51747584,0.177927643,0.00597806135,1
243425091,1.88,0.0128660342,0.147308409,0.914616823,0,15.670701,9,2.53204489,0.177927643,0.0223694127,1
243545043,1.83999991,0.0174428485,0.148051023,0.921460986,-0,13.881772,9,2.54480958,0.177927643,-0.0228764527,1
243664995,1.83999991,0.0145204207,0.146590188,0.911010265,-0,12.2970638,9,2.51969981,0.177927643,-0.0110564586,1
243784947,1.83999991,0.0173441712,0.146115229,0.909472108,-0,10.893261,9,2.51153588,0.177927643,-0.00639573531,1
243904899,1.79999995,0.0158168487,0.143642992,0.893484116,-0,9.64971256,9,2.46904111,0.177927643,-0.015165437,1
244024851,1.79999995,0.0160231702,0.144926354,0.90150094,-0,8.54812431,9,2.49110055,0.177927643,-0.0233621635,1
244144803,1.79999995,0.0108000357,0.143677846,0.891210496,-0,7.57229137,9,2.46964025,0.177927643,0.000484311517,1
244264755,1.75999999,0.014827433,0.142232865,0.884291232,-0,6.70785713,9,2.444803,0.177927643,-0.0310847033,1
244384707,1.79999995,0.0127490014,0.142691061,0.886093676,0,5.94210482,9,2.45267844,0.177927643,0.0169513021,1
244504659,1.75999999,0.00966906641,0.140843928,0.873189509,-0,5.26376915,9,2.42092872,0.177927643,0.00470959954,1
244624611,1.71999991,0.013708069,0.137300313,0.853327155,-0,4.66286993,9,2.36001849,0.177927643,-0.0154620362,1
244744563,1.71999991,0.0182909518,0.136460692,0.850426793,-0,4.1305685,9,2.34558654,0.177927643,-0.0139194187,1
244864515,1.71999991,0.00980509631,0.137071475,0.849997699,-0,3.65903306,9,2.35608506,0.177927643,0.0119617162,1
244984467,1.71999991,0.0162825827,0.136542186,0.849922836,-0,3.24132681,9,2.34698725,0.177927643,0.00162315636,1
245104419,1.71999991,0.0155665604,0.13659808,0.849919796,-0,2.87130499,9,2.34794807,0.177927643,-0.00319613027,1
245224371,1.67999995,0.0184107479,0.13549228,0.844504356,-0,2.54352427,9,2.32894063,0.177927643,-0.0324221551,1
245344323,1.67999995,0.01230748,0.133994833,0.832267404,-0,2.25316167,9,2.30320168,0.177927643,-0.00394922076,1
245465108,1.63999999,0.0157029647,0.13111724,0.816201448,-0,1.99594641,9,2.25373936,0.177927643,-0.0212565809,1
245585060,1.63999999,0.0185857043,0.130082607,0.811248004,-0,1.76809406,9,2.23595548,0.177927643,-0.0130234705,1
245705012,1.63999999,0.0174210109,0.130058065,0.810518622,-0,1.56625295,9,2.23553348,0.177927643,-0.0104057798,1
245824964,1.63999999,0.0177833308,0.128153935,0.798959732,0,1.54429209,9,2.20280385,0.177927643,0.00240747025,1
245944916,1.5999999,0.0131562641,0.128592461,0.799374163,-0,1.45554531,9,2.21034145,0.177927643,-0.0208479147,1
246064868,1.5999999,0.0139199644,0.127320752,0.791906893,-0,1.35601473,9,2.18848252,0.177927643,-0.00215653377,1
246184820,1.5999999,0.0130226491,0.127215117,0.790816724,-0,1.20121551,9,2.18666673,0.177927643,0.0117076915,1
246304772,1.55999994,0.0150103942,0.124471605,0.774879932,-0,1.17849672,9,2.1395092,0.177927643,-0.0136427972,1
246424724,1.55999994,0.0169482194,0.123759933,0.771453083,-0,1.19764614,9,2.12727666,0.177927643,-0.00785811059,1
246544676,1.55999994,0.0153033314,0.12381015,0.770949244,-0,1.19108915,9,2.12813973,0.177927643,0.000336103345,1
246664628,1.55999994,0.0135648483,0.123937495,0.770873606,-0,1.05511737,9,2.13032866,0.177927643,0.0011496126,1
246784580,1.55999994,0.0188016295,0.123516046,0.770860314,-0,0.934667766,9,2.12308431,0.177927643,-0.00418117084,1
246904532,1.55999994,0.0136816017,0.123926125,0.770853162,-0,0.884284616,9,2.13013315,0.177927643,0.00454275776,1
247024484,1.55999994,0.0191189256,0.123490334,0.770862818,0,0.849376202,9,2.12264252,0.177927643,-0.0122784637,1
247144436,1.55999994,0.0150182378,0.123818971,0.770860195,0,0.810224175,9,2.12829137,0.177927643,-0.000727613398,1
247264388,1.55999994,0.0137134315,0.123923548,0.770862818,0,0.798304975,9,2.13008904,0.177927643,-0.00300442497,1
247384340,1.51999998,0.0194255766,0.121151701,0.756593704,-0,0.815485418,9,2.08244419,0.177927643,-0.0372987166,1
247505125,1.51999998,0.0152938198,0.120721966,0.751893878,-0,0.838730752,9,2.07505774,0.177927643,-0.00521142082,1
247625077,1.55999994,0.00967497565,0.121938311,0.756627321,0,0.851923168,9,2.09596515,0.177927643,0.0373612046,1
247745029,1.55999994,0.0133197224,0.12361639,0.768770814,0,0.922906935,9,2.12480927,0.177927643,0.0159356687,1
247864981,1.51999998,0.0141603285,0.121860124,0.75836122,-0,1.00675392,9,2.09462118,0.177927643,-0.0190306269,1
247984933,1.51999998,0.0146610402,0.120814703,0.752163291,-0,1.10486388,9,2.07665157,0.177927643,0.00266193575,1
248104885,1.55999994,0.0181468371,0.122946031,0.767015576,0,1.17656922,9,2.11328673,0.177927643,0.0088613769,1
248224837,1.51999998,0.0161691904,0.120899998,0.753422678,-0,1.22913992,9,2.07811785,0.177927643,0.000903375214,1
248344789,1.55999994,0.0195420645,0.121821322,0.760774434,0,1.25345671,9,2.09395432,0.177927643,0.013539942,1
248464741,1.51999998,0.0169557165,0.121445924,0.757178247,-0,1.18244267,9,2.08750153,0.177927643,-0.016376581,1
248584693,1.55999994,0.0164488815,0.122957572,0.766256452,0,1.15625226,9,2.11348486,0.177927643,0.0162262972,1
248704645,1.51999998,0.0123684714,0.12136361,0.754407287,-0,1.1885519,9,2.08608675,0.177927643,-0.00792764872,1
248824597,1.51999998,0.0134990681,0.122671708,0.763029337,-0,1.21966815,9,2.10857129,0.177927643,-0.0069855731,1
248944549,1.55999994,0.0131266089,0.122563981,0.762191832,0,1.26597774,9,2.10671973,0.177927643,0.0339600705,1
249064501,1.51999998,0.0178522989,0.121407598,0.757396638,-0,1.32482171,9,2.08684301,0.177927643,-0.0194511935,1
249184453,1.55999994,0.0175272916,0.122876063,0.766287804,0,1.37175119,9,2.11208391,0.177927643,0.0158562958,1
249304405,1.51999998,0.0187585261,0.120852217,0.754409373,-0,1.41306567,9,2.0772965,0.177927643,-0.0242501628,1
249424357,1.55999994,0.0129342163,0.123594746,0.768444598,0,1.47383595,9,2.12443709,0.177927643,0.0104499673,1
249545142,1.55999994,0.0149570191,0.123766474,0.770498991,0,1.52505541,9,2.12738895,0.177927643,0.00768485432,1
249665094,1.55999994,0.0179353561,0.123576753,0.77080822,0,1.54848266,9,2.12412786,0.177927643,-0.00451278454,1
249785046,1.55999994,0.0183248501,0.123552725,0.770846248,0,1.39271307,9,2.12371492,0.177927643,-0.00621443661,1
249904998,1.55999994,0.0204801876,0.123381048,0.770863354,0,1.23372436,9,2.12076402,0.177927643,-0.00191845954,1
250024950,1.55999994,0.0120891137,0.124053679,0.770859063,0,1.09288526,9,2.13232565,0.177927643,0.0118612936,1
250144902,1.55999994,0.0166889001,0.123685054,0.770854414,0,1.02048492,9,2.12598944,0.177927643,0.012547574,1
250264854,1.55999994,0.0157709196,0.123758622,0.770863235,0,0.986577332,9,2.12725401,0.177927643,0.0104128625,1
250384806,1.5999999,0.0120285898,0.126372591,0.78512454,0,1.02981687,9,2.17218494,0.177927643,0.0254126154,1
250504758,1.55999994,0.0179392509,0.124101587,0.774040222,-0,1.12808025,9,2.13314915,0.177927643,-0.0124536939,1
250624710,1.55999994,0.0121416608,0.124125279,0.771327972,-0,1.21195054,9,2.13355637,0.177927643,0.00826822128,1
250744662,1.5999999,0.0147678023,0.125365183,0.780262172,0,1.27148581,9,2.1548686,0.177927643,0.0378067568,1
250864614,1.5999999,0.0137291867,0.126881585,0.789110124,0,1.28546047,9,2.18093371,0.177927643,0.0141410055,1
250984566,1.55999994,0.0144007597,0.124723949,0.77613467,-0,1.13871551,9,2.14384675,0.177927643,-0.01549026,1
251104518,1.5999999,0.0191528499,0.126171246,0.78740108,0,1.11114955,9,2.16872382,0.177927643,0.0138829285,1
251224470,1.5999999,0.0141086886,0.127020955,0.790148675,0,1.12202013,9,2.18332934,0.177927643,0.00539212162,1
251344422,1.5999999,0.0215196572,0.126492366,0.790548384,0,1.09024751,9,2.17424345,0.177927643,-0.0183670763,1
251464374,1.5999999,0.0187346749,0.126725152,0.790617168,0,1.08473217,9,2.17824507,0.177927643,-0.00282128854,1
251584326,1.5999999,0.0185827687,0.126738727,0.790617347,0,1.01321626,9,2.17847824,0.177927643,-0.00349230063,1
251705111,1.55999994,0.0172232147,0.124289744,0.774857104,-0,1.04209614,9,2.1363833,0.177927643,-0.0234876797,1
251825063,1.43999994,0.014119708,0.117637396,0.732302904,-0,1.1873858,9,2.02203798,0.177927643,-0.0454429686,1
251945015,1.36000001,0.011032369,0.11198464,0.69592458,-0,1.30632162,9,1.92487419,0.177927643,-0.0573547296,1
252064967,1.31999993,0.0158819761,0.106311701,0.663344085,-0,1.38831151,9,1.82736349,0.177927643,-0.0411466584,1
252184919,1.24000001,0.0124749392,0.10042394,0.625347257,-0,1.43755615,9,1.72616029,0.177927643,-0.0340974219,1
252304871,1.19999993,0.0187590476,0.0956155881,0.598813832,-0,1.48464513,9,1.64351082,0.177927643,-0.0333591551,1
252424823,1.07999992,0.015224237,0.0905993581,0.566135347,-0,1.52655315,9,1.55728829,0.177927643,-0.0664755777,1
252544775,1.03999996,0.0170010328,0.0844489411,0.529095709,-0,1.54454195,9,1.45157039,0.177927643,-0.0476132147,1
252664727,1,0.018296862,0.0802654326,0.50393635,-0,1.39097714,9,1.37966108,0.177927643,-0.0328159556,1
252784679,0.959999979,0.0161774363,0.0767652243,0.481311709,-0,1.23218656,9,1.31949699,0.177927643,-0.0266181156,1
252904631,0.879999995,0.015428503,0.0707491487,0.443844318,-0,1.21121716,9,1.21608818,0.177927643,-0.0302518159,1
253024583,0.75999999,0.017347265,0.0642213449,0.404546201,-0,1.25173283,9,1.10388362,0.177927643,-0.0707469806,1
253144535,0.719999969,0.0153375762,0.0588541329,0.370461136,-0,1.28344667,9,1.01162803,0.177927643,-0.0393502302,1
