time_us,in_ms,in_dr,in_gs,in_yr,in_rv,in_ig,out_out,out_tgt,out_act,out_P,out_I,out_D,out_F
97024508,97024,-2.41333318,27.7958755,-0.0204794053,0,0,-8,-2.41333318,-1.17338347,-0.0840453506,0,-0.000892182405,-0
97044500,97044,-2.41333318,27.7988262,-0.0223947763,0,0,-8,-2.41333318,-1.28312612,-0.0840364322,-0.000197441695,-0.00081313285,-0
97064492,97064,-2.41333318,27.7994576,-0.0176658779,0,-0.000197441695,-8,-2.41333318,-1.01218021,-0.0840345249,-0.000442205259,-0.0010080433,-0
97084484,97084,-2.41333318,27.8011494,-0.0101769436,0,-0.000442205259,-8,-2.41333318,-0.583095908,-0.0840294063,-0.000761885429,-0.00131666299,-0
97104476,97104,-2.41333318,27.7996902,-0.00666121207,0,-0.000761885429,-8,-2.41333318,-0.381659329,-0.0840338171,-0.00111678697,-0.00146165222,-0
97124468,97124,-1.55999994,27.7944508,-0.00741955824,0,-0.00111678697,-5,-1.55999994,-0.425109357,-0.0543304458,-0.00131510932,-0.000816631014,-0
97144460,97144,-1.55999994,27.7858925,-0.00821522251,0,-0.00131510932,-5,-1.55999994,-0.470697552,-0.0543471836,-0.00150558236,-0.000784068659,-0
97164452,97164,-1.55999994,27.7741261,-0.00954804383,0,-0.00150558236,-5,-1.55999994,-0.547062576,-0.0543702058,-0.00168285251,-0.000729410734,-0
97184444,97184,-1.55999994,27.7605171,-0.00996464118,0,-0.00168285251,-5,-1.55999994,-0.570931852,-0.0543968603,-0.00185611518,-0.000712571782,-0
97204436,97204,-1.55999994,27.7421474,-0.0111330859,0,-0.00185611518,-5,-1.55999994,-0.637878776,-0.0544328801,-0.00201786426,-0.000664779975,-0
97224428,97224,-0.786666632,27.7183743,-0.0111672562,0,-0.00201786426,-2,-0.786666632,-0.639836609,-0.0274725985,-0.00204366376,-0.000105944178,-0
97244420,97244,-0.786666632,27.6924572,-0.0110450946,0,-0.00204366376,-2,-0.786666632,-0.632837296,-0.0274983086,-0.00207074382,-0.000111098365,-0
97264412,97264,-0.786666632,27.6616859,-0.0107891969,0,-0.00207074382,-2,-0.786666632,-0.618175387,-0.0275288988,-0.00210047094,-0.000121822821,-0
97284404,97284,-0.786666632,27.6236134,-0.0108259134,0,-0.00210047094,-2,-0.786666632,-0.620279133,-0.0275668409,-0.00212990795,-0.000120467579,-0
97304396,97304,-0.786666632,27.5818844,-0.0097681433,0,-0.00212990795,-2,-0.786666632,-0.559673369,-0.0276085474,-0.00217018882,-0.000164595898,-0
97324388,97324,-0.133333325,27.5346565,-0.00340355001,0,-0.00217018882,0,-0.133333325,-0.195009038,-0.00468744105,-0.00215920666,4.47986022e-05,-0
97344380,97344,-0.133333325,27.4811707,0.0053494107,0,-0.00215920666,0,-0.133333325,0.306498647,-0.00469656382,-0.00223782985,-0.000320096937,-0
97364372,97364,-0.133333325,27.4229774,0.00967465341,0,-0.00223782985,0,-0.133333325,0.554316759,-0.00470653037,-0.00236127456,-0.00050151383,-0
97384364,97384,-0.133333325,27.3602009,0.0132984221,0,-0.00236127456,0,-0.133333325,0.7619434,-0.00471732905,-0.00252273004,-0.00065443723,-0
97404356,97404,-0.133333325,27.2914238,0.0175707377,0,-0.00252273004,0,-0.133333325,1.00672901,-0.00472921738,-0.00272936793,-0.000835472951,-0
97424348,97424,0.359999985,27.2167473,0.016404679,0,-0.00272936793,0,0.359999985,0.939918816,0.0128039224,-0.00283505674,-0.00042614853,0
97444340,97444,0.359999985,27.1370621,0.0160578731,0,-0.00283505674,0,0.359999985,0.920048296,0.012841519,-0.00293772435,-0.000412755297,0
97464332,97464,0.359999985,27.0507469,0.0146516934,0,-0.00293772435,0,0.359999985,0.839480162,0.0128824953,-0.00302618416,-0.000354504213,0
97484324,97484,0.359999985,26.9591599,0.0138955936,0,-0.00302618416,0,0.359999985,0.79615885,0.01292626,-0.00310719921,-0.000323570071,0
97504316,97504,0.359999985,26.8609238,0.0152909011,0,-0.00310719921,0,0.359999985,0.876104057,0.0129735339,-0.00320376642,-0.000384278741,0
97525141,97525,0.653333306,26.7581196,0.0155402422,0,-0.00320376642,2,0.653333306,0.890390217,0.0236350223,-0.00325069786,-0.000177185022,0
97545133,97545,0.653333306,26.6497097,0.0160357673,0,-0.00325069786,2,0.653333306,0.918781757,0.0237311702,-0.00330115575,-0.000199213027,0
97565125,97565,0.653333306,26.5361824,0.0177680627,0,-0.00330115575,2,0.653333306,1.01803493,0.0238326956,-0.00337107456,-0.000274871214,0
97585117,97585,0.653333306,26.4170532,0.0182252601,0,-0.00337107456,2,0.653333306,1.04423046,0.0239401702,-0.00344669307,-0.000295943028,0
97605109,97605,0.653333306,26.2881813,0.0194605999,0,-0.00344669307,2,0.653333306,1.11501014,0.0240575317,-0.00353688141,-0.000351242867,0
97625101,97625,0.799999952,26.1604824,0.0197522603,0,-0.00353688141,2,0.799999952,1.13172114,0.0296019968,-0.0036023173,-0.000253604783,0
97645093,97645,0.799999952,26.0317345,0.0193803348,0,-0.0036023173,2,0.799999952,1.11041129,0.0297484007,-0.00366415665,-0.000238486842,0
97665085,97665,0.799999952,25.900116,0.0183444247,0,-0.00366415665,2,0.799999952,1.05105805,0.0298995767,-0.00371468137,-0.000193866392,0
97685077,97685,0.799999952,25.7663231,0.0172880013,0,-0.00371468137,2,0.799999952,0.990529478,0.0300548319,-0.00375342416,-0.000147890358,0
97705069,97705,0.799999952,25.6305084,0.0159353521,0,-0.00375342416,2,0.799999952,0.913028359,0.0302140918,-0.00377665181,-8.81983287e-05,0
97725061,97725,0.839999974,25.4933395,0.0146580637,0,-0.00377665181,2,0.839999974,0.839845121,0.031895496,-0.00377661968,1.21484959e-07,0
97745053,97745,0.839999974,25.3550911,0.0129664587,0,-0.00377661968,2,0.839999974,0.742923319,0.0320694074,-0.00375623442,7.65736986e-05,0
97765045,97765,0.839999974,25.2161331,0.0119092502,0,-0.00375623442,2,0.839999974,0.682349741,0.0322461277,-0.00372276315,0.000125039165,0
97785037,97785,0.839999974,25.0768147,0.0108726341,0,-0.00372276315,2,0.839999974,0.622956038,0.0324252807,-0.00367616839,0.000173103283,0
97805029,97805,0.839999974,24.9375496,0.00996493548,0,-0.00367616839,2,0.839999974,0.57094872,0.0326063596,-0.00361776189,0.000215780019,0
97825021,97825,0.826666653,24.7986317,0.00866845064,0,-0.00361776189,2,0.826666653,0.496665597,0.032268554,-0.00354531943,0.000266144576,0
97845013,97845,0.826666653,24.6612453,0.00733163813,0,-0.00354531943,2,0.826666653,0.4200719,0.0324483216,-0.00345506566,0.000329743867,0
97865005,97865,0.826666653,24.5248413,0.00648228591,0,-0.00345506566,2,0.826666653,0.371407598,0.0326287933,-0.00335288234,0.000371263566,0
97884997,97884,0.826666653,24.3896694,0.00559415435,0,-0.00335288234,2,0.826666653,0.320521414,0.0328096263,-0.00324375811,0.000415048853,0
97904989,97904,0.826666653,24.2561836,0.00474501681,0,-0.00324375811,3,0.826666653,0.271869421,0.0329901837,-0.00311645959,0.000457448041,0
97924981,97924,0.839999974,24.1247005,0.00411971938,0,-0.00311645959,3,0.839999974,0.236042514,0.0337049849,-0.00297636655,0.000500696304,0
97944973,97944,0.839999974,23.9955997,0.00335555198,0,-0.00297636655,3,0.839999974,0.192258954,0.0338863246,-0.00282449648,0.000539883156,0
97964965,97964,0.839999974,23.869194,0.00279180612,0,-0.00282449648,3,0.839999974,0.159958705,0.0340657793,-0.00266335998,0.000569806667,0
97984957,97984,0.839999974,23.7458,0.00227913214,0,-0.00266335998,3,0.839999974,0.130584642,0.0342428014,-0.00249351189,0.000597508042,0
98004949,98004,0.839999974,23.6257496,0.00185127289,0,-0.00249351189,3,0.839999974,0.106070116,0.0344167985,-0.00231600413,0.000621296582,0
98024941,98024,0.879999936,23.5093346,0.00163546612,0,-0.00231600413,3,0.879999936,0.093705304,0.0362342373,-0.00212394353,0.000668921217,0
98044933,98044,0.879999936,23.3975735,0.00127585197,0,-0.00212394353,3,0.879999936,0.0731009319,0.0364073105,-0.00192496262,0.000689728768,0
98064925,98064,0.879999936,23.2896996,0.00114200567,0,-0.00192496262,3,0.879999936,0.0654321015,0.0365759432,-0.00172222545,0.000699508993,0
98084917,98084,0.879999936,23.1858749,0.00119064585,0,-0.00172222545,3,0.879999936,0.0682189763,0.0367397293,-0.00151836837,0.000700237521,0
98104909,98104,0.879999936,23.0861073,0.00129192928,0,-0.00151836837,3,0.879999936,0.0740220919,0.0368985012,-0.00131421548,0.000698236225,0
98124901,98124,0.973333299,22.990509,0.00156983337,0,-0.00131421548,4,0.973333299,0.0899448246,0.0409816839,-0.0010885899,0.000768480939,0
98144893,98144,0.973333299,22.8989449,0.00193970464,0,-0.0010885899,4,0.973333299,0.111136883,0.0411455519,-0.000866612303,0.000753044616,0
98164885,98164,0.973333299,22.8112946,0.00244995859,0,-0.000866612303,4,0.973333299,0.140372276,0.0413036533,-0.000650510367,0.000730305794,0
98184877,98184,0.973333299,22.7273998,0.00292366021,0,-0.000650510367,4,0.973333299,0.167513385,0.0414561182,-0.000439903612,0.000709117565,0
98204869,98204,0.973333299,22.6470585,0.00344318803,0,-0.000439903612,4,0.973333299,0.197280139,0.0416031815,-0.000235634958,0.000685345673,0
98224861,98224,1.13333333,22.5700188,0.00413284823,0,-0.000235634958,4,1.13333333,0.236794755,0.0486074127,1.96092878e-06,0.000794450869,0
98244853,98244,1.13333333,22.4970589,0.004735291,0,1.96092878e-06,4,1.13333333,0.271312177,0.0487650484,0.000231893369,0.000766341167,0
98264845,98264,1.13333333,22.4266815,0.0052515273,0,0.000231893369,5,1.13333333,0.300890326,0.0489180796,0.000455331989,0.0007423684,0
98284837,98284,1.13333333,22.3584919,0.00584226334,0,0.000455331989,5,1.13333333,0.334737003,0.04906727,0.000670995214,0.000714356138,0
98304829,98304,1.13333333,22.2921314,0.00648961216,0,0.000670995214,5,1.13333333,0.371827364,0.0492133386,0.000877868268,0.000683206017,0
98324821,98324,1.34666669,22.2272072,0.00710884249,0,0.000877868268,6,1.34666669,0.407306641,0.0586478375,0.00113455066,0.000845234375,0
98344813,98344,1.34666669,22.1632786,0.00764829665,0,0.00113455066,6,1.34666669,0.438215107,0.0588170029,0.00138422137,0.000819780806,0
98364805,98364,1.34666669,22.0999374,0.00818588119,0,0.00138422137,6,1.34666669,0.469016433,0.0589855798,0.00162681157,0.000794255873,0
98384797,98384,1.34666669,22.0368004,0.00883139297,0,0.00162681157,6,1.34666669,0.506001532,0.0591545813,0.00186051219,0.000762964832,0
98404789,98404,1.34666669,21.9735279,0.00952463597,0,0.00186051219,6,1.34666669,0.545721412,0.0593249127,0.00208445499,0.000729009276,0
98424781,98424,1.58666658,21.9098034,0.0101830708,0,0.00208445499,7,1.58666658,0.58344692,0.0701009631,0.00236658729,0.000915772282,0
98444773,98444,1.58666658,21.8452892,0.0107380711,0,0.00236658729,7,1.58666658,0.615246117,0.0703079924,0.00264139287,0.000889363815,0
98464765,98464,1.58666658,21.7789249,0.011359293,0,0.00264139287,7,1.58666658,0.650839508,0.0705222338,0.00290774531,0.000859387801,0
98484757,98484,1.58666658,21.7113914,0.0118849268,0,0.00290774531,7,1.58666658,0.680956125,0.0707415864,0.00316713215,0.000834318169,0
98504749,98504,1.58666658,21.6425667,0.0124391131,0,0.00316713215,7,1.58666658,0.712708652,0.0709665492,0.00341901975,0.000807628676,0
98524741,98524,1.80000007,21.572298,0.0128838997,0,0.00341901975,8,1.80000007,0.738193035,0.0807705298,0.00372704514,0.000984417158,0
98544733,98544,1.80000007,21.5005188,0.0132974684,0,0.00372704514,8,1.80000007,0.761888802,0.0810401812,0.0040302109,0.000965661544,0
98564725,98564,1.80000007,21.4272499,0.0135054113,0,0.0040302109,8,1.80000007,0.773803055,0.0813172907,0.0043319501,0.000957842916,0
98584717,98584,1.80000007,21.3524323,0.0138544962,0,0.0043319501,8,1.80000007,0.793804109,0.0816022232,0.00462988531,0.000942464976,0
98604709,98604,1.80000007,21.2761345,0.013896022,0,0.00462988531,8,1.80000007,0.796183348,0.0818948522,0.0049292515,0.000943608175,0
98624701,98624,1.97333336,21.1984768,0.0140332002,0,0.0049292515,9,1.97333336,0.804043114,0.090109922,0.00528052635,0.00110318325,0
98644693,98644,1.97333336,21.1194954,0.0139940055,0,0.00528052635,9,1.97333336,0.80179739,0.0904469118,0.00563511299,0.00110943557,0
98664685,98664,1.97333336,21.0386086,0.0140324049,0,0.00563511299,9,1.97333336,0.803997517,0.0907946527,0.00599176064,0.00111160951,0
98684677,98684,1.97333336,20.9566593,0.0138967484,0,0.00599176064,9,1.97333336,0.796225011,0.0911496952,0.00635359203,0.00112337398,0
98704669,98704,1.97333336,20.8738136,0.0137005225,0,0.00635359203,9,1.97333336,0.784982085,0.0915114507,0.00672178483,0.00113860483,0
98724661,98724,2.09333324,20.7902756,0.0136041697,0,0.00672178483,10,2.09333324,0.779461443,0.0974664018,0.00713214604,0.00126392918,0
98744653,98744,2.09333324,20.706131,0.0132699106,0,0.00713214604,10,2.09333324,0.760309815,0.0978624821,0.00755187962,0.00128756405,0
98764645,98764,2.09333324,20.6215115,0.0129147321,0,0.00755187962,10,2.09333324,0.739959598,0.0982640535,0.00798152573,0.00131258427,0
98784637,98784,2.09333324,20.5365543,0.0126097482,0,0.00798152573,10,2.09333324,0.722485304,0.0986705646,0.00842032675,0.00133503205,0
98804629,98804,2.09333324,20.4513626,0.012178909,0,0.00842032675,10,2.09333324,0.69780004,0.0990815833,0.00887075905,0.00136473367,0
98824621,98824,2.20000005,20.3661366,0.011782988,0,0.00887075905,11,2.20000005,0.675115466,0.10456609,0.00936706923,0.00149747054,0
98844613,98844,2.20000005,20.2809162,0.0113678211,0,0.00936706923,11,2.20000005,0.651328146,0.105005473,0.00987536646,0.00152722083,0
98864605,98864,2.20000005,20.1953678,0.0109674167,0,0.00987536646,11,2.20000005,0.628386676,0.10545028,0.0103955735,0.00155640976,0
98884597,98884,2.20000005,20.1100426,0.0105739906,0,0.0103955735,11,2.20000005,0.605844975,0.105897702,0.0109277284,0.00158543186,0
98904589,98904,2.20000005,20.0250683,0.0101749497,0,0.0109277284,11,2.20000005,0.582981646,0.106347062,0.0114721069,0.00161499425,0
98924581,98924,2.29333329,19.940506,0.00981471594,0,0.0114721069,12,2.29333329,0.56234175,0.11132887,0.0120598078,0.00173615618,0
98944573,98944,2.29333329,19.8563976,0.00936113484,0,0.0120598078,12,2.29333329,0.536353469,0.111800447,0.0126613965,0.00176968647,0
98964565,98964,2.29333329,19.7728462,0.00915309507,0,0.0126613965,12,2.29333329,0.524433672,0.112272859,0.0132721961,0.00178922096,0
98984557,98984,2.29333329,19.6899452,0.00894337147,0,0.0132721961,12,2.29333329,0.512417436,0.112745568,0.013892334,0.00180895964,0
99004549,99004,2.29333329,19.6077271,0.00890721567,0,0.013892334,12,2.29333329,0.510345817,0.113218322,0.0145184109,0.00181865797,0
99024541,99024,2.41333318,19.5263081,0.00886244886,0,0.0145184109,13,2.41333318,0.50778091,0.119639322,0.0151931169,0.00195177936,0
99044533,99044,2.41333318,19.445734,0.00900901482,0,0.0151931169,13,2.41333318,0.516178489,0.120135054,0.0158704277,0.00195122964,0
99064525,99064,2.41333318,19.365839,0.00914426427,0,0.0158704277,13,2.41333318,0.523927748,0.120630667,0.0165505484,0.00195127667,0
99084517,99084,2.41333318,19.2869835,0.00935305096,0,0.0165505484,14,2.41333318,0.535890341,0.12112388,0.0172319002,0.00194684963,0
99104509,99104,2.41333318,19.2092113,0.00962323695,0,0.0172319002,14,2.41333318,0.551370859,0.12161427,0.017913118,0.00193861395,0
99124501,99124,2.54666662,19.1326237,0.00992391072,0,0.017913118,14,2.54666662,0.568598151,0.128847003,0.0186426193,0.00206774403,0
99144493,99144,2.54666662,19.0572758,0.0102864131,0,0.0186426193,15,2.54666662,0.589368045,0.129356444,0.0193701796,0.00205412181,0
99164485,99164,2.54666662,18.9832458,0.0107262395,0,0.0193701796,15,2.54666662,0.614568233,0.129860893,0.0200939849,0.00203558267,0
99184477,99184,2.54666662,18.9106159,0.0112371547,0,0.0200939849,15,2.54666662,0.643841505,0.13035965,0.0208123103,0.00201244117,0
99204469,99204,2.54666662,18.8394146,0.0117795495,0,0.0208123103,15,2.54666662,0.674918413,0.130852327,0.0215242561,0.00198705541,0
99224461,99224,2.69333339,18.769722,0.0123671014,0,0.0215242561,16,2.69333339,0.708582699,0.138902187,0.0222848002,0.00211484288,0
99244453,99244,2.69333339,18.7015724,0.0129441293,0,0.0222848002,16,2.69333339,0.741643965,0.13940835,0.0230381358,0.00208719284,0
99264445,99264,2.69333339,18.6351299,0.013666586,0,0.0230381358,16,2.69333339,0.783037663,0.139905393,0.0237807613,0.00205020909,0
99284437,99284,2.69333339,18.5702629,0.0143783558,0,0.0237807613,16,2.69333339,0.823819041,0.140394092,0.0245126188,0.00201344956,0
99304429,99304,2.69333339,18.5070286,0.015200749,0,0.0245126188,16,2.69333339,0.870938718,0.14087379,0.0252309144,0.00196940801,0
99324421,99324,2.85333323,18.4453754,0.0160773788,0,0.0252309144,17,2.85333323,0.921165884,0.149741367,0.0259975754,0.00209501525,0
99344413,99344,2.85333323,18.3852539,0.0169616304,0,0.0259975754,17,2.85333323,0.971829772,0.150231048,0.0267490242,0.00204675272,0
99364405,99364,2.85333323,18.3266563,0.0177323241,0,0.0267490242,18,2.85333323,1.01598728,0.150711387,0.0274875369,0.00200510747,0
99384397,99384,2.85333323,18.2694778,0.0187098198,0,0.0274875369,18,2.85333323,1.07199371,0.151183069,0.0282080267,0.00195007154,0
99404389,99404,2.85333323,18.2136345,0.0194751211,0,0.0282080267,18,2.85333323,1.11584222,0.151646614,0.0289150979,0.00190790137,0
99424381,99424,3.02666664,18.1590767,0.02027498,0,0.0289150979,19,3.02666664,1.16167068,0.16134207,0.0296786241,0.00205406477,0
99444373,99444,3.02666664,18.1056747,0.0211413708,0,0.0296786241,19,3.02666664,1.21131122,0.161817938,0.0304262191,0.00200528884,0
99464365,99464,3.02666664,18.0537434,0.0219099149,0,0.0304262191,19,3.02666664,1.25534558,0.162283406,0.0311598815,0.00196227571,0
99484357,99484,3.02666664,18.0026569,0.0228573289,0,0.0311598815,19,3.02666664,1.30962837,0.162743926,0.0318751037,0.00190753874,0
99504349,99504,3.02666664,17.9523182,0.0234929621,0,0.0318751037,19,3.02666664,1.34604752,0.163200244,0.0325790867,0.00187231414,0
99524341,99524,3.18666649,17.9025173,0.0242665596,0,0.0325790867,20,3.18666649,1.39037132,0.172305569,0.0333357155,0.00200675149,0
99544333,99544,3.18666649,17.8531361,0.0249812193,0,0.0333357155,20,3.18666649,1.4313184,0.172782153,0.0340791941,0.00196643104,0
99564325,99564,3.18666649,17.8040428,0.0257366039,0,0.0340791941,20,3.18666649,1.47459865,0.173258573,0.0348083451,0.0019232349,0
99584317,99584,3.18666649,17.7550659,0.0262202919,0,0.0348083451,21,3.18666649,1.50231194,0.173736513,0.0355296582,0.0018973226,0
99605142,99605,3.18666649,17.7060432,0.0267284457,0,0.0355296582,21,3.18666649,1.53142703,0.174217537,0.036278069,0.00186968874,0
99625134,99625,3.33333325,17.6568851,0.02727364,0,0.036278069,22,3.33333325,1.56266439,0.182743281,0.0370448008,0.00200564112,0
99645126,99645,3.33333325,17.6098309,0.0276377983,0,0.0370448008,22,3.33333325,1.58352911,0.183231577,0.0378065519,0.00198730384,0
99665118,99665,3.33333325,17.5622139,0.0280151777,0,0.0378065519,22,3.33333325,1.60515141,0.183728382,0.0385629758,0.0019680683,0
99685110,99685,3.33333325,17.511858,0.0282099973,0,0.0385629758,22,3.33333325,1.6163137,0.184256703,0.039318841,0.00196097931,0
99705102,99705,3.33333325,17.4628868,0.0283962972,0,0.039318841,22,3.33333325,1.62698793,0.184773415,0.0400742255,0.00195425353,0
99725094,99725,3.46666646,17.4131622,0.0284045935,0,0.0400742255,23,3.46666646,1.62746322,0.192713082,0.0408930816,0.00211242889,0
99745086,99745,3.46666646,17.3626595,0.0285307951,0,0.0408930816,23,3.46666646,1.6346941,0.193273619,0.0417134725,0.00211024377,0
99765078,99765,3.46666646,17.3113308,0.0284678135,0,0.0417134725,23,3.46666646,1.63108552,0.193846688,0.0425403602,0.00212066993,0
99785070,99785,3.46666646,17.2591343,0.0285219681,0,0.0425403602,23,3.46666646,1.63418829,0.194432929,0.0433708504,0.00212348788,0
99805062,99805,3.46666646,17.2061272,0.0284645185,0,0.0433708504,24,3.46666646,1.63089669,0.195031926,0.0442079678,0.00213385583,0
99825054,99825,3.5599997,17.1523247,0.0284736566,0,0.0442079678,24,3.5599997,1.63142025,0.200911015,0.0450929329,0.00224876753,0
99845046,99845,3.5599997,17.0997486,0.0282776374,0,0.0450929329,24,3.5599997,1.62018919,0.201528758,0.0459885336,0.00226881751,0
99865038,99865,3.5599997,17.0462818,0.0280290209,0,0.0459885336,25,3.5599997,1.60594451,0.20216085,0.0468963794,0.00229264679,0
99885030,99885,3.5599997,16.9920197,0.0278018564,0,0.0468963794,25,3.5599997,1.59292901,0.202806443,0.0478161164,0.00231528771,0
99905022,99905,3.5599997,16.937027,0.0275202971,0,0.0478161164,25,3.5599997,1.57679677,0.203464925,0.0487494282,0.00234185462,0
99925014,99925,3.6400001,16.8814068,0.0271670148,0,0.0487494282,26,3.6400001,1.55655515,0.208722621,0.0497363843,0.00246833102,0
99945006,99945,3.6400001,16.8252068,0.0266554095,0,0.0497363843,26,3.6400001,1.52724242,0.209419802,0.0507439263,0.00251141959,0
99964998,99964,3.6400001,16.7684822,0.0261682123,0,0.0507439263,26,3.6400001,1.49932802,0.210128233,0.05172031,0.0025532092,0
99984990,99984,3.6400001,16.71138,0.0255736448,0,0.05172031,26,3.6400001,1.46526182,0.210846215,0.0527715832,0.0026027034,0
100004982,100004,3.6400001,16.6539783,0.0251076184,0,0.0527715832,26,3.6400001,1.43856049,0.21157296,0.0538431145,0.00264374004,0
100024974,100024,3.70666671,16.5963612,0.0245059319,0,0.0538431145,27,3.70666671,1.40408635,0.216195911,0.0549716689,0.00277480157,0
100044966,100044,3.70666671,16.5401592,0.0237930287,0,0.0549716689,27,3.70666671,1.36324,0.216930524,0.0561280623,0.00283362065,0
100064958,100064,3.70666671,16.4837761,0.0232115593,0,0.0561280623,27,3.70666671,1.32992435,0.217672542,0.0573089346,0.00288373535,0
100084950,100084,3.70666671,16.4273129,0.0226024128,0,0.0573089346,27,3.70666671,1.29502285,0.218420714,0.058515396,0.00293613924,0
100104942,100104,3.70666671,16.3708496,0.0220486093,0,0.058515396,28,3.70666671,1.26329219,0.219174042,0.0597461797,0.00298503088,0
100124934,100124,3.79999995,16.3144531,0.0213967282,0,0.0597461797,28,3.79999995,1.22594213,0.22546953,0.061051771,0.00315555511,0
100144926,100144,3.79999995,16.2581711,0.0208132267,0,0.061051771,29,3.79999995,1.19251001,0.226250067,0.0623834915,0.0032076058,0
100164918,100164,3.79999995,16.2020645,0.0202831216,0,0.0623834915,29,3.79999995,1.16213715,0.227033541,0.0637400746,0.00325620547,0
100184910,100184,3.79999995,16.1461773,0.0198815521,0,0.0637400746,29,3.79999995,1.13912892,0.227819383,0.0651179776,0.00329597644,0
100204902,100204,3.79999995,16.0906029,0.0194415562,0,0.0651179776,29,3.79999995,1.11391902,0.228606239,0.0665185601,0.00333869504,0
100224894,100224,3.8933332,16.0353336,0.0191066489,0,0.0665185601,30,3.8933332,1.09473026,0.235028416,0.0679878891,0.00349054532,0
100244886,100244,3.8933332,15.9817781,0.0187779553,0,0.0679878891,30,3.8933332,1.07589757,0.235815987,0.0694770366,0.00352580985,0
100264878,100264,3.8933332,15.9285641,0.0185496695,0,0.0694770366,31,3.8933332,1.06281769,0.236603811,0.0709831119,0.0035540117,0
100284870,100284,3.8933332,15.8757277,0.0183780007,0,0.0709831119,31,3.8933332,1.05298185,0.237391278,0.0725044981,0.00357823144,0
100304862,100304,3.8933332,15.8232756,0.018333137,0,0.0725044981,31,3.8933332,1.05041134,0.238178179,0.0740373731,0.00359334121,0
100324854,100324,4.01333332,15.7712498,0.0183016397,0,0.0740373731,32,4.01333332,1.04860663,0.246329218,0.0756464824,0.00375966006,0
100344846,100344,4.01333332,15.719696,0.0184290186,0,0.0756464824,32,4.01333332,1.05590498,0.24713707,0.0772621781,0.00376270455,0
100364838,100364,4.01333332,15.6686668,0.0184642076,0,0.0772621781,33,4.01333332,1.05792117,0.247941911,0.0788873062,0.00377238472,0
100384830,100384,4.01333332,15.6181021,0.0187518299,0,0.0788873062,33,4.01333332,1.07440066,0.248744637,0.0805138573,0.00376349501,0
100404822,100404,4.01333332,15.5681076,0.0189522933,0,0.0805138573,33,4.01333332,1.08588636,0.249543458,0.082144469,0.00376082561,0
100424814,100424,4.15999985,15.5186701,0.0192751866,0,0.082144469,34,4.15999985,1.10438681,0.259487003,0.0838573352,0.00393798295,0
100444806,100444,4.15999985,15.4698029,0.0196594074,0,0.0838573352,34,4.15999985,1.12640107,0.260306686,0.0855686218,0.00392196188,0
100464798,100464,4.15999985,15.4211626,0.0202473197,0,0.0855686218,35,4.15999985,1.16008592,0.26112774,0.087271601,0.00389064569,0
100484790,100484,4.15999985,15.373105,0.0208529606,0,0.087271601,35,4.15999985,1.19478655,0.261944026,0.088965416,0.00385766313,0
100504782,100504,4.15999985,15.3256721,0.0216400344,0,0.088965416,35,4.15999985,1.23988259,0.262754768,0.0906438157,0.00381075288,0
100524774,100524,4.30666685,15.2788334,0.022382902,0,0.0906438157,36,4.30666685,1.28244579,0.272852451,0.0923927203,0.00395870628,0
100544766,100544,4.30666685,15.2325974,0.0232495256,0,0.0923927203,37,4.30666685,1.33209968,0.273680627,0.0941233709,0.00390552799,0
100564758,100564,4.30666685,15.1869793,0.0241567716,0,0.0941233709,37,4.30666685,1.38408101,0.274502724,0.0958340093,0.00384880486,0
100584750,100584,4.30666685,15.141902,0.0251028799,0,0.0958340093,37,4.30666685,1.43828905,0.275319904,0.0975229293,0.00378866214,0
100604742,100604,4.30666685,15.0973949,0.0260852054,0,0.0975229293,37,4.30666685,1.49457204,0.276131541,0.0991884843,0.00372527144,0
100624734,100624,4.44000006,15.0534086,0.0269099697,0,0.0991884843,39,4.44000006,1.54182756,0.285512358,0.100915074,0.00385051966,0
100644726,100644,4.44000006,15.009901,0.0278908033,0,0.100915074,39,4.44000006,1.5980252,0.286339939,0.102618009,0.00378679973,0
100664718,100664,4.44000006,14.966835,0.0288070682,0,0.102618009,39,4.44000006,1.6505233,0.287163854,0.104299121,0.00372754387,0
100684710,100684,4.44000006,14.924159,0.0296820253,0,0.104299121,39,4.44000006,1.70065463,0.287984997,0.105959475,0.00367102143,0
100704702,100704,4.44000006,14.8818264,0.0304258019,0,0.105959475,40,4.44000006,1.74326992,0.288804233,0.107603312,0.00362419244,0
100724694,100724,4.57333326,14.8397942,0.0312228948,0,0.107603312,41,4.57333326,1.78893995,0.298319608,0.109310217,0.00375260366,0
100744686,100744,4.57333326,14.7980185,0.0319707207,0,0.109310217,41,4.57333326,1.83178723,0.299161792,0.111000359,0.00370528805,0
100764678,100764,4.57333326,14.7564259,0.0326942801,0,0.111000359,41,4.57333326,1.87324417,0.300004989,0.112674333,0.00365954312,0
100784670,100784,4.57333326,14.7149696,0.033312723,0,0.112674333,41,4.57333326,1.90867829,0.300850183,0.114335664,0.00362169254,0
100804662,100804,4.57333326,14.673584,0.0339332446,0,0.114335664,42,4.57333326,1.94423163,0.301698714,0.11598409,0.00358344871,0
100824654,100824,4.66666651,14.6321888,0.0343650058,0,0.11598409,43,4.66666651,1.9689697,0.308726758,0.117685102,0.00368734519,0
100844646,100844,4.66666651,14.5907526,0.0348430201,0,0.117685102,43,4.66666651,1.99635792,0.309603512,0.119378425,0.0036602749,0
100864638,100864,4.66666651,14.5493279,0.0352788121,0,0.119378425,43,4.66666651,2.02132702,0.310485005,0.121065482,0.00363637321,0
100884630,100884,4.66666651,14.5077457,0.03558404,0,0.121065482,43,4.66666651,2.03881526,0.311374933,0.122751005,0.00362268719,0
100904622,100904,4.66666651,14.4659243,0.0358050093,0,0.122751005,44,4.66666651,2.05147576,0.312275112,0.124438122,0.0036156564,0
100924614,100924,4.71999979,14.4238691,0.0360213779,0,0.124438122,44,4.71999979,2.06387281,0.316764861,0.12616165,0.00368296029,0
100944606,100944,4.71999979,14.3815145,0.0362214893,0,0.12616165,44,4.71999979,2.07533836,0.317697763,0.12788786,0.00367786223,0
100964598,100964,4.71999979,14.3388338,0.0363201238,0,0.12788786,45,4.71999979,2.0809896,0.318643391,0.129620656,0.00368092698,0
100984590,100984,4.71999979,14.2957926,0.0363270156,0,0.129620656,45,4.71999979,2.08138466,0.319602758,0.131363645,0.00369145651,0
101004582,101004,4.71999979,14.2523775,0.0362501107,0,0.131363645,45,4.71999979,2.07697821,0.32057634,0.133120194,0.00370888528,0
101024574,101024,4.75999975,14.2086325,0.0361894518,0,0.133120194,46,4.75999975,2.07350278,0.324288428,0.134916648,0.00378149957,0
101044566,101044,4.75999975,14.1645412,0.0362493508,0,0.134916648,46,4.75999975,2.07693458,0.325297862,0.136721998,0.00378842489,0
101064558,101064,4.75999975,14.1203384,0.0360432528,0,0.136721998,46,4.75999975,2.06512618,0.326316208,0.138546661,0.00381700974,0
101084550,101084,4.75999975,14.0757818,0.0358586498,0,0.138546661,47,4.75999975,2.05454922,0.327349156,0.140390098,0.00384412124,0
101104542,101104,4.75999975,14.0308733,0.0355353728,0,0.140390098,47,4.75999975,2.03602672,0.328396916,0.142258063,0.0038828277,0
101124534,101124,4.75999975,13.9856901,0.0352552347,0,0.142258063,47,4.75999975,2.01997614,0.329457849,0.144149184,0.0039183246,0
101144526,101144,4.75999975,13.9402266,0.0349734053,0,0.144149184,48,4.75999975,2.00382853,0.330532283,0.146063879,0.00395427039,0
101164518,101164,4.75999975,13.8945427,0.0346376076,0,0.146063879,48,4.75999975,1.98458862,0.331619054,0.148004636,0.00399496593,0
101184510,101184,4.75999975,13.8486757,0.0341322124,0,0.148004636,48,4.75999975,1.95563161,0.332717359,0.149978653,0.00405001594,0
101204502,101204,4.75999975,13.8026943,0.0336859785,0,0.149978653,48,4.75999975,1.93006432,0.333825767,0.151983961,0.00410055555,0
101224494,101224,4.75999975,13.7566185,0.0331254937,0,0.151983961,49,4.75999975,1.89795089,0.334943861,0.154025644,0.00416097743,0
101244486,101244,4.75999975,13.7105408,0.0325313471,0,0.154025644,49,4.75999975,1.86390877,0.336069554,0.156105518,0.00422461983,0
101264478,101264,4.75999975,13.6648188,0.0319283865,0,0.156105518,49,4.75999975,1.82936168,0.337193996,0.158224314,0.00428931834,0
101284470,101284,4.75999975,13.6191483,0.0313496403,0,0.158224314,50,4.75999975,1.79620194,0.338324755,0.160381481,0.00435239822,0
101304462,101304,4.75999975,13.573617,0.0308240149,0,0.160381481,50,4.75999975,1.76608586,0.339459628,0.1625752,0.00441137236,0
101324454,101324,4.77333307,13.528265,0.0302573964,0,0.1625752,51,4.77333307,1.733621,0.341551691,0.164817438,0.00449386844,0
101344446,101344,4.77333307,13.4831438,0.0296041258,0,0.164817438,51,4.77333307,1.69619131,0.34269467,0.167102501,0.00456442777,0
101364438,101364,4.77333307,13.4382496,0.0290399659,0,0.167102501,51,4.77333307,1.66386735,0.343839556,0.169427022,0.00462778332,0
101384430,101384,4.77333307,13.3936758,0.0284728613,0,0.169427022,52,4.77333307,1.63137472,0.344983846,0.171791494,0.00469170418,0
101404422,101404,4.77333307,13.3494444,0.0279286895,0,0.171791494,52,4.77333307,1.600196,0.346126884,0.17419529,0.00475396123,0
101424414,101424,4.79999971,13.3056059,0.0274665542,0,0.17419529,53,4.79999971,1.57371759,0.349207312,0.176655471,0.00484950794,0
101444406,101444,4.79999971,13.2621803,0.0269465335,0,0.176655471,53,4.79999971,1.54392254,0.350350767,0.179154664,0.00491032004,0
101464398,101464,4.79999971,13.2196112,0.0265345648,0,0.179154664,53,4.79999971,1.52031851,0.351478934,0.181688204,0.00496184221,0
101484390,101484,4.79999971,13.177496,0.0261913463,0,0.181688204,54,4.79999971,1.50065351,0.352602243,0.18425326,0.0050075464,0
101504382,101504,4.79999971,13.1358404,0.0258780066,0,0.18425326,54,4.79999971,1.48270047,0.353720397,0.186848655,0.00505076023,0
101524374,101524,4.853333,13.0946789,0.0255630948,0,0.186848655,55,4.853333,1.46465731,0.358774871,0.189516589,0.00517565245,0
101544366,101544,4.853333,13.0540352,0.0253628828,0,0.189516589,55,4.853333,1.45318604,0.359891921,0.192210242,0.00520934211,0
101564358,101564,4.853333,13.0139008,0.0252032094,0,0.192210242,56,4.853333,1.44403744,0.361001849,0.194927827,0.0052394676,0
101584350,101584,4.853333,12.9742718,0.0249732509,0,0.194927827,56,4.853333,1.43086183,0.362104475,0.197672606,0.00527578127,0
101604342,101604,4.853333,12.935194,0.0249669962,0,0.197672606,56,4.853333,1.43050349,0.363198429,0.200434282,0.00529227406,0
101624334,101624,4.94666624,12.8966618,0.0250581466,0,0.200434282,58,4.94666624,1.43572593,0.371288985,0.20328401,0.00544472691,0
101644326,101644,4.94666624,12.8586597,0.0251210965,0,0.20328401,58,4.94666624,1.43933272,0.372386307,0.206147656,0.00545520848,0
101664318,101664,4.94666624,12.821784,0.0252327882,0,0.206147656,58,4.94666624,1.44573224,0.373457283,0.209022537,0.00546091562,0
101684310,101684,4.94666624,12.785428,0.0255549457,0,0.209022537,59,4.94666624,1.46419048,0.374519229,0.21189855,0.00544756977,0
101705135,101705,4.94666624,12.7495785,0.025797464,0,0.21189855,59,4.94666624,1.47808576,0.375572324,0.214923263,0.00544109056,0
101725127,101725,5.03999996,12.7142477,0.0262289979,0,0.214923263,60,5.03999996,1.50281084,0.383721948,0.217877269,0.0055641341,0
101745119,101745,5.03999996,12.6794586,0.0268072151,0,0.217877269,61,5.03999996,1.53594017,0.384774774,0.220819682,0.00552714383,0
101765111,101765,5.03999996,12.6437168,0.0271728747,0,0.220819682,61,5.03999996,1.55689096,0.385862499,0.223761067,0.00550962845,0
101785103,101785,5.03999996,12.6099567,0.0278804284,0,0.223761067,61,5.03999996,1.59743083,0.386895537,0.226683795,0.00546008116,0
101805095,101805,5.03999996,12.5766888,0.028502183,0,0.226683795,62,5.03999996,1.63305473,0.387918979,0.229591608,0.00541787315,0
101825087,101825,5.14666653,12.5439253,0.0290139355,0,0.229591608,63,5.14666653,1.66237593,0.39716354,0.23258099,0.00555534335,0
101845079,101845,5.14666653,12.5134335,0.0297158044,0,0.23258099,63,5.14666653,1.70259011,0.398131311,0.235550284,0.00550460629,0
101865071,101865,5.14666653,12.4832716,0.030428296,0,0.235550284,64,5.14666653,1.74341285,0.39909327,0.238498583,0.00545250205,0
101885063,101885,5.14666653,12.4534464,0.0310750231,0,0.238498583,64,5.14666653,1.78046763,0.40004909,0.241428763,0.00540605187,0
101905055,101905,5.14666653,12.4239159,0.0317683555,0,0.241428763,65,5.14666653,1.82019258,0.400999963,0.24433814,0.00535495207,0
101925047,101925,5.26666641,12.3946619,0.0325150937,0,0.24433814,66,5.26666641,1.8629775,0.411318183,0.247329131,0.00549218524,0
101945039,101945,5.26666641,12.3656931,0.0331648514,0,0.247329131,66,5.26666641,1.90020585,0.412281752,0.250301272,0.00544483867,0
101965031,101965,5.26666641,12.3369665,0.0337765254,0,0.250301272,67,5.26666641,1.93525219,0.413241774,0.253256202,0.00540070236,0
101985023,101985,5.26666641,12.3084354,0.0344623663,0,0.253256202,67,5.26666641,1.97454798,0.41419965,0.256189823,0.00534936972,0
102005015,102005,5.26666641,12.2801151,0.0350740626,0,0.256189823,67,5.26666641,2.00959563,0.415154874,0.259105623,0.00530462572,0
102025007,102025,5.36000013,12.2519188,0.0355913006,0,0.259105623,69,5.36000013,2.0392313,0.423484445,0.262092143,0.0054208138,0
102044999,102044,5.36000013,12.2252855,0.0361400135,0,0.262092143,69,5.36000013,2.07067013,0.424407035,0.264914721,0.00538119115,0
102064991,102064,5.36000013,12.1986361,0.0367417783,0,0.264914721,69,5.36000013,2.10514879,0.425334185,0.267867565,0.00533641782,0
102084983,102084,5.36000013,12.1719046,0.0371564068,0,0.267867565,70,5.36000013,2.12890506,0.426268309,0.270811766,0.00530910352,0
102104975,102104,5.36000013,12.1450977,0.0376412645,0,0.270811766,70,5.36000013,2.15668559,0.427209198,0.27374354,0.00527507393,0
102124967,102124,5.42666626,12.1181688,0.0381099582,0,0.27374354,71,5.42666626,2.18353963,0.433483809,0.276724964,0.00535250222,0
102144959,102144,5.42666626,12.091095,0.0385505334,0,0.276724964,71,5.42666626,2.20878267,0.434454471,0.279696435,0.00532273343,0
102164951,102164,5.42666626,12.0638332,0.0388087519,0,0.279696435,72,5.42666626,2.2235775,0.435436279,0.282667637,0.00531023368,0
102184943,102184,5.42666626,12.0363798,0.0391238853,0,0.282667637,72,5.42666626,2.24163342,0.436429441,0.285635591,0.00529234344,0
102204935,102204,5.42666626,12.0086813,0.0393621884,0,0.285635591,73,5.42666626,2.25528717,0.437436074,0.288604468,0.00528181065,0
102224927,102224,5.4666667,11.9807596,0.0395334475,0,0.288604468,73,5.4666667,2.26509953,0.441687435,0.291615576,0.00534451474,0
102244919,102244,5.4666667,11.9538078,0.03955888,0,0.291615576,74,5.4666667,2.26655674,0.44268328,0.294638902,0.00535412598,0
102264911,102264,5.4666667,11.9264956,0.0395893045,0,0.294638902,74,5.4666667,2.26829982,0.443697065,0.297674447,0.00536346482,0
102284903,102284,5.4666667,11.8988304,0.0394569077,0,0.297674447,75,5.4666667,2.26071405,0.444728643,0.300731361,0.0053886855,0
102304895,102304,5.4666667,11.87082,0.0393372737,0,0.300731361,75,5.4666667,2.25385952,0.445778012,0.303809285,0.00541294878,0
102324887,102324,5.50666666,11.8424921,0.0391445123,0,0.303809285,76,5.50666666,2.24281526,0.450113952,0.306951076,0.00551210204,0
102344879,102344,5.50666666,11.8138676,0.038978152,0,0.306951076,76,5.50666666,2.23328352,0.451204568,0.310117334,0.0055415947,0
102364871,102364,5.50666666,11.7849417,0.0386075191,0,0.310117334,77,5.50666666,2.21204782,0.452312022,0.313319802,0.00559123466,0
102384863,102384,5.50666666,11.7557564,0.038314566,0,0.313319802,77,5.50666666,2.19526291,0.453434974,0.316554576,0.00563367177,0
102404855,102404,5.50666666,11.726306,0.0379726253,0,0.316554576,78,5.50666666,2.1756711,0.45457375,0.319824874,0.00568123581,0
102424847,102424,5.49333334,11.6966515,0.0375891812,0,0.319824874,78,5.49333334,2.15370131,0.454622775,0.323120296,0.00571040669,0
102444839,102444,5.49333334,11.6678371,0.0370864198,0,0.323120296,78,5.49333334,2.1248951,0.455745488,0.32646057,0.00577388611,0
102464831,102464,5.49333334,11.6388197,0.0365141556,0,0.32646057,79,5.49333334,2.09210682,0.456881732,0.329850197,0.00584462471,0
102484823,102484,5.49333334,11.6096535,0.0360562876,0,0.329850197,79,5.49333334,2.06587291,0.458029538,0.333283156,0.00590450084,0
102504815,102504,5.49333334,11.5803785,0.0356160142,0,0.333283156,80,5.49333334,2.04064727,0.459187418,0.336758882,0.00596299348,0
102524807,102524,5.50666666,11.5510254,0.0351162516,0,0.336758882,80,5.50666666,2.01201296,0.461471677,0.340294749,0.00605081115,0
102544799,102544,5.50666666,11.5216408,0.03452795,0,0.340294749,81,5.50666666,1.9783057,0.4626486,0.343882948,0.00612475397,0
102564791,102564,5.50666666,11.4922647,0.0342064314,0,0.343882948,81,5.50666666,1.95988405,0.463831186,0.347508371,0.00617246842,0
102584783,102584,5.50666666,11.4629774,0.0337980427,0,0.347508371,82,5.50666666,1.93648505,0.465016276,0.351176381,0.00622906489,0
102604775,102604,5.50666666,11.4338083,0.0332732052,0,0.351176381,82,5.50666666,1.90641415,0.466202587,0.354894161,0.00629755622,0
102624767,102624,5.51999998,11.4047918,0.0328550227,0,0.354894161,83,5.51999998,1.88245404,0.468520403,0.358669609,0.00637897849,0
102644759,102644,5.51999998,11.3759241,0.0324832387,0,0.358669609,83,5.51999998,1.86115241,0.469709307,0.362486452,0.00643261615,0
102664751,102664,5.51999998,11.3470831,0.0321099013,0,0.362486452,84,5.51999998,1.83976173,0.470903188,0.366345167,0.00648666779,0
102684743,102684,5.51999998,11.3185043,0.0317226164,0,0.366345167,84,5.51999998,1.81757188,0.472092211,0.370246768,0.00654225703,0
102704735,102704,5.51999998,11.2902098,0.0314225852,0,0.370246768,85,5.51999998,1.80038142,0.473275334,0.374186158,0.00658910442,0
102724727,102724,5.5333333,11.26229,0.0310850386,0,0.374186158,86,5.5333333,1.78104138,0.47559464,0.378179878,0.00666346168,0
102744719,102744,5.5333333,11.2347136,0.0308471899,0,0.378179878,86,5.5333333,1.76741374,0.476762027,0.382207811,0.00670407759,0
102764711,102764,5.5333333,11.2074919,0.0306291897,0,0.382207811,87,5.5333333,1.75492322,0.477920026,0.386268735,0.00674265018,0
102784703,102784,5.5333333,11.1806793,0.0304260794,0,0.386268735,87,5.5333333,1.74328589,0.479066104,0.390361726,0.00677963672,0
102804695,102804,5.5333333,11.1542711,0.0303013399,0,0.390361726,88,5.5333333,1.73613882,0.48020032,0.394481897,0.00680850307,0
102824687,102824,5.55999994,11.1282701,0.0301713645,0,0.394481897,88,5.55999994,1.7286917,0.483641922,0.398658514,0.00688572135,0
102844679,102844,5.55999994,11.1027355,0.030130323,0,0.398658514,89,5.55999994,1.72634029,0.484754205,0.402856946,0.00690579275,0
102864671,102864,5.55999994,11.0775146,0.0301695559,0,0.402856946,89,5.55999994,1.7285881,0.485857874,0.407072037,0.00691745756,0
102884663,102884,5.55999994,11.052762,0.030127557,0,0.407072037,90,5.55999994,1.72618175,0.486945927,0.411308706,0.00693730265,0
102904655,102904,5.55999994,11.0285006,0.0301570259,0,0.411308706,91,5.55999994,1.72787023,0.488017172,0.415562153,0.00694950204,0
102924647,102924,5.58666658,11.0047216,0.0303861778,0,0.415562153,91,5.58666658,1.7409997,0.491417348,0.419849098,0.00698912144,0
102944639,102944,5.58666658,10.9814253,0.0306319892,0,0.419849098,92,5.58666658,1.75508356,0.492459863,0.424138486,0.00697829761,0
102964631,102964,5.58666658,10.958621,0.0308950059,0,0.424138486,92,5.58666658,1.7701534,0.493484646,0.428428799,0.0069653159,0
102984623,102984,5.58666658,10.9363098,0.03119497,0,0.428428799,93,5.58666658,1.78734004,0.494491428,0.432717234,0.00694809621,0
103004615,103004,5.58666658,10.9144964,0.0316786095,0,0.432717234,93,5.58666658,1.81505048,0.495479673,0.436991423,0.0069112042,0
103024607,103024,5.63999987,10.8931742,0.032117933,0,0.436991423,94,5.63999987,1.84022188,0.501188874,0.441314399,0.00697643869,0
103044599,103044,5.63999987,10.8723097,0.0326241627,0,0.441314399,95,5.63999987,1.86922669,0.502150655,0.445620865,0.00693647144,0
103064591,103064,5.63999987,10.8519554,0.0331696346,0,0.445620865,95,5.63999987,1.90047991,0.503092527,0.44990766,0.00689188298,0
103084583,103084,5.63999987,10.8320475,0.0337400846,0,0.44990766,96,5.63999987,1.93316436,0.504017115,0.454172641,0.00684420019,0
103104575,103104,5.63999987,10.8126078,0.034320496,0,0.454172641,97,5.63999987,1.96641946,0.504923284,0.458414555,0.00679499423,0
103124567,103124,5.69333315,10.7935753,0.0349646918,0,0.458414555,98,5.69333315,2.00332928,0.510596752,0.462690473,0.00683740759,0
103144559,103144,5.69333315,10.7749853,0.0355621278,0,0.462690473,98,5.69333315,2.03755975,0.511477709,0.466941357,0.0067856675,0
103164551,103164,5.69333315,10.756794,0.0361545607,0,0.466941357,99,5.69333315,2.07150364,0.512342691,0.471167028,0.00673403125,0
103184543,103184,5.69333315,10.7390165,0.0368578322,0,0.471167028,99,5.69333315,2.11179805,0.513190806,0.475359529,0.00667013647,0
103204535,103204,5.69333315,10.7215834,0.0374809764,0,0.475359529,100,5.69333315,2.14750171,0.514025211,0.479523748,0.00661437958,0
103224527,103224,5.71999979,10.7044497,0.0381452255,0,0.479523748,100,5.71999979,2.18556023,0.517259479,0.483687878,0.00660368288,0
103244519,103244,5.71999979,10.6875944,0.0387616903,0,0.483687878,101,5.71999979,2.22088122,0.518075228,0.487823427,0.0065480005,0
103264511,103264,5.71999979,10.6711073,0.0392748713,0,0.487823427,101,5.71999979,2.25028419,0.518875659,0.491936892,0.0065030097,0
103284503,103284,5.71999979,10.654829,0.0399871357,0,0.491936892,102,5.71999979,2.29109406,0.5196684,0.496014416,0.00643634144,0
103304495,103304,5.71999979,10.6387434,0.0405625962,0,0.496014416,102,5.71999979,2.32406545,0.520454109,0.500064969,0.00638408866,0
103324487,103324,5.73333311,10.6227741,0.041052267,0,0.500064969,103,5.73333311,2.35212159,0.52245158,0.504110098,0.00636596745,0
103344479,103344,5.73333311,10.6068726,0.0417200327,0,0.504110098,103,5.73333311,2.39038157,0.523234785,0.508121431,0.0063033686,0
103364471,103364,5.73333311,10.5909986,0.0422903076,0,0.508121431,104,5.73333311,2.42305589,0.524019003,0.512105465,0.00625111395,0
103384463,103384,5.73333311,10.5751104,0.0427377895,0,0.512105465,104,5.73333311,2.44869494,0.524806321,0.516070545,0.00621201703,0
103404455,103404,5.73333311,10.5591593,0.0432425253,0,0.516070545,105,5.73333311,2.47761416,0.525599122,0.520012617,0.00616662484,0
103424447,103424,5.73333311,10.5431252,0.0437109694,0,0.520012617,105,5.73333311,2.5044539,0.52639842,0.523934066,0.00612508925,0
103444439,103444,5.73333311,10.526927,0.0441262051,0,0.523934066,106,5.73333311,2.52824521,0.527208447,0.527838588,0.00608931342,0
103464431,103464,5.73333311,10.5107069,0.044464469,0,0.527838588,106,5.73333311,2.54762626,0.528022051,0.531731486,0.00606183149,0
103484423,103484,5.73333311,10.4942408,0.0446670465,0,0.531731486,107,5.73333311,2.55923319,0.528850555,0.535622418,0.00604922278,0
103504415,103504,5.73333311,10.477479,0.0449398085,0,0.535622418,107,5.73333311,2.57486129,0.529696584,0.539506555,0.00602906803,0
103524407,103524,5.70666647,10.4603682,0.045016937,0,0.539506555,107,5.70666647,2.57928038,0.528095365,0.543365061,0.00597949512,0
103544399,103544,5.70666647,10.4429302,0.0451906845,0,0.543365061,108,5.70666647,2.58923531,0.528977156,0.547224164,0.00597041473,0
103564391,103564,5.70666647,10.4251156,0.0451855995,0,0.547224164,108,5.70666647,2.58894396,0.52988106,0.551096797,0.00598117569,0
103584383,103584,5.70666647,10.4068823,0.0450832024,0,0.551096797,109,5.70666647,2.58307719,0.530809462,0.554990351,0.00600292953,0
103604375,103604,5.70666647,10.3882523,0.0450883247,0,0.554990351,109,5.70666647,2.58337069,0.531761408,0.558897495,0.0060131303,0
103624367,103624,5.62666655,10.3691759,0.0448555015,0,0.558897495,109,5.62666655,2.57003069,0.525271356,0.562735379,0.00589561975,0
103644359,103644,5.62666655,10.3496513,0.0447441489,0,0.562735379,109,5.62666655,2.56365085,0.526262224,0.566595793,0.00591906998,0
103664351,103664,5.62666655,10.3299437,0.0443776064,0,0.566595793,110,5.62666655,2.54264951,0.527266324,0.570497513,0.00597102381,0
103684343,103684,5.62666655,10.309824,0.0440351255,0,0.570497513,110,5.62666655,2.5230267,0.528295279,0.574439406,0.00602074247,0
103704335,103704,5.62666655,10.2892828,0.0436827801,0,0.574439406,111,5.62666655,2.50283885,0.529349923,0.578422785,0.00607200246,0
103724327,103724,5.5333333,10.2683163,0.0431530811,0,0.578422785,110,5.5333333,2.47248936,0.521632195,0.58234179,0.00596172502,0
103744319,103744,5.5333333,10.2470055,0.0427829437,0,0.58234179,111,5.5333333,2.45128202,0.522717059,0.586304367,0.00601551589,0
103764311,103764,5.5333333,10.2253256,0.0422627926,0,0.586304367,112,5.5333333,2.42147946,0.523825347,0.590322256,0.00608656136,0
103785136,103785,5.5333333,10.2033796,0.0416644737,0,0.590322256,112,5.5333333,2.38719845,0.524951994,0.594605863,0.00616684835,0
103805128,103805,5.5333333,10.181138,0.0410348885,0,0.594605863,113,5.5333333,2.35112572,0.526098788,0.598750353,0.00625118241,0
103825120,103825,5.4533329,10.1586809,0.0404935591,0,0.598750353,112,5.4533329,2.32010984,0.519638658,0.602849066,0.00616856245,0
103845112,103845,5.4533329,10.136241,0.0398395248,0,0.602849066,113,5.4533329,2.2826364,0.520789027,0.607015193,0.006256158,0
103865104,103865,5.4533329,10.1145611,0.0391999409,0,0.607015193,113,5.4533329,2.24599099,0.521905363,0.611247599,0.00634202873,0
103885096,103885,5.4533329,10.0927362,0.0386159457,0,0.611247599,114,5.4533329,2.21253061,0.523033917,0.61554265,0.00642204843,0
103905088,103905,5.4533329,10.0707788,0.0380178578,0,0.61554265,115,5.4533329,2.17826271,0.524174333,0.619902074,0.0065041054,0
103925080,103925,5.34666634,10.0487814,0.0374056511,0,0.619902074,114,5.34666634,2.14318585,0.515046537,0.624184906,0.00637585809,0
103945072,103945,5.34666634,10.0267859,0.0368028656,0,0.624184906,115,5.34666634,2.10864878,0.516176343,0.628532887,0.00645873463,0
103965064,103965,5.34666634,10.0048523,0.0362389907,0,0.628532887,115,5.34666634,2.07634115,0.517307997,0.632943571,0.00653747795,0
103985056,103985,5.34666634,9.98297787,0.0357666351,0,0.632943571,116,5.34666634,2.04927707,0.518441498,0.637410223,0.00660602329,0
104005048,104005,5.34666634,9.96122742,0.0351941288,0,0.637410223,116,5.34666634,2.01647496,0.51957351,0.641941071,0.00668630702,0
104025040,104025,5.27999973,9.93967056,0.0347378775,0,0.641941071,116,5.27999973,1.99033368,0.51420784,0.646436214,0.00661926623,0
104045032,104045,5.27999973,9.91922474,0.0342755802,0,0.646436214,117,5.27999973,1.96384597,0.51526773,0.650986254,0.00668631587,0
104065024,104065,5.27999973,9.89895153,0.0338120833,0,0.650986254,117,5.27999973,1.9372896,0.51632297,0.655591488,0.00675366446,0
104085016,104085,5.27999973,9.87889767,0.0333802365,0,0.655591488,118,5.27999973,1.91254652,0.517371118,0.66024971,0.00681746705,0
104105008,104105,5.27999973,9.85913181,0.0329284742,0,0.66024971,119,5.27999973,1.88666248,0.518408358,0.66496253,0.00688364264,0
104125000,104125,5.22666645,9.8396492,0.032717023,0,0.66496253,119,5.22666645,1.87454724,0.514188051,0.669636607,0.00681349309,0
104144992,104144,5.22666645,9.82047749,0.0324031226,0,0.669636607,119,5.22666645,1.85656202,0.515191913,0.674118221,0.00686342269,0
104164984,104164,5.22666645,9.80166817,0.0321386047,0,0.674118221,120,5.22666645,1.84140635,0.516180515,0.678875148,0.00690751849,0
104184976,104184,5.22666645,9.78323364,0.0319315344,0,0.678875148,120,5.22666645,1.82954204,0.517153144,0.683666766,0.00694478815,0
104204968,104204,5.22666645,9.7651453,0.0318453982,0,0.683666766,121,5.22666645,1.82460678,0.51811105,0.688483119,0.00696775969,0
104224960,104224,5.19999981,9.74747849,0.031703867,0,0.688483119,121,5.19999981,1.81649768,0.516401947,0.693290591,0.00694231177,0
104244952,104244,5.19999981,9.73099327,0.0315908939,0,0.693290591,122,5.19999981,1.81002474,0.517276764,0.698123574,0.00696737738,0
104264944,104264,5.19999981,9.71486092,0.0316365287,0,0.698123574,122,5.19999981,1.81263947,0.518135726,0.702968895,0.00697356462,0
104284936,104284,5.19999981,9.69915581,0.03168533,0,0.702968895,123,5.19999981,1.81543553,0.518974721,0.707825899,0.00697909109,0
104304928,104304,5.19999981,9.68384933,0.0317914523,0,0.707825899,123,5.19999981,1.82151592,0.519795001,0.712689519,0.00697756326,0
104324920,104324,5.19999981,9.66891956,0.0318863653,0,0.712689519,124,5.19999981,1.82695401,0.520597637,0.717560291,0.00697708968,0
104344912,104344,5.19999981,9.65439224,0.0321443453,0,0.717560291,125,5.19999981,1.84173524,0.521380961,0.722424328,0.00695696706,0
104364904,104364,5.19999981,9.64028454,0.0324838459,0,0.722424328,125,5.19999981,1.86118722,0.52214396,0.727274358,0.00692679267,0
104384896,104384,5.19999981,9.62659645,0.0328862891,0,0.727274358,126,5.19999981,1.88424551,0.522886395,0.732104599,0.00688873651,0
104404888,104404,5.19999981,9.6132946,0.0331048407,0,0.732104599,126,5.19999981,1.8967675,0.523609936,0.736929953,0.00687221624,0
104424880,104424,5.17333317,9.60036945,0.033569999,0,0.736929953,127,5.17333317,1.92341912,0.521626055,0.741690218,0.00677039381,0
104444872,104444,5.17333317,9.58844566,0.0340789743,0,0.741690218,127,5.17333317,1.95258129,0.522274733,0.746419489,0.00671798503,0
104464864,104464,5.17333317,9.57685661,0.034585759,0,0.746419489,128,5.17333317,1.98161793,0.52290678,0.751117468,0.00666547567,0
104484856,104484,5.17333317,9.5655756,0.0351915061,0,0.751117468,128,5.17333317,2.01632476,0.52352345,0.755775332,0.00660077017,0
104504848,104504,5.17333317,9.55465698,0.0357035287,0,0.755775332,129,5.17333317,2.04566145,0.524121702,0.760400474,0.0065469048,0
104524840,104524,5.17333317,9.54400635,0.0362746641,0,0.760400474,129,5.17333317,2.07838511,0.524706542,0.764987469,0.00648563681,0
104544832,104544,5.17333317,9.53362942,0.0368363932,0,0.764987469,130,5.17333317,2.11056972,0.525277674,0.769536614,0.00642517768,0
104564824,104564,5.17333317,9.52346992,0.0374798924,0,0.769536614,130,5.17333317,2.14743948,0.525838077,0.77404058,0.00635460299,0
104584816,104584,5.17333317,9.51353455,0.0380197279,0,0.77404058,131,5.17333317,2.17836976,0.526387215,0.778507829,0.00629621558,0
104604808,104604,5.17333317,9.50376129,0.0386704057,0,0.778507829,131,5.17333317,2.21565104,0.526928544,0.782928586,0.00622423459,0
104624800,104624,5.14666653,9.49412155,0.0391819626,0,0.782928586,131,5.14666653,2.24496102,0.524744689,0.78727448,0.00611263607,0
104644792,104644,5.14666653,9.48454189,0.0397210754,0,0.78727448,132,5.14666653,2.27584982,0.525274694,0.791582763,0.0060536745,0
104664784,104664,5.14666653,9.47454834,0.0401636399,0,0.791582763,132,5.14666653,2.30120683,0.525828779,0.795862019,0.00600653375,0
104684776,104684,5.14666653,9.46457958,0.0407117456,0,0.795862019,133,5.14666653,2.33261108,0.526382565,0.800102949,0.00594649836,0
104704768,104704,5.14666653,9.454566,0.0411489829,0,0.800102949,133,5.14666653,2.35766292,0.526940107,0.804315031,0.00589980232,0
104724760,104724,5.07999992,9.44443607,0.0415663384,0,0.804315031,133,5.07999992,2.38157558,0.520672262,0.808399081,0.00571431499,0
104744752,104744,5.07999992,9.43414783,0.0419761054,0,0.808399081,133,5.07999992,2.40505362,0.521240115,0.812456429,0.00567077426,0
104764744,104764,5.07999992,9.42363358,0.0423025042,0,0.812456429,134,5.07999992,2.42375493,0.521821678,0.816494405,0.00563741149,0
104784736,104784,5.07999992,9.41283703,0.0424710102,0,0.816494405,134,5.07999992,2.43340945,0.522420168,0.820526958,0.00562336389,0
104804728,104804,5.07999992,9.40173244,0.0429005995,0,0.820526958,135,5.07999992,2.45802307,0.523037255,0.824531436,0.0055776462,0
104824720,104824,4.98666668,9.39023304,0.0430132374,0,0.824531436,134,4.98666668,2.46447682,0.514056325,0.828392982,0.00537194312,0
104844712,104844,4.98666668,9.3782711,0.0431595966,0,0.828392982,135,4.98666668,2.47286248,0.514712036,0.832251489,0.0053609116,0
104864704,104864,4.98666668,9.36551762,0.0433467925,0,0.832251489,135,4.98666668,2.48358822,0.515412927,0.836104035,0.00534530729,0
104884696,104884,4.98666668,9.35223579,0.0432492197,0,0.836104035,136,4.98666668,2.47799754,0.516144872,0.839976132,0.00536485435,0
104904688,104904,4.98666668,9.33843613,0.0432743654,0,0.839976132,136,4.98666668,2.4794383,0.516907632,0.843857467,0.0053696963,0
104924680,104924,4.89333296,9.32403755,0.0432027914,0,0.843857467,136,4.89333296,2.47533751,0.508016169,0.847612202,0.00518658431,0
104944672,104944,4.89333296,9.30905724,0.0431513116,0,0.847612202,136,4.89333296,2.47238779,0.508833647,0.851383626,0.00520126801,0
104964664,104964,4.89333296,9.29341698,0.0429917648,0,0.851383626,137,4.89333296,2.46324658,0.509689987,0.855182052,0.0052296943,0
104984656,104984,4.89333296,9.27717972,0.042725306,0,0.855182052,137,4.89333296,2.44797969,0.510582089,0.85901773,0.00527176028,0
105004648,105004,4.89333296,9.2603054,0.0424364544,0,0.85901773,137,4.89333296,2.43142962,0.511512458,0.862893462,0.0053171101,0
105024640,105024,4.77333307,9.24281597,0.042159196,0,0.862893462,137,4.77333307,2.41554379,0.499912769,0.866619349,0.00510188518,0
105044632,105044,4.77333307,9.22470665,0.0417555645,0,0.866619349,137,4.77333307,2.39241743,0.500894189,0.870396554,0.00516204117,0
105064624,105064,4.77333307,9.20572472,0.0413268618,0,0.870396554,138,4.77333307,2.3678546,0.501926959,0.874228477,0.00522604864,0
105084616,105084,4.77333307,9.18621922,0.040857669,0,0.874228477,138,4.77333307,2.34097195,0.502992749,0.878119707,0.00529567432,0
105104608,105104,4.77333307,9.16619492,0.0404132605,0,0.878119707,139,4.77333307,2.31550908,0.50409162,0.882068872,0.00536280079,0
105124600,105124,4.61333323,9.14571381,0.0398722291,0,0.882068872,137,4.61333323,2.28451037,0.488285691,0.885827541,0.00509270886,0
105144592,105144,4.61333323,9.12485313,0.0392051376,0,0.885827541,138,4.61333323,2.24628878,0.489401966,0.889665425,0.00518812565,0
105164584,105164,4.61333323,9.10363388,0.0385542326,0,0.889665425,138,4.61333323,2.20899463,0.49054268,0.893581927,0.00528215105,0
105184576,105184,4.61333323,9.0821619,0.0379695259,0,0.893581927,139,4.61333323,2.17549348,0.491702408,0.897571802,0.00536841247,0
105204568,105204,4.61333323,9.06042671,0.0372338109,0,0.897571802,140,4.61333323,2.13334012,0.492881984,0.90165019,0.00547434017,0
105224560,105224,4.48000002,9.03855419,0.0364949889,0,0.90165019,139,4.48000002,2.09100866,0.479795128,0.905597925,0.00528622419,0
105244552,105244,4.48000002,9.01660824,0.0357470401,0,0.905597925,139,4.48000002,2.04815435,0.480962932,0.90963608,0.00539414771,0
105264544,105264,4.48000002,8.99436092,0.0351093449,0,0.90963608,140,4.48000002,2.01161718,0.482152581,0.913755238,0.00548873423,0
105284536,105284,4.48000002,8.97213745,0.0343467183,0,0.913755238,140,4.48000002,1.96792185,0.48334685,0.917968094,0.00559973205,0
105304528,105304,4.48000002,8.95003891,0.033626169,0,0.917968094,141,4.48000002,1.92663741,0.484540254,0.922271371,0.00570581295,0
105324520,105324,4.36000013,8.92812157,0.0329460204,0,0.922271371,140,4.36000013,1.88766778,0.472719133,0.926458538,0.00553830387,0
105344512,105344,4.36000013,8.90642166,0.0321542434,0,0.926458538,141,4.36000013,1.84230232,0.473870873,0.930743337,0.00565366866,0
105364504,105364,4.36000013,8.885005,0.0315535814,0,0.930743337,141,4.36000013,1.80788696,0.475013107,0.935107648,0.00574476458,0
105384496,105384,4.36000013,8.86393738,0.0308855642,0,0.935107648,142,4.36000013,1.76961243,0.476142108,0.939558506,0.00584477885,0
105404488,105404,4.36000013,8.84323597,0.0302700642,0,0.939558506,142,4.36000013,1.73434687,0.477256715,0.944091141,0.00593821798,0
105424480,105424,4.23999977,8.82293892,0.0297359899,0,0.944091141,141,4.23999977,1.70374668,0.465188891,0.948489606,0.00574922469,0
105444472,105444,4.23999977,8.80308628,0.0291652065,0,0.948489606,142,4.23999977,1.67104316,0.466237932,0.952964902,0.00583649101,0
105464464,105464,4.23999977,8.78347588,0.0287372861,0,0.952964902,143,4.23999977,1.64652514,0.467278898,0.95750308,0.00590534927,0
105484456,105484,4.23999977,8.76441288,0.0282569025,0,0.95750308,143,4.23999977,1.61900115,0.468295246,0.962109387,0.00598100247,0
105504448,105504,4.23999977,8.74588585,0.0278807413,0,0.962109387,144,4.23999977,1.59744871,0.469287276,0.966773272,0.00604295777,0
105524440,105524,4.15999985,8.72791862,0.0275668316,0,0.966773272,143,4.15999985,1.57946301,0.46138072,0.971346498,0.00591329252,0
105544432,105544,4.15999985,8.71055508,0.0272276569,0,0.971346498,144,4.15999985,1.56002975,0.46230042,0.975972533,0.00596969994,0
105564424,105564,4.15999985,8.69376183,0.0270026997,0,0.975972533,144,4.15999985,1.5471406,0.463193417,0.980639517,0.00601088256,0
105584416,105584,4.15999985,8.6776123,0.0268710256,0,0.980639517,145,4.15999985,1.53959632,0.464055449,0.985337377,0.00603945786,0
105604408,105604,4.15999985,8.66204453,0.0267390609,0,0.985337377,146,4.15999985,1.53203523,0.464889467,0.990065753,0.0060677696,0
105624400,105624,4.10666656,8.64705181,0.0266738813,0,0.990065753,146,4.10666656,1.52830076,0.459725082,0.994720995,0.0059635723,0
105644392,105644,4.10666656,8.63272572,0.0266319569,0,0.994720995,146,4.10666656,1.52589869,0.460487992,0.999396026,0.00597903365,0
105664384,105664,4.10666656,8.61888885,0.0266843904,0,0.999396026,147,4.10666656,1.52890289,0.461227238,1.00408065,0.00598166091,0
105684376,105684,4.10666656,8.60568428,0.0268972982,0,1.00408065,147,4.10666656,1.54110157,0.461934954,1.00875747,0.00596248917,0
105704368,105704,4.10666656,8.59307003,0.0270069651,0,1.00875747,148,4.10666656,1.54738498,0.462613076,1.01343644,0.00595661765,0
105724360,105724,4.03999996,8.58106327,0.0272265933,0,1.01343644,147,4.03999996,1.55996883,0.455739915,1.01798332,0.00578024192,0
105744352,105744,4.03999996,8.56961727,0.0275065228,0,1.01798332,148,4.03999996,1.5760076,0.456348628,1.02251279,0.00575053087,0
105764344,105764,4.03999996,8.55877876,0.0278532952,0,1.02251279,148,4.03999996,1.59587622,0.456926495,1.02701712,0.00571138412,0
105784336,105784,4.03999996,8.54853249,0.0281484164,0,1.02701712,149,4.03999996,1.61278534,0.457474202,1.03150105,0.00567866955,0
105804328,105804,4.03999996,8.53883362,0.0286378469,0,1.03150105,149,4.03999996,1.64082766,0.457993805,1.03594327,0.00561943743,0
105824320,105824,4,8.52962875,0.0289542228,0,1.03594327,149,4,1.65895462,0.453948557,1.04028726,0.0054892078,0
105844312,105844,4,8.52092361,0.029289281,0,1.04028726,150,4,1.67815208,0.454412341,1.04460442,0.00544975605,0
105865137,105865,4,8.51262569,0.029648412,0,1.04460442,150,4,1.6987288,0.454855293,1.049106,0.00540672475,0
105885129,105885,4,8.50479698,0.0299576744,0,1.049106,151,4,1.71644819,0.455273986,1.05336809,0.00537003204,0
105905121,105905,4,8.49738598,0.0303536654,0,1.05336809,151,4,1.73913682,0.455671042,1.05759513,0.00532131502,0
105925113,105925,3.9333334,8.49008179,0.0307394229,0,1.05759513,151,3.9333334,1.76123905,0.448462039,1.06166315,0.00511678029,0
105945105,105945,3.9333334,8.48339748,0.0309862234,0,1.06166315,151,3.9333334,1.77537978,0.448815405,1.06571114,0.00508747529,0
105965097,105965,3.9333334,8.47701931,0.0311718434,0,1.06571114,152,3.9333334,1.78601491,0.449153095,1.06974518,0.00506621134,0
105985089,105985,3.9333334,8.47091579,0.0314041674,0,1.06974518,152,3.9333334,1.79932618,0.449476719,1.07376003,0.00503843371,0
106005081,106005,3.9333334,8.46503258,0.0315494165,0,1.07376003,153,3.9333334,1.8076483,0.449789107,1.07776475,0.00502227293,0
106025073,106025,3.87999988,8.45933437,0.0317345932,0,1.07776475,153,3.87999988,1.81825817,0.443989128,1.08165431,0.00487447763,0
106045065,106045,3.87999988,8.45460892,0.0318306424,0,1.08165431,153,3.87999988,1.82376134,0.444237292,1.08553779,0.00486418372,0
106065057,106065,3.87999988,8.44994926,0.0319779962,0,1.08553779,153,3.87999988,1.8322041,0.444482237,1.08940959,0.00484688254,0
106085049,106085,3.87999988,8.44524193,0.0320146456,0,1.08940959,154,3.87999988,1.83430398,0.444730014,1.09328175,0.00484461151,0
106105041,106105,3.87999988,8.44051933,0.0320848413,0,1.09328175,154,3.87999988,1.83832586,0.444978833,1.09715056,0.00483779283,0
106125033,106125,3.78666663,8.43572998,0.032141149,0,1.09715056,153,3.78666663,1.84155214,0.434521437,1.10084057,0.00461160904,0
106145025,106145,3.78666663,8.43084335,0.0320875421,0,1.10084057,154,3.78666663,1.83848059,0.434773266,1.10454071,0.0046215686,0
106165017,106165,3.78666663,8.42583752,0.0320802256,0,1.10454071,154,3.78666663,1.83806145,0.435031563,1.10824609,0.00462530879,0
106185009,106185,3.78666663,8.42061329,0.0320974551,0,1.10824609,155,3.78666663,1.83904862,0.435301483,1.11195421,0.00462583406,0
106205001,106205,3.78666663,8.41523647,0.031990312,0,1.11195421,155,3.78666663,1.83290982,0.435579598,1.11567879,0.00464337924,0
106224993,106224,3.69333339,8.40962601,0.0319467373,0,1.11567879,154,3.69333339,1.8304131,0.42512697,1.11905706,0.00443044724,0
106244985,106244,3.69333339,8.40437889,0.0318581052,0,1.11905706,155,3.69333339,1.82533491,0.425392359,1.12262726,0.00444529811,0
106264977,106264,3.69333339,8.39881516,0.0317263529,0,1.12262726,155,3.69333339,1.81778598,0.42567417,1.12621665,0.00446621887,0
106284969,106284,3.69333339,8.39295578,0.0316368416,0,1.12621665,156,3.69333339,1.81265736,0.425971359,1.12982094,0.00448155822,0
106304961,106304,3.69333339,8.38671875,0.0316004343,0,1.12982094,156,3.69333339,1.81057143,0.426288128,1.13343453,0.00448986515,0
106324953,106324,3.57333302,8.3801384,0.0313740075,0,1.13343453,155,3.57333302,1.79759812,0.41276142,1.13684809,0.00423796056,0
106344945,106344,3.57333302,8.37321568,0.0312973261,0,1.13684809,155,3.57333302,1.79320455,0.413102657,1.14027572,0.0042519588,0
106364937,106364,3.57333302,8.36589718,0.0311360359,0,1.14027572,156,3.57333302,1.78396332,0.41346404,1.14372718,0.00427777087,0
106384929,106384,3.57333302,8.35822678,0.0309755411,0,1.14372718,156,3.57333302,1.77476764,0.413843483,1.14720285,0.00430370076,0
106404921,106404,3.57333302,8.35016727,0.0308237746,0,1.14720285,156,3.57333302,1.76607215,0.414242923,1.150702,0.00432868162,0
106424913,106424,3.45333314,8.34171963,0.0306599531,0,1.150702,155,3.45333314,1.75668585,0.400737226,1.15399361,0.00406785961,0
106444905,106444,3.45333314,8.33331108,0.0305181183,0,1.15399361,156,3.45333314,1.74855924,0.401141584,1.15730774,0.00409146817,0
106464897,106464,3.45333314,8.32450962,0.0303370655,0,1.15730774,156,3.45333314,1.73818576,0.401565701,1.16064906,0.00412071683,0
106484889,106484,3.45333314,8.31531143,0.0301864184,0,1.16064906,157,3.45333314,1.7295543,0.402009904,1.16401458,0.00414603529,0
106504881,106504,3.45333314,8.30569267,0.0300893355,0,1.16401458,157,3.45333314,1.72399187,0.402475476,1.16739881,0.00416423101,0
106524873,106524,3.31999993,8.29568195,0.0299530737,0,1.16739881,156,3.31999993,1.71618462,0.387402833,1.17054498,0.00386662688,0
106544865,106544,3.31999993,8.28527164,0.0297540873,0,1.17054498,156,3.31999993,1.70478356,0.387889594,1.17372155,0.00389900641,0
106564857,106564,3.31999993,8.27449608,0.0296268035,0,1.17372155,156,3.31999993,1.69749069,0.388394743,1.17692077,0.00392171135,0
106584849,106584,3.31999993,8.26336575,0.0293923132,0,1.17692077,157,3.31999993,1.68405545,0.388917863,1.18015516,0.00395951094,0
106604841,106604,3.31999993,8.25187111,0.0292784832,0,1.18015516,157,3.31999993,1.67753339,0.38945964,1.18341148,0.00398083404,0
106624833,106624,3.19999981,8.24001789,0.0291793365,0,1.18341148,156,3.19999981,1.67185271,0.37592274,1.18644989,0.00370908668,0
106644825,106644,3.19999981,8.22812462,0.028922461,0,1.18644989,156,3.19999981,1.65713489,0.376466095,1.18952644,0.0037502225,0
106664817,106664,3.19999981,8.21587467,0.0286597144,0,1.18952644,157,3.19999981,1.64208055,0.377027392,1.19264221,0.00379246101,0
106684809,106684,3.19999981,8.20330048,0.0286900364,0,1.19264221,157,3.19999981,1.6438179,0.377605319,1.19576406,0.00379403844,0
106704801,106704,3.19999981,8.1903944,0.0285321623,0,1.19576406,158,3.19999981,1.63477242,0.378200352,1.19891405,0.00382210524,0
106724793,106724,3.0666666,8.17718506,0.0282344855,0,1.19891405,156,3.0666666,1.61771679,0.363027513,1.20183945,0.00354388403,0
106744785,106744,3.0666666,8.16372013,0.0281329527,0,1.20183945,157,3.0666666,1.61189938,0.363626271,1.2047863,0.00356398127,0
106764777,106764,3.0666666,8.14998055,0.0280676037,0,1.2047863,157,3.0666666,1.60815513,0.364239275,1.20775068,0.00357917766,0
106784769,106784,3.0666666,8.13598633,0.0278366935,0,1.20775068,157,3.0666666,1.59492493,0.36486581,1.21075225,0.00361785665,0
106804761,106804,3.0666666,8.12173557,0.027686825,0,1.21075225,158,3.0666666,1.58633816,0.365505993,1.21378195,0.00364534999,0
106824753,106824,2.96000004,8.10726929,0.0274971388,0,1.21378195,157,2.96000004,1.57546997,0.353422284,1.21662569,0.00341552752,0
106844745,106844,2.96000004,8.09256363,0.0272866674,0,1.21662569,157,2.96000004,1.56341076,0.354064494,1.21950459,0.00345153711,0
106864737,106864,2.96000004,8.0770092,0.0272094496,0,1.21950459,158,2.96000004,1.55898654,0.354746342,1.22240376,0.00346913934,0
106884729,106884,2.96000004,8.06132698,0.0270300545,0,1.22240376,158,2.96000004,1.54870796,0.355436444,1.2253356,0.00350138894,0
106904721,106904,2.96000004,8.0455246,0.0268571749,0,1.2253356,158,2.96000004,1.53880274,0.356134564,1.22829962,0.00353288883,0
106924713,106924,2.82666659,8.02961826,0.0267168693,0,1.22829962,157,2.82666659,1.53076375,0.340766162,1.23101306,0.00322780688,0
106944705,106944,2.82666659,8.01358318,0.0266676731,0,1.23101306,157,2.82666659,1.52794504,0.341448039,1.23374331,0.00324130012,0
106964697,106964,2.82666659,7.99748898,0.0264590327,0,1.23374331,158,2.82666659,1.51599085,0.342135191,1.2365098,0.00327771809,0
106984689,106984,2.82666659,7.98131609,0.0263131745,0,1.2365098,158,2.82666659,1.50763381,0.342828453,1.23930514,0.0033053013,0
107004681,107004,2.82666659,7.965065,0.0260710083,0,1.23930514,158,2.82666659,1.49375868,0.343527943,1.24214149,0.00334688532,0
107024673,107024,2.72000003,7.94876909,0.0259655174,0,1.24214149,157,2.72000003,1.48771453,0.331242353,1.24477446,0.00310056959,0
107044665,107044,2.72000003,7.93244934,0.0258226916,0,1.24477446,158,2.72000003,1.47953117,0.331923813,1.24743581,0.00312758074,0
107064657,107064,2.72000003,7.91558933,0.0256390609,0,1.24743581,158,2.72000003,1.46900988,0.332630813,1.25013125,0.00316082616,0
107084649,107084,2.72000003,7.89877796,0.0254508201,0,1.25013125,158,2.72000003,1.45822453,0.333338767,1.2528615,0.00319486251,0
107104641,107104,2.72000003,7.88197613,0.0252403989,0,1.2528615,159,2.72000003,1.4461683,0.334049344,1.25562954,0.00323226466,0
107124633,107124,2.61333323,7.86523104,0.0251167342,0,1.25562954,158,2.61333323,1.43908274,0.321632653,1.25819206,0.00298592751,0
107144625,107144,2.61333323,7.84852171,0.0248976853,0,1.25819206,158,2.61333323,1.42653215,0.322317392,1.26079309,0.00302426633,0
107164617,107164,2.61333323,7.83188248,0.0246908795,0,1.26079309,158,2.61333323,1.4146831,0.32300216,1.26343119,0.0030609502,0
107184609,107184,2.61333323,7.81535864,0.0245831497,0,1.26343119,159,2.61333323,1.40851068,0.32368511,1.26609409,0.00308321766,0
107204601,107204,2.61333323,7.79889584,0.0244448148,0,1.26609409,159,2.61333323,1.4005847,0.324368387,1.26878583,0.00311005209,0
107224593,107224,2.50666666,7.78253031,0.0242542736,0,1.26878583,158,2.50666666,1.38966739,0.311783105,1.27127552,0.00287052989,0
107244585,107244,2.50666666,7.76627541,0.0240194593,0,1.27127552,158,2.50666666,1.37621355,0.312435657,1.27380574,0.00291118468,0
107264577,107264,2.50666666,7.74967766,0.0238146503,0,1.27380574,159,2.50666666,1.36447883,0.313104779,1.27637315,0.00294770394,0
107284569,107284,2.50666666,7.73323011,0.0236063935,0,1.27637315,159,2.50666666,1.35254669,0.313770711,1.27897847,0.00298483274,0
107304561,107304,2.50666666,7.71695995,0.0233822986,0,1.27897847,159,2.50666666,1.3397069,0.314432293,1.28162396,0.00302440277,0
107324553,107324,2.41333318,7.70090008,0.0231400281,0,1.28162396,159,2.41333318,1.32582593,0.303355992,1.28409958,0.002824364,0
107344545,107344,2.41333318,7.68501186,0.0229866896,0,1.28409958,159,2.41333318,1.31704021,0.303983182,1.28660548,0.00285306782,0
107364537,107364,2.41333318,7.66931725,0.0228931326,0,1.28660548,159,2.41333318,1.31167984,0.304605246,1.28913403,0.0028728852,0
107384529,107384,2.41333318,7.65383959,0.0225349031,0,1.28913403,159,2.41333318,1.29115474,0.30522123,1.29172003,0.00293232827,0
107404521,107404,2.41333318,7.63859415,0.0223646201,0,1.29172003,160,2.41333318,1.2813983,0.305830359,1.29433894,0.00296372548,0
107424513,107424,2.33333325,7.62354803,0.0221699402,0,1.29433894,159,2.33333325,1.27024388,0.296275973,1.29680836,0.00278896233,0
107444505,107444,2.33333325,7.60873556,0.021914497,0,1.29680836,159,2.33333325,1.25560808,0.296852767,1.29932153,0.00283286278,0
107464497,107464,2.33333325,7.59376049,0.0217592046,0,1.29932153,160,2.33333325,1.24671054,0.297438145,1.30186546,0.00286188303,0
107484489,107484,2.33333325,7.5790534,0.0215394888,0,1.30186546,160,2.33333325,1.23412168,0.298015326,1.30444884,0.00290065678,0
107504481,107504,2.33333325,7.56464148,0.0212874673,0,1.30444884,160,2.33333325,1.21968198,0.29858309,1.3070761,0.00294435932,0
107524473,107524,2.22666669,7.55051374,0.0211352669,0,1.3070761,159,2.22666669,1.21096158,0.285466731,1.30948126,0.00269042631,0
107544465,107544,2.22666669,7.53665161,0.0208309609,0,1.30948126,160,2.22666669,1.19352603,0.285991788,1.31193674,0.00274164346,0
107564457,107564,2.22666669,7.52310181,0.0206519607,0,1.31193674,160,2.22666669,1.1832701,0.286506921,1.31442559,0.00277384697,0
107584449,107584,2.22666669,7.50990391,0.0204074513,0,1.31442559,160,2.22666669,1.16926074,0.287010401,1.31695664,0.00281603029,0
107604441,107604,2.22666669,7.49700737,0.0203058682,0,1.31695664,160,2.22666669,1.16344047,0.287504107,1.31951046,0.00283640134,0
107624433,107624,2.13333321,7.48444796,0.0200370103,0,1.31951046,160,2.13333321,1.148036,0.275915235,1.32188499,0.00263291853,0
107644425,107644,2.13333321,7.47220135,0.0197255127,0,1.32188499,160,2.13333321,1.13018858,0.276367456,1.32431054,0.00268500415,0
107664417,107664,2.13333321,7.45999527,0.0194956437,0,1.32431054,160,2.13333321,1.11701798,0.276819646,1.32677591,0.00272470736,0
107684409,107684,2.13333321,7.44813204,0.0192825198,0,1.32677591,160,2.13333321,1.1048069,0.277260542,1.32927883,0.00276183686,0
107704401,107704,2.13333321,7.43665981,0.019100355,0,1.32927883,161,2.13333321,1.09436965,0.277688265,1.331815,0.00279416703,0
107724393,107724,2.05333328,7.42555952,0.0189617537,0,1.331815,160,2.05333328,1.0864284,0.267674536,1.33418238,0.00260426127,0
107744385,107744,2.05333328,7.41483831,0.0187501628,0,1.33418238,160,2.05333328,1.07430518,0.268061578,1.33658636,0.00264072651,0
107764377,107764,2.05333328,7.40451336,0.0184850302,0,1.33658636,161,2.05333328,1.0591141,0.268435389,1.33903444,0.00268544094,0
107784369,107784,2.05333328,7.39456558,0.0184192471,0,1.33903444,161,2.05333328,1.05534506,0.268796474,1.34149837,0.00269924756,0
107804361,107804,2.05333328,7.38500738,0.018148344,0,1.34149837,161,2.05333328,1.03982341,0.269144356,1.34400713,0.0027447769,0
107824353,107824,1.95999992,7.37585163,0.0179421585,0,1.34400713,160,1.95999992,1.02800989,0.257229418,1.34631979,0.00252713845,0
107844345,107844,1.95999992,7.3670845,0.017779246,0,1.34631979,160,1.95999992,1.01867568,0.257535547,1.34866118,0.00255548651,0
107864337,107864,1.95999992,7.35846567,0.0175762959,0,1.34866118,161,1.95999992,1.00704753,0.257837176,1.35103714,0.00259008422,0
107884329,107884,1.95999992,7.35027218,0.0173378196,0,1.35103714,161,1.95999992,0.993383825,0.25812462,1.35345244,0.00263015064,0
107904321,107904,1.95999992,7.34246922,0.0170627702,0,1.35345244,161,1.95999992,0.977624655,0.25839889,1.35591245,0.0026758716,0
107924313,107924,1.88,7.33512735,0.0170257017,0,1.35591245,160,1.88,0.975500822,0.248100147,1.35818195,0.00246621249,0
107945138,107945,1.88,7.32822323,0.0168055445,0,1.35818195,161,1.88,0.962886691,0.248333871,1.36060274,0.00250296225,0
107965130,107965,1.88,7.32174969,0.0166300666,0,1.36060274,161,1.88,0.95283258,0.24855344,1.36293757,0.00253263884,0
107985122,107985,1.88,7.31572199,0.0165008027,0,1.36293757,161,1.88,0.945426285,0.248758242,1.36529493,0.00255497335,0
108005114,108005,1.88,7.3099184,0.0162830818,0,1.36529493,161,1.88,0.932951808,0.248955742,1.36768758,0.00259113219,0
108025106,108025,1.80000007,7.30479383,0.0160972793,0,1.36768758,161,1.80000007,0.92230612,0.238529101,1.36990809,0.00240306277,0
108045098,108045,1.80000007,7.30065155,0.0159753412,0,1.36990809,161,1.80000007,0.915319562,0.238664448,1.37214887,0.00242356583,0
108065090,108065,1.80000007,7.2969141,0.0158760026,0,1.37214887,161,1.80000007,0.909627914,0.238786682,1.37440634,0.00244040741,0
108085082,108085,1.80000007,7.29357004,0.0156789552,0,1.37440634,161,1.80000007,0.898337901,0.238896176,1.37669456,0.00247248518,0
108105074,108105,1.80000007,7.29068041,0.0155306291,0,1.37669456,162,1.80000007,0.88983947,0.238990843,1.37900615,0.00249677803,0
108125066,108125,1.69333327,7.2881937,0.0154256308,0,1.37900615,160,1.69333327,0.883823514,0.224905118,1.38106358,0.00222142763,0
108145058,108145,1.69333327,7.28614283,0.0152233467,0,1.38106358,161,1.69333327,0.87223345,0.224968433,1.38315165,0.00225386699,0
108165050,108165,1.69333327,7.28449488,0.0150665436,0,1.38315165,161,1.69333327,0.863249302,0.225019306,1.38526344,0.0022790432,0
108185042,108185,1.69333327,7.28332043,0.0149574429,0,1.38526344,161,1.69333327,0.856998324,0.225055605,1.38739181,0.00229657604,0
108205034,108205,1.69333327,7.28253698,0.0147307664,0,1.38739181,161,1.69333327,0.844010711,0.225079805,1.38955379,0.00233249087,0
108225026,108225,1.62666667,7.28220415,0.0145932436,0,1.38955379,160,1.62666667,0.836131215,0.216228262,1.39156628,0.00217114319,0
108245018,108245,1.62666667,7.28276253,0.0145174284,0,1.39156628,161,1.62666667,0.831787348,0.216211706,1.3935895,0.00218290603,0
108265010,108265,1.62666667,7.28369427,0.0143886562,0,1.3935895,161,1.62666667,0.824409246,0.216184035,1.39563096,0.00220288592,0
108285002,108285,1.62666667,7.28508997,0.0142631019,0,1.39563096,161,1.62666667,0.817215502,0.216142625,1.39768994,0.0022222132,0
108304994,108304,1.62666667,7.28688097,0.0141644776,0,1.39768994,161,1.62666667,0.811564744,0.216089502,1.39965868,0.00223717629,0
108324986,108324,1.54666662,7.28906107,0.0139756976,0,1.39965868,160,1.54666662,0.800748467,0.20540069,1.40155399,0.00204667822,0
108344978,108344,1.54666662,7.29167557,0.0139561482,0,1.40155399,161,1.54666662,0.799628317,0.205327049,1.40345085,0.00204901677,0
108364970,108364,1.54666662,7.29468918,0.0137831774,0,1.40345085,161,1.54666662,0.789717853,0.205242217,1.40537119,0.002075342,0
108384962,108384,1.54666662,7.29814339,0.0137018841,0,1.40537119,161,1.54666662,0.785060108,0.205145091,1.40730155,0.00208712416,0
108404954,108404,1.54666662,7.30199432,0.0136074629,0,1.40730155,161,1.54666662,0.779650152,0.205036879,1.40924358,0.00210084091,0
108424946,108424,1.45333338,7.30628204,0.013434968,0,1.40924358,160,1.45333338,0.769766927,0.192550927,1.41097224,0.00187117455,0
108444938,108444,1.45333338,7.31128073,0.0133803971,0,1.41097224,160,1.45333338,0.766640246,0.192419276,1.41270649,0.00187844818,0
108464930,108464,1.45333338,7.31669188,0.0132210329,0,1.41270649,160,1.45333338,0.757509351,0.192276984,1.41446126,0.00190201809,0
108484922,108484,1.45333338,7.32247543,0.0130915642,0,1.41446126,161,1.45333338,0.750091314,0.192125097,1.41623187,0.00192077679,0
108504914,108504,1.45333338,7.3286581,0.0130428579,0,1.41623187,161,1.45333338,0.747300684,0.191963032,1.41800654,0.00192677206,0
108524906,108524,1.37333333,7.33525419,0.013049216,0,1.41800654,160,1.37333333,0.747664988,0.181233108,1.41957641,0.00170592126,0
108544898,108544,1.37333333,7.34222412,0.0129038095,0,1.41957641,160,1.37333333,0.739333808,0.181061074,1.42116416,0.00172699569,0
108564890,108564,1.37333333,7.34958124,0.0127556454,0,1.42116416,160,1.37333333,0.730844617,0.180879831,1.4227699,0.00174836826,0
108584882,108584,1.37333333,7.3573432,0.0127552142,0,1.4227699,160,1.37333333,0.730819881,0.180689007,1.42437232,0.00174659095,0
108604874,108604,1.37333333,7.36548281,0.0127034876,0,1.42437232,160,1.37333333,0.727856159,0.180489331,1.42597854,0.00175270834,0
108624866,108624,1.27999997,7.37398386,0.0125481552,0,1.42597854,159,1.27999997,0.718956292,0.16802913,1.4273715,0.001521684,0
108644858,108644,1.27999997,7.38311195,0.012532006,0,1.4273715,159,1.27999997,0.718030989,0.167821378,1.42876327,0.00152230915,0
108664850,108664,1.27999997,7.39262581,0.0123269772,0,1.42876327,159,1.27999997,0.706283748,0.167605415,1.43018043,0.00155213114,0
108684842,108684,1.27999997,7.4025054,0.0122785289,0,1.43018043,160,1.27999997,0.703507841,0.167381719,1.43160069,0.00155755947,0
108704834,108704,1.27999997,7.41272354,0.0122317728,0,1.43160069,160,1.27999997,0.70082891,0.167150989,1.43302357,0.0015626403,0
108724826,108724,1.18666661,7.42329931,0.0121608106,0,1.43302357,159,1.18666661,0.696763098,0.154742122,1.43422377,0.00131990772,0
108744818,108744,1.18666661,7.43422222,0.0119903758,0,1.43422377,159,1.18666661,0.68699789,0.15451476,1.43544424,0.00134423934,0
108764810,108764,1.18666661,7.44549704,0.0118979895,0,1.43544424,159,1.18666661,0.681704521,0.154280767,1.436674,0.00135642267,0
108784802,108784,1.18666661,7.44121075,0.0100346524,0,1.436674,159,1.18666661,0.574943185,0.154369637,1.43816543,0.00164415024,0
108804794,108804,1.18666661,7.37876892,-0.0027473357,0,1.43816543,160,1.18666661,-0.157410726,0.155675963,1.44149804,0.00364309363,0
108824786,108824,1.02666664,7.31763935,-0.00292422995,0,1.44149804,158,1.02666664,-0.167546019,0.13581109,1.44450879,0.00326392846,0
108844778,108844,1.02666664,7.25770283,-0.00192045805,0,1.44450879,158,1.02666664,-0.110034138,0.136932671,1.44742203,0.00313239801,0
108864770,108864,1.02666664,7.19798136,-0.00150474696,0,1.44742203,159,1.02666664,-0.0862156451,0.138068795,1.45032179,0.00309220632,0
108884762,108884,1.02666664,7.13926077,-0.00116042374,0,1.45032179,159,1.02666664,-0.0664873794,0.139204413,1.45321715,0.00306237326,0
108904754,108904,1.02666664,7.08143854,-0.000864978298,0,1.45321715,159,1.02666664,-0.0495596044,0.140341073,1.45611441,0.00303956959,0
108924746,108924,0.719999969,7.02429914,-0.000621768879,0,1.45611441,155,0.719999969,-0.0356247313,0.0992216021,1.45818186,0.00215145922,0
108944738,108944,0.719999969,6.96789169,-0.000398070348,0,1.45818186,156,0.719999969,-0.022807749,0.100024842,1.46024728,0.00213208771,0
108964730,108964,0.719999969,6.91215181,-0.000251903286,0,1.46024728,156,0.719999969,-0.0144329946,0.100831442,1.46232247,0.00212504854,0
108984722,108984,0.719999969,6.85710001,-0.000106187428,0,1.46232247,156,0.719999969,-0.00608409103,0.101640955,1.46440721,0.00211775815,0
109004714,109004,0.719999969,6.80257463,-5.25118376e-05,0,1.46440721,157,0.719999969,-0.0030087065,0.102455653,1.46651649,0.00212569116,0
109024706,109024,0.626666665,6.74843979,6.23548694e-05,0,1.46651649,156,0.626666665,0.00357267074,0.0898897052,1.46836352,0.00184663129,0
109044698,109044,0.626666665,6.69485998,0.000260323111,0,1.46836352,156,0.626666665,0.0149154151,0.0906091034,1.47020614,0.00182752497,0
109064690,109064,0.626666665,6.64107609,0.00026174821,0,1.47020614,156,0.626666665,0.0149970669,0.091342926,1.47207844,0.00184207968,0
109084682,109084,0.626666665,6.58787107,0.000363619009,0,1.47207844,156,0.626666665,0.0208338331,0.0920806304,1.4739629,0.00183923705,0
109104674,109104,0.626666665,6.53523588,0.000413293688,0,1.4739629,157,0.626666665,0.0236799829,0.0928222537,1.47586894,0.00184534024,0
109124666,109124,0.680000007,6.48310328,0.000300441839,0,1.47586894,158,0.680000007,0.0172140487,0.101531968,1.47799778,0.00204465631,0
109144658,109144,0.680000007,6.43152523,0.000385944673,0,1.47799778,158,0.680000007,0.0221129991,0.102346204,1.48014486,0.0020458193,0
109164650,109164,0.680000007,6.38050127,0.000377404765,0,1.48014486,158,0.680000007,0.021623699,0.10316465,1.48232806,0.0020637135,0
109184642,109184,0.680000007,6.33003569,0.000392299582,0,1.48232806,159,0.680000007,0.022477109,0.103987135,1.48454332,0.00207746984,0
109204634,109204,0.680000007,6.28010845,0.000350846094,0,1.48454332,159,0.680000007,0.0201019999,0.104813829,1.4868021,0.00210154965,0
109224626,109224,0.799999952,6.23068905,0.000435596827,0,1.4868021,161,0.799999952,0.024957858,0.124288417,1.4894973,0.0024878215,0
109244618,109244,0.799999952,6.18177652,0.000512423227,0,1.4894973,161,0.799999952,0.0293596871,0.125271842,1.49221981,0.00249326462,0
109264610,109264,0.799999952,6.13274193,0.00047261914,0,1.49221981,162,0.799999952,0.0270790812,0.126273453,1.49499416,0.00252063712,0
109284602,109284,0.799999952,6.08421946,0.000468564569,0,1.49499416,162,0.799999952,0.0268467702,0.127280489,1.49781382,0.00254150317,0
109304594,109304,0.799999952,6.03623438,0.000470702973,0,1.49781382,163,0.799999952,0.0269692931,0.128292307,1.50067794,0.00256130099,0
109324586,109324,0.906666696,5.98876572,0.000536195817,0,1.50067794,165,0.906666696,0.0307217557,0.146550447,1.50397503,0.00292529329,0
109344578,109344,0.906666696,5.94184399,0.000515306485,0,1.50397503,165,0.906666696,0.0295248851,0.147707731,1.50732899,0.00295242271,0
109364570,109364,0.906666696,5.89537239,0.000612023869,0,1.50732899,166,0.906666696,0.0350663811,0.148872063,1.51071453,0.00295689632,0
109384562,109384,0.906666696,5.84944391,0.000501363189,0,1.51071453,166,0.906666696,0.0287259929,0.150040969,1.51417851,0.00300179212,0
109404554,109404,0.906666696,5.80393267,0.000439598225,0,1.51417851,167,0.906666696,0.0251871217,0.15121752,1.51771116,0.00303752511,0
109424546,109424,0.959999979,5.75892687,0.000460333977,0,1.51771116,168,0.959999979,0.0263751931,0.161363915,1.52151155,0.0032423567,0
109444538,109444,0.959999979,5.71440268,0.000475919718,0,1.52151155,169,0.959999979,0.0272681899,0.1626212,1.52536762,0.00326449447,0
109464530,109464,0.959999979,5.66975212,0.000488598482,0,1.52536762,169,0.959999979,0.027994629,0.16390188,1.52928162,0.0032876404,0
109484522,109484,0.959999979,5.62558317,0.000452879933,0,1.52928162,170,0.959999979,0.0259481072,0.165188745,1.53326607,0.00332072913,0
109504514,109504,0.959999979,5.58188581,0.000515360443,0,1.53326607,170,0.959999979,0.0295279771,0.166481912,1.53729761,0.00333389849,0
109524506,109524,1,5.53864717,0.000545514748,0,1.53729761,171,1,0.0312556922,0.174772501,1.54156077,0.00349812582,0
109544498,109544,1,5.49585581,0.000461908989,0,1.54156077,172,1,0.0264654346,0.17613329,1.54591203,0.00354279508,0
109564490,109564,1,5.45353031,0.000524252129,0,1.54591203,173,1,0.0300374329,0.177500293,1.5503149,0.00355719146,0
109584482,109584,1,5.41160107,0.000464959885,0,1.5503149,173,1,0.0266402382,0.178875566,1.55480194,0.00359730772,0
109604474,109604,1,5.3701086,0.000447782309,0,1.55480194,174,1,0.0256560352,0.180257648,1.55936313,0.00362876803,0
109624466,109624,1.02666664,5.32904387,0.000477186783,0,1.55936313,175,1.02666664,0.0273407865,0.186490595,1.56411362,0.00375048839,0
109644458,109644,1.02666664,5.28836727,0.000524870527,0,1.56411362,176,1.02666664,0.0300728641,0.187925026,1.56892431,0.00376900332,0
109664450,109664,1.02666664,5.24771357,0.000504068797,0,1.56892431,176,1.02666664,0.0288810134,0.189380884,1.5738157,0.00380274397,0
109684442,109684,1.02666664,5.20746946,0.000497488363,0,1.5738157,177,1.02666664,0.0285039824,0.190844432,1.57878482,0.0038335803,0
109704434,109704,1.02666664,5.16762733,0.000516168773,0,1.57878482,178,1.02666664,0.0295742899,0.192315847,1.58382547,0.00385899469,0
109724426,109724,1.0666666,5.12821484,0.000541227579,0,1.58382547,179,1.0666666,0.0310100541,0.201344267,1.58914185,0.00403905287,0
109744418,109744,1.0666666,5.08919048,0.000472374319,0,1.58914185,180,1.0666666,0.0270650536,0.202888191,1.59456062,0.0040855282,0
109764410,109764,1.0666666,5.05054283,0.000437525305,0,1.59456062,180,1.0666666,0.025068352,0.204440728,1.60007322,0.00412469776,0
109784402,109784,1.0666666,5.01228237,0.000409300497,0,1.60007322,181,1.0666666,0.0234511904,0.206001282,1.60567904,0.00416263612,0
109804394,109804,1.0666666,4.9743886,0.000479457085,0,1.60567904,182,1.0666666,0.0274708662,0.207570568,1.61134863,0.00417818455,0
109824386,109824,1.13333333,4.93692112,0.000484047312,0,1.61134863,184,1.13333333,0.0277338661,0.222217485,1.61747241,0.00447890209,0
109844378,109844,1.13333333,4.89979601,0.000435604248,0,1.61747241,185,1.13333333,0.0249582827,0.223901212,1.62370491,0.00452416809,0
109864370,109864,1.13333333,4.86267614,0.000484174525,0,1.62370491,186,1.13333333,0.0277411547,0.22561039,1.63001704,0.00454725791,0
109884362,109884,1.13333333,4.82593346,0.000395353476,0,1.63001704,186,1.13333333,0.022652084,0.227328092,1.63645518,0.00460296962,0
109904354,109904,1.13333333,4.78956938,0.000420149561,0,1.63645518,187,1.13333333,0.0240727961,0.229054049,1.64298308,0.00463198451,0
109924346,109924,1.17333329,4.75356388,0.000462261232,0,1.64298308,189,1.17333329,0.0264856163,0.238934517,1.64983487,0.00482521206,0
109944338,109944,1.17333329,4.71789789,0.000496681198,0,1.64983487,190,1.17333329,0.0284577347,0.240740791,1.65677869,0.00485332916,0
109964330,109964,1.17333329,4.68258667,0.000485999772,0,1.65677869,191,1.17333329,0.0278457347,0.242556214,1.66383135,0.00489254156,0
109984322,109984,1.17333329,4.64760542,0.000487732963,0,1.66383135,192,1.17333329,0.0279450379,0.244381875,1.67098999,0.00492893904,0
110004314,110004,1.17333329,4.6129632,0.000501979957,0,1.67098999,192,1.17333329,0.028761331,0.246217102,1.67825139,0.00496241497,0
110025139,110025,1.21333325,4.57864189,0.000496509951,0,1.67825139,194,1.21333325,0.0284479223,0.256519407,1.68626308,0.00517570646,0
110045131,110045,1.21333325,4.54473543,0.000455265428,0,1.68626308,195,1.21333325,0.0260847863,0.258433193,1.69402301,0.00522471964,0
110065123,110065,1.21333325,4.51111603,0.000427673833,0,1.69402301,196,1.21333325,0.0245039035,0.260359168,1.70190954,0.00527066598,0
110085115,110085,1.21333325,4.47642946,0.000425163482,0,1.70190954,197,1.21333325,0.0243600719,0.262376636,1.70991969,0.00531214941,0
110105107,110105,1.21333325,4.44345379,0.000509687641,0,1.70991969,198,1.21333325,0.0292029493,0.264323771,1.71801615,0.00532977469,0
110125099,110125,1.26666665,4.4107275,0.00042022331,0,1.71801615,201,1.26666665,0.0240770206,0.277989835,1.72663879,0.00563439773,0
110145091,110145,1.26666665,4.3783145,0.000561438093,0,1.72663879,202,1.26666665,0.0321680307,0.280047804,1.73533261,0.00563914981,0
110165083,110165,1.26666665,4.34618711,0.000499585993,0,1.73533261,203,1.26666665,0.0286241677,0.282117933,1.7441808,0.0056971428,0
110185075,110185,1.26666665,4.31435585,0.000473597494,0,1.7441808,204,1.26666665,0.0271351356,0.284199417,1.75317085,0.00574607914,0
110205067,110205,1.26666665,4.28277016,0.000430575281,0,1.75317085,205,1.26666665,0.0246701445,0.286295384,1.76231205,0.00579996826,0
110225059,110225,1.31999993,4.25151587,0.000503163901,0,1.76231205,207,1.31999993,0.0288291667,0.300543189,1.77195549,0.00607393077,0
110245051,110245,1.31999993,4.22051764,0.00052185962,0,1.77195549,209,1.31999993,0.0299003515,0.302750558,1.78173292,0.00611346588,0
110265043,110265,1.31999993,4.18979549,0.000528121251,0,1.78173292,210,1.31999993,0.0302591175,0.304970503,1.79165149,0.00615658099,0
110285035,110285,1.31999993,4.15933657,0.000541293353,0,1.79165149,211,1.31999993,0.0310138222,0.307203829,1.80171001,0.00619803695,0
110305027,110305,1.31999993,4.12914228,0.00050413463,0,1.80171001,212,1.31999993,0.0288847852,0.309450239,1.81193304,0.0062536723,0
110325019,110325,1.38666666,4.09918737,0.00045566968,0,1.81193304,215,1.38666666,0.0261079483,0.327454567,1.82286394,0.00663818745,0
110345011,110345,1.38666666,4.06950235,0.000501086237,0,1.82286394,217,1.38666666,0.028710125,0.329843193,1.83393371,0.00667382125,0
110365003,110365,1.38666666,4.04008436,0.000463703705,0,1.83393371,218,1.38666666,0.0265682638,0.332244962,1.8451829,0.00673301937,0
110384995,110384,1.38666666,4.01090384,0.000527402153,0,1.8451829,219,1.38666666,0.0302179158,0.334662139,1.85599661,0.00676380564,0
110404987,110404,1.38666666,3.98196411,0.000423115795,0,1.85599661,221,1.38666666,0.0242427476,0.337094367,1.86759639,0.00684297364,0
110424979,110424,1.4133333,3.95326114,0.000553199439,0,1.86759639,223,1.4133333,0.0316959918,0.346071512,1.87953126,0.00698986091,0
110444971,110444,1.4133333,3.92479157,0.000524166913,0,1.87953126,224,1.4133333,0.0300325509,0.348581851,1.89165449,0.00704904087,0
110464963,110464,1.4133333,3.89652443,0.000433485489,0,1.89165449,226,1.4133333,0.0248368885,0.351110637,1.9040004,0.00712684542,0
110484955,110484,1.4133333,3.86852074,0.000401965779,0,1.9040004,227,1.4133333,0.0230309423,0.353652269,1.91654205,0.00718777161,0
110504947,110504,1.4133333,3.84074879,0.00039407672,0,1.91654205,229,1.4133333,0.0225789323,0.356209487,1.92926979,0.00724209985,0
110524939,110524,1.42666662,3.81317949,0.000389348977,0,1.92926979,231,1.42666662,0.0223080516,0.362169653,1.94230855,0.00736581441,0
110544931,110544,1.42666662,3.78587675,0.000418878364,0,1.94230855,232,1.42666662,0.0239999611,0.364781559,1.95552015,0.00740999682,0
110564923,110564,1.42666662,3.75876379,0.000537596468,0,1.95552015,234,1.42666662,0.0308020078,0.367412806,1.968858,0.00742725376,0
110584915,110584,1.42666662,3.73189807,0.000530944148,0,1.968858,235,1.42666662,0.0304208566,0.370057791,1.98239231,0.00748276478,0
110604907,110604,1.42666662,3.70524526,0.000445847138,0,1.98239231,237,1.42666662,0.0255451575,0.372719675,1.99616992,0.00756290788,0
110624899,110624,1.5333333,3.67878985,0.000417018542,0,1.99616992,242,1.5333333,0.023893401,0.403467357,2.01122689,0.00820617657,0
110644891,110644,1.5333333,3.65259004,0.000403616461,0,2.01122689,244,1.5333333,0.0231255181,0.406361371,2.02650857,0.00826924201,0
110664883,110664,1.5333333,3.62660456,0.000489019905,0,2.02650857,245,1.5333333,0.0280187745,0.409273058,2.04195976,0.00830150861,0
110684875,110684,1.5333333,3.60081339,0.000548967044,0,2.04195976,247,1.5333333,0.031453494,0.412204504,2.05759716,0.00834189169,0
110704867,110704,1.5333333,3.57525253,0.00051049469,0,2.05759716,249,1.5333333,0.0292491894,0.415151507,2.07348228,0.00841386151,0
110724859,110724,1.58666658,3.54988241,0.000456706359,0,2.07348228,253,1.58666658,0.0261673462,0.432661772,2.09019971,0.00879183598,0
110744851,110744,1.58666658,3.52470565,0.000435457361,0,2.09019971,255,1.58666658,0.0249498673,0.435752243,2.1071701,0.00886154361,0
110764843,110764,1.58666658,3.49973226,0.000423119083,0,2.1071701,257,1.58666658,0.0242429357,0.438861668,2.12439132,0.00892881863,0
110784835,110784,1.58666658,3.47495127,0.000459636154,0,2.12439132,259,1.58666658,0.0263352096,0.441991329,2.14183569,0.00898045022,0
110804827,110804,1.58666658,3.45037818,0.000471122825,0,2.14183569,261,1.58666658,0.0269933473,0.44513911,2.15952182,0.00904059224,0
110824819,110824,1.62666667,3.42597222,0.000516630593,0,2.15952182,264,1.62666667,0.0296007507,0.459612131,2.17789102,0.00932328589,0
110844811,110844,1.62666667,3.40177464,0.00052084151,0,2.17789102,266,1.62666667,0.0298420191,0.462881476,2.19651961,0.00938818511,0
110864803,110864,1.62666667,3.37755299,0.000469370745,0,2.19651961,269,1.62666667,0.0268929619,0.466200948,2.21545124,0.00947297458,0
110884795,110884,1.62666667,3.35353637,0.000445973943,0,2.21545124,271,1.62666667,0.0255524237,0.469539702,2.23467112,0.00954881124,0
110904787,110904,1.62666667,3.32969928,0.000519260822,0,2.23467112,273,1.62666667,0.0297514517,0.472901106,2.25411606,0.00959194917,0
110924779,110924,1.65333331,3.3060689,0.000503088464,0,2.25411606,276,1.65333331,0.0288248435,0.484089077,2.27418065,0.00982743222,0
110944771,110944,1.65333331,3.28264928,0.000435409078,0,2.27418065,279,1.65333331,0.0249471013,0.487542778,2.29458117,0.0099211717,0
110964763,110964,1.65333331,3.25943565,0.00047708294,0,2.29458117,281,1.65333331,0.0273348372,0.491015047,2.31524301,0.00997717865,0
110984755,110984,1.65333331,3.23637986,0.000487861544,0,2.31524301,284,1.65333331,0.0279524066,0.494512975,2.33619237,0.0100444378,0
111004747,111004,1.65333331,3.21350384,0.000448038569,0,2.33619237,286,1.65333331,0.0256707184,0.498033315,2.35747075,0.0101301428,0
111024739,111024,1.73333323,3.19081998,0.000486339675,0,2.35747075,291,1.73333323,0.0278652087,0.525843561,2.38008451,0.0106898425,0
111044731,111044,1.73333323,3.16834807,0.000467385573,0,2.38008451,294,1.73333323,0.0267792195,0.529573143,2.40303469,0.0107725151,0
111064723,111064,1.73333323,3.14588571,0.000402347534,0,2.40303469,297,1.73333323,0.0230528135,0.533354402,2.42636466,0.010873124,0
111084715,111084,1.73333323,3.12363935,0.000460110372,0,2.42636466,299,1.73333323,0.0263623819,0.537152946,2.4499824,0.0109293712,0
111104707,111104,1.73333323,3.10160184,0.000524069299,0,2.4499824,302,1.73333323,0.0300269574,0.540969491,2.47388554,0.0109833973,0
111124699,111124,1.74666655,3.07969332,0.000398466684,0,2.47388554,305,1.74666655,0.0228304584,0.549008846,2.49842215,0.011194855,0
111144691,111144,1.74666655,3.05797172,0.000436512608,0,2.49842215,308,1.74666655,0.0250103287,0.552908599,2.52327704,0.0112601183,0
111164683,111164,1.74666655,3.03644037,0.000461790536,0,2.52327704,311,1.74666655,0.0264586471,0.556829274,2.54846454,0.0113304239,0
111184675,111184,1.74666655,3.01508117,0.000479074399,0,2.54846454,314,1.74666655,0.0274489392,0.560773909,2.57399535,0.0114041222,0
111204667,111204,1.74666655,2.99388456,0.000488608202,0,2.57399535,317,1.74666655,0.0279951859,0.564744174,2.59988093,0.0114812125,0
111224659,111224,1.82666671,2.9728651,0.0004614481,0,2.59988093,323,1.82666671,0.0264390279,0.594786167,2.62737966,0.0121110613,0
111244651,111244,1.82666671,2.9520278,0.000394752831,0,2.62737966,326,1.82666671,0.0226176698,0.59898454,2.65532708,0.0122224391,0
111264643,111264,1.82666671,2.93124151,0.000452266453,0,2.65532708,329,1.82666671,0.0259129573,0.603232145,2.68362045,0.0122866286,0
111284635,111284,1.82666671,2.91064048,0.000425291189,0,2.68362045,333,1.82666671,0.0243673883,0.607501686,2.71234035,0.0123842107,0
111304627,111304,1.82666671,2.89018393,0.000539141067,0,2.71234035,336,1.82666671,0.0308905058,0.611801565,2.74136281,0.0124267256,0
111324619,111324,1.88,2.86988401,0.000455556641,0,2.74136281,341,1.88,0.0261014719,0.634118319,2.77174997,0.0129196746,0
111344611,111344,1.88,2.84978199,0.000462290947,0,2.77174997,345,1.88,0.0264873188,0.638591349,2.80256104,0.0130081018,0
111364603,111364,1.88,2.8298254,0.000363087223,0,2.80256104,349,1.88,0.020803364,0.643094778,2.83390403,0.0131400097,0
111384595,111384,1.88,2.81004882,0.000379815348,0,2.83390403,352,1.88,0.021761816,0.647620797,2.8656733,0.0132256644,0
111404587,111404,1.88,2.7903955,0.000487602811,0,2.8656733,356,1.88,0.0279375818,0.652182162,2.89778471,0.0132745514,0
111424579,111424,1.9466666,2.77090526,0.000423367368,0,2.89778471,362,1.9466666,0.0242571626,0.680059195,2.93158627,0.0138756773,0
111444571,111444,1.9466666,2.75156999,0.000492108054,0,2.93158627,366,1.9466666,0.0281957127,0.684837937,2.96579432,0.0139445541,0
111464563,111464,1.9466666,2.73233604,0.000521687907,0,2.96579432,370,1.9466666,0.029890513,0.689658761,3.0004549,0.0140303094,0
111484555,111484,1.9466666,2.71323872,0.000529547804,0,3.0004549,374,1.9466666,0.0303408522,0.694513023,3.03559685,0.0141257439,0
111504547,111504,1.9466666,2.69431496,0.000531416212,0,3.03559685,378,1.9466666,0.030447904,0.699390948,3.07123232,0.0142241614,0
111524539,111524,1.98666668,2.67556787,0.000462294469,0,3.07123232,384,1.98666668,0.02648752,0.718763173,3.10819793,0.0146524357,0
111544531,111544,1.98666668,2.65693951,0.000438564457,0,3.10819793,388,1.98666668,0.0251278915,0.723802567,3.14570975,0.0147654004,0
111564523,111564,1.98666668,2.63844442,0.000436691567,0,3.14570975,392,1.98666668,0.0250205826,0.728876352,3.18375134,0.0148697169,0
111584515,111584,1.98666668,2.62009978,0.00050651381,0,3.18375134,397,1.98666668,0.0290211011,0.733979523,3.22224879,0.0149432896,0
111604507,111604,1.98666668,2.60191751,0.000521899608,0,3.22224879,401,1.98666668,0.0299026426,0.739108622,3.26126862,0.0150409369,0
111624499,111624,2.05333328,2.58388615,0.000508175232,0,3.26126862,408,2.05333328,0.0291162953,0.76924175,3.30219889,0.0156680029,0
111644491,111644,2.05333328,2.56595349,0.000446186459,0,3.30219889,413,2.05333328,0.0255645998,0.774617791,3.34377599,0.0158051848,0
111664483,111664,2.05333328,2.54820323,0.000520862231,0,3.34377599,418,2.05333328,0.0298432056,0.780013621,3.38584542,0.0158817004,0
111684475,111684,2.05333328,2.53061938,0.00051757996,0,3.38584542,422,2.05333328,0.0296551455,0.785433471,3.42850542,0.0159935392,0
111704467,111704,2.05333328,2.51318979,0.000431493652,0,3.42850542,427,2.05333328,0.0247227643,0.79088068,3.4718647,0.0161437094,0
111724459,111724,2.13333321,2.49585795,0.00039635232,0,3.4718647,436,2.13333321,0.0227093138,0.827400148,3.51760554,0.0169130117,0
111744451,111744,2.13333321,2.47865844,0.000433099689,0,3.51760554,441,2.13333321,0.0248147827,0.833141506,3.56393719,0.017013384,0
111764443,111764,2.13333321,2.46155405,0.000445948157,0,3.56393719,446,2.13333321,0.0255509466,0.838930726,3.61089849,0.0171256233,0
111784435,111784,2.13333321,2.44458318,0.000508118945,0,3.61089849,452,2.13333321,0.0291130692,0.844754755,3.65843368,0.0172153693,0
111804427,111804,2.13333321,2.42778015,0.000498169393,0,3.65843368,457,2.13333321,0.0285430029,0.850601435,3.70664215,0.0173392165,0
111824419,111824,2.14666677,2.41107082,0.000378098339,0,3.70664215,463,2.14666677,0.0216634385,0.861849546,3.75599051,0.0176270492,0
111844411,111844,2.14666677,2.39449906,0.000460561481,0,3.75599051,469,2.14666677,0.0263882279,0.867814183,3.80591321,0.0177095793,0
111864403,111864,2.14666677,2.37812257,0.000458600291,0,3.80591321,474,2.14666677,0.0262758601,0.873790205,3.85652852,0.0178324785,0
111884395,111884,2.14666677,2.36187768,0.000411996065,0,3.85652852,480,2.14666677,0.0236056335,0.879800081,3.90790701,0.0179777388,0
111904387,111904,2.14666677,2.34572649,0.000510211161,0,3.90790701,486,2.14666677,0.0292329453,0.88585788,3.95985746,0.0180535447,0
111924379,111924,2.26666665,2.32970524,0.000546897121,0,3.95985746,497,2.26666665,0.0313348956,0.94181031,4.01545715,0.0191898253,0
111944371,111944,2.26666665,2.31379223,0.000418821,0,4.01545715,503,2.26666665,0.0239966735,0.948287606,4.07200956,0.0193852317,0
111964363,111964,2.26666665,2.29799151,0.000450788677,0,4.07200956,510,2.26666665,0.025828287,0.954807878,4.12929535,0.0195025802,0
111984355,111984,2.26666665,2.28232121,0.000462284865,0,4.12929535,516,2.26666665,0.0264869705,0.961363494,4.18735361,0.0196307134,0
112004347,112004,2.26666665,2.26674318,0.000444789213,0,4.18735361,523,2.26666665,0.0254845433,0.967970431,4.24623871,0.0197744668,0
112024339,112024,2.27999997,2.25130105,0.000452632637,0,4.24623871,530,2.27999997,0.0259339381,0.980342984,4.30627775,0.0200245623,0
112044331,112044,2.27999997,2.2359302,0.000448260369,0,4.30627775,537,2.27999997,0.0256834254,0.987082362,4.36715174,0.0201644637,0
112064323,112064,2.27999997,2.2208724,0.000519897963,0,4.36715174,544,2.27999997,0.0297879577,0.993774891,4.42874193,0.0202642176,0
112084315,112084,2.27999997,2.2059145,0.000455109199,0,4.42874193,551,2.27999997,0.0260758344,1.00051355,4.49127293,0.0204352811,0
112105140,112105,2.27999997,2.19104218,0.000449325074,0,4.49127293,558,2.27999997,0.0257444289,1.00730479,4.55783463,0.0205770154,0
112125132,112125,2.38666654,2.1762991,0.000487459125,0,4.55783463,570,2.38666654,0.0279293489,1.06157327,4.62506676,0.0216765907,0
112145124,112145,2.38666654,2.16162515,0.000516183442,0,4.62506676,578,2.38666654,0.0295751318,1.06877959,4.69316721,0.0218085125,0
112165116,112165,2.38666654,2.14640951,0.000513172126,0,4.69316721,586,2.38666654,0.029402595,1.07635605,4.76224136,0.0219647195,0
112185108,112185,2.38666654,2.13192964,0.000506352808,0,4.76224136,593,2.38666654,0.0290118773,1.08366656,4.83226871,0.0221175645,0
112205100,112205,2.38666654,2.11754751,0.000391138514,0,4.83226871,601,2.38666654,0.0224105846,1.09102666,4.90344954,0.0223301332,0
112225092,112225,2.43999982,2.10323834,0.000440226082,0,4.90344954,612,2.43999982,0.025223095,1.12299562,4.97714376,0.022962464,0
112245084,112245,2.43999982,2.08931017,0.000462113094,0,4.97714376,620,2.43999982,0.0264771283,1.13048196,5.05178499,0.023103537,0
112265076,112265,2.43999982,2.07548332,0.000523859402,0,5.05178499,628,2.43999982,0.0300149303,1.13801324,5.12731314,0.0232233591,0
112285068,112285,2.43999982,2.06172609,0.000506266195,0,5.12731314,637,2.43999982,0.0290069152,1.14560676,5.2038846,0.0233880989,0
112305060,112305,2.43999982,2.04804039,0.000407735468,0,5.2038846,645,2.43999982,0.0233615208,1.15326214,5.28166485,0.0235995185,0
112325052,112325,2.55999994,2.03442788,0.000427000545,0,5.28166485,660,2.55999994,0.0244653281,1.21807611,5.36436749,0.0249262657,0
112345044,112345,2.55999994,2.02088857,0.000482700212,0,5.36436749,669,2.55999994,0.0276566837,1.22623694,5.44807625,0.0250616781,0
112365036,112365,2.55999994,2.0074451,0.000407507119,0,5.44807625,679,2.55999994,0.0233484376,1.23444879,5.53305435,0.0252724383,0
112385028,112385,2.55999994,1.99406648,0.000452965702,0,5.53305435,688,2.55999994,0.0259530209,1.24273098,5.61908817,0.0254158713,0
112405020,112405,2.55999994,1.98076665,0.000508395664,0,5.61908817,698,2.55999994,0.029128924,1.25107527,5.70617199,0.0255544577,0
112425012,112425,2.62666655,1.96754682,0.000466148398,0,5.70617199,711,2.62666655,0.0267083347,1.2922802,5.79683924,0.0264284238,0
112445004,112445,2.62666655,1.95468676,0.000447675906,0,5.79683924,721,2.62666655,0.0256499387,1.30078208,5.88874054,0.0266131274,0
112464996,112464,2.62666655,1.9419049,0.00040025718,0,5.88874054,731,2.62666655,0.0229330454,1.30934405,5.97729254,0.0268162824,0
112484988,112484,2.62666655,1.92919338,0.000409473229,0,5.97729254,741,2.62666655,0.0234610867,1.31797147,6.07171822,0.0269875024,0
112504980,112504,2.62666655,1.91654563,0.000418812386,0,6.07171822,752,2.62666655,0.0239961799,1.32666898,6.16737461,0.027160015,0
112524972,112524,2.65333343,1.90397167,0.000440216128,0,6.16737461,764,2.65333343,0.025222525,1.34898806,6.26524639,0.0276066158,0
112544964,112544,2.65333343,1.89144933,0.000489466416,0,6.26524639,774,2.65333343,0.0280443579,1.3579191,6.3643117,0.0277595483,0
112564956,112564,2.65333343,1.87900054,0.000494035834,0,6.3643117,785,2.65333343,0.0283061676,1.3669157,6.46468401,0.0279406756,0
112584948,112584,2.65333343,1.8666141,0.00045610487,0,6.46468401,797,2.65333343,0.0261328835,1.3759861,6.56647682,0.0281493682,0
112604940,112604,2.65333343,1.8542794,0.000397516385,0,6.56647682,808,2.65333343,0.0227760095,1.38513923,6.66976023,0.0283728261,0
112624932,112624,2.73333335,1.84202445,0.000469202234,0,6.66976023,824,2.73333335,0.026883306,1.43639541,6.77744198,0.0293856021,0
112644924,112644,2.73333335,1.83010328,0.000460927928,0,6.77744198,836,2.73333335,0.0264092237,1.44575191,6.88655043,0.0295821987,0
112664916,112664,2.73333335,1.81822014,0.000477797206,0,6.88655043,848,2.73333335,0.0273757614,1.45520079,6.99705029,0.0297649037,0
112684908,112684,2.73333335,1.80641568,0.000501432747,0,6.99705029,860,2.73333335,0.0287299789,1.46471012,7.10894299,0.0299444199,0
112704900,112704,2.73333335,1.79467607,0.000475300447,0,7.10894299,872,2.73333335,0.0272327084,1.47429132,7.22236729,0.0301569793,0
112724892,112724,2.82666659,1.7829982,0.00044514233,0,7.22236729,890,2.82666659,0.0255047753,1.53461862,7.34131908,0.0314208008,0
112744884,112744,2.82666659,1.77136362,0.000459738221,0,7.34131908,903,2.82666659,0.0263410583,1.54469824,7.46180248,0.0316177346,0
112764876,112764,2.82666659,1.75978804,0.000455069821,0,7.46180248,917,2.82666659,0.0260735787,1.55485892,7.58388758,0.0318287499,0
112784868,112784,2.82666659,1.74824929,0.000451403495,0,7.58388758,930,2.82666659,0.0258635134,1.56512129,7.70759916,0.032041233,0
112804860,112804,2.82666659,1.73683071,0.000510971877,0,7.70759916,944,2.82666659,0.0292765312,1.57541108,7.8327899,0.0322125815,0
112824852,112824,2.90666676,1.72547019,0.0004520652,0,7.8327899,962,2.90666676,0.0259014275,1.63066435,7.96341515,0.0333910771,0
112844844,112844,2.90666676,1.71440446,0.000477609108,0,7.96341515,977,2.90666676,0.0273649842,1.64118958,8.09566498,0.0335895233,0
112864836,112864,2.90666676,1.70339549,0.000450792286,0,8.09566498,991,2.90666676,0.0258284938,1.65179646,8.22970104,0.0338246524,0
112884828,112884,2.90666676,1.69244683,0.000466821133,0,8.22970104,1006,2.90666676,0.0267468784,1.66248214,8.36543369,0.0340326168,0
112904820,112904,2.90666676,1.6815114,0.000503989984,0,8.36543369,1021,2.90666676,0.0288764983,1.67329395,8.50283623,0.0342286117,0
112924812,112924,3,1.67063963,0.000500256079,0,8.50283623,1042,3,0.0286625605,1.73826218,8.64655685,0.0355712585,0
112944804,112944,3,1.65979958,0.000479973503,0,8.64655685,1057,3,0.0275004543,1.7496146,8.79221821,0.035817571,0
112964796,112964,3,1.64903677,0.00044342663,0,8.79221821,1073,3,0.0254064724,1.76103389,8.93989086,0.0360767394,0
112984788,112984,3,1.63831854,0.000511709659,0,8.93989086,1089,3,0.0293188021,1.77255487,9.08930588,0.0362650007,0
113004780,113004,3,1.62762713,0.000452158914,0,9.08930588,1106,3,0.0259067956,1.78419828,9.2408638,0.0365451388,0
113024772,113024,3.10666656,1.61700833,0.000477214518,0,9.2408638,1129,3.10666656,0.0273423772,1.85976982,9.3998518,0.0380866863,0
113044764,113044,3.10666656,1.60646057,0.000423710735,0,9.3998518,1147,3.10666656,0.0242768358,1.87198067,9.56109524,0.0383749194,0
113064756,113064,3.10666656,1.59611416,0.000441356009,0,9.56109524,1164,3.10666656,0.0252878349,1.88411534,9.7243824,0.0386110023,0
113084748,113084,3.10666656,1.58580649,0.000452171371,0,9.7243824,1182,3.10666656,0.025907509,1.89636195,9.88976574,0.0388541594,0
113104740,113104,3.10666656,1.57554388,0.000467703445,0,9.88976574,1200,3.10666656,0.0267974325,1.90871429,10.0572624,0.0390959457,0
113124732,113124,3.21333313,1.56534421,0.000458983239,0,10.0572624,1226,3.21333313,0.0262978002,1.98711348,10.2328529,0.0407199264,0
113144724,113144,3.21333313,1.55517054,0.000464820885,0,10.2328529,1245,3.21333313,0.0266322736,2.00011301,10.4107294,0.040982008,0
113164716,113164,3.21333313,1.54506791,0.000469483115,0,10.4107294,1264,3.21333313,0.0268993992,2.01319098,10.5909252,0.0412465185,0
113184708,113184,3.21333313,1.53500295,0.000525413081,0,10.5909252,1284,3.21333313,0.0301039498,2.02639127,10.7733078,0.0414752178,0
113204700,113204,3.21333313,1.52500391,0.000471043983,0,10.7733078,1303,3.21333313,0.0269888304,2.03967786,10.958271,0.0417880155,0
113224692,113224,3.33333325,1.51508522,0.000518039276,0,10.958271,1332,3.33333325,0.0296814628,2.12970018,11.1525621,0.0436101109,0
113244684,113244,3.33333325,1.50520396,0.000477581692,0,11.1525621,1353,3.33333325,0.0273634139,2.14368105,11.3495512,0.0439272001,0
113264676,113264,3.33333325,1.49548769,0.000437761977,0,11.3495512,1375,3.33333325,0.0250819121,2.15760851,11.5492458,0.0442431048,0
113284668,113284,3.33333325,1.48581326,0.00046483535,0,11.5492458,1396,3.33333325,0.0266331024,2.17165732,11.7514544,0.0445103049,0
113304660,113304,3.33333325,1.4761827,0.000509663427,0,11.7514544,1418,3.33333325,0.0292015616,2.18582511,11.956151,0.0447658896,0
113324652,113324,3.31999993,1.46660614,0.000472353975,0,11.956151,1439,3.31999993,0.0270638876,2.19129777,12.1628275,0.0449055284,0
113344644,113344,3.31999993,1.45708346,0.000435758993,0,12.1628275,1462,3.31999993,0.0249671489,2.20561886,12.3723469,0.0452277847,0
113364636,113364,3.31999993,1.44759059,0.000539135537,0,12.3723469,1484,3.31999993,0.0308901891,2.22008252,12.5842419,0.0454425365,0
113384628,113384,3.31999993,1.43816829,0.000479748996,0,12.5842419,1507,3.31999993,0.0274875909,2.23462749,12.7991447,0.0457875803,0
113404620,113404,3.31999993,1.42879593,0.000459424016,0,12.7991447,1531,3.31999993,0.0263230558,2.24928594,13.0169535,0.04610423,0
113424612,113424,3.45333314,1.41947806,0.000403076847,0,13.0169535,1565,3.45333314,0.0230946001,2.35497642,13.2467804,0.0483309813,0
113444604,113444,3.45333314,1.4102056,0.000476087152,0,13.2467804,1589,3.45333314,0.0272777826,2.37046123,13.4793558,0.0485894419,0
113464596,113464,3.45333314,1.40114963,0.000509463483,0,13.4793558,1614,3.45333314,0.0291901063,2.385782,13.7148151,0.0488761924,0
113484588,113484,3.45333314,1.39213645,0.000456984097,0,13.7148151,1640,3.45333314,0.0261832587,2.40122843,13.9535427,0.0492358282,0
113504580,113504,3.45333314,1.38316798,0.000490202336,0,13.9535427,1666,3.45333314,0.0280865226,2.41679811,14.1952419,0.0495275594,0
113524572,113524,3.65333343,1.37422121,0.00042756644,0,14.1952419,1708,3.65333343,0.0244977511,2.57341266,14.4546528,0.0528129749,0
113544564,113544,3.65333343,1.36532187,0.00047275456,0,14.4546528,1736,3.65333343,0.0270868391,2.59018636,14.7172689,0.0531192906,0
113564556,113564,3.65333343,1.35646725,0.000488902268,0,14.7172689,1764,3.65333343,0.0280120354,2.60709429,14.9832563,0.0534523949,0
113584548,113584,3.65333343,1.34767675,0.000414915703,0,14.9832563,1767,3.65333343,0.0237729177,2.62409973,15,0.0538639575,0
113604540,113604,3.65333343,1.33893204,0.000404567516,0,15,1769,3.65333343,0.0231800098,2.64123797,15,0.0542246103,0
113624532,113624,3.68000007,1.33023274,0.000428299187,0,15,1773,3.68000007,0.0245397352,2.67791629,15,0.0549597107,0
113644524,113644,3.68000007,1.32157719,0.000464386714,0,15,1775,3.68000007,0.0266073979,2.69545507,15,0.0552883707,0
113664516,113664,3.68000007,1.31313717,0.000461552525,0,15,1776,3.68000007,0.0264450107,2.71277952,15,0.0556462035,0
113684508,113684,3.68000007,1.3047024,0.000509710982,0,15,1778,3.68000007,0.0292042866,2.73031759,15,0.0559636541,0
113704500,113704,3.68000007,1.29633439,0.000513576088,0,15,1780,3.68000007,0.0294257402,2.74794197,15,0.0563214868,0
113724492,113724,3.83999991,1.2879957,0.000452541019,0,15,1794,3.83999991,0.0259286892,2.8859818,15,0.0592249036,0
113744484,113744,3.83999991,1.27969658,0.000521643728,0,15,1796,3.83999991,0.0298879817,2.90469813,15,0.0595471114,0
113764476,113764,3.83999991,1.27143824,0.000440825621,0,15,1798,3.83999991,0.0252574459,2.92356491,15,0.0600067303,0
113784468,113784,3.83999991,1.26323044,0.00047188194,0,15,1800,3.83999991,0.027036842,2.94256067,15,0.0603684448,0
113804460,113804,3.83999991,1.25503874,0.00048910873,0,15,1802,3.83999991,0.0280238651,2.96176672,15,0.0607467443,0
113824452,113824,3.9333334,1.24691272,0.000520274509,0,15,1811,3.9333334,0.0298095327,3.05352521,15,0.0626110137,0
113844444,113844,3.9333334,1.23882675,0.000490285398,0,15,1813,3.9333334,0.0280912817,3.07345605,15,0.0630474314,0
113864436,113864,3.9333334,1.2309742,0.00048181694,0,15,1815,3.9333334,0.0276060756,3.09306192,15,0.0634574965,0
113884428,113884,3.9333334,1.22316265,0.000449556712,0,15,1817,3.9333334,0.0257577002,3.11281514,15,0.0638929829,0
113904420,113904,3.9333334,1.21539021,0.000431968336,0,15,1819,3.9333334,0.0247499608,3.1327219,15,0.0643181652,0
113924412,113924,3.94666672,1.20765436,0.000522857648,0,15,1822,3.94666672,0.0299575347,3.16347647,15,0.0648647398,0
113944404,113944,3.94666672,1.19994509,0.000499210146,0,15,1824,3.94666672,0.0286026336,3.1838007,15,0.0653040558,0
113964396,113964,3.94666672,1.19226146,0.00051633385,0,15,1827,3.94666672,0.0295837484,3.204319,15,0.065708451,0
113984388,113984,3.94666672,1.18462574,0.000530911493,0,15,1829,3.94666672,0.0304189865,3.2249732,15,0.0661178902,0
114004380,114004,3.94666672,1.17703271,0.000465049408,0,15,1831,3.94666672,0.0266453661,3.24577737,15,0.0666085333,0
114024372,114024,4.19999981,1.16946673,0.000463299686,0,15,1854,4.19999981,0.0265451148,3.47646785,15,0.071373634,0
114044364,114044,4.19999981,1.1619333,0.000362337189,0,15,1857,4.19999981,0.0207603909,3.49900746,15,0.0719359592,0
114064356,114064,4.19999981,1.15465105,0.000430821528,0,15,1859,4.19999981,0.0246842541,3.52107525,15,0.0723216832,0
114084348,114084,4.19999981,1.14739501,0.000475695182,0,15,1861,4.19999981,0.0272553246,3.54334211,15,0.0727342218,0
114104340,114104,4.19999981,1.14016593,0.000455860252,0,15,1863,4.19999981,0.0261188671,3.5658083,15,0.0732153207,0
114124332,114124,4.30666685,1.13299584,0.000392464804,0,15,1875,4.30666685,0.0224865749,3.67950773,15,0.0756256953,0
114144324,114144,4.30666685,1.1258297,0.000419114338,0,15,1877,4.30666685,0.024013482,3.70292854,15,0.0760799423,0
114164316,114164,4.30666685,1.11870098,0.000496106921,0,15,1880,4.30666685,0.0284248311,3.72652483,15,0.0764858872,0
114185141,114185,4.30666685,1.1116184,0.000479805225,0,15,1882,4.30666685,0.0274908133,3.75026822,15,0.0769900233,0
114205133,114205,4.30666685,1.10453105,0.000505146221,0,15,1885,4.30666685,0.0289427452,3.77433228,15,0.0774577484,0
114225125,114225,4.34666681,1.09745538,0.00045747179,0,15,1891,4.34666681,0.0262112021,3.83394837,15,0.0787358731,0
114245117,114245,4.34666681,1.09072649,0.000532312028,0,15,1893,4.34666681,0.0304992311,3.85760069,15,0.0791429803,0
114265109,114265,4.34666681,1.08367431,0.000450809428,0,15,1896,4.34666681,0.0258294754,3.8827045,15,0.0797442049,0
114285101,114285,4.34666681,1.07693815,0.000482000672,0,15,1898,4.34666681,0.0276166033,3.90699053,15,0.0802098066,0
114305093,114305,4.34666681,1.07022107,0.000478251168,0,15,1901,4.34666681,0.0274017714,3.93151212,15,0.0807172507,0
114325085,114325,4.62666655,1.06356394,0.000386403262,0,15,1929,4.62666655,0.0221392754,4.2109623,15,0.086586751,0
114345077,114345,4.62666655,1.05689681,0.000506883836,0,15,1932,4.62666655,0.0290423036,4.23752594,15,0.0870023295,0
114365069,114365,4.62666655,1.05026352,0.000512240513,0,15,1935,4.62666655,0.0293492172,4.26428938,15,0.087545976,0
114385061,114385,4.62666655,1.04368544,0.000427401013,0,15,1937,4.62666655,0.0244882721,4.29116631,15,0.0881909057,0
114405053,114405,4.62666655,1.03712034,0.000405145605,0,15,1940,4.62666655,0.0232131314,4.31832981,15,0.0887737572,0
114425045,114425,4.74666643,1.0305711,0.000507436867,0,15,1955,4.74666643,0.029073989,4.45848751,15,0.0915529728,0
114445037,114445,4.74666643,1.0243063,0.000491856888,0,15,1957,4.74666643,0.0281813219,4.48575592,15,0.0921303555,0
114465029,114465,4.74666643,1.01806509,0.000456402515,0,15,1960,4.74666643,0.026149936,4.5132556,15,0.0927350596,0
114485021,114485,4.74666643,1.01181352,0.000481117459,0,15,1963,4.74666643,0.027565999,4.54114103,15,0.0932800397,0
114505013,114505,4.74666643,1.0055871,0.000442201679,0,15,1966,4.74666643,0.0253362879,4.56925917,15,0.0939019695,0
114525005,114525,4.77333307,0.999391794,0.000490579638,0,15,1971,4.77333307,0.0281081405,4.62060165,15,0.0949044973,0
114544997,114544,4.77333307,0.993185759,0.000519428402,0,15,1971,4.77333307,0.0297610536,4.62060165,15,0.094871439,0
114564989,114564,4.77333307,0.987002373,0.000503897259,0,15,1971,4.77333307,0.0288711842,4.62060165,15,0.0948892385,0
114584981,114584,4.77333307,0.980869651,0.000521255599,0,15,1971,4.77333307,0.0298657436,4.62060165,15,0.0948693454,0
114604973,114604,4.77333307,0.974725246,0.000462683325,0,15,1971,4.77333307,0.0265098009,4.62060165,15,0.0949364677,0
114624965,114624,4.90666628,0.968662143,0.00038548492,0,15,1984,4.90666628,0.0220866576,4.7496686,15,0.0976915881,0
114644957,114644,4.90666628,0.962840974,0.000397894881,0,15,1984,4.90666628,0.0227976963,4.7496686,15,0.0976773724,0
114664949,114664,4.90666628,0.957012296,0.000467370293,0,15,1984,4.90666628,0.0267783441,4.7496686,15,0.0975977555,0
114684941,114684,4.90666628,0.951182783,0.000475030683,0,15,1984,4.90666628,0.0272172522,4.7496686,15,0.0975889787,0
114704933,114704,4.90666628,0.945362806,0.000436274917,0,15,1984,4.90666628,0.0249967109,4.7496686,15,0.0976333916,0
114724925,114724,5.03999996,0.939575255,0.000441535405,0,15,1997,5.03999996,0.025298113,4.87873602,15,0.100294031,0
114744917,114744,5.03999996,0.933809102,0.000447690545,0,15,1997,5.03999996,0.0256507769,4.87873602,15,0.100286976,0
114764909,114764,5.03999996,0.928051293,0.000508745026,0,15,1997,5.03999996,0.0291489419,4.87873602,15,0.100217015,0
114784901,114784,5.03999996,0.922299922,0.000484747958,0,15,1997,5.03999996,0.0277740099,4.87873602,15,0.100244522,0
114804893,114804,5.03999996,0.916582227,0.000467247475,0,15,1997,5.03999996,0.026771307,4.87873602,15,0.100264564,0
114824885,114824,5.19999981,0.910891652,0.000462013268,0,15,2013,5.19999981,0.0264714081,5.03361654,15,0.103470564,0
114844877,114844,5.19999981,0.905375063,0.00043788983,0,15,2013,5.19999981,0.0250892378,5.03361654,15,0.103498206,0
114864869,114864,5.19999981,0.899868488,0.000487546728,0,15,2013,5.19999981,0.0279343687,5.03361654,15,0.103441305,0
114884861,114884,5.19999981,0.894374073,0.000548285665,0,15,2013,5.19999981,0.0314144529,5.03361654,15,0.103371702,0
114904853,114904,5.19999981,0.888892055,0.000548764481,0,15,2013,5.19999981,0.031441886,5.03361654,15,0.103371158,0
114924845,114924,5.32000017,0.883439958,0.000474685628,0,15,2025,5.32000017,0.0271974821,5.14977741,15,0.105856054,0
114944837,114944,5.32000017,0.877986908,0.000481778174,0,15,2025,5.32000017,0.0276038554,5.14977741,15,0.105847925,0
114964829,114964,5.32000017,0.872598708,0.00047198424,0,15,2025,5.32000017,0.0270427037,5.14977741,15,0.105859146,0
114984821,114984,5.32000017,0.867182136,0.000454627123,0,15,2025,5.32000017,0.0260482132,5.14977741,15,0.105879039,0
115004813,115004,5.32000017,0.8617782,0.000460852549,0,15,2025,5.32000017,0.0264049042,5.14977741,15,0.105871901,0
115024805,115024,5.4666667,0.856397092,0.000447795464,0,15,2040,5.4666667,0.0256567895,5.29175091,15,0.1088202,0
115044797,115044,5.4666667,0.851041496,0.00045181287,0,15,2040,5.4666667,0.0258869696,5.29175091,15,0.108815588,0
115064789,115064,5.4666667,0.845805943,0.000494471809,0,15,2040,5.4666667,0.0283311456,5.29175091,15,0.108766705,0
115084781,115084,5.4666667,0.84057343,0.000496504945,0,15,2040,5.4666667,0.0284476355,5.29175091,15,0.10876438,0
115104773,115104,5.4666667,0.835384429,0.000534693885,0,15,2040,5.4666667,0.0306357015,5.29175091,15,0.108720616,0
115124765,115124,5.63999987,0.830213428,0.000487696845,0,15,2057,5.63999987,0.0279429685,5.45953751,15,0.112241134,0
115144757,115144,5.63999987,0.825041294,0.000460304931,0,15,2057,5.63999987,0.0263735279,5.45953751,15,0.112272531,0
115164749,115164,5.63999987,0.819912136,0.000470606145,0,15,2057,5.63999987,0.0269637443,5.45953751,15,0.112260722,0
115184741,115184,5.63999987,0.814811051,0.000505619566,0,15,2057,5.63999987,0.0289698653,5.45953751,15,0.1122206,0
115204733,115204,5.63999987,0.809736371,0.000521863578,0,15,2057,5.63999987,0.0299005788,5.45953751,15,0.112201981,0
115224725,115224,5.79999971,0.804639876,0.000450711843,0,15,2072,5.79999971,0.0258238856,5.61441851,15,0.115483508,0
115244717,115244,5.79999971,0.799586892,0.000401274388,0,15,2072,5.79999971,0.0229913276,5.61441851,15,0.115540169,0
115264709,115264,5.79999971,0.794667363,0.000532229431,0,15,2072,5.79999971,0.0304944981,5.61441851,15,0.1153901,0
115284701,115284,5.79999971,0.789771676,0.000484764401,0,15,2072,5.79999971,0.0277749524,5.61441851,15,0.115444496,0
115304693,115304,5.79999971,0.784906745,0.000396942603,0,15,2072,5.79999971,0.0227431338,5.61441851,15,0.115545124,0
115324685,115324,5.95999956,0.780057132,0.000473231688,0,15,2088,5.95999956,0.0271141771,5.76929855,15,0.118657701,0
115344677,115344,5.95999956,0.775186419,0.000505465141,0,15,2088,5.95999956,0.0289610177,5.76929855,15,0.118620768,0
115364669,115364,5.95999956,0.770381033,0.000464660523,0,15,2088,5.95999956,0.0266230851,5.76929855,15,0.118667521,0
115384661,115384,5.95999956,0.7655496,0.000447952858,0,15,2088,5.95999956,0.0256658066,5.76929855,15,0.118686676,0
115404653,115404,5.95999956,0.760770738,0.000468221318,0,15,2088,5.95999956,0.0268271044,5.76929855,15,0.118663445,0
115424645,115424,6.13333321,0.755980313,0.000402832753,0,15,2105,6.13333321,0.0230806153,5.93708611,15,0.122205041,0
115444637,115444,6.13333321,0.751233816,0.000440282864,0,15,2105,6.13333321,0.025226349,5.93708611,15,0.122162141,0
115464629,115464,6.13333321,0.746666253,0.000485427154,0,15,2105,6.13333321,0.0278129261,5.93708611,15,0.122110404,0
115484621,115484,6.13333321,0.742114723,0.00044595261,0,15,2105,6.13333321,0.0255512018,5.93708611,15,0.122155637,0
115504613,115504,6.13333321,0.737579167,0.000467672915,0,15,2105,6.13333321,0.0267956834,5.93708611,15,0.122130744,0
115524605,115524,6.31999969,0.733029544,0.000459553325,0,15,2124,6.31999969,0.0263304636,6.11777973,15,0.125873387,0
115544597,115544,6.31999969,0.728531063,0.000462837488,0,15,2124,6.31999969,0.0265186336,6.11777973,15,0.125869617,0
115564589,115564,6.31999969,0.724044442,0.000544747454,0,15,2124,6.31999969,0.0312117282,6.11777973,15,0.125775754,0
115584581,115584,6.31999969,0.719572484,0.000524225063,0,15,2124,6.31999969,0.0300358813,6.11777973,15,0.125799268,0
115604573,115604,6.31999969,0.715094805,0.000444268313,0,15,2124,6.31999969,0.0254546981,6.11777973,15,0.125890896,0
115624565,115624,6.23999977,0.710646987,0.000413463102,0,15,2116,6.23999977,0.0236896891,6.04033995,15,0.124326199,0
115644557,115644,6.23999977,0.706221938,0.000539099972,0,15,2116,6.23999977,0.0308881514,6.04033995,15,0.124182232,0
115664549,115664,6.23999977,0.70196861,0.00052129,0,15,2116,6.23999977,0.0298677161,6.04033995,15,0.124202639,0
115684541,115684,6.23999977,0.697701335,0.000476557063,0,15,2116,6.23999977,0.0273047071,6.04033995,15,0.124253899,0
115704533,115704,6.23999977,0.693417251,0.000467284699,0,15,2116,6.23999977,0.0267734397,6.04033995,15,0.124264523,0
115724525,115724,6.4666667,0.68917954,0.000513555773,0,15,2138,6.4666667,0.0294245761,6.2597537,15,0.128744841,0
115744517,115744,6.4666667,0.68495971,0.000449481246,0,15,2138,6.4666667,0.025753377,6.2597537,15,0.128818259,0
115764509,115764,6.4666667,0.680761576,0.000462953554,0,15,2138,6.4666667,0.0265252832,6.2597537,15,0.128802821,0
115784501,115784,6.4666667,0.676568449,0.000473155204,0,15,2138,6.4666667,0.0271097943,6.2597537,15,0.128791139,0
115804493,115804,6.4666667,0.672363281,0.000420056604,0,15,2138,6.4666667,0.0240674689,6.2597537,15,0.12885198,0
115824485,115824,6.70666647,0.668200254,0.000436398695,0,15,2162,6.70666647,0.025003802,6.49207449,15,0.133633241,0
115844477,115844,6.70666647,0.664045155,0.000441845099,0,15,2162,6.70666647,0.0253158584,6.49207449,15,0.133627012,0
115864469,115864,6.70666647,0.660027862,0.000473443535,0,15,2162,6.70666647,0.0271263141,6.49207449,15,0.133590803,0
115884461,115884,6.70666647,0.656049609,0.000487041019,0,15,2162,6.70666647,0.0279053934,6.49207449,15,0.133575216,0
115904453,115904,6.70666647,0.652073145,0.0004932257,0,15,2162,6.70666647,0.0282597486,6.49207449,15,0.133568138,0
115924445,115924,7.03999949,0.648111761,0.00050921808,0,15,2195,7.03999949,0.0291760452,6.81474209,15,0.140216455,0
115944437,115944,7.03999949,0.644160628,0.000460912328,0,15,2195,7.03999949,0.0264083296,6.81474209,15,0.140271828,0
115964429,115964,7.03999949,0.640194237,0.000426463259,0,15,2195,7.03999949,0.0244345441,6.81474209,15,0.140311301,0
115984421,115984,7.03999949,0.636249721,0.000457728049,0,15,2195,7.03999949,0.0262258835,6.81474209,15,0.140275463,0
116004413,116004,7.03999949,0.632331669,0.000441228127,0,15,2195,7.03999949,0.0252805073,6.81474209,15,0.140294373,0
116024405,116024,7.31999969,0.628419399,0.000540616224,0,15,2223,7.31999969,0.030975027,7.08578348,15,0.145780489,0
116044397,116044,7.31999969,0.624551058,0.000569797237,0,15,2223,7.31999969,0.0326469764,7.08578348,15,0.145747051,0
116064389,116064,7.31999969,0.620776236,0.000484169053,0,15,2223,7.31999969,0.0277408417,7.08578348,15,0.145845175,0
116084381,116084,7.31999969,0.617011428,0.00043329125,0,15,2223,7.31999969,0.0248257592,7.08578348,15,0.145903483,0
116104373,116104,7.31999969,0.61327064,0.000456832349,0,15,2223,7.31999969,0.0261745639,7.08578348,15,0.145876497,0
116124365,116124,7.26666641,0.609556675,0.000526232063,0,15,2217,7.26666641,0.0301508754,7.03415632,15,0.144730315,0
116144357,116144,7.26666641,0.605827987,0.000506935641,0,15,2217,7.26666641,0.0290452708,7.03415632,15,0.144752428,0
116164349,116164,7.26666641,0.602116168,0.000450931111,0,15,2217,7.26666641,0.0258364473,7.03415632,15,0.144816592,0
116184341,116184,7.26666641,0.598403454,0.00045142867,0,15,2217,7.26666641,0.0258649569,7.03415632,15,0.144816026,0
116204333,116204,7.26666641,0.594727993,0.000492587686,0,15,2217,7.26666641,0.0282231942,7.03415632,15,0.144768864,0
116224325,116224,7.51999998,0.591057062,0.000461405289,0,15,2242,7.51999998,0.0264365748,7.27938414,15,0.14987126,0
116244317,116244,7.51999998,0.587390304,0.000434070069,0,15,2242,7.51999998,0.0248703808,7.27938414,15,0.149902582,0
116265142,116265,7.51999998,0.583863795,0.00040674652,0,15,2242,7.51999998,0.0233048573,7.27938414,15,0.149933904,0
116285134,116285,7.51999998,0.58035171,0.00054317282,0,15,2242,7.51999998,0.0311215091,7.27938414,15,0.149777561,0
116305126,116305,7.51999998,0.576815844,0.000448959006,0,15,2242,7.51999998,0.0257234555,7.27938414,15,0.14988552,0
116325118,116325,7.95999956,0.573310912,0.000570034143,0,15,2286,7.95999956,0.0326605476,7.7053051,15,0.158546776,0
116345110,116345,7.95999956,0.569693565,0.000493020809,0,15,2286,7.95999956,0.0282480102,7.7053051,15,0.158635035,0
116365102,116365,7.95999956,0.566223443,0.000461564516,0,15,2286,7.95999956,0.026445698,7.7053051,15,0.158671066,0
116385094,116385,7.95999956,0.562774599,0.000466462516,0,15,2286,7.95999956,0.0267263316,7.7053051,15,0.158665463,0
116405086,116405,7.95999956,0.559332013,0.000429662497,0,15,2286,7.95999956,0.0246178471,7.7053051,15,0.158707634,0
116425078,116425,7.92000008,0.555858254,0.000466940459,0,15,2282,7.92000008,0.0267537162,7.66658497,15,0.157864913,0
116445070,116445,7.92000008,0.552589059,0.00048327964,0,15,2282,7.92000008,0.0276898816,7.66658497,15,0.157846197,0
116465062,116465,7.92000008,0.549323082,0.00053727458,0,15,2282,7.92000008,0.0307835639,7.66658497,15,0.157784328,0
116485054,116485,7.92000008,0.54606843,0.000454884517,0,15,2282,7.92000008,0.0260629617,7.66658497,15,0.157878742,0
116505046,116505,7.92000008,0.542835534,0.000497100293,0,15,2282,7.92000008,0.028481748,7.66658497,15,0.157830358,0
116525038,116525,8.19999981,0.539566398,0.000461479038,0,15,2310,8.19999981,0.0264407992,7.93762589,15,0.163471177,0
116545030,116545,8.19999981,0.536354065,0.000540624664,0,15,2310,8.19999981,0.0309755094,7.93762589,15,0.163380489,0
116565022,116565,8.19999981,0.533140957,0.000500146882,0,15,2310,8.19999981,0.0286563039,7.93762589,15,0.163426876,0
116585014,116585,8.19999981,0.529916465,0.000425633567,0,15,2310,8.19999981,0.0243870057,7.93762589,15,0.163512245,0
116605006,116605,8.19999981,0.526714742,0.000413600123,0,15,2310,8.19999981,0.0236975402,7.93762589,15,0.163526028,0
116624998,116624,8.27999973,0.523518622,0.000444142206,0,15,2318,8.27999973,0.0254474729,8.01506615,15,0.165091038,0
116644990,116644,8.27999973,0.520483136,0.000518778164,0,15,2318,8.27999973,0.029723797,8.01506615,15,0.165005505,0
116664982,116664,8.27999973,0.517434299,0.000444006932,0,15,2318,8.27999973,0.0254397225,8.01506615,15,0.165091202,0
116684974,116684,8.27999973,0.51440382,0.000481679657,0,15,2318,8.27999973,0.0275982097,8.01506615,15,0.165048018,0
116704966,116704,8.27999973,0.511365891,0.000450798805,0,15,2318,8.27999973,0.0258288682,8.01506615,15,0.165083408,0
116724958,116724,8.57333279,0.508334041,0.000508749625,0,15,2346,8.57333279,0.0291492045,8.29901314,15,0.17088367,0
116744950,116744,8.57333279,0.505289614,0.0004331526,0,15,2346,8.57333279,0.0248178151,8.29901314,15,0.170970306,0
116764942,116764,8.57333279,0.50225395,0.00054367783,0,15,2346,8.57333279,0.0311504435,8.29901314,15,0.170843631,0
116784934,116784,8.57333279,0.499236971,0.000516762433,0,15,2346,8.57333279,0.0296083055,8.29901314,15,0.170874476,0
116804926,116804,8.57333279,0.496238738,0.00045750197,0,15,2346,8.57333279,0.0262129307,8.29901314,15,0.170942396,0
116824918,116824,8.88000011,0.493231297,0.000439331605,0,15,2377,8.88000011,0.0251718462,8.59586811,15,0.177096561,0
116844910,116844,8.88000011,0.490297377,0.000471659208,0,15,2377,8.88000011,0.027024081,8.59586811,15,0.177059516,0
116864902,116864,8.88000011,0.487392724,0.000532330887,0,15,2377,8.88000011,0.0305003114,8.59586811,15,0.176989987,0
116884894,116884,8.88000011,0.484483451,0.000519521534,0,15,2377,8.88000011,0.0297663901,8.59586811,15,0.17700468,0
116904886,116904,8.88000011,0.481555849,0.000471680862,0,15,2377,8.88000011,0.0270253215,8.59586811,15,0.177059487,0
116924878,116924,9.01333332,0.47866568,0.000526351272,0,15,2390,9.01333332,0.0301577039,8.72493553,15,0.179663494,0
116944870,116944,9.01333332,0.475770891,0.000465519901,0,15,2390,9.01333332,0.0266723242,8.72493553,15,0.179733217,0
116964862,116964,9.01333332,0.472913235,0.000493769359,0,15,2390,9.01333332,0.0282908995,8.72493553,15,0.179700851,0
116984854,116984,9.01333332,0.470044196,0.000448711246,0,15,2390,9.01333332,0.0257092584,8.72493553,15,0.179752484,0
117004846,117004,9.01333332,0.467149436,0.000451195461,0,15,2390,9.01333332,0.0258515943,8.72493553,15,0.179749638,0
117024838,117024,9.34666634,0.464293689,0.000487155368,0,15,2423,9.34666634,0.0279119443,9.04760265,15,0.186375082,0
117044830,117044,9.34666634,0.461507171,0.000522339833,0,15,2423,9.34666634,0.0299278665,9.04760265,15,0.186334759,0
117064822,117064,9.34666634,0.458752096,0.000463997276,0,15,2423,9.34666634,0.0265850835,9.04760265,15,0.186401635,0
117084814,117084,9.34666634,0.455988705,0.000609863433,0,15,2423,9.34666634,0.0349425972,9.04760265,15,0.186234474,0
117104806,117104,9.34666634,0.453234285,0.000500274764,0,15,2423,9.34666634,0.0286636315,9.04760265,15,0.186360046,0
117124798,117124,9.49333286,0.450507104,0.000529437268,0,15,2437,9.49333286,0.0303345192,9.18957615,15,0.189259961,0
117144790,117144,9.49333286,0.447771847,0.000526261458,0,15,2437,9.49333286,0.0301525593,9.18957615,15,0.189263612,0
117164782,117164,9.49333286,0.445046246,0.000549607212,0,15,2437,9.49333286,0.0314901732,9.18957615,15,0.18923685,0
117184774,117184,9.49333286,0.442320317,0.000476069952,0,15,2437,9.49333286,0.0272767972,9.18957615,15,0.189321116,0
117204766,117204,9.49333286,0.439618438,0.000496485736,0,15,2437,9.49333286,0.0284465365,9.18957615,15,0.189297736,0
117224758,117224,9.90666676,0.436938137,0.000415355753,0,15,2478,9.90666676,0.0237981305,9.58968544,15,0.197657377,0
117244750,117244,9.90666676,0.434221357,0.00047203002,0,15,2478,9.90666676,0.0270453263,9.58968544,15,0.197592422,0
117264742,117264,9.90666676,0.431547642,0.000395750627,0,15,2478,9.90666676,0.0226748399,9.58968544,15,0.197679833,0
117284734,117284,9.90666676,0.428881824,0.00039455964,0,15,2478,9.90666676,0.0226066001,9.58968544,15,0.197681189,0
117304726,117304,9.90666676,0.42626971,0.00043806649,0,15,2478,9.90666676,0.0250993595,9.58968544,15,0.197631329,0
117324718,117324,10.0666666,0.423640102,0.000444164354,0,15,2494,10.0666666,0.0254487414,9.74456501,15,0.20082435,0
117344710,117344,10.0666666,0.421034336,0.000500523893,0,15,2494,10.0666666,0.028677905,9.74456501,15,0.200759768,0
117364702,117364,10.0666666,0.418416709,0.000468098442,0,15,2494,10.0666666,0.0268200636,9.74456501,15,0.200796917,0
117384694,117384,10.0666666,0.415806055,0.000366280961,0,15,2494,10.0666666,0.0209863521,9.74456501,15,0.200913593,0
117404686,117404,10.0666666,0.413211852,0.00048682894,0,15,2494,10.0666666,0.0278932415,9.74456501,15,0.200775459,0
117424678,117424,10.5199995,0.410618812,0.000569360389,0,15,2539,10.5199995,0.0326219462,10.1833925,15,0.209747538,0
117444670,117444,10.5199995,0.408026904,0.000558145577,0,15,2539,10.5199995,0.0319793858,10.1833925,15,0.209760398,0
117464662,117464,10.5199995,0.405484498,0.000452771113,0,15,2539,10.5199995,0.025941873,10.1833925,15,0.209881142,0
117484654,117484,10.5199995,0.402936369,0.000507012301,0,15,2539,10.5199995,0.0290496629,10.1833925,15,0.209818989,0
117504646,117504,10.5199995,0.400445879,0.000480557792,0,15,2539,10.5199995,0.0275339317,10.1833925,15,0.209849313,0
117524638,117524,10.7599993,0.397918224,0.000518244517,0,15,2563,10.7599993,0.0296932217,10.4157133,15,0.214606106,0
117544630,117544,10.7599993,0.395454466,0.000432466681,0,15,2563,10.7599993,0.0247785151,10.4157133,15,0.214704409,0
117564622,117564,10.7599993,0.392990679,0.00044558142,0,15,2563,10.7599993,0.0255299341,10.4157133,15,0.214689389,0
117584614,117584,10.7599993,0.390506923,0.000480086572,0,15,2563,10.7599993,0.0275069326,10.4157133,15,0.214649841,0
117604606,117604,10.7599993,0.388036281,0.000487467158,0,15,2563,10.7599993,0.0279298089,10.4157133,15,0.214641377,0
117624598,117624,10.746666,0.385604531,0.000422418292,0,15,2561,10.746666,0.0242027845,10.4028072,15,0.214449272,0
117644590,117644,10.746666,0.383146584,0.000473786553,0,15,2561,10.746666,0.0271459688,10.4028072,15,0.214390382,0
117664582,117664,10.746666,0.38078171,0.000562963251,0,15,2561,10.746666,0.0322554149,10.4028072,15,0.214288205,0
117684574,117684,10.746666,0.37841329,0.000519761583,0,15,2561,10.746666,0.0297801439,10.4028072,15,0.214337707,0
117704566,117704,10.746666,0.376069307,0.000440952863,0,15,2561,10.746666,0.0252647363,10.4028072,15,0.214428023,0
117724558,117724,11.4933329,0.373753697,0.000446877151,0,15,2635,11.4933329,0.0256041735,11.1255827,15,0.22935456,0
117744550,117744,11.4933329,0.371422559,0.000363710016,0,15,2635,11.4933329,0.0208390485,11.1255827,15,0.229449883,0
117764542,117764,11.4933329,0.369101614,0.000462784199,0,15,2635,11.4933329,0.0265155807,11.1255827,15,0.229336336,0
117784534,117784,11.4933329,0.366771668,0.000493259344,0,15,2635,11.4933329,0.0282616764,11.1255827,15,0.229301408,0
117804526,117804,11.4933329,0.364496827,0.000495490967,0,15,2635,11.4933329,0.0283895396,11.1255827,15,0.22929886,0
117824518,117824,11.4666662,0.362195849,0.000565956987,0,15,2632,11.4666662,0.0324269459,11.0997696,15,0.228684783,0
117844510,117844,11.4666662,0.359914839,0.00047262953,0,15,2632,11.4666662,0.0270796753,11.0997696,15,0.228791729,0
117864502,117864,11.4666662,0.357700765,0.000426379556,0,15,2632,11.4666662,0.0244297478,11.0997696,15,0.228844732,0
117884494,117884,11.4666662,0.355495691,0.000504708034,0,15,2632,11.4666662,0.0289176386,11.0997696,15,0.228754967,0
117904486,117904,11.4666662,0.353303969,0.000438896794,0,15,2632,11.4666662,0.0251469333,11.0997696,15,0.228830382,0
117924478,117924,12.2799997,0.351120502,0.000470842846,0,15,2713,12.2799997,0.0269773062,11.8870792,15,0.245060444,0
117944470,117944,12.2799997,0.348959655,0.000406223611,0,15,2713,12.2799997,0.0232748967,11.8870792,15,0.245134503,0
117964462,117964,12.2799997,0.346777171,0.000489752623,0,15,2713,12.2799997,0.0280607566,11.8870792,15,0.245038778,0
117984454,117984,12.2799997,0.344632924,0.000455737405,0,15,2713,12.2799997,0.0261118282,11.8870792,15,0.245077759,0
118004446,118004,12.2799997,0.342503726,0.000474963483,0,15,2713,12.2799997,0.0272134021,11.8870792,15,0.24505572,0
118024438,118024,12.3066664,0.340364724,0.000505803968,0,15,2715,12.3066664,0.0289804302,11.9128923,15,0.245553717,0
118044430,118044,12.3066664,0.33822149,0.000510951155,0,15,2715,12.3066664,0.0292753428,11.9128923,15,0.245547816,0
118064422,118064,12.3066664,0.336182475,0.000406839652,0,15,2715,12.3066664,0.0233101938,11.9128923,15,0.245667115,0
118084414,118084,12.3066664,0.334130108,0.000506309269,0,15,2715,12.3066664,0.0290093832,11.9128923,15,0.245553121,0
118104406,118104,12.3066664,0.332087725,0.000465448305,0,15,2715,12.3066664,0.0266682226,11.9128923,15,0.245599955,0
118124398,118124,13.1466665,0.330055267,0.000451951812,0,15,2798,13.1466665,0.0258949306,12.7260151,15,0.262415409,0
118144390,118144,13.1466665,0.328028888,0.000518880959,0,15,2798,13.1466665,0.0297296867,12.7260151,15,0.262338728,0
118164382,118164,13.1466665,0.326021165,0.000497978937,0,15,2798,13.1466665,0.0285320897,12.7260151,15,0.262362689,0
118184374,118184,13.1466665,0.324018896,0.000459124101,0,15,2798,13.1466665,0.0263058711,12.7260151,15,0.262407213,0
118204366,118204,13.1466665,0.322013527,0.000488052843,0,15,2798,13.1466665,0.0279633664,12.7260151,15,0.262374043,0
118224358,118224,13.4266663,0.320007294,0.00045967786,0,15,2826,13.4266663,0.0263375994,12.997056,15,0.268006563,0
118244350,118244,13.4266663,0.318010777,0.000444873411,0,15,2826,13.4266663,0.0254893675,12.997056,15,0.268023521,0
118264342,118264,13.4266663,0.3160896,0.00045892311,0,15,2826,13.4266663,0.0262943562,12.997056,15,0.268007427,0
118284334,118284,13.4266663,0.314156055,0.000481199269,0,15,2826,13.4266663,0.0275706854,12.997056,15,0.267981917,0
118304326,118304,13.4266663,0.312211633,0.000476850517,0,15,2826,13.4266663,0.0273215212,12.997056,15,0.267986894,0
118324318,118324,13.4399996,0.310284793,0.000473794062,0,15,2827,13.4399996,0.027146399,13.009963,15,0.268257052,0
118344310,118344,13.4399996,0.308379114,0.000477946684,0,15,2827,13.4399996,0.0273843259,13.009963,15,0.268252283,0
118365135,118365,13.4399996,0.306444347,0.000431451073,0,15,2827,13.4399996,0.0247203242,13.009963,15,0.26830557,0
118385127,118385,13.4399996,0.304539353,0.000453125307,0,15,2827,13.4399996,0.0259621665,13.009963,15,0.268280745,0
118405119,118405,13.4399996,0.302640319,0.000540724024,0,15,2827,13.4399996,0.0309812035,13.009963,15,0.26818037,0
118425111,118425,14.3466673,0.300682843,0.00047486421,0,15,2917,14.3466673,0.0272077136,13.88762,15,0.286389202,0
118445103,118445,14.3466673,0.298875749,0.000458706636,0,15,2917,14.3466673,0.0262819529,13.88762,15,0.286407679,0
118465095,118465,14.3466673,0.297087133,0.000459992909,0,15,2917,14.3466673,0.0263556503,13.88762,15,0.286406219,0
118485087,118485,14.3466673,0.295296162,0.000520095229,0,15,2917,14.3466673,0.0297992602,13.88762,15,0.286337346,0
118505079,118505,14.3466673,0.293474138,0.00047122984,0,15,2917,14.3466673,0.0269994792,13.88762,15,0.286393344,0
118525071,118525,14.3466673,0.291679502,0.000550602213,0,15,2917,14.3466673,0.0315471813,13.88762,15,0.286302388,0
118545063,118545,14.3466673,0.289910376,0.000536121021,0,15,2917,14.3466673,0.0307174698,13.88762,15,0.286318988,0
118565055,118565,14.3466673,0.288129568,0.00056752516,0,15,2917,14.3466673,0.0325167961,13.88762,15,0.286283016,0
118585047,118585,14.3466673,0.286347955,0.000568858464,0,15,2917,14.3466673,0.0325931869,13.88762,15,0.286281496,0
118605039,118605,14.3466673,0.2845653,0.000543237082,0,15,2917,14.3466673,0.0311251897,13.88762,15,0.286310852,0
118625031,118625,14.6533327,0.282809049,0.000483083219,0,15,2947,14.6533327,0.0276786275,14.184473,15,0.292513072,0
118645023,118645,14.6533327,0.281150907,0.000492479769,0,15,2947,14.6533327,0.0282170102,14.184473,15,0.292502314,0
118665015,118665,14.6533327,0.27947554,0.000458510011,0,15,2947,14.6533327,0.0262706876,14.184473,15,0.292541236,0
118685007,118685,14.6533327,0.277818918,0.000480356422,0,15,2947,14.6533327,0.0275223944,14.184473,15,0.292516202,0
118704999,118704,14.6533327,0.276158035,0.000429063512,0,15,2947,14.6533327,0.0245835278,14.184473,15,0.292574972,0
118724991,118724,15.6533327,0.274502695,0.00042865533,0,15,3046,15.6533327,0.0245601404,15.1524754,15,0.312575459,0
118744983,118744,15.6533327,0.272835463,0.000492076098,0,15,3046,15.6533327,0.0281938817,15.1524754,15,0.312502772,0
118764975,118764,15.6533327,0.271160454,0.000499922375,0,15,3046,15.6533327,0.0286434405,15.1524754,15,0.312493771,0
118784967,118784,15.6533327,0.269508183,0.000486512494,0,15,3046,15.6533327,0.0278751105,15.1524754,15,0.312509149,0
118804959,118804,15.6533327,0.267873585,0.000515046297,0,15,3046,15.6533327,0.0295099765,15.1524754,15,0.312476456,0
118824951,118824,15.706666,0.266243398,0.000426101673,0,15,3051,15.706666,0.0244138259,15.2041025,15,0.313645035,0
118844943,118844,15.706666,0.264698029,0.000472473359,0,15,3051,15.706666,0.0270707272,15.2041025,15,0.313591897,0
118864935,118864,15.706666,0.263145864,0.000499042391,0,15,3051,15.706666,0.0285930205,15.2041025,15,0.31356144,0
118884927,118884,15.706666,0.261592895,0.000528050587,0,15,3051,15.706666,0.0302550681,15.2041025,15,0.31352821,0
118904919,118904,15.706666,0.260025471,0.000413512287,0,15,3051,15.706666,0.0236925073,15.2041025,15,0.313659459,0
118924911,118924,15.9733324,0.258448452,0.000475550507,0,15,3078,15.9733324,0.0272470359,15.4622374,15,0.318921685,0
118944903,118944,15.9733324,0.256904215,0.000573749887,0,15,3078,15.9733324,0.0328734443,15.4622374,15,0.318809181,0
118964895,118964,15.9733324,0.255324543,0.000506568234,0,15,3078,15.9733324,0.029024221,15.4622374,15,0.318886161,0
118984887,118984,15.9733324,0.253779441,0.000431741821,0,15,3078,15.9733324,0.0247369837,15.4622374,15,0.318971902,0
119004879,119004,15.9733324,0.252244085,0.000459032482,0,15,3078,15.9733324,0.0263006222,15.4622374,15,0.318940639,0
119024871,119024,16.3066654,0.250694215,0.000497517991,0,15,3111,16.3066654,0.0285056792,15.7849035,15,0.325563192,0
119044863,119044,16.3066654,0.249212682,0.000537716667,0,15,3111,16.3066654,0.030808894,15.7849035,15,0.325517118,0
119064855,119064,16.3066654,0.247738943,0.000490447739,0,15,3111,16.3066654,0.0281005837,15.7849035,15,0.325571269,0
119084847,119084,16.3066654,0.246241018,0.000473915716,0,15,3111,16.3066654,0.027153369,15.7849035,15,0.325590253,0
119104839,119104,16.3066654,0.244757652,0.000461483491,0,15,3111,16.3066654,0.0264410544,15.7849035,15,0.325604469,0
119124831,119124,17.0933323,0.243310854,0.000370733091,0,15,3188,17.0933323,0.0212414395,16.5464001,15,0.34144181,0
119144823,119144,17.0933323,0.241826698,0.000474616449,0,15,3188,17.0933323,0.0271935184,16.5464001,15,0.34132278,0
119164815,119164,17.0933323,0.24033232,0.000466879108,0,15,3188,17.0933323,0.0267502014,16.5464001,15,0.341331631,0
119184807,119184,17.0933323,0.238862067,0.000430224085,0,15,3188,17.0933323,0.0246500224,16.5464001,15,0.341373622,0
119204799,119204,17.0933323,0.237408862,0.000474648346,0,15,3188,17.0933323,0.0271953456,16.5464001,15,0.34132275,0
119224791,119224,17.4533329,0.235933796,0.000468663202,0,15,3224,17.4533329,0.0268524215,16.8948822,15,0.348529607,0
119244783,119244,17.4533329,0.234470889,0.000445837999,0,15,3224,17.4533329,0.0255446341,16.8948822,15,0.348555744,0
119264775,119264,17.4533329,0.233037308,0.000496883004,0,15,3224,17.4533329,0.028469298,16.8948822,15,0.348497272,0
119284767,119284,17.4533329,0.231619909,0.000520622649,0,15,3224,17.4533329,0.0298294798,16.8948822,15,0.348470062,0
119304759,119304,17.4533329,0.230153903,0.000462651544,0,15,3224,17.4533329,0.0265079793,16.8948822,15,0.348536491,0
119324751,119324,17.8933334,0.228707835,0.000542961119,0,15,3267,17.8933334,0.0311093796,17.3208046,15,0.357244492,0
119344743,119344,17.8933334,0.22727105,0.000557814143,0,15,3267,17.8933334,0.0319603942,17.3208046,15,0.357227474,0
119364735,119364,17.8933334,0.225821689,0.000513558334,0,15,3267,17.8933334,0.0294247232,17.3208046,15,0.357278168,0
119384727,119384,17.8933334,0.224370524,0.00043671063,0,15,3267,17.8933334,0.0250216741,17.3208046,15,0.357366204,0
119404719,119404,17.8933334,0.222949535,0.000429289241,0,15,3267,17.8933334,0.0245964602,17.3208046,15,0.357374728,0
227524787,227524,3.19999981,27.4854145,0.0241180453,0,0,11,3.19999981,1.38186216,0.112700135,0,0.00132298353,0
227544779,227544,3.19999981,27.477499,0.0247560106,0,0,11,3.19999981,1.41841483,0.112732604,0.00031855618,0.00129675923,0
227564771,227564,3.19999981,27.4692173,0.0304949954,0,0.00031855618,11,3.19999981,1.74723446,0.112766594,0.00057847437,0.00105774053,0
227584763,227584,3.19999981,27.4596825,0.032898441,0,0.00057847437,11,3.19999981,1.8849417,0.112805746,0.000813918421,0.000957810087,0
227604755,227604,3.19999981,27.4496803,0.0336356796,0,0.000813918421,11,3.19999981,1.92718244,0.112846851,0.00104196591,0.000927382265,0
227624747,227624,3.68000007,27.4355888,0.0320769586,0,0.00104196591,13,3.68000007,1.83787429,0.129840538,0.00137235411,0.00134287309,0
227644739,227644,3.68000007,27.4211998,0.0372142605,0,0.00137235411,13,3.68000007,2.13222003,0.129908681,0.00165024237,0.001128893,0
227664731,227664,3.68000007,27.4039135,0.042881906,0,0.00165024237,13,3.68000007,2.4569521,0.129990622,0.00187010539,0.000892608194,0
227684723,227684,3.68000007,27.3846531,0.0456345752,0,0.00187010539,13,3.68000007,2.61466837,0.130082056,0.00206188578,0.000778050162,0
227704715,227704,3.68000007,27.3616066,0.044921115,0,0.00206188578,13,3.68000007,2.57379007,0.130191609,0.00226136064,0.000808585493,0
227724707,227724,4.07999992,27.3368187,0.0481730066,0,0.00226136064,14,4.07999992,2.7601099,0.144473746,0.00249979878,0.000965649961,0
227744699,227744,4.07999992,27.308569,0.0475516282,0,0.00249979878,14,4.07999992,2.72450757,0.144623205,0.00274517527,0.000992723042,0
227764691,227764,4.07999992,27.2774715,0.0514850989,0,0.00274517527,14,4.07999992,2.94987869,0.144788072,0.00295022083,0.000828611373,0
227784683,227784,4.07999992,27.2430496,0.0484110638,0,0.00295022083,14,4.07999992,2.77374959,0.144971028,0.00318782218,0.000958960503,0
227804675,227804,4.07999992,27.2043571,0.0483564138,0,0.00318782218,14,4.07999992,2.7706182,0.145177215,0.00342667103,0.00096262648,0
227824667,227824,4.37333345,27.1618996,0.0484611467,0,0.00342667103,16,4.37333345,2.77661896,0.155858055,0.00371884461,0.00117570162,0
227844659,227844,4.37333345,27.1149464,0.0495396666,0,0.00371884461,16,4.37333345,2.83841372,0.156127945,0.00400068425,0.00113215763,0
227864651,227864,4.37333345,27.0637112,0.0474195778,0,0.00400068425,16,4.37333345,2.7169416,0.156423509,0.0043059811,0.00122406846,0
227884643,227884,4.37333345,27.0082188,0.0433362089,0,0.0043059811,16,4.37333345,2.48298168,0.156744897,0.00465583336,0.00139983441,0
227904635,227904,4.37333345,26.9480801,0.0431464948,0,0.00465583336,16,4.37333345,2.47211194,0.157094717,0.00500926934,0.00141102553,0
227924627,227924,4.51999998,26.8825932,0.0413820781,0,0.00500926934,16,4.51999998,2.37101841,0.162758648,0.00541071268,0.0015987904,0
227944619,227944,4.51999998,26.8116894,0.0384993963,0,0.00541071268,17,4.51999998,2.20585275,0.163189054,0.00584529946,0.00172622246,0
227964611,227964,4.51999998,26.7357044,0.036925856,0,0.00584529946,17,4.51999998,2.11569548,0.163652852,0.00629938766,0.00179857202,0
227984603,227984,4.51999998,26.6542721,0.0376563072,0,0.00629938766,17,4.51999998,2.15754747,0.164152846,0.00674830191,0.00177266344,0
228004595,228004,4.51999998,26.5669918,0.0397319645,0,0.00674830191,17,4.51999998,2.27647376,0.164692134,0.00717742322,0.00168895768,0
228024587,228024,4.57333326,26.4739952,0.0370035842,0,0.00717742322,17,4.57333326,2.12014914,0.167220756,0.00764994835,0.00185327837,0
228044579,228044,4.57333326,26.3757877,0.0326119736,0,0.00764994835,17,4.57333326,1.86852837,0.167843387,0.00817482732,0.00205097557,0
228064571,228064,4.57333326,26.2708988,0.0295835175,0,0.00817482732,17,4.57333326,1.69501054,0.168513522,0.00873784721,0.00219126325,0
228084563,228084,4.57333326,26.1611099,0.0275370255,0,0.00873784721,18,4.57333326,1.57775521,0.169220701,0.00932873134,0.00229010009,0
228104555,228104,4.57333326,26.0467949,0.0243171696,0,0.00932873134,18,4.57333326,1.39327109,0.16996339,0.00996152312,0.00244180695,0
228124547,228124,4.55999994,25.9289398,0.0214122329,0,0.00996152312,18,4.55999994,1.22683048,0.170238152,0.0106308246,0.00257100328,0
228144539,228144,4.55999994,25.8078041,0.0185085796,0,0.0106308246,18,4.55999994,1.06046343,0.171037197,0.011340145,0.00271199876,0
228164531,228164,4.55999994,25.6838856,0.0164749511,0,0.011340145,18,4.55999994,0.94394511,0.171862409,0.0120801721,0.00281581609,0
228184523,228184,4.55999994,25.5577736,0.014509242,0,0.0120801721,18,4.55999994,0.831318259,0.172710449,0.0128507968,0.0029178455,0
228204515,228204,4.55999994,25.4299011,0.0119755995,0,0.0128507968,19,4.55999994,0.686151266,0.173578918,0.0136594959,0.00304668816,0
228224507,228224,4.55999994,25.3004398,0.0100760059,0,0.0136594959,19,4.55999994,0.577312589,0.174467117,0.0144994464,0.00314831478,0
228244499,228244,4.55999994,25.1698112,0.00789438654,0,0.0144994464,19,4.55999994,0.452315003,0.175372571,0.015374775,0.00326397759,0
228264491,228264,4.55999994,25.0373001,0.00594324619,0,0.015374775,19,4.55999994,0.340522915,0.176300734,0.0162834693,0.00337055279,0
228284483,228284,4.55999994,24.9043732,0.00459341705,0,0.0162834693,19,4.55999994,0.263183385,0.177241728,0.017218722,0.00345065189,0
228304475,228304,4.55999994,24.7711391,0.00294473208,0,0.017218722,19,4.55999994,0.168720707,0.178195044,0.0181848463,0.00354548008,0
228324467,228324,4.58666658,24.6377964,0.00208648853,0,0.0181848463,20,4.58666658,0.11954698,0.180207178,0.0191783234,0.00362623297,0
228344459,228344,4.58666658,24.504715,0.00135110505,0,0.0191783234,20,4.58666658,0.0774126127,0.181185871,0.0201920923,0.00368031533,0
228364451,228364,4.58666658,24.3720322,0.000850239769,0,0.0201920923,20,4.58666658,0.0487151481,0.182172254,0.0212234519,0.00372390077,0
228384443,228384,4.58666658,24.2399845,0.000840954483,0,0.0212234519,20,4.58666658,0.0481831394,0.183164641,0.0222662017,0.00374462572,0
228404435,228404,4.58666658,24.1088943,0.00110017136,0,0.0222662017,21,4.58666658,0.0630351752,0.184160575,0.0233168714,0.00375266606,0
228424427,228424,4.66666651,23.9789982,0.00170965493,0,0.0233168714,21,4.66666651,0.0979560092,0.188387707,0.0243895389,0.00381059316,0
228444419,228444,4.66666651,23.8505554,0.00249251351,0,0.0243895389,21,4.66666651,0.142810494,0.189402223,0.0254631471,0.00379350153,0
228464411,228464,4.66666651,23.7230587,0.00363141298,0,0.0254631471,22,4.66666651,0.208064631,0.190420136,0.0265326723,0.00375887589,0
228484403,228484,4.66666651,23.5976086,0.00488485396,0,0.0265326723,22,4.66666651,0.279881507,0.191432461,0.0275961887,0.00371799106,0
228504395,228504,4.66666651,23.474453,0.00625324436,0,0.0275961887,22,4.66666651,0.358284503,0.192436785,0.0286516864,0.00367069873,0
228524387,228524,4.77333307,23.3538818,0.00797336549,0,0.0286516864,23,4.77333307,0.456840158,0.197851539,0.0297201183,0.00369659555,0
228544379,228544,4.77333307,23.2361221,0.00975087285,0,0.0297201183,23,4.77333307,0.558683813,0.198854253,0.0307739414,0.00362767,0
228564371,228564,4.77333307,23.1213818,0.0116688851,0,0.0307739414,23,4.77333307,0.66857785,0.199841067,0.0318104997,0.003550614,0
228584363,228584,4.77333307,23.009861,0.0139685115,0,0.0318104997,23,4.77333307,0.800336719,0.200809628,0.0328235328,0.0034532987,0
228604355,228604,4.77333307,22.9017124,0.0163551494,0,0.0328235328,23,4.77333307,0.937080979,0.201757908,0.0338109583,0.00335018802,0
228624347,228624,4.86666632,22.7971382,0.0188901108,0,0.0338109583,24,4.86666632,1.08232355,0.206646487,0.0347939804,0.0033200155,0
228644339,228644,4.86666632,22.6961479,0.0214234777,0,0.0347939804,24,4.86666632,1.22747481,0.207566008,0.0357477292,0.00320688053,0
228664331,228664,4.86666632,22.598444,0.024171304,0,0.0357477292,24,4.86666632,1.38491368,0.208463401,0.0366681255,0.00308140926,0
228684323,228684,4.86666632,22.5043354,0.0268119909,0,0.0366681255,24,4.86666632,1.53621387,0.209335148,0.0375559032,0.00295983162,0
228704315,228704,4.86666632,22.4137554,0.0293673333,0,0.0375559032,25,4.86666632,1.6826241,0.210181132,0.0384115279,0.00284115016,0
228725140,228725,4.94666624,22.3266354,0.0319062397,0,0.0384115279,25,4.94666624,1.82809281,0.21446979,0.0392983407,0.00279359007,0
228745132,228745,4.94666624,22.2427635,0.0342712663,0,0.0392983407,25,4.94666624,1.96359885,0.215278506,0.0401123315,0.00268228143,0
228765124,228765,4.94666624,22.1619377,0.0365233421,0,0.0401123315,25,4.94666624,2.09263325,0.216063634,0.0408968031,0.00257561682,0
228785116,228785,4.94666624,22.0807285,0.0387938879,0,0.0408968031,26,4.94666624,2.22272587,0.216858283,0.0416510329,0.00246725581,0
228805108,228805,4.94666624,22.0053196,0.0408943743,0,0.0416510329,26,4.94666624,2.34307504,0.217601418,0.0423768908,0.00236632884,0
228825100,228825,4.98666668,21.9321365,0.0428545624,0,0.0423768908,26,4.98666668,2.45538545,0.220092952,0.0430873074,0.0023082851,0
228845092,228845,4.98666668,21.8629761,0.044602111,0,0.0430873074,26,4.98666668,2.55551267,0.220789194,0.0437739454,0.00222399179,0
228865084,228865,4.98666668,21.7952156,0.0461254194,0,0.0437739454,26,4.98666668,2.64279175,0.221475616,0.0444400571,0.00215081591,0
228885076,228885,4.98666668,21.7285175,0.047439862,0,0.0444400571,26,4.98666668,2.71810365,0.222155467,0.045088727,0.00208809739,0
228905068,228905,4.98666668,21.6625919,0.0486772209,0,0.045088727,27,4.98666668,2.78899908,0.222831547,0.0457209572,0.00202899775,0
228925060,228925,5,21.5971012,0.0497392416,0,0.0457209572,27,5,2.84984851,0.224104881,0.0463432744,0.00199114811,0
228945052,228945,5,21.5317135,0.05039417,0,0.0463432744,27,5,2.88737321,0.224785462,0.0469584502,0.00196233974,0
228965044,228965,5,21.4661388,0.0509582423,0,0.0469584502,27,5,2.91969204,0.225472122,0.0475679226,0.00193822279,0
228985036,228985,5,21.4001503,0.051361762,0,0.0475679226,27,5,2.94281197,0.226167381,0.048174344,0.00192259217,0
229005028,229005,5,21.3334923,0.051680699,0,0.048174344,27,5,2.9610858,0.226874053,0.0487791412,0.00191146776,0
229025020,229025,4.96000004,21.2659931,0.0516607463,0,0.0487791412,27,4.96000004,2.95994258,0.225773409,0.0493761823,0.00188099139,0
229045012,229045,4.96000004,21.1993484,0.0514646955,0,0.0493761823,27,4.96000004,2.94870973,0.226483181,0.0499803573,0.00189750188,0
229065004,229065,4.96000004,21.1314583,0.0511079729,0,0.0499803573,27,4.96000004,2.92827106,0.227210805,0.0505946018,0.00192294247,0
229084996,229084,4.96000004,21.0622578,0.050440453,0,0.0505946018,28,4.96000004,2.8900249,0.227957323,0.0511930324,0.00196557771,0
229104988,229104,4.96000004,20.9917011,0.049639903,0,0.0511930324,28,4.96000004,2.84415674,0.228723511,0.0518412516,0.00201588543,0
229124980,229124,4.87999964,20.9197884,0.0486510694,0,0.0518412516,28,4.87999964,2.78750086,0.22580798,0.0524867326,0.00200049719,0
229144972,229144,4.87999964,20.8465538,0.0474910364,0,0.0524867326,28,4.87999964,2.72103572,0.226601258,0.0531574041,0.00207129098,0
229164964,229164,4.87999964,20.7720547,0.0463105366,0,0.0531574041,28,4.87999964,2.65339804,0.227413952,0.0538540594,0.00214384333,0
229184956,229184,4.87999964,20.6963291,0.0449287109,0,0.0538540594,28,4.87999964,2.57422543,0.228246048,0.0545807742,0.00222819648,0
229204948,229204,4.87999964,20.6194649,0.0434360728,0,0.0545807742,28,4.87999964,2.48870349,0.229096875,0.055340074,0.00231945491,0
229224940,229224,4.78666639,20.5416298,0.0419395268,0,0.055340074,28,4.78666639,2.40295768,0.22556673,0.0561027117,0.00232085632,0
229244932,229244,4.78666639,20.4641857,0.0402942374,0,0.0561027117,28,4.78666639,2.30868959,0.226420358,0.0569015183,0.00242176908,0
229264924,229264,4.78666639,20.3858795,0.0386041701,0,0.0569015183,28,4.78666639,2.21185589,0.227290079,0.0577379316,0.00252607255,0
229284916,229284,4.78666639,20.306839,0.0368464887,0,0.0577379316,28,4.78666639,2.11114812,0.228174761,0.0586138368,0.00263509084,0
229304908,229304,4.78666639,20.2272511,0.0351273194,0,0.0586138368,29,4.78666639,2.01264715,0.229072571,0.059529148,0.00274285348,0
229324900,229324,4.70666647,20.1472054,0.0333384946,0,0.059529148,28,4.70666647,1.91015494,0.226138964,0.0604592301,0.00277607888,0
229344892,229344,4.70666647,20.0668411,0.0315945148,0,0.0604592301,29,4.70666647,1.81023228,0.227044597,0.0614302754,0.00288678636,0
229364884,229364,4.70666647,19.9862328,0.0298726242,0,0.0614302754,29,4.70666647,1.71157515,0.227960318,0.0624425113,0.0029971546,0
229384876,229384,4.70666647,19.9055443,0.0282575525,0,0.0624425113,29,4.70666647,1.61903846,0.228884369,0.063494496,0.00310227927,0
229404868,229404,4.70666647,19.8248825,0.0265206974,0,0.063494496,29,4.70666647,1.51952398,0.229815632,0.0645892471,0.00321529503,0
229424860,229424,4.67999983,19.7442989,0.0249269642,0,0.0645892471,29,4.67999983,1.42820978,0.229446217,0.0657153353,0.00329390261,0
229444852,229444,4.67999983,19.6648483,0.0234592464,0,0.0657153353,30,4.67999983,1.34411573,0.230373248,0.0668798983,0.00339273829,0
229464844,229464,4.67999983,19.5856304,0.0220915414,0,0.0668798983,30,4.67999983,1.26575208,0.231305033,0.0680814832,0.00348648243,0
229484836,229484,4.67999983,19.5066948,0.0208975561,0,0.0680814832,30,4.67999983,1.19734168,0.23224102,0.0693170801,0.0035707308,0
229504828,229504,4.67999983,19.428112,0.0197762735,0,0.0693170801,30,4.67999983,1.13309693,0.233180404,0.0705856755,0.00365130976,0
229524820,229524,4.70666647,19.3500195,0.0188676082,0,0.0705856755,31,4.70666647,1.0810343,0.235455468,0.0718929172,0.00374741969,0
229544812,229544,4.70666647,19.2723904,0.0180382617,0,0.0718929172,31,4.70666647,1.03351617,0.236403883,0.0732279792,0.00381182623,0
229564804,229564,4.70666647,19.1953201,0.0174200796,0,0.0732279792,31,4.70666647,0.998097003,0.237353057,0.074586764,0.00386403501,0
229584796,229584,4.70666647,19.1189175,0.0169549268,0,0.074586764,31,4.70666647,0.97144568,0.23830156,0.0759662688,0.00390735595,0
229604788,229604,4.70666647,19.0431519,0.0165516399,0,0.0759662688,32,4.70666647,0.948339045,0.239249676,0.0773653761,0.00394716952,0
229624780,229624,4.77333307,18.9681759,0.0163156856,0,0.0773653761,32,4.77333307,0.934819877,0.243597582,0.0788056552,0.00404731929,0
229644772,229644,4.77333307,18.8939953,0.0163583048,0,0.0788056552,32,4.77333307,0.93726176,0.244553968,0.0802563429,0.00406062463,0
229664764,229664,4.77333307,18.8196526,0.0165484548,0,0.0802563429,33,4.77333307,0.948156536,0.245520025,0.0817143619,0.00406508707,0
229684756,229684,4.77333307,18.7462673,0.0168039128,0,0.0817143619,33,4.77333307,0.962793231,0.24648115,0.0831781924,0.00406538462,0
229704748,229704,4.77333307,18.6739502,0.0172846541,0,0.0831781924,33,4.77333307,0.99033767,0.247435689,0.0846427158,0.00405162852,0
229724740,229724,4.87999964,18.6027584,0.0179637242,0,0.0846427158,34,4.87999964,1.0292455,0.253933042,0.0861449093,0.00413998216,0
229744732,229744,4.87999964,18.5327377,0.0187333617,0,0.0861449093,34,4.87999964,1.07334256,0.254892468,0.0876411423,0.00410803501,0
229764724,229764,4.87999964,18.4639187,0.0196279977,0,0.0876411423,34,4.87999964,1.12460136,0.255842477,0.0891282484,0.00406782329,0
229784716,229784,4.87999964,18.3963318,0.0208193474,0,0.0891282484,35,4.87999964,1.19286072,0.256782442,0.090599075,0.00400855858,0
229804708,229804,4.87999964,18.3300438,0.0220764317,0,0.090599075,35,4.87999964,1.26488626,0.257711053,0.0920516178,0.00394446775,0
229824700,229824,5,18.2650757,0.0234038942,0,0.0920516178,36,5,1.34094429,0.264987469,0.093532294,0.00400661444,0
229844692,229844,5,18.2014141,0.0248709451,0,0.093532294,36,5,1.42500007,0.265914291,0.0949890912,0.003928266,0
229864684,229864,5,18.1385136,0.0264315046,0,0.0949890912,36,5,1.5144136,0.266836405,0.0964193195,0.00384329888,0
229884676,229884,5,18.0769672,0.0279310774,0,0.0964193195,36,5,1.60033274,0.267744899,0.0978238136,0.0037613248,0
229904668,229904,5,18.0167885,0.0294827744,0,0.0978238136,37,5,1.68923843,0.268639237,0.0992007256,0.00367519609,0
229924660,229924,5.10666656,17.957962,0.031178914,0,0.0992007256,37,5.10666656,1.78642011,0.275268942,0.100590646,0.00369779882,0
229944652,229944,5.10666656,17.9004059,0.0327943303,0,0.100590646,38,5.10666656,1.87897658,0.276154041,0.101950526,0.00360627542,0
229964644,229964,5.10666656,17.8440628,0.0342023484,0,0.101950526,38,5.10666656,1.95965016,0.277025998,0.103284799,0.00352724222,0
229984636,229984,5.10666656,17.7888927,0.0357301608,0,0.103284799,38,5.10666656,2.04718733,0.277885169,0.104590021,0.00343976333,0
230004628,230004,5.10666656,17.7347755,0.0373362862,0,0.104590021,38,5.10666656,2.13921142,0.278733134,0.10586372,0.00334648183,0
230024620,230024,5.17333317,17.6816444,0.0387479812,0,0.10586372,39,5.17333317,2.22009563,0.28322044,0.107138947,0.0033404557,0
230044612,230044,5.17333317,17.6294022,0.0400626473,0,0.107138947,39,5.17333317,2.29542041,0.284059703,0.10838902,0.003264901,0
230064604,230064,5.17333317,17.5777321,0.0413299948,0,0.10838902,39,5.17333317,2.36803412,0.284894705,0.10961473,0.00319187809,0
230084596,230084,5.17333317,17.5267067,0.0424977988,0,0.10961473,39,5.17333317,2.43494439,0.285724133,0.110818177,0.00312481844,0
230104588,230104,5.17333317,17.4762001,0.0436210148,0,0.110818177,40,5.17333317,2.4993,0.286549896,0.112000145,0.00306019979,0
230124580,230124,5.21333313,17.4261074,0.0445563644,0,0.112000145,40,5.21333313,2.55289149,0.289595544,0.11318288,0.00305339741,0
230144572,230144,5.21333313,17.3762646,0.0453206077,0,0.11318288,40,5.21333313,2.59667945,0.290426224,0.11435283,0.00301175611,0
230164564,230164,5.21333313,17.3265495,0.0460230298,0,0.11435283,40,5.21333313,2.63692522,0.291259557,0.115511402,0.00297394209,0
230184556,230184,5.21333313,17.2769032,0.0465499982,0,0.115511402,41,5.21333313,2.66711831,0.292096525,0.116662994,0.00294753606,0
230204548,230204,5.21333313,17.2271423,0.0469360724,0,0.116662994,41,5.21333313,2.68923879,0.292940229,0.117811181,0.002930369,0
230224540,230224,5.21333313,17.1772137,0.0472501814,0,0.117811181,41,5.21333313,2.70723581,0.293791711,0.118957818,0.00291793211,0
230244532,230244,5.21333313,17.1270084,0.0473588258,0,0.118957818,41,5.21333313,2.71346068,0.294652909,0.120108321,0.00291921664,0
230264524,230264,5.21333313,17.0763855,0.047427725,0,0.120108321,41,5.21333313,2.71740842,0.295526415,0.121263832,0.00292324694,0
230284516,230284,5.21333313,17.0253239,0.0473185889,0,0.121263832,42,5.21333313,2.71115518,0.296412736,0.122429192,0.00293935998,0
230304508,230304,5.21333313,16.9737873,0.0470704623,0,0.122429192,42,5.21333313,2.69693875,0.297312737,0.123608306,0.00296503562,0
230324500,230324,5.17333317,16.9216671,0.0467737541,0,0.123608306,42,5.17333317,2.67993855,0.29594028,0.124783851,0.00294698472,0
230344492,230344,5.17333317,16.8689995,0.0463371575,0,0.124783851,42,5.17333317,2.65492344,0.296864271,0.125978619,0.00298584369,0
230364484,230364,5.17333317,16.8157406,0.0457986891,0,0.125978619,42,5.17333317,2.62407136,0.297804475,0.127195686,0.00303199468,0
230384476,230384,5.17333317,16.7619057,0.0451912247,0,0.127195686,43,5.17333317,2.5892663,0.298760951,0.12843731,0.0030832612,0
230404468,230404,5.17333317,16.7074966,0.0444957465,0,0.12843731,43,5.17333317,2.54941845,0.299733877,0.129706308,0.00314100296,0
230424460,230424,5.09333324,16.6525536,0.0436499082,0,0.129706308,43,5.09333324,2.50095534,0.296072453,0.130968347,0.0031134896,0
230444452,230444,5.09333324,16.5970821,0.0428771824,0,0.130968347,43,5.09333324,2.45668149,0.297062039,0.132260531,0.00317724724,0
230464444,230464,5.09333324,16.5412521,0.04197938,0,0.132260531,43,5.09333324,2.40524125,0.298064649,0.133586824,0.00325016771,0
230484436,230484,5.09333324,16.4849815,0.0409406498,0,0.133586824,43,5.09333324,2.34572625,0.2990821,0.134951755,0.00333346683,0
230504428,230504,5.09333324,16.4283524,0.0400467701,0,0.134951755,43,5.09333324,2.29451084,0.300113022,0.136351734,0.0034073072,0
230524420,230524,5.02666664,16.3714561,0.0391896889,0,0.136351734,43,5.02666664,2.24540377,0.29721421,0.137752622,0.00339769735,0
230544412,230544,5.02666664,16.314291,0.0381530188,0,0.137752622,44,5.02666664,2.18600678,0.298255652,0.13919346,0.00348241883,0
230564404,230564,5.02666664,16.2569637,0.0371745303,0,0.13919346,44,5.02666664,2.12994361,0.299307406,0.140673116,0.00356367044,0
230584396,230584,5.02666664,16.1995182,0.0362509191,0,0.140673116,44,5.02666664,2.07702446,0.300368786,0.142190516,0.00364164193,0
230604388,230604,5.02666664,16.1420288,0.0351535901,0,0.142190516,44,5.02666664,2.01415229,0.30143851,0.143751308,0.00373251014,0
230624380,230624,4.97333336,16.0846062,0.0341931805,0,0.143751308,44,4.97333336,1.9591248,0.299304992,0.145324156,0.00374794216,0
230644372,230644,4.97333336,16.0272675,0.0332180709,0,0.145324156,45,4.97333336,1.90325511,0.300375789,0.146937639,0.00383106899,0
230664364,230664,4.97333336,15.9703331,0.0323456042,0,0.146937639,45,4.97333336,1.85326648,0.301446617,0.148589104,0.00390732847,0
230684356,230684,4.97333336,15.913578,0.0315605104,0,0.148589104,45,4.97333336,1.80828393,0.302521706,0.150276348,0.00397779746,0
230704348,230704,4.97333336,15.8570528,0.0308113061,0,0.150276348,45,4.97333336,1.76535773,0.303600103,0.151998699,0.00404611835,0
230724340,230724,4.94666624,15.8008499,0.0301662143,0,0.151998699,46,4.94666624,1.72839665,0.303046286,0.153738886,0.00407353975,0
230744332,230744,4.94666624,15.7450056,0.0296141971,0,0.153738886,46,4.94666624,1.6967684,0.304121137,0.155508667,0.00412816368,0
230764324,230764,4.94666624,15.6895247,0.0290821809,0,0.155508667,46,4.94666624,1.66628611,0.305196553,0.157307699,0.0041816188,0
230784316,230784,4.94666624,15.6344652,0.0287458375,0,0.157307699,46,4.94666624,1.64701509,0.306271344,0.159130067,0.00422099652,0
230805141,230805,4.94666624,15.5798492,0.0283686891,0,0.159130067,47,4.94666624,1.62540603,0.307344973,0.161069617,0.00426353281,0
230825133,230825,4.96000004,15.5257225,0.0281240679,0,0.161069617,47,4.96000004,1.61139035,0.309247822,0.162945017,0.00431362819,0
230845125,230845,4.96000004,15.4739132,0.0279484503,0,0.162945017,47,4.96000004,1.60132813,0.310283214,0.164838672,0.00434107613,0
230865117,230865,4.96000004,15.422533,0.0277386792,0,0.164838672,48,4.96000004,1.58930922,0.311316937,0.166751787,0.00437112479,0
230885109,230885,4.96000004,15.369401,0.027692033,0,0.166751787,48,4.96000004,1.58663654,0.312393129,0.168679684,0.00438971352,0
230905101,230905,4.96000004,15.3189058,0.0276351795,0,0.168679684,48,4.96000004,1.58337903,0.313422889,0.170622185,0.0044084359,0
230925093,230925,5.01333332,15.268899,0.0276834331,0,0.170622185,49,5.01333332,1.58614385,0.317830533,0.172606707,0.00448911125,0
230945085,230945,5.01333332,15.2194138,0.0277074762,0,0.172606707,49,5.01333332,1.58752131,0.318863958,0.174603358,0.00450189738,0
230965077,230965,5.01333332,15.1704206,0.0279177912,0,0.174603358,50,5.01333332,1.59957147,0.319893748,0.17660585,0.00450055022,0
230985069,230985,5.01333332,15.1219492,0.0281413067,0,0.17660585,50,5.01333332,1.612378,0.320919126,0.178613648,0.00449803798,0
231005061,231005,5.01333332,15.0740156,0.0284872465,0,0.178613648,50,5.01333332,1.63219893,0.321939588,0.180622458,0.00448604347,0
231025053,231025,5.0666666,15.0266352,0.0287410151,0,0.180622458,51,5.0666666,1.64673877,0.326390415,0.182667151,0.00455182092,0
231045045,231045,5.0666666,14.9813042,0.0291164201,0,0.182667151,51,5.0666666,1.66824794,0.327378005,0.184711292,0.00453687971,0
231065037,231065,5.0666666,14.936409,0.0295733064,0,0.184711292,51,5.0666666,1.69442558,0.328362048,0.186751902,0.00451546442,0
231085029,231085,5.0666666,14.8919621,0.0300799422,0,0.186751902,52,5.0666666,1.72345364,0.329342067,0.188787043,0.00448995642,0
231105021,231105,5.0666666,14.8479967,0.0304933861,0,0.188787043,52,5.0666666,1.7471422,0.330317259,0.19081974,0.00447134255,0
231125013,231125,5.15999985,14.804471,0.0310917366,0,0.19081974,53,5.15999985,1.78142524,0.337391049,0.192900792,0.00456426246,0
231145005,231145,5.15999985,14.7613897,0.0316118039,0,0.192900792,53,5.15999985,1.81122279,0.338375717,0.19497554,0.0045372108,0
231164997,231164,5.15999985,14.7187052,0.0322503373,0,0.19497554,54,5.15999985,1.84780812,0.339357018,0.196936339,0.00450065592,0
231184989,231184,5.15999985,14.6764421,0.0328616053,0,0.196936339,54,5.15999985,1.88283122,0.340334237,0.1989903,0.00446588965,0
231204981,231204,5.15999985,14.6345615,0.0334548503,0,0.1989903,54,5.15999985,1.9168216,0.341308236,0.201034606,0.00443221815,0
231224973,231224,5.21333313,14.5930595,0.0341473371,0,0.201034606,55,5.21333313,1.95649815,0.345816642,0.203099206,0.00446353946,0
231244965,231244,5.21333313,14.5532227,0.0348115861,0,0.203099206,55,5.21333313,1.9945569,0.346763253,0.205150872,0.0044234544,0
231264957,231264,5.21333313,14.5136147,0.0354937315,0,0.205150872,55,5.21333313,2.03364086,0.347709596,0.207188696,0.00438166829,0
231284949,231284,5.21333313,14.4741497,0.0361248851,0,0.207188696,56,5.21333313,2.06980324,0.348657668,0.209214345,0.00434364704,0
231304941,231304,5.21333313,14.4348631,0.0367052108,0,0.209214345,56,5.21333313,2.10305357,0.349606574,0.211229503,0.00430939952,0
231324933,231324,5.26666641,14.3956928,0.0373259932,0,0.211229503,57,5.26666641,2.13862181,0.354144096,0.213267207,0.00434580632,0
231344925,231344,5.26666641,14.3565779,0.0379274637,0,0.213267207,57,5.26666641,2.17308354,0.355108976,0.215293467,0.00430963794,0
231364917,231364,5.26666641,14.3174925,0.0385281928,0,0.215293467,57,5.26666641,2.2075026,0.356078416,0.217308134,0.00427332334,0
231384909,231384,5.26666641,14.2783794,0.0390705615,0,0.217308134,58,5.26666641,2.23857808,0.357053787,0.219313279,0.00424150145,0
231404901,231404,5.26666641,14.2392139,0.0396631397,0,0.219313279,58,5.26666641,2.27253032,0.358035922,0.22130686,0.00420547975,0
231424893,231424,5.27999973,14.1999578,0.0401585847,0,0.22130686,58,5.27999973,2.30091739,0.359934628,0.223301396,0.00419590296,0
231444885,231444,5.27999973,14.1617489,0.0406471156,0,0.223301396,59,5.27999973,2.32890797,0.360905737,0.22528787,0.00416769413,0
231464877,231464,5.27999973,14.1232338,0.0410770103,0,0.22528787,59,5.27999973,2.35353923,0.361889929,0.227268517,0.0041441787,0
231484869,231484,5.27999973,14.0844421,0.0414267927,0,0.227268517,59,5.27999973,2.37358022,0.362886697,0.229246452,0.00412713503,0
231504861,231504,5.27999973,14.045331,0.0417343155,0,0.229246452,59,5.27999973,2.39120007,0.363897175,0.23122336,0.00411353726,0
231524853,231524,5.27999973,14.0058937,0.0419705734,0,0.23122336,60,5.27999973,2.40473652,0.364921808,0.2332021,0.00410579005,0
231544845,231544,5.27999973,13.9660835,0.0420600958,0,0.2332021,60,5.27999973,2.40986586,0.365962029,0.235188589,0.00411014818,0
231564837,231564,5.27999973,13.9259157,0.0420388579,0,0.235188589,60,5.27999973,2.40864897,0.367017597,0.2371874,0.00412375107,0
231584829,231584,5.27999973,13.8853741,0.0420858562,0,0.2371874,61,5.27999973,2.41134191,0.368089229,0.239196017,0.00413191319,0
231604821,231604,5.27999973,13.8444386,0.0418553352,0,0.239196017,61,5.27999973,2.39813399,0.36917761,0.241225839,0.00416321075,0
231624813,231624,5.23999977,13.8031664,0.0417052545,0,0.241225839,61,5.23999977,2.38953495,0.367476314,0.243245557,0.0041301609,0
231644805,231644,5.23999977,13.7615185,0.0414977856,0,0.243245557,61,5.23999977,2.37764788,0.368588448,0.245286003,0.00415993575,0
231664797,231664,5.23999977,13.7191353,0.0412389636,0,0.245286003,62,5.23999977,2.36281848,0.369727135,0.247349709,0.00419440633,0
231684789,231684,5.23999977,13.6764746,0.0407695249,0,0.247349709,62,5.23999977,2.33592153,0.370880455,0.249445722,0.00424682302,0
231704781,231704,5.23999977,13.6335564,0.0403609648,0,0.249445722,62,5.23999977,2.31251287,0.372047931,0.251571953,0.00429453142,0
231724773,231724,5.17333317,13.5903997,0.0397500992,0,0.251571953,62,5.17333317,2.27751279,0.368480921,0.253688574,0.00426156772,0
231744765,231744,5.17333317,13.5470381,0.039294485,0,0.253688574,62,5.17333317,2.2514081,0.369660348,0.255837947,0.0043137474,0
231764757,231764,5.17333317,13.5035219,0.038721744,0,0.255837947,63,5.17333317,2.21859241,0.370851636,0.258025497,0.00437625172,0
231784749,231784,5.17333317,13.4598627,0.0380915254,0,0.258025497,63,5.17333317,2.18248343,0.372054517,0.260254174,0.00444410136,0
231804741,231804,5.17333317,13.4161425,0.0374659114,0,0.260254174,64,5.17333317,2.14663839,0.373266995,0.262524277,0.00451201946,0
231824733,231824,5.10666656,13.3723984,0.0367724113,0,0.262524277,63,5.10666656,2.10690379,0.369662136,0.264788926,0.00448649935,0
231844725,231844,5.10666656,13.3286686,0.035999652,0,0.264788926,64,5.10666656,2.06262803,0.370874971,0.267102122,0.00456765573,0
231864717,231864,5.10666656,13.2848263,0.0352628902,0,0.267102122,64,5.10666656,2.02041459,0.372098893,0.269462883,0.00464628125,0
231884709,231884,5.10666656,13.2411156,0.0345017537,0,0.269462883,64,5.10666656,1.97680473,0.373327255,0.271872848,0.00472748978,0
231904701,231904,5.10666656,13.1975708,0.0337514468,0,0.271872848,65,5.10666656,1.93381536,0.374559015,0.274332047,0.00480823498,0
231924693,231924,5.03999996,13.1542749,0.0329147018,0,0.274332047,65,5.03999996,1.88587344,0.370885968,0.276792854,0.00479559135,0
231944685,231944,5.03999996,13.1112804,0.0321618319,0,0.276792854,65,5.03999996,1.84273708,0.372102171,0.2793037,0.00487711746,0
231964677,231964,5.03999996,13.0685978,0.0314917155,0,0.2793037,66,5.03999996,1.80434227,0.37331748,0.281861335,0.00495180534,0
231984669,231984,5.03999996,13.0262909,0.0306598153,0,0.281861335,66,5.03999996,1.75667787,0.374529958,0.284473538,0.00504106982,0
232004661,232004,5.03999996,12.9843693,0.0299572162,0,0.284473538,66,5.03999996,1.71642196,0.375739157,0.287134856,0.00511935167,0
232024653,232024,5,12.9429035,0.0292231403,0,0.287134856,66,5,1.67436254,0.373951316,0.289814919,0.00513893552,0
232044645,232044,5,12.9018764,0.028529577,0,0.289814919,67,5,1.63462424,0.375140458,0.292544276,0.00521687791,0
232064637,232064,5,12.861311,0.0279848296,0,0.292544276,67,5,1.60341251,0.37632367,0.295316368,0.00528186793,0
232084629,232084,5,12.8212652,0.0274077132,0,0.295316368,68,5,1.57034624,0.377499074,0.298132956,0.00534994528,0
232104621,232104,5,12.7817621,0.0267978124,0,0.298132956,68,5,1.53540146,0.378665775,0.300995857,0.00542115979,0
232124613,232124,5.01333332,12.7428532,0.0264207348,0,0.300995857,69,5.01333332,1.51379657,0.380834848,0.303905308,0.00549254799,0
232144605,232144,5.01333332,12.7045364,0.0260451511,0,0.303905308,69,5.01333332,1.49227715,0.381983429,0.306850344,0.00554298982,0
232164597,232164,5.01333332,12.6668024,0.0258161388,0,0.306850344,69,5.01333332,1.47915566,0.383121341,0.30982399,0.00558022084,0
232184589,232184,5.01333332,12.6296844,0.0256182123,0,0.30982399,70,5.01333332,1.4678154,0.384247333,0.312824726,0.00561457872,0
232204581,232204,5.01333332,12.5931578,0.0255779997,0,0.312824726,70,5.01333332,1.46551132,0.38536182,0.315844864,0.005634523,0
232224573,232224,5.02666664,12.5572748,0.0255922265,0,0.315844864,71,5.02666664,1.46632648,0.387490869,0.318893015,0.00567056146,0
232244565,232244,5.02666664,12.5220356,0.0255567767,0,0.318893015,71,5.02666664,1.46429539,0.388581336,0.321960092,0.00568976393,0
232264557,232264,5.02666664,12.4875565,0.0256848782,0,0.321960092,72,5.02666664,1.47163498,0.389654249,0.325037777,0.00569371879,0
232284549,232284,5.02666664,12.4537077,0.0258717388,0,0.325037777,72,5.02666664,1.48234141,0.390713334,0.328122884,0.00569200004,0
232304541,232304,5.02666664,12.4204702,0.0260724146,0,0.328122884,72,5.02666664,1.49383926,0.391758859,0.331214458,0.00568871712,0
232324533,232324,5.07999992,12.387888,0.0264262706,0,0.331214458,73,5.07999992,1.51411366,0.396956772,0.334351391,0.00575705292,0
232344525,232344,5.07999992,12.3559132,0.0267728604,0,0.334351391,74,5.07999992,1.53397179,0.397984028,0.337487042,0.00573980715,0
232364517,232364,5.07999992,12.3245888,0.0270472877,0,0.337487042,74,5.07999992,1.54969537,0.398995548,0.34062466,0.00572887994,0
232384509,232384,5.07999992,12.2939253,0.0275340248,0,0.34062466,74,5.07999992,1.57758331,0.399990708,0.34375304,0.00569780031,0
232404501,232404,5.07999992,12.2638521,0.0280091427,0,0.34375304,75,5.07999992,1.60480559,0.400971591,0.34687236,0.00566737819,0
232424493,232424,5.13333321,12.2344608,0.0286289398,0,0.34687236,76,5.13333321,1.64031732,0.406154603,0.350022763,0.0057101259,0
232444485,232444,5.13333321,12.2056751,0.0291279089,0,0.350022763,76,5.13333321,1.66890621,0.407112509,0.35316214,0.00567674823,0
232464477,232464,5.13333321,12.1777182,0.0297080949,0,0.35316214,76,5.13333321,1.70214832,0.40804714,0.356285661,0.00563518517,0
232484469,232484,5.13333321,12.1503506,0.0303117651,0,0.356285661,77,5.13333321,1.73673606,0.408966213,0.359391659,0.00559094455,0
232504461,232504,5.13333321,12.1235447,0.0310490318,0,0.359391659,77,5.13333321,1.77897835,0.409870446,0.362472594,0.00553362072,0
232524453,232524,5.19999981,12.0973091,0.031665545,0,0.362472594,78,5.19999981,1.81430197,0.416093916,0.365595818,0.00559744006,0
232544445,232544,5.19999981,12.0715837,0.0323432796,0,0.365595818,79,5.19999981,1.85313332,0.416980624,0.368696392,0.00554503314,0
232564437,232564,5.19999981,12.04638,0.0331382938,0,0.368696392,79,5.19999981,1.89868426,0.417853057,0.371767581,0.00548100797,0
232584429,232584,5.19999981,12.0216312,0.0338596702,0,0.371767581,79,5.19999981,1.94001603,0.418713272,0.374812841,0.00542352954,0
232604421,232604,5.19999981,11.9973135,0.0344847143,0,0.374812841,80,5.19999981,1.97582853,0.419561952,0.377836853,0.00537482183,0
232624413,232624,5.23999977,11.973382,0.0353225693,0,0.377836853,80,5.23999977,2.02383399,0.42363444,0.380865425,0.00537219271,0
232644405,232644,5.23999977,11.9497995,0.0361421369,0,0.380865425,81,5.23999977,2.07079172,0.424470425,0.383861572,0.00530420244,0
232664397,232664,5.23999977,11.9268475,0.0369278789,0,0.383861572,81,5.23999977,2.11581159,0.425287306,0.386826545,0.00523891672,0
232684389,232684,5.23999977,11.9041271,0.0376428626,0,0.386826545,82,5.23999977,2.15677714,0.426099002,0.389763802,0.00518008973,0
232704381,232704,5.23999977,11.8816071,0.0382671021,0,0.389763802,82,5.23999977,2.19254327,0.426906586,0.392678022,0.00512970379,0
232724373,232724,5.25333309,11.8592253,0.038892068,0,0.392678022,82,5.25333309,2.22835112,0.428800642,0.395581663,0.00510148332,0
232744365,232744,5.25333309,11.8368502,0.0395234935,0,0.395581663,83,5.25333309,2.26452923,0.429611176,0.398461431,0.00504999887,0
232764357,232764,5.25333309,11.8145046,0.0400598198,0,0.398461431,83,5.25333309,2.29525852,0.430423707,0.401322395,0.00500753056,0
232784349,232784,5.25333309,11.7921333,0.0405582935,0,0.401322395,84,5.25333309,2.32381892,0.43124032,0.40416649,0.00496859057,0
232804341,232804,5.25333309,11.7696581,0.0409579277,0,0.40416649,84,5.25333309,2.34671617,0.432063818,0.406999141,0.00493916962,0
232824333,232824,5.23999977,11.7470455,0.0413739979,0,0.406999141,84,5.23999977,2.3705554,0.431796789,0.409806341,0.004885389,0
232844325,232844,5.23999977,11.7242165,0.0416666493,0,0.409806341,85,5.23999977,2.3873229,0.432637572,0.412608027,0.00486629829,0
232864317,232864,5.23999977,11.7015409,0.0419482812,0,0.412608027,85,5.23999977,2.40345931,0.433475971,0.415404677,0.00484814821,0
232885142,232885,5.23999977,11.6785021,0.0420697853,0,0.415404677,85,5.23999977,2.41042089,0.434331119,0.418345511,0.00484579057,0
232905134,232905,5.23999977,11.6551142,0.0422219038,0,0.418345511,86,5.23999977,2.41913676,0.435202658,0.421148896,0.00484055839,0
232925126,232925,5.17333317,11.631341,0.0422388501,0,0.421148896,85,5.17333317,2.4201076,0.4305439,0.423896253,0.00473414967,0
232945118,232945,5.17333317,11.6071033,0.0421989486,0,0.423896253,86,5.17333317,2.41782141,0.431442946,0.426657379,0.00474797469,0
232965110,232965,5.17333317,11.581358,0.0420784876,0,0.426657379,86,5.17333317,2.41091967,0.432402045,0.429437757,0.00477044797,0
232985102,232985,5.17333317,11.5561924,0.0419087745,0,0.429437757,87,5.17333317,2.40119576,0.433343709,0.432240099,0.00479766587,0
233005094,233005,5.17333317,11.5305481,0.0416085944,0,0.432240099,87,5.17333317,2.38399673,0.434307426,0.435072362,0.00483816769,0
233025086,233025,5.10666656,11.5044708,0.0413015857,0,0.435072362,87,5.10666656,2.36640644,0.429682434,0.437867433,0.00476381788,0
233045078,233045,5.10666656,11.4794025,0.0409804583,0,0.437867433,87,5.10666656,2.3480072,0.43062076,0.440693557,0.00480627688,0
233065070,233065,5.10666656,11.4537926,0.0404801369,0,0.440693557,88,5.10666656,2.31934094,0.431583613,0.443561852,0.00486707874,0
233085062,233085,5.10666656,11.4276628,0.0400026441,0,0.443561852,88,5.10666656,2.29198265,0.432570457,0.446471542,0.00492608827,0
233105054,233105,5.10666656,11.4010592,0.0394772887,0,0.446471542,88,5.10666656,2.26188183,0.433579832,0.449426115,0.00499038678,0
233125046,233125,5.02666664,11.3740053,0.0388679691,0,0.449426115,88,5.02666664,2.22697043,0.427802652,0.452347696,0.00492297346,0
233145038,233145,5.02666664,11.3465748,0.038261883,0,0.452347696,88,5.02666664,2.19224429,0.428836852,0.455319822,0.00499608461,0
233165030,233165,5.02666664,11.3187981,0.0376203582,0,0.455319822,89,5.02666664,2.15548754,0.429889232,0.458345294,0.00507329311,0
233185022,233185,5.02666664,11.2907267,0.0370415561,0,0.458345294,89,5.02666664,2.12232471,0.430958033,0.461420953,0.00514464965,0
233205014,233205,5.02666664,11.2624006,0.0362726338,0,0.461420953,90,5.02666664,2.07826877,0.432041973,0.464558989,0.0052358252,0
233225006,233225,4.93333292,11.2339363,0.0355525315,0,0.464558989,89,4.93333292,2.03700995,0.425094277,0.467657238,0.00515638106,0
233244998,233244,4.93333292,11.2065058,0.0348672047,0,0.467657238,90,4.93333292,1.99774361,0.426134825,0.470655113,0.00523908064,0
233264990,233264,4.93333292,11.1789455,0.0342349336,0,0.470655113,90,4.93333292,1.9615171,0.427185386,0.473865479,0.00531680882,0
233284982,233284,4.93333292,11.1513062,0.0335484631,0,0.473865479,91,4.93333292,1.92218518,0.428244174,0.477134466,0.00540052867,0
233304974,233304,4.93333292,11.1236687,0.0328330994,0,0.477134466,91,4.93333292,1.88119793,0.429308206,0.480464458,0.00548764085,0
233324966,233324,4.853333,11.0960665,0.0322667919,0,0.480464458,91,4.853333,1.84875095,0.423397064,0.483758897,0.00541558024,0
233344958,233344,4.853333,11.068531,0.0316556767,0,0.483758897,91,4.853333,1.81373656,0.424450338,0.48710832,0.00549232122,0
233364950,233364,4.853333,11.041132,0.0311153196,0,0.48710832,92,4.853333,1.78277636,0.425503641,0.490508676,0.00556203164,0
233384942,233384,4.853333,11.0139532,0.030578807,0,0.490508676,92,4.853333,1.75203645,0.426553667,0.493960053,0.00563157722,0
233404934,233404,4.853333,10.9870348,0.0301154982,0,0.493960053,93,4.853333,1.72549081,0.427598715,0.497458041,0.00569369644,0
233424926,233424,4.78666639,10.9603748,0.0296985693,0,0.497458041,92,4.78666639,1.70160258,0.42275089,0.500925004,0.00562948594,0
233444918,233444,4.78666639,10.9349737,0.0291949809,0,0.500925004,93,4.78666639,1.67274904,0.423732907,0.504440665,0.00569533557,0
233464910,233464,4.78666639,10.9098406,0.0288416725,0,0.504440665,93,4.78666639,1.65250599,0.424709052,0.507995486,0.00574556598,0
233484902,233484,4.78666639,10.8850241,0.0285411328,0,0.507995486,94,4.78666639,1.63528633,0.425677329,0.51158613,0.00579030393,0
233504894,233504,4.78666639,10.8605633,0.0282142162,0,0.51158613,94,4.78666639,1.61655545,0.4266361,0.515214443,0.0058378391,0
233524886,233524,4.77333307,10.8364687,0.0279418379,0,0.515214443,95,4.77333307,1.60094929,0.426393658,0.518861532,0.00585501362,0
233544878,233544,4.77333307,10.8127842,0.027817782,0,0.518861532,95,4.77333307,1.59384143,0.427327663,0.522532821,0.00588098587,0
233564870,233564,4.77333307,10.7894974,0.0276847556,0,0.522532821,96,4.77333307,1.58621955,0.428249955,0.526228786,0.00590780703,0
233584862,233584,4.77333307,10.7666731,0.027518183,0,0.526228786,96,4.77333307,1.57667565,0.429157764,0.529951572,0.00593805965,0
233604854,233604,4.77333307,10.7442875,0.0275459308,0,0.529951572,96,4.77333307,1.57826555,0.430051923,0.533688009,0.0059474716,0
233624846,233624,4.77333307,10.7223825,0.0275914334,0,0.533688009,97,4.77333307,1.58087265,0.430930495,0.537436664,0.00595475966,0
233644838,233644,4.77333307,10.7017603,0.0275898017,0,0.537436664,97,4.77333307,1.58077908,0.431760907,0.541199923,0.00596640911,0
233664830,233664,4.77333307,10.681551,0.0277694985,0,0.541199923,98,4.77333307,1.59107494,0.432577789,0.544965208,0.00595841929,0
233684822,233684,4.77333307,10.6617775,0.0279111378,0,0.544965208,98,4.77333307,1.59919035,0.433380038,0.548734844,0.00595424697,0
233704814,233704,4.77333307,10.6424589,0.0281403884,0,0.548734844,99,4.77333307,1.61232543,0.434166759,0.552502513,0.00594037119,0
233724806,233724,4.78666639,10.6235733,0.0283740237,0,0.552502513,99,4.78666639,1.62571168,0.436153442,0.556283534,0.00595083088,0
233744798,233744,4.78666639,10.6051779,0.0286888052,0,0.556283534,100,4.78666639,1.64374733,0.436910003,0.560056031,0.00592714036,0
233764790,233764,4.78666639,10.5871925,0.0290756971,0,0.560056031,100,4.78666639,1.66591465,0.4376522,0.5638147,0.00589533383,0
233784782,233784,4.78666639,10.5696573,0.0293707922,0,0.5638147,101,4.78666639,1.68282235,0.438378274,0.567565382,0.00587312132,0
233804774,233804,4.78666639,10.5525799,0.0298915561,0,0.567565382,101,4.78666639,1.71265996,0.439087719,0.571292043,0.00582607556,0
233824766,233824,4.78666639,10.5359211,0.030362159,0,0.571292043,102,4.78666639,1.73962343,0.439781994,0.574997723,0.00578410318,0
233844758,233844,4.78666639,10.5196791,0.0308566839,0,0.574997723,102,4.78666639,1.76795769,0.44046098,0.578680277,0.005739165,0
233864750,233864,4.78666639,10.5036058,0.0313157849,0,0.578680277,102,4.78666639,1.79426217,0.441135019,0.582341909,0.00569786131,0
233884742,233884,4.78666639,10.4879074,0.0319976434,0,0.582341909,103,4.78666639,1.8333298,0.44179529,0.585966587,0.00563188875,0
233904734,233904,4.78666639,10.4726162,0.0326086245,0,0.585966587,103,4.78666639,1.86833644,0.442440391,0.58955878,0.00557325874,0
233924726,233924,4.78666639,10.4576473,0.0332351588,0,0.58955878,104,4.78666639,1.90423417,0.44307366,0.593116939,0.0055125826,0
233944718,233944,4.78666639,10.4430056,0.0339063555,0,0.593116939,104,4.78666639,1.94269097,0.44369489,0.596637487,0.0054466608,0
233964710,233964,4.78666639,10.4286394,0.0345757417,0,0.596637487,104,4.78666639,1.98104393,0.444306105,0.600120127,0.00538061094,0
233984702,233984,4.78666639,10.4144917,0.0352752022,0,0.600120127,105,4.78666639,2.02112007,0.444909692,0.603562355,0.00531095779,0
234004694,234004,4.78666639,10.4005356,0.0357891619,0,0.603562355,105,4.78666639,2.05056787,0.445506692,0.606977046,0.00526145706,0
234024686,234024,4.75999975,10.386692,0.0364105888,0,0.606977046,105,4.75999975,2.08617306,0.443615258,0.610322952,0.0051485626,0
234044678,234044,4.75999975,10.3729067,0.0370325595,0,0.610322952,106,4.75999975,2.12180924,0.444204807,0.613633037,0.00508669484,0
234064670,234064,4.75999975,10.3590488,0.0375779197,0,0.613633037,106,4.75999975,2.15305614,0.444799066,0.616912663,0.00503317174,0
234084662,234084,4.75999975,10.3451338,0.0381645486,0,0.616912663,107,4.75999975,2.18666744,0.445397317,0.620158732,0.00497496175,0
234104654,234104,4.75999975,10.3311186,0.0385406688,0,0.620158732,107,4.75999975,2.20821762,0.446001559,0.623386383,0.00493999198,0
234124646,234124,4.70666647,10.3169355,0.0390142612,0,0.623386383,107,4.70666647,2.23535228,0.441610605,0.626520813,0.00479079131,0
234144638,234144,4.70666647,10.3025179,0.0394346975,0,0.626520813,107,4.70666647,2.25944161,0.442228585,0.629633367,0.0047507314,0
234164630,234164,4.70666647,10.2878103,0.0397279263,0,0.629633367,108,4.70666647,2.27624249,0.442860782,0.632733405,0.00472486112,0
234184622,234184,4.70666647,10.2727413,0.0399935283,0,0.632733405,108,4.70666647,2.29146028,0.443510443,0.635823071,0.00470216479,0
234204614,234204,4.70666647,10.2572527,0.0401189178,0,0.635823071,108,4.70666647,2.29864454,0.444180161,0.638912857,0.00469525717,0
234224606,234224,4.62666655,10.2412872,0.0402555205,0,0.638912857,108,4.62666655,2.30647135,0.437311023,0.641899288,0.00453106174,0
234244598,234244,4.62666655,10.2248344,0.0403491668,0,0.641899288,108,4.62666655,2.31183696,0.438014686,0.644888401,0.00452785706,0
234264590,234264,4.62666655,10.2077274,0.0403507501,0,0.644888401,109,4.62666655,2.31192756,0.438748747,0.647887409,0.00453526806,0
234284582,234284,4.62666655,10.1900101,0.0402567945,0,0.647887409,109,4.62666655,2.3065443,0.439511597,0.650903881,0.00455371896,0
234304574,234304,4.62666655,10.1717205,0.0401322693,0,0.650903881,109,4.62666655,2.29940963,0.440301865,0.653940499,0.00457593566,0
234324566,234324,4.5333333,10.1527758,0.0399642028,0,0.653940499,109,4.5333333,2.28978014,0.432224721,0.656878829,0.00441958569,0
234344558,234344,4.5333333,10.1332216,0.0397390686,0,0.656878829,109,4.5333333,2.27688074,0.433058828,0.659845471,0.00445357384,0
234364550,234364,4.5333333,10.1130104,0.0394414514,0,0.659845471,110,4.5333333,2.25982857,0.433924288,0.662846506,0.00449619768,0
234384542,234384,4.5333333,10.0921612,0.0390453152,0,0.662846506,110,4.5333333,2.2371316,0.434820741,0.665890038,0.00455046585,0
234404534,234404,4.5333333,10.0706758,0.0386704057,0,0.665890038,110,4.5333333,2.21565104,0.435748398,0.668975174,0.00460283365,0
234424526,234424,4.4000001,10.0486107,0.0381510518,0,0.668975174,110,4.4000001,2.18589425,0.423861027,0.67193538,0.00440678978,0
234444518,234444,4.4000001,10.0259562,0.0376808867,0,0.67193538,110,4.4000001,2.15895557,0.424818754,0.674945116,0.00447048526,0
234464510,234464,4.4000001,10.0027866,0.0372138396,0,0.674945116,110,4.4000001,2.13219595,0.425802797,0.67800492,0.00453434465,0
234484502,234484,4.4000001,9.97913933,0.0365397856,0,0.67800492,111,4.4000001,2.09357548,0.426811785,0.681131601,0.00462249201,0
234504494,234504,4.4000001,9.95507145,0.035961356,0,0.681131601,111,4.4000001,2.06043386,0.42784369,0.684318602,0.00470024999,0
234524486,234524,4.26666641,9.9306469,0.0352812596,0,0.684318602,110,4.26666641,2.02146721,0.415899038,0.687392116,0.0045217583,0
234544478,234544,4.26666641,9.90590477,0.0345524848,0,0.687392116,111,4.26666641,1.97971141,0.416937828,0.690538466,0.0046173567,0
234564470,234564,4.26666641,9.88094234,0.0338238068,0,0.690538466,111,4.26666641,1.93796122,0.417991161,0.693758428,0.00471352879,0
234584462,234584,4.26666641,9.85579395,0.0331099257,0,0.693758428,112,4.26666641,1.89705884,0.419057727,0.697051704,0.00480855722,0
234604454,234604,4.26666641,9.83053493,0.032428097,0,0.697051704,112,4.26666641,1.85799301,0.420134455,0.700416505,0.00490039121,0
234624446,234624,4.14666653,9.80525208,0.0317129605,0,0.700416505,111,4.14666653,1.81701875,0.409371048,0.703687727,0.00475183642,0
234644438,234644,4.14666653,9.77999496,0.0310742538,0,0.703687727,112,4.14666653,1.78042352,0.410428226,0.707027495,0.00483894488,0
234664430,234664,4.14666653,9.75478458,0.0303565282,0,0.707027495,112,4.14666653,1.73930085,0.41148895,0.710442901,0.00493576378,0
234684422,234684,4.14666653,9.72973442,0.0295822229,0,0.710442901,113,4.14666653,1.69493639,0.412548363,0.71393919,0.00503966492,0
234704414,234704,4.14666653,9.70491886,0.0288997721,0,0.71393919,113,4.14666653,1.65583491,0.413603276,0.717509389,0.00513313245,0
234724406,234724,4.03999996,9.68036842,0.02828403,0,0.717509389,112,4.03999996,1.6205554,0.403985977,0.72099489,0.00499866204,0
234744398,234744,4.03999996,9.65614033,0.0276951548,0,0.72099489,113,4.03999996,1.58681536,0.404999584,0.724546731,0.00508108735,0
234764390,234764,4.03999996,9.63226795,0.0271530207,0,0.724546731,113,4.03999996,1.55575335,0.406003326,0.728161395,0.00515817571,0
234784382,234784,4.03999996,9.60881329,0.0266525876,0,0.728161395,114,4.03999996,1.52708066,0.406994373,0.731835663,0.00523044681,0
234804374,234804,4.03999996,9.58580303,0.0262057241,0,0.731835663,114,4.03999996,1.50147736,0.407971352,0.735565245,0.0052964217,0
234824366,234824,3.96000004,9.56327248,0.0258505866,0,0.735565245,114,3.96000004,1.48112941,0.400834799,0.739224374,0.00518414704,0
234844358,234844,3.96000004,9.54125404,0.0254259948,0,0.739224374,114,3.96000004,1.45680213,0.401759803,0.742936432,0.00524710445,0
234864350,234864,3.96000004,9.51979923,0.0251339767,0,0.742936432,115,3.96000004,1.44007075,0.402665257,0.746690214,0.00529408082,0
234884342,234884,3.96000004,9.49894142,0.02499355,0,0.746690214,115,3.96000004,1.43202484,0.403549433,0.750472486,0.00532264588,0
234904334,234904,3.96000004,9.47864342,0.0247854665,0,0.750472486,116,3.96000004,1.4201026,0.404413611,0.754288912,0.0053592003,0
234924326,234924,3.91999984,9.45889854,0.0246247854,0,0.754288912,116,3.91999984,1.41089618,0.401164293,0.75807482,0.00530527718,0
234944318,234944,3.91999984,9.43974972,0.0246571898,0,0.75807482,116,3.91999984,1.41275287,0.401978046,0.761873305,0.00531210471,0
234964310,234964,3.91999984,9.42115879,0.0245821625,0,0.761873305,117,3.91999984,1.40845406,0.402771264,0.765693307,0.00533171277,0
234985135,234985,3.91999984,9.40315819,0.0245220736,0,0.765693307,117,3.91999984,1.4050113,0.40354231,0.769725204,0.00534924213,0
235005127,235005,3.91999984,9.38582134,0.0245860759,0,0.769725204,118,3.91999984,1.40867829,0.404287696,0.773573697,0.0053513092,0
235025119,235025,3.86666656,9.36906052,0.0247056074,0,0.773573697,118,3.86666656,1.41552699,0.399500638,0.777343452,0.00523241283,0
235045111,235045,3.86666656,9.35322571,0.0249150284,0,0.777343452,118,3.86666656,1.42752588,0.400177002,0.781107426,0.0052156141,0
235065103,235065,3.86666656,9.33858967,0.0251065921,0,0.781107426,119,3.86666656,1.43850172,0.400804192,0.784866214,0.0052002822,0
235085095,235085,3.86666656,9.32451248,0.0252941139,0,0.784866214,119,3.86666656,1.44924593,0.401409268,0.788619697,0.00518508721,0
235105087,235105,3.86666656,9.31095028,0.0256686397,0,0.788619697,119,3.86666656,1.47070467,0.40199396,0.792350709,0.00514654629,0
235125079,235125,3.85333323,9.29789925,0.0260119457,0,0.792350709,120,3.85333323,1.49037457,0.401170075,0.796040654,0.00508278003,0
235145071,235145,3.85333323,9.28534889,0.0264126845,0,0.796040654,120,3.85333323,1.51333523,0.401712298,0.799704611,0.00504019437,0
235165063,235165,3.85333323,9.27332878,0.0267380401,0,0.799704611,121,3.85333323,1.53197682,0.402233005,0.803348839,0.00500652194,0
235185055,235185,3.85333323,9.26177406,0.0271527097,0,0.803348839,121,3.85333323,1.55573559,0.402734816,0.806964755,0.00496146362,0
235205047,235205,3.85333323,9.2507019,0.0276415348,0,0.806964755,121,3.85333323,1.58374321,0.403216869,0.810545146,0.004906849,0
235225039,235225,3.81333327,9.24008751,0.0281030405,0,0.810545146,121,3.81333327,1.6101855,0.399489582,0.81402874,0.00476867333,0
235245031,235245,3.81333327,9.23066998,0.0286210794,0,0.81402874,122,3.81333327,1.63986695,0.399897128,0.817472398,0.00470922748,0
235265023,235265,3.81333327,9.22157097,0.0290979035,0,0.817472398,122,3.81333327,1.66718698,0.400291711,0.820879459,0.00465462171,0
235285015,235285,3.81333327,9.21276474,0.0295605306,0,0.820879459,122,3.81333327,1.69369352,0.400674343,0.824250877,0.0046015284,0
235305007,235305,3.81333327,9.20419216,0.0300437063,0,0.824250877,123,3.81333327,1.72137749,0.401047528,0.827584505,0.00454565836,0
235324999,235324,3.77333331,9.19582367,0.0304974169,0,0.827584505,123,3.77333331,1.74737322,0.397201896,0.830657125,0.00440626079,0
235344991,235344,3.77333331,9.1876049,0.0308401007,0,0.830657125,123,3.77333331,1.76700747,0.397557199,0.833865821,0.00436746189,0
235364983,235364,3.77333331,9.17949486,0.0311731808,0,0.833865821,123,3.77333331,1.78609157,0.397908449,0.837049603,0.004329741,0
235384975,235384,3.77333331,9.17138577,0.0315933339,0,0.837049603,124,3.77333331,1.81016457,0.398260266,0.840200424,0.00428107334,0
235404967,235404,3.77333331,9.16324329,0.0319626518,0,0.840200424,124,3.77333331,1.83132493,0.398614168,0.843322814,0.00423869211,0
235424959,235424,3.69333339,9.15498924,0.0322204717,0,0.843322814,124,3.69333339,1.84609699,0.390514761,0.846298158,0.00403547473,0
235444951,235444,3.69333339,9.14728165,0.0323634036,0,0.846298158,124,3.69333339,1.85428631,0.390843809,0.849265337,0.00402096938,0
235464943,235464,3.69333339,9.13926315,0.0326439142,0,0.849265337,124,3.69333339,1.87035847,0.391186744,0.852211714,0.00398932584,0
235484935,235484,3.69333339,9.13091755,0.0329208151,0,0.852211714,125,3.69333339,1.88622367,0.391544282,0.855137825,0.00395822152,0
235504927,235504,3.69333339,9.12213802,0.0331537202,0,0.855137825,125,3.69333339,1.89956808,0.391921133,0.858047903,0.00393277407,0
235524919,235524,3.60000014,9.11289787,0.0333700255,0,0.858047903,124,3.60000014,1.91196156,0.382404357,0.860792041,0.0037047239,0
235544911,235544,3.60000014,9.10309124,0.0336056612,0,0.860792041,125,3.60000014,1.92546248,0.382816315,0.863520086,0.00367905246,0
235564903,235564,3.60000014,9.09268379,0.0336112604,0,0.863520086,125,3.60000014,1.92578328,0.383254468,0.866253853,0.00368255819,0
235584895,235584,3.60000014,9.08162498,0.033682052,0,0.866253853,125,3.60000014,1.92983937,0.383721173,0.86898762,0.00367810996,0
235604887,235604,3.60000014,9.06989765,0.0337599739,0,0.86898762,125,3.60000014,1.93430388,0.384217322,0.871721148,0.00367302075,0
235624879,235624,3.47999978,9.05741787,0.0338497981,0,0.871721148,124,3.47999978,1.9394505,0.371921778,0.874256253,0.00340174045,0
235644871,235644,3.47999978,9.04468536,0.0337792076,0,0.874256253,125,3.47999978,1.93540597,0.372445345,0.876805186,0.00341547281,0
235664863,235664,3.47999978,9.03115368,0.0337676592,0,0.876805186,125,3.47999978,1.93474424,0.373003393,0.879362881,0.00342205539,0
235684855,235684,3.47999978,9.01673222,0.0336694494,0,0.879362881,125,3.47999978,1.9291172,0.373599976,0.8819381,0.00344001013,0
235704847,235704,3.47999978,9.00147629,0.0335021801,0,0.8819381,126,3.47999978,1.91953337,0.374233156,0.884538054,0.00346713443,0
235724839,235724,3.34666657,8.98535633,0.0333335698,0,0.884538054,125,3.34666657,1.90987277,0.36054039,0.886940539,0.0031980786,0
235744831,235744,3.34666657,8.96836758,0.0330894552,0,0.886940539,125,3.34666657,1.89588606,0.36122337,0.889375567,0.00323532778,0
235764823,235764,3.34666657,8.95052624,0.032875441,0,0.889375567,125,3.34666657,1.88362396,0.361943394,0.891840994,0.0032691767,0
235784815,235784,3.34666657,8.93183613,0.0325872935,0,0.891840994,126,3.34666657,1.86711431,0.36270079,0.894344687,0.00331298541,0
235804807,235804,3.34666657,8.91237926,0.0321753211,0,0.894344687,126,3.34666657,1.84351003,0.363492608,0.896899462,0.00337318797,0
235824799,235824,3.22666645,8.89216042,0.0318012014,0,0.896899462,125,3.22666645,1.82207453,0.351255864,0.899297595,0.00315916887,0
235844791,235844,3.22666645,8.87126923,0.0313897543,0,0.899297595,125,3.22666645,1.7985003,0.352083057,0.901747465,0.00321975583,0
235864783,235864,3.22666645,8.84910488,0.0309491158,0,0.901747465,126,3.22666645,1.77325356,0.352964908,0.904253125,0.00328488112,0
235884775,235884,3.22666645,8.82641506,0.0304766223,0,0.904253125,126,3.22666645,1.74618173,0.353872269,0.906818628,0.00335466815,0
235904767,235904,3.22666645,8.80325699,0.0298804343,0,0.906818628,126,3.22666645,1.71202266,0.354803175,0.909457147,0.00344109861,0
235924759,235924,3.09333324,8.77966118,0.0293326601,0,0.909457147,125,3.09333324,1.68063748,0.341056019,0.911931276,0.00321810972,0
235944751,235944,3.09333324,8.75575733,0.0288171396,0,0.911931276,125,3.09333324,1.6511004,0.341987133,0.914470971,0.00329436478,0
235964743,235964,3.09333324,8.73160172,0.0282770693,0,0.914470971,126,3.09333324,1.62015665,0.342933238,0.917079508,0.00337435585,0
235984735,235984,3.09333324,8.70725346,0.0276252422,0,0.917079508,126,3.09333324,1.58280969,0.343892187,0.919769168,0.0034695752,0
236004727,236004,3.09333324,8.68281841,0.0271012802,0,0.919769168,127,3.09333324,1.55278885,0.344859958,0.92252773,0.00354848919,0
236024719,236024,2.96000004,8.65832806,0.0264106374,0,0.92252773,125,2.96000004,1.51321793,0.330928743,0.925133109,0.00334194326,0
236044711,236044,2.96000004,8.63390827,0.0258690435,0,0.925133109,126,2.96000004,1.48218691,0.331864715,0.927809417,0.00342327729,0
236064703,236064,2.96000004,8.60911751,0.0253068563,0,0.927809417,126,2.96000004,1.44997597,0.332820326,0.930559874,0.00350796478,0
236084695,236084,2.96000004,8.58454227,0.0246888231,0,0.930559874,127,2.96000004,1.41456532,0.333773136,0.933390915,0.00360050588,0
236104687,236104,2.96000004,8.56025219,0.0241268277,0,0.933390915,127,2.96000004,1.38236535,0.334720224,0.936297417,0.00368595356,0
236124679,236124,2.86666656,8.53632355,0.0235350151,0,0.936297417,126,2.86666656,1.34845698,0.325074643,0.9391101,0.00355705689,0
236144671,236144,2.86666656,8.51282024,0.0230192058,0,0.9391101,127,2.86666656,1.31890321,0.32597217,0.941993415,0.00363631151,0
236164663,236164,2.86666656,8.48976898,0.0225571003,0,0.941993415,127,2.86666656,1.29242659,0.326857239,0.944941998,0.00370855769,0
236184655,236184,2.86666656,8.46722603,0.0220979117,0,0.944941998,127,2.86666656,1.26611698,0.327727437,0.947955847,0.00378057593,0
236204647,236204,2.86666656,8.44519329,0.0215665288,0,0.947955847,128,2.86666656,1.23567104,0.328582466,0.951043069,0.00386254163,0
236224639,236224,2.78666663,8.42375278,0.0212271288,0,0.951043069,127,2.78666663,1.21622479,0.320225686,0.954030812,0.00372860371,0
236244631,236244,2.78666663,8.40289783,0.0207975172,0,0.954030812,128,2.78666663,1.19160986,0.321020454,0.957080483,0.00379644451,0
236264623,236264,2.78666663,8.38231564,0.0204191618,0,0.957080483,128,2.78666663,1.16993177,0.321808696,0.960186779,0.00385748968,0
236284615,236284,2.78666663,8.36239147,0.0201194212,0,0.960186779,128,2.78666663,1.15275788,0.32257545,0.963341057,0.00390775455,0
236304607,236304,2.78666663,8.34315491,0.01984757,0,0.963341057,129,2.78666663,1.13718188,0.323319197,0.966540098,0.00395410275,0
236324599,236324,2.70666671,8.32461739,0.0197142269,0,0.966540098,128,2.70666671,1.12954199,0.314736634,0.969612479,0.00378906238,0
236344591,236344,2.70666671,8.30680084,0.0194657296,0,0.969612479,129,2.70666671,1.11530411,0.315411687,0.972725868,0.00383146899,0
236364583,236364,2.70666671,8.28970242,0.0193125289,0,0.972725868,129,2.70666671,1.10652637,0.316062272,0.975869358,0.0038605493,0
236384575,236384,2.70666671,8.27330112,0.0191817284,0,0.975869358,129,2.70666671,1.09903204,0.316688836,0.979040146,0.0038863197,0
236404567,236404,2.70666671,8.25761032,0.0191693548,0,0.979040146,130,2.70666671,1.09832311,0.317290604,0.982224345,0.00389542128,0
236424559,236424,2.65333343,8.24262619,0.0191530026,0,0.982224345,130,2.65333343,1.09738612,0.311603993,0.985316038,0.00377536798,0
236444551,236444,2.65333343,8.22832298,0.019189883,0,0.985316038,130,2.65333343,1.09949923,0.31214565,0.988414288,0.0037767943,0
236464543,236464,2.65333343,8.21446419,0.0191840865,0,0.988414288,130,2.65333343,1.09916711,0.312672257,0.991523683,0.00378397456,0
236484535,236484,2.65333343,8.20130634,0.0192300789,0,0.991523683,131,2.65333343,1.10180235,0.31317389,0.994637728,0.00378361926,0
236504527,236504,2.65333343,8.18881989,0.0192580502,0,0.994637728,131,2.65333343,1.103405,0.313651443,0.99775809,0.00378547446,0
236524519,236524,2.58666658,8.17699146,0.0193301588,0,0.99775809,131,2.58666658,1.10753644,0.306213051,1.00074458,0.00361778541,0
236544511,236544,2.58666658,8.1658144,0.0195017271,0,1.00074458,131,2.58666658,1.11736655,0.306632191,1.00371933,0.00359866139,0
236564503,236564,2.58666658,8.15525818,0.0196563154,0,1.00371933,131,2.58666658,1.1262238,0.307029098,1.00668383,0.00358159794,0
236584495,236584,2.58666658,8.145298,0.0199053008,0,1.00668383,132,2.58666658,1.1404897,0.307404548,1.00962651,0.00355094904,0
236604487,236604,2.58666658,8.13594913,0.0198240243,0,1.00962651,132,2.58666658,1.13583291,0.307757765,1.0125854,0.00356647652,0
236624479,236624,2.51999998,8.12716007,0.0199891999,0,1.0125854,131,2.51999998,1.14529669,0.300150096,1.01539516,0.00338298548,0
236644471,236644,2.51999998,8.1189003,0.0200002622,0,1.01539516,132,2.51999998,1.14593053,0.300455481,1.01820934,0.00338486605,0
236664463,236664,2.51999998,8.11098862,0.0200767573,0,1.01820934,132,2.51999998,1.15031338,0.300748557,1.02101994,0.00337736029,0
236684455,236684,2.51999998,8.10362244,0.0201284345,0,1.02101994,132,2.51999998,1.1532743,0.301021934,1.02382958,0.00337312277,0
236704447,236704,2.51999998,8.0967083,0.0201549232,0,1.02382958,133,2.51999998,1.15479195,0.301278979,1.02664089,0.00337225432,0
236724439,236724,2.43999982,8.09023285,0.0201845188,0,1.02664089,132,2.43999982,1.1564877,0.29194802,1.02928829,0.0031729918,0
236744431,236744,2.43999982,8.08416748,0.020160988,0,1.02928829,132,2.43999982,1.15513945,0.292167068,1.03194237,0.00317870779,0
236764423,236764,2.43999982,8.07849407,0.020325534,0,1.03194237,133,2.43999982,1.16456723,0.292372257,1.03458071,0.00315759983,0
236784415,236784,2.43999982,8.07318878,0.0203107391,0,1.03458071,133,2.43999982,1.16371953,0.292564362,1.03722429,0.00316177472,0
236804407,236804,2.43999982,8.06820011,0.0203148704,0,1.03722429,133,2.43999982,1.16395628,0.292745292,1.03987062,0.00316314306,0
236824399,236824,2.37333322,8.0634861,0.0202295594,0,1.03987062,133,2.37333322,1.15906835,0.284913242,1.04239178,0.00301176147,0
236844391,236844,2.37333322,8.05902386,0.0201970432,0,1.04239178,133,2.37333322,1.15720522,0.285071015,1.04491961,0.00301805278,0
236864383,236864,2.37333322,8.05468941,0.0201052502,0,1.04491961,133,2.37333322,1.15194595,0.285224408,1.04746115,0.00303273578,0
236884375,236884,2.37333322,8.05055523,0.0200224761,0,1.04746115,133,2.37333322,1.14720333,0.285370886,1.05001509,0.00304607535,0
236904367,236904,2.37333322,8.04658318,0.0199798234,0,1.05001509,134,2.37333322,1.14475954,0.285511762,1.05257666,0.00305365329,0
236924359,236924,2.29333329,8.04279804,0.0199409891,0,1.05257666,133,2.29333329,1.14253449,0.276017636,1.05497837,0.00286168768,0
236944351,236944,2.29333329,8.03913593,0.0198739339,0,1.05497837,133,2.29333329,1.1386925,0.276143372,1.05739033,0.00287254946,0
236964343,236964,2.29333329,8.03557396,0.0197949558,0,1.05739033,133,2.29333329,1.13416731,0.27626577,1.05981386,0.00288508553,0
236984335,236984,2.29333329,8.03210545,0.0197183024,0,1.05981386,134,2.29333329,1.1297754,0.276385069,1.06224871,0.00289726723,0
237004327,237004,2.29333329,8.0287056,0.0196504034,0,1.06224871,134,2.29333329,1.12588513,0.276502103,1.06469369,0.00290818512,0
237024319,237024,2.17333341,8.02530289,0.0195594449,0,1.06469369,133,2.17333341,1.12067354,0.262145072,1.06690013,0.00262335245,0
237044311,237044,2.17333341,8.02193356,0.0194215029,0,1.06690013,133,2.17333341,1.11277008,0.262255192,1.06912506,0.0026441589,0
237065136,237065,2.17333341,8.01850224,0.0193040222,0,1.06912506,133,2.17333341,1.10603893,0.262367398,1.07147801,0.00266207918,0
237085128,237085,2.17333341,8.01507854,0.0193527937,0,1.07147801,133,2.17333341,1.10883331,0.262479454,1.07371497,0.00265624374,0
237105120,237105,2.17333341,8.01162815,0.019212028,0,1.07371497,134,2.17333341,1.10076809,0.262592524,1.07597089,0.00267752144,0
237125112,237125,2.09333324,8.00802708,0.0190363266,0,1.07597089,133,2.09333324,1.0907011,0.253040284,1.07808161,0.00250406773,0
237145104,237145,2.09333324,8.00450802,0.0188283361,0,1.07808161,133,2.09333324,1.07878411,0.253151506,1.08021927,0.00253494433,0
237165096,237165,2.09333324,8.00095367,0.0188085008,0,1.08021927,133,2.09333324,1.07764769,0.25326398,1.08236122,0.00253891107,0
237185088,237185,2.09333324,7.99734831,0.0187030416,0,1.08236122,134,2.09333324,1.07160532,0.253378153,1.08451784,0.00255516637,0
237205080,237205,2.09333324,7.99368668,0.0185872745,0,1.08451784,134,2.09333324,1.06497228,0.253494203,1.08669043,0.00257293275,0
237225072,237225,1.98666668,7.98997593,0.0184141342,0,1.08669043,133,1.98666668,1.05505216,0.240689039,1.08866048,0.00233195815,0
237245064,237245,1.98666668,7.98689747,0.0183548685,0,1.08866048,133,1.98666668,1.05165648,0.240781829,1.09063923,0.00234136032,0
237265056,237265,1.98666668,7.98371267,0.018172456,0,1.09063923,133,1.98666668,1.04120493,0.240877852,1.09264171,0.00236847624,0
237285048,237285,1.98666668,7.98039961,0.0180932041,0,1.09264171,133,1.98666668,1.03666413,0.240977868,1.09465551,0.00238083955,0
237305040,237305,1.98666668,7.97698021,0.0180393755,0,1.09465551,134,1.98666668,1.03358006,0.241081163,1.09667754,0.00238959258,0
237325032,237325,1.90666664,7.97343397,0.0178809576,0,1.09667754,133,1.90666664,1.02450335,0.231476068,1.0985508,0.00221275608,0
237345024,237345,1.90666664,7.96978569,0.0177243389,0,1.0985508,133,1.90666664,1.01552975,0.231582046,1.10044479,0.00223628804,0
237365016,237365,1.90666664,7.96600294,0.0176397301,0,1.10044479,133,1.90666664,1.01068199,0.231692016,1.10235095,0.0022495212,0
237385008,237385,1.90666664,7.96213198,0.0175593738,0,1.10235095,133,1.90666664,1.006078,0.231804639,1.10426879,0.00226217951,0
237405000,237405,1.90666664,7.95813751,0.0174790025,0,1.10426879,134,1.90666664,1.00147307,0.231921002,1.10619831,0.00227488787,0
237424992,237424,1.80000007,7.95405865,0.0173580982,0,1.10619831,132,1.80000007,0.994545698,0.219058707,1.10783112,0.00202526618,0
237444984,237444,1.80000007,7.95045757,0.0172273125,0,1.10783112,133,1.80000007,0.987052262,0.219157949,1.1095674,0.00204503397,0
237464976,237464,1.80000007,7.94671154,0.0170476232,0,1.1095674,133,1.80000007,0.976756811,0.219261259,1.11132729,0.00207190937,0
237484968,237484,1.80000007,7.94284105,0.0169699471,0,1.11132729,133,1.80000007,0.972306311,0.2193681,1.11309838,0.0020841253,0
237504960,237504,1.80000007,7.93886328,0.0168589335,0,1.11309838,133,1.80000007,0.965945661,0.219477996,1.11488497,0.00210119342,0
237524952,237524,1.69333327,7.93478632,0.0167079512,0,1.11488497,132,1.69333327,0.95729506,0.206577986,1.11646318,0.00185521878,0
237544944,237544,1.69333327,7.93062687,0.0166318566,0,1.11646318,132,1.69333327,0.952935159,0.206686303,1.11805236,0.00186718663,0
237564936,237564,1.69333327,7.92636728,0.0165323522,0,1.11805236,132,1.69333327,0.947233975,0.206797391,1.11965549,0.00188257569,0
237584928,237584,1.69333327,7.92202234,0.0164015926,0,1.11965549,133,1.69333327,0.939741969,0.206910804,1.1212765,0.0019025224,0
237604920,237604,1.69333327,7.91758537,0.0162461791,0,1.1212765,133,1.69333327,0.930837452,0.207026765,1.12291849,0.00192608172,0
237624912,237624,1.57333326,7.91310406,0.0162090175,0,1.12291849,131,1.57333326,0.928708255,0.192464501,1.12430823,0.00162925955,0
237644904,237644,1.57333326,7.90898943,0.0160409417,0,1.12430823,131,1.57333326,0.919078231,0.192564622,1.12572026,0.00165445916,0
237664896,237664,1.57333326,7.90477419,0.0159388501,0,1.12572026,132,1.57333326,0.91322881,0.192667291,1.12714636,0.00167014101,0
237684888,237684,1.57333326,7.90047979,0.0158759542,0,1.12714636,132,1.57333326,0.909625113,0.192772031,1.12858188,0.0016801717,0
237704880,237704,1.57333326,7.89611244,0.0157423913,0,1.12858188,132,1.57333326,0.901972532,0.192878649,1.13003552,0.00170048408,0
237724872,237724,1.49333334,7.89167929,0.0155960303,0,1.13003552,131,1.49333334,0.893586636,0.183174148,1.13133562,0.00151994696,0
237744864,237744,1.49333334,7.88721228,0.0155178122,0,1.13133562,131,1.49333334,0.889105082,0.183277875,1.13264692,0.00153217197,0
237764856,237764,1.49333334,7.88270283,0.0154006099,0,1.13264692,131,1.49333334,0.882389903,0.18338272,1.13397431,0.00155008608,0
237784848,237784,1.49333334,7.87814617,0.0152225718,0,1.13397431,132,1.49333334,0.872189045,0.183488786,1.13532543,0.00157687929,0
237804840,237804,1.49333334,7.87355995,0.0150797926,0,1.13532543,132,1.49333334,0.864008427,0.183595672,1.13669586,0.00159857771,0
237824832,237824,1.38666666,7.86893892,0.0149372751,0,1.13669586,130,1.38666666,0.855842769,0.170581773,1.13785315,0.00134916243,0
237844824,237844,1.38666666,7.864326,0.0148871122,0,1.13785315,131,1.38666666,0.852968633,0.170681849,1.13901806,0.00135726319,0
237864816,237864,1.38666666,7.85923576,0.0147214998,0,1.13901806,131,1.38666666,0.843479753,0.170792401,1.14020526,0.00138228934,0
237884808,237884,1.38666666,7.85416031,0.0145463282,0,1.14020526,131,1.38666666,0.833443165,0.170902774,1.14141595,0.00140874006,0
237904800,237904,1.38666666,7.84915543,0.0144641474,0,1.14141595,131,1.38666666,0.828734577,0.171011731,1.14263856,0.00142163597,0
237924792,237924,1.30666661,7.84413958,0.0143999122,0,1.14263856,130,1.30666661,0.825054169,0.161248729,1.14369524,0.00122795487,0
237944784,237944,1.30666661,7.83918285,0.0142450985,0,1.14369524,130,1.30666661,0.816183984,0.161350682,1.14477277,0.00125136145,0
237964776,237964,1.30666661,7.83424187,0.014103896,0,1.14477277,130,1.30666661,0.808093667,0.161452442,1.14586937,0.00127280445,0
237984768,237984,1.30666661,7.82937098,0.0140397735,0,1.14586937,130,1.30666661,0.804419696,0.161552891,1.14697552,0.0012829816,0
238004760,238004,1.30666661,7.82453442,0.0138426386,0,1.14697552,131,1.30666661,0.793124735,0.161652759,1.14810789,0.00131264515,0
238024752,238024,1.22666657,7.819736,0.0137665253,0,1.14810789,130,1.22666657,0.788763762,0.151848748,1.14907467,0.00111999386,0
238044744,238044,1.22666657,7.81497908,0.013583173,0,1.14907467,130,1.22666657,0.778258443,0.15194118,1.1500659,0.00114756066,0
238064736,238064,1.22666657,7.80989456,0.0133658322,0,1.1500659,130,1.22666657,0.765805721,0.152040094,1.15108597,0.00118019723,0
238084728,238084,1.22666657,7.80490589,0.0133728413,0,1.15108597,130,1.22666657,0.766207337,0.152137294,1.1521064,0.0011799226,0
238104720,238104,1.22666657,7.80000496,0.0132098552,0,1.1521064,130,1.22666657,0.756868899,0.15223287,1.15314889,0.00120460859,0
238124712,238124,1.14666665,7.79517269,0.013135937,0,1.15314889,129,1.14666665,0.752633691,0.142392874,1.15402436,0.0010109666,0
238144704,238144,1.14666665,7.79045677,0.0130126374,0,1.15402436,129,1.14666665,0.74556917,0.142479062,1.15491652,0.00102971494,0
238164696,238164,1.14666665,7.78583097,0.0127716502,0,1.15491652,129,1.14666665,0.731761634,0.142563716,1.15584052,0.00106579508,0
238184688,238184,1.14666665,7.78132296,0.0127105061,0,1.15584052,130,1.14666665,0.728258312,0.142646298,1.15677345,0.0010754168,0
238204680,238204,1.14666665,7.77690554,0.0124695096,0,1.15677345,130,1.14666665,0.71445024,0.14272733,1.15773821,0.00111153827,0
238224672,238224,1.05333328,7.77258301,0.0123617947,0,1.15773821,129,1.05333328,0.708278596,0.131182894,1.15850925,0.000887876435,0
238244664,238244,1.05333328,7.76839113,0.0122167477,0,1.15850925,129,1.05333328,0.69996804,0.131253675,1.15929973,0.000909751398,0
238264656,238264,1.05333328,7.76398325,0.0121434983,0,1.15929973,129,1.05333328,0.695771158,0.13132821,1.16010046,0.000921079132,0
238284648,238284,1.05333328,7.75972557,0.0119809918,0,1.16010046,129,1.05333328,0.686460257,0.131400257,1.160923,0.000945582462,0
238304640,238304,1.05333328,7.75558424,0.01195601,0,1.160923,129,1.05333328,0.685028851,0.131470412,1.1617496,0.000949778594,0
238324632,238324,0.973333299,7.75158072,0.0117694298,0,1.1617496,128,0.973333299,0.674338639,0.121548072,1.16242135,0.00077144173,0
238344624,238344,0.973333299,7.74770117,0.0116496719,0,1.16242135,128,0.973333299,0.667477012,0.12160895,1.16310918,0.000789540762,0
238364616,238364,0.973333299,7.74396992,0.0115611879,0,1.16310918,128,0.973333299,0.662407219,0.121667534,1.16380918,0.000803014671,0
238384608,238384,0.973333299,7.7403636,0.0114232507,0,1.16380918,128,0.973333299,0.654504001,0.121724233,1.16452754,0.000823809649,0
238404600,238404,0.973333299,7.73691273,0.0113130035,0,1.16452754,128,0.973333299,0.648187339,0.121778518,1.16526079,0.000840505701,0
238424592,238424,0.906666696,7.73359823,0.0111430315,0,1.16526079,128,0.906666696,0.638448656,0.113486148,1.16586626,0.000693643582,0
238444584,238444,0.906666696,7.70351124,0.00733607868,0,1.16586626,128,0.906666696,0.420326322,0.113929376,1.16697264,0.00126264582,0
238464576,238464,0.906666696,7.63993073,-0.000226625212,0,1.16697264,128,0.906666696,-0.0129846679,0.114877515,1.16909969,0.00240748608,0
238484568,238484,0.906666696,7.57711792,-0.000103070081,0,1.16909969,128,0.906666696,-0.00590548012,0.115829833,1.17124546,0.00240875827,0
238504560,238504,0.906666696,7.51508141,0.000222294388,0,1.17124546,129,0.906666696,0.0127365291,0.116786003,1.17338228,0.00237902999,0
238524552,238524,0.706666648,7.45377493,0.000269201555,0,1.17338228,126,0.706666648,0.0154241119,0.0917730331,1.17506194,0.00185474462,0
238544544,238544,0.706666648,7.39319468,0.000298687781,0,1.17506194,127,0.706666648,0.0171135478,0.0925250277,1.17676508,0.00186537229,0
238564536,238564,0.706666648,7.33328772,0.000376044889,0,1.17676508,127,0.706666648,0.0215457845,0.0932808891,1.17848504,0.00186852319,0
238584528,238584,0.706666648,7.27407885,0.000507151824,0,1.17848504,127,0.706666648,0.0290576573,0.0940401629,1.18021393,0.00186307833,0
238604520,238604,0.706666648,7.2154932,0.000470442697,0,1.18021393,127,0.706666648,0.0269543789,0.0948037133,1.18197644,0.00188403553,0
238624512,238624,0.546666682,7.1575408,0.0005138173,0,1.18197644,125,0.546666682,0.0294395611,0.0739325359,1.18333936,0.0014452649,0
238644504,238644,0.546666682,7.10019493,0.000484665245,0,1.18333936,126,0.546666682,0.0277692713,0.0745296553,1.18472886,0.00146164268,0
238664496,238664,0.546666682,7.04280186,0.000518721237,0,1.18472886,126,0.546666682,0.0297205355,0.0751370192,1.18613589,0.00146801269,0
238684488,238684,0.546666682,6.98605061,0.000613508339,0,1.18613589,126,0.546666682,0.0351514369,0.0757473856,1.18755078,0.00146439031,0
238704480,238704,0.546666682,6.92991924,0.000576658407,0,1.18755078,126,0.546666682,0.0330400914,0.0763609335,1.18899465,0.00148234516,0
238724472,238724,0.560000002,6.87437868,0.00063109491,0,1.18899465,127,0.560000002,0.0361590721,0.0788553879,1.19049108,0.00152403861,0
238744464,238744,0.560000002,6.81941128,0.000559127016,0,1.19049108,127,0.560000002,0.0320356153,0.0794909969,1.19202375,0.00154841645,0
238764456,238764,0.560000002,6.76504278,0.000569743977,0,1.19202375,127,0.560000002,0.0326439217,0.0801298395,1.19357932,0.00155906216,0
238784448,238784,0.560000002,6.71123457,0.000557802967,0,1.19357932,127,0.560000002,0.0319597535,0.0807722881,1.19516206,0.00157360069,0
238804440,238804,0.560000002,6.65796947,0.00055876124,0,1.19516206,127,0.560000002,0.0320146605,0.0814184844,1.19676995,0.001586025,0
238824432,238824,0.680000007,6.60523176,0.000525798299,0,1.19676995,130,0.680000007,0.0301260222,0.0996546745,1.19878089,0.00196775515,0
238844424,238844,0.680000007,6.55305624,0.000577059283,0,1.19878089,130,0.680000007,0.0330630578,0.100448132,1.20081472,0.00197445881,0
238864416,238864,0.680000007,6.50091887,0.000619919854,0,1.20081472,130,0.680000007,0.0355187878,0.101253718,1.20287347,0.00198273873,0
238884408,238884,0.680000007,6.44933081,0.000572369085,0,1.20287347,130,0.680000007,0.0327943303,0.102063648,1.20497406,0.00200704741,0
238904400,238904,0.680000007,6.39827728,0.000574981677,0,1.20497406,131,0.680000007,0.0329440199,0.102878034,1.20710778,0.00202259421,0
238924392,238924,0.813333333,6.34774637,0.000634922239,0,1.20710778,133,0.813333333,0.0363783613,0.124029726,1.20971084,0.00244797091,0
238944384,238944,0.813333333,6.29776096,0.000653482799,0,1.20971084,133,0.813333333,0.037441805,0.125014156,1.2123518,0.00246402342,0
238964376,238964,0.813333333,6.248281,0.000659867364,0,1.2123518,134,0.813333333,0.0378076136,0.12600413,1.21503353,0.00248236489,0
238984368,238984,0.813333333,6.1993041,0.00064387091,0,1.21503353,134,0.813333333,0.0368910842,0.126999617,1.21776104,0.00250493339,0
239004360,239004,0.813333333,6.1508193,0.000617389684,0,1.21776104,135,0.813333333,0.0353738219,0.128000706,1.22053707,0.00252961274,0
239024352,239024,0.906666696,6.10280609,0.000551440055,0,1.22053707,137,0.906666696,0.0315951854,0.143811926,1.22370899,0.00286776782,0
239044344,239044,0.906666696,6.05529022,0.000665340282,0,1.22370899,137,0.906666696,0.0381211862,0.144940406,1.22690678,0.00286871637,0
239064336,239064,0.906666696,6.00790405,0.00064423593,0,1.22690678,137,0.906666696,0.0369119979,0.146083608,1.23015976,0.00289536803,0
239084328,239084,0.906666696,5.96103144,0.000544338545,0,1.23015976,138,0.906666696,0.0311882999,0.147232279,1.23348582,0.00293733855,0
239104320,239104,0.906666696,5.91461039,0.000624474429,0,1.23348582,138,0.906666696,0.0357797481,0.148387849,1.23684657,0.00294486666,0
239124312,239124,1,5.86864901,0.000640238752,0,1.23684657,140,1,0.0366829745,0.164944813,1.24062252,0.00328292605,0
239145137,239145,1,5.82316303,0.000586395618,0,1.24062252,141,1,0.0335979909,0.166233227,1.2446624,0.00331916497,0
239165129,239165,1,5.77813387,0.000645922497,0,1.2446624,141,1,0.037008632,0.167528689,1.24855626,0.00333322608,0
239185121,239185,1,5.73354626,0.00063395605,0,1.24855626,142,1,0.0363230035,0.168831497,1.25251377,0.00336153922,0
239205113,239205,1,5.6875906,0.000645847293,0,1.25251377,143,1,0.0370043218,0.170195654,1.25653267,0.00338630425,0
239225105,239225,1.0666666,5.64391756,0.000579495274,0,1.25653267,144,1.0666666,0.0332026333,0.182946801,1.26091266,0.00366222183,0
239245097,239245,1.0666666,5.60071325,0.000596924277,0,1.26091266,145,1.0666666,0.0342012383,0.18435806,1.26535618,0.00368690654,0
239265089,239265,1.0666666,5.55793095,0.000599958003,0,1.26535618,145,1.0666666,0.0343750603,0.185777158,1.26986754,0.00371466111,0
239285081,239285,1.0666666,5.51555538,0.000710283581,0,1.26986754,146,1.0666666,0.0406962484,0.18720448,1.2744205,0.00372027932,0
239305073,239305,1.0666666,5.4735775,0.000652842282,0,1.2744205,147,1.0666666,0.0374051072,0.188640177,1.27905834,0.00376083632,0
239325065,239325,1.13333333,5.43198681,0.000598841696,0,1.27905834,149,1.13333333,0.0343111008,0.20196481,1.2840867,0.00404648343,0
239345057,239345,1.13333333,5.39081097,0.000637652993,0,1.2840867,149,1.13333333,0.0365348235,0.203507453,1.28918183,0.00406914111,0
239365049,239365,1.13333333,5.34999847,0.000701587531,0,1.28918183,150,1.13333333,0.040198002,0.205059901,1.29433763,0.00408648793,0
239385041,239385,1.13333333,5.30960178,0.000593859993,0,1.29433763,151,1.13333333,0.0340256691,0.206620052,1.29960179,0.0041408292,0
239405033,239405,1.13333333,5.26955652,0.00060592388,0,1.29960179,151,1.13333333,0.0347168781,0.208190233,1.30494297,0.00416967319,0
239425025,239425,1.19999993,5.22992086,0.000548638985,0,1.30494297,153,1.19999993,0.0314346962,0.222107321,1.31071055,0.00446876837,0
239445017,239445,1.19999993,5.19059706,0.000633767922,0,1.31071055,154,1.19999993,0.0363122262,0.223790005,1.31654143,0.00448382972,0
239465009,239465,1.19999993,5.15164566,0.000706906547,0,1.31654143,155,1.19999993,0.0405027606,0.225482062,1.32243955,0.00450146291,0
239485001,239485,1.19999993,5.11303663,0.000694039452,0,1.32243955,156,1.19999993,0.0397655293,0.227184698,1.32843089,0.0045383377,0
239504993,239504,1.19999993,5.07478714,0.000713407411,0,1.32843089,156,1.19999993,0.04087523,0.22889702,1.33420324,0.00456817076,0
239524985,239524,1.29333329,5.03690243,0.000686824496,0,1.33420324,159,1.29333329,0.0393521413,0.248555675,1.34087586,0.00497917552,0
239544977,239544,1.29333329,4.9993186,0.000523075811,0,1.34087586,160,1.29333329,0.029970035,0.250424266,1.34769988,0.00505414186,0
239564969,239564,1.29333329,4.96212721,0.000635312637,0,1.34769988,161,1.29333329,0.0364007317,0.252301216,1.35459137,0.00506610377,0
239584961,239584,1.29333329,4.92526293,0.000560475339,0,1.35459137,162,1.29333329,0.0321128704,0.25418964,1.36161017,0.00512143411,0
239604953,239604,1.29333329,4.88873959,0.000518592366,0,1.36161017,163,1.29333329,0.029713152,0.256088644,1.36874783,0.0051695127,0
239624945,239624,1.37333333,4.8525362,0.000628399721,0,1.36874783,165,1.37333333,0.0360046513,0.273957968,1.37641501,0.0055118748,0
239644937,239644,1.37333333,4.81660652,0.00071056647,0,1.37641501,166,1.37333333,0.0407124572,0.276001573,1.38416958,0.00553344283,0
239664929,239664,1.37333333,4.78098583,0.000673991279,0,1.38416958,167,1.37333333,0.0386168547,0.278057933,1.39205253,0.00558343576,0
239684921,239684,1.37333333,4.74568605,0.00060492364,0,1.39205253,168,1.37333333,0.0346595682,0.280126214,1.40007687,0.00564164435,0
239704913,239704,1.37333333,4.71070337,0.000618497026,0,1.40007687,169,1.37333333,0.0354372673,0.282206476,1.40821612,0.00568023929,0
239724905,239724,1.45333338,4.67603207,0.000590300479,0,1.40821612,172,1.45333338,0.0338217244,0.300860077,1.41698039,0.00607143668,0
239744897,239744,1.45333338,4.64164066,0.000653919706,0,1.41698039,173,1.45333338,0.037466839,0.303089261,1.42585218,0.00610071514,0
239764889,239764,1.45333338,4.60757399,0.000582004781,0,1.42585218,174,1.45333338,0.0333464146,0.305330187,1.43488193,0.00616370747,0
239784881,239784,1.45333338,4.57380009,0.000563981826,0,1.43488193,175,1.45333338,0.0323137753,0.307584792,1.4440521,0.00621373719,0
239804873,239804,1.45333338,4.54029179,0.000641938241,0,1.4440521,176,1.45333338,0.0367803499,0.309854835,1.45332897,0.00623992085,0
239824865,239824,1.54666662,4.50708055,0.000609405921,0,1.45332897,180,1.54666662,0.034916386,0.332183599,1.46337569,0.00670833467,0
239844857,239844,1.54666662,4.47407961,0.000624304288,0,1.46337569,181,1.54666662,0.035769999,0.334633768,1.47356534,0.00675400021,0
239864849,239864,1.54666662,4.4413619,0.000630522729,0,1.47356534,182,1.54666662,0.0361262895,0.337098897,1.48390329,0.00680214912,0
239884841,239884,1.54666662,4.40892792,0.000641390448,0,1.48390329,184,1.54666662,0.0367489643,0.339578748,1.49438953,0.00684936391,0
239904833,239904,1.54666662,4.37676334,0.000624682289,0,1.49438953,185,1.54666662,0.0357916579,0.342074275,1.50503719,0.00690407446,0
239924825,239924,1.65333331,4.34490013,0.000576951541,0,1.50503719,189,1.65333331,0.033056885,0.368347228,1.51662397,0.00745829102,0
239944817,239944,1.65333331,4.31334352,0.000595044461,0,1.51662397,190,1.65333331,0.0340935327,0.371042073,1.52837336,0.00750804879,0
239964809,239964,1.65333331,4.28203201,0.00065924396,0,1.52837336,192,1.65333331,0.0377718955,0.373755246,1.54026818,0.00754576921,0
239984801,239984,1.65333331,4.25098372,0.000635498378,0,1.54026818,193,1.65333331,0.0364113748,0.37648508,1.55234754,0.00760728354,0
240004793,240004,1.65333331,4.22019482,0.000590421143,0,1.55234754,195,1.65333331,0.0338286385,0.379231751,1.56462336,0.00767502282,0
240024785,240024,1.77333319,4.18969488,0.000611014024,0,1.56462336,199,1.77333319,0.0350085236,0.409717709,1.57799244,0.00829809625,0
240044777,240044,1.77333319,4.15943432,0.00059758022,0,1.57799244,201,1.77333319,0.0342388228,0.412698478,1.59156275,0.00836216751,0
240064769,240064,1.77333319,4.12905502,0.000711874454,0,1.59156275,202,1.77333319,0.0407873988,0.415734857,1.60528159,0.00839197263,0
240084761,240084,1.77333319,4.09893227,0.000692593574,0,1.60528159,204,1.77333319,0.0396826863,0.418790072,1.61921167,0.00845903344,0
240104753,240104,1.77333319,4.06909084,0.000628298789,0,1.61921167,206,1.77333319,0.035998866,0.421861351,1.63337684,0.00853917655,0
240124745,240124,1.84000003,4.03950548,0.000635656004,0,1.63337684,209,1.84000003,0.0364204049,0.440926701,1.64829838,0.00892970432,0
240144737,240144,1.84000003,4.0102253,0.000590845826,0,1.64829838,211,1.84000003,0.0338529721,0.444146097,1.66346014,0.00900770817,0
240164729,240164,1.84000003,3.98119402,0.000639476406,0,1.66346014,213,1.84000003,0.0366392955,0.447384834,1.67882013,0.00905939564,0
240184721,240184,1.84000003,3.95240974,0.000639049103,0,1.67882013,215,1.84000003,0.0366148129,0.450643033,1.69440484,0.00912549812,0
240204713,240204,1.84000003,3.92386031,0.000711446686,0,1.69440484,217,1.84000003,0.0407628901,0.453921854,1.71018076,0.00917075016,0
240224705,240224,1.91999996,3.89557672,0.000629906775,0,1.71018076,221,1.91999996,0.0360909961,0.477096528,1.7269398,0.00967204198,0
240244697,240244,1.91999996,3.8675406,0.000596635044,0,1.7269398,223,1.91999996,0.0341846682,0.480554998,1.7439599,0.00975201186,0
240264689,240264,1.91999996,3.83943844,0.000588000577,0,1.7439599,225,1.91999996,0.0336899497,0.484072357,1.76123464,0.00982596725,0
240284681,240284,1.91999996,3.81159806,0.000577444327,0,1.76123464,227,1.91999996,0.0330851227,0.487608075,1.7787683,0.00990091171,0
240304673,240304,1.91999996,3.78400636,0.000620186445,0,1.7787683,229,1.91999996,0.0355340652,0.491163552,1.79653549,0.00996016152,0
240324665,240324,2.02666664,3.75665307,0.000602620596,0,1.79653549,234,2.02666664,0.0345276147,0.52222544,1.81559241,0.0106059248,0
240344657,240344,2.02666664,3.72954798,0.000678417622,0,1.81559241,237,2.02666664,0.038870465,0.526020765,1.83488512,0.010659717,0
240364649,240364,2.02666664,3.70266676,0.000566110422,0,1.83488512,239,2.02666664,0.0324357376,0.529839635,1.85452235,0.0107718622,0
240384641,240384,2.02666664,3.67602372,0.000651459675,0,1.85452235,241,2.02666664,0.0373258889,0.533679783,1.87439644,0.0108233299,0
240404633,240404,2.02666664,3.64962482,0.000598846469,0,1.87439644,244,2.02666664,0.0343113728,0.537540078,1.89458954,0.0109181367,0
240424625,240424,2.10666656,3.62346268,0.000614709686,0,1.89458954,249,2.10666656,0.0352202691,0.562793136,1.91588855,0.0114335166,0
240444617,240444,2.10666656,3.59753609,0.000607778959,0,1.91588855,251,2.10666656,0.0348231681,0.566849053,1.93749988,0.0115181245,0
240464609,240464,2.10666656,3.57158351,0.000562973844,0,1.93749988,254,2.10666656,0.0322560221,0.570967972,1.95945358,0.0116161937,0
240484601,240484,2.10666656,3.54587293,0.000612269039,0,1.95945358,256,2.10666656,0.0350804292,0.575107992,1.98169649,0.0116844913,0
240504593,240504,2.10666656,3.52038693,0.00057648425,0,1.98169649,259,2.10666656,0.0330301113,0.579271495,2.00428486,0.0117807304,0
240524585,240524,2.22666669,3.49512601,0.000570482109,0,2.00428486,265,2.22666669,0.0326862149,0.616693258,2.02853084,0.0125545142,0
240544577,240544,2.22666669,3.47011089,0.000675890187,0,2.02853084,268,2.22666669,0.0387256518,0.621138811,2.05306005,0.0126102073,0
240564569,240564,2.22666669,3.44531226,0.00065510202,0,2.05306005,271,2.22666669,0.0375345796,0.625609636,2.07795715,0.0127078891,0
240584561,240584,2.22666669,3.42071605,0.000581112516,0,2.07795715,274,2.22666669,0.0332952924,0.630107999,2.10326242,0.0128240474,0
240604553,240604,2.22666669,3.39633751,0.000618333986,0,2.10326242,277,2.22666669,0.0354279242,0.634630859,2.12890744,0.0129035395,0
240624545,240624,2.29333329,3.37216401,0.00063492998,0,2.12890744,282,2.29333329,0.0363788046,0.658317327,2.15570164,0.0133857923,0
240644537,240644,2.29333329,3.34819412,0.000617762038,0,2.15570164,285,2.29333329,0.0353951566,0.663030267,2.18289256,0.0134874983,0
240664529,240664,2.29333329,3.32429028,0.000604955945,0,2.18289256,289,2.29333329,0.0346614197,0.667797863,2.21048498,0.0135888951,0
240684521,240684,2.29333329,3.30060244,0.000678811048,0,2.21048498,292,2.29333329,0.0388930067,0.672590554,2.23842239,0.0136607811,0
240704513,240704,2.29333329,3.27711391,0.000594368845,0,2.23842239,295,2.29333329,0.0340548232,0.677411318,2.26682258,0.0137882205,0
240724505,240724,2.4266665,3.25384092,0.000631234492,0,2.26682258,303,2.4266665,0.0361670703,0.721922457,2.29730368,0.014693399,0
240744497,240744,2.4266665,3.23076272,0.000628105074,0,2.29730368,307,2.4266665,0.0359877683,0.727079391,2.32822418,0.0147994692,0
240764489,240764,2.4266665,3.20788503,0.000634889351,0,2.32822418,310,2.4266665,0.03637648,0.732264698,2.35958219,0.0149025917,0
240784481,240784,2.4266665,3.18518257,0.000661351194,0,2.35958219,314,2.4266665,0.0378926285,0.737483978,2.39136839,0.01499929,0
240804473,240804,2.4266665,3.16268873,0.000560420332,0,2.39136839,318,2.4266665,0.0321097188,0.742729127,2.4236865,0.0151425386,0
240824465,240824,2.50666666,3.14037442,0.000643796753,0,2.4236865,324,2.50666666,0.0368868336,0.772666216,2.45749521,0.0157292057,0
240844457,240844,2.50666666,3.11823153,0.00063971529,0,2.45749521,328,2.50666666,0.036652986,0.778153002,2.4917891,0.0158424005,0
240864449,240864,2.50666666,3.09621382,0.000667852,0,2.4917891,332,2.50666666,0.0382650979,0.783686578,2.52654982,0.0159446448,0
240884441,240884,2.50666666,3.0743866,0.000604720553,0,2.52654982,336,2.50666666,0.0346479341,0.789250553,2.56185746,0.0160813797,0
240904433,240904,2.50666666,3.05274963,0.000563132111,0,2.56185746,340,2.50666666,0.0322650932,0.794844508,2.59770179,0.0162109677,0
240924425,240924,2.5999999,3.03128552,0.000629101531,0,2.59770179,348,2.5999999,0.0360448621,0.830277562,2.63537145,0.0169166196,0
240944417,240944,2.5999999,3.00999212,0.000604906585,0,2.63537145,352,2.5999999,0.0346585922,0.836151123,2.67359662,0.0170455016,0
240964409,240964,2.5999999,2.98888588,0.00062271941,0,2.67359662,357,2.5999999,0.0356791914,0.842055619,2.71234798,0.017159041,0
240984401,240984,2.5999999,2.96793437,0.000595432648,0,2.71234798,361,2.5999999,0.0341157764,0.84799999,2.75167251,0.0172907058,0
241004393,241004,2.5999999,2.94715714,0.00062431884,0,2.75167251,366,2.5999999,0.0357708335,0.853978336,2.79152751,0.017401373,0
241024385,241024,2.75999999,2.92653608,0.000655685843,0,2.79152751,376,2.75999999,0.037568029,0.912918389,2.83443999,0.0186051466,0
241044377,241044,2.75999999,2.90607667,0.0005722653,0,2.83443999,381,2.75999999,0.0327883847,0.919345617,2.87803507,0.0187690277,0
241064369,241064,2.75999999,2.88580394,0.000608639035,0,2.87803507,386,2.75999999,0.0348724462,0.925803959,2.92221117,0.0188864339,0
241084361,241084,2.75999999,2.86568427,0.000572307501,0,2.92221117,391,2.75999999,0.0327908024,0.932303965,2.96704388,0.0190335624,0
241104353,241104,2.75999999,2.84572148,0.000569522032,0,2.96704388,397,2.75999999,0.0326312073,0.938844085,3.01251054,0.0191682056,0
241124345,241124,2.87999988,2.82589269,0.000600158761,0,3.01251054,406,2.87999988,0.0343865603,0.986537457,3.06061649,0.0201395694,0
241144337,241144,2.87999988,2.80622435,0.000575965561,0,3.06061649,412,2.87999988,0.0330003947,0.993451893,3.10942292,0.0202906039,0
241164329,241164,2.87999988,2.78673697,0.000568265619,0,3.10942292,417,2.87999988,0.0325592197,1.00039899,3.15892196,0.0204356611,0
241184321,241184,2.87999988,2.76738739,0.000666997628,0,3.15892196,423,2.87999988,0.0382161476,1.00739384,3.20901585,0.0205376651,0
241204313,241204,2.87999988,2.74817729,0.000630936469,0,3.20901585,429,2.87999988,0.0361499935,1.01443565,3.25984955,0.02069626,0
241225138,241225,2.9333334,2.72914004,0.000586421229,0,3.25984955,437,2.9333334,0.0335994586,1.04042888,3.31503558,0.021250166,0
241245130,241245,2.9333334,2.71046495,0.000528659206,0,3.31503558,443,2.9333334,0.0302899405,1.04759741,3.36838126,0.0214209985,0
241265122,241265,2.9333334,2.69191003,0.000563998881,0,3.36838126,449,2.9333334,0.032314755,1.05481839,3.42242718,0.0215536058,0
241285114,241285,2.9333334,2.67270565,0.000607145892,0,3.42242718,456,2.9333334,0.0347868949,1.0623976,3.47720599,0.0216899794,0
241305106,241305,2.9333334,2.65442538,0.000593275938,0,3.47720599,462,2.9333334,0.0339922048,1.06971407,3.53275704,0.021845337,0
241325098,241325,3.02666664,2.63626528,0.000591454329,0,3.53275704,472,3.02666664,0.0338878334,1.11135364,3.59089112,0.022704687,0
241345090,241345,3.02666664,2.61823487,0.000645348046,0,3.59089112,479,3.02666664,0.036975719,1.11900687,3.64976764,0.0228374545,0
241365082,241365,3.02666664,2.60033584,0.000556668441,0,3.64976764,485,3.02666664,0.0318947509,1.12670946,3.70955896,0.0230337307,0
241385074,241385,3.02666664,2.58256245,0.00060807605,0,3.70955896,492,3.02666664,0.0348401889,1.13446355,3.77011657,0.023169443,0
241405066,241405,3.02666664,2.56493664,0.000670458132,0,3.77011657,499,3.02666664,0.0384144187,1.14225936,3.83143592,0.0233007874,0
241425058,241425,3.15999985,2.54741573,0.000605903508,0,3.83143592,512,3.15999985,0.0347157121,1.20078158,3.89645243,0.0245369002,0
241445050,241445,3.15999985,2.53018999,0.000645078311,0,3.89645243,519,3.15999985,0.0369602628,1.2089566,3.96230984,0.0246862043,0
241465042,241465,3.15999985,2.51307583,0.000657743716,0,3.96230984,527,3.15999985,0.0376859382,1.21718967,4.02905178,0.0248485468,0
241485034,241485,3.15999985,2.4960618,0.000595174846,0,4.02905178,534,3.15999985,0.0341010056,1.2254864,4.09678459,0.0250466466,0
241505026,241505,3.15999985,2.47914577,0.000622794323,0,4.09678459,542,3.15999985,0.0356834829,1.23384833,4.16541004,0.0252047814,0
241525018,241525,3.30666661,2.46235514,0.00058573467,0,4.16541004,556,3.30666661,0.0335601233,1.29991961,4.23828745,0.026585171,0
241545010,241545,3.30666661,2.445683,0.000618479564,0,4.23828745,564,3.30666661,0.0354362652,1.30878115,4.31211948,0.0267510582,0
241565002,241565,3.30666661,2.42911172,0.000564974151,0,4.31211948,573,3.30666661,0.0323706344,1.31770968,4.38703251,0.0269587934,0
241584994,241584,3.30666661,2.41267943,0.000587297371,0,4.38703251,581,3.30666661,0.0336496606,1.32668424,4.45914412,0.0271317996,0
241604986,241604,3.30666661,2.39634848,0.000603953784,0,4.45914412,589,3.30666661,0.0346040018,1.33572555,4.53606701,0.027308736,0
241624978,241624,3.37333322,2.38013077,0.000654867152,0,4.53606701,601,3.37333322,0.0375211202,1.37194026,4.61556101,0.0280304924,0
241644970,241644,3.37333322,2.36423182,0.000607525464,0,4.61556101,610,3.37333322,0.0348086432,1.38116622,4.69619322,0.0282419398,0
241664962,241664,3.37333322,2.3484087,0.000653441355,0,4.69619322,619,3.37333322,0.0374394283,1.39047229,4.7778511,0.0284098238,0
241684954,241684,3.37333322,2.3326757,0.000580864726,0,4.7778511,628,3.37333322,0.0332810953,1.39985049,4.8607173,0.0286370888,0
241704946,241704,3.37333322,2.3170476,0.000631788687,0,4.8607173,638,3.37333322,0.0361988246,1.40929222,4.94463205,0.0288050547,0
241724938,241724,3.51999974,2.30152178,0.000568117481,0,4.94463205,654,3.51999974,0.0325507335,1.48048604,5.03351355,0.0303055905,0
241744930,241744,3.51999974,2.28607321,0.000619513565,0,5.03351355,664,3.51999974,0.0354955122,1.49049079,5.12352419,0.0304846223,0
241764922,241764,3.51999974,2.27072191,0.000607896363,0,5.12352419,674,3.51999974,0.0348298959,1.50056732,5.21477365,0.0306965802,0
241784914,241784,3.51999974,2.25547647,0.00068236026,0,5.21477365,684,3.51999974,0.0390963592,1.51071012,5.3071475,0.0308662355,0
241804906,241804,3.51999974,2.24032974,0.000670624606,0,5.3071475,695,3.51999974,0.0384239592,1.52092385,5.4007926,0.0310809202,0
241824898,241824,3.6400001,2.22527838,0.000580876251,0,5.4007926,711,3.6400001,0.0332817547,1.58341157,5.49912071,0.0324158818,0
241844890,241844,3.6400001,2.2105689,0.000578207255,0,5.49912071,722,3.6400001,0.0331288353,1.59394777,5.59876585,0.0326329693,0
241864882,241864,3.6400001,2.19592261,0.000586495793,0,5.59876585,733,3.6400001,0.0336037315,1.60457897,5.69973135,0.0328462981,0
241884874,241884,3.6400001,2.18135285,0.000593526987,0,5.69973135,745,3.6400001,0.0340065882,1.61529636,5.80203867,0.0330619887,0
241904866,241904,3.6400001,2.16687536,0.000664282707,0,5.80203867,756,3.6400001,0.0380605944,1.62608862,5.90560102,0.0332454666,0
241924858,241924,3.72000003,2.15247488,0.000664152962,0,5.90560102,772,3.72000003,0.0380531587,1.67294502,6.01288509,0.0342112854,0
241944850,241944,3.72000003,2.13815641,0.000645256892,0,6.01288509,784,3.72000003,0.0369704962,1.68414819,6.12164259,0.0344505161,0
241964842,241964,3.72000003,2.12394261,0.000627157046,0,6.12164259,796,3.72000003,0.0359334499,1.69541872,6.23189163,0.0346908271,0
241984834,241984,3.72000003,2.10981274,0.000642117404,0,6.23189163,808,3.72000003,0.0367906168,1.7067734,6.34359646,0.0349150375,0
242004826,242004,3.72000003,2.09577227,0.00060603465,0,6.34359646,821,3.72000003,0.034723226,1.71820772,6.45686674,0.0351686738,0
242024818,242024,3.9333334,2.08181596,0.000607299677,0,6.45686674,844,3.9333334,0.0347957052,1.82892227,6.57830381,0.0374532416,0
242044810,242044,3.9333334,2.06793928,0.000561362947,0,6.57830381,858,3.9333334,0.0321637243,1.84119499,6.70145893,0.0377300233,0
242064802,242064,3.9333334,2.05421329,0.000609454466,0,6.70145893,871,3.9333334,0.0349191651,1.85349762,6.8261776,0.037955299,0
242084794,242084,3.9333334,2.04057479,0.000696512929,0,6.8261776,885,3.9333334,0.0399072506,1.86588573,6.95240688,0.0381600931,0
242104786,242104,3.9333334,2.02702403,0.000675214396,0,6.95240688,899,3.9333334,0.0386869349,1.8783592,7.08036995,0.0384272337,0
242124778,242124,4.02666664,2.01354885,0.000667117827,0,7.08036995,918,4.02666664,0.0382230356,1.93579924,7.21317434,0.0396160595,0
242144770,242144,4.02666664,2.00016069,0.000617363141,0,7.21317434,933,4.02666664,0.0353723019,1.94875646,7.34785891,0.0399097353,0
242164762,242164,4.02666664,1.98684871,0.000612023345,0,7.34785891,948,4.02666664,0.0350663513,1.96181333,7.48436499,0.0401802137,0
242184754,242184,4.02666664,1.97360885,0.000593914883,0,7.48436499,963,4.02666664,0.0340288132,1.97497404,7.62274456,0.0404602773,0
242204746,242204,4.02666664,1.9604826,0.000652319985,0,7.62274456,979,4.02666664,0.0373751782,1.98819733,7.76286554,0.0406970344,0
242224738,242224,4.15999985,1.94742024,0.00063317013,0,7.76286554,1001,4.15999985,0.0362779759,2.0678091,7.90965796,0.0423506126,0
242244730,242244,4.15999985,1.93445265,0.000621785177,0,7.90965796,1018,4.15999985,0.0356256627,2.08167052,8.05844879,0.0426412523,0
242264722,242264,4.15999985,1.92160833,0.000654342293,0,8.05844879,1034,4.15999985,0.0374910496,2.09558487,8.20916748,0.0429068618,0
242284714,242284,4.15999985,1.90886021,0.000715470058,0,8.20916748,1051,4.15999985,0.0409934111,2.10958004,8.3617754,0.0431567132,0
242304706,242304,4.15999985,1.89617884,0.000665516418,0,8.3617754,1068,4.15999985,0.038131278,2.12368846,8.51653957,0.0434755273,0
242324698,242324,4.25333309,1.88355494,0.000594897254,0,8.51653957,1090,4.25333309,0.0340850987,2.18588781,8.67709064,0.0448008962,0
242344690,242344,4.25333309,1.87102556,0.000577000843,0,8.67709064,1108,4.25333309,0.0330597125,2.20052576,8.83983803,0.045111876,0
242364682,242364,4.25333309,1.85857761,0.000642151921,0,8.83983803,1126,4.25333309,0.0367925912,2.21526408,9.00462723,0.0453738458,0
242384674,242384,4.25333309,1.8461988,0.000652156305,0,9.00462723,1144,4.25333309,0.0373658016,2.23011732,9.17161083,0.0456718616,0
242404666,242404,4.25333309,1.83391321,0.000632502895,0,9.17161083,1163,4.25333309,0.0362397432,2.24505711,9.34088421,0.0459901094,0
242424658,242424,4.41333342,1.82171071,0.000586008886,0,9.34088421,1191,4.41333342,0.0335758328,2.34511495,9.5190506,0.0480840057,0
242444650,242444,4.41333342,1.80958581,0.000599414401,0,9.5190506,1210,4.41333342,0.0343439132,2.36082816,9.69958019,0.0483977012,0
242464642,242464,4.41333342,1.79763317,0.000661343976,0,9.69958019,1230,4.41333342,0.037892215,2.3765254,9.88237095,0.0486800186,0
242484634,242484,4.41333342,1.78575575,0.000559672073,0,9.88237095,1250,4.41333342,0.0320668444,2.39233232,10.0678473,0.049069047,0
242504626,242504,4.41333342,1.7739346,0.000604233588,0,10.0678473,1271,4.41333342,0.0346200317,2.40827417,10.2556944,0.0493672453,0
242524618,242524,4.45333338,1.76219797,0.000674818177,0,10.2556944,1294,4.45333338,0.0386642329,2.44628644,10.4476156,0.0501041152,0
242544610,242544,4.45333338,1.7505399,0.000557110063,0,10.4476156,1315,4.45333338,0.0319200531,2.46257806,10.6423988,0.0505148545,0
242564602,242564,4.45333338,1.73895419,0.000631012314,0,10.6423988,1336,4.45333338,0.036154341,2.47898483,10.8395967,0.0508027077,0
242584594,242584,4.45333338,1.72741377,0.000631881412,0,10.8395967,1358,4.45333338,0.0362041369,2.49554634,11.0394363,0.0511415266,0
242604586,242604,4.45333338,1.7159549,0.000602471002,0,11.0394363,1380,4.45333338,0.0345190428,2.51221108,11.2420311,0.0515026785,0
242624578,242624,4.63999987,1.70458925,0.000574358623,0,11.2420311,1414,4.63999987,0.0329083242,2.63496614,11.4560843,0.0540551506,0
242644570,242644,4.63999987,1.69330037,0.000563470297,0,11.4560843,1437,4.63999987,0.0322844684,2.65253282,11.6730299,0.0544228964,0
242664562,242664,4.63999987,1.68216956,0.000599123596,0,11.6730299,1461,4.63999987,0.03432725,2.67008424,11.8927593,0.0547587201,0
242684554,242684,4.63999987,1.67112327,0.000595194113,0,11.8927593,1485,4.63999987,0.0341021083,2.68773389,12.1154137,0.0551233739,0
242704546,242704,4.63999987,1.66012692,0.000609483628,0,12.1154137,1510,4.63999987,0.0349208377,2.70553684,12.3409872,0.0554786399,0
242724538,242724,4.81333303,1.64919841,0.000642540283,0,12.3409872,1546,4.81333303,0.0368148461,2.8252039,12.5780697,0.0579253323,0
242744530,242744,4.81333303,1.6383419,0.000609965879,0,12.5780697,1572,4.81333303,0.0349484682,2.84392524,12.8183985,0.0583319552,0
242764522,242764,4.81333303,1.62754905,0.000596336031,0,12.8183985,1598,4.81333303,0.0341675356,2.86278439,13.061965,0.0587283745,0
242784514,242784,4.81333303,1.61680436,0.000633939286,0,13.061965,1624,4.81333303,0.0363220423,2.88180947,13.3086681,0.0590920113,0
242804506,242804,4.81333303,1.60609555,0.000634778989,0,13.3086681,1651,4.81333303,0.0363701545,2.9010241,13.55867,0.0594854094,0
242824498,242824,5,1.59550786,0.000583501766,0,13.55867,1691,5,0.0334321856,3.0335269,13.8220558,0.0622568913,0
242844490,242844,5,1.58497167,0.000607061491,0,13.8220558,1720,5,0.0347820595,3.05369258,14.0888824,0.0626537129,0
242864482,242864,5,1.57460928,0.000595743186,0,14.0888824,1749,5,0.0341335684,3.07378864,14.3592682,0.0630742684,0
242884474,242884,5,1.56430328,0.000599257066,0,14.3592682,1779,5,0.034334898,3.0940392,14.6332169,0.0634872392,0
242904466,242904,5,1.55408418,0.000590190582,0,14.6332169,1808,5,0.0338154286,3.11438441,14.9108095,0.0639113933,0
242924458,242924,5.07999992,1.54390633,0.000655737531,0,14.9108095,1825,5.07999992,0.0375709906,3.18507433,15,0.0653204024,0
242944450,242944,5.07999992,1.5337671,0.000696088129,0,15,1827,5.07999992,0.0398829095,3.20612955,15,0.0657220557,0
242964442,242964,5.07999992,1.5237112,0.000629367132,0,15,1829,5.07999992,0.0360600799,3.22728872,15,0.0662059784,0
242984434,242984,5.07999992,1.51370096,0.000578316918,0,15,1831,5.07999992,0.0331351161,3.24863124,15,0.0666824579,0
243004426,243004,5.07999992,1.50375807,0.000650646514,0,15,1833,5.07999992,0.0372792967,3.27011108,15,0.0670682415,0
243024418,243024,5.27999973,1.49386215,0.000596913509,0,15,1849,5.27999973,0.0342006236,3.42137074,15,0.0702313632,0
243044410,243044,5.27999973,1.48403168,0.000670703012,0,15,1851,5.27999973,0.0384284481,3.44403434,15,0.0706396103,0
243064402,243064,5.27999973,1.47437871,0.000544718758,0,15,1853,5.27999973,0.0312100835,3.46658325,15,0.0712000206,0
243084394,243084,5.27999973,1.46478307,0.000574039761,0,15,1856,5.27999973,0.0328900553,3.48929238,15,0.071643509,0
243104386,243104,5.27999973,1.45522594,0.000635877543,0,15,1858,5.27999973,0.036433097,3.51220798,15,0.0720653236,0
243124378,243124,5.42666626,1.44575608,0.000590963988,0,15,1870,5.42666626,0.0338597409,3.63341379,15,0.0746018812,0
243144370,243144,5.42666626,1.43631768,0.000579309009,0,15,1873,5.42666626,0.0331919603,3.65728998,15,0.0751014054,0
243164362,243164,5.42666626,1.42693949,0.000572173158,0,15,1875,5.42666626,0.032783106,3.68132639,15,0.0756007209,0
243184354,243184,5.42666626,1.41759455,0.000621201412,0,15,1878,5.42666626,0.035592217,3.7055943,15,0.0760594606,0
243204346,243204,5.42666626,1.40830314,0.000683276914,0,15,1880,5.42666626,0.039148882,3.73004222,15,0.0765107572,0
243224338,243224,5.62666655,1.39906001,0.00061182573,0,15,1897,5.62666655,0.0350550301,3.8930645,15,0.0799338296,0
243244330,243244,5.62666655,1.38989973,0.000637068006,0,15,1899,5.62666655,0.036501307,3.91872215,15,0.0804398358,0
243264322,243264,5.62666655,1.38096356,0.000607987982,0,15,1902,5.62666655,0.0348351449,3.94408011,15,0.0809844881,0
243284314,243284,5.62666655,1.37204039,0.000581309141,0,15,1905,5.62666655,0.0333065577,3.96973085,15,0.0815334618,0
243305139,243305,5.62666655,1.36319554,0.000611924974,0,15,1907,5.62666655,0.0350607149,3.99548745,15,0.0820367336,0
243325131,243325,5.69333315,1.35439289,0.000609857147,0,15,1915,5.69333315,0.0349422395,4.06910324,15,0.0835561156,0
243345123,243345,5.69333315,1.345626,0.00067897432,0,15,1917,5.69333315,0.0389023609,4.09561396,15,0.0840416402,0
243365115,243365,5.69333315,1.33654106,0.000627321366,0,15,1920,5.69333315,0.0359428637,4.12345362,15,0.0846571773,0
243385107,243385,5.69333315,1.32788134,0.000631501665,0,15,1923,5.69333315,0.0361823775,4.15034437,15,0.0852056667,0
243405099,243405,5.69333315,1.31925154,0.000594739744,0,15,1926,5.69333315,0.034076076,4.17749357,15,0.0857949629,0
243425091,243425,6,1.3106643,0.000638781989,0,15,1952,6,0.0365995094,4.43135548,15,0.0909981355,0
243445083,243445,6,1.30240893,0.000507996709,0,15,1955,6,0.0291060656,4.45944357,15,0.0916900039,0
243465075,243465,6,1.29418755,0.000617452606,0,15,1957,6,0.0353774279,4.48777246,15,0.0921755508,0
243485067,243485,6,1.28601897,0.000566171366,0,15,1960,6,0.0324392281,4.51627779,15,0.0928067267,0
243505059,243505,6,1.27786911,0.000578862499,0,15,1963,6,0.033166375,4.54508162,15,0.0933872387,0
243525051,243525,6.09333277,1.2697444,0.000643403502,0,15,1974,6.09333277,0.0368643031,4.64531755,15,0.0953966603,0
243545043,243545,6.09333277,1.2616694,0.000610673917,0,15,1977,6.09333277,0.0349890366,4.67504835,15,0.0960369483,0
243565035,243565,6.09333277,1.25363517,0.000649055524,0,15,1980,6.09333277,0.0371881388,4.70500994,15,0.096617341,0
243585027,243585,6.09333277,1.24560106,0.000628746289,0,15,1983,6.09333277,0.0360245071,4.73535681,15,0.0972592011,0
243605019,243605,6.09333277,1.23761189,0.000582668756,0,15,1986,6.09333277,0.0333844572,4.76592541,15,0.0979297012,0
243625011,243625,6.25333357,1.22966659,0.000623893109,0,15,2002,6.25333357,0.0357464403,4.92267323,15,0.10112638,0
243645003,243645,6.25333357,1.22203243,0.000592351076,0,15,2005,6.25333357,0.0339392163,4.95342588,15,0.101787709,0
243664995,243664,6.25333357,1.21441889,0.000616519363,0,15,2008,6.25333357,0.0353239551,4.98448038,15,0.102403045,0
243684987,243684,6.25333357,1.20682847,0.000561354042,0,15,2011,6.25333357,0.0321632139,5.01583052,15,0.103099495,0
243704979,243704,6.25333357,1.1992507,0.000702076417,0,15,2015,6.25333357,0.0402260125,5.04752445,15,0.103616491,0
243724971,243724,6.50666666,1.19171762,0.000618214894,0,15,2039,6.50666666,0.0354211032,5.28520679,15,0.108603679,0
243744963,243744,6.50666666,1.18422258,0.000678058714,0,15,2042,6.50666666,0.0388499014,5.3186574,15,0.109233126,0
243764955,243764,6.50666666,1.17674839,0.000664353196,0,15,2046,6.50666666,0.0380646326,5.35243893,15,0.109940276,0
243784947,243784,6.50666666,1.16929686,0.000649930385,0,15,2049,6.50666666,0.0372382663,5.38654804,15,0.110655017,0
243804939,243804,6.50666666,1.16187239,0.000703639002,0,15,2053,6.50666666,0.0403155424,5.42096901,15,0.111309141,0
243824931,243824,6.69333315,1.15448713,0.000651024689,0,15,2072,6.69333315,0.0373009667,5.61216116,15,0.115307167,0
243844923,243844,6.69333315,1.14731741,0.000606086745,0,15,2076,6.69333315,0.0347262099,5.64723206,15,0.116072617,0
243864915,243864,6.69333315,1.14016545,0.000664415827,0,15,2079,6.69333315,0.03806822,5.68265629,15,0.116742097,0
243884907,243884,6.69333315,1.1330384,0.000557632244,0,15,2083,6.69333315,0.0319499709,5.71840096,15,0.117584415,0
243904899,243904,6.69333315,1.12595546,0.000630520983,0,15,2087,6.69333315,0.0361261889,5.75437307,15,0.118249916,0
243924891,243924,6.79999971,1.11889708,0.000593602948,0,15,2100,6.79999971,0.034010943,5.88295507,15,0.12094032,0
243944883,243944,6.79999971,1.11186433,0.00062092056,0,15,2104,6.79999971,0.0355761237,5.92016554,15,0.12167713,0
243964875,243964,6.79999971,1.10484648,0.000568829069,0,15,2108,6.79999971,0.0325915031,5.95777035,15,0.122504048,0
243984867,243984,6.79999971,1.0978663,0.000621599494,0,15,2111,6.79999971,0.035615027,5.99564934,15,0.123227842,0
244004859,244004,6.79999971,1.09091151,0.000655919081,0,15,2115,6.79999971,0.0375813916,6.03387308,15,0.123977393,0
244024851,244024,7,1.08400345,0.000597754668,0,15,2137,7,0.0342488177,6.25092316,15,0.128518984,0
244044843,244044,7,1.07731354,0.000502509705,0,15,2141,7,0.0287916828,6.28974056,15,0.129418373,0
244064835,244064,7,1.07068419,0.000608098926,0,15,2145,7,0.0348415002,6.32868433,15,0.130106673,0
244084827,244084,7,1.06403577,0.000593746721,0,15,2149,7,0.0340191796,6.36822796,15,0.130935088,0
244104819,244104,7,1.05741608,0.000574653968,0,15,2153,7,0.0329252444,6.40809488,15,0.131775469,0
244124811,244124,7.20000029,1.05082643,0.000532867736,0,15,2176,7.20000029,0.0305310711,6.63251638,15,0.136453927,0
244144803,244144,7.20000029,1.04427207,0.000547239382,0,15,2181,7.20000029,0.0313545056,6.6741457,15,0.137294605,0
244164795,244164,7.20000029,1.03773737,0.000662240083,0,15,2185,7.20000029,0.0379435606,6.71617317,15,0.138032168,0
244184787,244184,7.20000029,1.03123438,0.00065943558,0,15,2189,7.20000029,0.037782874,6.75852537,15,0.138905719,0
244204779,244204,7.20000029,1.02475905,0.000607419468,0,15,2194,7.20000029,0.0348025709,6.80123138,15,0.139841616,0
244224771,244224,7.31999969,1.01829803,0.000641885796,0,15,2210,7.31999969,0.0367773436,6.95845747,15,0.14304696,0
244244763,244244,7.31999969,1.01187146,0.000589290052,0,15,2214,7.31999969,0.0337638296,7.00265169,15,0.144015059,0
244264755,244264,7.31999969,1.00559473,0.000593750388,0,15,2219,7.31999969,0.0340193883,7.04636097,15,0.144908875,0
244284747,244284,7.31999969,0.999354362,0.000584281399,0,15,2223,7.31999969,0.0334768556,7.08578348,15,0.145730451,0
244304739,244304,7.31999969,0.993106604,0.000638199097,0,15,2223,7.31999969,0.0365661122,7.08578348,15,0.145668671,0
244324731,244324,7.54666662,0.986909449,0.000657350873,0,15,2245,7.54666662,0.03766343,7.30519724,15,0.150180057,0
244344723,244344,7.54666662,0.980742395,0.00064560282,0,15,2245,7.54666662,0.0369903147,7.30519724,15,0.150193527,0
244364715,244364,7.54666662,0.974574804,0.000571906567,0,15,2245,7.54666662,0.0327678323,7.30519724,15,0.150277972,0
244384707,244384,7.54666662,0.968447566,0.000670543464,0,15,2245,7.54666662,0.03841931,7.30519724,15,0.150164947,0
244404699,244404,7.54666662,0.962315202,0.000657630211,0,15,2245,7.54666662,0.0376794338,7.30519724,15,0.150179744,0
244424691,244424,7.77333307,0.956217527,0.000629009795,0,15,2267,7.77333307,0.0360396057,7.52461147,15,0.154745862,0
244444683,244444,7.77333307,0.950160205,0.000586995913,0,15,2267,7.77333307,0.0336323865,7.52461147,15,0.154794008,0
244464675,244464,7.77333307,0.944247961,0.000622619118,0,15,2267,7.77333307,0.035673447,7.52461147,15,0.154753178,0
244484667,244484,7.77333307,0.938349962,0.000582474342,0,15,2267,7.77333307,0.0333733186,7.52461147,15,0.154799193,0
244504659,244504,7.77333307,0.932464182,0.000568780466,0,15,2267,7.77333307,0.0325887166,7.52461147,15,0.154814884,0
244524651,244524,8.01333332,0.926609993,0.000608614821,0,15,2291,8.01333332,0.0348710604,7.75693226,15,0.159569234,0
244544643,244544,8.01333332,0.920779645,0.000614033837,0,15,2291,8.01333332,0.0351815447,7.75693226,15,0.159563035,0
244564635,244564,8.01333332,0.914990723,0.000578413601,0,15,2291,8.01333332,0.0331406556,7.75693226,15,0.159603849,0
244584627,244584,8.01333332,0.909191489,0.000630752824,0,15,2291,8.01333332,0.0361394733,7.75693226,15,0.159543872,0
244604619,244604,8.01333332,0.903420508,0.000630573661,0,15,2291,8.01333332,0.0361292064,7.75693226,15,0.15954408,0
244624611,244624,8.29333305,0.897690654,0.000611886848,0,15,2319,8.29333305,0.0350585319,8.02797222,15,0.165165484,0
244644603,244644,8.29333305,0.892001331,0.000639923208,0,15,2319,8.29333305,0.0366648957,8.02797222,15,0.165133357,0
244664595,244664,8.29333305,0.886462152,0.000630791765,0,15,2319,8.29333305,0.0361417048,8.02797222,15,0.165143833,0
244684587,244684,8.29333305,0.880918443,0.000556940038,0,15,2319,8.29333305,0.0319103114,8.02797222,15,0.165228456,0
244704579,244704,8.29333305,0.875430286,0.000636330049,0,15,2319,8.29333305,0.036459025,8.02797222,15,0.165137485,0
244724571,244724,8.56000042,0.869942307,0.000615605386,0,15,2345,8.56000042,0.0352715887,8.28610802,15,0.170494571,0
244744563,244744,8.56000042,0.86449337,0.000622011197,0,15,2345,8.56000042,0.0356386155,8.28610802,15,0.170487225,0
244764555,244764,8.56000042,0.859036386,0.000668013352,0,15,2345,8.56000042,0.0382743441,8.28610802,15,0.170434505,0
244784547,244784,8.56000042,0.853625,0.000615528086,0,15,2345,8.56000042,0.0352671593,8.28610802,15,0.170494661,0
244804539,244804,8.56000042,0.848274112,0.000574500998,0,15,2345,8.56000042,0.0329164825,8.28610802,15,0.170541689,0
244824531,244824,8.8399992,0.842906833,0.000558053434,0,15,2373,8.8399992,0.0319741033,8.55714703,15,0.176160499,0
244844523,244844,8.8399992,0.837554395,0.000596254074,0,15,2373,8.8399992,0.0341628417,8.55714703,15,0.176116735,0
244864515,244864,8.8399992,0.832328558,0.000632418785,0,15,2373,8.8399992,0.0362349264,8.55714703,15,0.17607528,0
244884507,244884,8.8399992,0.827132285,0.000643124047,0,15,2373,8.8399992,0.0368482918,8.55714703,15,0.176063016,0
244904499,244904,8.8399992,0.821961045,0.000665213156,0,15,2373,8.8399992,0.0381139033,8.55714703,15,0.176037714,0
244924491,244924,9.13333321,0.816776514,0.000573610829,0,15,2402,9.13333321,0.0328654796,8.84109592,15,0.182009354,0
244944483,244944,9.13333321,0.811643243,0.000620328472,0,15,2402,9.13333321,0.0355422013,8.84109592,15,0.181955814,0
244964475,244964,9.13333321,0.806499124,0.000606927904,0,15,2402,9.13333321,0.034774404,8.84109592,15,0.181971163,0
244984467,244984,9.13333321,0.801444232,0.000619329745,0,15,2402,9.13333321,0.0354849771,8.84109592,15,0.181956962,0
245004459,245004,9.13333321,0.796382666,0.000597888487,0,15,2402,9.13333321,0.0342564844,8.84109592,15,0.181981519,0
245024451,245024,9.43999958,0.791347921,0.000633515476,0,15,2432,9.43999958,0.0362977609,9.13794994,15,0.188074037,0
245044443,245044,9.43999958,0.786337376,0.000619219732,0,15,2432,9.43999958,0.0354786739,9.13794994,15,0.188090414,0
245064435,245064,9.43999958,0.781498313,0.000558839878,0,15,2432,9.43999958,0.0320191644,9.13794994,15,0.1881596,0
245084427,245084,9.43999958,0.776665688,0.000613311946,0,15,2432,9.43999958,0.0351401828,9.13794994,15,0.188097194,0
245104419,245104,9.43999958,0.771834373,0.000620048551,0,15,2432,9.43999958,0.0355261639,9.13794994,15,0.18808946,0
245124411,245124,9.75999928,0.767025709,0.00059101003,0,15,2464,9.75999928,0.0338623784,9.44771004,15,0.194522738,0
245144403,245144,9.75999928,0.762246966,0.00060137955,0,15,2464,9.75999928,0.0344565064,9.44771004,15,0.194510862,0
245164395,245164,9.75999928,0.757490039,0.000553837104,0,15,2464,9.75999928,0.0317325257,9.44771004,15,0.194565326,0
245184387,245184,9.75999928,0.752727091,0.000607990543,0,15,2464,9.75999928,0.0348352902,9.44771004,15,0.194503278,0
245204379,245204,9.75999928,0.747984648,0.000571890268,0,15,2464,9.75999928,0.0327668972,9.44771004,15,0.194544628,0
245224371,245224,9.8399992,0.743272901,0.000584220979,0,15,2472,9.8399992,0.0334733948,9.5251503,15,0.196130514,0
245244363,245244,9.8399992,0.738566458,0.000570259697,0,15,2472,9.8399992,0.0326734707,9.5251503,15,0.196146503,0
245264355,245264,9.8399992,0.734074295,0.000574283651,0,15,2472,9.8399992,0.0329040289,9.5251503,15,0.196141914,0
245284347,245284,9.8399992,0.729565084,0.000613045937,0,15,2472,9.8399992,0.0351249427,9.5251503,15,0.196097478,0
245304339,245304,9.8399992,0.725081205,0.000583491812,0,15,2472,9.8399992,0.0334316157,9.5251503,15,0.196131334,0
245324331,245324,10.1599998,0.720612049,0.000616879843,0,15,2503,10.1599998,0.0353446081,9.8349123,15,0.202493086,0
245344323,245344,10.1599998,0.716136634,0.000595414487,0,15,2503,10.1599998,0.0341147371,9.8349123,15,0.202517688,0
245364315,245364,10.1599998,0.711693764,0.000626533001,0,15,2503,10.1599998,0.0358976945,9.8349123,15,0.202482045,0
245385140,245385,10.1599998,0.707280695,0.000572652905,0,15,2503,10.1599998,0.0328105912,9.8349123,15,0.202543795,0
245405132,245405,10.1599998,0.702839911,0.000613001932,0,15,2503,10.1599998,0.0351224206,9.8349123,15,0.202497542,0
245425124,245425,10.5066662,0.698419213,0.000531279074,0,15,2538,10.5066662,0.0304400474,10.1704865,15,0.209524512,0
245445116,245445,10.5066662,0.694054842,0.000665289816,0,15,2537,10.5066662,0.0381182954,10.1704865,15,0.209370956,0
245465108,245465,10.5066662,0.689895749,0.000662469014,0,15,2537,10.5066662,0.0379566774,10.1704865,15,0.209374189,0
245485100,245485,10.5066662,0.685756147,0.000648065587,0,15,2537,10.5066662,0.0371314213,10.1704865,15,0.2093907,0
245505092,245505,10.5066662,0.681596994,0.000645770051,0,15,2537,10.5066662,0.0369998962,10.1704865,15,0.209393322,0
245525084,245525,10.8533325,0.677475214,0.000595340738,0,15,2572,10.8533325,0.0341105089,10.5060606,15,0.216384441,0
245545076,245545,10.8533325,0.673354268,0.000633223157,0,15,2572,10.8533325,0.036281012,10.5060606,15,0.216341034,0
245565068,245565,10.8533325,0.669233263,0.000599589257,0,15,2572,10.8533325,0.0343539305,10.5060606,15,0.216379568,0
245585060,245585,10.8533325,0.665121615,0.000599506078,0,15,2572,10.8533325,0.0343491659,10.5060606,15,0.216379657,0
245605052,245605,10.8533325,0.661052525,0.00054613722,0,15,2572,10.8533325,0.0312913544,10.5060606,15,0.216440827,0
245625044,245625,10.9066658,0.656993389,0.000675120333,0,15,2577,10.9066658,0.0386815444,10.5576868,15,0.217359677,0
245645036,245645,10.9066658,0.653154016,0.000693257025,0,15,2577,10.9066658,0.0397206992,10.5576868,15,0.217338905,0
245665028,245665,10.9066658,0.649273932,0.000565562339,0,15,2577,10.9066658,0.0324043334,10.5576868,15,0.217485234,0
245685020,245685,10.9066658,0.645389497,0.000609659532,0,15,2577,10.9066658,0.0349309146,10.5576868,15,0.217434689,0
245705012,245705,10.9066658,0.641537368,0.000572479214,0,15,2577,10.9066658,0.0328006409,10.5576868,15,0.217477292,0
245725004,245725,11.4533339,0.637674451,0.000629643444,0,15,2631,11.4533339,0.0360759087,11.0868645,15,0.228345156,0
245744996,245744,11.4533339,0.633850813,0.00061657984,0,15,2631,11.4533339,0.0353274196,11.0868645,15,0.228360131,0
245764988,245764,11.4533339,0.630014539,0.000590098149,0,15,2631,11.4533339,0.0338101313,11.0868645,15,0.228390485,0
245784980,245784,11.4533339,0.626175225,0.000608863134,0,15,2631,11.4533339,0.0348852873,11.0868645,15,0.228368968,0
245804972,245804,11.4533339,0.622350514,0.000578862964,0,15,2631,11.4533339,0.0331664011,11.0868645,15,0.22840336,0
245824964,245824,11.5199995,0.618519723,0.000595374848,0,15,2638,11.5199995,0.0341124646,11.1513958,15,0.229717731,0
245844956,245844,11.5199995,0.614865422,0.000561039371,0,15,2638,11.5199995,0.0321451873,11.1513958,15,0.229757071,0
245864948,245864,11.5199995,0.611225545,0.00058683526,0,15,2638,11.5199995,0.0336231813,11.1513958,15,0.229727536,0
245884940,245884,11.5199995,0.607603848,0.000572519086,0,15,2638,11.5199995,0.0328029245,11.1513958,15,0.229743928,0
245904932,245904,11.5199995,0.603997707,0.00057493936,0,15,2638,11.5199995,0.0329415984,11.1513958,15,0.229741141,0
245924924,245924,11.9333334,0.600386739,0.000613861019,0,15,2678,11.9333334,0.0351716429,11.5515051,15,0.237963229,0
245944916,245944,11.9333334,0.596790195,0.000503174495,0,15,2678,11.9333334,0.0288297739,11.5515051,15,0.238090068,0
245964908,245964,11.9333334,0.593185842,0.000633863732,0,15,2678,11.9333334,0.0363177136,11.5515051,15,0.237940311,0
245984900,245984,11.9333334,0.589555025,0.000549511402,0,15,2678,11.9333334,0.0314846821,11.5515051,15,0.238036975,0
246004892,246004,11.9333334,0.585954607,0.000650432077,0,15,2678,11.9333334,0.0372670107,11.5515051,15,0.237921327,0
246024884,246024,12.3866663,0.582368851,0.00063743256,0,15,2723,12.3866663,0.0365221947,11.9903326,15,0.247002885,0
246044876,246044,12.3866663,0.578943312,0.000615776516,0,15,2723,12.3866663,0.0352813937,11.9903326,15,0.247027695,0
246064868,246064,12.3866663,0.575523198,0.000690239016,0,15,2723,12.3866663,0.0395477787,11.9903326,15,0.246942356,0
246084860,246084,12.3866663,0.572111368,0.000612275442,0,15,2723,12.3866663,0.035080798,11.9903326,15,0.247031704,0
246104852,246104,12.3866663,0.568682671,0.000605802634,0,15,2723,12.3866663,0.0347099304,11.9903326,15,0.247039124,0
246124844,246124,12.6399994,0.565298975,0.000535888132,0,15,2748,12.6399994,0.0307041258,12.2355595,15,0.252185881,0
246144836,246144,12.6399994,0.561876833,0.000549221528,0,15,2748,12.6399994,0.0314680748,12.2355595,15,0.252170622,0
246164828,246164,12.6399994,0.558478951,0.000649912399,0,15,2748,12.6399994,0.0372372344,12.2355595,15,0.252055228,0
246184820,246184,12.6399994,0.555112422,0.000652565795,0,15,2748,12.6399994,0.0373892635,12.2355595,15,0.252052218,0
246204812,246204,12.6399994,0.551733315,0.000542711001,0,15,2748,12.6399994,0.0310950484,12.2355595,15,0.252178073,0
246224804,246224,13.1199999,0.548342049,0.000706574821,0,15,2796,13.1199999,0.0404837541,12.700201,15,0.261590332,0
246244796,246244,13.1199999,0.544969201,0.000666051288,0,15,2796,13.1199999,0.038161926,12.700201,15,0.261636734,0
246264788,246264,13.1199999,0.541707993,0.000661156606,0,15,2796,13.1199999,0.0378814824,12.700201,15,0.261642367,0
246284780,246284,13.1199999,0.538463116,0.000563971524,0,15,2796,13.1199999,0.0323131867,12.700201,15,0.261753738,0
246304772,246304,13.1199999,0.535224676,0.000582630921,0,15,2796,13.1199999,0.0333822891,12.700201,15,0.26173234,0
246324764,246324,13.6399994,0.531985581,0.000583534769,0,15,2847,13.6399994,0.0334340781,13.2035637,15,0.272131294,0
246344756,246344,13.6399994,0.528780282,0.000658090983,0,15,2847,13.6399994,0.037705835,13.2035637,15,0.272045881,0
246364748,246364,13.6399994,0.52557081,0.000629720511,0,15,2847,13.6399994,0.0360803269,13.2035637,15,0.272078365,0
246384740,246384,13.6399994,0.522379577,0.000618469319,0,15,2847,13.6399994,0.0354356803,13.2035637,15,0.272091269,0
246404732,246404,13.6399994,0.519186676,0.000602362794,0,15,2847,13.6399994,0.0345128439,13.2035637,15,0.272109717,0
246424724,246424,13.9466667,0.515987277,0.00069367321,0,15,2877,13.9466667,0.0397445448,13.5004177,15,0.278138429,0
246444716,246444,13.9466667,0.512789488,0.000616033329,0,15,2877,13.9466667,0.0352961086,13.5004177,15,0.278227389,0
246464708,246464,13.9466667,0.509686947,0.000613415905,0,15,2877,13.9466667,0.0351461396,13.5004177,15,0.278230399,0
246484700,246484,13.9466667,0.50662291,0.000606410671,0,15,2877,13.9466667,0.0347447693,13.5004177,15,0.278238416,0
246504692,246504,13.9466667,0.503538549,0.000649292138,0,15,2877,13.9466667,0.0372016989,13.5004177,15,0.278189301,0
246524684,246524,14.5333328,0.500493646,0.000653396652,0,15,2935,14.5333328,0.037436869,14.0683126,15,0.289917916,0
246544676,246544,14.5333328,0.497450918,0.000557955413,0,15,2935,14.5333328,0.0319684893,14.0683126,15,0.290027291,0
246564668,246564,14.5333328,0.494415969,0.000632072217,0,15,2935,14.5333328,0.0362150669,14.0683126,15,0.289942354,0
246584660,246584,14.5333328,0.49136588,0.000592665107,0,15,2935,14.5333328,0.0339572057,14.0683126,15,0.289987504,0
246604652,246604,14.5333328,0.488360375,0.000555731764,0,15,2935,14.5333328,0.0318410844,14.0683126,15,0.290029824,0
246624644,246624,14.706666,0.485342562,0.000667892396,0,15,2952,14.706666,0.038267415,14.2360992,15,0.293367982,0
246644636,246644,14.706666,0.482320309,0.000609128561,0,15,2952,14.706666,0.0349004939,14.2360992,15,0.293435305,0
246664628,246664,14.706666,0.479382277,0.00055138598,0,15,2952,14.706666,0.031592086,14.2360992,15,0.293501467,0
246684620,246684,14.706666,0.476438999,0.000595074263,0,15,2952,14.706666,0.0340952426,14.2360992,15,0.293451428,0
246704612,246704,14.706666,0.47352162,0.000573937432,0,15,2952,14.706666,0.0328841917,14.2360992,15,0.293475628,0
246724604,246724,15.5199995,0.470620692,0.000632164592,0,15,3033,15.5199995,0.0362203605,15.0234098,15,0.309675574,0
246744596,246744,15.5199995,0.467720211,0.000637231278,0,15,3033,15.5199995,0.0365106612,15.0234098,15,0.309669763,0
246764588,246764,15.5199995,0.464855164,0.000551112462,0,15,3033,15.5199995,0.0315764174,15.0234098,15,0.309768468,0
246784580,246784,15.5199995,0.461959213,0.000599915511,0,15,3033,15.5199995,0.034372624,15.0234098,15,0.309712529,0
246804572,246804,15.5199995,0.459086269,0.000614231161,0,15,3033,15.5199995,0.035192851,15.0234098,15,0.309696138,0
246824564,246824,15.7200003,0.456234694,0.000644660206,0,15,3053,15.7200003,0.0369363055,15.2170095,15,0.313661277,0
246844556,246844,15.7200003,0.453381181,0.000663991261,0,15,3053,15.7200003,0.0380438939,15.2170095,15,0.313639104,0
246864548,246864,15.7200003,0.450598538,0.000719411823,0,15,3053,15.7200003,0.0412192605,15.2170095,15,0.313575596,0
246884540,246884,15.7200003,0.447851062,0.000638597237,0,15,3053,15.7200003,0.0365889259,15.2170095,15,0.313668221,0
246904532,246904,15.7200003,0.445109367,0.000662091537,0,15,3053,15.7200003,0.0379350483,15.2170095,15,0.31364128,0
246924524,246924,16.5466671,0.44236508,0.000641185674,0,15,3134,16.5466671,0.0367372297,16.0172272,15,0.330198586,0
246944516,246944,16.5466671,0.439610869,0.000569452997,0,15,3134,16.5466671,0.032627251,16.0172272,15,0.330280781,0
246964508,246964,16.5466671,0.436893046,0.00060694752,0,15,3134,16.5466671,0.0347755291,16.0172272,15,0.330237836,0
246984500,246984,16.5466671,0.43418631,0.000598608283,0,15,3134,16.5466671,0.034297727,16.0172272,15,0.330247372,0
247004492,247004,16.5466671,0.431492418,0.000546795665,0,15,3134,16.5466671,0.0313290805,16.0172272,15,0.330306768,0
247024484,247024,16.7600002,0.428797871,0.000531024416,0,15,3155,16.7600002,0.0304254554,16.2237339,15,0.334591478,0
247044476,247044,16.7600002,0.426134706,0.000617609825,0,15,3155,16.7600002,0.0353864357,16.2237339,15,0.334492266,0
247064468,247064,16.7600002,0.423498988,0.00061801821,0,15,3155,16.7600002,0.0354098342,16.2237339,15,0.334491789,0
247084460,247084,16.7600002,0.420864612,0.000614023185,0,15,3155,16.7600002,0.0351809338,16.2237339,15,0.334496379,0
247104452,247104,16.7600002,0.418218851,0.000612527656,0,15,3155,16.7600002,0.0350952484,16.2237339,15,0.334498107,0
247124444,247124,17.2399998,0.41559127,0.000676467607,0,15,3203,17.2399998,0.0387587361,16.6883755,15,0.344024807,0
247144436,247144,17.2399998,0.413013041,0.000630164868,0,15,3203,17.2399998,0.0361057855,16.6883755,15,0.344077855,0
247164428,247164,17.2399998,0.410442114,0.000605011999,0,15,3203,17.2399998,0.0346646309,16.6883755,15,0.344106704,0
247184420,247184,17.2399998,0.407882571,0.000600124069,0,15,3203,17.2399998,0.0343845747,16.6883755,15,0.344112307,0
247204412,247204,17.2399998,0.405333251,0.000669325003,0,15,3203,17.2399998,0.0383494943,16.6883755,15,0.344033003,0
247224404,247224,17.9599991,0.402809769,0.00063769595,0,15,3274,17.9599991,0.0365372859,17.3853378,15,0.358469218,0
247244396,247244,17.9599991,0.400270849,0.000584794092,0,15,3274,17.9599991,0.0335062332,17.3853378,15,0.358529836,0
247264388,247264,17.9599991,0.397783369,0.000588409021,0,15,3274,17.9599991,0.0337133519,17.3853378,15,0.358525693,0
247284380,247284,17.9599991,0.395324051,0.000583898043,0,15,3274,17.9599991,0.0334548913,17.3853378,15,0.358530879,0
247304372,247304,17.9599991,0.392876476,0.000644158456,0,15,3274,17.9599991,0.0369075574,17.3853378,15,0.358461827,0
247324364,247324,18.4266663,0.390460372,0.000628981041,0,15,3320,18.4266663,0.0360379554,17.8370705,15,0.367812574,0
247344356,247344,18.4266663,0.388011277,0.000688240048,0,15,3320,18.4266663,0.0394332483,17.8370705,15,0.367744654,0
247364348,247364,18.4266663,0.385594785,0.000593865523,0,15,3320,18.4266663,0.0340259857,17.8370705,15,0.367852807,0
247384340,247384,18.4266663,0.383176833,0.000579868967,0,15,3320,18.4266663,0.0332240425,17.8370705,15,0.367868841,0
247404332,247404,18.4266663,0.380765021,0.000564234564,0,15,3320,18.4266663,0.0323282592,17.8370705,15,0.367886752,0
247424324,247424,19.2666664,0.378388494,0.000588701456,0,15,3403,19.2666664,0.0337301083,18.6501942,15,0.384658724,0
247444316,247444,19.2666664,0.375998408,0.000599497755,0,15,3403,19.2666664,0.034348689,18.6501942,15,0.384646326,0
247465141,247465,19.2666664,0.373727024,0.000594903249,0,15,3403,19.2666664,0.0340854451,18.6501942,15,0.384651601,0
247485133,247485,19.2666664,0.371458203,0.000612900942,0,15,3403,19.2666664,0.0351166353,18.6501942,15,0.384631008,0
247505125,247505,19.2666664,0.369190723,0.000609763549,0,15,3403,19.2666664,0.0349368751,18.6501942,15,0.384634584,0
247525117,247525,19.7733326,0.366935968,0.00054481742,0,15,3453,19.7733326,0.0312157366,19.1406498,15,0.394842327,0
247545109,247545,19.7733326,0.364596665,0.00060285849,0,15,3453,19.7733326,0.0345412455,19.1406498,15,0.394775808,0
247565101,247565,19.7733326,0.362361848,0.000618050864,0,15,3453,19.7733326,0.0354117043,19.1406498,15,0.394758403,0
247585093,247585,19.7733326,0.360092849,0.000615963596,0,15,3453,19.7733326,0.0352921113,19.1406498,15,0.394760817,0
247605085,247605,19.7733326,0.35785374,0.000697411597,0,15,3453,19.7733326,0.0399587378,19.1406498,15,0.394667476,0
247625077,247625,20.0933323,0.355604976,0.00063223386,0,15,3485,20.0933323,0.036224328,19.4504089,15,0.40114215,0
247645069,247645,20.0933323,0.353501827,0.000629247457,0,15,3485,20.0933323,0.0360532217,19.4504089,15,0.401145577,0
247665061,247665,20.0933323,0.351394802,0.000545711548,0,15,3485,20.0933323,0.031266965,19.4504089,15,0.401241302,0
247685053,247685,20.0933323,0.349281132,0.000566459785,0,15,3485,20.0933323,0.0324557535,19.4504089,15,0.40121752,0
247705045,247705,20.0933323,0.347159028,0.000649277994,0,15,3485,20.0933323,0.0372008868,19.4504089,15,0.40112263,0
247725037,247725,21.2533321,0.345068246,0.000618045626,0,15,3599,21.2533321,0.0354114026,20.5732937,15,0.424358398,0
247745029,247745,21.2533321,0.342983574,0.000676020631,0,15,3599,21.2533321,0.0387331285,20.5732937,15,0.424291968,0
247765021,247765,21.2533321,0.340871245,0.000657257682,0,15,3599,21.2533321,0.0376580879,20.5732937,15,0.424313456,0
247785013,247785,21.2533321,0.338779062,0.000581698259,0,15,3599,21.2533321,0.0333288535,20.5732937,15,0.424400061,0
247805005,247805,21.2533321,0.336691022,0.000621396117,0,15,3599,21.2533321,0.0356033742,20.5732937,15,0.424354583,0
247824997,247824,21.8533325,0.334633231,0.000645644031,0,15,3659,21.8533325,0.0369926766,21.1540947,15,0.436326772,0
247844989,247844,21.8533325,0.332632571,0.000619549886,0,15,3659,21.8533325,0.0354975909,21.1540947,15,0.436356694,0
247864981,247864,21.8533325,0.330637872,0.000581719796,0,15,3659,21.8533325,0.0333300866,21.1540947,15,0.436400026,0
247884973,247884,21.8533325,0.32863611,0.000565656344,0,15,3659,21.8533325,0.0324097201,21.1540947,15,0.436418444,0
247904965,247904,21.8533325,0.326631069,0.00063480105,0,15,3659,21.8533325,0.0363714173,21.1540947,15,0.436339229,0
247924957,247924,22.8266659,0.324643493,0.000605199486,0,15,3755,22.8266659,0.0346753746,22.0962868,15,0.455839783,0
247944949,247944,22.8266659,0.32267651,0.000571963319,0,15,3755,22.8266659,0.0327710807,22.0962868,15,0.4558779,0
247964941,247964,22.8266659,0.320680022,0.000622505439,0,15,3755,22.8266659,0.0356669314,22.0962868,15,0.455819964,0
247984933,247984,22.8266659,0.318693221,0.000573511934,0,15,3755,22.8266659,0.0328598097,22.0962868,15,0.455876112,0
248004925,248004,22.8266659,0.316719204,0.000539544562,0,15,3755,22.8266659,0.0309136249,22.0962868,15,0.455915034,0
248024917,248024,23.5466671,0.314730823,0.000631649338,0,15,3826,23.5466671,0.0361908376,22.7932491,15,0.470209539,0
248044909,248044,23.5466671,0.312907189,0.000567618583,0,15,3826,23.5466671,0.0325221457,22.7932491,15,0.470282882,0
248064901,248064,23.5466671,0.31103611,0.000582516601,0,15,3826,23.5466671,0.0333757401,22.7932491,15,0.470265806,0
248084893,248084,23.5466671,0.309172869,0.000588725554,0,15,3826,23.5466671,0.0337314866,22.7932491,15,0.470258713,0
248104885,248104,23.5466671,0.307319611,0.000639772799,0,15,3826,23.5466671,0.0366562791,22.7932491,15,0.470200211,0
248124877,248124,23.9599991,0.30545786,0.000568952295,0,15,3867,23.9599991,0.0325985625,23.1933556,15,0.47854799,0
248144869,248144,23.9599991,0.303620279,0.000605780515,0,15,3867,23.9599991,0.0347086638,23.1933556,15,0.47850582,0
248164861,248164,23.9599991,0.30177775,0.00064993283,0,15,3867,23.9599991,0.0372384079,23.1933556,15,0.478455186,0
248184853,248184,23.9599991,0.299932212,0.000654411269,0,15,3867,23.9599991,0.0374950022,23.1933556,15,0.47845009,0
248204845,248204,23.9599991,0.298122138,0.000588192896,0,15,3867,23.9599991,0.0337009691,23.1933556,15,0.478525966,0
248224837,248224,25.333334,0.296293885,0.000664226362,0,15,4002,25.333334,0.0380573645,24.5227489,15,0.505905509,0
248244829,248244,25.333334,0.294515043,0.000631152536,0,15,4002,25.333334,0.0361623764,24.5227489,15,0.505943418,0
248264821,248264,25.333334,0.292751193,0.000587872404,0,15,4002,25.333334,0.0336826071,24.5227489,15,0.505993009,0
248284813,248284,25.333334,0.290960282,0.000557729043,0,15,4002,25.333334,0.0319555178,24.5227489,15,0.506027579,0
248304805,248304,25.333334,0.289197922,0.000603894296,0,15,4002,25.333334,0.0346005931,24.5227489,15,0.50597465,0
248324797,248324,26.0799999,0.287436455,0.000590284704,0,15,4076,26.0799999,0.0338208191,25.2455235,15,0.520923555,0
248344789,248344,26.0799999,0.285690874,0.000558805477,0,15,4076,26.0799999,0.0320171937,25.2455235,15,0.520959675,0
248364781,248364,26.0799999,0.283930153,0.00059389713,0,15,4076,26.0799999,0.0340277962,25.2455235,15,0.520919442,0
248384773,248384,26.0799999,0.282164335,0.000645172957,0,15,4076,26.0799999,0.0369656868,25.2455235,15,0.520860672,0
248404765,248404,26.0799999,0.280406296,0.000682069513,0,15,4076,26.0799999,0.0390797034,25.2455235,15,0.520818412,0
248424757,248424,26.5066662,0.278646588,0.000625483925,0,15,4118,26.5066662,0.035837587,25.6585369,15,0.529416561,0
248444749,248444,26.5066662,0.276904434,0.000578237697,0,15,4118,26.5066662,0.0331305787,25.6585369,15,0.529470682,0
248464741,248464,26.5066662,0.275228769,0.000552777085,0,15,4118,26.5066662,0.0316717923,25.6585369,15,0.529499888,0
248484733,248484,26.5066662,0.273554444,0.000523499621,0,15,4118,26.5066662,0.0299943164,25.6585369,15,0.529533386,0
248504725,248504,26.5066662,0.271891594,0.000645378372,0,15,4118,26.5066662,0.036977455,25.6585369,15,0.529393733,0
248524717,248524,28.0799999,0.270200431,0.000632166746,0,15,4274,28.0799999,0.0362204835,27.18153,15,0.560875595,0
248544709,248544,28.0799999,0.26854682,0.000630387105,0,15,4274,28.0799999,0.0361185186,27.18153,15,0.560877621,0
248564701,248564,28.0799999,0.266887814,0.0005830343,0,15,4274,28.0799999,0.0334054045,27.18153,15,0.560931861,0
248584693,248584,28.0799999,0.265183806,0.00062934868,0,15,4274,28.0799999,0.0360590219,27.18153,15,0.560878813,0
248604685,248604,28.0799999,0.263494998,0.000547691656,0,15,4274,28.0799999,0.0313804187,27.18153,15,0.560972393,0
248624677,248624,28.8533325,0.26185292,0.000590459793,0,15,4350,28.8533325,0.0338308513,27.9301167,15,0.576390028,0
248644669,248644,28.8533325,0.260200351,0.000647638284,0,15,4350,28.8533325,0.0371069387,27.9301167,15,0.576324463,0
248664661,248664,28.8533325,0.258604854,0.000664426887,0,15,4350,28.8533325,0.0380688533,27.9301167,15,0.57630527,0
248684653,248684,28.8533325,0.256989479,0.000694415648,0,15,4350,28.8533325,0.0397870839,27.9301167,15,0.576270878,0
248704645,248704,28.8533325,0.255396873,0.000657360593,0,15,4350,28.8533325,0.037663985,27.9301167,15,0.576313376,0
248724637,248724,29.3866653,0.253804982,0.000610654883,0,15,4403,29.3866653,0.0349879451,28.4463844,15,0.58703351,0
248744629,248744,29.3866653,0.252214521,0.000520421774,0,15,4403,29.3866653,0.0298179705,28.4463844,15,0.587136924,0
248764621,248764,29.3866653,0.250641882,0.000602472632,0,15,4403,29.3866653,0.034519136,28.4463844,15,0.587042928,0
248784613,248784,29.3866653,0.249075875,0.000534941093,0,15,4403,29.3866653,0.030649865,28.4463844,15,0.587120295,0
248804605,248804,29.3866653,0.247514069,0.000577577332,0,15,4403,29.3866653,0.0330927409,28.4463844,15,0.587071419,0
248824597,248824,31.1599979,0.245948866,0.00061087386,0,15,4500,31.1599979,0.0350004919,30.1629791,15,0.622499943,0
248844589,248844,31.1599979,0.244381279,0.000591528486,0,15,4500,31.1599979,0.0338920839,30.1629791,15,0.622522116,0
248864581,248864,31.1599979,0.242883086,0.000650894712,0,15,4500,31.1599979,0.0372935161,30.1629791,15,0.622454047,0
248884573,248884,31.1599979,0.241396546,0.000599695952,0,15,4500,31.1599979,0.0343600437,30.1629791,15,0.622512698,0
248904565,248904,31.1599979,0.239921227,0.000609151786,0,15,4500,31.1599979,0.0349018238,30.1629791,15,0.62250191,0
