time_us,in_h,in_dh,in_hin,in_hdem,in_dhdem,in_spdem,in_sp,in_dsp,in_pmin,in_pmax,in_dspdem,in_f,out_th,out_ph
35105119,15.0413094,3.13098669,14.8499994,15.0406761,-0.0318851471,26.9777794,26.9777794,2.11754799,-0.34906584,0.261799395,0,128,0.482063025,0.0452245772
35205079,15.3941927,3.58716702,14.8499994,15.0345278,-0.0635588989,27.0677853,27.2282333,1.77905869,-0.34906584,0.261799395,0.900411844,0,0.581334293,0.0195262507
35305039,15.7701712,3.74514914,14.8499994,15.0285769,-0.061509449,27.1571121,27.4347115,0.842249036,-0.34906584,0.261799395,0.893635213,0,0.679996789,-0.00597866625
35504959,16.5237846,3.57109213,14.8499994,15.0172453,-0.0576063804,27.3346825,27.6419296,-0.87044394,-0.34906584,0.261799395,0.886936069,0,0.697298586,-0.0566786602
35604919,16.8611965,3.11943126,14.8499994,15.0118523,-0.0557486229,27.4231033,27.7163773,-0.848088145,-0.34906584,0.261799395,0.88455373,0,0.676863909,-0.0819243863
35704879,17.1285019,2.40486073,14.8499994,15.0066328,-0.0539509468,27.5112667,27.7971497,-0.696826458,-0.34906584,0.261799395,0.881983399,0,0.658844411,-0.0833652094
35804839,17.3154583,1.54056704,14.8499994,15.0015821,-0.0522111244,27.5991745,27.878046,-0.454378307,-0.34906584,0.261799395,0.879424036,0,0.64434886,-0.0709075481
35904799,17.4133396,0.669873238,14.8499994,14.9966936,-0.0505275726,27.6868706,27.9452591,-0.335613191,-0.34906584,0.261799395,0.877308905,0,0.636433303,-0.0606240928
36004759,17.4310913,-0.0139040034,14.8499994,14.9919634,-0.0488980599,27.7744331,27.9880276,-0.372963846,-0.34906584,0.261799395,0.875968277,0,0.636359036,-0.0565966293
36104719,17.3987446,-0.357707441,14.8499994,14.9873857,-0.0473213196,27.8619995,27.9868374,-0.593254685,-0.34906584,0.261799395,0.87600553,0,0.644542277,-0.0630133376
36204679,17.3517704,-0.345574856,14.8499994,14.982955,-0.0457954407,27.9497318,27.9339199,-0.789988756,-0.34906584,0.261799395,0.877665043,0,0.658262551,-0.0746634081
36304639,17.3245277,-0.0761218295,14.8499994,14.9786673,-0.0443185158,28.0377026,27.8578587,-0.939712405,-0.34906584,0.261799395,0.880061328,0,0.672078431,-0.0895488039
36404599,17.3313046,0.264421672,14.8499994,14.9745178,-0.0428892784,28.1259594,27.7678719,-0.94882822,-0.34906584,0.261799395,0.882913351,0,0.683287859,-0.102474622
36504559,17.3686142,0.473570108,14.8499994,14.9705029,-0.0415061302,28.2144547,27.6931019,-0.678827941,-0.34906584,0.261799395,0.885297179,0,0.68820399,-0.105263911
36604519,17.4158325,0.442493826,14.8499994,14.9666166,-0.0401678085,28.3031464,27.6311722,-0.417964637,-0.34906584,0.261799395,0.887281358,0,0.689735234,-0.105223544
36704479,17.4452419,0.185415119,14.8499994,14.9628563,-0.0388724022,28.3919697,27.5904617,-0.0463043451,-0.34906584,0.261799395,0.888590574,0,0.689000726,-0.0977169126
36804439,17.4419384,-0.193996057,14.8499994,14.9592171,-0.0376189537,28.4808807,27.5635395,0.235384032,-0.34906584,0.261799395,0.889458477,0,0.689002275,-0.090170905
36904399,17.3986263,-0.517443001,14.8499994,14.9556952,-0.03640588,28.5698433,27.5474415,0.321832478,-0.34906584,0.261799395,0.88997829,0,0.691949069,-0.0883006603
37004359,17.3289452,-0.689572334,14.8499994,14.9522867,-0.0352319069,28.6589012,27.517767,0.280015856,-0.34906584,0.261799395,0.890937984,0,0.699554622,-0.0924403891
37104319,17.2531338,-0.690407753,14.8499994,14.948988,-0.0340957642,28.7480946,27.4760361,0.214394808,-0.34906584,0.261799395,0.892291188,0,0.709965944,-0.100031964
37205112,17.1849728,-0.566312313,14.8499994,14.9457703,-0.0329961777,28.8381538,27.4385471,0.172011495,-0.34906584,0.261799395,0.893510282,0,0.720292926,-0.108867764
37305072,17.1322212,-0.442035198,14.8499994,14.9426823,-0.0319236107,28.927557,27.411293,0.22260876,-0.34906584,0.261799395,0.894398689,0,0.728705227,-0.114979379
37405032,17.0874805,-0.388355672,14.8499994,14.9396935,-0.0308942795,29.0170174,27.3942623,0.353642881,-0.34906584,0.261799395,0.894954741,0,0.735308528,-0.117660761
37604952,16.9901028,-0.590887785,14.8499994,14.9340019,-0.0289338436,29.1959057,27.408392,0.693683863,-0.34906584,0.261799395,0.894493341,0,0.744519532,-0.115027003
37704912,16.9138813,-0.786771297,14.8499994,14.9312925,-0.0280008316,29.2852116,27.441679,0.834052742,-0.34906584,0.261799395,0.893408298,0,0.748855233,-0.111907877
37804872,16.8188858,-0.965162933,14.8499994,14.9286709,-0.027097702,29.3743649,27.4884243,0.876182377,-0.34906584,0.261799395,0.891889036,0,0.754315257,-0.111261696
37904832,16.7106705,-1.0730654,14.8499994,14.9261341,-0.0262238178,29.4633484,27.5407982,0.924426436,-0.34906584,0.261799395,0.890192926,0,0.760815799,-0.110776827
38004792,16.5968285,-1.09482598,14.8499994,14.9236784,-0.0253782272,29.5521622,27.5932903,0.840512574,-0.34906584,0.261799395,0.888499498,0,0.769110918,-0.115550593
38104752,16.4853191,-1.08725715,14.8499994,14.9213028,-0.0245596562,29.6408215,27.641861,0.849491477,-0.34906584,0.261799395,0.886938274,0,0.778027236,-0.118045382
38204712,16.3783226,-1.01892507,14.8499994,14.9190035,-0.0237677898,29.7293072,27.6959934,0.903664887,-0.34906584,0.261799395,0.885204732,0,0.786036432,-0.119711652
38304672,16.2838707,-0.909441769,14.8499994,14.9167786,-0.0230013523,29.8175755,27.7637596,0.862214744,-0.34906584,0.261799395,0.883044124,0,0.792658508,-0.124755524
38404632,16.1971684,-0.880948424,14.8499994,14.9146252,-0.0222597122,29.9056301,27.831665,0.913071036,-0.34906584,0.261799395,0.880889595,0,0.79874301,-0.126103386
38504592,16.1087799,-0.900351524,14.8499994,14.9125414,-0.021541914,29.9934444,27.9076328,0.956234455,-0.34906584,0.261799395,0.8784917,0,0.804375112,-0.126825124
38604552,16.0146694,-0.977812707,14.8499994,14.9105244,-0.0208473206,30.0809784,27.9970875,1.05241346,-0.34906584,0.261799395,0.875684798,0,0.809017062,-0.124502815
38704512,15.9106379,-1.10569715,14.8499994,14.9085722,-0.0201749802,30.16819,28.1004581,1.10984337,-0.34906584,0.261799395,0.872463524,0,0.813353121,-0.122014262
38804472,15.7937355,-1.23033309,14.8499994,14.906683,-0.0195242558,30.2550888,28.2013931,1.18735909,-0.34906584,0.261799395,0.869340897,0,0.818792224,-0.118558288
38904432,15.6674271,-1.29505122,14.8499994,14.9048548,-0.0188945141,30.3416481,28.3119392,1.17192531,-0.34906584,0.261799395,0.865946472,0,0.824634969,-0.118150592
39004392,15.5382013,-1.28784823,14.8499994,14.9030857,-0.0182851162,30.4279137,28.4088821,1.09253907,-0.34906584,0.261799395,0.862991512,0,0.832811713,-0.121067613
39104352,15.4142694,-1.22390711,14.8499994,14.9013739,-0.0176954269,30.5138702,28.5109844,1.05359995,-0.34906584,0.261799395,0.859901011,0,0.840487719,-0.123356186
39204312,15.2979336,-1.14557874,14.8499994,14.8997173,-0.0171248112,30.5995216,28.6123753,1.01829183,-0.34906584,0.261799395,0.856853843,0,0.847941399,-0.125910595
39305105,15.1890402,-1.068133,14.8499994,14.8981018,-0.0165726338,30.6855927,28.7098522,1.01128042,-0.34906584,0.261799395,0.853944659,0,0.855306447,-0.127865165
39405065,15.0845442,-1.05408788,14.8499994,14.8965502,-0.0160341263,30.7706547,28.8104992,1.0919106,-0.34906584,0.261799395,0.850961447,0,0.861429453,-0.126148418
39505025,14.9770212,-1.08093274,14.8499994,14.8950491,-0.0155169172,30.8553925,28.9209785,1.09963417,-0.34906584,0.261799395,0.847710729,0,0.867047429,-0.125806719
39704945,14.749774,-1.12945652,14.8499994,14.8921909,-0.0145324068,30.8825855,29.143959,1.04842782,-0.34906584,0.261799395,0.00375898043,0,0.676670015,-0.122300804
39804905,14.6339865,-1.16129339,14.8499994,14.89083,-0.0140638351,30.8820381,29.2152195,0.43890518,-0.34906584,0.261799395,-0.00547628105,0,0.5813061,-0.140572295
39904865,14.5127077,-1.20381439,14.8499994,14.889513,-0.0136102038,30.8817844,29.216465,-0.51482296,-0.34906584,0.261799395,-0.00253778882,0,0.543896556,-0.164521798
40004825,14.3867292,-1.24484515,14.8499994,14.8882389,-0.013171196,30.8815098,29.144331,-1.51683974,-0.34906584,0.261799395,-0.00274768122,0,0.582522273,-0.188530579
40104785,14.2539072,-1.36235213,14.8499994,14.8870058,-0.0127464933,30.8814983,29.0272446,-2.08655596,-0.34906584,0.261799395,-0.000114486713,0,0.628860176,-0.212636203
40204745,14.0992107,-1.6985594,14.8499994,14.8858118,-0.0123354597,30.881237,28.931076,-1.76766169,-0.34906584,0.261799395,-0.00261411327,0,0.667061746,-0.236821964
40304705,13.8987274,-2.22101212,14.8499994,14.8846569,-0.011937459,30.8809204,28.8952122,-1.05851972,-0.34906584,0.261799395,-0.00316746579,0,0.696376264,-0.215956986
40404665,13.6353283,-2.93008566,14.8499994,14.8835392,-0.0115524931,30.881073,28.914896,-0.223673418,-0.34906584,0.261799395,0.0015264895,0,0.720668733,-0.191757694
40504625,13.2967606,-3.6596756,14.8499994,14.8824577,-0.011179924,30.8804932,28.9682503,0.435228825,-0.34906584,0.261799395,-0.00580066023,0,0.738103747,-0.167602971
40604585,12.8954449,-4.1266551,14.8499994,14.8814106,-0.0108194351,30.8798466,29.0300503,0.77141726,-0.34906584,0.261799395,-0.00646849908,0,0.760908782,-0.143499672
40704545,12.4701366,-4.16763449,14.8499994,14.8803978,-0.0104703903,30.879324,29.0681438,0.755973995,-0.34906584,0.261799395,-0.00522822654,0,0.789749026,-0.122749433
40804505,12.0608587,-3.82553554,14.8499994,14.8794174,-0.0101327896,30.8788528,29.0837803,0.645015121,-0.34906584,0.261799395,-0.00471303659,0,0.820546091,-0.124848425
40904465,11.7103891,-3.12297201,14.8499994,14.8784685,-0.0098059969,30.8784485,29.0748768,0.535235882,-0.34906584,0.261799395,-0.00404519727,0,0.85014981,-0.129745364
41004425,11.4447021,-2.21924305,14.8499994,14.8775501,-0.00948969554,30.8777866,29.0573997,0.422359616,-0.34906584,0.261799395,-0.00662114844,0,0.873570561,-0.138267994
41104385,11.2727776,-1.38707459,14.8499994,14.8766613,-0.00918356609,30.8772793,29.0523567,0.507565796,-0.34906584,0.261799395,-0.00507557765,0,0.890093565,-0.141073599
41204345,11.1688986,-0.879788458,14.8499994,14.8758011,-0.00888729095,30.877243,29.0816689,0.813146234,-0.34906584,0.261799395,-0.000362541265,0,0.898201346,-0.133203745
41305138,11.0972795,-0.725734174,14.8499994,14.8749619,-0.00860055257,30.8769245,29.1570702,1.10115933,-0.34906584,0.261799395,-0.00316021196,0,0.895874739,-0.120710596
41405098,11.0217419,-0.891856492,14.8499994,14.874157,-0.00832080841,30.877018,29.2606754,1.40630364,-0.34906584,0.261799395,0.000934974814,0,0.893889606,-0.102740288
41505058,10.9218092,-1.10455906,14.8499994,14.8733778,-0.00805250835,30.8766422,29.3834858,1.51168597,-0.34906584,0.261799395,-0.00375898043,0,0.889285922,-0.089277707
41605018,10.8058224,-1.17719173,14.8499994,14.8726234,-0.00779279089,30.8765926,29.4932232,1.31989825,-0.34906584,0.261799395,-0.000496109074,0,0.893564165,-0.0870147571
41804938,10.6080036,-0.721629679,14.8499994,14.8711872,-0.0072981515,30.8759632,29.6519413,0.823901474,-0.34906584,0.261799395,-0.0047893608,0,0.907454252,-0.0962647498
41904898,10.5548429,-0.414481789,14.8499994,14.8705034,-0.00706259394,30.876049,29.7273083,0.771336198,-0.34906584,0.261799395,0.000858650368,0,0.91574502,-0.0970234498
42004858,10.5299597,-0.147564232,14.8499994,14.8698416,-0.00683466578,30.8757057,29.8169212,0.742093086,-0.34906584,0.261799395,-0.00343460147,0,0.916072845,-0.0968403891
42104818,10.5281687,0.0175756644,14.8499994,14.8692017,-0.00661404943,30.8757915,29.9074783,0.748263657,-0.34906584,0.261799395,0.000858650368,0,0.918097019,-0.0948408768
42204778,10.5330353,0.0226378627,14.8499994,14.8685818,-0.00640074397,30.8756332,30.0093365,0.82198894,-0.34906584,0.261799395,-0.0015837329,0,0.914979219,-0.0887103081
42304738,10.5344982,-0.00631113257,14.8499994,14.8679819,-0.00619411469,30.8758373,30.1174297,0.782381415,-0.34906584,0.261799395,0.00204167981,0,0.914560676,-0.0856059045
42404698,10.5306988,-0.0738684162,14.8499994,14.8674021,-0.00599416113,30.8761559,30.2239323,0.762682676,-0.34906584,0.261799395,0.00318654696,0,0.913696885,-0.0814528465
42504658,10.523592,-0.0925435945,14.8499994,14.8668404,-0.00580088282,30.8759308,30.3198395,0.721247375,-0.34906584,0.261799395,-0.00225157198,0,0.911204815,-0.0787387118
42604618,10.5178671,-0.0592781864,14.8499994,14.8662968,-0.00561364507,30.8760033,30.4001942,0.570300221,-0.34906584,0.261799395,0.000725082529,0,0.914731503,-0.0806772262
42704578,10.5182295,0.0150371669,14.8499994,14.8657713,-0.00543244695,30.8758583,30.4701385,0.463693917,-0.34906584,0.261799395,-0.00145016506,0,0.916749954,-0.0822553635
42804538,10.5286217,0.124329358,14.8499994,14.865262,-0.00525728846,30.8759708,30.5335197,0.35063225,-0.34906584,0.261799395,0.00112578599,0,0.920980692,-0.0849812403
42904498,10.5472298,0.180033445,14.8499994,14.8647699,-0.00508753443,30.875576,30.5944653,0.374209106,-0.34906584,0.261799395,-0.00394979166,0,0.9204247,-0.0830371156
43004458,10.5710478,0.247379348,14.8499994,14.8642931,-0.00492350245,30.8761349,30.6575508,0.365081012,-0.34906584,0.261799395,0.00559076807,0,0.925312996,-0.0822926983
43104418,10.6001453,0.260145068,14.8499994,14.8638315,-0.00476455688,30.8759632,30.7149868,0.379538715,-0.34906584,0.261799395,-0.00171730074,0,0.922202587,-0.0803950205
43204378,10.6274261,0.201573327,14.8499994,14.8633852,-0.00461069727,30.8760872,30.7740097,0.4708094,-0.34906584,0.261799395,0.00124027277,0,0.922649145,-0.0750006959
43304338,10.6466608,0.151615709,14.8499994,14.8629532,-0.00446192408,30.8758488,30.8289299,0.439458698,-0.34906584,0.261799395,-0.00238513993,0,0.921190858,-0.0734164268
43405131,10.6638918,0.170686677,14.8499994,14.8625317,-0.00431791926,30.8762245,30.8702908,0.325368166,-0.34906584,0.261799395,0.00372791453,0,0.926329255,-0.0756240785
43505091,10.6855001,0.223357186,14.8499994,14.8621273,-0.00417741155,30.8761883,30.900507,0.28350538,-0.34906584,0.261799395,-0.000362541265,0,0.927378535,-0.0763632283
43605051,10.7140932,0.290876508,14.8499994,14.8617363,-0.00404262543,30.8758373,30.9288406,0.23506853,-0.34906584,0.261799395,-0.00351092592,0,0.928426087,-0.0776601508
43705011,10.7476788,0.358807117,14.8499994,14.8613577,-0.00391229009,30.8760738,30.9600906,0.274178892,-0.34906584,0.261799395,0.00236605876,0,0.932071209,-0.0761084631
43904931,10.8318224,0.416846901,14.8499994,14.8606367,-0.00366401672,30.8759708,31.0236416,0.290564775,-0.34906584,0.261799395,-0.00446498161,0,0.929141223,-0.0742865726
44004891,10.8734083,0.400445104,14.8499994,14.8602934,-0.00354576111,30.8761063,31.0520458,0.291491181,-0.34906584,0.261799395,0.00135475944,0,0.931530178,-0.0730062574
44104851,10.9105396,0.355580032,14.8499994,14.8599615,-0.00343132019,30.8763313,31.0875988,0.267013401,-0.34906584,0.261799395,0.00225157198,0,0.931480169,-0.0719382092
44204811,10.943469,0.319303364,14.8499994,14.8596401,-0.00332069397,30.8760872,31.1234226,0.237648174,-0.34906584,0.261799395,-0.00244238321,0,0.929203987,-0.0709861144
44304771,10.9727478,0.317370713,14.8499994,14.8593292,-0.00321356463,30.8766537,31.1563396,0.240099713,-0.34906584,0.261799395,0.00566709228,0,0.933000267,-0.0693662018
44404731,11.0091848,0.412187099,14.8499994,14.8590279,-0.00310993195,30.8766537,31.178978,0.13151969,-0.34906584,0.261799395,0,0,0.93151176,-0.0727372319
44504691,11.0587749,0.536029458,14.8499994,14.858736,-0.00300947833,30.8768063,31.191433,0.0600339957,-0.34906584,0.261799395,0.0015264895,0,0.933436155,-0.0759048164
44604651,11.1201916,0.595830858,14.8499994,14.8584538,-0.00291220355,30.8764668,31.2003136,0.0836106092,-0.34906584,0.261799395,-0.00339643913,0,0.931272209,-0.0756766126
44704611,11.1798658,0.567943752,14.8499994,14.858181,-0.0028181076,30.8764343,31.2180672,0.183120087,-0.34906584,0.261799395,-0.000324379012,0,0.930964291,-0.0716990829
44804571,11.2335644,0.515270293,14.8499994,14.8579168,-0.00272719073,30.8766994,31.2326183,0.160445184,-0.34906584,0.261799395,0.00265227561,0,0.931591749,-0.071264118
44904531,11.2810621,0.458266765,14.8499994,14.8576612,-0.00263913465,30.8765526,31.2451,0.0891751423,-0.34906584,0.261799395,-0.00146924611,0,0.93018055,-0.0723687783
45004491,11.3217983,0.423418015,14.8499994,14.8574142,-0.00255393982,30.8768425,31.2532101,0.0850513056,-0.34906584,0.261799395,0.00290033012,0,0.933340907,-0.0716457143
45104451,11.3602295,0.380968094,14.8499994,14.8571749,-0.00247160601,30.8770905,31.2638264,0.110738896,-0.34906584,0.261799395,0.00248054555,0,0.93383944,-0.0697048903
45204411,11.3958292,0.348735988,14.8499994,14.8569431,-0.00239181519,30.8770905,31.2748489,0.161395669,-0.34906584,0.261799395,0,0,0.93293643,-0.0668705031
45304371,11.430603,0.370708525,14.8499994,14.856719,-0.00231456757,30.8769112,31.2905502,0.128124073,-0.34906584,0.261799395,-0.00179362518,0,0.932070494,-0.0670492724
45404331,11.4680214,0.399032742,14.8499994,14.8565025,-0.00223986316,30.8768425,31.3046474,0.0711505488,-0.34906584,0.261799395,-0.000686920306,0,0.932815313,-0.0682139248
45505124,11.5065575,0.438552618,14.8499994,14.8562908,-0.00216770172,30.8769112,31.3142643,0.0274804235,-0.34906584,0.261799395,0.000681243255,0,0.934138417,-0.0693528652
45605084,11.5517025,0.524140239,14.8499994,14.8560877,-0.00209712982,30.8773403,31.320364,0.0139353992,-0.34906584,0.261799395,0.00429325178,0,0.936046183,-0.0702360645
45705044,11.6062098,0.565927863,14.8499994,14.8558912,-0.00202941895,30.8771725,31.3319569,0.0119563816,-0.34906584,0.261799395,-0.00167913851,0,0.932132781,-0.0702563599
45805004,11.66257,0.587052166,14.8499994,14.8557014,-0.00196393323,30.8772297,31.3494663,-0.009760499,-0.34906584,0.261799395,0.000572433579,0,0.931274056,-0.0705881417
46004924,11.7813873,0.579678476,14.8499994,14.8553391,-0.00183931983,30.8774834,31.3600979,0.00810254179,-0.34906584,0.261799395,-0.00103038037,0,0.92790854,-0.0694998652
46104884,11.8350048,0.504817128,14.8499994,14.8551664,-0.0017798742,30.8778687,31.3718014,0.103130698,-0.34906584,0.261799395,0.00385438604,0,0.927727699,-0.0650307164
46204844,11.8825321,0.460743457,14.8499994,14.8549995,-0.00172233582,30.8775864,31.3840332,0.0316990018,-0.34906584,0.261799395,-0.00282400567,0,0.923291922,-0.0660094097
46304804,11.928216,0.479923546,14.8499994,14.8548384,-0.00166670477,30.8777866,31.3854828,-0.0671926141,-0.34906584,0.261799395,0.00200351747,0,0.925986528,-0.0689995512
46404764,11.9791899,0.560351491,14.8499994,14.854682,-0.0016129812,30.8778343,31.382206,-0.120133817,-0.34906584,0.261799395,0.000477027963,0,0.925842166,-0.0715218186
46504724,12.0359888,0.558786988,14.8499994,14.8545303,-0.00156084693,30.8777466,31.385067,-0.0423662551,-0.34906584,0.261799395,-0.00087773148,0,0.923825264,-0.0688953847
46604684,12.0888958,0.507237256,14.8499994,14.8543844,-0.00151030219,30.878355,31.3968487,0.0166766401,-0.34906584,0.261799395,0.00608687708,0,0.924542248,-0.065901652
46704644,12.1368856,0.429039448,14.8499994,14.8542423,-0.0014616648,30.8780689,31.400959,-0.0056398809,-0.34906584,0.261799395,-0.00286216778,0,0.919282973,-0.0652401745
46804604,12.1774187,0.3822622,14.8499994,14.854105,-0.00141429901,30.8781872,31.4075089,0.000945484615,-0.34906584,0.261799395,0.00118302938,0,0.920173168,-0.063819997
46904564,12.2156,0.399685621,14.8499994,14.8539724,-0.00136852264,30.8784637,31.3983822,-0.114690557,-0.34906584,0.261799395,0.00276676216,0,0.922469258,-0.0675208047
47004524,12.260973,0.490388274,14.8499994,14.8538437,-0.0013243357,30.8780479,31.3839149,-0.120366491,-0.34906584,0.261799395,-0.00415968383,0,0.920398951,-0.0688305944
47104484,12.3133402,0.549004912,14.8499994,14.8537197,-0.00128142035,30.8786278,31.3758354,-0.152712375,-0.34906584,0.261799395,0.00580066023,0,0.925067604,-0.0707315579
47204444,12.3726292,0.591615736,14.8499994,14.8535995,-0.00124009454,30.8787594,31.3680611,-0.0760462508,-0.34906584,0.261799395,0.00131659722,0,0.921623111,-0.0690139234
47304404,12.433897,0.556555629,14.8499994,14.8534832,-0.00120004022,30.878355,31.36063,-0.0336766914,-0.34906584,0.261799395,-0.00404519727,0,0.917290688,-0.0674895868
47404364,12.486228,0.489985555,14.8499994,14.8533707,-0.00116125739,30.8783798,31.3587532,-0.0662003979,-0.34906584,0.261799395,0.000248054537,0,0.91794312,-0.0677847564
47504324,12.531579,0.438187838,14.8499994,14.8532619,-0.00112374627,30.8787098,31.3512383,-0.0627785772,-0.34906584,0.261799395,0.00330103352,0,0.919036031,-0.0671471283
47605117,12.5702896,0.349999547,14.8499994,14.8531551,-0.00108750665,30.8790894,31.3502941,0.0635030195,-0.34906584,0.261799395,0.00376576139,0,0.917754889,-0.0617580339
47705077,12.6029654,0.311186671,14.8499994,14.8530531,-0.00105190277,30.8788166,31.3489189,-0.0315688662,-0.34906584,0.261799395,-0.00272860005,0,0.914719045,-0.0638156459
47805037,12.63379,0.324267298,14.8499994,14.8529539,-0.00101788843,30.8790569,31.3419743,-0.0715219378,-0.34906584,0.261799395,0.00240422087,0,0.917899132,-0.0649357736
48004957,12.726326,0.559857488,14.8499994,14.852766,-0.000953038514,30.8790283,31.3089809,-0.205129102,-0.34906584,0.261799395,0.00129751605,0,0.919989407,-0.0728076994
48104917,12.7845459,0.566843271,14.8499994,14.8526764,-0.000922203064,30.8793468,31.3010311,-0.0971604139,-0.34906584,0.261799395,0.00318654696,0,0.919026375,-0.0699528232
48204877,12.8438311,0.557843089,14.8499994,14.8525896,-0.000892321288,30.8791065,31.301775,-0.0728664696,-0.34906584,0.261799395,-0.00240422087,0,0.91354692,-0.0691970736
48304837,12.8961487,0.465043336,14.8499994,14.8525057,-0.000863393128,30.879282,31.306181,-3.38554378e-06,-0.34906584,0.261799395,0.00175546296,0,0.912266016,-0.0657177866
48404797,12.9387808,0.387876719,14.8499994,14.8524246,-0.000835418701,30.8790779,31.3091049,-0.0497027747,-0.34906584,0.261799395,-0.00204167981,0,0.908806145,-0.0661559775
48504757,12.9750462,0.373131067,14.8499994,14.8523464,-0.000808397948,30.8791103,31.308773,-0.0654981956,-0.34906584,0.261799395,0.000324379012,0,0.908999681,-0.0662130117
48604717,13.0111475,0.400444537,14.8499994,14.8522701,-0.000782330811,30.8795357,31.3048248,-0.113346383,-0.34906584,0.261799395,0.00425508944,0,0.910575867,-0.0679265112
48704677,13.0509586,0.410732925,14.8499994,14.8521967,-0.000756899535,30.8797722,31.296669,-0.156354934,-0.34906584,0.261799395,0.00236605876,0,0.909876287,-0.0695954189
48804637,13.0942249,0.438576102,14.8499994,14.8521252,-0.000732421875,30.8794613,31.2826939,-0.183176354,-0.34906584,0.261799395,-0.00311022229,0,0.907814384,-0.0712459534
48904597,13.1387854,0.443118185,14.8499994,14.8520565,-0.000708580017,30.8797035,31.2681732,-0.146370187,-0.34906584,0.261799395,0.00242330204,0,0.91027528,-0.0706879124
49004557,13.1827774,0.435180902,14.8499994,14.8519897,-0.000685691833,30.8794632,31.2538834,-0.147711843,-0.34906584,0.261799395,-0.00240422087,0,0.907942712,-0.0711981207
49104517,13.225462,0.43507272,80,14.868041,0.16593647,30.8795967,31.2345886,-0.142751068,-0.34906584,0.261799395,0.00133567827,0,0.910934508,-0.0645349249
49204477,13.2642231,0.364069849,80,14.8996925,0.327185959,30.880022,31.2175999,-0.0474220701,-0.34906584,0.261799395,0.00425508944,0,0.913848758,-0.0539735742
49304437,13.2960901,0.312896013,80,14.9464397,0.483235687,30.879961,31.2119579,0.0107859019,-0.34906584,0.261799395,-0.000610595802,0,0.913854361,-0.0441226438
49404397,13.3301592,0.392078727,80,15.0077953,0.634253204,30.8801651,31.2036419,-0.086294435,-0.34906584,0.261799395,0.00204167981,0,0.922936082,-0.0406654514
49504357,13.3786488,0.54750371,80,15.0832882,0.78040123,30.87994,31.1910896,-0.17418462,-0.34906584,0.261799395,-0.00225157198,0,0.937213063,-0.0382057056
49604317,13.4433727,0.705462277,80,15.1724634,0.921836853,30.8798542,31.1756935,-0.186030373,-0.34906584,0.261799395,-0.000858650368,0,0.965137005,-0.033773955
49705110,13.5231361,0.827376306,80,15.2758408,1.0601002,30.8803196,31.1620636,-0.132126898,-0.34906584,0.261799395,0.00461731572,0,1,-0.0269393027
49805070,13.6110458,0.846978068,80,15.3911743,1.19224107,30.7217369,31.1725178,0.0917919874,-0.34906584,0.261799395,-1.43643963,0,0.912362814,-0.00819301885
49905030,13.6941309,0.746882737,80,15.5183859,1.31502473,30.8002892,31.1984463,0.148371384,-0.34906584,0.261799395,0.785828352,0,0.537086129,0.000693878334
50104950,13.8214712,0.518384576,80,15.8069878,1.54935014,30.8804588,31.1082287,-1.67495608,-0.34906584,0.261799395,0.041386947,0,0.487172097,-0.0359680802
50204910,13.8732443,0.538724661,80,15.967679,1.66112137,30.8806725,30.9237194,-3.02022886,-0.34906584,0.261799395,0.00213708542,0,0.431910157,-0.0585953742
50304870,13.9365225,0.685426354,80,16.1388493,1.76944578,30.8805904,30.6566296,-4.365376,-0.34906584,0.261799395,-0.000820488087,0,0.531870127,-0.0814198032
50404830,14.015707,0.886067152,80,16.3201752,1.87442911,30.8808117,30.3329811,-5.35963631,-0.34906584,0.261799395,0.00221340987,0,0.631830096,-0.104487762
50504790,14.1173315,1.0698787,80,16.511343,1.976174,30.8810844,30.0152359,-5.51249695,-0.34906584,0.261799395,0.00272860005,0,0.736231446,-0.127799928
50604750,14.2334223,1.14523268,80,16.7120514,2.0747807,30.8811226,29.7709026,-4.70411015,-0.34906584,0.261799395,0.000381622376,0,0.84135437,-0.151303411
50704710,14.3492365,1.04578006,80,16.9220047,2.17034459,30.881649,29.6469898,-3.26691437,-0.34906584,0.261799395,0.00526638888,0,0.946885347,-0.173843309
50804670,14.4468336,0.746904135,80,17.1409149,2.26296043,30.8817215,29.6439323,-1.59286368,-0.34906584,0.261799395,0.000725082529,0,0.904384255,-0.150239155
50904630,14.5048294,0.294723243,80,17.3685093,2.35271955,30.881546,29.737936,-0.0418470688,-0.34906584,0.261799395,-0.00175546296,0,0.857904315,-0.12670961
51004590,14.5115376,-0.237707406,80,17.6045189,2.43970871,30.8817711,29.8555984,0.669874847,-0.34906584,0.261799395,0.00225157198,0,0.832191586,-0.103272796
51104550,14.4633389,-0.759111285,80,17.8486843,2.52401352,30.8816528,29.9410324,0.71107626,-0.34906584,0.261799395,-0.00118302938,0,0.828040838,-0.0799028575
51204510,14.3680706,-1.12806284,80,18.1007538,2.60571671,30.881588,29.9605598,0.336328298,-0.34906584,0.261799395,-0.000648758025,0,0.84920764,-0.0565481521
51304470,14.2480021,-1.27077854,80,18.3604813,2.68489838,30.8816376,29.9246197,-0.015052313,-0.34906584,0.261799395,0.000496109074,0,0.88561368,-0.0331653953
51404430,14.1259289,-1.19357347,80,18.6276321,2.76163673,30.881464,29.8647575,-0.194886938,-0.34906584,0.261799395,-0.00173638179,0,0.92512846,-0.00973577239
51504390,14.0239124,-0.923953056,80,18.9019775,2.83600688,30.8812275,29.805954,-0.228680417,-0.34906584,0.261799395,-0.00236605876,0,0.962425351,0.00947524235
51604350,13.9583645,-0.488302469,80,19.1832962,2.90808105,30.881321,29.7715149,-0.0957955271,-0.34906584,0.261799395,0.000934974814,0,0.998701692,0.0166409966
51704310,13.9457273,0.0503636375,80,19.4713726,2.97793007,30.8812523,29.7646942,0.041690506,-0.34906584,0.261799395,-0.000686920306,0,1,0.0230275411
51805103,13.9929991,0.684034109,80,19.7685032,3.04698682,30.7166386,29.7891788,0.0857363492,-0.34906584,0.261799395,-1.36115491,0,0.932353735,0.0305219088
51905063,14.1061068,1.30128038,80,20.0690002,3.10633969,30.7973976,29.8208313,-0.111249968,-0.34906584,0.261799395,0.807909191,0,0.946378231,0.0220482908
52005023,14.2766275,1.85585606,80,20.3751564,3.16483498,30.8754864,29.8381538,-0.557982743,-0.34906584,0.261799395,0.781193852,0,1,0.00401272019
52204943,14.7553177,2.62115431,80,21.0032978,3.27160716,30.7950306,29.8986683,-0.576210439,-0.34906584,0.261799395,0.782174706,0,1,0.00361777609
52304903,15.0421782,2.83363867,80,21.3244953,3.32031751,30.7179508,29.9566803,-0.617055893,-0.34906584,0.261799395,-0.771106184,0,0.954208732,0.00538512086
52404863,15.3433523,2.94410729,80,21.6497707,3.36248469,30.7934628,30.0396004,-0.377089173,-0.34906584,0.261799395,0.755424857,0,1,0.0134808226
52504823,15.6563416,2.97624278,80,21.9790497,3.40385246,30.7200603,30.1262035,-0.474380821,-0.34906584,0.261799395,-0.73431778,0,0.953936815,0.0162193999
52604783,15.9697809,2.97505045,80,22.3117332,3.4390552,30.7929649,30.2236557,-0.332594842,-0.34906584,0.261799395,0.729340434,0,1,0.0231240224
52704743,16.2903404,3.00106573,80,22.6477795,3.47382092,30.7218456,30.3054256,-0.49083057,-0.34906584,0.261799395,-0.711477697,0,0.95360595,0.0239987504
52804703,16.6168137,3.08139539,80,22.9866257,3.50276875,30.7923717,30.3812313,-0.504078031,-0.34906584,0.261799395,0.705541134,0,1,0.0244620387
52904663,16.9566097,3.14640594,80,23.3282623,3.53160977,30.7236748,30.4421139,-0.618378162,-0.34906584,0.261799395,-0.687244654,0,0.953356862,0.0252780113
53004623,17.3039093,3.22299623,80,23.6721554,3.55494952,30.7920494,30.5042362,-0.564229906,-0.34906584,0.261799395,0.684025228,0,1,0.0272980221
53104583,17.6594276,3.29025602,80,24.0183258,3.5784843,30.7250061,30.5465755,-0.731485128,-0.34906584,0.261799395,-0.670701325,0,0.953158259,0.0255191848
53204543,18.0201759,3.34237671,80,24.3662682,3.59680438,30.7914581,30.5844536,-0.70004195,-0.34906584,0.261799395,0.664790809,0,1,0.0260443743
53304503,18.3863926,3.40739393,80,24.7160301,3.61559415,30.726469,30.6146393,-0.783662438,-0.34906584,0.261799395,-0.650150955,0,0.9530406,0.0262264889
53404463,18.755682,3.45269346,80,25.067131,3.62943268,30.7911549,30.6476917,-0.645742059,-0.34906584,0.261799395,0.647119105,0,1,0.0300462805
53504423,19.1263638,3.50060129,80,25.4196396,3.64399076,30.7276783,30.6771584,-0.787121952,-0.34906584,0.261799395,-0.63501966,0,0.952920496,0.0284728128
53604383,19.4980564,3.54796672,80,25.7730999,3.65383649,30.7907295,30.7004337,-0.713764727,-0.34906584,0.261799395,0.630767882,0,1,0.0298357718
53704343,19.8725128,3.58670211,80,26.1276054,3.66463017,30.7291985,30.7211761,-0.805638134,-0.34906584,0.261799395,-0.615556896,0,0.952847898,0.0294467974
53805136,20.2481823,3.62823439,80,26.4856834,3.67196536,30.7912464,30.7450924,-0.753560424,-0.34906584,0.261799395,0.615599811,0,1,0.0301406085
53905096,20.6230698,3.66119623,80,26.8415241,3.67844272,30.7292671,30.7562008,-0.814551711,-0.34906584,0.261799395,-0.620040953,0,0.95362556,0.0303897187
54005056,20.9935532,3.67729259,80,27.19767,3.6816082,30.7894287,30.7681904,-0.754983902,-0.34906584,0.261799395,0.601852596,0,1,0.0312129986
54105016,21.3605118,3.69840503,80,27.5542526,3.68611646,30.7313881,30.7723312,-0.834644139,-0.34906584,0.261799395,-0.580638468,0,0.953644276,0.0307103023
54304936,22.0962677,3.71178627,80,28.2676792,3.68840909,30.7330055,30.7978535,-0.789553583,-0.34906584,0.261799395,-0.572719812,0,0.95362711,0.0336652733
54404896,22.4635143,3.72878075,80,28.6242847,3.68635631,30.7906609,30.8145733,-0.697131634,-0.34906584,0.261799395,0.576786816,0,1,0.0357442163
54504856,22.8306751,3.73261952,80,28.980854,3.68597341,30.7338581,30.8237705,-0.747492671,-0.34906584,0.261799395,-0.568254828,0,0.953601003,0.0365458801
54604816,23.2010727,3.74385524,80,29.337019,3.68178296,30.7903748,30.8396168,-0.547905684,-0.34906584,0.261799395,0.565384567,0,1,0.0422948077
54704776,23.5778732,3.74770856,80,29.6929512,3.67940211,30.7351551,30.843914,-0.710594416,-0.34906584,0.261799395,-0.552417457,0,0.953575134,0.0394199677
54804736,23.9596272,3.76559806,80,30.0482998,3.67334628,30.7906246,30.8525391,-0.545431018,-0.34906584,0.261799395,0.554911911,0,1,0.043730408
54904696,24.3450832,3.80369449,80,30.4032478,3.66922688,30.7363243,30.8590393,-0.653874993,-0.34906584,0.261799395,-0.543220401,0,0.953536391,0.04218233
55004656,24.7352047,3.83054781,80,30.7574558,3.66155505,30.7908077,30.8680611,-0.524703383,-0.34906584,0.261799395,0.545051336,0,1,0.0451883301
55104616,25.1246014,3.82742858,80,31.1111183,3.6559341,30.7375431,30.8718605,-0.599665225,-0.34906584,0.261799395,-0.532859325,0,0.966191053,0.0449927188
55204576,25.5098114,3.79677653,80,31.4639034,3.64686847,30.7910881,30.8922081,-0.397842586,-0.34906584,0.261799395,0.535658777,0,1,0.051464159
55304536,25.8926029,3.8008225,80,31.816021,3.63995814,30.7389984,30.9078236,-0.465780199,-0.34906584,0.261799395,-0.521105349,0,0.956149399,0.0520762056
55404496,26.2744331,3.8042407,80,32.1671448,3.6297009,30.7916527,30.9216557,-0.426638782,-0.34906584,0.261799395,0.526759028,0,1,0.0529820956
55504456,26.6526833,3.81701207,80,32.5174942,3.62169385,30.7397442,30.9239902,-0.464230627,-0.34906584,0.261799395,-0.519292653,0,0.919082522,0.0540810563
55604416,27.0305481,3.84812331,80,32.8667564,3.61042905,30.7915916,30.9350033,-0.425028712,-0.34906584,0.261799395,0.518677831,0,0.977474213,0.0546061136
55704376,27.4102554,3.91774583,80,33.2151527,3.60149646,30.8417873,30.9219322,-0.744139016,-0.34906584,0.261799395,0.50216496,0,0.981211364,0.0422288999
55804336,27.7979088,3.99334049,80,33.5628967,3.59475827,30.8929596,30.8981819,-0.670330942,-0.34906584,0.261799395,0.511931658,0,0.971267462,0.0415521935
55905129,28.1884117,4.01797485,80,33.9130783,3.59100986,30.9013615,30.8943748,-0.514398158,-0.34906584,0.261799395,0.0833576843,0,0.877052665,0.0459709726
56005089,28.5813904,3.96366525,80,34.2601013,3.58732104,30.901762,30.9061832,-0.47521162,-0.34906584,0.261799395,0.00400703494,0,0.783456922,0.0482359156
56105049,28.9505959,3.85420704,80,34.6070404,3.58641171,30.9024239,30.8910122,-0.95463407,-0.34906584,0.261799395,0.00662114844,0,0.689828038,0.0335710905
56205009,29.3112793,3.75010347,80,34.954052,3.58720279,30.903183,30.7991447,-1.82722664,-0.34906584,0.261799395,0.00759428553,0,0.62158227,0.0108522773
56404929,29.9803238,3.3516016,80,35.6489182,3.59345889,30.9037571,30.4223652,-3.32503057,-0.34906584,0.261799395,0.00471303659,0,0.69114387,-0.034985736
56504889,30.2677898,2.97912931,80,35.9970474,3.59871936,30.9042664,30.2153893,-3.1546514,-0.34906584,0.261799395,0.00509465858,0,0.72953558,-0.0581434742
56604849,30.514761,2.46528172,80,36.3458138,3.60527682,30.9048634,30.0583134,-2.49091744,-0.34906584,0.261799395,0.00597239006,0,0.756858051,-0.0428139903
56704809,30.6948166,1.79217768,80,36.6953278,3.61304092,30.9053001,29.9593639,-1.60967028,-0.34906584,0.261799395,0.00436957646,0,0.774335444,-0.0194583535
56804769,30.8111458,1.10796249,80,37.0457001,3.62192917,30.905817,29.9014378,-0.872593045,-0.34906584,0.261799395,0.00517098326,0,0.790437222,0.00394252874
56904729,30.872261,0.615327656,80,37.3970337,3.63186002,30.9058323,29.8461647,-0.542702794,-0.34906584,0.261799395,0.00015264895,0,0.809097707,0.0273867473
57004689,30.9018135,0.421492547,80,37.7494202,3.64275622,30.9056892,29.7778339,-0.352382272,-0.34906584,0.261799395,-0.00143108389,0,0.835991919,0.0508847609
57104649,30.9338303,0.579182267,80,38.102951,3.65454602,30.9061966,29.6924076,-0.422920287,-0.34906584,0.261799395,0.00507557765,0,0.872122526,0.0627803281
57204609,31.0003109,1.01956725,80,38.4576988,3.66715884,30.905899,29.5891628,-0.369383872,-0.34906584,0.261799395,-0.00297665456,0,0.900691867,0.065273568
57304569,31.1281338,1.73165941,80,38.8137436,3.68053055,30.9058933,29.491869,-0.33904019,-0.34906584,0.261799395,-5.72433564e-05,0,0.927681804,0.063223131
57404529,31.3347149,2.54190922,80,39.1711464,3.69459796,30.9063549,29.4037132,-0.376094759,-0.34906584,0.261799395,0.00461763097,0,0.945992351,0.0566751882
57504489,31.622488,3.28888154,80,39.5299721,3.70930481,30.9067078,29.3407116,-0.26374048,-0.34906584,0.261799395,0.00353000709,0,0.948987126,0.0546477921
57604449,31.9794636,3.88098741,80,39.8902779,3.72459292,30.9067688,29.3071461,-0.0540380478,-0.34906584,0.261799395,0.000610595802,0,0.938906312,0.0570886433
57704409,32.3795052,4.21110201,80,40.2521133,3.74040985,30.9075584,29.305109,0.148313552,-0.34906584,0.261799395,0.00789958332,0,0.927026212,0.0623697825
57804369,32.7999725,4.28672361,80,40.6155281,3.75670624,30.9084473,29.3226376,0.223711282,-0.34906584,0.261799395,0.00889180135,0,0.911122322,0.0666641444
57904329,33.2155647,4.17645979,80,40.9805603,3.77343369,30.9087296,29.3523788,0.279887617,-0.34906584,0.261799395,0.00282400567,0,0.894984841,0.0728228465
58005122,33.6138573,3.98667097,80,41.3503151,3.79170609,30.9095192,29.3751659,0.244717509,-0.34906584,0.261799395,0.0078342976,0,0.891711533,0.0772120953
58105082,33.9881668,3.83442068,80,41.7187004,3.80815125,30.9100704,29.3958549,0.166603222,-0.34906584,0.261799395,0.00551444339,0,0.891278982,0.0798905715
58205042,34.3502464,3.7453723,80,42.0888062,3.8259201,30.910675,29.4034824,0.0552407876,-0.34906584,0.261799395,0.00604871474,0,0.898297548,0.0806331187
58305002,34.70401,3.77113438,80,42.460659,3.8439548,30.9109249,29.3981113,-0.0640512928,-0.34906584,0.261799395,0.00249962648,0,0.907775879,0.0795112029
58504922,35.4463425,4.06595993,80,43.2096863,3.88068271,30.9120255,29.3962898,-0.0912168622,-0.34906584,0.261799395,0.00679287827,0,0.930429041,0.0805718377
58604882,35.8431549,4.20152044,80,43.5868912,3.89930987,30.9129238,29.4062195,-0.020704234,-0.34906584,0.261799395,0.00898720697,0,0.93786484,0.0837837681
58704842,36.2517624,4.30743694,80,43.9659157,3.91807437,30.9135284,29.4306355,0.104074501,-0.34906584,0.261799395,0.00604871474,0,0.938957512,0.0893933699
58804802,36.6734428,4.38387871,80,44.3467636,3.93694568,30.9136562,29.4738255,0.175596431,-0.34906584,0.261799395,0.001278435,0,0.935843408,0.0940003842
58904762,37.1013184,4.43255901,80,44.7294464,3.95589828,30.9145126,29.5155849,0.19001314,-0.34906584,0.261799395,0.00856742263,0,0.938436985,0.0970434919
59004722,37.5363693,4.49989891,80,45.1139679,3.97490692,30.915184,29.5517788,0.17921558,-0.34906584,0.261799395,0.00671655405,0,0.937125266,0.0988689139
59104682,37.9828262,4.64023781,80,45.5003281,3.9939487,30.9157982,29.5797043,0.068945922,-0.34906584,0.261799395,0.00614412036,0,0.937757492,0.0962371677
59204642,38.446003,4.80232286,80,45.8885307,4.01300192,30.9164276,29.6010265,-0.0138390064,-0.34906584,0.261799395,0.00629676925,0,0.939303458,0.0936143473
59304602,38.923912,4.92066336,80,46.2785797,4.03204584,30.9171124,29.6193352,0.0188492183,-0.34906584,0.261799395,0.00685012154,0,0.940051019,0.0947613344
59404562,39.4113503,4.98262501,80,46.6704674,4.05106115,30.9178123,29.6396179,0.00400934229,-0.34906584,0.261799395,0.00700277044,0,0.940167367,0.0948892683
59504522,39.8992081,4.95294619,80,47.0641861,4.07002878,30.9188309,29.6599464,0.0829132944,-0.34906584,0.261799395,0.0101893172,0,0.94129765,0.0990198851
59604482,40.3840637,4.88760376,80,47.4597359,4.08893442,30.9193535,29.6787968,0.17284748,-0.34906584,0.261799395,0.00522822654,0,0.938692451,0.104172014
59704442,40.8594208,4.81386566,80,47.8571091,4.10775995,30.9202518,29.6974926,0.169460803,-0.34906584,0.261799395,0.00898720697,0,0.941661596,0.106638655
59804402,41.3324585,4.81024313,80,48.2562943,4.12649155,30.9210205,29.7023392,0.0729178339,-0.34906584,0.261799395,0.00768969115,0,0.944874942,0.105070569
59904362,41.8081589,4.8546586,80,48.65728,4.14511633,30.9216824,29.7039719,0.0761328489,-0.34906584,0.261799395,0.00662114844,0,0.94823432,0.105967633
60004322,42.293396,4.97470808,80,49.0600548,4.16362143,30.9224682,29.7061119,-0.0198502429,-0.34906584,0.261799395,0.00786142144,0,0.952784419,0.10259597
60105115,42.794281,5.07155228,80,49.4679909,4.18326807,30.9228191,29.7153912,0.0815452933,-0.34906584,0.261799395,0.0034819101,0,0.952092648,0.10578239
60205075,43.2983131,5.13989544,80,49.874321,4.20037603,30.9235802,29.723362,0.0923694521,-0.34906584,0.261799395,0.00761336647,0,0.95489502,0.106224678
60305035,43.8042068,5.20267534,80,50.2823982,4.21845484,30.9241886,29.7395058,0.057048846,-0.34906584,0.261799395,0.00608687708,0,0.954591632,0.105307318
60504955,44.8136978,5.18650818,80,51.1037445,4.25412226,30.9261417,29.7791271,0.132907778,-0.34906584,0.261799395,0.0119829429,0,0.956783652,0.109967545
60604915,45.321991,5.21244192,80,51.5169754,4.2716918,30.9269829,29.7930279,0.0861235112,-0.34906584,0.261799395,0.00841477327,0,0.955857515,0.109058611
60704875,45.83284,5.23749304,80,51.9318886,4.28907776,30.9272213,29.8023071,0.0459783673,-0.34906584,0.261799395,0.00238513993,0,0.954344034,0.108147338
60804835,46.3463478,5.25493431,80,52.348465,4.30627298,30.9283695,29.8201141,0.0577797778,-0.34906584,0.261799395,0.0114868339,0,0.958731949,0.109019347
60904795,46.8635826,5.29507494,80,52.7666817,4.32327271,30.9289856,29.840477,0.0669839755,-0.34906584,0.261799395,0.00616320129,0,0.955966353,0.109589942
61004755,47.3866577,5.35600471,80,53.1865273,4.3400712,30.929554,29.8539848,0.0903232843,-0.34906584,0.261799395,0.00568617322,0,0.955397725,0.110213295
61104715,47.9151764,5.41381693,80,53.607975,4.35666275,30.9306087,29.8699226,0.0189163443,-0.34906584,0.261799395,0.0105518587,0,0.957341552,0.107678659
61204675,48.4484787,5.41785192,80,54.0310097,4.37304306,30.9312344,29.8752346,-0.0108547928,-0.34906584,0.261799395,0.00625860691,0,0.956004083,0.106655777
61304635,48.9774551,5.35990191,80,54.4556084,4.38920975,30.9321957,29.8900566,0.122874282,-0.34906584,0.261799395,0.00961688347,0,0.956535995,0.111871459
61404595,49.5022507,5.31947994,80,54.881752,4.40515757,30.93293,29.9088726,0.0575259812,-0.34906584,0.261799395,0.00734623056,0,0.955212533,0.110758655
61504555,50.0228996,5.27809381,80,55.3094139,4.42088556,30.9336052,29.9184761,0.100117065,-0.34906584,0.261799395,0.00675471593,0,0.955487013,0.11300841
61604515,50.5405579,5.26366854,80,55.738575,4.43639231,30.9343243,29.9287052,0.115970358,-0.34906584,0.261799395,0.00719358167,0,0.956335783,0.114229895
61704475,51.0555496,5.2438817,80,56.1692162,4.45167398,30.9353256,29.9446259,0.158709213,-0.34906584,0.261799395,0.0100175878,0,0.957665503,0.116554029
61804435,51.5722656,5.27153111,80,56.6013107,4.46672964,30.936367,29.9525967,0.0648149848,-0.34906584,0.261799395,0.0104182912,0,0.959375322,0.113776617
61904395,52.095993,5.34499311,80,57.0348434,4.48155737,30.9366741,29.9498539,0.0552021042,-0.34906584,0.261799395,0.00307206018,0,0.957881927,0.11279121
62004355,52.6276245,5.43193817,80,57.4697838,4.49615479,30.9378357,29.9484634,-0.00549333077,-0.34906584,0.261799395,0.0116204014,0,0.963386416,0.109772608
62104315,53.1680069,5.49781799,80,57.9061165,4.51052475,30.9383793,29.9482136,-0.0560534708,-0.34906584,0.261799395,0.00543811871,0,0.961701632,0.107030891
62205108,53.7174492,5.52744055,80,58.347477,4.52599478,30.9392529,29.951952,0.0511331074,-0.34906584,0.261799395,0.00866692793,0,0.962509155,0.109811425
62305068,54.2620926,5.51531649,80,58.7865372,4.53868723,30.9400101,29.9615517,0.038243629,-0.34906584,0.261799395,0.00757520413,0,0.961097479,0.109283879
62405028,54.8031082,5.45595741,80,59.2269173,4.55236578,30.9406967,29.968214,0.0871564597,-0.34906584,0.261799395,0.00686920295,0,0.960079491,0.111335471
62604948,55.8580818,5.25606775,80,60.1115608,4.57903528,30.9428177,29.9903278,0.217393875,-0.34906584,0.261799395,0.00915893726,0,0.960190177,0.118306056
62704908,56.3730659,5.21511889,80,60.5557785,4.59202957,30.9432545,30.0037155,0.199889109,-0.34906584,0.261799395,0.00436957646,0,0.958402634,0.118943758
62804868,56.8896675,5.28045416,80,61.0012321,4.60479498,30.9441204,30.0080051,0.103741273,-0.34906584,0.261799395,0.00866282824,0,0.962248385,0.115596332
62904828,57.4186134,5.44077015,80,61.4478989,4.61733389,30.9446735,30.0002003,-0.0633014292,-0.34906584,0.261799395,0.00553352432,0,0.964057028,0.108211979
63004788,57.9642868,5.5907917,80,61.8957558,4.62964869,30.9458752,29.9849377,-0.148455217,-0.34906584,0.261799395,0.0120211048,0,0.969958067,0.102772743
63104748,58.5216293,5.6366787,80,62.34478,4.64174032,30.9465771,29.9743366,0.0402760878,-0.34906584,0.261799395,0.00702185184,0,0.967445135,0.107235387
63204708,59.0772285,5.55392027,80,62.7949562,4.65361261,30.9473457,29.9806366,0.0932856351,-0.34906584,0.261799395,0.00768969115,0,0.965970039,0.109281197
63304668,59.622879,5.47736168,80,63.2462578,4.66526413,30.9481182,29.9930038,0.190463975,-0.34906584,0.261799395,0.00772785302,0,0.963751554,0.11312902
63404628,60.1593323,5.38960695,80,63.6986656,4.67669821,30.9490013,30.0065117,0.205473587,-0.34906584,0.261799395,0.00883455761,0,0.962837756,0.114753887
63504588,60.6890602,5.34503841,80,64.1521606,4.6879158,30.9496956,30.0182877,0.132596403,-0.34906584,0.261799395,0.00694552716,0,0.962071538,0.113138705
63604548,61.21492,5.32006264,80,64.60672,4.69891882,30.9507389,30.0313339,0.115705833,-0.34906584,0.261799395,0.0104373721,0,0.964059234,0.11305584
63704508,61.7420921,5.36156559,80,65.0623169,4.70970917,30.9512482,30.0314217,0.0085505126,-0.34906584,0.261799395,0.00509465858,0,0.963904858,0.109006979
63804468,62.275528,5.434865,80,65.5189438,4.72029114,30.952467,30.034811,0.0313987955,-0.34906584,0.261799395,0.0121928351,0,0.96806848,0.108580574
63904428,62.819313,5.52144575,80,65.9765701,4.73066473,30.9532757,30.036253,0.0105649475,-0.34906584,0.261799395,0.00809039455,0,0.966583014,0.106416531
64004388,63.3696747,5.53311872,80,66.4287643,4.67447662,30.9536114,30.0331059,0.00870358944,-0.34906584,0.261799395,0.00335827703,0,0.964326382,0.102434359
64104348,63.9156075,5.4864397,80,66.8663712,4.52374506,30.954874,30.0366783,0.12052796,-0.34906584,0.261799395,0.0126317004,0,0.966201007,0.0985972434
64205141,64.4560394,5.3991046,80,67.2932816,4.37787628,30.9557076,30.043623,0.110523984,-0.34906584,0.261799395,0.00826953631,0,0.96176213,0.0915276557
64305101,64.990593,5.28710747,80,67.7030106,4.23557281,30.9563007,30.0586224,0.187469169,-0.34906584,0.261799395,0.00593422819,0,0.956329703,0.0877433941
64405061,65.507843,5.14712906,80,68.0995331,4.09899664,30.9572582,30.0746632,0.186873555,-0.34906584,0.261799395,0.0095787216,0,0.954113841,0.0821020752
64505021,66.0071182,4.96402454,80,68.4832687,3.96682239,30.9576874,30.0816803,0.187622577,-0.34906584,0.261799395,0.00429325178,0,0.949401259,0.0770507976
64704941,66.9474716,4.54781151,80,69.2140121,3.71512341,30.9596691,30.1216373,0.370141566,-0.34906584,0.261799395,0.00912077446,0,0.944998622,0.0748998746
64804901,67.3859406,4.33058882,80,69.5618134,3.59532928,30.9603348,30.1410522,0.335375845,-0.34906584,0.261799395,0.00665931031,0,0.941889524,0.0706225634
64904861,67.8047485,4.18606138,80,69.8983994,3.47939563,30.9610023,30.1521606,0.25174433,-0.34906584,0.261799395,0.00667839171,0,0.942040443,0.0639778599
65004821,68.2157898,4.13039494,80,70.2241287,3.36720014,30.9614906,30.1554642,0.165568799,-0.34906584,0.261799395,0.00488476641,0,0.942371428,0.0560901985
65104781,68.6221848,4.09013367,80,70.5393524,3.25862384,30.9620361,30.1605091,0.170116618,-0.34906584,0.261799395,0.00545720011,0,0.942770481,0.0508894771
65204741,69.0255127,4.07098436,80,70.8444138,3.15354919,30.9626884,30.1704998,0.188052788,-0.34906584,0.261799395,0.00652574282,0,0.941932738,0.0460129231
65304701,69.425621,4.0220356,80,71.1396408,3.051862,30.9628983,30.1794853,0.181477875,-0.34906584,0.261799395,0.00209892308,0,0.938086331,0.0406750739
65404661,69.8137207,3.85936475,80,71.4253464,2.95345306,30.9639206,30.1893024,0.253141254,-0.34906584,0.261799395,0.01022748,0,0.939418077,0.0392457917
65504621,70.1820145,3.67054415,80,71.7018356,2.85821795,30.9642048,30.2004852,0.26593703,-0.34906584,0.261799395,0.00284308661,0,0.934416652,0.0366291888
65604581,70.5298691,3.47067332,80,71.9694138,2.76605487,30.9646797,30.2217274,0.363898754,-0.34906584,0.261799395,0.00475119846,0,0.932712913,0.0375069752
65704541,70.8569489,3.28887558,80,72.228363,2.676862,30.9656639,30.233036,0.280421108,-0.34906584,0.261799395,0.00984585751,0,0.935133934,0.0325017162
65804501,71.1698608,3.15376711,80,72.4789581,2.59054565,30.9658813,30.2455673,0.353651971,-0.34906584,0.261799395,0.00217524753,0,0.931338012,0.0323030502
65904461,71.4706345,3.04525757,80,72.7214737,2.50701404,30.9664612,30.2631607,0.3009561,-0.34906584,0.261799395,0.00580066023,0,0.932868719,0.0280610863
66004421,71.7622452,2.96218848,80,72.9561691,2.42617536,30.9671001,30.2804508,0.300883919,-0.34906584,0.261799395,0.00639217487,0,0.932978153,0.0253065098
66104381,72.0497742,2.92688704,80,73.1832962,2.34794354,30.9676552,30.2868214,0.171719253,-0.34906584,0.261799395,0.00555260573,0,0.934060574,0.0175919253
66204341,72.3348236,2.87227583,80,73.4030991,2.27223468,30.9677868,30.2940464,0.261920303,-0.34906584,0.261799395,0.00131659722,0,0.931990445,0.0171197448
66305134,72.6128311,2.81112218,80,73.6175308,2.19896698,30.968441,30.3176022,0.304029644,-0.34906584,0.261799395,0.00649073441,0,0.932250142,0.0157396719
66405094,72.8862076,2.71466947,80,73.8233337,2.12748981,30.9690132,30.3430042,0.231563479,-0.34906584,0.261799395,0.00572433555,0,0.930046558,0.0110893724
66505054,73.1483307,2.62772942,80,74.0224991,2.05888867,30.9690361,30.3651428,0.289863348,-0.34906584,0.261799395,0.000228973426,0,0.925521612,0.0106752729
66605014,73.3983994,2.48994565,80,74.2152405,1.99250031,30.969593,30.3881302,0.360685945,-0.34906584,0.261799395,0.00557168666,0,0.925596952,0.0115133403
66804934,73.8669128,2.3900106,80,74.582283,1.86607611,30.9701519,30.4165211,0.179439783,-0.34906584,0.261799395,0.00452222535,0,0.925157547,0.000731813605
66904894,74.0964279,2.35540962,80,74.7569809,1.8059057,30.9709091,30.4305763,0.150792405,-0.34906584,0.261799395,0.00757520413,0,0.926270783,-0.00302186352
67004854,74.3232803,2.28007412,80,74.9260406,1.74767303,30.9708271,30.4427586,0.218671128,-0.34906584,0.261799395,-0.000820488087,0,0.92130065,-0.00316864671
67104814,74.5362244,2.13170886,80,75.089653,1.69131982,30.9713097,30.4691296,0.328636199,-0.34906584,0.261799395,0.00482752314,0,0.920987725,-0.000520716247
67204774,74.7362747,2.01185179,80,75.2479858,1.63678229,30.9719353,30.4913445,0.336822808,-0.34906584,0.261799395,0.00625860691,0,0.919730663,-0.00114389404
67304734,74.9281158,1.94294584,80,75.4012146,1.58400476,30.9719791,30.5069294,0.252168089,-0.34906584,0.261799395,0.00043886574,0,0.916722834,-0.00538019231
67404694,75.1163788,1.92294967,80,75.5494995,1.53292847,30.9725513,30.5198879,0.191096097,-0.34906584,0.261799395,0.00572433555,0,0.919128776,-0.00954219047
67504654,75.3037643,1.88785315,80,75.6930084,1.48350012,30.9725876,30.5386868,0.186001316,-0.34906584,0.261799395,0.000362541265,0,0.915672421,-0.0116967224
67604614,75.4876404,1.87326765,80,75.8318863,1.43566382,30.9727402,30.555748,0.0977023393,-0.34906584,0.261799395,0.0015264895,0,0.915661812,-0.0168447178
67804534,75.85392,1.80016422,60,76.0298462,1.05617011,30.9733486,30.5786915,0.138740391,-0.34906584,0.261799395,0.00304343854,0,0.910082519,-0.0333615132
67904494,76.0226517,1.67440283,75.5499954,76.1095123,0.823582947,30.9736881,30.6014042,0.181519926,-0.34906584,0.261799395,0.00339643913,0,0.905068159,-0.0416956209
68004454,76.1773834,1.53011525,75.4399948,76.1705017,0.630427063,30.9742508,30.6166191,0.199166566,-0.34906584,0.261799395,0.00562892994,0,0.901864052,-0.0491728149
68104414,76.3156433,1.3005265,75.3300018,76.2134018,0.443496704,30.9743786,30.6354313,0.272063971,-0.34906584,0.261799395,0.001278435,0,0.898547173,-0.0535506383
68204374,76.428215,1.01820767,75.2200012,76.2388077,0.26259613,30.9741993,30.6505718,0.31412074,-0.34906584,0.261799395,-0.00179362518,0,0.904315472,-0.0579190217
68304334,76.5062485,0.665928721,75.1100006,76.2472763,0.0875269547,30.9743671,30.6735115,0.419246197,-0.34906584,0.261799395,0.00167913851,0,0.924198389,-0.0586601235
68405127,76.5459061,0.286372185,75,76.239151,-0.0832850114,30.9745331,30.7004147,0.507594228,-0.34906584,0.261799395,0.00164633791,0,0.961108983,-0.0587770231
68505087,76.5453796,-0.0863557979,74.8799973,76.2152405,-0.247177124,30.97509,30.7329483,0.655406594,-0.34906584,0.261799395,0.00557168666,0,1,-0.0559526086
68605047,76.5111465,-0.432461768,74.7600021,76.1759872,-0.405807495,30.8157024,30.7787228,0.847333789,-0.34906584,0.261799395,-1.42906964,0,0.933139145,-0.0461696684
68705007,76.4447403,-0.712361515,74.6299973,76.1282349,-0.493662506,30.8947601,30.8383541,0.828102589,-0.34906584,0.261799395,0.790895581,0,0.463632911,-0.0462841429
68904927,76.2700729,-0.785330713,74.3600006,76.0246964,-0.549275696,30.9746895,30.8029766,-1.04130304,-0.34906584,0.261799395,0.00915893726,0,0.502610326,-0.0916733444
69004887,76.198616,-0.539838552,74.2099991,75.9685974,-0.579897583,30.9744034,30.6641541,-2.30201459,-0.34906584,0.261799395,-0.00286216778,0,0.603210688,-0.114492171
69104847,76.1628723,-0.21044457,74.0499954,75.9093094,-0.6128667,30.9746761,30.4585648,-3.49476552,-0.34906584,0.261799395,0.00272860005,0,0.704342306,-0.137465015
69204807,76.1563416,0.0183207821,76.1399994,75.867981,-0.42721048,30.9743538,30.233633,-3.93332529,-0.34906584,0.261799395,-0.00322470907,0,0.703712225,-0.160608783
69304767,76.1622543,0.0360700302,76.0299988,75.8440399,-0.247517899,30.9742603,30.077137,-3.31788206,-0.34906584,0.261799395,-0.000934974814,0,0.663541794,-0.183872968
69404727,76.1574554,-0.171468005,75.8600006,75.8369217,-0.073600769,30.9743786,29.9984474,-2.64050627,-0.34906584,0.261799395,0.00118302938,0,0.627892971,-0.207198173
69504687,76.1183167,-0.633085668,75.6800003,75.8347626,-0.0223058071,30.9746189,29.9644356,-2.16638637,-0.34906584,0.261799395,0.00240422087,0,0.602313101,-0.191307947
69604647,76.0206451,-1.35238504,75.5,75.8268738,-0.0815887451,30.9747581,29.9340553,-1.81545293,-0.34906584,0.261799395,0.00139292167,0,0.589750886,-0.179073185
69704607,75.8425217,-2.19108272,75.3300018,75.813591,-0.137290955,30.9746437,29.8899822,-1.56718612,-0.34906584,0.261799395,-0.00114486716,0,0.591760159,-0.166867435
69804567,75.5846252,-2.9189446,75.1500015,75.7950897,-0.191195175,30.9741211,29.8251095,-1.50654662,-0.34906584,0.261799395,-0.00522822654,0,0.608969927,-0.160448819
69904527,75.2629471,-3.46790051,74.9799957,75.771553,-0.243362427,30.9737625,29.7216492,-1.47592807,-0.34906584,0.261799395,-0.00358725036,0,0.64263463,-0.156476662
70004487,74.8970566,-3.78476262,74.8099976,75.7432861,-0.292185456,30.9731083,29.5954494,-1.42794609,-0.34906584,0.261799395,-0.00654482376,0,0.682417393,-0.153926015
70104447,74.5111389,-3.89256883,74.6399994,75.7104568,-0.339429229,30.9726124,29.4607201,-1.20310283,-0.34906584,0.261799395,-0.00496109109,0,0.724547625,-0.1473777
70204407,74.1235428,-3.82498813,74.4700012,75.6731949,-0.385152191,30.9723511,29.3386192,-0.922430992,-0.34906584,0.261799395,-0.00261411327,0,0.761603713,-0.139939681
70304367,73.7520599,-3.63936353,74.2900009,75.6315002,-0.431063324,30.9714069,29.2417736,-0.593842447,-0.34906584,0.261799395,-0.00944515411,0,0.784900248,-0.131154642
70404327,73.4022598,-3.36792922,74.1100006,75.5853424,-0.477167755,30.9707909,29.1774635,-0.330573261,-0.34906584,0.261799395,-0.00616320129,0,0.802174091,-0.124371551
70505120,73.0828018,-3.06561327,73.9300003,75.5344543,-0.521779358,30.9706383,29.1389236,-0.0427730568,-0.34906584,0.261799395,-0.00151387393,0,0.81126827,-0.116339184
70605080,72.7924957,-2.75076866,73.7299957,75.4794922,-0.568150818,30.9701042,29.1123772,0.0662457943,-0.34906584,0.261799395,-0.00534271309,0,0.81032455,-0.114134386
70705040,72.5416183,-2.39749026,73.5400009,75.4200211,-0.61483258,30.9697609,29.0996017,0.0740071088,-0.34906584,0.261799395,-0.00343460147,0,0.808349252,-0.115890831
70805000,72.3244324,-2.05813861,73.3399963,75.3561783,-0.660006225,30.9690704,29.0919552,0.0522379652,-0.34906584,0.261799395,-0.00690736482,0,0.802250147,-0.118988283
71004920,71.9811554,-1.56157315,72.9199982,75.2148209,-0.754262269,30.9684563,29.1016731,-0.015238869,-0.34906584,0.261799395,-0.00593422819,0,0.790076494,-0.125767171
71104880,71.8372498,-1.48234141,72.6999969,75.1372757,-0.801607788,30.9685383,29.1315651,0.00192079542,-0.34906584,0.261799395,0.000820488087,0,0.785163224,-0.125743374
71204840,71.6935043,-1.51831651,72.4899979,75.0552979,-0.847424805,30.9680233,29.1673946,0.0233539231,-0.34906584,0.261799395,-0.00515190233,0,0.77646029,-0.124132663
71304800,71.5436249,-1.62061453,72.2699966,74.9690247,-0.891766846,30.9683247,29.2109127,0.0253348947,-0.34906584,0.261799395,0.0030148169,0,0.775886476,-0.122101679
71404760,71.3825836,-1.76708543,72.0499954,74.8784485,-0.936342895,30.9681702,29.2493095,0.000666046166,-0.34906584,0.261799395,-0.00154557067,0,0.773576498,-0.120436333
71504720,71.2097397,-1.89930832,71.8300018,74.783699,-0.979481995,30.9677525,29.2929688,0.0108249309,-0.34906584,0.261799395,-0.00417876523,0,0.774716496,-0.117436722
71604680,71.0258026,-1.97794068,71.6100006,74.684906,-1.0212326,30.967144,29.3315487,-0.0225213058,-0.34906584,0.261799395,-0.00608687708,0,0.779100418,-0.116341494
71704640,70.8370514,-2.00392246,71.3899994,74.5822067,-1.06163538,30.9673519,29.3664665,-0.0743211955,-0.34906584,0.261799395,0.00207984191,0,0.789715588,-0.116526678
71804600,70.6483383,-1.99124217,71.1800003,74.4758911,-1.09906769,30.9667187,29.4026146,-0.0806729347,-0.34906584,0.261799395,-0.00633493159,0,0.793522298,-0.115587592
71904560,70.4618301,-1.95957065,70.9599991,74.366066,-1.13529718,30.9664955,29.4340649,-0.0199595448,-0.34906584,0.261799395,-0.00223249081,0,0.802259326,-0.112804845
72004520,70.2804184,-1.87691152,70.7399979,74.2526855,-1.17202246,30.9664707,29.4673843,-0.057334505,-0.34906584,0.261799395,-0.000248054537,0,0.809488773,-0.113812201
72104480,70.1104202,-1.78455722,70.5100021,74.1357117,-1.20922852,30.966011,29.5054264,0.053614784,-0.34906584,0.261799395,-0.00459854957,0,0.811040163,-0.110202633
72204440,69.9471741,-1.71359706,70.2900009,74.0152512,-1.24523675,30.96558,29.5498466,0.0845514312,-0.34906584,0.261799395,-0.00431233272,0,0.812347889,-0.108731255
72304400,69.7893906,-1.65832436,70.0699997,73.8915787,-1.27841699,30.9653664,29.5895901,0.110865474,-0.34906584,0.261799395,-0.00213708542,0,0.814067543,-0.107341774
72404360,69.6355972,-1.59680915,69.8499985,73.764801,-1.31052649,30.9650192,29.6193657,0.0762917995,-0.34906584,0.261799395,-0.00347276358,0,0.814979553,-0.108322918
72504320,69.4857635,-1.57269204,69.6199951,73.6348572,-1.34326684,30.964941,29.6576271,0.159391731,-0.34906584,0.261799395,-0.000782325864,0,0.81566298,-0.105021179
72605113,69.3352585,-1.55823696,69.4000015,73.5007782,-1.37495422,30.9647293,29.6950741,0.139574841,-0.34906584,0.261799395,-0.00210050005,0,0.815023303,-0.10487096
72705073,69.1875153,-1.51651323,69.1699982,73.3648453,-1.40525818,30.9644623,29.7323418,0.0953172445,-0.34906584,0.261799395,-0.00267135655,0,0.815282583,-0.105931565
72805033,69.0422897,-1.4733454,68.9499969,73.2260361,-1.43494928,30.96455,29.7668991,0.103436664,-0.34906584,0.261799395,0.00087773148,0,0.81761688,-0.105524808
73004953,68.7698135,-1.34003282,68.4899979,72.9400024,-1.49315131,30.9641685,29.8145733,0.0173534863,-0.34906584,0.261799395,0.00332011469,0,0.822887897,-0.109733835
73104913,68.641098,-1.35278749,68.2600021,72.7928009,-1.52166748,30.9635601,29.8408585,0.0983296037,-0.34906584,0.261799395,-0.00608687708,0,0.819718242,-0.107085131
73204873,68.5091705,-1.3794111,68.0299988,72.6429291,-1.5492655,30.963768,29.8689632,0.129718795,-0.34906584,0.261799395,0.00207984191,0,0.82380724,-0.105694234
73304833,68.3742371,-1.42776239,67.7999954,72.4904709,-1.57597864,30.9632092,29.8970242,0.17372714,-0.34906584,0.261799395,-0.00559076807,0,0.820860028,-0.103514999
73404793,68.2343216,-1.45657027,67.5699997,72.3355179,-1.6018244,30.9634094,29.9280777,0.167392924,-0.34906584,0.261799395,0.00200351747,0,0.824939787,-0.102975912
73504753,68.0979919,-1.43984354,67.3399963,72.1781387,-1.62683868,30.9630413,29.9513168,0.143235698,-0.34906584,0.261799395,-0.00368265598,0,0.824037254,-0.1037407
73604713,67.9669266,-1.37025011,67.1199951,72.0185852,-1.64938104,30.9628162,29.9682999,0.0951124057,-0.34906584,0.261799395,-0.00225157198,0,0.826707423,-0.106117688
73704673,67.8436127,-1.33134377,66.8899994,71.8569183,-1.67119598,30.9625206,29.9879856,0.0723702088,-0.34906584,0.261799395,-0.00295757339,0,0.827930272,-0.107502706
73804633,67.7220612,-1.31854522,66.659996,71.6930466,-1.69397485,30.9622231,30.0100422,0.0610757843,-0.34906584,0.261799395,-0.00297665456,0,0.828732491,-0.108365133
73904593,67.6000671,-1.31182837,66.4399948,71.5272064,-1.71435034,30.962141,30.0398693,0.108778462,-0.34906584,0.261799395,-0.000820488087,0,0.828948379,-0.106993668
74004553,67.4777679,-1.32788348,66.2099991,71.3594589,-1.73406982,30.9621162,30.0611858,0.121637404,-0.34906584,0.261799395,-0.000248054537,0,0.829101026,-0.106629938
74104513,67.3517761,-1.37275827,65.9899979,71.1898651,-1.75315344,30.9614296,30.0862598,0.130720749,-0.34906584,0.261799395,-0.00686920295,0,0.826138556,-0.105900556
74204473,67.2181854,-1.41466868,65.7600021,71.018486,-1.7716217,30.961525,30.1162853,0.180348456,-0.34906584,0.261799395,0.000954055926,0,0.829188824,-0.103640839
74304433,67.082901,-1.41011035,65.5400009,70.8453751,-1.78949487,30.9614868,30.1378288,0.096462965,-0.34906584,0.261799395,-0.000381622376,0,0.829638302,-0.106370717
74404393,66.9485397,-1.39991069,65.3199997,70.6707535,-1.80512488,30.9608784,30.1532841,0.102677956,-0.34906584,0.261799395,-0.00608687708,0,0.828517735,-0.106469303
74504353,66.814064,-1.38039255,65.0899963,70.4945068,-1.82191718,30.9610958,30.1704407,0.109784722,-0.34906584,0.261799395,0.00217524753,0,0.833423197,-0.106698439
74604313,66.6809769,-1.37985682,64.8699951,70.3166885,-1.83817041,30.9605637,30.185318,0.126214132,-0.34906584,0.261799395,-0.00532363215,0,0.831200063,-0.106480815
74705106,66.5419617,-1.39579058,64.6500015,70.1360626,-1.85223138,30.9602661,30.2033844,0.108799949,-0.34906584,0.261799395,-0.00295205414,0,0.833424985,-0.106989019
74805066,66.4017944,-1.38680124,64.4199982,69.955452,-1.86701965,30.9603558,30.220726,0.0202032924,-0.34906584,0.261799395,0.000896812591,0,0.837142825,-0.11023894
74905026,66.2625046,-1.38305867,64.1999969,69.7734146,-1.88181818,30.9597702,30.2386932,0.03096224,-0.34906584,0.261799395,-0.00585790351,0,0.835829258,-0.110350929
75104946,65.9681244,-1.50743508,63.75,69.40522,-1.90999603,30.9595661,30.2814293,0.167268202,-0.34906584,0.261799395,-0.00185086858,0,0.839189529,-0.104739077
75204906,65.813118,-1.52693582,63.5200005,69.2191544,-1.923406,30.9597092,30.3034668,0.156749159,-0.34906584,0.261799395,0.00143108389,0,0.841913581,-0.104651906
75304866,65.6606293,-1.50605047,63.2999992,69.0318375,-1.9363848,30.959444,30.3174171,0.0805799589,-0.34906584,0.261799395,-0.00265227561,0,0.842579186,-0.107406184
75404826,65.5119781,-1.47854102,63.079998,68.8434601,-1.94727957,30.9588013,30.3305931,0.0634420514,-0.34906584,0.261799395,-0.00643033721,0,0.843256116,-0.10847237
75504786,65.3679962,-1.41570902,62.8499985,68.6539078,-1.95948792,30.9586143,30.3487415,0.0787464231,-0.34906584,0.261799395,-0.00186994963,0,0.846610785,-0.108912967
75604746,65.2325439,-1.31680989,55,68.4543533,-2.06290436,30.9582348,30.3708973,0.0255897045,-0.34906584,0.261799395,-0.00379714277,0,0.846007228,-0.116110839
75704706,65.1034393,-1.3140856,55,68.2451096,-2.16298676,30.9585609,30.3891487,0.0723858252,-0.34906584,0.261799395,0.00326287141,0,0.848644555,-0.11939574
75804666,64.9724426,-1.39249635,55,68.0265045,-2.2598393,30.9580708,30.4066486,0.135615423,-0.34906584,0.261799395,-0.00490384735,0,0.842523396,-0.121148378
75904626,64.8288269,-1.50889862,55,67.7988281,-2.35357165,30.9578552,30.4266071,0.172906354,-0.34906584,0.261799395,-0.00215616636,0,0.831715941,-0.123015158
76004586,64.6774521,-1.52458549,55,67.5623779,-2.44427991,30.957653,30.439537,0.0493186936,-0.34906584,0.261799395,-0.00202259864,0,0.816714764,-0.131293461
76104546,64.5286407,-1.51155472,55,67.3174362,-2.53206372,30.9576874,30.4542122,0.00206321478,-0.34906584,0.261799395,0.000343460153,0,0.80580163,-0.137654826
76204506,64.3785629,-1.60448289,55,67.06427,-2.61701703,30.9573841,30.4687462,-0.00578944664,-0.34906584,0.261799395,-0.00303389784,0,0.79867655,-0.141698375
76304466,64.2112198,-1.84180892,55,66.803154,-2.699229,30.957262,30.4822311,0.0900092348,-0.34906584,0.261799395,-0.0012211916,0,0.801559865,-0.140594512
76404426,64.0147324,-2.1560688,55,66.5343399,-2.77879071,30.9565372,30.496418,0.116405152,-0.34906584,0.261799395,-0.00725082541,0,0.811093271,-0.140260354
76504386,63.7838135,-2.47241211,55,66.2580795,-2.85578656,30.9565392,30.5066509,0.172064736,-0.34906584,0.261799395,1.90811188e-05,0,0.840128779,-0.138416499
76604346,63.5210991,-2.760252,55,65.974617,-2.93030047,30.9558754,30.52215,0.271891743,-0.34906584,0.261799395,-0.00664022937,0,0.881561518,-0.134589523
76705139,63.2314644,-2.99162292,55,65.681694,-3.00380063,30.9556713,30.5334854,0.361220777,-0.34906584,0.261799395,-0.00202480634,0,0.960289121,-0.13119325
76805099,62.9183273,-3.19027495,55,65.3844452,-3.07276034,30.9552059,30.5586281,0.632649541,-0.34906584,0.261799395,-0.00465579284,0,1,-0.120996386
76905059,62.586792,-3.41228199,55,65.0806656,-3.14027786,30.7949238,30.6146717,1.02627158,-0.34906584,0.261799395,-1.41843176,0,0.966089606,-0.100359708
77005019,62.2357178,-3.52972746,55,64.7705612,-3.20561862,30.8747349,30.6954422,1.10123658,-0.34906584,0.261799395,0.798434258,0,0.463570595,-0.0959713608
77204939,61.5724525,-3.04206371,55,64.1506119,-3.1518352,30.9534531,30.7486267,-0.474203259,-0.34906584,0.261799395,-0.00665931031,0,0.666252255,-0.140256718
77304899,61.3107605,-2.5023427,55,63.855545,-3.05020404,30.9525986,30.6715336,-1.79138434,-0.34906584,0.261799395,-0.00854834169,0,0.76914984,-0.163070053
77404859,61.1004715,-1.96422422,55,63.5699921,-2.95184827,30.9526844,30.5380573,-2.75112915,-0.34906584,0.261799395,0.000858650368,0,0.847794116,-0.185983106
77504819,60.9455452,-1.57946467,55,63.2936478,-2.85666394,30.9518871,30.4303341,-2.58543348,-0.34906584,0.261799395,-0.007975908,0,0.798288822,-0.208977267
77604779,60.8121223,-1.41090965,55,63.0262146,-2.76454926,30.9515915,30.4213085,-1.84407771,-0.34906584,0.261799395,-0.00295757339,0,0.759430289,-0.224519297
77704739,60.680027,-1.44213462,55,62.7674026,-2.67540479,30.9516983,30.4601746,-1.61315215,-0.34906584,0.261799395,0.00106854271,0,0.728823304,-0.217934772
77804699,60.5352592,-1.61307573,55,62.5169373,-2.58913422,30.9515553,30.4926147,-1.53072286,-0.34906584,0.261799395,-0.00143108389,0,0.709026754,-0.214145944
77904659,60.3671646,-1.87125039,55,62.2745476,-2.50564575,30.9511395,30.505373,-1.64112163,-0.34906584,0.261799395,-0.00415968383,0,0.699386001,-0.215683118
78004619,60.1690063,-2.16965866,55,62.0399742,-2.42484927,30.9512005,30.4902039,-1.67451704,-0.34906584,0.261799395,0.000610595802,0,0.701382399,-0.214671403
78104579,59.9416771,-2.45513177,55,61.8129654,-2.34665799,30.9506073,30.4637089,-1.62412763,-0.34906584,0.261799395,-0.00593422819,0,0.703453481,-0.210742474
78204539,59.6863861,-2.70913696,55,61.593277,-2.27098846,30.9504166,30.4207401,-1.632954,-0.34906584,0.261799395,-0.00190811185,0,0.714050114,-0.20885703
78304499,59.4073792,-2.9410634,55,61.3806725,-2.19775891,30.9501209,30.3663197,-1.52595925,-0.34906584,0.261799395,-0.00295757339,0,0.723410547,-0.203161955
78404459,59.1089516,-3.10465288,55,61.1749229,-2.1268909,30.9497452,30.3104,-1.35721719,-0.34906584,0.261799395,-0.00375898043,0,0.732242763,-0.195452511
78504419,58.798481,-3.21566939,55,60.9758072,-2.05830765,30.9488907,30.2480888,-1.26558053,-0.34906584,0.261799395,-0.00854834169,0,0.738822758,-0.190273568
78604379,58.4761353,-3.31567216,55,60.7831116,-1.99193573,30.9489727,30.186224,-1.06485999,-0.34906584,0.261799395,0.000820488087,0,0.752551138,-0.181118354
78704339,58.1471558,-3.38282585,55,60.5966301,-1.92770386,30.948246,30.1294098,-0.92197293,-0.34906584,0.261799395,-0.00726990635,0,0.757860422,-0.173380896
78805132,57.8133965,-3.40303588,55,60.414711,-1.86554337,30.9478359,30.0802422,-0.806943536,-0.34906584,0.261799395,-0.00406853622,0,0.766293406,-0.166364163
78905092,57.4772301,-3.40279078,55,60.2401085,-1.80490363,30.9471302,30.0303459,-0.716480851,-0.34906584,0.261799395,-0.00706001418,0,0.771304846,-0.159999892
79005052,57.1432343,-3.36795354,55,60.0711365,-1.74670279,30.9468021,29.9910278,-0.66387248,-0.34906584,0.261799395,-0.00328195235,0,0.780131638,-0.154770255
79105012,56.8164253,-3.30238628,55,59.9076157,-1.69037879,30.9463043,29.9531364,-0.620206237,-0.34906584,0.261799395,-0.00498017203,0,0.785368085,-0.15004392
79304932,56.1896782,-3.06629968,55,59.5962219,-1.58312225,30.9455853,29.8940563,-0.595433056,-0.34906584,0.261799395,0.00103038037,0,0.796396375,-0.143497512
79404892,55.8973694,-2.9228704,55,59.4480133,-1.53207397,30.9449749,29.8716202,-0.568008542,-0.34906584,0.261799395,-0.00610595802,0,0.795863509,-0.140037686
79504852,55.6230087,-2.77621102,55,59.3045845,-1.48267114,30.9446983,29.8629303,-0.514898002,-0.34906584,0.261799395,-0.00276676216,0,0.796627402,-0.135619313
79604812,55.3618698,-2.63712287,55,59.1657791,-1.43486154,30.9438019,29.8556423,-0.520920396,-0.34906584,0.261799395,-0.00896812603,0,0.792706788,-0.133106261
79704772,55.1164093,-2.48735547,55,59.0314522,-1.38859308,30.9437294,29.8573475,-0.559838176,-0.34906584,0.261799395,-0.000725082529,0,0.791126728,-0.131847948
79804732,54.8870087,-2.33764601,55,58.9014549,-1.34381735,30.9434471,29.853529,-0.639838874,-0.34906584,0.261799395,-0.00282400567,0,0.785105109,-0.132425502
79904692,54.6745872,-2.21298099,55,58.77565,-1.30048501,30.9431,29.8467827,-0.683386981,-0.34906584,0.261799395,-0.00347276358,0,0.779556155,-0.132040843
80004652,54.4743004,-2.10120535,55,58.6539001,-1.25855005,30.9426785,29.8379688,-0.736169457,-0.34906584,0.261799395,-0.0042169271,0,0.772854686,-0.132167995
80104612,54.2854958,-1.99847114,55,58.5360756,-1.21796668,30.9421959,29.8323116,-0.812672794,-0.34906584,0.261799395,-0.00482752314,0,0.766383946,-0.133203387
80204572,54.1045456,-1.91529834,55,58.4220505,-1.17869186,30.9419594,29.8237076,-0.836295485,-0.34906584,0.261799395,-0.00236605876,0,0.760832787,-0.132670373
80304532,53.929493,-1.88353181,55,58.3117027,-1.14068353,30.9416924,29.8145676,-0.804430664,-0.34906584,0.261799395,-0.00267135655,0,0.753949821,-0.129862219
80404492,53.7537727,-1.90253294,55,58.2049141,-1.10390091,30.9414806,29.8070793,-0.815459132,-0.34906584,0.261799395,-0.00211800425,0,0.748503268,-0.127808928
80504452,53.5749283,-1.94448054,55,58.1015701,-1.06830466,30.9411221,29.7930145,-0.80042088,-0.34906584,0.261799395,-0.00358725036,0,0.744578838,-0.124721587
80604412,53.3887291,-1.99684358,55,58.0015564,-1.03385675,30.9406261,29.7764778,-0.805061698,-0.34906584,0.261799395,-0.00496109109,0,0.743571043,-0.122054793
80704372,53.1967735,-2.02695847,55,57.9047699,-1.0005188,30.9404469,29.7592125,-0.781527638,-0.34906584,0.261799395,-0.00179362518,0,0.747241616,-0.118605584
80804332,53.0006905,-2.05081344,55,57.8111038,-0.968256652,30.940258,29.7380962,-0.765037656,-0.34906584,0.261799395,-0.0018890308,0,0.750865221,-0.115376949
80905125,52.8053169,-2.01110458,55,57.7197266,-0.937034607,30.9400997,29.7129765,-0.771894634,-0.34906584,0.261799395,-0.00157064421,0,0.755353212,-0.11365661
81005085,52.6149254,-1.93419337,55,57.6320267,-0.906575501,30.9399242,29.6955738,-0.68561542,-0.34906584,0.261799395,-0.00175546296,0,0.758647263,-0.109092176
81105045,52.4320984,-1.85482657,55,57.5471535,-0.877342224,30.9395771,29.6814766,-0.626683354,-0.34906584,0.261799395,-0.00347276358,0,0.760581374,-0.105299979
81205005,52.257309,-1.74912632,55,57.4650192,-0.849051178,30.939188,29.6609974,-0.660646558,-0.34906584,0.261799395,-0.00389254815,0,0.763784587,-0.10503906
81404925,51.938343,-1.49872279,55,57.308609,-0.79517746,30.9386234,29.6136513,-0.591421843,-0.34906584,0.261799395,-0.000209892314,0,0.771519065,-0.101076804
81504885,51.7969971,-1.37832189,55,57.2341652,-0.769536316,30.9386082,29.601862,-0.512792647,-0.34906584,0.261799395,-0.00015264895,0,0.772944927,-0.0975303948
81604845,51.6675873,-1.28465724,55,57.1621208,-0.744721711,30.938261,29.5938873,-0.401843637,-0.34906584,0.261799395,-0.00347276358,0,0.771653175,-0.0925201997
81704805,51.5449486,-1.22526491,55,57.0923996,-0.72070694,30.9376602,29.5861797,-0.353175163,-0.34906584,0.261799395,-0.0060105524,0,0.771054924,-0.0890783072
81804765,51.4259491,-1.17144394,55,57.024929,-0.697466552,30.9378014,29.5787468,-0.33034578,-0.34906584,0.261799395,0.00141200284,0,0.775772333,-0.0864043459
81904725,51.317112,-1.09759629,55,56.9596329,-0.674976349,30.9376965,29.5630016,-0.328454554,-0.34906584,0.261799395,-0.00104946154,0,0.777797163,-0.0849233419
82004685,51.217205,-1.02699208,55,56.8964424,-0.653210938,30.9372997,29.5568314,-0.241503149,-0.34906584,0.261799395,-0.0039688726,0,0.779227614,-0.080498144
82104645,51.1227036,-0.993253708,55,56.835289,-0.632147491,30.9371033,29.5525055,-0.185337871,-0.34906584,0.261799395,-0.00196535536,0,0.783374965,-0.076548174
82204605,51.031086,-0.943625867,55,56.7761078,-0.611763,30.9369106,29.546402,-0.137216166,-0.34906584,0.261799395,-0.00192719302,0,0.787851334,-0.0730114356
82304565,50.9462585,-0.84870702,55,56.7188339,-0.592035949,30.9371281,29.5403957,-0.192844287,-0.34906584,0.261799395,0.00217524753,0,0.795399249,-0.0734579414
82404525,50.8746414,-0.698074639,55,56.6634102,-0.572944641,30.9367485,29.5222759,-0.137443155,-0.34906584,0.261799395,-0.00379714277,0,0.798989356,-0.0714447275
82504485,50.8185844,-0.552024484,55,56.6097717,-0.554470062,30.9367104,29.5159073,-0.0973015428,-0.34906584,0.261799395,-0.000381622376,0,0.804914594,-0.0698065013
82604445,50.774231,-0.454705954,55,56.5578613,-0.536590576,30.9364281,29.5051193,-0.0286860224,-0.34906584,0.261799395,-0.00282400567,0,0.808203161,-0.0669221878
82704405,50.7359276,-0.404336989,55,56.5076256,-0.519287109,30.9363956,29.4992924,0.0295634978,-0.34906584,0.261799395,-0.000324379012,0,0.813286185,-0.0637686551
82804365,50.6974792,-0.399198651,55,56.4590111,-0.50254184,30.9362869,29.5074844,0.148692191,-0.34906584,0.261799395,-0.00108762376,0,0.81573391,-0.0576803461
82904325,50.6626434,-0.305611342,55,56.4119644,-0.486337036,30.9360237,29.5045643,0.0991836786,-0.34906584,0.261799395,-0.00263319444,0,0.819787264,-0.0582110696
83005118,50.6359978,-0.209731787,55,56.3660698,-0.470654815,30.9362583,29.4991322,0.0733105913,-0.34906584,0.261799395,0.00232758117,0,0.827319503,-0.0583634004
83105078,50.6153564,-0.118869074,55,56.3220177,-0.455356598,30.935894,29.5057907,0.150235027,-0.34906584,0.261799395,-0.00364449364,0,0.828517318,-0.0549789071
83205038,50.6007614,-0.0706652403,55,56.2793884,-0.440672547,30.9359398,29.5150661,0.220765874,-0.34906584,0.261799395,0.000457946851,0,0.833610058,-0.0512561947
83404958,50.5929222,0.119009942,55,56.1982079,-0.412710816,30.9362736,29.5370102,0.187150747,-0.34906584,0.261799395,-0.000133567839,0,0.840580821,-0.0508020669
83504918,50.6043892,0.1859411,55,56.1595688,-0.399402618,30.936142,29.5531654,0.247408792,-0.34906584,0.261799395,-0.00131659722,0,0.842271566,-0.0479142033
83604878,50.6227074,0.245240659,55,56.1221771,-0.386522919,30.9359627,29.5724449,0.223038346,-0.34906584,0.261799395,-0.00179362518,0,0.844197214,-0.0477033965
83704838,50.6462135,0.318785101,55,56.0859909,-0.374059051,30.936142,29.5923882,0.198554114,-0.34906584,0.261799395,0.00179362518,0,0.847992599,-0.0478300825
83804798,50.6772995,0.364884049,55,56.050972,-0.361996979,30.9362869,29.6073112,0.257634491,-0.34906584,0.261799395,0.00145016506,0,0.849840403,-0.04519834
83904758,50.7112198,0.334655136,55,56.0170822,-0.350324005,30.9359055,29.6315651,0.300694823,-0.34906584,0.261799395,-0.0038162237,0,0.848667264,-0.0419844799
84004718,50.7396965,0.284165472,55,55.9842834,-0.339027405,30.93647,29.6555805,0.276354373,-0.34906584,0.261799395,0.00564801134,0,0.854947507,-0.0406582281
84104678,50.7673683,0.29017657,55,55.9525452,-0.328094482,30.9360085,29.6771126,0.320014566,-0.34906584,0.261799395,-0.00461763097,0,0.852630317,-0.0377502963
84204638,50.797821,0.36741218,55,55.9218292,-0.317515045,30.9365349,29.7038422,0.245904595,-0.34906584,0.261799395,0.00526638888,0,0.859092653,-0.0394150764
84304598,50.8408928,0.498326063,55,55.8921051,-0.307276398,30.9362583,29.7166271,0.141682461,-0.34906584,0.261799395,-0.00276676216,0,0.858804941,-0.0433593839
84404558,50.8959732,0.606196284,55,55.8633385,-0.297368377,30.9361305,29.7352943,0.122071065,-0.34906584,0.261799395,-0.001278435,0,0.861200333,-0.0446166396
84504518,50.9581108,0.668467879,55,55.8354988,-0.28777948,30.9366741,29.7536583,0.179435223,-0.34906584,0.261799395,0.00543811871,0,0.864709198,-0.0430704392
84604478,51.0258064,0.686512291,55,55.8085556,-0.278499603,30.9366264,29.7777195,0.200841829,-0.34906584,0.261799395,-0.000477027963,0,0.861641645,-0.042076163
84704438,51.0928879,0.681757212,55,55.7824821,-0.269518524,30.9367599,29.8127079,0.241646573,-0.34906584,0.261799395,0.00133567827,0,0.860699713,-0.0399210863
84804398,51.1576118,0.634724975,55,55.7572517,-0.260827392,30.9364452,29.8495617,0.239596441,-0.34906584,0.261799395,-0.00314838463,0,0.857221365,-0.0385442562
84904358,51.2109337,0.516515732,55,55.7328339,-0.252417237,30.9367485,29.881546,0.304781735,-0.34906584,0.261799395,0.00303389784,0,0.859366596,-0.0341532975
85004318,51.2535057,0.441244036,55,55.7092018,-0.244277954,30.9370308,29.9109573,0.232535571,-0.34906584,0.261799395,0.00282400567,0,0.860403597,-0.0345216058
85105111,51.2956963,0.486728251,55,55.6861496,-0.236400604,30.9367962,29.9352608,0.163580149,-0.34906584,0.261799395,-0.00232758117,0,0.860071123,-0.0363265164
85205071,51.3451843,0.599975586,55,55.6640244,-0.228716537,30.9367962,29.9452686,0.0288434811,-0.34906584,0.261799395,0,0,0.864438713,-0.0416894443
85305031,51.4070854,0.735943735,55,55.6426125,-0.221341446,30.9371853,29.9555836,-0.0306122601,-0.34906584,0.261799395,0.00389254815,0,0.86853385,-0.0453813151
85504951,51.5580406,0.784361303,55,55.6018372,-0.207297012,30.937006,29.9841557,0.141411528,-0.34906584,0.261799395,-0.00372081809,0,0.863889992,-0.0410542525
85604911,51.6294861,0.730983675,54.9899979,55.5822716,-0.202279404,30.9374962,30.0085449,0.182340652,-0.34906584,0.261799395,0.00490384735,0,0.865802169,-0.0391143784
85704871,51.6930122,0.645569205,54.9899979,55.5631752,-0.197424576,30.9373779,30.0285378,0.163370803,-0.34906584,0.261799395,-0.00118302938,0,0.862410784,-0.0387079269
85804831,51.7481461,0.566611767,54.9899979,55.544693,-0.191059113,30.9375038,30.0542507,0.209541559,-0.34906584,0.261799395,0.00125935383,0,0.861856878,-0.0359008349
85904791,51.798893,0.566301823,54.9899979,55.5268097,-0.184898376,30.9379425,30.0705967,0.102455877,-0.34906584,0.261799395,0.0043886574,0,0.860045135,-0.0390772708
86004751,51.8573799,0.671652436,54.9899979,55.5095024,-0.178937271,30.9377785,30.0771999,0.0194997191,-0.34906584,0.261799395,-0.00164097617,0,0.854552507,-0.0431556627
86104711,51.9297981,0.812084377,54.9899979,55.4927521,-0.173168182,30.9380646,30.0797234,-0.0549187139,-0.34906584,0.261799395,0.00286216778,0,0.857966006,-0.047880128
86204671,52.0152855,0.877871692,54.9899979,55.4765434,-0.167584732,30.9381657,30.0819111,-0.0509736426,-0.34906584,0.261799395,0.00101129932,0,0.864766836,-0.0496443771
86304631,52.0990257,0.770689964,54.9899979,55.4608574,-0.162181854,30.9383907,30.0920773,0.0842294842,-0.34906584,0.261799395,0.00225157198,0,0.880951524,-0.0450158417
86404591,52.1656685,0.545382142,54.9899979,55.4456749,-0.156953171,30.9381828,30.1166801,0.233659595,-0.34906584,0.261799395,-0.00207984191,0,0.907640934,-0.0377243757
86504551,52.2036896,0.264082372,54.9899979,55.4309845,-0.151892349,30.9383183,30.1431332,0.428991318,-0.34906584,0.261799395,0.00135475944,0,0.962100685,-0.0274216644
86604511,52.2134056,0.00394435506,54.9899979,55.4167671,-0.146995544,30.9381332,30.1744366,0.56918323,-0.34906584,0.261799395,-0.00185086858,0,1,-0.0180922467
86704471,52.1960754,-0.240055025,54.9899979,55.4030075,-0.142256424,30.7758102,30.2278881,0.8261078,-0.34906584,0.261799395,-1.38947988,0,0.960317969,0.00075631385
86804431,52.1609421,-0.343665898,54.9899979,55.3896904,-0.137669876,30.8567181,30.2896137,0.791570306,-0.34906584,0.261799395,0.809395909,0,0.452083558,0.00288847066
86904391,52.1268463,-0.232409567,54.9899979,55.3768044,-0.13323085,30.9375591,30.3144531,0.126625016,-0.34906584,0.261799395,0.808733046,0,0.545317411,-0.0191484727
87004351,52.1165047,0.0955348164,54.9899979,55.3643341,-0.128935501,30.9384651,30.280632,-0.871108651,-0.34906584,0.261799395,0.00906353164,0,0.649819434,-0.0422563143
87104311,52.1516495,0.586880326,54.9899979,55.3522644,-0.124778748,30.9383011,30.163784,-2.16584826,-0.34906584,0.261799395,-0.00164097617,0,0.754589081,-0.0654536709
87205104,52.2386818,1.08035755,54.7999992,55.3374023,-0.152422592,30.9383984,29.9914818,-3.14502931,-0.34906584,0.261799395,0.000965094659,0,0.758349717,-0.0889787152
87305064,52.3691673,1.40617359,54.5499992,55.3160439,-0.220801041,30.9383793,29.8365154,-3.04853201,-0.34906584,0.261799395,-0.000190811188,0,0.712000251,-0.112430513
87405024,52.5186234,1.47693145,54.2700005,55.2868271,-0.302014679,30.9387836,29.7491474,-2.63910818,-0.34906584,0.261799395,0.00404519727,0,0.66867733,-0.135951191
87604944,52.7602463,0.750861347,53.6999969,55.2042351,-0.468175262,30.9390335,29.6621304,-2.17874289,-0.34906584,0.261799395,-0.00104946154,0,0.60350436,-0.182302624
87704904,52.7933006,0.00178030296,53.4099998,55.1510544,-0.549744904,30.9395638,29.629076,-1.89293134,-0.34906584,0.261799395,0.00530455122,0,0.593878627,-0.17568475
87804864,52.7453232,-0.884114981,53.1199989,55.0902367,-0.628684998,30.9393997,29.5892639,-1.6611923,-0.34906584,0.261799395,-0.00164097617,0,0.592610478,-0.167303264
87904824,52.6003265,-1.78185725,52.8400002,55.0221901,-0.703412354,30.9394951,29.5323982,-1.42159903,-0.34906584,0.261799395,0.000954055926,0,0.610248446,-0.156575561
88004784,52.3716316,-2.57172918,52.5599976,54.9473076,-0.774064362,30.9387836,29.4547749,-1.26365316,-0.34906584,0.261799395,-0.00711725745,0,0.636826098,-0.147942543
88104744,52.0739517,-3.15705228,52.2799988,54.8658104,-0.842436492,30.9390278,29.3568726,-1.11128938,-0.34906584,0.261799395,0.00244238321,0,0.680328131,-0.14050898
88204704,51.7340546,-3.46430326,52.0099983,54.7780762,-0.906937897,30.9382038,29.2453518,-0.994745255,-0.34906584,0.261799395,-0.00824304298,0,0.718912303,-0.136288062
88304664,51.3772202,-3.55205274,51.7399979,54.6844673,-0.967692077,30.9377785,29.132019,-0.741925538,-0.34906584,0.261799395,-0.00425508944,0,0.761394978,-0.12922956
88404624,51.0208282,-3.46716022,51.4599991,54.5850067,-1.02815628,30.9371395,29.0358295,-0.444503307,-0.34906584,0.261799395,-0.00639217487,0,0.792888522,-0.121615037
88504584,50.6826668,-3.23772502,51.1800003,54.4797249,-1.08833563,30.9370747,28.9672508,-0.150871247,-0.34906584,0.261799395,-0.000648758025,0,0.817726612,-0.114711016
88604544,50.373848,-2.93638039,50.8799973,54.3684883,-1.14990866,30.9364128,28.9175644,0.0733934864,-0.34906584,0.261799395,-0.00662114844,0,0.82930088,-0.110421598
88704504,50.0992126,-2.59870982,50.579998,54.2511635,-1.2128309,30.9360123,28.8945961,0.23286657,-0.34906584,0.261799395,-0.00400703494,0,0.833833218,-0.108306721
88804464,49.8612442,-2.21994257,50.2700005,54.1277885,-1.27538812,30.9356937,28.8897591,0.283387363,-0.34906584,0.261799395,-0.00318654696,0,0.829462647,-0.110232934
88904424,49.6629219,-1.8528105,49.9500008,53.9982338,-1.3392626,30.9351215,28.8989925,0.198931247,-0.34906584,0.261799395,-0.00572433555,0,0.820560455,-0.116961569
89004384,49.4980888,-1.54171014,49.6199989,53.8623772,-1.40441132,30.9344845,28.9131432,0.188466966,-0.34906584,0.261799395,-0.00637309393,0,0.809810519,-0.121544711
89104344,49.3563614,-1.35044026,49.2799988,53.7200966,-1.47079337,30.9343071,28.9291458,0.0296190269,-0.34906584,0.261799395,-0.00177454401,0,0.801098824,-0.130395114
89205137,49.2271271,-1.26178789,48.9399986,53.5702438,-1.5366987,30.9340591,28.9633999,0.0128499027,-0.34906584,0.261799395,-0.00246004504,0,0.785794497,-0.133673221
89305097,49.0989418,-1.26414645,48.5900002,53.4152985,-1.60174811,30.9339352,29.0123749,-0.00640420895,-0.34906584,0.261799395,-0.00124027277,0,0.770190418,-0.135835901
89405057,48.96315,-1.42318273,48.2399979,53.2540588,-1.66676581,30.9339848,29.0621624,-0.0420398824,-0.34906584,0.261799395,0.000496109074,0,0.759466112,-0.136825502
89505017,48.804821,-1.66263103,47.8799973,53.0865707,-1.73135376,30.9339447,29.106945,-0.0849991664,-0.34906584,0.261799395,-0.000400703488,0,0.752846837,-0.137079313
89704937,48.4163094,-2.15343237,47.1599998,52.7331734,-1.85762537,30.9333305,29.1951065,-0.132946417,-0.34906584,0.261799395,-0.00179362518,0,0.751753688,-0.135297
89804897,48.1867714,-2.37607908,46.7999992,52.547657,-1.91772461,30.9331341,29.2422352,-0.124141812,-0.34906584,0.261799395,-0.00196535536,0,0.755938351,-0.132893249
89904857,47.9371643,-2.53484273,46.4399986,52.356514,-1.97588599,30.9323616,29.2783222,-0.0980497599,-0.34906584,0.261799395,-0.00772785302,0,0.760432303,-0.130475923
90004817,47.6762238,-2.59626198,46.079998,52.1599274,-2.03217196,30.9323864,29.3075657,-0.172891289,-0.34906584,0.261799395,0.000248054537,0,0.772054434,-0.132405147
90104777,47.4185371,-2.56173515,45.7199974,51.9580727,-2.08664322,30.9319706,29.327383,-0.14710927,-0.34906584,0.261799395,-0.00415968383,0,0.777839661,-0.132430822
90204737,47.1690025,-2.47663975,45.3600006,51.7511177,-2.13935733,30.931757,29.3571739,-0.147234365,-0.34906584,0.261799395,-0.00213708542,0,0.783577442,-0.133702889
90304697,46.9333305,-2.36664057,45,51.5392303,-2.19037247,30.9313316,29.3893394,-0.104495309,-0.34906584,0.261799395,-0.00425508944,0,0.784581661,-0.133966893
90404657,46.7073936,-2.30153847,44.6299973,51.322403,-2.24141049,30.9307518,29.4161243,-0.108111881,-0.34906584,0.261799395,-0.00580066023,0,0.783999503,-0.135575578
90504617,46.485836,-2.25226712,44.2700005,51.1007996,-2.290802,30.9302406,29.4532452,-0.0450449213,-0.34906584,0.261799395,-0.00511373999,0,0.781091332,-0.134656534
90604577,46.2667923,-2.23495078,43.9099998,50.874733,-2.33693314,30.9298573,29.4899254,-0.0298147202,-0.34906584,0.261799395,-0.00383530487,0,0.777330935,-0.134823352
90704537,46.044075,-2.29623079,43.5499992,50.6443481,-2.38157773,30.9299755,29.525795,0.0356495604,-0.34906584,0.261799395,0.00118302938,0,0.775177538,-0.132441625
90804497,45.8157692,-2.35061955,43.1899986,50.4097824,-2.42478299,30.9291382,29.5620975,0.0729926825,-0.34906584,0.261799395,-0.0083766114,0,0.767617941,-0.130771101
90904457,45.583149,-2.35851026,39.8799973,42.627079,-2.51319504,30.9292107,29.5875816,-0.0457491167,-0.34906584,0.261799395,0.000725082529,4,0.670193017,-0.154420212
91004417,45.3517265,-2.34992623,39.8799973,42.1189995,-2.59875607,30.9286423,29.5945835,-0.219964951,-0.34906584,0.261799395,-0.00568617322,4,0.572126448,-0.17806372
91104377,45.1179047,-2.39070559,39.8799973,41.611187,-2.68155789,30.9281158,29.5733662,-0.732377291,-0.34906584,0.261799395,-0.00526638888,4,0.473606586,-0.201724201
91204337,44.8737755,-2.55229807,39.8799973,41.1036377,-2.76168942,30.9277306,29.4917622,-1.46703684,-0.34906584,0.261799395,-0.00385438604,4,0.375046223,-0.225450158
91305130,44.5976448,-2.97623873,39.8799973,40.5898209,-2.84062576,30.9273472,29.3524837,-2.17206979,-0.34906584,0.261799395,-0.00380360824,4,0.278152108,-0.24948734
91405090,44.2643585,-3.60187721,39.8799973,40.0850525,-2.91489029,30.9272079,29.154604,-2.95281458,-0.34906584,0.261799395,-0.00139292167,4,0.380791187,-0.273487657
91505050,43.856617,-4.32397556,39.8799973,39.5914078,-2.98324203,30.9265785,28.9099903,-3.56826448,-0.34906584,0.261799395,-0.00629676925,4,0.484793186,-0.297691047
91605010,43.3805656,-4.94544888,39.8799973,39.6007156,-2.88704562,30.9262695,28.660347,-3.44495153,-0.34906584,0.261799395,-0.00309114135,4,0.591402352,-0.322105259
91804930,42.3080406,-5.30691481,39.8799973,39.6184349,-2.70385861,30.9244499,28.2753563,-2.44493699,-0.34906584,0.261799395,-0.0111242924,4,0.49398753,-0.324014902
91904890,41.7805824,-4.98977661,39.8799973,39.6268692,-2.61667132,30.9241257,28.1152306,-2.48966193,-0.34906584,0.261799395,-0.00324379024,4,0.579339623,-0.331715047
92004850,41.3009796,-4.4405427,39.8799973,39.6350327,-2.53229523,30.923399,27.9309807,-2.63951445,-0.34906584,0.261799395,-0.00726990635,4,0.679299593,-0.34596923
92104810,40.8869553,-3.83796549,39.8799973,39.6429291,-2.45064044,30.9223156,27.7674084,-2.17051148,-0.34906584,0.261799395,-0.0108380755,4,0.779259562,-0.341326952
92204770,40.5287895,-3.34649515,39.8799973,39.6505737,-2.37161756,30.9220257,27.6683884,-1.24969327,-0.34906584,0.261799395,-0.00290033012,4,0.879219532,-0.320256054
92304730,40.2136879,-3.05311012,39.8799973,39.6579742,-2.29514313,30.9212246,27.6606121,-0.0231364258,-0.34906584,0.261799395,-0.00801406987,4,0.979179502,-0.294959426
92404690,39.9180641,-2.95761561,39.8799973,39.6651306,-2.22113538,30.9207878,27.7488918,1.28201401,-0.34906584,0.261799395,-0.00436957646,4,1,-0.269743294
92504650,39.622673,-3.02923679,39.8799973,39.6720619,-2.14951324,30.7445774,27.9288349,2.60018301,-0.34906584,0.261799395,-1.2061708,4,0.992732763,-0.244689614
92604610,39.3108482,-3.24785376,39.8799973,39.6787643,-2.08020139,30.8315487,28.1776619,3.41712761,-0.34906584,0.261799395,0.87007004,4,1,-0.219857171
92704570,38.973587,-3.51904941,39.8799973,39.6852531,-2.01312375,30.7465763,28.4314613,3.63143921,-0.34906584,0.261799395,-0.85006386,4,0.971289158,-0.195246398
92804530,38.6091499,-3.79406738,39.8799973,39.6915321,-1.94820917,30.8320255,28.680088,3.63048673,-0.34906584,0.261799395,0.854827881,4,1,-0.170848981
92904490,38.2196121,-4.0176096,39.8799973,39.6976128,-1.88538742,30.7486019,28.9046288,3.35019159,-0.34906584,0.261799395,-0.834569991,4,0.969981313,-0.146641091
93004450,37.8135376,-4.13364697,39.8799973,39.7034912,-1.82459259,30.832756,29.1212635,3.02533245,-0.34906584,0.261799395,0.84187758,4,1,-0.122613288
93104410,37.4067039,-4.05197525,39.8799973,39.7091827,-1.7657572,30.7501793,29.3158207,2.601331,-0.34906584,0.261799395,-0.826097965,4,0.96914351,-0.0987449437
93204370,37.0177765,-3.76863122,39.8799973,39.7146912,-1.70881903,30.8332691,29.4944,2.07018161,-0.34906584,0.261799395,0.831226885,4,1,-0.0750211179
93304330,36.6664925,-3.30686235,39.579998,39.5651817,-1.70371759,30.7505207,29.6581459,1.4853487,-0.34906584,0.261799395,-0.827815235,4,0.968218088,-0.0514282733
93405123,36.3721619,-2.62814999,39.0599976,39.1458893,-1.78544486,30.8333855,29.8205471,1.04103971,-0.34906584,0.261799395,0.822135746,4,1,-0.0710015446
93505083,36.1545181,-1.81515086,38.5200005,38.6369781,-1.89400864,30.7500839,29.9643974,0.489248365,-0.34906584,0.261799395,-0.833348811,4,0.966162443,-0.0915263221
93605043,36.018177,-1.05877209,37.9500008,38.1269684,-1.99953592,30.8314648,30.1136971,0.210443452,-0.34906584,0.261799395,0.814132452,4,1,-0.114762262
93705003,35.9531288,-0.469304264,37.3800011,37.6172867,-2.10166049,30.7523422,30.272892,0.0390811972,-0.34906584,0.261799395,-0.791542053,4,0.979003191,-0.127890646
93904923,35.9283829,-0.143389001,36.2099991,36.5988693,-2.29613614,30.9127026,30.6698055,0.305725485,-0.34906584,0.261799395,0.799370527,4,0.787163734,-0.142760143
94004883,35.9083557,-0.419602245,35.6199989,36.0901146,-2.38869596,30.9141388,30.8669701,0.0153316054,-0.34906584,0.261799395,0.0143680824,4,0.687911332,-0.152257651
94104843,35.843544,-0.929400682,35.0200005,35.5816498,-2.47827148,30.9141541,31.003336,-0.550254762,-0.34906584,0.261799395,0.00015264895,4,0.587348342,-0.169262528
94204803,35.7195625,-1.57867897,34.4300003,35.0734596,-2.56495929,30.9141788,31.0687809,-1.25926208,-0.34906584,0.261799395,0.000248054537,4,0.486341804,-0.191480756
94304763,35.5309601,-2.28212452,33.8400002,34.5655441,-2.64885068,30.9137955,31.0518494,-2.10115004,-0.34906584,0.261799395,-0.00383530487,4,0.385447562,-0.214014679
94404723,35.2719765,-2.99367285,33.2599983,34.057888,-2.73003769,30.9136353,30.949358,-2.91664529,-0.34906584,0.261799395,-0.00160281395,4,0.285246253,-0.236623228
94504683,34.9432793,-3.7112875,32.6899986,33.5504837,-2.80860639,30.9134064,30.7684555,-3.73721313,-0.34906584,0.261799395,-0.00228973432,4,0.264348269,-0.259364694
94604643,34.5459747,-4.37878418,32.1300011,33.0433311,-2.88464093,30.9129696,30.5081863,-4.53249216,-0.34906584,0.261799395,-0.00436957646,4,0.326302528,-0.282300174
94704603,34.0861092,-4.99311161,31.5799999,32.5364113,-2.95822525,30.9123306,30.1993484,-4.76180983,-0.34906584,0.261799395,-0.00639217487,4,0.427701563,-0.305470198
94804563,33.5664024,-5.56674719,31.039999,32.0297203,-3.02943683,30.9117088,29.8975964,-4.22196865,-0.34906584,0.261799395,-0.00622044457,4,0.531104803,-0.328874081
94904523,32.9922676,-6.0530057,30.5100002,31.5232525,-3.09835124,30.9104805,29.6456203,-3.21621895,-0.34906584,0.261799395,-0.0122882407,4,0.618705869,-0.315904468
95004483,32.3727188,-6.40763426,30,31.0169983,-3.16504288,30.9101067,29.4577255,-2.0116539,-0.34906584,0.261799395,-0.00373989926,4,0.666299701,-0.292151093
95104443,31.7255592,-6.61065054,29.4899998,30.5109615,-3.22958302,30.9088001,29.3351555,-0.845531821,-0.34906584,0.261799395,-0.0130705666,4,0.675687671,-0.268298477
95204403,31.0618896,-6.69234228,28.9799995,30.0051155,-3.2920444,30.9076996,29.2550392,0.0267136581,-0.34906584,0.261799395,-0.0110098058,4,0.673645198,-0.244380549
95304363,30.3932343,-6.68261719,28.4699993,29.4994678,-3.35249019,30.9071579,29.1847477,0.385978162,-0.34906584,0.261799395,-0.00541903777,4,0.675316274,-0.220858395
95404323,29.7308674,-6.57454205,27.9699993,28.9940109,-3.41098666,30.9060116,29.1000805,0.479218632,-0.34906584,0.261799395,-0.011467752,4,0.681872606,-0.21780774
95505116,29.0816021,-6.3036232,27.4599991,28.4817257,-3.4689858,30.9048843,28.9963226,0.369729519,-0.34906584,0.261799395,-0.0111837434,4,0.700826406,-0.221263364
95605076,28.4713116,-5.88415432,26.9399986,27.9794273,-3.52282333,30.9037476,28.8847046,0.234136149,-0.34906584,0.261799395,-0.0113723464,4,0.724128723,-0.227358878
95705036,27.9053345,-5.40496206,26.4300003,27.4745007,-3.57582784,30.9028206,28.7917118,0.179304212,-0.34906584,0.261799395,-0.00927342381,4,0.740403473,-0.232876152
95904956,26.8917923,-4.78526402,25.3899994,26.4651356,-3.67676473,30.9012623,28.7168713,0.554336369,-0.34906584,0.261799395,-0.0115059149,4,0.726229906,-0.231224567
96004916,26.4142017,-4.7329402,24.8599987,25.9606895,-3.72480512,30.9008865,28.7287407,0.630368352,-0.34906584,0.261799395,-0.00375898043,4,0.710295916,-0.229962632
96104876,25.932518,-4.82444477,24.3400002,25.4563923,-3.77129674,30.9002457,28.7600346,0.706536591,-0.34906584,0.261799395,-0.0064112558,4,0.690506101,-0.227093145
96204836,25.4385471,-4.99968433,23.8099995,24.95224,-3.81628919,30.8992195,28.8059025,0.607079625,-0.34906584,0.261799395,-0.0102656418,4,0.677132249,-0.226530582
96304796,24.9253693,-5.1955328,23.289999,24.4482288,-3.85983086,30.898386,28.8528881,0.48090905,-0.34906584,0.261799395,-0.00833844859,4,0.676253676,-0.226077497
96404756,24.3969326,-5.29473305,22.7600002,23.9443512,-3.90196872,30.8979645,28.8946266,0.291059166,-0.34906584,0.261799395,-0.0042169271,4,0.686538517,-0.227730379
96504716,23.8647175,-5.34959316,18.8599987,23.4406071,-3.94274712,30.7706833,28.9302406,0.190746933,-0.34906584,0.261799395,-1.2733196,4,0.597669899,-0.228234366
96604676,23.3290215,-5.36138105,18.2399998,22.9369888,-3.98221087,30.6431122,28.9660416,0.113723993,-0.34906584,0.261799395,-1.27622879,4,0.507787943,-0.228833482
96704636,22.7956371,-5.31002474,17.6199989,22.4334965,-4.02040148,30.5155392,28.964838,-0.493975937,-0.34906584,0.261799395,-1.27624309,4,0.417125583,-0.239248559
96804596,22.2679863,-5.23514318,17.0100002,21.9301224,-4.0573616,30.3885136,28.8938713,-1.39245963,-0.34906584,0.261799395,-1.27076328,4,0.394880921,-0.254910469
96904556,21.7451744,-5.19929457,16.3999996,21.4268627,-4.09313011,30.262516,28.7628593,-2.28795266,-0.34906584,0.261799395,-1.26048756,4,0.441443443,-0.2702277
97004516,21.2246571,-5.22076702,15.79,20.9237137,-4.12774515,30.1378345,28.5947647,-2.65950346,-0.34906584,0.261799395,-1.24731135,4,0.493896425,-0.276633322
97104476,20.696558,-5.36505795,15.1999998,20.4206715,-4.16124392,30.0142593,28.452858,-2.31545711,-0.34906584,0.261799395,-1.23625433,4,0.526263595,-0.270507634
97204436,20.1454315,-5.65344906,14.6099997,19.9177361,-4.19366217,29.8912964,28.3744411,-1.61504591,-0.34906584,0.261799395,-1.23012125,4,0.529380679,-0.257054687
97304396,19.5608959,-5.99085188,14.0299997,19.4149036,-4.22503471,29.7685661,28.3435974,-0.973066151,-0.34906584,0.261799395,-1.22779095,4,0.513125658,-0.243501678
97404356,18.9446774,-6.25479269,13.4399996,18.9121647,-4.25539637,29.6460037,28.3208294,-0.714522958,-0.34906584,0.261799395,-1.22610724,4,0.495767742,-0.235894054
97504316,18.3113155,-6.3139348,12.8699999,18.409523,-4.28477859,29.5238323,28.2700768,-0.795007825,-0.34906584,0.261799395,-1.22219372,4,0.490882576,-0.235154122
97605109,17.678791,-6.14863682,12.29,17.8993073,-4.3146019,29.4013519,28.179491,-1.02730489,-0.34906584,0.261799395,-1.21517432,4,0.525235713,-0.23594597
97705069,17.0762844,-5.83276939,11.71,17.4680195,-4.3146019,29.2808018,28.0610905,-1.1475035,-0.34906584,0.17453292,-1.20598042,4,0.574548066,-0.211010367
97805029,16.5061035,-5.47504091,0,17.0219517,-4.17044449,29.1612339,27.9354897,-1.17746997,-0.336828202,0.17453292,-1.19615269,4,0.617264748,-0.200339481
98004949,15.4837847,-4.68820715,0,16.1751461,-3.91244888,28.9263439,27.5516872,-2.71062994,-0.314926714,0.17453292,-1.16607726,4,0.756793737,-0.220061913
98104909,15.0331144,-4.30970144,0,15.7723866,-3.79862618,28.8121128,27.2548676,-3.79325485,-0.305264235,0.17453292,-1.14276612,4,0.865789592,-0.239781737
98204869,14.6135788,-4.06098127,0,15.3817863,-3.6923995,28.7007637,26.8889656,-4.79951191,-0.296246529,0.17453292,-1.1139375,4,0.978394568,-0.257738173
98304829,14.2103128,-4.00826979,0,15.0023212,-3.59122038,28.5926285,26.4803009,-5.61717653,-0.28765735,0.17453292,-1.08178163,4,1,-0.269289523
98404789,13.8013191,-4.17980289,0,14.6327114,-3.48752499,28.4868584,26.0544071,-5.86677599,-0.278854609,0.17453292,-1.05811763,4,1,-0.265665263
98504749,13.3629093,-4.53080511,0,14.2726879,-3.37623453,28.3834877,25.6465893,-5.61959553,-0.269407034,0.17453292,-1.03411984,4,1,-0.247320071
98604709,12.8840971,-4.94527149,0,13.9227533,-3.25483203,28.2824192,25.27174,-5.21867228,-0.259101063,0.17453292,-1.01109588,4,1,-0.22120066
98704669,12.3639135,-5.27741003,0,13.5839157,-3.12330222,28.1837234,24.9105988,-4.87926197,-0.247935429,0.17453292,-0.987358272,4,1,-0.193985999
98804629,11.8195515,-5.40054083,0,13.2574472,-2.98419309,28.0876694,24.5424786,-4.69011116,-0.236126333,0.17453292,-0.960919201,4,1,-0.170701787
98904589,11.2776718,-5.24971437,0,12.9451447,-2.84760022,27.9947033,24.1536446,-4.6390214,-0.224530816,0.17453292,-0.930026054,4,1,-0.154559284
99004549,10.7658777,-4.8360548,0,12.6472721,-2.71860218,27.905386,23.7374439,-4.67626619,-0.213580072,0.17453292,-0.893526196,4,1,-0.146399811
99104509,10.3079195,-4.2368927,0,12.3635921,-2.60226345,27.8204155,23.2896023,-4.7427392,-0.203703955,0.17453292,-0.850052357,4,1,-0.145568103
99204469,9.91715527,-3.57162619,0,12.0933571,-2.50361633,27.7403412,22.8301373,-4.78866196,-0.195329726,0.17453292,-0.801059783,4,1,-0.149711937
99304429,9.59337902,-2.96565175,0,11.8347969,-2.42267632,27.6624107,22.3626251,-4.77102375,-0.188458636,0.17453292,-0.779616654,4,1,-0.155826271
99404389,9.3239069,-2.51669121,0,11.5856247,-2.35437989,27.5844784,21.8922482,-4.65601826,-0.182660922,0.17453292,-0.779630184,4,1,-0.160387754
99504349,9.08817768,-2.27387881,0,11.3440571,-2.29367852,27.506546,21.4458199,-4.43404007,-0.177507922,0.17453292,-0.779643059,4,1,-0.160357878
99605142,8.86560726,-2.23237205,0,11.1072121,-2.23804092,27.4279633,21.0116348,-4.12132359,-0.172784805,0.17453292,-0.779652059,4,1,-0.155038938
99705102,8.63428688,-2.34437394,0,10.8775339,-2.17987156,27.3500271,20.6058006,-3.76512003,-0.167846754,0.17453292,-0.779667854,4,1,-0.143738702
99805062,8.38834953,-2.53080916,0,10.6531506,-2.11663842,27.2720909,20.2251434,-3.42564964,-0.162478864,0.17453292,-0.779665232,4,1,-0.128403172
99905022,8.12191296,-2.70893836,0,10.4348288,-2.05087376,27.1941547,19.8532162,-3.15547299,-0.156896025,0.17453292,-0.779678762,4,1,-0.111600153
100104942,7.55737734,-2.77590108,0,10.0171165,-1.90670097,26.9775562,19.136488,-2.90700841,-0.144657046,0.17453292,-0.779701829,6,1,-0.0804605335
100204902,7.28317642,-2.6050055,0,9.81952,-1.8384043,26.7193813,18.7775192,-2.91221809,-0.138859302,0.17453292,-0.779718637,6,1,-0.0681296661
100304862,7.03411245,-2.31429791,0,9.62927055,-1.77517128,26.4562702,18.4247189,-2.96915746,-0.133491397,0.17453292,-0.779715598,6,1,-0.0603478067
100404822,6.82063866,-1.95142484,0,9.44637775,-1.72204983,26.1881275,18.079361,-3.04630351,-0.128981903,0.17453292,-0.779724419,6,1,-0.0568766184
100504782,6.64627504,-1.57488322,0,9.26957417,-1.67652416,25.9148331,17.7361908,-3.11525273,-0.125117168,0.17453292,-0.779747427,6,1,-0.0563003719
100604742,6.50657892,-1.24186277,0,9.09835911,-1.64112544,25.6362152,17.3956547,-3.15082741,-0.122112125,0.17453292,-0.779740691,6,1,-0.0570104271
100704702,6.39701033,-0.995992184,0,8.93145847,-1.61329114,25.3521938,17.0701447,-3.12983179,-0.119749263,0.17453292,-0.779753566,6,1,-0.057111837
100804662,6.30601645,-0.859679461,0,8.76786137,-1.59053612,25.0628529,16.7658634,-3.04272318,-0.117817558,0.17453292,-0.779756606,6,1,-0.0550503507
100904622,6.22165298,-0.830063283,0,8.60679626,-1.57029712,24.768362,16.4818192,-2.89617968,-0.116099447,0.17453292,-0.779765964,6,1,-0.0499951951
101004582,6.13499784,-0.882340074,0,8.44749546,-1.54754174,24.4689102,16.2179394,-2.71269679,-0.114167742,0.17453292,-0.779756606,6,1,-0.0415986739
101104542,6.04097033,-0.97834307,0,8.29046822,-1.52477109,24.1646786,15.9697065,-2.52399755,-0.112234727,0.17453292,-0.779769897,6,1,-0.0311714355
101204502,5.93619537,-1.07499313,0,8.1352005,-1.4969523,23.8557529,15.7285576,-2.36213875,-0.109873168,0.17453292,-0.779768348,6,1,-0.0194079112
101304462,5.82338095,-1.13363731,0,7.98271084,-1.46911824,23.5421333,15.4950151,-2.24697065,-0.107510298,0.17453292,-0.779778481,6,1,-0.00829572696
101404422,5.7070241,-1.12846422,0,7.83274651,-1.43876743,23.2237301,15.2568874,-2.1858449,-0.104933806,0.17453292,-0.779781461,6,1,0.00127964199
101504382,5.59487438,-1.05054247,0,7.68607521,-1.41094875,22.9003639,15.0222034,-2.17671275,-0.10257224,0.17453292,-0.779790103,6,1,0.00783008337
101604342,5.49313927,-0.909503758,0,7.54244375,-1.3856616,22.6367416,14.776722,-2.20441937,-0.100425608,0.17453292,-1.94948208,6,1,0.0109267235
101705135,5.4084177,-0.729210496,0,7.4004631,-1.36289096,22.4402485,14.5380774,-2.25247645,-0.0984925851,0.17453292,-1.94947958,6,1,0.0107654342
101805095,5.34321213,-0.541410208,0,7.2626729,-1.34771574,22.2453785,14.3008261,-2.29966879,-0.097204335,0.17453292,-1.94948268,6,1,0.00823337305
101905055,5.2991538,-0.382071555,0,7.12665892,-1.33507228,22.0505085,14.0726357,-2.32351375,-0.0961310267,0.17453292,-1.94948709,6,1,0.00482615596
102005015,5.26945543,-0.27768895,0,6.99242687,-1.32747674,21.8556385,13.8506002,-2.30577612,-0.095486261,0.17453292,-1.94948626,6,1,0.00166025909
102204935,5.22722006,-0.274789691,0,6.72650528,-1.31736517,21.4658947,13.4160089,-2.11998701,-0.0946278572,0.17453292,-1.94951034,6,1,0.000627231435
102304895,5.19730186,-0.362566829,0,6.59404421,-1.30978525,21.2710209,13.2066936,-1.96841908,-0.0939843953,0.17453292,-1.94951653,6,1,0.00422174716
102404855,5.15539646,-0.481123835,0,6.46208,-1.29965806,21.0761471,13.0107756,-1.80544472,-0.0931246802,0.17453292,-1.94952011,6,1,0.00837891176
102504815,5.09854937,-0.60239619,0,6.33061028,-1.28448272,20.8812714,12.8323126,-1.65430069,-0.0918364525,0.17453292,-1.94952929,6,1,0.0117314849
102604775,5.03015614,-0.699279964,0,6.20065737,-1.26930749,20.6863976,12.6545324,-1.53498173,-0.0905482024,0.17453292,-1.94951057,6,1,0.0151683073
102704735,4.95491505,-0.753331006,0,6.07170248,-1.2490685,20.4915237,12.4801626,-1.45712662,-0.0888300985,0.17453292,-1.94951832,6,1,0.0182562992
102804695,4.87741041,-0.758425057,0,5.94477224,-1.22884512,20.296648,12.3185863,-1.41857016,-0.0871133134,0.17453292,-1.94952965,6,1,0.0196026564
102904655,4.80155039,-0.720504105,0,5.82012177,-1.21113825,20.1017704,12.1543293,-1.4140017,-0.0856101364,0.17453292,-1.94955337,6,1,0.0187879875
103004615,4.72988462,-0.654577434,0,5.69698143,-1.19089925,19.9068928,11.996686,-1.42787147,-0.0838920623,0.17453292,-1.94956148,6,1,0.0167519059
103104575,4.66443539,-0.581001401,0,5.57638264,-1.17572403,19.7120132,11.8240967,-1.44619238,-0.0826038197,0.17453292,-1.94957435,6,1,0.01322533
103204535,4.60557318,-0.520103574,0,5.45730209,-1.16054869,19.5171356,11.6603794,-1.45322073,-0.0813155621,0.17453292,-1.94955039,6,1,0.00955138728
103304495,4.55331945,-0.488192379,0,5.33999729,-1.14790523,19.322258,11.500062,-1.4357388,-0.0802422464,0.17453292,-1.94955218,6,1,0.00616920134
103404455,4.50350523,-0.494317114,0,5.22395611,-1.13526165,19.1273766,11.3404217,-1.38560712,-0.0791689306,0.17453292,-1.94958699,6,1,0.00424117176
103504415,4.44916964,-0.539080501,0,5.1089201,-1.12008643,18.9324951,11.1831532,-1.30296075,-0.0778806731,0.17453292,-1.94958556,6,1,0.00480733905
103604375,4.38882256,-0.613891602,0,4.99539995,-1.10491085,18.7376156,11.0244436,-1.19786656,-0.0765924454,0.17453292,-1.94956696,6,1,0.00743679982
103704335,4.32075691,-0.70412004,0,4.88339567,-1.08972037,18.5427341,10.8840599,-1.0833801,-0.075302884,0.17453292,-1.94960248,6,1,0.0115882875
103805128,4.24239922,-0.791656077,0,4.77150297,-1.06949699,18.3462276,10.758563,-0.977459073,-0.0735861063,0.17453292,-1.94959962,6,1,0.0173939243
103905088,4.15482569,-0.858626127,0,4.66226149,-1.04672611,18.1513443,10.6493292,-0.895436466,-0.071653083,0.17453292,-1.94961774,6,1,0.0237023272
104005048,4.06289053,-0.890192747,0,4.55529785,-1.02397096,17.9564629,10.5542936,-0.846485615,-0.0697213635,0.17453292,-1.94959962,6,1,0.0289337989
104105008,3.97191238,-0.879815757,0,4.45060682,-1.00120032,17.7615814,10.4558744,-0.835137546,-0.0677883402,0.17453292,-1.94960272,6,1,0.0323893502
104304928,3.80638027,-0.749750793,0,4.2483139,-0.958206296,17.3718109,10.255455,-0.902860999,-0.0641385391,0.17453292,-1.94963992,6,1,0.0326549709
104404888,3.73517013,-0.657884777,0,4.15071583,-0.940499067,17.1769238,10.1576843,-0.960733891,-0.0626353845,0.17453292,-1.94965577,6,1,0.0298429318
104504848,3.67264962,-0.573213518,0,4.05514765,-0.925323844,16.9820366,10.0435705,-1.01403618,-0.0613471381,0.17453292,-1.94964981,6,1,0.0262808185
104604808,3.6177032,-0.513974309,0,3.96109653,-0.910148561,16.7871494,9.92072392,-1.04402781,-0.0600588843,0.17453292,-1.94966042,6,1,0.023332553
104704768,3.56635952,-0.492695332,0,3.86882162,-0.897504985,16.5922623,9.80598545,-1.04066396,-0.058985576,0.17453292,-1.94964767,6,1,0.0215031318
104804728,3.5158174,-0.513040125,0,3.77780938,-0.884845972,16.3973732,9.6981287,-0.997714698,-0.0579109341,0.17453292,-1.94967735,6,1,0.0217926949
104904688,3.45956779,-0.570586443,0,3.68780446,-0.869670749,16.2024841,9.58856297,-0.918346584,-0.0566226877,0.17453292,-1.94967115,6,1,0.025183782
105004648,3.39653397,-0.651929438,0,3.59931636,-0.854495466,16.0075951,9.49570942,-0.816345096,-0.0553344563,0.17453292,-1.94966531,6,1,0.030667549
105104608,3.32544708,-0.73934859,0,3.51208544,-0.836788476,15.812706,9.41411209,-0.711387217,-0.053831283,0.17453292,-1.94967294,6,1,0.0379722789
105204568,3.24621296,-0.813248932,0,3.42636681,-0.816565096,15.6178141,9.32858372,-0.623939157,-0.0521144941,0.17453292,-1.94970369,6,1,0.0462434366
105304528,3.15912032,-0.856304109,0,3.34240818,-0.793794155,15.4229202,9.25209332,-0.568031192,-0.0501814783,0.17453292,-1.94971371,6,1,0.054349672
105404488,3.06849933,-0.856864572,0,3.26072764,-0.771039009,15.2280264,9.18173599,-0.553778291,-0.0482497625,0.17453292,-1.94972289,6,1,0.0607520416
105504448,2.98017621,-0.811594725,0,3.18157983,-0.750800133,15.0331345,9.12604141,-0.582563758,-0.0465316661,0.17453292,-1.94970083,6,1,0.064023234
105604408,2.90081692,-0.726973832,0,3.10445476,-0.730561197,14.8382416,9.07960224,-0.647338986,-0.0448135696,0.17453292,-1.94970727,6,1,0.0642555356
105704368,2.83328938,-0.618820369,0,3.02961254,-0.712854266,14.6433477,9.03816986,-0.737200916,-0.0433104187,0.17453292,-1.94971693,6,1,0.061539501
105804328,2.77780437,-0.509175062,0,2.95679975,-0.697678983,14.448452,8.96524525,-0.83281672,-0.0420221649,0.17453292,-1.94973254,6,1,0.0574483946
105905121,2.73253751,-0.421223164,0,2.88545036,-0.687567174,14.2519331,8.87753105,-0.913585782,-0.0411637612,0.17453292,-1.9497267,6,1,0.0526701435
106005081,2.69480252,-0.372994125,0,2.81568432,-0.677455544,14.0570374,8.77271175,-0.957263768,-0.0403053798,0.17453292,-1.94973338,6,1,0.0495659299
106105041,2.65967607,-0.375394553,0,2.7469275,-0.667328238,13.8621387,8.68166161,-0.94723022,-0.0394456834,0.17453292,-1.9497633,6,1,0.0489889905
106205001,2.61995101,-0.427381933,0,2.67918491,-0.657216668,13.6672411,8.6028347,-0.880591214,-0.0385872796,0.17453292,-1.94975805,6,1,0.0517867133
106404921,2.51466465,-0.627856016,0,2.54621243,-0.631914318,13.2774467,8.45294476,-0.633637428,-0.0364393368,0.17453292,-1.94975495,6,1,0.0677344352
106504881,2.44575882,-0.734019697,0,2.4812324,-0.614222586,13.0825491,8.4001894,-0.504408717,-0.0349374749,0.17453292,-1.94975495,6,1,0.0791863352
106604841,2.36805391,-0.814021647,0,2.41775966,-0.59398365,12.8876505,8.37043381,-0.404890716,-0.0332193747,0.17453292,-1.94976866,6,1,0.0906417668
106704801,2.28373432,-0.855820239,0,2.35630989,-0.573744774,12.6927509,8.33676243,-0.345459312,-0.0315012746,0.17453292,-1.94977236,6,1,0.100998141
106804761,2.19722581,-0.858669043,0,2.29662561,-0.550989628,12.4978495,8.27447605,-0.327135414,-0.0295695662,0.17453292,-1.94979775,6,1,0.110652827
106904721,2.11147428,-0.829776824,0,2.23947382,-0.530750692,12.302949,8.20399475,-0.344131142,-0.0278514698,0.17453292,-1.94978273,6,1,0.118352465
107004681,2.03102207,-0.779171586,0,2.18434501,-0.510511756,12.1080475,8.1462059,-0.386885703,-0.026133392,0.17453292,-1.94979548,6,1,0.124203809
107104641,1.95681083,-0.717247367,0,2.13123918,-0.49027285,11.9131451,8.09079266,-0.445892513,-0.0244152956,0.17453292,-1.94980502,6,1,0.128873885
107204601,1.88890922,-0.652560771,0,2.08041763,-0.472581387,11.7182407,8.01699162,-0.510755718,-0.0229134317,0.17453292,-1.9498266,6,1,0.132798612
107304561,1.82617927,-0.591608644,0,2.03162098,-0.457390636,11.5233355,7.92365837,-0.575573564,-0.0216238685,0.17453292,-1.94983625,6,1,0.136511758
107404521,1.76795053,-0.538604677,0,1.98434424,-0.442215383,11.3284283,7.83149242,-0.632295251,-0.0203356408,0.17453292,-1.94985139,6,1,0.140372276
107504481,1.713745,-0.496192366,0,1.93884408,-0.429571837,11.1335239,7.74791145,-0.679138541,-0.0192623138,0.17453292,-1.9498229,6,1,0.143927351
107604441,1.66461468,-0.465407282,0,1.89460778,-0.416928291,10.9386168,7.6668148,-0.713393092,-0.0181889869,0.17453292,-1.94985628,6,1,0.147814751
107704401,1.61722529,-0.447322726,0,1.85163534,-0.404284745,10.7437105,7.61673212,-0.731860757,-0.0171156786,0.17453292,-1.94983852,6,1,0.151740417
107804361,1.5719744,-0.441882938,0,1.81018472,-0.394157648,10.5488033,7.55491543,-0.7356534,-0.0162559636,0.17453292,-1.94985569,6,1,0.156279132
107904321,1.5266155,-0.448958635,0,1.76948857,-0.381514132,10.3538971,7.47973919,-0.724981666,-0.0151826572,0.17453292,-1.9498446,6,1,0.162830874
108005114,1.48074293,-0.46821937,0,1.73000634,-0.371402264,10.2882776,7.42449713,-0.698874831,-0.0143242525,0.17453292,-0.651032031,6,1,0.169497401
108105074,1.43350542,-0.498734504,0,1.69158471,-0.358758748,10.2881765,7.37180424,-0.657775104,-0.0132509479,0.17453292,-0.00101129932,6,1,0.167243883
108205034,1.38276505,-0.539979756,0,1.65442681,-0.34611544,10.2879648,7.31948519,-0.601775706,-0.0121776192,0.17453292,-0.00211800425,6,1,0.166602522
108404954,1.26234663,-0.652186096,0,1.58363664,-0.315749407,10.2877932,7.23448467,-0.451283365,-0.00959982909,0.17453292,-0.00119256997,6,1,0.171507061
108504914,1.19177413,-0.721230984,0,1.55026042,-0.298057735,10.287817,7.18169737,-0.359078467,-0.00809796527,0.17453292,0.000238513981,6,1,0.17453292
108604874,1.11483204,-0.797105789,0,1.51839161,-0.277818799,10.2876644,7.15867329,-0.257234961,-0.00637986651,0.17453292,-0.0015264895,6,1,0.17453292
108704834,1.02940214,-0.879058957,0,1.48828638,-0.255048156,10.2876625,7.15329599,-0.149056152,-0.00444684643,0.17453292,-1.90811188e-05,6,1,0.17453292
108804794,0.936589837,-0.965506852,0,1.46227419,-0.25,10.2875443,7.13225365,-0.0338001847,-0.0025151351,0.17453292,-0.00118302938,6,1,0.17453292
108904754,0.835080683,-1.05550063,0,1.43728423,-0.25,10.2875013,7.12568712,0.0829597861,-0.000367191649,0.17453292,-0.000429325184,6,1,0.17453292
109004714,0.725136638,-1.14764833,0,1.41229427,-0.25,10.2874241,7.1356535,0.200413197,0.00199436652,0.17453292,-0.000772785337,6,1,0.17453292
109104674,0.606284618,-1.24057162,0,1.38730431,-0.25,10.2873068,7.12921238,0.316901535,0.00457084598,0.17453292,-0.0011734888,6,1,0.17453292
109204634,0.477489263,-1.33302832,0,1.36231434,-0.25,10.2871132,7.1568675,0.428193957,0.00736227259,0.17453292,-0.00193673361,6,1,0.17453292
109304594,0.337601095,-1.42351913,0,1.33732438,-0.25,10.2870255,7.19418478,0.533155382,0.0103685986,0.17453292,-0.00087773148,6,1,0.17453292
109404554,0.187494755,-1.51038551,0,1.31233442,-0.25,10.286952,7.2087636,0.629349828,0.0135885598,0.17453292,-0.000734623056,6,1,0.17453292
109504514,0.0854312107,-0.36124295,0,1.28734446,-0.25,10.2869225,7.05016136,-3.15000892,0.0157365054,0.17453292,-0.000295757345,6,1,0.172300518
109604474,0.0889211744,0.337931633,0,1.26235449,-0.25,10.2868824,6.76446056,-3.04426432,0.0157365054,0.17453292,-0.000400703488,6,1,0.124734685
109704434,0.125022531,0.380968064,0,1.23736453,-0.25,10.2867022,6.55238676,-2.6833415,0.0148768108,0.17453292,-0.00180316577,6,1,0.118152857
109804394,0.147637963,0.157490522,0,1.21237457,-0.25,10.2867174,6.35109091,-2.5305264,0.0144482534,0.17453292,0.00015264895,6,1,0.134459212
109904354,0.147171602,-0.0347204208,0,1.18738461,-0.25,10.2867737,6.19192648,-2.41535497,0.0144482534,0.17453292,0.000562892994,6,1,0.151942462
110004314,0.134690642,-0.104355961,0,1.16239464,-0.25,10.286849,6.05805874,-2.30653501,0.0146618886,0.17453292,0.000753704226,6,1,0.161321387
110105107,0.123522922,-0.088412188,0,1.13719642,-0.25,10.2868376,5.94080734,-2.20306635,0.0148768108,0.17453292,-0.000113540547,6,1,0.163149431
110205067,0.116716951,-0.0513374247,0,1.11220646,-0.25,10.2867765,5.81945658,-2.10451508,0.0150917349,0.17453292,-0.000610595802,6,1,0.162563771
110305027,0.114462771,-0.028141303,0,1.0872165,-0.25,10.28687,5.69660139,-2.00958967,0.0150917349,0.17453292,0.000934974814,6,1,0.162432849
110504947,0.117237978,-0.028380068,0,1.03723657,-0.25,10.2868557,5.37806177,-1.83538496,0.0150917349,0.17453292,-0.000457946851,6,1,0.167426303
110604907,0.118332438,-0.033773683,0,1.01224661,-0.25,10.286725,5.20092058,-1.75562787,0.0150917349,0.17453292,-0.00130705663,6,1,0.171216175
110704867,0.117926367,-0.0362295993,0,0.987256587,-0.25,10.2868662,5.04013443,-1.68011606,0.0150917349,0.17453292,0.00141200284,6,1,0.167803228
110804827,0.118128531,-0.0360715874,0,0.962266564,-0.25,10.2868557,4.86582088,-1.6093204,0.0150917349,0.17453292,-0.000104946157,6,1,0.171198115
110904787,0.119118713,-0.0348823778,0,0.937276542,-0.25,10.2868586,4.65492868,-1.54286349,0.0150917349,0.17453292,2.86216782e-05,6,1,0.168946013
111004747,0.120012559,-0.0340242982,0,0.91228652,-0.25,10.2867413,4.43974161,-1.47884727,0.0148768108,0.17453292,-0.0011734888,6,1,0.173882306
111104707,0.119704351,-0.0338429436,0,0.887296498,-0.25,10.2868156,4.19546843,-1.41784263,0.0150917349,0.17453292,0.000744163641,6,1,0.173493639
111204667,0.119712099,-0.0339586288,0,0.862306476,-0.25,10.2869072,3.95154262,-1.36109948,0.0150917349,0.17453292,0.000915893703,6,1,0.173326537
111304627,0.120680057,-0.0339864679,0,0.837316453,-0.25,10.2867355,3.78150082,-1.30614817,0.0148768108,0.17453292,-0.00171730074,6,1,0.169858351
111404587,0.119941458,-0.034276858,0,0.812326431,-0.25,10.286788,3.63355708,-1.25401843,0.0150917349,0.17453292,0.000524730771,6,1,0.172885299
111504547,0.119462907,-0.0343371183,0,0.787336409,-0.25,10.2869024,3.49521852,-1.2053076,0.0150917349,0.17453292,0.00114486716,6,1,0.168120176
111604507,0.120174311,-0.0342564285,0,0.762346387,-0.25,10.2868233,3.35595369,-1.15758634,0.0148768108,0.17453292,-0.000791866449,6,1,0.170282274
111704467,0.121106438,-0.03407095,0,0.737356365,-0.25,10.286891,3.244627,-1.11291516,0.0148768108,0.17453292,0.000677379721,6,1,0.171776205
111804427,0.12252064,-0.0338528641,0,0.712366343,-0.25,10.2867832,3.12309742,-1.06967759,0.0148768108,0.17453292,-0.00107808318,6,1,0.174394354
111904387,0.122993536,-0.0337244645,0,0.68737632,-0.25,10.286788,3.00361538,-1.02886415,0.0148768108,0.17453292,4.7702797e-05,6,1,0.167656809
112004347,0.122800231,-0.0337428562,0,0.662386298,-0.25,10.2868357,3,-0.989201546,0.0148768108,0.17453292,0.000477027963,6,1,0.162197873
112105140,0.123279877,-0.0336413234,0,0.637188077,-0.25,10.2868748,3,-0.951626599,0.0148768108,0.17453292,0.000387930195,6,1,0.156170651
112205100,0.123899676,-0.0335888043,0,0.612198055,-0.25,10.2867336,3,-0.915017128,0.0148768108,0.17453292,-0.00141200284,6,1,0.150036722
112305060,0.123524144,-0.0335304961,0,0.587208033,-0.25,10.2868557,3,-0.881411552,0.0148768108,0.17453292,0.0012211916,6,1,0.144027054
112405020,0.123564072,-0.0335111842,0,0.56221801,-0.25,10.2868414,3,-0.84823209,0.0148768108,0.17453292,-0.000143108395,6,1,0.137794718
112604940,0.124589138,-0.0331570096,0,0.512237966,-0.25,10.2867069,3,-0.786078274,0.0148768108,0.17453292,-0.00137384061,6,1,0.124650888
112704900,0.123663038,-0.0331546478,0,0.487247974,-0.25,10.28685,3,-0.757378876,0.0148768108,0.17453292,0.00143108389,6,1,0.118284144
112804860,0.123523273,-0.0330528058,0,0.462257981,-0.25,10.2868977,3,-0.728989065,0.0148768108,0.17453292,0.000477027963,6,1,0.111579016
112904820,0.125023276,-0.032725703,0,0.437267989,-0.25,10.2868423,3,-0.701906204,0.0148768108,0.17453292,-0.000553352467,6,1,0.104290716
113004780,0.125997439,-0.0325742252,0,0.412277997,-0.25,10.2867689,3,-0.677017272,0.0148768108,0.17453292,-0.000734623056,6,1,0.0970318913
113104740,0.126006499,-0.0325078703,0,0.387288004,-0.25,10.2867842,3,-0.652039409,0.0148768108,0.17453292,0.00015264895,6,1,0.0899029002
113204700,0.12574175,-0.0325130261,0,0.362298012,-0.25,10.2868786,3,-0.628855407,0.0148768108,0.17453292,0.000944515399,6,1,0.0827307701
113304660,0.126511365,-0.0323606208,0,0.337308019,-0.25,10.2867956,3,-0.60566926,0.0148768108,0.17453292,-0.000830028672,6,1,0.0751435012
113404620,0.126935095,-0.0322638601,0,0.312318027,-0.25,10.2868814,3,-0.584650636,0.0148768108,0.17453292,0.000858650368,6,1,0.067524001
113504580,0.128030956,-0.0320608504,0,0.287328035,-0.25,10.2867451,3,-0.563537657,0.0148768108,0.17453292,-0.00136430003,6,1,0.0595863387
113604540,0.127228379,-0.0322025046,0,0.262338042,-0.25,10.2867098,3,-0.54362464,0.0148768108,0.17453292,-0.000353000709,6,1,0.0520612672
113704500,0.125127092,-0.0325684287,0,0.23734805,-0.25,10.2867527,3,-0.524054348,0.0148768108,0.17453292,0.000429325184,6,1,0.0447875112
113804460,0.122813463,-0.0329160728,0,0.212358057,-0.25,10.286828,3,-0.505733132,0.0148768108,0.17453292,0.000753704226,6,1,0.0374539569
113904420,0.121548854,-0.0330548696,0,0.187368065,-0.25,10.2867918,3,-0.488064289,0.0148768108,0.17453292,-0.000362541265,6,1,0.0297061093
114004380,0.120182104,-0.0332052857,0,0.162378073,-0.25,10.2867775,3,-0.470572084,0.0148768108,0.17453292,-0.000143108395,6,1,0.0218691919
114104340,0.119317889,-0.0332914181,0,0.13738808,-0.25,10.2868862,3,-0.454120219,0.0150917349,0.17453292,0.00108762376,6,1,0.0150917349
114205133,0.119855523,-0.0332117602,0,0.112189829,-0.25,10.2868385,3,-0.43723011,0.0150917349,0.17453292,-0.000473085616,6,1,0.0150917349
114305093,0.120804332,-0.0329557955,0,0.0871998295,-0.25,10.2867661,3,-0.422976583,0.0148768108,0.17453292,-0.000725082529,6,1,0.0148768108
114405053,0.120907277,-0.0328877456,0,0.0622098297,-0.25,10.2868719,3,-0.406942934,0.0148768108,0.17453292,0.00105900213,6,1,0.0148768108
114505013,0.121982247,-0.0325854681,0,0.0372198299,-0.25,10.2867413,3,-0.39347744,0.0148768108,0.17453292,-0.00130705663,6,1,0.0148768108
114704933,0.121670343,-0.0326039083,0,-0.0127601698,-0.25,10.2867212,3,-0.366014391,0.0148768108,0.17453292,-0.00107808318,6,1,0.0148768108
114804893,0.120193832,-0.0328537561,0,-0.0377501696,-0.25,10.2867889,3,-0.353453308,0.0148768108,0.17453292,0.000677379721,6,1,0.0148768108
114904853,0.118892707,-0.0330300704,0,-0.0627401695,-0.25,10.2867155,3,-0.341111392,0.0150917349,0.17453292,-0.000734623056,6,1,0.0150917349
115004813,0.116512559,-0.0334064476,0,-0.0877301693,-0.25,10.2868166,3,-0.328613937,0.0150917349,0.17453292,0.00101129932,6,1,0.0150917349
115104773,0.115470007,-0.0335114598,0,-0.112720169,-0.25,10.2868567,3,-0.318230689,0.0150917349,0.17453292,0.000400703488,6,1,0.0150917349
115204733,0.115232013,-0.0335364155,0,-0.137710169,-0.25,10.286746,3,-0.306307912,0.0150917349,0.17453292,-0.00110670493,6,1,0.0150917349
115304693,0.11414919,-0.0336252712,0,-0.162700176,-0.25,10.2867365,3,-0.295988142,0.0150917349,0.17453292,-9.5405594e-05,6,1,0.0150917349
115404653,0.112118095,-0.0339234993,0,-0.187690169,-0.25,10.286746,3,-0.285746396,0.0150917349,0.17453292,9.5405594e-05,6,1,0.0150917349
115504613,0.109714471,-0.0342254713,0,-0.212680161,-0.25,10.2867031,3,-0.275507718,0.015306659,0.17453292,-0.000429325184,6,1,0.015306659
115604573,0.106576145,-0.0346954577,0,-0.237670153,-0.25,10.2867842,3,-0.265563488,0.015306659,0.17453292,0.00081094756,6,1,0.015306659
115704533,0.104091279,-0.0350028537,0,-0.262660146,-0.25,10.2867174,3,-0.256584316,0.015306659,0.17453292,-0.000667839136,6,1,0.015306659
115804493,0.100883864,-0.035469614,0,-0.287650138,-0.25,10.2867231,3,-0.247549266,0.015306659,0.17453292,5.72433564e-05,6,1,0.015306659
115904453,0.0975496471,-0.0359044634,0,-0.312640131,-0.25,10.2867231,3,-0.238813549,0.0155215813,0.17453292,0,6,1,0.0155215813
116004413,0.094353579,-0.0363458395,0,-0.337630123,-0.25,10.2868357,3,-0.230591148,0.0155215813,0.17453292,0.00112578599,6,1,0.0155215813
116104373,0.092729874,-0.0364251696,0,-0.362620115,-0.25,10.2867336,3,-0.222626001,0.0155215813,0.17453292,-0.0010208399,6,1,0.0155215813
116204333,0.0908037126,-0.0365822539,0,-0.387610108,-0.25,10.286808,3,-0.214345068,0.0155215813,0.17453292,0.000744163641,6,1,0.0155215813
116305126,0.0899441466,-0.0365544856,0,-0.412808359,-0.25,10.2868004,3,-0.207869917,0.0157365054,0.17453292,-7.56936934e-05,6,1,0.0157365054
116405086,0.0894734785,-0.0365566164,0,-0.437798351,-0.25,10.286809,3,-0.199894831,0.0157365054,0.17453292,8.58650383e-05,6,1,0.0157365054
116505046,0.0896832496,-0.0363650955,0,-0.462788343,-0.25,10.286747,3,-0.193801284,0.0157365054,0.17453292,-0.000620136387,6,1,0.0157365054
116605006,0.0886049494,-0.0364768244,0,-0.487778336,-0.25,10.2866945,3,-0.186338142,0.0157365054,0.17453292,-0.000524730771,6,1,0.0157365054
116804926,0.085820511,-0.0366775431,0,-0.53775835,-0.25,10.2866859,3,-0.173120961,0.0157365054,0.17453292,-0.00137384061,6,1,0.0157365054
116904886,0.0841804668,-0.0368140414,0,-0.562748373,-0.25,10.2868366,3,-0.167590708,0.0157365054,0.17453292,0.00150740845,6,1,0.0157365054
117004846,0.0837100446,-0.0368275158,0,-0.587738395,-0.25,10.286829,3,-0.161491826,0.0157365054,0.17453292,-7.63244752e-05,6,1,0.0157365054
117104806,0.0842432752,-0.0365092494,0,-0.612728417,-0.25,10.2867384,3,-0.156038672,0.0157365054,0.17453292,-0.000906353176,6,1,0.0157365054
117204766,0.0833479986,-0.0365801081,0,-0.637718439,-0.25,10.2866821,3,-0.149966091,0.0157365054,0.17453292,-0.000562892994,6,1,0.0157365054
117304726,0.0819225758,-0.0367410704,0,-0.662708461,-0.25,10.2868748,3,-0.144675732,0.0157365054,0.17453292,0.00192719302,6,1,0.0157365054
117404686,0.0824634433,-0.0365267582,0,-0.687698483,-0.25,10.2868567,3,-0.139281869,0.0157365054,0.17453292,-0.000181270632,6,1,0.0157365054
117504646,0.0837622359,-0.0362004749,0,-0.712688506,-0.25,10.2866869,3,-0.13511005,0.0157365054,0.17453292,-0.00169821957,6,1,0.0157365054
117604606,0.0832270458,-0.036221154,0,-0.737678528,-0.25,10.286767,3,-0.129923552,0.0157365054,0.17453292,0.000801406975,6,1,0.0157365054
117704566,0.0829665288,-0.0361386165,0,-0.76266855,-0.25,10.2868013,3,-0.125660762,0.0157365054,0.17453292,0.000343460153,6,1,0.0157365054
117804526,0.0831362158,-0.0359696709,0,-0.787658572,-0.25,10.2868128,3,-0.120610282,0.0157365054,0.17453292,0.000114486713,6,1,0.0157365054
117904486,0.0836328566,-0.0357312076,0,-0.812648594,-0.25,10.2867317,3,-0.116702512,0.0157365054,0.17453292,-0.00081094756,6,1,0.0157365054
118004446,0.0829287693,-0.0357699171,0,-0.837638617,-0.25,10.2867136,3,-0.111748539,0.0157365054,0.17453292,-0.000181270632,6,1,0.0157365054
118104406,0.0820150003,-0.0357547402,0,-0.862628639,-0.25,10.2868567,3,-0.108217873,0.0157365054,0.17453292,0.00143108389,6,1,0.0157365054
118204366,0.0821430832,-0.0356310047,0,-0.887618661,-0.25,10.2867193,3,-0.103946768,0.0157365054,0.17453292,-0.00137384061,6,1,0.0157365054
118304326,0.0813006908,-0.0356189683,0,-0.912608683,-0.25,10.2867193,3,-0.100535296,0.0157365054,0.17453292,0,6,1,0.0157365054
118405119,0.0797254667,-0.0357535332,0,-0.937806904,-0.25,10.2867613,3,-0.0973620266,0.0159514286,0.17453292,0.000416315335,6,1,0.0159514286
118505079,0.0790662244,-0.0356941111,0,-0.962796926,-0.25,10.2868567,3,-0.0934572369,0.0159514286,0.17453292,0.000954055926,6,1,0.0159514286
118605039,0.0795521587,-0.0354622677,0,-0.987786949,-0.25,10.2867861,3,-0.0898625031,0.0159514286,0.17453292,-0.000706001418,6,1,0.0159514286
118804959,0.0792762265,-0.035267476,0,-1.03776693,-0.25,10.2868719,3,-0.0832639411,0.0159514286,0.17453292,0.00180316577,6,1,0.0159514286
118904919,0.0808126852,-0.0348024815,0,-1.0627569,-0.25,10.2868528,3,-0.0794124007,0.0157365054,0.17453292,-0.000190811188,6,1,0.0157365054
119004879,0.0824806094,-0.0344409943,0,-1.08774686,-0.25,10.286725,3,-0.0767594874,0.0157365054,0.17453292,-0.001278435,6,1,0.0157365054
119104839,0.0836099014,-0.0341102518,0,-1.11273682,-0.25,10.2868662,3,-0.0743362159,0.0157365054,0.17453292,0.00141200284,6,1,0.0157365054
119204799,0.0858126208,-0.0336261764,0,-1.13772678,-0.25,10.286871,3,-0.0711785257,0.0157365054,0.17453292,4.7702797e-05,6,1,0.0157365054
119304759,0.0885491297,-0.0331202783,0,-1.16271675,-0.25,10.2867193,3,-0.0686261654,0.0157365054,0.17453292,-0.00151694892,6,1,0.0157365054
119404719,0.0898996517,-0.0328642912,0,-1.18770671,-0.25,10.28687,3,-0.0665238053,0.0157365054,0.17453292,0.00150740845,6,1,0.0157365054
119504679,0.0926762596,-0.0323050693,0,-1.21269667,-0.25,10.2868652,3,-0.063487865,0.0155215813,0.17453292,-4.7702797e-05,6,1,0.0155215813
119604639,0.0953712538,-0.0318281166,0,-1.23768663,-0.25,10.2866974,3,-0.0613499805,0.0155215813,0.17453292,-0.00167913851,6,1,0.0155215813
119704599,0.0962165967,-0.0316088833,0,-1.2626766,-0.25,10.2867756,3,-0.059368372,0.0155215813,0.17453292,0.000782325864,6,1,0.0155215813
119804559,0.0967736989,-0.0314919278,0,-1.28766656,-0.25,10.286809,3,-0.0566732995,0.0155215813,0.17453292,0.000333919568,6,1,0.0155215813
135205063,15.6591568,3.34837127,15.3399992,15.6584949,-0.0333334617,27.1837635,27.1837635,2.13607073,0.261624843,0.261799395,0,128,0.485947549,0.0619687624
135305023,16.0364666,3.80696487,15.3399992,15.6392822,-0.198609665,27.2731628,27.4125977,1.95393717,-0.34906584,0.261799395,0.894356132,0,0.585234165,0.0874942541
135504943,16.8739643,4.33431482,15.3399992,15.6202927,-0.0965442657,27.4501629,27.7591705,0.0675767064,-0.34906584,0.261799395,0.883190095,0,0.699809253,0.0876179338
135604903,17.3351078,4.74862051,15.3399992,15.6112547,-0.0934311524,27.5383339,27.7948418,-1.30239832,-0.34906584,0.261799395,0.882056653,0,0.67914474,0.0624434799
135704863,17.8431416,5.17655659,15.3399992,15.6025076,-0.0904184952,27.6266022,27.7642498,-2.07624078,-0.34906584,0.261799395,0.883028507,0,0.663382828,0.0372412875
135804823,18.3824234,5.38828516,15.3399992,15.5940428,-0.0875027999,27.7150173,27.7178307,-2.36049199,-0.34906584,0.261799395,0.884507358,0,0.645442367,0.0119968876
135904783,18.9244423,5.24152231,15.3399992,15.5858507,-0.0846811906,27.8035507,27.6807079,-2.36706495,-0.34906584,0.261799395,0.88569355,0,0.623985291,-0.0132813677
136004743,19.4334621,4.74621439,15.3399992,15.5779228,-0.0819505081,27.8921757,27.6525536,-2.08479381,-0.34906584,0.261799395,0.886595309,0,0.600337327,-0.0385853611
136104703,19.8743839,3.96343708,15.3399992,15.5702505,-0.0793078765,27.9808731,27.6295204,-1.7671684,-0.34906584,0.261799395,0.887334406,0,0.578170478,-0.0639104471
136204663,20.2262268,2.99056292,15.3399992,15.5628262,-0.0767504349,28.0696278,27.6120548,-1.39384389,-0.34906584,0.261799395,0.887895703,0,0.559335411,-0.0710243881
136304623,20.469593,1.91784048,15.3399992,15.5556412,-0.0742756501,28.158493,27.5775642,-1.1355325,-0.34906584,0.261799395,0.889006138,0,0.548548639,-0.0641846508
136404583,20.605835,0.931557596,15.3399992,15.5486879,-0.071880661,28.2475624,27.5142269,-0.977182508,-0.34906584,0.261799395,0.891052663,0,0.547497332,-0.0601188168
136504543,20.6521931,0.163547173,15.3399992,15.5419588,-0.069562912,28.3369446,27.4181232,-0.934482098,-0.34906584,0.261799395,0.894175887,0,0.555886805,-0.0616004802
136604503,20.6385269,-0.292659909,15.3399992,15.5354462,-0.06731987,28.4267426,27.2909355,-0.958325744,-0.34906584,0.261799395,0.898343146,0,0.571460128,-0.0689810291
136704463,20.5992851,-0.422954589,15.3399992,15.5291433,-0.0651489869,28.5170536,27.1357327,-1.05963659,-0.34906584,0.261799395,0.903481185,0,0.591651201,-0.083679758
136804423,20.5591888,-0.326397628,15.3399992,15.5230446,-0.0630480424,28.6079102,26.9731712,-0.967357814,-0.34906584,0.261799395,0.908926308,0,0.611163676,-0.0957906172
136904383,20.5363388,-0.143887341,15.3399992,15.5171423,-0.0610151291,28.6993046,26.8145924,-0.814428508,-0.34906584,0.261799395,0.914301574,0,0.62772733,-0.107678764
137004343,20.5294838,-0.0605032779,15.3399992,15.5114298,-0.059047699,28.7912006,26.6680927,-0.53374964,-0.34906584,0.261799395,0.919324279,0,0.640524805,-0.114533365
137105136,20.5231342,-0.125574976,15.3399992,15.5058575,-0.057143528,28.8842831,26.5476933,-0.188197762,-0.34906584,0.261799395,0.923493564,0,0.649750233,-0.116820596
137205096,20.5034561,-0.317821056,15.3399992,15.5005093,-0.0552860908,28.9768829,26.4655113,0.130014673,-0.34906584,0.261799395,0.926361263,0,0.65622586,-0.116713837
137305056,20.4559956,-0.607825696,15.3399992,15.4953337,-0.0535033531,29.0696621,26.4141636,0.440859497,-0.34906584,0.261799395,0.928162038,0,0.661923885,-0.113877103
137405016,20.3746338,-0.942054987,15.3399992,15.490325,-0.0517781563,29.16255,26.3831367,0.746400952,-0.34906584,0.261799395,0.929253578,0,0.668344021,-0.109020844
137604936,20.1234131,-1.30779135,15.3399992,15.4807863,-0.0484927483,29.3484554,26.3584366,0.899251342,-0.34906584,0.261799395,0.930124402,0,0.688373089,-0.11452195
137704896,19.9865284,-1.27857935,15.3399992,15.4762468,-0.0469290428,29.4414825,26.3437195,0.836750209,-0.34906584,0.261799395,0.930643976,0,0.701846063,-0.124505222
137804856,19.8566418,-1.21003509,15.3399992,15.4718533,-0.0454158783,29.5345459,26.3333664,0.820233345,-0.34906584,0.261799395,0.931009889,0,0.715628624,-0.133911118
137904816,19.7369766,-1.1265682,15.3399992,15.4676018,-0.0439513512,29.6275635,26.3464336,0.912910104,-0.34906584,0.261799395,0.930548131,0,0.726901174,-0.139592916
138004776,19.623045,-1.10987532,15.3399992,15.4634867,-0.0425341912,29.720459,26.3813267,1.04858553,-0.34906584,0.261799395,0.929317355,0,0.735927761,-0.14240171
138104736,19.5076199,-1.20559883,15.3399992,15.4595051,-0.0411624908,29.8131161,26.4487228,1.22353685,-0.34906584,0.261799395,0.926949263,0,0.742268503,-0.141212821
138204696,19.3804054,-1.36479175,15.3399992,15.4556513,-0.0398352928,29.9054623,26.5380383,1.42540526,-0.34906584,0.261799395,0.923829556,0,0.747373939,-0.136985004
138304656,19.2329407,-1.59945488,15.3399992,15.4519215,-0.0385506935,29.9974194,26.6503258,1.61515689,-0.34906584,0.261799395,0.919937134,0,0.751960874,-0.13058503
138404616,19.0638599,-1.77516448,15.3399992,15.4483128,-0.0373074226,30.0889854,26.7640667,1.57985711,-0.34906584,0.261799395,0.916027606,0,0.759472013,-0.131401375
138504576,18.8841324,-1.82990777,15.3399992,15.4448204,-0.0361045189,30.1801796,26.8735085,1.42873633,-0.34906584,0.261799395,0.91229713,0,0.770008802,-0.137482643
138604536,18.7028656,-1.78524029,15.3399992,15.4414406,-0.034940403,30.2709942,26.9852695,1.40354073,-0.34906584,0.261799395,0.908518791,0,0.780828118,-0.14075473
138704496,18.5299816,-1.71336269,15.3399992,15.4381695,-0.0338137932,30.3614063,27.1056461,1.41244709,-0.34906584,0.261799395,0.904484034,0,0.790387034,-0.143054694
138804456,18.3639774,-1.63387752,15.3399992,15.4350042,-0.0327234268,30.4513912,27.2344418,1.35078502,-0.34906584,0.261799395,0.900206625,0,0.799307585,-0.147541896
138904416,18.2041054,-1.58810651,15.3399992,15.431941,-0.0316683464,30.5409336,27.368681,1.43015075,-0.34906584,0.261799395,0.895791233,0,0.806751251,-0.146919951
139004376,18.0467834,-1.59258282,15.3399992,15.4289761,-0.0306472778,30.6299953,27.5167542,1.50041461,-0.34906584,0.261799395,0.890970826,0,0.812500536,-0.145259917
139104336,17.8858986,-1.64831901,15.3399992,15.4261065,-0.0296589527,30.718565,27.6693954,1.50510967,-0.34906584,0.261799395,0.886055648,0,0.818431139,-0.14068374
139205129,17.7163925,-1.71336651,15.3399992,15.4233074,-0.0287024174,30.8073826,27.822485,1.53573108,-0.34906584,0.261799395,0.881180286,0,0.825028062,-0.133233324
139305089,17.5375214,-1.7721827,15.3399992,15.4206209,-0.0277694073,30.8863335,27.9729652,1.51192868,-0.34906584,0.261799395,0.789824784,0,0.796741605,-0.12726371
139405049,17.3529663,-1.81902194,15.3399992,15.4180212,-0.0268739071,30.8862019,28.1128292,1.42544079,-0.34906584,0.261799395,-0.00131659722,0,0.7022717,-0.121443093
139505009,17.1690083,-1.75563753,15.3399992,15.4155054,-0.0260073338,30.8862877,28.2244568,1.06423259,-0.34906584,0.261799395,0.000858650368,0,0.607682765,-0.126961336
139704929,16.8536587,-1.34704673,15.3399992,15.4107141,-0.0243571606,30.8855515,28.2725449,-0.890741825,-0.34906584,0.261799395,-3.81622376e-05,0,0.536191523,-0.176448166
139804889,16.7270908,-1.22478569,15.3399992,15.4084339,-0.0235716496,30.8855972,28.1931801,-1.78756595,-0.34906584,0.261799395,0.000457946851,0,0.577386379,-0.20126693
139904849,16.6035995,-1.34399366,15.3399992,15.4062271,-0.0228115711,30.8850899,28.1018696,-1.84094906,-0.34906584,0.261799395,-0.00507557765,0,0.61423862,-0.226166338
140004809,16.4512711,-1.77555692,15.3399992,15.4040918,-0.0220759716,30.8847179,28.0591354,-1.27805245,-0.34906584,0.261799395,-0.00372081809,0,0.645040035,-0.215757966
140104769,16.2381058,-2.45603228,15.3399992,15.4020252,-0.021364212,30.8848782,28.0862083,-0.472308725,-0.34906584,0.261799395,0.00160281395,0,0.668682814,-0.19084467
140204729,15.9502277,-3.22751713,15.3399992,15.4000254,-0.0206753407,30.8842564,28.1537819,0.235196233,-0.34906584,0.261799395,-0.00622044457,0,0.683840454,-0.165991172
140304689,15.5889168,-3.82163453,15.3399992,15.3980894,-0.0200087223,30.8839588,28.2263908,0.622416139,-0.34906584,0.261799395,-0.00297665456,0,0.706615925,-0.1412016
140404649,15.1872511,-4.00780535,15.3399992,15.3962164,-0.0193634033,30.8835087,28.2817554,0.714006126,-0.34906584,0.261799395,-0.00450314395,0,0.732090056,-0.116460562
140504609,14.7939291,-3.74872494,15.3399992,15.3944035,-0.0187390652,30.8832264,28.3059235,0.590350211,-0.34906584,0.261799395,-0.00282400567,0,0.762453794,-0.103680573
140604569,14.4519978,-3.05455208,15.3399992,15.3926487,-0.0181347523,30.8823109,28.2951488,0.362421989,-0.34906584,0.261799395,-0.00915893726,0,0.790258944,-0.112955377
140704529,14.1984396,-2.12107849,15.3399992,15.3909512,-0.0175498333,30.8818645,28.2821732,0.267192215,-0.34906584,0.261799395,-0.00446498161,0,0.816465735,-0.12276724
140804489,14.0402746,-1.21428323,15.3399992,15.389308,-0.0169839859,30.8817024,28.276371,0.32720238,-0.34906584,0.261799395,-0.00162189512,0,0.833438754,-0.128975317
140904449,13.9653587,-0.531393826,15.3399992,15.3877182,-0.0164362583,30.881073,28.2922516,0.48926124,-0.34906584,0.261799395,-0.00629676925,0,0.838348389,-0.130185217
141004409,13.9407148,-0.194826618,15.3399992,15.386179,-0.0159063339,30.8812408,28.3366337,0.735394597,-0.34906584,0.261799395,0.00167913851,0,0.841541827,-0.124611124
141104369,13.9276752,-0.247034535,15.3399992,15.3846893,-0.0153932571,30.8809452,28.4160614,1.09928679,-0.34906584,0.261799395,-0.00295757339,0,0.834468186,-0.109504685
141204329,13.893198,-0.538345337,15.3399992,15.3832483,-0.0148967104,30.8807373,28.5205879,1.32265306,-0.34906584,0.261799395,-0.00207984191,0,0.829458594,-0.0945103094
141305122,13.8227949,-0.858117521,15.3399992,15.3818426,-0.0144163771,30.8810844,28.6287689,1.29891706,-0.34906584,0.261799395,0.00344406324,0,0.830940008,-0.0861657336
141405082,13.726017,-1.03200579,15.3399992,15.3804932,-0.0139478045,30.8808365,28.7215672,1.24194205,-0.34906584,0.261799395,-0.00248054555,0,0.832480729,-0.0804918781
141505042,13.6226511,-0.987231672,15.3399992,15.3791876,-0.0134979887,30.8805981,28.8011169,1.01698875,-0.34906584,0.261799395,-0.00238513993,0,0.840499282,-0.0831485018
141605002,13.5355711,-0.715765834,15.3399992,15.377924,-0.0130627947,30.8806515,28.862875,0.751544952,-0.34906584,0.261799395,0.000534271356,0,0.851966679,-0.0909198448
141804922,13.4732447,-0.055846341,15.3399992,15.3755178,-0.0122340517,30.8801937,28.9658813,0.588657796,-0.34906584,0.261799395,-0.00490384735,0,0.864697993,-0.0996681005
141904882,13.4841576,0.121447608,15.3399992,15.3743725,-0.0118395491,30.8804111,29.0377007,0.621083558,-0.34906584,0.261799395,0.00217524753,0,0.869205952,-0.098985225
142004842,13.5038767,0.13079071,15.3399992,15.3732643,-0.0114577608,30.8806114,29.1254444,0.745563984,-0.34906584,0.261799395,0.00200351747,0,0.867519021,-0.0930930749
142104802,13.5162992,-0.0121701071,15.3399992,15.3721914,-0.0110883713,30.8803444,29.2292652,0.915919125,-0.34906584,0.261799395,-0.00267135655,0,0.861849546,-0.0831510425
142204762,13.5098095,-0.205333665,15.3399992,15.3711529,-0.0107307434,30.8806648,29.3332424,0.99813062,-0.34906584,0.261799395,0.0032056279,0,0.861853957,-0.0748381838
142304722,13.4874783,-0.311336875,15.3399992,15.3701487,-0.0103845596,30.8803539,29.4268646,0.847941577,-0.34906584,0.261799395,-0.00311022229,0,0.860179186,-0.0749334022
142404682,13.4606829,-0.261050016,15.3399992,15.3691759,-0.0100498199,30.8803539,29.4947071,0.6861009,-0.34906584,0.261799395,0,0,0.866214275,-0.078008242
142504642,13.4468994,-0.106849037,15.3399992,15.3682346,-0.00972557068,30.8804474,29.5450706,0.532949805,-0.34906584,0.261799395,0.000934974814,0,0.872608066,-0.0829137936
142604602,13.451829,0.0973818675,15.3399992,15.3673239,-0.00941181183,30.8804474,29.5846252,0.381195486,-0.34906584,0.261799395,0,0,0.878248394,-0.0892573148
142704562,13.4783344,0.285266161,15.3399992,15.3664427,-0.00910822581,30.8804932,29.6304245,0.371160746,-0.34906584,0.261799395,0.000457946851,0,0.881564975,-0.0912979767
142804522,13.5193567,0.363050759,15.3399992,15.3655901,-0.00881449413,30.8803864,29.6827946,0.426919311,-0.34906584,0.261799395,-0.00106854271,0,0.881349206,-0.0900652483
142904482,13.5615892,0.344459355,15.3399992,15.3647652,-0.00853029918,30.8804588,29.7460537,0.509297669,-0.34906584,0.261799395,0.000725082529,0,0.880525947,-0.0865385756
143004442,13.5961275,0.225185737,15.3399992,15.3639669,-0.00825532246,30.8805199,29.8218155,0.611254513,-0.34906584,0.261799395,0.000610595802,0,0.877445161,-0.0806474239
143104402,13.6148729,0.0832201466,15.3399992,15.3631945,-0.00798924733,30.8806305,29.8868504,0.587257564,-0.34906584,0.261799395,0.00110670493,0,0.877064943,-0.07841824
143204362,13.6218824,-0.0122582139,15.3399992,15.3624468,-0.00773175573,30.8806381,29.9504051,0.542871833,-0.34906584,0.261799395,7.63244752e-05,0,0.877275348,-0.0772087052
143304322,13.6222544,-0.0403549522,15.3399992,15.3617229,-0.00748252869,30.8806515,30.0031242,0.504555583,-0.34906584,0.261799395,0.000133567839,0,0.879437208,-0.0767324492
143405115,13.6256857,0.0431961678,15.3399992,15.3610163,-0.00724124908,30.8804588,30.0493088,0.373149484,-0.34906584,0.261799395,-0.00191126589,0,0.881689727,-0.0808015615
143505075,13.6387835,0.137254253,15.3399992,15.3603382,-0.00700569153,30.8806381,30.0857487,0.345854998,-0.34906584,0.261799395,0.00179362518,0,0.886235714,-0.0822342932
143605035,13.6613016,0.228437215,15.3399992,15.3596821,-0.00677967072,30.8804588,30.1186256,0.257370025,-0.34906584,0.261799395,-0.00179362518,0,0.887417853,-0.0859706998
143804955,13.7247047,0.289325178,15.3399992,15.3584328,-0.00634924555,30.8806839,30.2031498,0.351295084,-0.34906584,0.261799395,0.000534271356,0,0.888314962,-0.0832863227
143904915,13.7541485,0.221865863,15.3399992,15.3578386,-0.00614452362,30.8808594,30.2541199,0.393314779,-0.34906584,0.261799395,0.00175546296,0,0.88733995,-0.0806216374
144004875,13.7762823,0.166966155,15.3399992,15.3572636,-0.00594647741,30.8804836,30.2980309,0.3845056,-0.34906584,0.261799395,-0.00375898043,0,0.884486496,-0.0797126293
144104835,13.7916622,0.123951249,15.3399992,15.3567066,-0.00575478887,30.8805809,30.3338699,0.40616399,-0.34906584,0.261799395,0.000973137037,0,0.887086809,-0.0779974535
144204795,13.8035069,0.11506363,15.3399992,15.3561678,-0.00556913996,30.8806839,30.3721523,0.378968328,-0.34906584,0.261799395,0.00103038037,0,0.88771379,-0.0780815929
144304755,13.8178015,0.159666464,15.3399992,15.3556461,-0.00538953161,30.880827,30.3986359,0.29364413,-0.34906584,0.261799395,0.00143108389,0,0.889871955,-0.081022948
144404715,13.8377876,0.201953411,15.3399992,15.3551416,-0.00521564484,30.880434,30.4153805,0.25174731,-0.34906584,0.261799395,-0.00393071072,0,0.889950752,-0.0830034018
144504675,13.8598118,0.239952818,15.3399992,15.3546534,-0.00504748011,30.8808479,30.4384022,0.282174021,-0.34906584,0.261799395,0.00414060289,0,0.8946805,-0.0825599805
144604635,13.8870907,0.279482752,15.3399992,15.3541803,-0.00488471985,30.88097,30.4537983,0.207828611,-0.34906584,0.261799395,0.0012211916,0,0.895249605,-0.0857750624
144704595,13.9174194,0.277369767,15.3399992,15.3537226,-0.00472704554,30.8808117,30.468977,0.243915647,-0.34906584,0.261799395,-0.0015837329,0,0.895083666,-0.0850977674
144804555,13.9440994,0.221052021,15.3399992,15.3532801,-0.00457445765,30.8806019,30.4962273,0.286321253,-0.34906584,0.261799395,-0.00209892308,0,0.894619107,-0.0832022205
144904515,13.9611368,0.139752388,15.3399992,15.3528519,-0.00442695618,30.8807545,30.5202599,0.27348718,-0.34906584,0.261799395,0.0015264895,0,0.897098422,-0.0826926306
145004475,13.9720182,0.11527238,15.3399992,15.352437,-0.00428422308,30.8806515,30.5511341,0.259476006,-0.34906584,0.261799395,-0.00103038037,0,0.896526575,-0.082557939
145104435,13.9781742,0.0388579704,15.3399992,15.3520355,-0.0041459403,30.8811417,30.5823727,0.313524395,-0.34906584,0.261799395,0.00490384735,0,0.899551213,-0.0795422271
145204395,13.9797821,0.00191050302,15.3399992,15.3516474,-0.00401210785,30.8809986,30.6110859,0.298007309,-0.34906584,0.261799395,-0.00143108389,0,0.897655368,-0.079066582
145304355,13.9810572,0.0184620991,15.3399992,15.3512716,-0.00388272596,30.8809452,30.6304684,0.264092267,-0.34906584,0.261799395,-0.000534271356,0,0.899971306,-0.0799710453
145404315,13.9840612,0.0403057672,15.3399992,15.3509083,-0.00375747681,30.8808117,30.6544895,0.27380535,-0.34906584,0.261799395,-0.00133567827,0,0.900648355,-0.0794597715
145505108,13.990345,0.0853992328,15.3399992,15.3505535,-0.00363636017,30.8812122,30.6712036,0.140068561,-0.34906584,0.261799395,0.00397391897,0,0.905543089,-0.0841797665
145605068,14.0021391,0.11777164,15.3399992,15.3502131,-0.00351810455,30.8811417,30.6903534,0.212047055,-0.34906584,0.261799395,-0.000706001418,0,0.904254019,-0.082244724
145705028,14.015481,0.125528604,15.3399992,15.349884,-0.00340461731,30.88097,30.7156143,0.223848969,-0.34906584,0.261799395,-0.00171730074,0,0.903645992,-0.0817405954
145904948,14.0394325,0.0848191381,15.3399992,15.3492565,-0.0031887691,30.8811588,30.7675076,0.230762765,-0.34906584,0.261799395,0.00124027277,0,0.904583335,-0.0805997998
146004908,14.0496874,0.119271643,15.3399992,15.348958,-0.00308577227,30.880827,30.7889576,0.168297842,-0.34906584,0.261799395,-0.00332011469,0,0.9029935,-0.0827821344
146104868,14.062789,0.135314688,15.3399992,15.3486691,-0.0029862721,30.8810158,30.8126221,0.216920137,-0.34906584,0.261799395,0.0018890308,0,0.904783607,-0.0812217891
146204828,14.0749378,0.104273103,15.3399992,15.3483896,-0.00288995099,30.8812637,30.8339577,0.181137964,-0.34906584,0.261799395,0.00248054555,0,0.905102253,-0.0818888918
146304788,14.083725,0.067603223,15.3399992,15.3481188,-0.00279680896,30.881012,30.8581047,0.213545471,-0.34906584,0.261799395,-0.00251870765,0,0.902435064,-0.0800769702
146404748,14.0911045,0.0932850465,15.3399992,15.3478565,-0.00270652771,30.8811226,30.8732014,0.135082036,-0.34906584,0.261799395,0.00110670493,0,0.905130506,-0.0827288255
146504708,14.1023903,0.127597645,15.3399992,15.3476028,-0.00261910749,30.8808479,30.8899632,0.107200406,-0.34906584,0.261799395,-0.00274768122,0,0.903968215,-0.0839346573
146604668,14.1147127,0.132915929,15.3399992,15.3473577,-0.00253454852,30.881155,30.9004498,0.117250763,-0.34906584,0.261799395,0.00307206018,0,0.907405913,-0.0838152841
146704628,14.1264067,0.123970032,15.3399992,15.3471203,-0.00245285034,30.8808365,30.920908,0.138356179,-0.34906584,0.261799395,-0.00318654696,0,0.904115558,-0.0828104094
146804588,14.1355019,0.0907105505,15.3399992,15.3468904,-0.00237369537,30.8813553,30.943243,0.163338676,-0.34906584,0.261799395,0.0051900642,0,0.907217741,-0.0812325105
146904548,14.1427259,0.0633757114,15.3399992,15.3466682,-0.00229708361,30.8814068,30.9571514,0.139021397,-0.34906584,0.261799395,0.000515190186,0,0.905493855,-0.0814424083
147004508,14.1502752,0.0822859406,15.3399992,15.3464527,-0.00222301483,30.8811092,30.963625,0.113895915,-0.34906584,0.261799395,-0.00297665456,0,0.904993773,-0.0823822916
147104468,14.1589594,0.0828812942,15.3399992,15.3462448,-0.00215117144,30.881321,30.9682388,0.0698878542,-0.34906584,0.261799395,0.00211800425,0,0.908782363,-0.0838837847
147204428,14.1671591,0.0747468993,15.3399992,15.3460436,-0.00208187103,30.8811054,30.9730549,0.109356239,-0.34906584,0.261799395,-0.00215616636,0,0.907786608,-0.0825922564
147304388,14.1725731,0.0257745199,15.3399992,15.345849,-0.00201479602,30.881321,30.9855843,0.162552342,-0.34906584,0.261799395,0.00215616636,0,0.909713387,-0.0800147578
147404348,14.1722012,-0.0391658098,15.3399992,15.3456602,-0.00194994605,30.8813915,31.0039139,0.23707518,-0.34906584,0.261799395,0.000706001418,0,0.908313751,-0.0761218742
147505141,14.1670609,-0.054155197,15.3399992,15.3454762,-0.00188700354,30.8808975,31.0219383,0.171992332,-0.34906584,0.261799395,-0.00490116701,0,0.906001031,-0.0770610273
147605101,14.1609802,-0.0190778058,15.3399992,15.3452997,-0.00182565057,30.8808975,31.034708,0.054358948,-0.34906584,0.261799395,0,0,0.909893632,-0.0805299208
147705061,14.1596794,0.0497329012,15.3399992,15.345129,-0.00176684058,30.8813839,31.0398331,0.0451732166,-0.34906584,0.261799395,0.00486568548,0,0.913867176,-0.0813189819
147805021,14.1656332,0.0898451656,15.3399992,15.3449631,-0.00170993805,30.8812523,31.050993,0.0621007904,-0.34906584,0.261799395,-0.00131659722,0,0.911327064,-0.0808598995
148004941,14.1837912,0.118289851,15.3399992,15.3446474,-0.00160121918,30.881073,31.0892124,0.0847674236,-0.34906584,0.261799395,-0.000858650368,0,0.909080386,-0.0790599734
148104901,14.1961994,0.172997087,15.3399992,15.3444977,-0.00154940283,30.8813343,31.0965557,0.0801158249,-0.34906584,0.261799395,0.00261411327,0,0.910303235,-0.0794690028
148204861,14.213644,0.1825912,15.3399992,15.3443527,-0.00149949396,30.8815231,31.1085682,0.0385608897,-0.34906584,0.261799395,0.0018890308,0,0.909184992,-0.0805586353
148304821,14.2324171,0.191399068,15.3399992,15.3442125,-0.00145117438,30.8809452,31.1235256,0.0387259237,-0.34906584,0.261799395,-0.00578157883,0,0.904329479,-0.0802287757
148404781,14.2492085,0.173370913,15.3399992,15.3440762,-0.00140444434,30.8815594,31.1353874,0.0503590889,-0.34906584,0.261799395,0.00614412036,0,0.908714712,-0.0793087259
148504741,14.2648411,0.150029495,15.3399992,15.3439445,-0.0013589859,30.8812637,31.1511612,0.0853367373,-0.34906584,0.261799395,-0.00295757339,0,0.902831912,-0.0773140043
148604701,14.2762251,0.0897137076,15.3399992,15.3438177,-0.00131511688,30.8814487,31.1652126,0.0992730707,-0.34906584,0.261799395,0.00185086858,0,0.903735161,-0.0755044222
148704661,14.2838621,0.0934589058,15.3399992,15.3436947,-0.00127283728,30.8814526,31.1692371,-0.00359022617,-0.34906584,0.261799395,3.81622376e-05,0,0.90365684,-0.0784031227
148804621,14.2960558,0.159769252,15.3399992,15.3435755,-0.00123182929,30.8815212,31.1625099,-0.081121847,-0.34906584,0.261799395,0.000686920306,0,0.905744612,-0.0817264467
148904581,14.3143339,0.194493011,15.3399992,15.3434601,-0.0011920929,30.8811226,31.1532497,-0.0769740492,-0.34906584,0.261799395,-0.003987954,0,0.90484947,-0.08237385
149004541,14.3339872,0.223101482,15.3399992,15.3433485,-0.00115362799,30.8812981,31.1473904,-0.00324766641,-0.34906584,0.261799395,0.00175546296,0,0.907412171,-0.0805986449
149104501,14.3531685,0.186866999,110,15.3593569,0.165483475,30.8812981,31.1445923,0.0175750013,-0.34906584,0.261799395,0,0,0.90715313,-0.0723960698
149204461,14.3661098,0.119080149,110,15.3909645,0.326747566,30.8813839,31.1511803,0.0611561053,-0.34906584,0.261799395,0.000858650368,0,0.908320606,-0.0626219213
149304421,14.3735971,0.093964681,110,15.4376707,0.4828116,30.8816528,31.1577377,0.0144204022,-0.34906584,0.261799395,0.00269043772,0,0.911749244,-0.0559946783
149404381,14.3835611,0.161133409,110,15.4989862,0.633842766,30.8811798,31.1588459,-0.0296683423,-0.34906584,0.261799395,-0.00473211752,0,0.912462533,-0.0504243076
149504341,14.4036303,0.291791767,110,15.574441,0.780004203,30.8813705,31.1505585,-0.100838862,-0.34906584,0.261799395,0.00190811185,0,0.921182811,-0.0468917824
149605134,14.4396658,0.483238488,110,15.6644335,0.922841072,30.8817024,31.1468449,-0.148904994,-0.34906584,0.261799395,0.00329267583,0,0.926984191,-0.0434249081
149705094,14.5042753,0.782888532,110,15.7669201,1.05944347,30.8817348,31.1325722,-0.150300711,-0.34906584,0.261799395,0.000324379012,0,0.929816306,-0.0403897725
149805054,14.5998955,1.08545852,110,15.8822193,1.19188118,30.8817024,31.1206112,-0.225925893,-0.34906584,0.261799395,-0.000324379012,0,0.932128787,-0.0403012373
149905014,14.7244997,1.31973422,110,16.0099163,1.32004797,30.8816319,31.1086578,-0.191311374,-0.34906584,0.261799395,-0.000706001418,0,0.932594299,-0.0364880674
150104934,15.010355,1.4992609,110,16.3009205,1.56411684,30.8818893,31.1124916,-0.128425926,-0.34906584,0.261799395,0.00186994963,0,0.931044638,-0.0255747829
150204894,15.1616077,1.56668437,110,16.4634647,1.68028069,30.882494,31.112669,-0.0733692273,-0.34906584,0.261799395,0.00604871474,0,0.932164431,-0.0192037597
150304854,15.3240938,1.68612099,110,16.6368847,1.79269922,30.8826084,31.1117058,-0.154147223,-0.34906584,0.261799395,0.00114486716,0,0.930064201,-0.0178722423
150404814,15.4959316,1.75509179,110,16.8208275,1.90149248,30.8827763,31.1080532,-0.166647881,-0.34906584,0.261799395,0.00167913851,0,0.930990398,-0.0141694313
150504774,15.6769753,1.89785361,110,17.0149574,2.006778,30.8829288,31.0975513,-0.252729356,-0.34906584,0.261799395,0.0015264895,0,0.932943463,-0.0140083265
150604734,15.8726559,2.04113173,110,17.2189445,2.10866809,30.8831768,31.0804138,-0.292037666,-0.34906584,0.261799395,0.00248054555,0,0.935862839,-0.0129187927
150704694,16.081686,2.1768558,110,17.4324684,2.20727229,30.8836975,31.0632496,-0.298091769,-0.34906584,0.261799395,0.0052091456,0,0.939197242,-0.0109950677
150804654,16.3038979,2.27441764,110,17.6552238,2.30269742,30.8838768,31.0506954,-0.275032103,-0.34906584,0.261799395,0.00179362518,0,0.938702583,-0.00778600713
150904614,16.5329132,2.32917714,110,17.8869114,2.39504552,30.8840313,31.0428696,-0.240664154,-0.34906584,0.261799395,0.00154557067,0,0.939063907,-0.00370126171
151004574,16.7643929,2.32825232,110,18.1272449,2.48441625,30.8846817,31.0409985,-0.117069349,-0.34906584,0.261799395,0.00650666142,0,0.940783024,0.00415079016
151104534,16.9948807,2.31934476,110,18.375946,2.57090497,30.8849545,31.0429878,-0.0572748259,-0.34906584,0.261799395,0.00272860005,0,0.938669682,0.0104500903
151204494,17.2278252,2.3780508,110,18.6327438,2.65460467,30.8854618,31.0449467,-0.145181566,-0.34906584,0.261799395,0.00507557765,0,0.940773487,0.0112778349
151304454,17.4738579,2.54434371,110,18.897377,2.73560524,30.8855839,31.0283413,-0.245457336,-0.34906584,0.261799395,0.0012211916,0,0.942159891,0.00971292984
151404414,17.7367039,2.69838333,110,19.1695938,2.81399417,30.8858509,30.9998436,-0.329204977,-0.34906584,0.261799395,0.00267135655,0,0.946978807,0.00794317108
151504374,18.009449,2.75530791,110,19.4491482,2.88985515,30.8863239,30.9805164,-0.219223306,-0.34906584,0.261799395,0.00473211752,0,0.950011194,0.0134512754
151604334,18.2877445,2.8206625,110,19.7358055,2.96327019,30.8869495,30.9667988,-0.156024143,-0.34906584,0.261799395,0.00625860691,0,0.951913238,0.0176137108
151705127,18.5750923,2.90478897,110,20.0318375,3.03570628,30.8870201,30.9492569,-0.161016598,-0.34906584,0.261799395,0.000700166682,0,0.951161742,0.0193358101
151805087,18.8701248,2.9489007,110,20.3320713,3.10362887,30.8879318,30.9385185,-0.0655172244,-0.34906584,0.261799395,0.00912077446,0,0.955334127,0.0247038379
151905047,19.1688805,3.00075984,110,20.6387424,3.17015076,30.8883114,30.9299145,-0.0898603424,-0.34906584,0.261799395,0.00379714277,0,0.953773558,0.0262773428
152005007,19.4747791,3.07065916,110,20.9516392,3.23452687,30.8885593,30.9260826,-0.124285854,-0.34906584,0.261799395,0.00248054555,0,0.954043269,0.0272864662
152204927,20.1177197,3.29363084,110,21.5953217,3.3571198,30.8895893,30.9102688,-0.165577009,-0.34906584,0.261799395,0.00486568548,0,0.957071424,0.0285101905
152304887,20.4532318,3.35410595,110,21.9257221,3.41546702,30.8901424,30.9064789,-0.123376086,-0.34906584,0.261799395,0.00553352432,0,0.95754379,0.0314968713
152404847,20.795042,3.40364504,110,22.2615852,3.47193336,30.8906937,30.902874,-0.10429778,-0.34906584,0.261799395,0.00551444339,0,0.957533956,0.0338617899
152504807,21.1420307,3.45805526,110,22.6027336,3.52657962,30.8911018,30.903801,-0.11895746,-0.34906584,0.261799395,0.00408335961,0,0.956739187,0.035133183
152604767,21.4943714,3.50350714,110,22.9489994,3.57946396,30.8915691,30.8986931,-0.117165402,-0.34906584,0.261799395,0.00467487425,0,0.957502365,0.0367763117
152704727,21.848196,3.52788377,110,23.3002167,3.63064265,30.8918915,30.8954372,-0.124474585,-0.34906584,0.261799395,0.00322470907,0,0.957545996,0.0383641534
152804687,22.2065449,3.60628152,110,23.6562233,3.68017077,30.8923779,30.8833618,-0.194261745,-0.34906584,0.261799395,0.00486568548,0,0.960406542,0.0369880199
152904647,22.568573,3.61681986,110,24.0168686,3.72810245,30.8931084,30.8778477,-0.0552739128,-0.34906584,0.261799395,0.00730806869,0,0.961946845,0.043166846
153004607,22.9308205,3.60548091,110,24.3820019,3.77448773,30.8938484,30.8710289,-0.0608423054,-0.34906584,0.261799395,0.0074034743,0,0.963244498,0.0450566784
153104567,23.2936954,3.63441825,110,24.7514763,3.81937718,30.8938694,30.8590794,-0.0373219624,-0.34906584,0.261799395,0.000209892314,0,0.961828291,0.0473749638
153204527,23.6581879,3.68023729,110,25.1251526,3.86281967,30.894392,30.849638,-0.0822546855,-0.34906584,0.261799395,0.00522822654,0,0.966421247,0.0472960435
153304487,24.0286827,3.7624383,110,25.5028954,3.90486145,30.8953362,30.8402977,-0.145913213,-0.34906584,0.261799395,0.00944515411,0,0.971056998,0.0459736474
153404447,24.4085426,3.84953451,110,25.8845749,3.94554782,30.8958588,30.8211975,-0.154629156,-0.34906584,0.261799395,0.00522822654,0,0.972311616,0.0458763428
153504407,24.7969666,3.90767264,110,26.2700634,3.98492169,30.8961983,30.8182182,-0.0492954031,-0.34906584,0.261799395,0.00339643913,0,0.9718557,0.0501100197
153604367,25.1879196,3.92980719,110,26.6592369,4.02302599,30.8967705,30.8238964,0.0151753249,-0.34906584,0.261799395,0.00572433555,0,0.972211182,0.053795971
153704327,25.5812817,3.96165657,110,27.0519791,4.05990219,30.8975811,30.8276329,0.00123763678,-0.34906584,0.261799395,0.00810947549,0,0.97318536,0.0548271239
153805120,25.9804611,4.03731966,110,27.4515038,4.0969758,30.8982468,30.8225574,-0.0553878918,-0.34906584,0.261799395,0.0066042752,0,0.973854542,0.053757634
153905080,26.3945045,4.14961576,110,27.8510666,4.13040161,30.8985786,30.8125706,-0.0736564696,-0.34906584,0.261799395,0.00332011469,0,0.973332167,0.0529705435
154005040,26.8133259,4.19504213,110,28.2538605,4.16381454,30.8995743,30.8091049,-0.0760380551,-0.34906584,0.261799395,0.00996034406,0,0.976696014,0.0534159429
154105000,27.2339153,4.17229271,110,28.6597824,4.1961503,30.8998337,30.8091373,0.0013879895,-0.34906584,0.261799395,0.0025950321,0,0.972958803,0.0572997294
154304920,28.0656109,4.15417099,110,29.4806118,4.25772715,30.9008713,30.8040352,-0.0259824283,-0.34906584,0.261799395,0.00209892308,0,0.974827111,0.0590131916
154404880,28.4793358,4.15576601,110,29.8953266,4.28703499,30.9016514,30.8102779,0.0250911359,-0.34906584,0.261799395,0.0078041777,0,0.977685332,0.0621448234
154504840,28.8933296,4.17635679,110,30.3127842,4.31539726,30.9022484,30.8150826,-0.0232025981,-0.34906584,0.261799395,0.00597239006,0,0.977941692,0.0618989505
154604800,29.3110561,4.22985935,110,30.7328968,4.34284544,30.9027748,30.82094,-0.0230687615,-0.34906584,0.261799395,0.00526638888,0,0.978455663,0.0627845004
154704760,29.7339344,4.29329252,110,31.1555805,4.36940813,30.9035606,30.825346,0.00527268648,-0.34906584,0.261799395,0.00786142144,0,0.98006326,0.064389877
154804720,30.1640205,4.35268736,110,31.5807495,4.39511442,30.9042091,30.8202896,-0.0306467526,-0.34906584,0.261799395,0.00648758048,0,0.980800867,0.0636181012
154904680,30.5996151,4.40600395,110,32.0083237,4.41999197,30.9049988,30.8161201,-0.0236246698,-0.34906584,0.261799395,0.00789958332,0,0.982426584,0.0641449019
155004640,31.0429039,4.48246336,110,32.4382286,4.44406748,30.9053345,30.8114491,-0.0790940747,-0.34906584,0.261799395,0.00335827703,0,0.981435001,0.0622550659
155104600,31.4897118,4.46930504,110,32.870388,4.4673667,30.906311,30.8133221,-0.00614185352,-0.34906584,0.261799395,0.00976953283,0,0.984186172,0.0655251816
155204560,31.9340267,4.44117737,110,33.3047256,4.48991394,30.9067554,30.8187637,0.0306244493,-0.34906584,0.261799395,0.00444590067,0,0.98143059,0.06807217
155304520,32.3759613,4.42538452,110,33.7411766,4.51173544,30.9078197,30.8233223,0.00947170239,-0.34906584,0.261799395,0.0106472643,0,0.984657407,0.0686612651
155404480,32.8195267,4.44825983,110,34.1796684,4.53285217,30.907999,30.8280754,0.0234065168,-0.34906584,0.261799395,0.00179362518,0,0.980944395,0.0700006709
155504440,33.2658157,4.49157047,110,34.6201401,4.55328894,30.9090939,30.8229942,-0.0359724164,-0.34906584,0.261799395,0.0109525621,0,0.986794233,0.0684179142
155604400,33.7171898,4.52542305,110,35.0625229,4.57306528,30.9096756,30.8177109,-0.0459324121,-0.34906584,0.261799395,0.00581974117,0,0.986007452,0.0683378205
155704360,34.1723175,4.55800819,110,35.5067558,4.59220505,30.910202,30.8084373,-0.00491509447,-0.34906584,0.261799395,0.00526638888,0,0.987119436,0.0697726682
155804320,34.6279602,4.54375315,110,35.9527817,4.61072779,30.9108524,30.7999172,-0.0050990223,-0.34906584,0.261799395,0.00650666142,0,0.989205241,0.0703855008
155905113,35.0841141,4.53225946,110,36.4042854,4.63004065,30.9119072,30.7941551,0.0471696258,-0.34906584,0.261799395,0.0104646534,0,0.992220998,0.0728786886
156005073,35.5379257,4.53206968,110,36.8537369,4.64613962,30.9119911,30.7981167,0.0582299232,-0.34906584,0.261799395,0.000839569257,0,0.988235712,0.0741553307
156105033,35.9893532,4.53468466,110,37.3048134,4.66292334,30.9129887,30.8052044,0.0558756478,-0.34906584,0.261799395,0.009979425,0,0.992801547,0.0751311556
156304953,36.9044189,4.63013983,110,38.2116318,4.69488287,30.9142036,30.8062687,0.0536399707,-0.34906584,0.261799395,0.00549536245,0,0.992765725,0.075565435
156404913,37.3680382,4.66683626,110,38.6672707,4.71009302,30.9148159,30.8129826,0.069568947,-0.34906584,0.261799395,0.00612503896,0,0.992754698,0.0766014457
156504873,37.8336639,4.69242907,110,39.1243324,4.72481394,30.9158344,30.8172874,0.0388337262,-0.34906584,0.261799395,0.0101893172,0,0.994864821,0.0761253461
156604833,38.3057251,4.76314735,110,39.5827751,4.73906088,30.9165688,30.8250561,0.00792596303,-0.34906584,0.261799395,0.00734623056,0,0.993383348,0.0751232952
156704793,38.786396,4.84161758,110,40.0425491,4.75284719,30.9170322,30.8342056,0.0217935443,-0.34906584,0.261799395,0.00463671191,0,0.991049528,0.07537622
156804753,39.2745819,4.91051197,110,40.5036163,4.76618958,30.9179344,30.8359547,-0.0369794257,-0.34906584,0.261799395,0.00902536884,0,0.992658198,0.0730153918
156904713,39.7671356,4.92981625,110,40.9659309,4.77910089,30.9183235,30.8316746,-0.037089549,-0.34906584,0.261799395,0.00389254815,0,0.990264833,0.0727615282
157004673,40.257267,4.89769268,110,41.4294548,4.79159689,30.919035,30.8407288,0.0618781447,-0.34906584,0.261799395,0.00711725745,0,0.989835024,0.0766761303
157104633,40.7382011,4.77821207,110,41.894146,4.80368948,30.9198227,30.8523254,0.0622112527,-0.34906584,0.261799395,0.00788050238,0,0.989120126,0.0786817148
157204593,41.2081184,4.70723391,110,42.3599701,4.81539297,30.9206352,30.8588123,0.0637154356,-0.34906584,0.261799395,0.00812855642,0,0.989609718,0.0800150931
157304553,41.6745453,4.6961236,110,42.8268929,4.82671881,30.9216099,30.8601971,0.0512787923,-0.34906584,0.261799395,0.00975045189,0,0.991615772,0.0800096914
157404513,42.1443863,4.73747444,110,43.2943535,4.83230591,30.9224224,30.8519897,-0.0724050179,-0.34906584,0.261799395,0.00812855642,0,0.99380517,0.0757231414
157504473,42.6212921,4.80011511,110,43.761837,4.83251429,30.9227047,30.8431206,-0.0807977691,-0.34906584,0.261799395,0.00282400567,0,0.993756235,0.0746943802
157604433,43.104084,4.85906553,110,44.2288513,4.82768393,30.9238205,30.8405552,-0.0826683193,-0.34906584,0.261799395,0.0111624543,0,0.998885572,0.0738290101
157704393,43.591629,4.86442137,110,44.6949425,4.81814051,30.9242249,30.8456078,0.0282704718,-0.34906584,0.261799395,0.00404519727,0,0.994405329,0.076749891
157804353,44.0749893,4.8064065,110,45.1596832,4.80419397,30.9249802,30.8552971,0.0373767726,-0.34906584,0.261799395,0.00755612319,0,0.994890988,0.0771563128
157904313,44.5514526,4.74194288,110,45.6231995,4.79150915,30.9259262,30.8595581,0.0912839621,-0.34906584,0.261799395,0.00946423505,0,0.995239556,0.0791670904
158005106,45.0271492,4.70140409,110,46.089447,4.78121042,30.9266205,30.86619,0.124195375,-0.34906584,0.261799395,0.00688812649,0,0.993221104,0.0806115717
158105066,45.4952011,4.67373753,110,46.5508423,4.7695756,30.9273472,30.87813,0.104231022,-0.34906584,0.261799395,0.00726990635,0,0.992813289,0.0803810507
158205026,45.96381,4.69761276,110,47.0113373,4.76029444,30.9277306,30.879034,0.0324679986,-0.34906584,0.261799395,0.00383530487,0,0.991836727,0.0776823163
158404946,46.9079552,4.78141022,110,47.9300194,4.74471283,30.9290466,30.8855934,-0.0064067007,-0.34906584,0.261799395,0.00572433555,0,0.991753101,0.0749796852
158504906,47.3877335,4.8625412,110,48.3883858,4.73830175,30.9299793,30.8871727,-0.0311228745,-0.34906584,0.261799395,0.00933066756,0,0.992481232,0.0728455186
158604866,47.874176,4.89171648,110,48.8462181,4.73274374,30.930645,30.8852978,-0.103422105,-0.34906584,0.261799395,0.00665931031,0,0.990515053,0.0694371387
158704826,48.3595276,4.848032,110,49.3035889,4.72798777,30.931427,30.8889732,0.0168993231,-0.34906584,0.261799395,0.00782325864,0,0.98869133,0.0731847584
158804786,48.8369064,4.7470727,110,49.7605743,4.72398996,30.9319916,30.9036751,0.0574695095,-0.34906584,0.261799395,0.00564801134,0,0.984619915,0.075606212
158904746,49.3043785,4.67045784,110,50.2172394,4.72070551,30.9330826,30.909523,0.103210151,-0.34906584,0.261799395,0.0109144002,0,0.985625744,0.0780394077
159004706,49.7663269,4.62403536,110,50.6736488,4.71809387,30.9334946,30.9175987,0.0330922492,-0.34906584,0.261799395,0.00412152149,0,0.981739521,0.0766232461
159104666,50.2279053,4.64275789,110,51.1298676,4.71611643,30.9345894,30.9158344,-0.0769746155,-0.34906584,0.261799395,0.0109525621,0,0.986403406,0.0728300437
159204626,50.6922226,4.66363192,110,51.5859566,4.71473169,30.9348392,30.9141731,-0.0787181407,-0.34906584,0.261799395,0.00249962648,0,0.983065605,0.0723477155
159304586,51.1591148,4.69558096,110,52.0419655,4.7139039,30.9358826,30.9067764,-0.0696484894,-0.34906584,0.261799395,0.0104373721,0,0.987789333,0.0719264448
159404546,51.6308441,4.74671268,110,52.4979439,4.71359873,30.9364281,30.9035931,-0.139337152,-0.34906584,0.261799395,0.00545720011,0,0.985834479,0.0687375963
159504506,52.1048622,4.72718763,110,52.9539413,4.71378469,30.9369736,30.8923607,-0.0762609094,-0.34906584,0.261799395,0.00545720011,0,0.986124396,0.0702937767
159604466,52.5729904,4.66272593,110,53.4099998,4.71442938,30.937603,30.8935776,0.0198893063,-0.34906584,0.261799395,0.00629676925,0,0.985266566,0.0739440694
159704426,53.0348854,4.64329672,110,53.8661613,4.71550369,30.938488,30.8903122,0.0148718953,-0.34906584,0.261799395,0.00885363948,0,0.986281157,0.0740098953
159804386,53.4957542,4.62704611,110,54.322464,4.71697855,30.9393806,30.8902664,-0.00562251825,-0.34906584,0.261799395,0.00892996322,0,0.986175895,0.0736364946
159904346,53.9552803,4.58572054,110,54.7789459,4.71882868,30.9400787,30.8850517,0.000938773155,-0.34906584,0.261799395,0.0069836895,0,0.985686898,0.0742872879
160005139,54.4106445,4.54898405,110,55.2394485,4.72231293,30.9405155,30.8857346,0.00280624628,-0.34906584,0.261799395,0.00433346396,0,0.98488009,0.0750777349
160105099,54.8682899,4.57379436,110,55.6963921,4.72356939,30.9415512,30.8900852,0.0190107338,-0.34906584,0.261799395,0.0103610475,0,0.987317681,0.0756599903
160205059,55.3256836,4.58089733,110,56.1536064,4.72639322,30.9418335,30.8850536,0.0166386012,-0.34906584,0.261799395,0.00282400567,0,0.984221339,0.0756998882
160305019,55.7827492,4.59564352,110,56.6111221,4.729496,30.9427109,30.8748913,-0.0201458819,-0.34906584,0.261799395,0.0087773148,0,0.988426089,0.0743494183
160504939,56.7028046,4.64185953,110,57.527153,4.73645544,30.9442368,30.864624,-0.0193374399,-0.34906584,0.261799395,0.0106472643,0,0.990517437,0.0738772526
160604899,57.1670418,4.66169024,110,57.9857101,4.74027252,30.9446926,30.8668766,0.0212344527,-0.34906584,0.261799395,0.00456038723,0,0.98677808,0.0751723573
160704859,57.6310997,4.63583422,110,58.4446602,4.74429083,30.9457111,30.8729973,0.0488889329,-0.34906584,0.261799395,0.0101893172,0,0.98820889,0.0766881555
160804819,58.0933723,4.60359192,110,58.9040146,4.74849319,30.946434,30.8708267,0.0937796235,-0.34906584,0.261799395,0.00723174401,0,0.986272335,0.0787972286
160904779,58.5557671,4.64162827,110,59.3637886,4.75286341,30.9469566,30.870966,-0.00486522913,-0.34906584,0.261799395,0.00522822654,0,0.985487938,0.075565353
161004739,59.0264893,4.75215721,110,59.8240051,4.75738668,30.9477634,30.8624058,-0.075150013,-0.34906584,0.261799395,0.00807131361,0,0.987601936,0.07193584
161104699,59.5078506,4.8093915,110,60.2846718,4.76204681,30.9485435,30.852211,-0.0596448071,-0.34906584,0.261799395,0.0078041777,0,0.987360597,0.0713317469
161204659,59.9925423,4.81993484,110,60.7458,4.76683187,30.9491692,30.855793,0.00965082645,-0.34906584,0.261799395,0.00625860691,0,0.984366477,0.07329797
161304619,60.476368,4.78251314,110,61.2074013,4.77172995,30.9500465,30.8582325,-0.0413766503,-0.34906584,0.261799395,0.0087773148,0,0.984214187,0.071922563
161404579,60.9534264,4.69583941,110,61.669487,4.77672958,30.9503593,30.8541298,-0.0108450893,-0.34906584,0.261799395,0.00312930346,0,0.981166959,0.0736192912
161504539,61.4212456,4.65239716,110,62.1320648,4.78181696,30.9514503,30.8481712,0.0170236118,-0.34906584,0.261799395,0.0109144002,0,0.98508364,0.0749279782
161604499,61.8855438,4.61314392,110,62.5951424,4.78697968,30.9516659,30.8456841,0.000828528428,-0.34906584,0.261799395,0.00215616636,0,0.981422961,0.0749824196
161704459,62.3438034,4.57689857,110,63.0587234,4.79220963,30.9526272,30.8514023,0.0523441657,-0.34906584,0.261799395,0.00961688347,0,0.984640479,0.0775001496
161804419,62.800705,4.58104658,110,63.5228195,4.79749823,30.9534187,30.8562202,-0.0285748132,-0.34906584,0.261799395,0.00791866425,0,0.984504461,0.0753634796
161904379,63.2594643,4.60413647,110,63.9874306,4.80283356,30.9542046,30.8622208,-0.0260532144,-0.34906584,0.261799395,0.00786142144,0,0.984755456,0.075633198
162004339,63.7239914,4.68269253,110,64.4525604,4.80820847,30.954483,30.8631516,-0.0451700687,-0.34906584,0.261799395,0.00278584333,0,0.982683182,0.0744212866
162105132,64.1949768,4.74083376,110,64.9220963,4.81495428,30.9554024,30.8584023,-0.0628031269,-0.34906584,0.261799395,0.00912109017,0,0.986279488,0.0732597187
162205092,64.6750412,4.7820797,110,65.3882828,4.81909418,30.9559097,30.85676,-0.0941622034,-0.34906584,0.261799395,0.00507557765,0,0.984110415,0.0715828687
162305052,65.1501846,4.75163221,110,65.8549957,4.82454157,30.9565754,30.8508301,-0.0335677378,-0.34906584,0.261799395,0.00665931031,0,0.984709859,0.0736069679
162405012,65.6211472,4.71980047,110,66.3222351,4.82999945,30.9572163,30.8513622,-0.0317515358,-0.34906584,0.261799395,0.0064112558,0,0.984322131,0.0740635395
162604932,66.5399399,4.57783747,110,67.2583084,4.84091949,30.9586296,30.8742428,0.0645396858,-0.34906584,0.261799395,0.0069836895,0,0.98235935,0.0801515579
162704892,66.9877396,4.50923777,110,67.7271271,4.84636927,30.9595661,30.8737335,0.0560677536,-0.34906584,0.261799395,0.00936882943,0,0.984889567,0.081314981
162804852,67.4345474,4.54695415,110,68.1964798,4.85180902,30.9603024,30.860981,-0.0754241571,-0.34906584,0.261799395,0.00736531196,0,0.987689972,0.0769798756
162904812,67.8900986,4.61038733,110,68.6663513,4.85722876,30.9612103,30.841526,-0.0687099472,-0.34906584,0.261799395,0.00908261258,0,0.991882205,0.0763480514
163004772,68.3555908,4.7280612,110,69.1367416,4.86262751,30.9614353,30.8271065,-0.0454499237,-0.34906584,0.261799395,0.00225157198,0,0.990389466,0.0756558701
163104732,68.8308105,4.80349207,110,69.6076584,4.86800146,30.9621086,30.8199997,-0.0252175927,-0.34906584,0.261799395,0.00673563499,0,0.992489815,0.0753330141
163204692,69.3112259,4.83583689,110,70.0790939,4.87334204,30.9631958,30.8147926,-0.00803937949,-0.34906584,0.261799395,0.0108762374,0,0.993831754,0.0753267333
163304652,69.7936935,4.83265781,110,70.551033,4.87864923,30.9639568,30.8104458,0.00628603715,-0.34906584,0.261799395,0.00761336647,0,0.991620541,0.075616613
163404612,70.2735825,4.76941156,110,71.0234909,4.88392115,30.9643002,30.8159428,0.145293638,-0.34906584,0.261799395,0.00343460147,0,0.987306476,0.0810359493
163504572,70.7461395,4.71611738,110,71.4964523,4.88915014,30.9655342,30.831461,0.152186662,-0.34906584,0.261799395,0.0123454835,0,0.989011765,0.082649298
163604532,71.2136383,4.64237738,110,71.9699173,4.89433527,30.9662247,30.8370094,0.0592936277,-0.34906584,0.261799395,0.00690736482,0,0.986632526,0.0810706913
163704492,71.6772537,4.63814545,110,72.4438782,4.8994751,30.9665527,30.8349571,0.0429412015,-0.34906584,0.261799395,0.00328195235,0,0.98616147,0.0810048282
163804452,72.1416245,4.68586683,110,72.918335,4.90456629,30.9672699,30.8332462,0.00597379217,-0.34906584,0.261799395,0.00717450073,0,0.989225686,0.0796440765
163904412,72.6139069,4.76721811,110,73.3932724,4.90960693,30.9683456,30.8303032,-0.0606487989,-0.34906584,0.261799395,0.0107617509,0,0.992179036,0.076712653
164004372,73.0934296,4.8083663,110,73.8686981,4.91459656,30.968689,30.833807,-0.0392676964,-0.34906584,0.261799395,0.00343460147,0,0.98858887,0.0770058557
164104332,73.5755234,4.83494091,110,74.3446045,4.91953039,30.9693108,30.8402882,0.00992895383,-0.34906584,0.261799395,0.00622044457,0,0.988680065,0.078475289
164205125,74.0563049,4.80540705,110,74.8249512,4.92576838,30.970417,30.8502693,0.0431321263,-0.34906584,0.261799395,0.0109755863,0,0.989559054,0.0801364854
164305085,74.5368729,4.75395441,110,75.301796,4.9292655,30.9706955,30.8562107,0.0146347163,-0.34906584,0.261799395,0.00278584333,0,0.985163987,0.0797735453
164405045,75.0069199,4.68636847,110,75.7785797,4.92865229,30.9718971,30.8685989,0.107816912,-0.34906584,0.261799395,0.0120211048,0,0.988191128,0.0836150423
164505005,75.4720459,4.65880632,110,76.2548065,4.92295599,30.9725266,30.8763981,0.0799253806,-0.34906584,0.261799395,0.00629676925,0,0.985159814,0.0833266601
164704925,76.4116287,4.75649023,110,77.203804,4.8976059,30.9739037,30.8647289,-0.111910343,-0.34906584,0.261799395,0.00795682613,0,0.988947332,0.075804092
164804885,76.887886,4.7582655,110,77.6757431,4.87856054,30.9744968,30.8588734,-0.0123732332,-0.34906584,0.261799395,0.00593422819,0,0.988204241,0.0778226703
164904845,77.3651276,4.79685688,110,78.1459808,4.86102057,30.9753723,30.8567257,-0.00585337868,-0.34906584,0.261799395,0.00875823386,0,0.989126086,0.0769025683
165004805,77.8444901,4.78079081,110,78.6146622,4.84491491,30.9758167,30.8608971,0.0139035825,-0.34906584,0.261799395,0.00444590067,0,0.985702038,0.0771274716
165104765,78.3196106,4.74793673,110,79.0819168,4.83016443,30.9766026,30.8678436,-0.00293202396,-0.34906584,0.261799395,0.00786142144,0,0.986484647,0.0765021145
165204725,78.7912216,4.7380681,110,79.5478668,4.81669855,30.9771786,30.8777008,0.00947619695,-0.34906584,0.261799395,0.00576249789,0,0.984171271,0.0767166093
165304685,79.2631607,4.76159143,110,80.0126343,4.80445337,30.9778652,30.8800659,0.0183896907,-0.34906584,0.261799395,0.00686920295,0,0.984014273,0.0763673708
165404645,79.7329788,4.70045996,110,80.476326,4.79336023,30.9785595,30.8764267,-0.000145053869,-0.34906584,0.261799395,0.00694552716,0,0.984439731,0.0759596825
165504605,80.195961,4.67063665,110,80.9390488,4.78336096,30.9793816,30.8734665,0.00871013384,-0.34906584,0.261799395,0.00822396204,0,0.985690773,0.0762183741
165604565,80.6574326,4.64896345,110,81.4009094,4.77439356,30.9801044,30.8740883,0.0276792161,-0.34906584,0.261799395,0.00723174401,0,0.985357285,0.0768801644
165704525,81.1174011,4.65249825,110,81.8619995,4.76640081,30.9808903,30.871109,0.0472828969,-0.34906584,0.261799395,0.00786142144,0,0.986009181,0.0773371533
165804485,81.581459,4.68248367,110,82.322403,4.75933075,30.9818001,30.8626423,-0.0319122188,-0.34906584,0.261799395,0.00910169352,0,0.987922668,0.0741474479
165904445,82.0468826,4.65322781,110,82.7822037,4.7531333,30.9823818,30.8605328,0.0343966,-0.34906584,0.261799395,0.00581974117,0,0.98609066,0.0763363317
166004405,82.5114059,4.64842367,110,83.2414856,4.74775934,30.9831944,30.8580971,0.0297276024,-0.34906584,0.261799395,0.00812855642,0,0.987269521,0.0761163384
166104365,82.9750519,4.61609936,80,83.6698456,4.42806482,30.9838486,30.8567886,-0.0245019086,0.259705007,0.261799395,0.00654482376,0,0.985160351,0.0987927094
166204325,83.4383316,4.6886363,80,84.0682755,4.11867762,30.9841671,30.8622856,-0.0214683414,-0.34906584,0.261799395,0.00318654696,0,0.979113221,0.121465042
166305118,83.9262619,5.09356785,80,84.4405823,3.81787872,30.9853897,30.8440418,-0.415230095,-0.34906584,0.261799395,0.0121299149,0,0.980711281,0.14433983
166405078,84.4676971,5.5907917,80,84.7817917,3.5271759,30.9861298,30.8075848,-0.65173924,-0.34906584,0.261799395,0.0074034743,0,0.974010348,0.133335248
166505038,85.0588531,6.07344961,80,85.0958786,3.24683881,30.9866371,30.7730694,-0.742147505,-0.34906584,0.261799395,0.00507557765,0,0.96744442,0.110597186
166704958,86.35849,6.57566071,80,85.6461639,2.71299481,30.9884148,30.6981678,-0.787337899,-0.34906584,0.261799395,0.00862466544,0,0.977958918,0.0650357455
166804918,87.0113907,6.30686998,80,85.8840332,2.45891309,30.9894924,30.6830082,-0.579682827,-0.34906584,0.261799395,0.0107808318,0,1,0.0444976687
166904878,87.6154404,5.7390337,80,86.098114,2.21302295,30.829752,30.6931458,-0.111103848,-0.34906584,0.261799395,-1.42037082,0,0.91256845,0.0511108339
167004838,88.1516724,5.0200305,80,86.2891769,1.97506201,30.9028416,30.7279129,0.18396692,-0.34906584,0.261799395,0.731182396,0,0.514161885,0.0499449745
167104798,88.6140442,4.30236721,80,86.4579544,1.74477386,30.9735699,30.7295876,-0.278645009,-0.34906584,0.261799395,0.707566381,0,0.343085378,0.0271747373
167204758,89.011467,3.73902249,80,86.6051788,1.52191412,30.9928894,30.6406479,-1.37832522,-0.34906584,0.261799395,0.19327265,0,0.411964864,0.00433840416
167304718,89.3631897,3.39234996,80,86.7315445,1.30623877,30.9931965,30.4400215,-2.71314383,-0.34906584,0.261799395,0.00307206018,0,0.471379727,-0.01864844
167404678,89.6878662,3.20390415,80,86.8377151,1.09751642,30.9941845,30.1434689,-4.0269599,-0.34906584,0.261799395,0.00988401938,0,0.571339726,-0.0418614298
167504638,89.9996109,3.06842566,80,86.9243469,0.895525634,30.9947529,29.8013287,-4.88986874,-0.34906584,0.261799395,0.00568617322,0,0.671875119,-0.0653409213
167604598,90.299202,2.92686009,80,86.9920654,0.700047791,30.9949894,29.4826965,-4.75933266,-0.34906584,0.261799395,0.00236605876,0,0.773082495,-0.0890741646
167704558,90.5813828,2.72276592,80,87.0414886,0.51087445,30.9957047,29.2453518,-3.82921648,-0.34906584,0.261799395,0.00715541979,0,0.814121127,-0.11300002
167804518,90.8369827,2.38293529,80,87.0731964,0.327799469,30.9958973,29.1313725,-2.37325811,-0.34906584,0.261799395,0.00192719302,0,0.737803102,-0.137019485
167904478,91.0485306,1.88159192,80,87.0877686,0.150629684,30.9965916,29.1157169,-1.11127222,-0.34906584,0.261799395,0.00694552716,0,0.675516367,-0.161051869
168004438,91.2024918,1.23494518,91.0699997,87.0857544,-0.0208282471,30.9965057,29.1140213,-0.776037991,-0.34906584,0.261799395,-0.000858650368,0,0.625177085,-0.185085654
168104398,91.2823715,0.486800969,91.0699997,87.0986481,0.133300781,30.9969311,29.0703545,-0.849821448,-0.34906584,0.261799395,0.00425508944,0,0.611474991,-0.20915553
168204358,91.2849808,-0.289569736,91.0699997,87.1260147,0.282885224,30.9969807,28.9750824,-1.01854014,-0.34906584,0.261799395,0.000496109074,0,0.621948957,-0.210411116
168304318,91.209404,-1.03449667,91.0699997,87.1674271,0.42805481,30.9972172,28.846529,-1.071123,-0.34906584,0.261799395,0.00236605876,0,0.651129842,-0.20748423
168405111,91.0641403,-1.66682172,91.0699997,87.2230301,0.570228577,30.9971924,28.7040672,-1.01455605,-0.34906584,0.261799395,-0.000246004522,0,0.684612751,-0.201537609
168505071,90.8604355,-2.16874886,91.0699997,87.2914047,0.706771851,30.9968948,28.5843792,-0.763870597,-0.34906584,0.261799395,-0.00297665456,0,0.716552794,-0.188688785
168605031,90.6136475,-2.5480783,91.0699997,87.372612,0.8394292,30.9965553,28.4874687,-0.476173311,-0.34906584,0.261799395,-0.00339643913,0,0.745496392,-0.17378895
168804951,90.0345383,-2.94778681,91.0699997,87.5720062,1.093104,30.9959793,28.3787346,0.109013334,-0.34906584,0.261799395,-0.00015264895,0,0.792006493,-0.140984088
168904911,89.7276382,-3.01386189,91.0699997,87.6848068,1.16599786,30.995575,28.3650303,0.314243019,-0.34906584,0.261799395,-0.00404519727,0,0.809615135,-0.128431708
169004871,89.4205246,-2.97106934,91.0699997,87.7939682,1.12839758,30.9948883,28.3665085,0.405611992,-0.34906584,0.261799395,-0.00686920295,0,0.828564882,-0.124969602
169104831,89.1242523,-2.83662415,91.0699997,87.8996048,1.0920105,30.9942055,28.3788891,0.494931847,-0.34906584,0.261799395,-0.00683104061,0,0.851197958,-0.122140259
169204791,88.8424683,-2.64546776,91.0699997,88.0018387,1.05679834,30.993763,28.4084358,0.578684688,-0.34906584,0.261799395,-0.00442681974,0,0.878540754,-0.119573638
169304751,88.5833206,-2.42139006,91.0699997,88.1007767,1.02272034,30.9937305,28.4626274,0.662376225,-0.34906584,0.261799395,-0.000324379012,0,0.907749236,-0.116665728
169404711,88.348938,-2.18762994,91.0699997,88.1965256,0.989741027,30.9933968,28.549736,0.781237006,-0.34906584,0.261799395,-0.00333919586,0,0.929958344,-0.111661822
169504671,88.1401672,-1.96638501,91.0699997,88.2891846,0.957824707,30.9926395,28.6613464,0.913915157,-0.34906584,0.261799395,-0.00757520413,0,0.948144913,-0.105158642
169604631,87.9515991,-1.76945007,91.0699997,88.3788528,0.926938355,30.9928818,28.7984638,1.06602061,-0.34906584,0.261799395,0.00242330204,0,0.966931105,-0.0967088938
169704591,87.7852249,-1.58433902,91.0699997,88.4656296,0.89704895,30.9925671,28.9613934,1.11164784,-0.34906584,0.261799395,-0.00314838463,0,0.975032806,-0.090483807
169804551,87.6377106,-1.40750265,91.0699997,88.549614,0.868123353,30.9921131,29.140131,1.12307,-0.34906584,0.261799395,-0.00454130629,0,0.984516501,-0.0846227482
169904511,87.510376,-1.21361208,91.0699997,88.6308899,0.840128601,30.9921627,29.3288822,1.0724926,-0.34906584,0.261799395,0.000496109074,0,0.995005071,-0.0806223229
170004471,87.4020462,-1.0337975,91.0699997,88.7095413,0.813036621,30.9914913,29.5127468,1.01419568,-0.34906584,0.261799395,-0.00671655405,0,1,-0.0769030675
170104431,87.3115311,-0.846053541,91.0699997,88.7856598,0.786819458,30.8258629,29.7011395,0.950563729,-0.34906584,0.261799395,-1.34063792,0,0.904891789,-0.0683463737
170204391,87.2406921,-0.640523612,91.0699997,88.8593216,0.761446655,30.9045105,29.8845863,0.710281491,-0.34906584,0.261799395,0.786790133,0,0.747702003,-0.0731025562
170304351,87.1919098,-0.439351737,91.0699997,88.9306107,0.7368927,30.9802818,30.0190983,-0.111735307,-0.34906584,0.261799395,0.758007884,0,0.836278796,-0.0964117199
170404311,87.1621094,-0.270342588,91.0699997,88.9995956,0.713129699,30.9912148,30.0923901,-0.895145118,-0.34906584,0.261799395,0.109372973,0,0.84473896,-0.11966411
170505104,87.143837,-0.188218221,91.0699997,89.0668945,0.690134704,30.9913292,30.146656,-1.24997354,-0.34906584,0.261799395,0.0011354055,0,0.81530273,-0.140108049
170605064,87.1282272,-0.209779933,91.0699997,89.131485,0.667701721,30.9912987,30.200634,-1.26796269,-0.34906584,0.261799395,-0.000305297901,0,0.822672904,-0.14241156
170705024,87.1031113,-0.358099014,91.0699997,89.1939926,0.64617157,30.9909153,30.2638721,-1.21938014,-0.34906584,0.261799395,-0.00383530487,0,0.818335295,-0.140521914
170904944,86.980011,-0.906454861,91.0699997,89.3130341,0.605171204,30.9912262,30.4070072,-0.952267766,-0.34906584,0.261799395,-0.00200351747,0,0.802545309,-0.125463396
171004904,86.8765869,-1.17489409,91.0699997,89.3696899,0.585655212,30.9911041,30.4652386,-0.945889354,-0.34906584,0.261799395,-0.0012211916,0,0.793223381,-0.121055566
171104864,86.7482147,-1.41859066,91.0699997,89.4245224,0.566769898,30.9908085,30.5057144,-0.983442485,-0.34906584,0.261799395,-0.00295757339,0,0.790145397,-0.11826241
171204824,86.5990448,-1.56361294,91.0699997,89.4775848,0.548492432,30.9904747,30.5224037,-1.08300304,-0.34906584,0.261799395,-0.00333919586,0,0.791837633,-0.118861631
171304784,86.4455643,-1.62684619,91.0699997,89.5289383,0.530804932,30.9905891,30.5110226,-1.19203699,-0.34906584,0.261799395,0.00114486716,0,0.800454259,-0.121530421
171404744,86.2910767,-1.64417732,91.0699997,89.5786362,0.513687134,30.990139,30.495245,-1.15671849,-0.34906584,0.261799395,-0.00450314395,0,0.802236319,-0.120163277
171504704,86.1400757,-1.62922728,91.0699997,89.6267319,0.497121185,30.9900818,30.469862,-1.11145961,-0.34906584,0.261799395,-0.000572433579,0,0.807482958,-0.119032048
171604664,85.9917374,-1.60318244,91.0699997,89.6732712,0.481089264,30.9896107,30.4431496,-1.07656443,-0.34906584,0.261799395,-0.00471303659,0,0.808647037,-0.11832992
171704624,85.8469315,-1.57711053,91.0699997,89.7183151,0.465576172,30.9894409,30.4168186,-0.990408421,-0.34906584,0.261799395,-0.00169821957,0,0.810811043,-0.115905106
171804584,85.7039795,-1.53957081,91.0699997,89.7619019,0.450561523,30.9892635,30.3903847,-0.953006864,-0.34906584,0.261799395,-0.00177454401,0,0.811458528,-0.115062244
171904544,85.5664749,-1.48605251,91.0699997,89.8040848,0.436032623,30.9889297,30.3684921,-0.913742542,-0.34906584,0.261799395,-0.00333919586,0,0.809837341,-0.114198297
172004504,85.4329681,-1.43974936,91.0299988,89.8442612,0.415306091,30.9892025,30.3387184,-0.871452153,-0.34906584,0.261799395,0.00272860005,0,0.810760021,-0.113704748
172104464,85.3050842,-1.39921927,90.9599991,89.8813705,0.383577973,30.9885406,30.3198433,-0.831976712,-0.34906584,0.261799395,-0.00662114844,0,0.796827853,-0.113429204
172204424,85.1797333,-1.36041081,90.9000015,89.915184,0.349543244,30.9888725,30.2939816,-0.828837693,-0.34906584,0.261799395,0.00332011469,0,0.794025004,-0.114712805
172304384,85.0588608,-1.34344888,90.8299942,89.9458084,0.316604614,30.9882755,30.2627068,-0.863383412,-0.34906584,0.261799395,-0.00597239006,0,0.78661561,-0.1172648
172404344,84.9358292,-1.36805391,90.7699966,89.9733505,0.284729004,30.9883518,30.2411213,-0.797642887,-0.34906584,0.261799395,0.000763244752,0,0.787666857,-0.114257328
172505137,84.8102722,-1.39148271,90.6999969,89.9981079,0.253883362,30.9881725,30.2136726,-0.891521454,-0.34906584,0.261799395,-0.0017788019,0,0.783807337,-0.116414532
172605097,84.6800232,-1.40777695,90.6299973,90.0196152,0.22229512,30.9875717,30.1894951,-0.807407022,-0.34906584,0.261799395,-0.0060105524,0,0.77892828,-0.112881981
172705057,84.5398941,-1.46236575,90.5599976,90.0381699,0.191795349,30.9875889,30.1583004,-0.80521071,-0.34906584,0.261799395,0.000171730077,0,0.78358376,-0.111509979
172805017,84.3923264,-1.50781655,90.4799957,90.0537033,0.160608932,30.9872074,30.1329288,-0.765559494,-0.34906584,0.261799395,-0.0038162237,0,0.784354687,-0.108774796
173004937,84.0802307,-1.54756439,90.3399963,90.0762711,0.102892555,30.9870777,30.0884933,-0.668140769,-0.34906584,0.261799395,0.000534271356,0,0.79444766,-0.102331012
173104897,83.9223328,-1.53796804,90.2599945,90.0834808,0.0745747909,30.9866371,30.0643616,-0.617953002,-0.34906584,0.261799395,-0.00440773834,0,0.798193455,-0.0992424116
173204857,83.7675095,-1.49702549,90.1800003,90.087883,0.045506794,30.9865551,30.04562,-0.601831913,-0.34906584,0.261799395,-0.000820488087,0,0.805833697,-0.0974830762
173304817,83.6191635,-1.42813051,90.1100006,90.0897217,0.0190404262,30.9863262,30.0242596,-0.516215205,-0.34906584,0.261799395,-0.00228973432,0,0.811384141,-0.0937494636
173404777,83.4801331,-1.32711494,90.0299988,90.0890808,-0.00657399511,30.9857578,30.0073929,-0.451707304,-0.34906584,0.261799395,-0.00568617322,0,0.814844012,-0.0908928663
173504737,83.3557739,-1.23306334,89.9499969,90.0858841,-0.0330276489,30.9860592,29.9986858,-0.39898935,-0.34906584,0.261799395,0.0030148169,0,0.822107017,-0.0883041844
173604697,83.2432785,-1.15576565,89.8699951,90.0802155,-0.0586293526,30.9853401,29.9932632,-0.328079998,-0.34906584,0.261799395,-0.00719358167,0,0.820007563,-0.0848919749
173704657,83.1385651,-1.06803298,89.7999954,90.0723114,-0.081741333,30.9855003,29.9946938,-0.240555048,-0.34906584,0.261799395,0.00160281395,0,0.824919879,-0.0808075666
173804617,83.0455856,-0.937600017,89.7200012,90.0622406,-0.104105629,30.9849529,29.9954643,-0.276437998,-0.34906584,0.261799395,-0.00547628105,0,0.823785365,-0.0812652409
173904577,82.9646988,-0.831976295,89.6399994,90.0499191,-0.127413437,30.9853573,29.9984856,-0.284206986,-0.34906584,0.261799395,0.00404519727,0,0.829728246,-0.0808784217
174004537,82.8933258,-0.769176424,89.5599976,90.0354156,-0.149973556,30.9848289,30.004282,-0.175891727,-0.34906584,0.261799395,-0.00528546982,0,0.826396108,-0.0762895048
174104497,82.8260345,-0.707451165,89.4799957,90.0187988,-0.171806335,30.9846745,30.0122719,-0.179105282,-0.34906584,0.261799395,-0.00154557067,0,0.829666555,-0.075188145
174204457,82.7618256,-0.667665005,89.4000015,90.0001297,-0.192932129,30.9845066,30.0261078,-0.152789429,-0.34906584,0.261799395,-0.00167913851,0,0.831263065,-0.0728305653
174304417,82.6995773,-0.629633367,89.3199997,89.9794846,-0.213376358,30.984499,30.0356407,-0.102351047,-0.34906584,0.261799395,-7.63244752e-05,0,0.834403276,-0.0697693154
174404377,82.6408691,-0.573667765,89.2399979,89.9569244,-0.233161926,30.9847355,30.0456295,-0.0978766531,-0.34906584,0.261799395,0.00236605876,0,0.838627815,-0.068392843
174504337,82.5894241,-0.505900025,89.159996,89.932518,-0.252309173,30.9841919,30.054039,-0.0942001939,-0.34906584,0.261799395,-0.00543811871,0,0.83899802,-0.0673071593
174605130,82.542778,-0.449022114,89.0799942,89.906105,-0.270840973,30.9842739,30.0623035,-0.0998828262,-0.34906584,0.261799395,0.000813707244,0,0.845762908,-0.0665218532
174705090,82.4951706,-0.390438348,89,89.8781815,-0.288703918,30.9843521,30.0728359,-0.0698317885,-0.34906584,0.261799395,0.000782325864,0,0.849716783,-0.0646200553
174805050,82.4533005,-0.354659617,88.909996,89.8484192,-0.307726532,30.9839306,30.0843735,-0.0182935838,-0.34906584,0.261799395,-0.0042169271,0,0.850876808,-0.0618356504
174905010,82.4098358,-0.329490691,88.8299942,89.816864,-0.326141357,30.9842987,30.101284,0.0147894742,-0.34906584,0.261799395,0.00368265598,0,0.857643962,-0.0593626946
175104930,82.3392029,-0.234826982,88.6699982,89.7491302,-0.357917786,30.983881,30.1372223,0.0880977586,-0.34906584,0.261799395,-0.00103038037,0,0.860881209,-0.0544069856
175204890,82.3100891,-0.196228713,88.5800018,89.712883,-0.374710083,30.9840202,30.1625938,0.131835431,-0.34906584,0.261799395,0.00139292167,0,0.863934338,-0.0515498295
175304850,82.2862244,-0.112626143,88.5,89.6750641,-0.390960693,30.9841099,30.1849384,0.0458219834,-0.34906584,0.261799395,0.000896812591,0,0.866458058,-0.053587947
175404810,82.2753448,0.00145243027,88.4199982,89.6358795,-0.405021667,30.9835987,30.2059021,0.0644390807,-0.34906584,0.261799395,-0.00511373999,0,0.86553967,-0.0528212823
175504770,82.2770081,0.0914318934,88.3300018,89.5952225,-0.420293182,30.9840603,30.2199478,0.0398154333,-0.34906584,0.261799395,0.00461763097,0,0.87176156,-0.0537064299
175604730,82.2896576,0.163173422,88.25,89.5531311,-0.435073853,30.9837875,30.2322559,0.0896376371,-0.34906584,0.261799395,-0.00272860005,0,0.869525969,-0.0522042401
175704690,82.310051,0.233117282,88.1699982,89.509819,-0.447710663,30.9837761,30.248167,0.060020715,-0.34906584,0.261799395,-0.000114486713,0,0.871441185,-0.0532159619
175804650,82.3331985,0.217699155,88.0899963,89.4653244,-0.459940583,30.9839878,30.2683773,0.155137971,-0.34906584,0.261799395,0.00211800425,0,0.871956408,-0.0492484085
175904610,82.3530731,0.165700197,88,89.4195251,-0.473442078,30.9841099,30.2875767,0.128542259,-0.34906584,0.261799395,0.0012211916,0,0.871948838,-0.0487718582
176004570,82.3675537,0.110891357,87.9199982,89.3724594,-0.486508697,30.9839668,30.3062611,0.147601217,-0.34906584,0.261799395,-0.00143108389,0,0.871568024,-0.0467604473
176104530,82.3773346,0.106850445,87.8399963,89.3243332,-0.497487396,30.9835835,30.3277969,0.168276951,-0.34906584,0.261799395,-0.00383530487,0,0.871205688,-0.044987347
176204490,82.3868256,0.14198482,87.7599945,89.275177,-0.508112609,30.983717,30.3499889,0.1369946,-0.34906584,0.261799395,0.00133567827,0,0.874621391,-0.045322042
176304450,82.4003296,0.204379693,87.6699982,89.2248688,-0.520060241,30.9841423,30.3692722,0.101072311,-0.34906584,0.261799395,0.00425508944,0,0.87751627,-0.0464432091
176404410,82.4222794,0.286848754,87.5899963,89.1734467,-0.53162384,30.9836311,30.3790989,0.0364549384,-0.34906584,0.261799395,-0.00511373999,0,0.875374615,-0.0491739921
176504370,82.4516373,0.380299777,87.5099945,89.1210938,-0.541150391,30.9841671,30.3880272,0.0344576724,-0.34906584,0.261799395,0.00536179449,0,0.881369412,-0.05025791
176604330,82.492897,0.480581135,87.4300003,89.0678482,-0.550364196,30.9842129,30.3946915,0.0211768989,-0.34906584,0.261799395,0.000457946851,0,0.879671395,-0.0520632677
176705123,82.5417862,0.542747319,87.3399963,89.0131454,-0.560951233,30.9837265,30.4002266,0.0277379751,-0.34906584,0.261799395,-0.0048254733,0,0.876986325,-0.0530833639
176805083,82.593338,0.566017568,87.2599945,88.9579086,-0.571049988,30.9837513,30.4194489,0.0401290059,-0.34906584,0.261799395,0.000248054537,0,0.877264321,-0.053298153
176905043,82.6345215,0.450476915,87.1800003,88.9018707,-0.57930249,30.9842854,30.4450207,0.149961546,-0.34906584,0.261799395,0.00534271309,0,0.876975,-0.04847477
177005003,82.6626663,0.293670803,87.0899963,88.8448944,-0.58895874,30.9840355,30.4748878,0.200150296,-0.34906584,0.261799395,-0.00249962648,0,0.871270299,-0.0446902923
177204923,82.6754913,0.136137694,86.9300003,88.7284241,-0.605672181,30.9842644,30.5179539,0.12114694,-0.34906584,0.261799395,-0.00059151469,0,0.873557746,-0.044211112
177304883,82.6797409,0.184629023,86.8399963,88.6689835,-0.614476502,30.9845505,30.5333576,0.0498230048,-0.34906584,0.261799395,0.00286216778,0,0.87715739,-0.0466696844
177404843,82.6940079,0.269205719,86.7599945,88.6087189,-0.622996032,30.9840355,30.5340042,-0.0255609266,-0.34906584,0.261799395,-0.00515190233,0,0.87645632,-0.050292965
177504803,82.7164764,0.380602837,86.6699982,88.5476532,-0.631240845,30.9842491,30.5332813,-0.0430509821,-0.34906584,0.261799395,0.00213708542,0,0.881853223,-0.0527043045
177604763,82.7500153,0.452958077,86.5899963,88.485817,-0.639218628,30.9840355,30.5320244,-0.0475503318,-0.34906584,0.261799395,-0.00213708542,0,0.880960345,-0.0545435287
177704723,82.7878036,0.473220944,86.5099945,88.4233932,-0.645273864,30.9841766,30.5333805,0.0285176281,-0.34906584,0.261799395,0.00141200284,0,0.882154286,-0.0531546734
177804683,82.8252029,0.416668475,86.4199982,88.3602448,-0.652798951,30.9847107,30.5426769,0.0766472146,-0.34906584,0.261799395,0.00534271309,0,0.882425964,-0.0516347736
177904643,82.8556213,0.323521852,86.3399963,88.2963867,-0.660082519,30.9845276,30.5581093,0.237098098,-0.34906584,0.261799395,-0.00183178741,0,0.876333654,-0.0456018411
178004603,82.8792038,0.271880955,86.2599945,88.2320099,-0.665463746,30.9844379,30.5751534,0.180557609,-0.34906584,0.261799395,-0.000896812591,0,0.875017405,-0.0466434211
178104563,82.8996048,0.260017842,86.1699982,88.1669693,-0.67233783,30.9846668,30.5832405,0.118013002,-0.34906584,0.261799395,0.00228973432,0,0.876333117,-0.0486801006
178204523,82.9209824,0.280789733,86.0899963,88.1012878,-0.678990662,30.9843063,30.5883808,0.0423213243,-0.34906584,0.261799395,-0.00360633153,0,0.874255776,-0.0517404489
178304483,82.9436646,0.299473435,86.0099945,88.0351486,-0.68376416,30.9844627,30.5940838,0.0281615444,-0.34906584,0.261799395,0.00156465173,0,0.876916051,-0.0528821908
178404443,82.9677353,0.322592258,85.9199982,87.9683914,-0.690050781,30.9844952,30.5972996,-0.042986989,-0.34906584,0.261799395,0.000324379012,0,0.877152383,-0.0562035628
178504403,82.9947052,0.344549775,85.8399963,87.9010468,-0.696131408,30.9848824,30.5958443,-0.00352637772,-0.34906584,0.261799395,0.00387346721,0,0.879050553,-0.0562000982
178604363,83.0242233,0.33686617,85.7599945,87.8332977,-0.700350463,30.9849033,30.5954704,0.0173836946,-0.34906584,0.261799395,0.000209892314,0,0.877057552,-0.0563682467
178704323,83.0499039,0.260414362,85.6699982,87.7649918,-0.706100464,30.9846897,30.5983906,0.0391433463,-0.34906584,0.261799395,-0.00213708542,0,0.875441015,-0.0556735061
178805116,83.064827,0.142056882,85.5899963,87.6955872,-0.711664855,30.9849682,30.6174946,0.145872697,-0.34906584,0.261799395,0.00276281987,0,0.875480354,-0.0511576049
178905076,83.0699158,0.106802344,85.5099945,87.6263962,-0.715197265,30.9849529,30.6305122,0.0452957265,-0.34906584,0.261799395,-0.00015264895,0,0.874078274,-0.054046087
179005036,83.0730438,0.0830714032,85.4300003,87.5568619,-0.718798339,30.9848423,30.6380558,0.0850834101,-0.34906584,0.261799395,-0.00110670493,0,0.873670638,-0.0527150333
179204956,83.0787582,0.140489802,85.2599945,87.4163208,-0.728945434,30.9850082,30.6409569,-0.0261632558,-0.34906584,0.261799395,0.00232789642,0,0.877640843,-0.0581153557
179304916,83.0886688,0.172356188,85.1699982,87.3453445,-0.733774841,30.9847603,30.6412201,-0.0126953721,-0.34906584,0.261799395,-0.00248054555,0,0.875670731,-0.0588466339
179404876,83.1009445,0.187673002,85.0899963,87.2739105,-0.738449097,30.9847565,30.6421108,0.0372165218,-0.34906584,0.261799395,-3.81622376e-05,0,0.876118839,-0.0582254715
179504836,83.1118317,0.177359447,85.0099945,87.2021942,-0.741305053,30.9848423,30.6498413,0.0121455668,-0.34906584,0.261799395,0.000858650368,0,0.87553519,-0.059487585
179604796,83.1229858,0.172431186,84.9199982,87.1300583,-0.745732605,30.9852009,30.6591835,0.0200866219,-0.34906584,0.261799395,0.00358725036,0,0.875411391,-0.0598240942
179704756,83.1365433,0.19048284,84.8399963,87.0575027,-0.750020325,30.9846535,30.6681976,0.0249550585,-0.34906584,0.261799395,-0.00547628105,0,0.869563639,-0.0605022311
179804716,83.1495972,0.165158793,84.75,86.9845428,-0.754168212,30.9851437,30.6716175,-0.0107364776,-0.34906584,0.261799395,0.00490384735,0,0.873351693,-0.0622562952
179904676,83.157692,0.0927518085,84.6699982,86.9112015,-0.758181274,30.9849186,30.6787491,0.046293579,-0.34906584,0.261799395,-0.00225157198,0,0.868693113,-0.060351789
180004636,83.1598206,0.0490924157,84.5899963,86.8376389,-0.760401428,30.9850464,30.6887341,0.0207048059,-0.34906584,0.261799395,0.001278435,0,0.869210243,-0.0611317903
180104596,83.1575012,0.00336060184,84.5,86.76371,-0.764213562,30.9849892,30.6974049,0.0518009067,-0.34906584,0.261799395,-0.000572433579,0,0.867356002,-0.0601017959
180204556,83.1539688,0.0143661564,84.4199982,86.6894302,-0.767903626,30.9850082,30.6985683,-0.0490550026,-0.34906584,0.261799395,0.000190811188,0,0.868205905,-0.0641428307
180304516,83.1526108,0.0406312756,84.3399963,86.6149597,-0.769810975,30.9847927,30.6928749,-0.0340813398,-0.34906584,0.261799395,-0.00215616636,0,0.86767143,-0.0648718327
180404476,83.1521683,0.0536445081,84.2599945,86.5403137,-0.771654785,30.9847603,30.6924515,-0.00830582343,-0.34906584,0.261799395,-0.000324379012,0,0.868047714,-0.0649910942
180504436,83.1505356,0.0296518356,84.1699982,86.465332,-0.775105774,30.9850464,30.6942234,-0.0325055495,-0.34906584,0.261799395,0.00286216778,0,0.869093418,-0.0663678572
180604396,83.1446991,-0.0547328293,84.0899963,86.3900299,-0.778444946,30.9851608,30.6973686,0.070593819,-0.34906584,0.261799395,0.00114486716,0,0.867191672,-0.0628467947
180704356,83.1319046,-0.112720951,84.0099945,86.3145752,-0.780011475,30.9851799,30.6973495,-0.00192546844,-0.34906584,0.261799395,0.000190811188,0,0.867119074,-0.0650690347
180804316,83.1137695,-0.17284283,83.9300003,86.2389755,-0.781524658,30.9849358,30.6933765,0.0305886157,-0.34906584,0.261799395,-0.00244238321,0,0.866664708,-0.0639605895
180905109,83.0895157,-0.196989477,83.8399963,86.1624603,-0.784660339,30.9848289,30.6891899,-0.00781918783,-0.34906584,0.261799395,-0.00105971179,0,0.868706584,-0.065521121
181005069,83.0649796,-0.175117761,83.7599945,86.0862808,-0.787488282,30.9849358,30.6825447,0.0141929388,-0.34906584,0.261799395,0.00106854271,0,0.870899916,-0.0656890869
181105029,83.0443192,-0.153751925,83.6699982,86.009819,-0.790428162,30.9850903,30.6797943,0.0482323393,-0.34906584,0.261799395,0.00154557067,0,0.871326804,-0.0654097199
181304949,83.0148697,-0.0848858729,83.5099945,85.8562317,-0.794362366,30.9849358,30.665472,0.0296325572,-0.34906584,0.261799395,0.00106854271,0,0.871662736,-0.0682747066
181404909,83.0028763,-0.0987658799,83.4199982,85.7791214,-0.797078431,30.984581,30.6656456,0.0465944633,-0.34906584,0.261799395,-0.00354908803,0,0.868754923,-0.0682828501
181504869,82.9882812,-0.0829348788,83.3399963,85.7017593,-0.799708068,30.9844627,30.6630268,0.0305488948,-0.34906584,0.261799395,-0.00118302938,0,0.869489372,-0.0697303712
181604829,82.9751358,-0.0621348955,83.25,85.6241531,-0.802253723,30.9847565,30.662962,0.0125833992,-0.34906584,0.261799395,0.00293849222,0,0.870775819,-0.0713189319
181704789,82.9648819,-0.0426090397,83.1699982,85.5463028,-0.804718018,30.9848671,30.6655941,-0.0293084867,-0.34906584,0.261799395,0.00110670493,0,0.869195879,-0.073729001
181804749,82.9572906,-0.0402478799,83.0899963,85.4683838,-0.805435181,30.9846497,30.6717224,0.010911989,-0.34906584,0.261799395,-0.00217524753,0,0.865938723,-0.0732172951
181904709,82.9452209,-0.112178147,83,85.3902435,-0.807795227,30.9844284,30.6840668,0.0819384232,-0.34906584,0.261799395,-0.00221340987,0,0.863330305,-0.0706790909
182004669,82.9238281,-0.214648426,82.9199982,85.311882,-0.810081482,30.9849682,30.6940174,0.0547153838,-0.34906584,0.261799395,0.00539995683,0,0.865532756,-0.0708515868
182104629,82.8938675,-0.300014257,82.8399963,85.2334671,-0.810628235,30.9848824,30.6967869,0.0758372694,-0.34906584,0.261799395,-0.000858650368,0,0.862582743,-0.0695976168
182204589,82.85952,-0.321764737,82.7599945,85.1549988,-0.811157227,30.9845715,30.6951542,-0.0108171348,-0.34906584,0.261799395,-0.00311022229,0,0.862825513,-0.0725543052
182304549,82.823555,-0.331462562,82.6699982,85.0763168,-0.813334167,30.9847107,30.6937847,0.00273344526,-0.34906584,0.261799395,0.00139292167,0,0.865875006,-0.0725611746
182404509,82.7885132,-0.314605713,82.5899963,84.9974365,-0.81543988,30.9843349,30.6845303,-0.0621922724,-0.34906584,0.261799395,-0.00375898043,0,0.865567625,-0.0756257847
182504469,82.7535248,-0.325813711,82.5099945,84.9185181,-0.81581372,30.9845066,30.6741371,-0.0155609008,-0.34906584,0.261799395,0.00171730074,0,0.869552374,-0.0748419762
182604429,82.7176285,-0.335356593,82.4300003,84.8395691,-0.816172302,30.9846325,30.67453,0.0189751871,-0.34906584,0.261799395,0.00125935383,0,0.869552791,-0.0741138235
182704389,82.6822052,-0.335552633,82.3399963,84.7604218,-0.818191528,30.9844608,30.6725445,0.0526914112,-0.34906584,0.261799395,-0.00171730074,0,0.868223667,-0.0735362396
182804349,82.6469498,-0.332811803,82.2599945,84.6810837,-0.82014209,30.9841595,30.6737041,0.015894711,-0.34906584,0.261799395,-0.0030148169,0,0.867663145,-0.0752064362
182905142,82.6086197,-0.366274625,82.1800003,84.6010818,-0.820360839,30.9839668,30.6809959,0.0592165962,-0.34906584,0.261799395,-0.00191126589,0,0.867428303,-0.073673211
183005102,82.5663528,-0.373341262,82.0899963,84.5215607,-0.822029114,30.9839878,30.6884575,0.0636406317,-0.34906584,0.261799395,0.000209892314,0,0.86786449,-0.0736212432
183105062,82.5239105,-0.374863595,82.0099945,84.441864,-0.823855102,30.9841099,30.6917019,0.0150760887,-0.34906584,0.261799395,0.0012211916,0,0.868621349,-0.0754864216
183205022,82.4809799,-0.403725833,81.9300003,84.3621597,-0.823954284,30.9842491,30.6995163,0.0560945384,-0.34906584,0.261799395,0.00139292167,0,0.868224978,-0.074026607
183404942,82.3980713,-0.35765478,81.7599945,84.20224,-0.827428162,30.9841099,30.7119026,-0.00209703436,-0.34906584,0.261799395,-0.00175546296,0,0.866411448,-0.0769760534
183504902,82.3635559,-0.311831832,81.6800003,84.1222,-0.827412903,30.983717,30.7076797,-0.0552728288,-0.34906584,0.261799395,-0.00393071072,0,0.865970254,-0.0798759386
183604862,82.3320084,-0.275306731,81.5899963,84.0419998,-0.829068482,30.9838085,30.7055302,-0.0214093812,-0.34906584,0.261799395,0.000915893703,0,0.867784381,-0.080037348
183704822,82.3047333,-0.24863942,81.5099945,83.9616394,-0.830668151,30.9840603,30.7068653,-0.0100596305,-0.34906584,0.261799395,0.00251870765,0,0.867345572,-0.0807658732
183804782,82.2769547,-0.291975945,81.4199982,83.881134,-0.832214355,30.9836979,30.7182159,0.126787245,-0.34906584,0.261799395,-0.0036254127,0,0.861353576,-0.0762989223
183904742,82.2417603,-0.36673677,81.3399963,83.8004837,-0.83371228,30.9835472,30.7344627,0.0749578029,-0.34906584,0.261799395,-0.00150740845,0,0.859912872,-0.077237986
184004702,82.1968689,-0.445314944,81.2599945,83.7198563,-0.833496094,30.9834728,30.7382298,0.0615693815,-0.34906584,0.261799395,-0.000744163641,0,0.859918714,-0.0770659149
184104662,82.1472092,-0.444448233,81.1699982,83.6390915,-0.834953308,30.9836273,30.7385674,0.0119174244,-0.34906584,0.261799395,0.00154557067,0,0.861593127,-0.0790344924
184204622,82.1001358,-0.413459212,81.0899963,83.5581818,-0.836364746,30.9832115,30.7309799,-0.0947502702,-0.34906584,0.261799395,-0.00415968383,0,0.86092031,-0.0835639909
184304582,82.0545349,-0.398428351,81.0099945,83.4773026,-0.836062133,30.9833698,30.7213192,-0.0223411676,-0.34906584,0.261799395,0.0015837329,0,0.864567995,-0.0822554529
184404542,82.0105362,-0.413313568,80.9199982,83.3962936,-0.837435424,30.9836559,30.7223129,-0.0100063439,-0.34906584,0.261799395,0.00286216778,0,0.864996076,-0.0823164433
184504502,81.9634018,-0.475989789,80.8399963,83.315155,-0.838765442,30.9833012,30.7262039,0.0710288435,-0.34906584,0.261799395,-0.00354908803,0,0.861212492,-0.0794324353
184604462,81.9100342,-0.539452553,80.7599945,83.2340546,-0.838386536,30.9834442,30.72616,0.0490343794,-0.34906584,0.261799395,0.00143108389,0,0.863737583,-0.0796979293
184704422,81.8520584,-0.579548955,80.6800003,83.1529846,-0.838017762,30.9830589,30.7301006,0.0604082569,-0.34906584,0.261799395,-0.00385438604,0,0.861501515,-0.0789490491
184804382,81.7892761,-0.618741035,80.5899963,83.0717926,-0.839330018,30.9830589,30.7392273,0.0851039886,-0.34906584,0.261799395,0,0,0.86305654,-0.0776272416
184904342,81.7236099,-0.626098216,80.5099945,82.9904785,-0.84059906,30.9828968,30.7418747,0.0296909809,-0.34906584,0.261799395,-0.00162189512,0,0.863398135,-0.0793505907
185005135,81.6609192,-0.544052124,80.4300003,82.9085464,-0.840159118,30.9827003,30.7418919,-0.0211049672,-0.34906584,0.261799395,-0.00194911275,0,0.86447525,-0.0820389464
185105095,81.6068115,-0.478090495,80.3499985,82.8273392,-0.839515686,30.9828186,30.7272968,-0.0926194787,-0.34906584,0.261799395,0.00118302938,0,0.868292332,-0.0858484432
185205055,81.5589905,-0.450206131,80.2599945,82.7460022,-0.840782166,30.9828072,30.7174206,-0.0564599037,-0.34906584,0.261799395,-0.000114486713,0,0.868709087,-0.0859575719
185305015,81.5111618,-0.480898559,80.1800003,82.6645508,-0.842000306,30.9826832,30.7137604,0.0610604994,-0.34906584,0.261799395,-0.00124027277,0,0.867576003,-0.0825202391
185504935,81.3986969,-0.596182644,80.0099945,82.5013123,-0.844329834,30.9827766,30.7375622,0.116554894,-0.34906584,0.261799395,0.00211800425,0,0.865743756,-0.0792980418
185604895,81.3376389,-0.595558345,79.9300003,82.419693,-0.843770325,30.9821167,30.7483101,0.0898845419,-0.34906584,0.261799395,-0.00660206703,0,0.861027718,-0.0798964798
185704855,81.2766113,-0.576825321,79.8399963,82.3379593,-0.844899476,30.9821892,30.7554913,0.0627773851,-0.34906584,0.261799395,0.000725082529,0,0.864081979,-0.0809589699
185804815,81.2166672,-0.561004341,79.7599945,82.2561188,-0.845987976,30.9823761,30.7539062,-0.00823241472,-0.34906584,0.261799395,0.00186994963,0,0.865652323,-0.0837672427
185904775,81.1610336,-0.517369926,79.6699982,82.1741791,-0.847040832,30.9819641,30.7448292,-0.0263764616,-0.34906584,0.261799395,-0.00412152149,0,0.864277422,-0.0854989961
186004735,81.1078491,-0.498083234,79.5899963,82.0921402,-0.848060608,30.9821472,30.7418518,-0.0117121581,-0.34906584,0.261799395,0.00183178741,0,0.867299974,-0.0858824253
186104695,81.0563889,-0.499401152,79.5099945,82.0101624,-0.847381592,30.9818211,30.7365685,-0.0227340944,-0.34906584,0.261799395,-0.00326287141,0,0.865463972,-0.086872533
186204655,81.0008926,-0.55056411,79.4199982,81.928093,-0.848388672,30.981699,30.7329693,0.0296743754,-0.34906584,0.261799395,-0.0012211916,0,0.866523266,-0.0852492303
186304615,80.9400711,-0.578242779,79.3399963,81.845932,-0.849365234,30.9818039,30.7373447,0.0610592142,-0.34906584,0.261799395,0.00104946154,0,0.867082715,-0.0841777325
186404575,80.8800888,-0.559542239,79.2599945,81.7638397,-0.848645508,30.9819679,30.7451019,0.0128256436,-0.34906584,0.261799395,0.00164097617,0,0.866938889,-0.08599668
186504535,80.8222122,-0.572327793,79.1699982,81.6816559,-0.849614441,30.9815426,30.7532234,0.0362643227,-0.34906584,0.261799395,-0.00425508944,0,0.863424182,-0.0853058323
186604495,80.763298,-0.583356977,79.0899963,81.5993729,-0.850552857,30.9817715,30.7620106,0.0500161648,-0.34906584,0.261799395,0.00228973432,0,0.865423083,-0.0848838538
186704455,80.7035141,-0.596927941,79.0099945,81.5171661,-0.84979248,30.9813271,30.7682476,0.0360639207,-0.34906584,0.261799395,-0.00444590067,0,0.86183846,-0.0852724239
186804415,80.640831,-0.630978703,78.9300003,81.4350281,-0.849054992,30.9815922,30.7689686,0.0616117008,-0.34906584,0.261799395,0.00265227561,0,0.865033031,-0.0842761621
186904375,80.5768051,-0.641423523,78.8399963,81.3527985,-0.85001117,30.9812946,30.7670593,-0.0104821203,-0.34906584,0.261799395,-0.00297665456,0,0.863454103,-0.0868213326
187004335,80.5106888,-0.661037266,78.7599945,81.2704849,-0.850934327,30.9812241,30.7709618,0.0493118055,-0.34906584,0.261799395,-0.000706001418,0,0.864405811,-0.0848782957
187105128,80.443367,-0.675196588,78.6800003,81.1875763,-0.850161254,30.981102,30.775631,0.0159804821,-0.34906584,0.261799395,-0.00121109909,0,0.864402294,-0.0858398676
187205088,80.3730011,-0.699769914,78.5999985,81.105423,-0.849192321,30.9813023,30.7792473,0.0564439893,-0.34906584,0.261799395,0.00200351747,0,0.866017938,-0.0842937678
187305048,80.3034363,-0.693670928,78.5099945,81.0231857,-0.850143433,30.9807701,30.7803974,0.0276751276,-0.34906584,0.261799395,-0.00532363215,0,0.86323458,-0.0853824019
187405008,80.2321777,-0.705865741,78.4300003,80.9408569,-0.851061523,30.9806271,30.7871742,0.0198095441,-0.34906584,0.261799395,-0.00143108389,0,0.865148604,-0.0855325311
187604928,80.0928802,-0.649797499,78.2599945,80.7759399,-0.852816284,30.9803295,30.7875175,0.0210134145,-0.34906584,0.261799395,-0.00454130629,0,0.864725947,-0.0865415782
187704888,80.0234909,-0.679772198,78.1800003,80.6935196,-0.851979554,30.9802437,30.7957497,0.0581605211,-0.34906584,0.261799395,-0.000858650368,0,0.86572355,-0.0849749967
187804848,79.9514694,-0.692605674,78.0899963,80.6110153,-0.852841675,30.9802113,30.8027496,0.0460165627,-0.34906584,0.261799395,-0.000324379012,0,0.865743756,-0.0852007419
187904808,79.8802643,-0.65938729,78.0099945,80.5284348,-0.853673279,30.9803162,30.8089561,0.0114053246,-0.34906584,0.261799395,0.00104946154,0,0.866361737,-0.0866937116
188004768,79.8140335,-0.628626287,77.9199982,80.4457703,-0.854479492,30.9802799,30.8075314,1.39474869e-05,-0.34906584,0.261799395,-0.000362541265,0,0.866069734,-0.0877434686
188104728,79.7523727,-0.579283237,77.8399963,80.3630371,-0.85525769,30.9801502,30.8037338,0.0260247234,-0.34906584,0.261799395,-0.00129751605,0,0.86550808,-0.0879004896
188204688,79.6959076,-0.54460752,77.7599945,80.2803879,-0.854347229,30.9799976,30.8078804,-0.0151537536,-0.34906584,0.261799395,-0.0015264895,0,0.864536762,-0.0899145976
188304648,79.6415787,-0.549139678,77.6699982,80.19767,-0.855130494,30.980175,30.8127937,-0.0159347169,-0.34906584,0.261799395,0.00177454401,0,0.864943743,-0.0903696194
188404608,79.5856628,-0.612084448,77.5899963,80.1148758,-0.85589093,30.9799747,30.8192883,-0.016875362,-0.34906584,0.261799395,-0.00200351747,0,0.8621943,-0.0901388526
188504568,79.5214157,-0.686670423,77.5099945,80.0321655,-0.854960144,30.9799976,30.8316536,0.0775144696,-0.34906584,0.261799395,0.000228973426,0,0.861393452,-0.0862813666
188604528,79.4526672,-0.721437752,77.4199982,79.9493866,-0.855723083,30.979744,30.8430157,0.0225405339,-0.34906584,0.261799395,-0.00253778882,0,0.859312654,-0.0875615031
188704488,79.3807831,-0.750121057,77.3399963,79.866539,-0.856463134,30.9794827,30.8481236,0.000690746296,-0.34906584,0.261799395,-0.00261411327,0,0.859388828,-0.0880259946
188804448,79.3061295,-0.750693321,77.2599945,79.783783,-0.855514526,30.9794025,30.8456554,0.00643714657,-0.34906584,0.261799395,-0.000801406975,0,0.861037195,-0.0880057216
188904408,79.2308121,-0.756850421,77.1699982,79.7009506,-0.856262207,30.9794025,30.8420143,-0.00843269844,-0.34906584,0.261799395,0,0,0.862467885,-0.0886975601
189004368,79.1577377,-0.721523285,77.0899963,79.6180496,-0.856984437,30.979475,30.831377,-0.058062233,-0.34906584,0.261799395,0.000725082529,0,0.864638448,-0.0912108347
189104328,79.0876389,-0.734586298,77.0099945,79.5352402,-0.856018066,30.979332,30.8230724,0.0230416302,-0.34906584,0.261799395,-0.00143108389,0,0.864298701,-0.0889180675
189205121,79.015274,-0.762993872,76.9300003,79.4518585,-0.855079651,30.9788551,30.81287,0.00181128981,-0.34906584,0.261799395,-0.00473085605,0,0.864011765,-0.0896776319
189305081,78.9394455,-0.778683484,76.8399963,79.3690872,-0.855621338,30.9791927,30.8085747,0.0437139496,-0.34906584,0.261799395,0.00337735796,0,0.868275642,-0.0884202495
189405041,78.8628082,-0.790086329,76.7599945,79.2862473,-0.856363952,30.9788208,30.802042,0.0243117567,-0.34906584,0.261799395,-0.00372081809,0,0.866152763,-0.0891674533
189505001,78.786171,-0.778526843,76.6699982,79.203331,-0.857083619,30.9787102,30.8048878,0.0654451996,-0.34906584,0.261799395,-0.00110670493,0,0.867155313,-0.0879577547
189704921,78.6403046,-0.747482657,76.5099945,79.037468,-0.856786072,30.9786568,30.7973099,0.0255413409,-0.34906584,0.261799395,-0.00141200284,0,0.868141294,-0.0899851844
189804881,78.5680084,-0.740140319,76.4199982,78.9545212,-0.85749054,30.978199,30.7973385,0.0760043412,-0.34906584,0.261799395,-0.00457946863,0,0.866402984,-0.0885857344
189904841,78.497551,-0.702437699,76.3399963,78.8714981,-0.858174622,30.9781094,30.795475,0.0364355557,-0.34906584,0.261799395,-0.000896812591,0,0.868178248,-0.0904578269
190004801,78.4287872,-0.692946076,76.25,78.788414,-0.858833313,30.9783955,30.7984276,0.0162622817,-0.34906584,0.261799395,0.00286216778,0,0.869644403,-0.0914236531
190104761,78.3620758,-0.670873344,76.1699982,78.7052689,-0.859471619,30.9779396,30.8025417,-0.00483700028,-0.34906584,0.261799395,-0.00456038723,0,0.865879059,-0.0925920233
190204721,78.2966003,-0.65881592,76.0800018,78.6220703,-0.8600896,30.9780731,30.8113251,0.0561154597,-0.34906584,0.261799395,0.00133567827,0,0.867004633,-0.0909044445
190304681,78.2301407,-0.700267136,76,78.5388031,-0.860689819,30.9775467,30.8230286,0.0477408171,-0.34906584,0.261799395,-0.00526638888,0,0.862480819,-0.0907000229
190404641,78.1554489,-0.772536159,75.9199982,78.4556427,-0.859601319,30.9777298,30.8355179,0.143987,-0.34906584,0.261799395,0.00183178741,0,0.863938093,-0.0865326226
190504601,78.0770187,-0.768557847,75.8399963,78.3725891,-0.858548462,30.9774284,30.8435345,0.00789595861,-0.34906584,0.261799395,-0.0030148169,0,0.861951947,-0.0906713679
190604561,77.9996033,-0.742766738,75.75,78.2894745,-0.859196961,30.9773617,30.8472137,-0.0361913815,-0.34906584,0.261799395,-0.000667839136,0,0.863736868,-0.0925175324
190704521,77.9238434,-0.737209082,75.6699982,78.2062988,-0.859825134,30.9770756,30.8440819,-0.0185205229,-0.34906584,0.261799395,-0.00286216778,0,0.86363095,-0.0923847109
190804481,77.8462906,-0.768688679,75.5899963,78.12323,-0.858767211,30.9774971,30.8436165,0.00141265395,-0.34906584,0.261799395,0.0042169271,0,0.867440939,-0.0916159004
190904441,77.7667389,-0.807235956,75.5,78.0400925,-0.859410584,30.9771824,30.8470535,0.039694,-0.34906584,0.261799395,-0.00314838463,0,0.864145696,-0.0900212079
191004401,77.6844635,-0.812926769,75.4199982,77.9568939,-0.860031128,30.9769363,30.8530235,0.0147516849,-0.34906584,0.261799395,-0.00246146438,0,0.864639819,-0.0906798169
191104361,77.6027298,-0.806829512,75.3399963,77.8738022,-0.858965576,30.9767647,30.8581352,0.0494284742,-0.34906584,0.261799395,-0.00171730074,0,0.864831209,-0.0894633457
191204321,77.5207901,-0.808199942,75.25,77.7906494,-0.859601319,30.9766922,30.8607979,0.0116053699,-0.34906584,0.261799395,-0.000725082529,0,0.865743518,-0.0906586945
191305114,77.4378433,-0.812241256,75.1699982,77.7067566,-0.860216796,30.9766216,30.8557682,0.0182151441,-0.34906584,0.261799395,-0.000700166682,0,0.866850019,-0.0906078219
191405074,77.3562164,-0.793015242,75.0899963,77.6236649,-0.858919799,30.976738,30.8502159,0.006953442,-0.34906584,0.261799395,0.00116394821,0,0.868844688,-0.0913374573
191505034,77.2790146,-0.751574636,75,77.5405121,-0.859555542,30.9761448,30.8415546,0.00027130841,-0.34906584,0.261799395,-0.00593422819,0,0.866691828,-0.0923834518
191704954,77.1287537,-0.75940758,74.8399963,77.3741989,-0.859102905,30.9764099,30.8356628,0.00925545674,-0.34906584,0.261799395,0.00389254815,0,0.87198621,-0.0926481634
191804914,77.0511551,-0.789433956,74.75,77.2910309,-0.859733582,30.9761982,30.8432465,0.0599385127,-0.34906584,0.261799395,-0.00211800425,0,0.868431687,-0.0906442106
191904874,76.9727554,-0.793810248,74.6699982,77.2078018,-0.860343933,30.9759846,30.8463821,0.0374449864,-0.34906584,0.261799395,-0.00213708542,0,0.868298411,-0.0913100094
192004834,76.8928223,-0.806558609,74.5800018,77.1245193,-0.860933959,30.975935,30.8556519,0.10823065,-0.34906584,0.261799395,-0.000496109074,0,0.867868602,-0.0886822417
192104794,76.8124542,-0.83297807,74.5,77.0411835,-0.861506164,30.9760017,30.8654099,0.0756558031,-0.34906584,0.261799395,0.000667839136,0,0.867693067,-0.0891273767
192204754,76.7300873,-0.839925289,74.4199982,76.9579544,-0.860394776,30.9753551,30.8763371,0.0919038877,-0.34906584,0.261799395,-0.00646849908,0,0.863619864,-0.0880922526
192304714,76.6469498,-0.815150678,74.3300018,76.8746643,-0.860984802,30.9753723,30.8774319,0.00012130737,-0.34906584,0.261799395,0.000171730077,0,0.867540121,-0.0912520364
192404674,76.567276,-0.757834971,74.25,76.7913208,-0.861554444,30.97509,30.8736782,-0.0560229532,-0.34906584,0.261799395,-0.00282400567,0,0.867554784,-0.0939681083
192504634,76.4933701,-0.703891695,74.159996,76.7079239,-0.862106323,30.9753551,30.8725147,-0.0147421602,-0.34906584,0.261799395,0.00265227561,0,0.870160699,-0.0935873091
192604594,76.4246902,-0.689394474,74.0800018,76.6244812,-0.862642944,30.97509,30.873682,-0.0188802369,-0.34906584,0.261799395,-0.00265227561,0,0.86730361,-0.0942495391
192704554,76.353714,-0.725067258,74,76.5411377,-0.861493409,30.9751148,30.8786678,0.0440126061,-0.34906584,0.261799395,0.000248054537,0,0.867454171,-0.091969423
192804514,76.279541,-0.774463773,73.909996,76.4577408,-0.862045288,30.974968,30.8846073,0.0542740002,-0.34906584,0.261799395,-0.00146924611,0,0.865713954,-0.0911268592
192904474,76.1985779,-0.857302427,73.8300018,76.3742981,-0.862581909,30.9749012,30.8895741,0.0664329678,-0.34906584,0.261799395,-0.000667839136,0,0.865764022,-0.089758642
193004434,76.1114731,-0.881578028,73.75,76.2909698,-0.861432374,30.9747906,30.8867207,-0.000663423561,-0.34906584,0.261799395,-0.00110670493,0,0.867023468,-0.0916217268
193104394,76.0254059,-0.880557895,73.6699982,76.2077484,-0.860323608,30.9746532,30.8828812,0.00552318105,-0.34906584,0.261799395,-0.00137384061,0,0.868223965,-0.0914736912
193204354,75.9387207,-0.878026605,73.5800018,76.1244659,-0.860916138,30.9742508,30.8868141,0.0291291829,-0.34906584,0.261799395,-0.00402611587,0,0.86735177,-0.0906213969
193304314,75.8527985,-0.859136045,73.5,76.0411301,-0.861488342,30.9744244,30.8848133,-0.0121263508,-0.34906584,0.261799395,0.00173638179,0,0.87111032,-0.092211403
193405107,75.7690964,-0.834492922,73.4199982,75.957222,-0.860377014,30.9742508,30.8858795,0.0337445252,-0.34906584,0.261799395,-0.00172203162,0,0.869686604,-0.0909701809
193505067,75.6878052,-0.823643744,73.3300018,75.8739548,-0.860740662,30.973917,30.8861599,0.0323777311,-0.34906584,0.261799395,-0.00333919586,0,0.869053185,-0.0911350027
193605027,75.6069412,-0.804751694,73.25,75.7906342,-0.861317933,30.9738464,30.8857536,0.00432357797,-0.34906584,0.261799395,-0.000706001418,0,0.870617628,-0.0923359767
193804947,75.457901,-0.731513262,73.0800018,75.6238251,-0.862419128,30.9738312,30.8992023,0.0157204382,-0.34906584,0.261799395,-0.00167913851,0,0.868251204,-0.0928112566
193904907,75.3859863,-0.752073884,72.9899979,75.5403442,-0.86294049,30.9734631,30.9035358,0.0426270477,-0.34906584,0.261799395,-0.00368265598,0,0.866232991,-0.0918306187
194004867,75.3102493,-0.775032043,72.909996,75.4568176,-0.863449097,30.9732666,30.9132156,0.0873818994,-0.34906584,0.261799395,-0.00196535536,0,0.865350485,-0.0899943262
194104827,75.2306747,-0.800686836,72.8300018,75.3733978,-0.86227417,30.973074,30.9188099,0.0020163774,-0.34906584,0.261799395,-0.00192719302,0,0.86525321,-0.0923173577
194204787,75.1476364,-0.807346463,72.7399979,75.2899323,-0.862798035,30.973217,30.9167633,-0.0169842001,-0.34906584,0.261799395,0.00143108389,0,0.867687047,-0.0930586681
194304747,75.0673141,-0.77723223,72.659996,75.2064209,-0.863311768,30.9728546,30.9145794,0.0289061554,-0.34906584,0.261799395,-0.0036254127,0,0.865540802,-0.0920837
194404707,74.9870529,-0.779221475,72.5699997,75.1228638,-0.863807678,30.9729614,30.9186211,0.0548607223,-0.34906584,0.261799395,0.00106854271,0,0.867055058,-0.0912149549
194504667,74.9085007,-0.758531213,72.4899979,75.0392532,-0.86428833,30.9726009,30.91222,-0.0389738306,-0.34906584,0.261799395,-0.00360633153,0,0.865998268,-0.0947618484
194604627,74.8316422,-0.73383069,72.409996,74.9557571,-0.863085449,30.9728374,30.9005127,-0.0727996677,-0.34906584,0.261799395,0.00236605876,0,0.870322824,-0.096706979
194704587,74.7579498,-0.734200239,72.3199997,74.8722153,-0.863586426,30.9729443,30.8920994,-0.0256584771,-0.34906584,0.261799395,0.00106854271,0,0.870321512,-0.095802255
194804547,74.68396,-0.769704878,72.2399979,74.7886276,-0.864072144,30.9722939,30.8985291,0.0407804623,-0.34906584,0.261799395,-0.00650666142,0,0.865561366,-0.0933887437
194904507,74.6045303,-0.821762323,72.159996,74.7051544,-0.862876892,30.9726124,30.9024277,0.0535876751,-0.34906584,0.261799395,0.00318654696,0,0.869329929,-0.0923430845
195004467,74.5177078,-0.922458231,72.0699997,74.6216278,-0.863385499,30.9721718,30.9090137,0.122027919,-0.34906584,0.261799395,-0.00440773834,0,0.865157008,-0.0887906253
195104427,74.4220276,-0.954575419,71.9899979,74.5380554,-0.863876343,30.9719353,30.9088326,0.0539199114,-0.34906584,0.261799395,-0.00236605876,0,0.867305934,-0.0903279781
195204387,74.3264542,-0.902418792,71.909996,74.4545975,-0.862686157,30.9721107,30.9017868,-0.0439090021,-0.34906584,0.261799395,0.00175546296,0,0.871761143,-0.0940083936
195304347,74.2398071,-0.839916408,71.8199997,74.3710938,-0.86319989,30.9717674,30.8963127,0.0120090125,-0.34906584,0.261799395,-0.00343460147,0,0.870456219,-0.0930554196
195405140,74.1580811,-0.804771543,71.7399979,74.2868729,-0.863698304,30.9720726,30.8925476,-0.0135170575,-0.34906584,0.261799395,0.00302774785,0,0.874105334,-0.0944774151
195505100,74.0799179,-0.784963727,71.659996,74.2034531,-0.862291992,30.9715424,30.8915234,-0.0355247483,-0.34906584,0.261799395,-0.00530455122,0,0.870696485,-0.0955698267
195605060,74.0029755,-0.779565811,71.5699997,74.1199875,-0.86281842,30.9713535,30.8985653,0.0294735674,-0.34906584,0.261799395,-0.0018890308,0,0.871126771,-0.093578279
195705020,73.9237747,-0.818590462,71.4899979,74.0364685,-0.863329589,30.971386,30.9115086,0.0775757432,-0.34906584,0.261799395,0.000324379012,0,0.870352983,-0.0913556144
195904940,73.7466354,-0.937992632,71.3199997,73.8692932,-0.864301026,30.9712677,30.9415646,0.119280815,-0.34906584,0.261799395,-0.000858650368,0,0.867522597,-0.0876816586
196004900,73.6541977,-0.916110575,71.2299957,73.7856369,-0.864766419,30.971117,30.9501877,0.0146393301,-0.34906584,0.261799395,-0.00150740845,0,0.867611527,-0.0907976925
196104860,73.5689316,-0.830222964,71.1500015,73.7019424,-0.865211487,30.9712238,30.9548397,-0.0327979103,-0.34906584,0.261799395,0.00106854271,0,0.869190931,-0.0931367129
196204820,73.4938812,-0.760346889,71.0699997,73.6183624,-0.863980591,30.9709854,30.9484558,-0.0900880843,-0.34906584,0.261799395,-0.00238513993,0,0.868621588,-0.096098572
196304780,73.4245834,-0.707070827,70.9799957,73.5347443,-0.864456177,30.9707661,30.9445839,-0.116826907,-0.34906584,0.261799395,-0.0021943287,0,0.869050264,-0.0981434137
196404740,73.3584213,-0.706618845,70.9000015,73.4510727,-0.86491394,30.9702587,30.9376507,-0.0431848541,-0.34906584,0.261799395,-0.00507557765,0,0.867339849,-0.0964790806
196504700,73.2853546,-0.766527832,70.8099976,73.367363,-0.865359008,30.9702263,30.9468441,0.0332345963,-0.34906584,0.261799395,-0.000324379012,0,0.86753428,-0.0934789851
196604660,73.2060547,-0.807380974,70.7299957,73.2836075,-0.865788758,30.9703655,30.9537868,0.0500033498,-0.34906584,0.261799395,0.00139292167,0,0.867002726,-0.0924012139
196704620,73.1248093,-0.813344777,70.6500015,73.1999741,-0.864535034,30.9701366,30.9567337,0.0106393574,-0.34906584,0.261799395,-0.00228973432,0,0.864952147,-0.0935015678
196804580,73.0418625,-0.838696957,70.5599976,73.1162949,-0.864992797,30.9698868,30.9535141,0.0157420393,-0.34906584,0.261799395,-0.00249962648,0,0.865165472,-0.0932113305
196904540,72.9567413,-0.850130439,70.4799957,73.0325775,-0.865432739,30.97019,30.9458961,0.00375814433,-0.34906584,0.261799395,0.00303389784,0,0.868705273,-0.0936983526
197004500,72.8725052,-0.85211724,70.4000015,72.9489746,-0.864191711,30.9700298,30.9393368,-0.0230343938,-0.34906584,0.261799395,-0.00160281395,0,0.867709041,-0.094707489
197104460,72.789978,-0.834852517,70.3099976,72.8653336,-0.864659607,30.9699612,30.9396858,0.0280716773,-0.34906584,0.261799395,-0.000686920306,0,0.867924571,-0.0933187455
197204420,72.7116547,-0.798672378,70.2299957,72.7816467,-0.865112305,30.9697361,30.9382019,-0.0397778526,-0.34906584,0.261799395,-0.00225157198,0,0.867477655,-0.0960496366
197304380,72.635788,-0.773983061,70.1500015,72.6980743,-0.863881409,30.9695015,30.9405308,-0.0115632061,-0.34906584,0.261799395,-0.00234697759,0,0.866806984,-0.0955184475
197404340,72.5636139,-0.727596402,70.0599976,72.6144562,-0.864359558,30.9691315,30.9400215,-0.0805149078,-0.34906584,0.261799395,-0.00370173715,0,0.866079926,-0.0985710174
197505133,72.4916077,-0.748982847,69.9799957,72.5301208,-0.864819825,30.9691582,30.9341335,-0.0568782091,-0.34906584,0.261799395,0.000264927949,0,0.867980242,-0.0981900617
197605093,72.4123001,-0.848864973,69.9000015,72.4466019,-0.863372803,30.9693432,30.933012,0.0693682581,-0.34906584,0.261799395,0.00185086858,0,0.867968321,-0.0932163522
197705053,72.324028,-0.93029654,69.8099976,72.3630371,-0.863868713,30.9689789,30.9380302,0.0378418341,-0.34906584,0.261799395,-0.00364449364,0,0.865326524,-0.0931160599
197805013,72.2285614,-0.97590214,69.7299957,72.2794189,-0.864346802,30.9691219,30.9435863,0.064964518,-0.34906584,0.261799395,0.00143108389,0,0.867770433,-0.0913966596
198004933,72.0333405,-0.967170894,69.5599976,72.1123734,-0.863642395,30.9684677,30.9325924,0.0264191031,-0.34906584,0.261799395,-0.000343460153,0,0.870452285,-0.0924469978
198104893,71.9402847,-0.883753836,69.4799957,72.0287857,-0.86412555,30.9681664,30.9232178,-0.0395864621,-0.34906584,0.261799395,-0.0030148169,0,0.871262968,-0.0955632627
198204853,71.854538,-0.793040037,69.3899994,71.9451447,-0.864596069,30.9680767,30.9084473,-0.0913045555,-0.34906584,0.261799395,-0.000896812591,0,0.874461412,-0.0987314507
198304813,71.7755966,-0.774713755,69.3099976,71.8614578,-0.865048707,30.9680099,30.9063492,0.0348690972,-0.34906584,0.261799395,-0.000667839136,0,0.87396878,-0.095164679
198404773,71.6956024,-0.815856338,69.2200012,71.7777328,-0.865486145,30.9682064,30.9157524,0.0908424035,-0.34906584,0.261799395,0.00196535536,0,0.873346567,-0.0927183703
198504733,71.6117172,-0.865452111,69.1399994,71.6939697,-0.865910828,30.9680386,30.9299698,0.117228881,-0.34906584,0.261799395,-0.00167913851,0,0.869727612,-0.0908498839
198604693,71.5236893,-0.898934484,69.0499954,71.6101608,-0.866322815,30.967802,30.9386692,0.163868144,-0.34906584,0.261799395,-0.00236605876,0,0.868018568,-0.0884472877
198704653,71.4337387,-0.910212934,68.9700012,71.5263138,-0.866722107,30.9677811,30.9471416,0.0394619219,-0.34906584,0.261799395,-0.000209892314,0,0.869092703,-0.0918263569
198804613,71.3474045,-0.830883741,68.8899994,71.4425964,-0.865437806,30.9675007,30.9500599,-0.0194111951,-0.34906584,0.261799395,-0.0028049245,0,0.868527055,-0.0943731368
198904573,71.2705307,-0.752585351,68.7999954,71.3588333,-0.865865052,30.9676952,30.9450035,-0.116082333,-0.34906584,0.261799395,0.00194627407,0,0.872005582,-0.0987376124
199004533,71.2012863,-0.714155972,68.7200012,71.275032,-0.866279602,30.967411,30.9357872,-0.0974792019,-0.34906584,0.261799395,-0.00284308661,0,0.870546103,-0.0993084982
199104493,71.1328735,-0.727368414,68.6399994,71.1913605,-0.86501056,30.9672947,30.9327679,-0.00308344373,-0.34906584,0.261799395,-0.00116394821,0,0.870466709,-0.0965833738
199204453,71.0596085,-0.809926927,68.5499954,71.1076355,-0.865453064,30.9670753,30.9387341,0.0476934798,-0.34906584,0.261799395,-0.0021943287,0,0.868445277,-0.0941313952
199304413,70.9732361,-0.944973111,68.4700012,71.0238724,-0.865880311,30.9672222,30.9502945,0.130696118,-0.34906584,0.261799395,0.00146924611,0,0.868551016,-0.0896038041
199404373,70.8788452,-0.972769797,68.3899994,70.9402313,-0.864624023,30.9671516,30.9542999,0.066070959,-0.34906584,0.261799395,-0.000706001418,0,0.867978036,-0.0908514559
199504333,70.7864304,-0.944466412,68.2999954,70.8565521,-0.865076721,30.9665642,30.9472809,-0.00334764714,-0.34906584,0.261799395,-0.00587698445,0,0.867447138,-0.0933447033
199605126,70.6973572,-0.875003219,68.2200012,70.7721481,-0.865519226,30.9663792,30.9363155,-0.0595527887,-0.34906584,0.261799395,-0.00183557218,0,0.871459842,-0.0961754173
199705086,70.6128159,-0.838865936,68.1399994,70.6885605,-0.864049256,30.9662704,30.9222488,-0.050250601,-0.34906584,0.261799395,-0.00108762376,0,0.873732805,-0.0966967642
199805046,70.5299911,-0.831843734,68.0499954,70.6049271,-0.864519775,30.966486,30.9222775,0.00222407584,-0.34906584,0.261799395,0.00215616636,0,0.875201702,-0.0952417776
199905006,70.4483261,-0.819730639,67.9700012,70.5212555,-0.864977539,30.9659386,30.9242172,-0.0301319715,-0.34906584,0.261799395,-0.00547628105,0,0.871727943,-0.096484974
200104926,70.2891846,-0.813046575,67.7999954,70.3537674,-0.865844727,30.9658661,30.9325161,0.0992330536,-0.34906584,0.261799395,-0.00284308661,0,0.870383739,-0.0923030227
200204886,70.2086182,-0.821790695,67.7099991,70.2699661,-0.866256714,30.9658985,30.934391,0.0318456069,-0.34906584,0.261799395,0.000324379012,0,0.871490598,-0.0942951217
200304846,70.1253281,-0.850304067,67.6299973,70.1861343,-0.866656005,30.965517,30.9440823,0.0729247779,-0.34906584,0.261799395,-0.0038162237,0,0.868427753,-0.092400156
200404806,70.0402756,-0.855280876,67.5499954,70.1024246,-0.865379333,30.9654274,30.9476318,0.0303711537,-0.34906584,0.261799395,-0.000896812591,0,0.869709373,-0.0934763029
200504766,69.9514923,-0.90319705,67.4599991,70.0186691,-0.865809143,30.9651089,30.9480515,0.0449641235,-0.34906584,0.261799395,-0.00318654696,0,0.869108558,-0.092412591
200604726,69.8583374,-0.908436894,67.3799973,69.9348755,-0.866223633,30.9652519,30.945816,0.0235872157,-0.34906584,0.261799395,0.00143108389,0,0.872363806,-0.0929602757
200704686,69.766716,-0.902214825,67.2900009,69.8510437,-0.866625488,30.9652157,30.9448891,0.0189220421,-0.34906584,0.261799395,-0.000362541265,0,0.87247324,-0.0930782855
200804646,69.6760864,-0.902422786,67.2099991,69.7671738,-0.867014587,30.964777,30.9428349,0.0244770758,-0.34906584,0.261799395,-0.0043886574,0,0.871490836,-0.0928403884
200904606,69.5846863,-0.896467507,67.1299973,69.6834259,-0.865725219,30.9651299,30.9477844,0.0416328907,-0.34906584,0.261799395,0.00353000709,0,0.875193477,-0.0920469016
201004566,69.4983063,-0.838990688,67.0400009,69.5996399,-0.866142273,30.9645939,30.9476547,-0.0594249591,-0.34906584,0.261799395,-0.00536179449,0,0.872143984,-0.0959006995
201104526,69.4178772,-0.780934155,66.9599991,69.5158157,-0.866546631,30.9648056,30.9549866,0.00497943163,-0.34906584,0.261799395,0.00211800425,0,0.874612331,-0.0944203287
201204486,69.3456802,-0.6998564,66.8799973,69.4321136,-0.865272522,30.9646873,30.9599895,-0.0613237619,-0.34906584,0.261799395,-0.00118302938,0,0.872292161,-0.0974770412
201304446,69.2794647,-0.697177291,66.7900009,69.3483734,-0.865704834,30.9643002,30.9664707,-0.00661168108,-0.34906584,0.261799395,-0.00387346721,0,0.869155526,-0.0959682018
201404406,69.2085114,-0.780956745,66.7099991,69.2645874,-0.866124451,30.9643726,30.9726982,0.0392427221,-0.34906584,0.261799395,0.000725082529,0,0.869506598,-0.0936721563
201504366,69.1265182,-0.883167386,66.6299973,69.1809235,-0.864863098,30.9644299,30.9793682,0.0902608484,-0.34906584,0.261799395,0.000572433579,0,0.86822176,-0.0906254724
201604326,69.0374069,-0.925100982,66.5400009,69.0972137,-0.865308106,30.9640903,30.980299,-0.00821694173,-0.34906584,0.261799395,-0.00339643913,0,0.867222786,-0.0931438804
201705119,68.9470901,-0.905708373,66.4599991,69.0127869,-0.865737915,30.9636612,30.9678459,-0.115312383,-0.34906584,0.261799395,-0.00425777026,0,0.869685054,-0.0972010419
201805079,68.8582077,-0.861854076,66.3799973,68.929184,-0.864262879,30.9638462,30.9605465,-0.0750143081,-0.34906584,0.261799395,0.00185086858,0,0.874084175,-0.0967020839
201905039,68.7735367,-0.844851434,66.2900009,68.8455276,-0.864728272,30.9633274,30.9655952,-0.0107226847,-0.34906584,0.261799395,-0.0051900642,0,0.870355844,-0.0947822407
202104959,68.6137466,-0.780948043,66.1199951,68.6781006,-0.865613282,30.9633884,30.9614105,-0.000744676567,-0.34906584,0.261799395,-0.00211800425,0,0.871734738,-0.0957079977
202204919,68.5350647,-0.804270208,66.0400009,68.5943298,-0.866032898,30.96311,30.9625511,-0.0130032897,-0.34906584,0.261799395,-0.00278584333,0,0.870827436,-0.0959838033
202304879,68.4525299,-0.833476424,65.9499969,68.5105133,-0.866444886,30.9631271,30.9669361,0.0087083457,-0.34906584,0.261799395,0.000171730077,0,0.871429324,-0.0949322879
202404839,68.3659134,-0.876055956,65.8699951,68.4266586,-0.866839111,30.9628277,30.9721336,0.0550047755,-0.34906584,0.261799395,-0.00299573573,0,0.869155467,-0.0927663371
202504799,68.275238,-0.902049005,65.7799988,68.3427658,-0.867220581,30.9627094,30.9780025,0.0477594845,-0.34906584,0.261799395,-0.00118302938,0,0.869564295,-0.0923330858
202604759,68.1816177,-0.913751423,65.6999969,68.2588425,-0.867589295,30.9626122,30.979084,0.0293483846,-0.34906584,0.261799395,-0.000973137037,0,0.870120525,-0.0925393775
202704719,68.0908051,-0.852605522,65.6199951,68.1750412,-0.866282165,30.9626732,30.968935,-0.0477854609,-0.34906584,0.261799395,0.000610595802,0,0.872722745,-0.0958007127
202804679,68.0105209,-0.745910287,65.5299988,68.0912018,-0.866681397,30.9625301,30.9648933,-0.0926093683,-0.34906584,0.261799395,-0.00143108389,0,0.872502685,-0.0987235084
202904639,67.9365387,-0.75904429,65.4499969,68.0073242,-0.867067993,30.9626026,30.9606285,-0.000701010227,-0.34906584,0.261799395,0.000725082529,0,0.872955084,-0.0961013734
203004599,67.8614502,-0.768836379,65.3699951,67.9235764,-0.865776062,30.9622478,30.9648895,-0.0237321742,-0.34906584,0.261799395,-0.00354908803,0,0.870057583,-0.0967498571
203104559,67.7890778,-0.714157403,65.2799988,67.8397903,-0.866193116,30.9621944,30.964241,-0.0257830266,-0.34906584,0.261799395,-0.000534271356,0,0.870628834,-0.0976817608
203204519,67.7179108,-0.760210037,65.1999969,67.7559586,-0.866597474,30.9621086,30.9571629,-0.0569208153,-0.34906584,0.261799395,-0.000858650368,0,0.870645463,-0.0987762213
203304479,67.6383743,-0.86027658,65.1199951,67.6722488,-0.865320861,30.962059,30.9580688,0.125346735,-0.34906584,0.261799395,-0.000496109074,0,0.869340003,-0.0918473825
203404439,67.5501328,-0.915204883,65.0299988,67.588501,-0.865750611,30.9617729,30.9630833,0.0821624398,-0.34906584,0.261799395,-0.00286216778,0,0.867699981,-0.0922334418
203504399,67.4566422,-0.955419898,64.9499969,67.504715,-0.866167724,30.9615002,30.9651356,0.0178871863,-0.34906584,0.261799395,-0.00272860005,0,0.868538678,-0.0935588703
203604359,67.3598862,-0.975175977,64.8699951,67.421051,-0.864906311,30.9616547,30.9640923,0.0223851316,-0.34906584,0.261799395,0.00154557067,0,0.871716261,-0.092933327
203704319,67.2641525,-0.940726697,64.7799988,67.3373337,-0.865351379,30.9615936,30.9684639,-0.0209136847,-0.34906584,0.261799395,-0.000610595802,0,0.871649146,-0.0943664759
203805112,67.1750565,-0.867221296,64.6999969,67.2529068,-0.865778625,30.961422,30.9640903,-0.0631290227,-0.34906584,0.261799395,-0.0017031082,0,0.872491062,-0.0966330469
203905072,67.0930862,-0.838750541,64.6100006,67.169136,-0.86596936,30.9609489,30.9662285,-0.0207904465,-0.34906584,0.261799395,-0.00473211752,0,0.870862365,-0.0956063792
204005032,67.0087204,-0.868618071,64.5299988,67.0853271,-0.866378784,30.9607639,30.9733429,0.00945452414,-0.34906584,0.261799395,-0.00185086858,0,0.871404171,-0.0941187888
204204952,66.8258591,-0.914616227,64.3600006,66.9179001,-0.865544617,30.9607029,30.9867249,0.0239979625,-0.34906584,0.261799395,0.00175546296,0,0.872080266,-0.0922150686
204304912,66.7319031,-0.926013112,64.2799988,66.8341293,-0.865966797,30.9604053,30.9885693,0.0141979456,-0.34906584,0.261799395,-0.00297665456,0,0.870496154,-0.0920995548
204404872,66.6377182,-0.910197675,64.1899948,66.7503204,-0.866376221,30.9604378,30.9948463,0.0388614759,-0.34906584,0.261799395,0.000324379012,0,0.871886492,-0.0910151228
204504832,66.5468063,-0.881227911,64.1100006,66.6664658,-0.866775513,30.9604912,30.9962444,-0.0141824363,-0.34906584,0.261799395,0.000534271356,0,0.872560024,-0.092767559
204604792,66.4634171,-0.786585271,64.0199966,66.5825806,-0.867154419,30.9599094,30.9897175,-0.0642980188,-0.34906584,0.261799395,-0.00581974117,0,0.87062192,-0.0955702066
204704752,66.3874817,-0.723089814,63.9399986,66.4986572,-0.86752826,30.9598122,30.9905338,-0.0226094127,-0.34906584,0.261799395,-0.000973137037,0,0.872040987,-0.0950586572
204804712,66.3166428,-0.676542461,63.8499985,66.4147034,-0.867886841,30.9597759,30.9872189,-0.0494245403,-0.34906584,0.261799395,-0.000362541265,0,0.87177366,-0.0967877731
204904672,66.2481613,-0.679088533,63.7700005,66.3307114,-0.86823529,30.9600163,30.9822292,-0.0348339677,-0.34906584,0.261799395,0.00240422087,0,0.872395635,-0.0968170762
205004632,66.1800537,-0.697390735,63.6899986,66.2468491,-0.866903961,30.9595661,30.9729767,-0.0238011833,-0.34906584,0.261799395,-0.00450314395,0,0.868944764,-0.0968088508
205104592,66.1076965,-0.750097394,63.5999985,66.1629486,-0.867284119,30.9598122,30.9647083,-0.0241809376,-0.34906584,0.261799395,0.00246146438,0,0.872179031,-0.0968317464
205204552,66.0305176,-0.820359588,63.5200005,66.0790176,-0.86765033,30.9596844,30.9648952,0.0571821332,-0.34906584,0.261799395,-0.001278435,0,0.86952436,-0.093591854
205304512,65.9477768,-0.867150128,63.4399986,65.9952087,-0.866339386,30.9595451,30.9746456,0.0620645061,-0.34906584,0.261799395,-0.00139292167,0,0.868159413,-0.092473872
205404472,65.8613281,-0.889370263,63.3499985,65.9113617,-0.866737366,30.9593296,30.9742413,0.0241359118,-0.34906584,0.261799395,-0.00215616636,0,0.868108809,-0.0933111906
205504432,65.7750549,-0.862257421,63.2700005,65.8274765,-0.867121398,30.9590149,30.9740238,-0.0170651078,-0.34906584,0.261799395,-0.00314838463,0,0.868188739,-0.0948371962
205604392,65.688652,-0.884381056,63.1899986,65.743721,-0.865825653,30.9589081,30.973526,0.0450980291,-0.34906584,0.261799395,-0.00106854271,0,0.86914885,-0.0924791917
205704352,65.5995483,-0.884848118,63.0999985,65.6599197,-0.866241455,30.9591045,30.9785824,0.0432057865,-0.34906584,0.261799395,0.00196535536,0,0.870272338,-0.0921888128
205804312,65.5137177,-0.8342821,63.0200005,65.576088,-0.866640747,30.9584389,30.9743614,-0.0401873104,-0.34906584,0.261799395,-0.00665931031,0,0.867340326,-0.0954592973
205905105,65.4319916,-0.778686404,62.9399986,65.4916992,-0.865362823,30.958353,30.9665585,-0.0724446923,-0.34906584,0.261799395,-0.000851554098,0,0.871074736,-0.0974216685
206005065,65.3541412,-0.760599673,62.8499985,65.4079666,-0.865567505,30.9584961,30.9598484,-0.0180095434,-0.34906584,0.261799395,0.00143108389,0,0.872300625,-0.0963157564
206105025,65.2771912,-0.774922669,62.7700005,65.3241882,-0.865989685,30.9585171,30.9560833,0.000208723548,-0.34906584,0.261799395,0.000209892314,0,0.871512294,-0.0959008038
206304945,65.1115341,-0.920298278,62.5999985,65.1565247,-0.866793334,30.9578781,30.9698372,0.0665999278,-0.34906584,0.261799395,-0.00475119846,0,0.867200971,-0.0917694792
206404905,65.0161514,-0.959195495,62.5099983,65.0726395,-0.867174804,30.9581718,30.9784832,0.0447693951,-0.34906584,0.261799395,0.00293849222,0,0.870675683,-0.0914851651
206504865,64.9193344,-0.978385866,62.4300003,64.9887161,-0.867546082,30.9580708,30.9802284,0.0539207831,-0.34906584,0.261799395,-0.00101129932,0,0.869529843,-0.0905742869
206604825,64.8237,-0.962453306,62.3400002,64.9047546,-0.867904663,30.9577808,30.9825592,0.0105155706,-0.34906584,0.261799395,-0.00290033012,0,0.869519949,-0.0917279497
206704785,64.7314835,-0.893079817,62.2599983,64.8207626,-0.868251801,30.957262,30.9797173,-0.0439404622,-0.34906584,0.261799395,-0.0051900642,0,0.869806409,-0.0941196606
206804745,64.6459885,-0.791360557,62.1800003,64.7369003,-0.866920471,30.9570732,30.976944,-0.0749625787,-0.34906584,0.261799395,-0.0018890308,0,0.872130156,-0.096262604
206904705,64.5730057,-0.650001764,62.0900002,64.6529999,-0.867299378,30.9575233,30.9660053,-0.178561181,-0.34906584,0.261799395,0.00450314395,0,0.876349926,-0.101880372
207004665,64.5109558,-0.6199826,62.0099983,64.5690613,-0.8676669,30.957016,30.9586678,-0.0521771088,-0.34906584,0.261799395,-0.00507557765,0,0.870879829,-0.0990267098
207104625,64.444191,-0.700641096,61.9300003,64.4852524,-0.866353333,30.9568481,30.962801,0.0567414649,-0.34906584,0.261799395,-0.00167913851,0,0.869870007,-0.0948519558
207204585,64.3668747,-0.806349337,61.8400002,64.4014053,-0.866750062,30.957037,30.9665813,0.0914224535,-0.34906584,0.261799395,0.0018890308,0,0.869826794,-0.092530787
207304545,64.2776566,-0.939418793,61.7599983,64.3175201,-0.867135346,30.9568481,30.9675312,0.130437523,-0.34906584,0.261799395,-0.0018890308,0,0.86760658,-0.0895559713
207404505,64.1804733,-0.965895653,61.6800003,64.2337646,-0.86583966,30.9567757,30.9677467,0.0521809235,-0.34906584,0.261799395,-0.000725082529,0,0.86911732,-0.091299355
207504465,64.0841675,-0.957111418,61.5900002,64.1499634,-0.866254151,30.9567051,30.9593735,0.00783091784,-0.34906584,0.261799395,-0.000706001418,0,0.871206403,-0.0927975923
207604425,63.9913483,-0.915352583,61.5099983,64.066124,-0.866654694,30.9565754,30.9547348,-0.0116912248,-0.34906584,0.261799395,-0.00129751605,0,0.872442007,-0.0938674808
207704385,63.9058342,-0.829922438,61.4300003,63.9824104,-0.865374267,30.9563408,30.9471321,-0.0546602383,-0.34906584,0.261799395,-0.00234697759,0,0.873372555,-0.0963519514
207804345,63.8291588,-0.751309931,61.3400002,63.8986549,-0.865802765,30.9562798,30.9390526,-0.0640987754,-0.34906584,0.261799395,-0.000610595802,0,0.874860644,-0.0980208516
207905138,63.7579765,-0.739263952,61.2599983,63.8141861,-0.866218567,30.9563084,30.9368763,0.00305925612,-0.34906584,0.261799395,0.000283851376,0,0.874376059,-0.0964358822
208005098,63.6847076,-0.772653282,61.1800003,63.7305374,-0.864728272,30.9558716,30.9470444,0.0614974871,-0.34906584,0.261799395,-0.00436957646,0,0.870018184,-0.0939834863
208105058,63.6055298,-0.825556338,61.0900002,63.646843,-0.865178406,30.9556274,30.9520283,0.0264522787,-0.34906584,0.261799395,-0.00244238321,0,0.870060563,-0.0944458991
208205018,63.5210266,-0.845316768,61.0099983,63.5631065,-0.865614593,30.955389,30.9529266,-0.0199158546,-0.34906584,0.261799395,-0.00238513993,0,0.870432138,-0.095735237
208404938,63.3451958,-0.845769107,60.8400002,63.3955116,-0.866443634,30.9554672,30.9569607,-0.0160115007,-0.34906584,0.261799395,0.000362541265,0,0.871956587,-0.0954148099
208504898,63.2597542,-0.844755471,60.75,63.311657,-0.8668378,30.9550991,30.9630127,-0.028558623,-0.34906584,0.261799395,-0.00368265598,0,0.870014191,-0.0957009494
208604858,63.1738281,-0.852175415,60.6699982,63.2277679,-0.867219269,30.955389,30.9731827,-0.00390999299,-0.34906584,0.261799395,0.00290033012,0,0.872287035,-0.0945515484
208704818,63.0886192,-0.86190182,60.5900002,63.144001,-0.865923584,30.955328,30.9852085,0.0446524993,-0.34906584,0.261799395,-0.000610595802,0,0.869311273,-0.0923486799
208804778,63.0040398,-0.865728199,60.5,63.0601959,-0.86633426,30.9550705,31.0020142,0.0656021088,-0.34906584,0.261799395,-0.00257595116,0,0.866399765,-0.0908979401
208904738,62.9199524,-0.866716087,55,62.9629745,-1.00499856,30.9550705,31.0134411,0.0234765764,-0.34906584,0.261799395,0,0,0.865685642,-0.0977041125
209004698,62.8364563,-0.862154543,55,62.8527718,-1.13919067,30.9548016,31.0107765,-0.0176834352,-0.34906584,0.261799395,-0.00269043772,0,0.863386273,-0.105121054
209104658,62.7550316,-0.827272296,55,62.730011,-1.26905572,30.9545727,30.9991531,-0.106517434,-0.34906584,0.261799395,-0.00228973432,0,0.863787711,-0.114903189
209204618,62.6735458,-0.854269207,55,62.595089,-1.39473474,30.9542904,30.9886608,-0.0421587825,-0.34906584,0.261799395,-0.00282400567,0,0.86371398,-0.119244091
209304578,62.5857315,-0.925414741,55,62.4484024,-1.51635993,30.9541912,30.9872437,-0.00556942215,-0.34906584,0.261799395,-0.000992218149,0,0.867242157,-0.123589277
209404538,62.4827461,-1.14270997,55,62.290329,-1.63406372,30.9542046,30.9972668,0.149174467,-0.34906584,0.261799395,0.000133567839,0,0.876062214,-0.121851265
209504498,62.3513184,-1.46748233,55,62.1212349,-1.74797189,30.9541187,31.0140839,0.278294593,-0.34906584,0.261799395,-0.000858650368,0,0.891815782,-0.118804976
209604458,62.1843567,-1.84046566,55,61.9414787,-1.85820639,30.9540691,31.0384102,0.429813057,-0.34906584,0.261799395,-0.000496109074,0,0.910610199,-0.113338724
209704418,61.9855194,-2.07213855,55,61.7514038,-1.96488702,30.9533501,31.0642338,0.46699214,-0.34906584,0.261799395,-0.00719358167,0,0.920333385,-0.112108916
209804378,61.7734947,-2.07710838,55,61.5513382,-2.06812787,30.95331,31.084053,0.415839851,-0.34906584,0.261799395,-0.000400703488,0,0.924997866,-0.11600282
209904338,61.572361,-1.91588807,55,61.3416061,-2.16803861,30.9531002,31.0933857,0.237546831,-0.34906584,0.261799395,-0.00209892308,0,0.916476727,-0.126445025
210005131,61.3936806,-1.67695236,55,61.1354713,-2.11386871,30.9523983,31.0987434,0.194886371,-0.34906584,0.261799395,-0.0069638202,0,0.902107835,-0.127551332
210105091,61.2374344,-1.48198032,55,60.9376297,-2.04515719,30.9525375,31.1095333,0.125280008,-0.34906584,0.261799395,0.00139292167,0,0.893361688,-0.12871553
210205051,61.0969086,-1.40209901,55,60.7461662,-1.9792099,30.9520302,31.1293468,0.157249689,-0.34906584,0.261799395,-0.00507557765,0,0.878272533,-0.125425369
210305011,60.9549026,-1.5046351,55,60.5608788,-1.9153887,30.952137,31.164381,0.19492051,-0.34906584,0.261799395,0.00106854271,0,0.870295644,-0.11945463
210504931,60.6153946,-1.84086573,55,60.2080345,-1.79385507,30.9513435,31.2204857,-0.0209109783,-0.34906584,0.261799395,-0.00215616636,0,0.86004734,-0.115084738
210604891,60.4250221,-1.88564694,55,60.0400963,-1.73601151,30.9510975,31.2306595,-0.118119359,-0.34906584,0.261799395,-0.00246146438,0,0.861489892,-0.114339121
210704851,60.235424,-1.85412133,55,59.8775749,-1.68003213,30.9511032,31.2409534,-0.21179314,-0.34906584,0.261799395,5.72433564e-05,0,0.865066886,-0.114424862
210804811,60.0526428,-1.77044773,55,59.720295,-1.62585831,30.9506073,31.2485409,-0.315162838,-0.34906584,0.261799395,-0.00496109109,0,0.865870297,-0.115709916
210904771,59.8828392,-1.62913322,55,59.5680847,-1.57343161,30.9506035,31.252037,-0.36074847,-0.34906584,0.261799395,-3.81622376e-05,0,0.870170057,-0.116201311
211004731,59.725647,-1.56000018,55,59.420784,-1.52269495,30.9502773,31.2488785,-0.318880498,-0.34906584,0.261799395,-0.00326287141,0,0.869576037,-0.113518707
211104691,59.5751152,-1.48651111,55,59.2782326,-1.47359467,30.9500103,31.2540817,-0.264343321,-0.34906584,0.261799395,-0.00267135655,0,0.868038177,-0.110211775
211204651,59.4317207,-1.43266344,55,59.1402779,-1.42607749,30.9499741,31.2535801,-0.313617885,-0.34906584,0.261799395,-0.000362541265,0,0.867257118,-0.110265344
211304611,59.2932701,-1.41262615,55,59.0067711,-1.38009262,30.9495411,31.2577057,-0.233107567,-0.34906584,0.261799395,-0.00433141412,0,0.861620307,-0.105689108
211404571,59.1555405,-1.41050351,55,58.8775711,-1.33559036,30.9495277,31.2618141,-0.25275746,-0.34906584,0.261799395,-0.000133567839,0,0.859853566,-0.10405001
211504531,59.0179596,-1.42323697,55,58.7525368,-1.29252374,30.949316,31.2674961,-0.219824702,-0.34906584,0.261799395,-0.00211800425,0,0.855153918,-0.100455023
211604491,58.8826141,-1.35912538,55,58.6315346,-1.25084555,30.9489937,31.2596378,-0.311044872,-0.34906584,0.261799395,-0.00322470907,0,0.853591621,-0.102126688
211704451,58.7559013,-1.28187883,55,58.5144348,-1.21051157,30.9488659,31.2369785,-0.389164358,-0.34906584,0.261799395,-0.001278435,0,0.855393708,-0.104296885
211804411,58.6373329,-1.18978119,55,58.4011078,-1.17147827,30.9482727,31.2171917,-0.412089437,-0.34906584,0.261799395,-0.00593422819,0,0.853787303,-0.105051257
211904371,58.52528,-1.12782681,55,58.2914352,-1.13370264,30.9485226,31.1929493,-0.418427527,-0.34906584,0.261799395,0.00249962648,0,0.858446717,-0.105317749
212004331,58.4187355,-1.10793149,55,58.1852989,-1.09714508,30.9483433,31.1683826,-0.344241917,-0.34906584,0.261799395,-0.00179362518,0,0.85647428,-0.102603838
212105124,58.3104897,-1.14775217,55,58.0817604,-1.06176627,30.9478531,31.1534462,-0.233679488,-0.34906584,0.261799395,-0.00486331992,0,0.853534579,-0.0976061895
212205084,58.1936188,-1.22652984,55,57.9823875,-1.02725351,30.9476433,31.1361809,-0.235138252,-0.34906584,0.261799395,-0.00209892308,0,0.854423046,-0.0956172794
212305044,58.0679626,-1.27663481,55,57.886219,-0.994129181,30.9477997,31.123909,-0.193230942,-0.34906584,0.261799395,0.00156465173,0,0.85571146,-0.0922326744
212405004,57.9423904,-1.24604261,55,57.7931519,-0.962073028,30.9471989,31.100626,-0.257566273,-0.34906584,0.261799395,-0.0060105524,0,0.853773355,-0.093407914
212604924,57.7102013,-1.05573106,55,57.615921,-0.901027679,30.9469738,31.0551586,-0.293556869,-0.34906584,0.261799395,-0.000171730077,0,0.859291375,-0.0948240235
212704884,57.6114006,-0.942970753,55,57.5315704,-0.871973693,30.9471207,31.0351543,-0.347897053,-0.34906584,0.261799395,0.00146924611,0,0.861096561,-0.0972353369
212804844,57.5231781,-0.87180686,55,57.4499397,-0.843856812,30.9465771,31.0202541,-0.246389389,-0.34906584,0.261799395,-0.00543811871,0,0.85707891,-0.0941996276
212904804,57.439045,-0.840029895,55,57.3709412,-0.816646576,30.9463768,31.0114117,-0.242643923,-0.34906584,0.261799395,-0.00200351747,0,0.857420743,-0.0936893448
213004764,57.3550835,-0.843850613,55,57.294487,-0.790313721,30.9464626,30.9990101,-0.189930245,-0.34906584,0.261799395,0.000858650368,0,0.857765198,-0.0913189948
213104724,57.2710037,-0.855934322,55,57.2205009,-0.76482898,30.9464302,30.9868927,-0.186849445,-0.34906584,0.261799395,-0.000324379012,0,0.856728256,-0.0903726146
213204684,57.1836205,-0.924698591,55,57.1488991,-0.740166962,30.9464302,30.9731445,-0.116023883,-0.34906584,0.261799395,0,0,0.856641531,-0.0865990594
213304644,57.0911484,-0.940776467,55,57.0796051,-0.716299713,30.9459,30.9594784,-0.137155086,-0.34906584,0.261799395,-0.00530455122,0,0.854748368,-0.0861644596
213404604,56.9997292,-0.881438434,55,57.0125465,-0.693201721,30.9458656,30.9454994,-0.190508261,-0.34906584,0.261799395,-0.000343460153,0,0.858560681,-0.0877000019
213504564,56.9182625,-0.755784869,55,56.9476509,-0.670848846,30.9459114,30.9192238,-0.262992561,-0.34906584,0.261799395,0.000457946851,0,0.862010121,-0.0912474543
213604524,56.8517532,-0.6320225,55,56.8848457,-0.64921695,30.9459267,30.8929558,-0.286203623,-0.34906584,0.261799395,0.00015264895,0,0.864172935,-0.0936171636
213704484,56.7974815,-0.538357258,55,56.8240662,-0.628281891,30.9452534,30.8772068,-0.166551024,-0.34906584,0.261799395,-0.00673563499,0,0.860520661,-0.090898551
213804444,56.743515,-0.586069465,55,56.7652473,-0.608022034,30.9452038,30.8643627,-0.106701031,-0.34906584,0.261799395,-0.000496109074,0,0.862594843,-0.0884158164
213904404,56.6776199,-0.712384224,55,56.7083244,-0.588415802,30.9452572,30.8588638,0.00841583032,-0.34906584,0.261799395,0.000534271356,0,0.862122178,-0.0827506408
214004364,56.5973701,-0.844039261,55,56.6532364,-0.569441497,30.9454784,30.8641186,0.0732720345,-0.34906584,0.261799395,0.00221340987,0,0.862164378,-0.0778605863
214104324,56.5112572,-0.867103159,55,56.599926,-0.551078796,30.9451847,30.857357,-0.00341680041,-0.34906584,0.261799395,-0.00293849222,0,0.861784935,-0.0788321346
214205117,56.4268913,-0.812360227,55,56.5479202,-0.533308685,30.9449883,30.8446484,-0.0769408122,-0.34906584,0.261799395,-0.00194911275,0,0.865444839,-0.0809254721
214305077,56.3516693,-0.68936789,55,56.4980049,-0.515973389,30.9447632,30.8256683,-0.144040495,-0.34906584,0.261799395,-0.00225157198,0,0.869023025,-0.0840482786
214405037,56.2903404,-0.570623517,55,56.4496994,-0.499334961,30.9450111,30.8058167,-0.180641115,-0.34906584,0.261799395,0.00248054555,0,0.874307394,-0.0865882635
214604957,56.1912842,-0.486446321,55,56.3577156,-0.467651367,30.9448662,30.8017235,-0.0496076941,-0.34906584,0.261799395,0.000820488087,0,0.873012185,-0.0825143084
214704917,56.1469421,-0.481575012,55,56.3139343,-0.452571869,30.944416,30.8027058,-0.0184446331,-0.34906584,0.261799395,-0.00450314395,0,0.869901955,-0.0810753033
214804877,56.0995636,-0.51882869,55,56.2715645,-0.437978119,30.9447594,30.8094616,0.0410105474,-0.34906584,0.261799395,0.00343460147,0,0.872367322,-0.0779705644
214904837,56.0494728,-0.540530741,55,56.2305603,-0.423854828,30.9444733,30.8179379,0.0216811653,-0.34906584,0.261799395,-0.00286216778,0,0.868950963,-0.0773500949
215004797,55.998764,-0.523496747,55,56.1908798,-0.410186768,30.9442883,30.8215065,0.0128685711,-0.34906584,0.261799395,-0.00185086858,0,0.869599104,-0.0769598857
215104757,55.9512863,-0.463113815,55,56.1524773,-0.396959931,30.9444733,30.8182812,-0.0324004069,-0.34906584,0.261799395,0.00185086858,0,0.872371435,-0.0785272941
215204717,55.9129906,-0.379581809,55,56.1153145,-0.384159088,30.9442768,30.8134975,-0.0802591294,-0.34906584,0.261799395,-0.00196535536,0,0.871669531,-0.0807103813
215304677,55.8801613,-0.35021773,55,56.0793495,-0.371771485,30.944109,30.8047218,-0.094478108,-0.34906584,0.261799395,-0.00167913851,0,0.872985244,-0.0815788656
215404637,55.849041,-0.333219111,55,56.0445442,-0.359783173,30.9439507,30.793396,-0.0537095778,-0.34906584,0.261799395,-0.0015837329,0,0.874022365,-0.080653891
215504597,55.8164291,-0.355415225,55,56.0108604,-0.348181397,30.9438686,30.7831764,-0.0529978983,-0.34906584,0.261799395,-0.000820488087,0,0.875581861,-0.0805421025
215604557,55.7784538,-0.412518799,55,55.9782639,-0.336953491,30.9439087,30.7866383,0.0525946729,-0.34906584,0.261799395,0.000400703488,0,0.875775814,-0.0760977045
215704517,55.7358093,-0.434459388,55,55.9467201,-0.326087952,30.9438152,30.793272,0.0221751332,-0.34906584,0.261799395,-0.000934974814,0,0.875396132,-0.0760982037
215804477,55.6919174,-0.435506552,55,55.9161911,-0.315573364,30.9439087,30.7996769,0.0441030376,-0.34906584,0.261799395,0.000934974814,0,0.876529574,-0.074608773
215904437,55.6486473,-0.433441997,55,55.8866463,-0.305397034,30.9435501,30.8060341,0.0124022365,-0.34906584,0.261799395,-0.00358725036,0,0.875172853,-0.0748561472
216004397,55.6047859,-0.425002843,55,55.8580551,-0.295548767,30.9434795,30.8083229,-0.0122297052,-0.34906584,0.261799395,-0.000706001418,0,0.877872825,-0.0751287341
216104357,55.5617294,-0.407277375,55,55.8303871,-0.286018372,30.9436646,30.814064,0.0325509794,-0.34906584,0.261799395,0.00185086858,0,0.879690647,-0.0731468126
216204317,55.5225143,-0.350424975,55,55.8036118,-0.276795715,30.9432907,30.8218288,0.014102364,-0.34906584,0.261799395,-0.00373989926,0,0.877525568,-0.0735414699
216305110,55.4885635,-0.31758377,55,55.7774925,-0.267870575,30.9437618,30.8265514,0.0140234707,-0.34906584,0.261799395,0.00467408588,0,0.881709874,-0.0733162165
216405070,55.4597321,-0.268546849,55,55.7524223,-0.259164184,30.9432869,30.826004,0.00879071932,-0.34906584,0.261799395,-0.00475119846,0,0.877996862,-0.0736315772
216505030,55.4354973,-0.232805982,55,55.7281609,-0.250807434,30.9436226,30.8303013,0.019154584,-0.34906584,0.261799395,0.00335827703,0,0.881446362,-0.0732583553
216704950,55.3919601,-0.244245976,55,55.6819572,-0.234893799,30.9433937,30.8331127,0.0247250441,-0.34906584,0.261799395,-0.0012211916,0,0.879588723,-0.0723197386
216804910,55.3686829,-0.256750792,55,55.6599655,-0.227319077,30.9430752,30.8351765,0.0712843537,-0.34906584,0.261799395,-0.00318654696,0,0.878530979,-0.0702622905
216904870,55.3421097,-0.265744954,54.9899979,55.6385231,-0.221655533,30.9431725,30.8379612,0.0233695265,-0.34906584,0.261799395,0.000973137037,0,0.881006181,-0.0712738484
217004830,55.3145027,-0.276207179,54.9899979,55.6176109,-0.216175079,30.9431725,30.8460007,0.0322367176,-0.34906584,0.261799395,0,0,0.880758286,-0.0703057349
217104790,55.2875137,-0.23628436,54.9899979,55.597374,-0.209204361,30.9431362,30.8550663,-0.00768742571,-0.34906584,0.261799395,-0.000362541265,0,0.880849957,-0.0713689253
217204750,55.2697067,-0.113648459,54.9899979,55.5777893,-0.202458695,30.943325,30.8505001,-0.0741035193,-0.34906584,0.261799395,0.0018890308,0,0.883107245,-0.0747932345
217304710,55.26828,0.0431707576,54.9899979,55.5588379,-0.195930481,30.9430428,30.8459568,-0.106737137,-0.34906584,0.261799395,-0.00282400567,0,0.88406229,-0.0778876618
217404670,55.2768593,0.0699923038,54.9899979,55.5404968,-0.189613342,30.9428864,30.8450508,-0.0808269978,-0.34906584,0.261799395,-0.00156465173,0,0.893451333,-0.0778599158
217504630,55.2771873,-0.0655086786,54.9899979,55.522747,-0.183499649,30.9429722,30.8528194,0.0945175067,-0.34906584,0.261799395,0.000858650368,0,0.912298203,-0.0707429573
217604590,55.2578201,-0.288968027,54.9899979,55.5055695,-0.177583054,30.9428864,30.8716469,0.229712054,-0.34906584,0.261799395,-0.000858650368,0,0.945375204,-0.0629463941
217704550,55.2135086,-0.529500008,54.9899979,55.488945,-0.171857193,30.9428864,30.8970718,0.397134423,-0.34906584,0.261799395,0,0,1,-0.0528960302
217804510,55.1440201,-0.779082656,54.9899979,55.4728584,-0.166315719,30.7843323,30.9375,0.590258121,-0.34906584,0.261799395,-1.43351889,0,0.908633471,-0.0359122753
217904470,55.0496674,-1.01364923,54.9899979,55.4572906,-0.160953522,30.8634167,30.9884548,0.629902482,-0.34906584,0.261799395,0.791152835,0,0.448134035,-0.0293956678
218004430,54.937767,-1.13285601,54.9899979,55.4422226,-0.155764267,30.9424953,30.9900513,-0.173890591,-0.34906584,0.261799395,0.791112065,0,0.330289215,-0.0519745275
218104390,54.8278351,-1.0233314,54.9899979,55.4276428,-0.150741577,30.9427319,30.9056835,-1.37833893,-0.34906584,0.261799395,0.00236605876,0,0.430863202,-0.074615024
218204350,54.7407417,-0.714834929,54.9799995,55.4133682,-0.147547409,30.9424496,30.7347393,-2.79984331,-0.34906584,0.261799395,-0.00282400567,0,0.531959116,-0.0973814428
218304310,54.692894,-0.312208384,54.829998,55.3969765,-0.169456482,30.9421272,30.4934978,-4.07013178,-0.34906584,0.261799395,-0.00322470907,0,0.633726358,-0.120327979
218405103,54.6833687,0.0361514203,54.6399994,55.3754578,-0.220658615,30.9420815,30.2096653,-4.79818535,-0.34906584,0.261799395,-0.000454162189,0,0.73709023,-0.143683121
218505063,54.7020683,0.198848516,54.4399986,55.3485184,-0.278485626,30.9425716,29.9851494,-4.33389425,-0.34906584,0.261799395,0.00490384735,0,0.783585608,-0.167018667
218605023,54.7266312,0.142940179,54.2099991,55.3155136,-0.341173798,30.9421959,29.8772888,-3.0418098,-0.34906584,0.261799395,-0.00375898043,0,0.728911161,-0.190438464
218804943,54.6930275,-0.695848107,53.7399979,55.2304955,-0.472052246,30.9422207,29.902689,-1.26894593,-0.34906584,0.261799395,-0.00436957646,0,0.634929061,-0.194427773
218904903,54.5878792,-1.37111592,53.5,55.1785622,-0.536832154,30.9424458,29.9088573,-1.073246,-0.34906584,0.261799395,0.00225157198,0,0.619614959,-0.185029984
219004863,54.4132233,-2.08701491,53.25,55.1204033,-0.601187408,30.9425201,29.876091,-1.16863108,-0.34906584,0.261799395,0.000744163641,0,0.623112738,-0.184208021
219104823,54.1662483,-2.74966192,53.0099983,55.056221,-0.663468659,30.9417839,29.8043804,-1.24600494,-0.34906584,0.261799395,-0.00736531196,0,0.642113626,-0.183253542
219204783,53.858387,-3.2885592,52.7700005,54.9863701,-0.722073853,30.9415836,29.6980057,-1.16899347,-0.34906584,0.261799395,-0.00200351747,0,0.680791497,-0.17834729
219304743,53.5073929,-3.6587553,52.5299988,54.9110336,-0.77878952,30.9412346,29.5810833,-1.08380044,-0.34906584,0.261799395,-0.00349184475,0,0.722296834,-0.17421484
219404703,53.1289291,-3.86492348,52.2999992,54.8305473,-0.832010925,30.9404297,29.4671421,-0.82477057,-0.34906584,0.261799395,-0.00805223174,0,0.758934438,-0.165107697
219504663,52.738327,-3.93318534,52.0499992,54.744915,-0.885182679,30.940033,29.3785477,-0.497988403,-0.34906584,0.261799395,-0.0039688726,0,0.793616474,-0.153741881
219604623,52.3475189,-3.89855433,51.7999992,54.6539841,-0.939971924,30.939846,29.309967,-0.193071097,-0.34906584,0.261799395,-0.00186994963,0,0.820328653,-0.143021047
219704583,51.9682465,-3.76613164,51.5399971,54.557766,-0.994661987,30.9388313,29.2690849,0.117212057,-0.34906584,0.261799395,-0.0101511553,0,0.831904054,-0.131943092
219804543,51.6063004,-3.5382452,51.2700005,54.4561043,-1.05092239,30.9385338,29.2581921,0.247339159,-0.34906584,0.261799395,-0.00297665456,0,0.842505515,-0.126872942
219904503,51.2753487,-3.20030594,50.9899979,54.3488503,-1.1087023,30.9377785,29.2552795,0.236445665,-0.34906584,0.261799395,-0.00755612319,0,0.843451262,-0.12786822
220004463,50.9802589,-2.82213473,50.7000008,54.2358665,-1.16794968,30.937254,29.2597122,0.251054615,-0.34906584,0.261799395,-0.00524730748,0,0.844109654,-0.129134506
220104423,50.7232475,-2.46311116,50.3899994,54.1168518,-1.23028946,30.9367485,29.2686329,0.140492663,-0.34906584,0.261799395,-0.00505649671,0,0.843611121,-0.135159433
220204383,50.4986801,-2.17163968,50.0699997,53.9915161,-1.29561746,30.9366627,29.2923317,0.0804914609,-0.34906584,0.261799395,-0.000858650368,0,0.842784882,-0.139543846
220304343,50.300766,-1.95777774,49.75,53.8599052,-1.36050546,30.9362373,29.3397827,0.0702232122,-0.34906584,0.261799395,-0.00425508944,0,0.832899213,-0.141523346
220405136,50.1196747,-1.84004676,49.4099998,53.7207832,-1.42663443,30.9356804,29.3940144,0.0269870404,-0.34906584,0.261799395,-0.00552563975,0,0.818640411,-0.143859103
220505096,49.9401321,-1.84183586,49.0699997,53.5762978,-1.49359512,30.9357586,29.4616127,0.0466178544,-0.34906584,0.261799395,0.000782325864,0,0.805135965,-0.142796621
220605056,49.7598152,-1.88290823,48.7199974,53.4253464,-1.56043375,30.9355717,29.5275345,-0.0949661881,-0.34906584,0.261799395,-0.00186994963,0,0.789996862,-0.14673762
220705016,49.5725555,-1.98581409,48.3699989,53.2679749,-1.62678277,30.9349079,29.5857391,-0.208925486,-0.34906584,0.261799395,-0.00664022937,0,0.77918309,-0.149560139
220904936,49.1557007,-2.29761171,47.6499977,52.9341621,-1.75807822,30.934803,29.7025185,-0.297878563,-0.34906584,0.261799395,-0.00333919586,0,0.770764589,-0.149629816
221004896,48.9224472,-2.47515416,47.2799988,52.7578049,-1.82305527,30.9341526,29.754528,-0.325127482,-0.34906584,0.261799395,-0.00650666142,0,0.768001735,-0.148773164
221104856,48.6726227,-2.60600615,46.9199982,52.575367,-1.88593543,30.9337196,29.8007469,-0.405590624,-0.34906584,0.261799395,-0.00433141412,0,0.770378828,-0.150099024
221204816,48.4098511,-2.69781661,46.5499992,52.3870392,-1.94678879,30.9332867,29.8356705,-0.428283691,-0.34906584,0.261799395,-0.00433141412,0,0.773964286,-0.150162831
221304776,48.1434822,-2.7467773,46.1899986,52.1930161,-2.00568008,30.9332008,29.8591347,-0.433871746,-0.34906584,0.261799395,-0.000858650368,0,0.780626178,-0.150369555
221404736,47.8748207,-2.78288102,45.8199997,51.9934807,-2.06267285,30.9325466,29.8834362,-0.39529863,-0.34906584,0.261799395,-0.00654482376,0,0.782053232,-0.149140954
221504696,47.604805,-2.80141521,45.4599991,51.7886086,-2.11782718,30.9322567,29.9124336,-0.352310508,-0.34906584,0.261799395,-0.00290033012,0,0.785765171,-0.1477063
221604656,47.3334923,-2.81893921,45.0900002,51.5785751,-2.17120242,30.9317818,29.9329414,-0.335395277,-0.34906584,0.261799395,-0.00475119846,0,0.787173927,-0.147220224
221704616,47.0624466,-2.79400873,44.7299995,51.3635445,-2.22285843,30.9312553,29.9541893,-0.297446638,-0.34906584,0.261799395,-0.00526638888,0,0.787187099,-0.146437794
221804576,46.793869,-2.74496961,44.3600006,51.1436768,-2.27284884,30.9308701,29.9671803,-0.290178508,-0.34906584,0.261799395,-0.00385438604,0,0.787343085,-0.147111729
221904536,46.5320549,-2.67621207,44,50.9191284,-2.3212254,30.9305229,29.9732723,-0.321568906,-0.34906584,0.261799395,-0.00347276358,0,0.786306262,-0.1495841
222004496,46.2752647,-2.63636255,43.6299973,50.6900482,-2.36804318,30.9302864,29.975668,-0.299801528,-0.34906584,0.261799395,-0.00236605876,0,0.784708738,-0.15026252
222104456,46.0227394,-2.60842419,43.2599983,50.4564285,-2.41501617,30.9297676,29.9896336,-0.237254232,-0.34906584,0.261799395,-0.0051900642,0,0.780155838,-0.149256304
222204416,45.7696953,-2.63481116,42.8999977,50.2185745,-2.45881009,30.9298,30.0015316,-0.225342244,-0.34906584,0.261799395,0.000324379012,0,0.779637396,-0.149207875
222304376,45.5133514,-2.69247246,42.5299988,49.9766159,-2.50119281,30.929039,30.0082245,-0.216145962,-0.34906584,0.261799395,-0.00761336647,0,0.774104059,-0.148962319
222404336,45.2513123,-2.71896553,42.1699982,49.73069,-2.54220581,30.9289742,30.0215588,-0.192244023,-0.34906584,0.261799395,-0.000648758025,0,0.774722099,-0.148304254
222505129,44.9876366,-2.75025272,41.7999992,49.4789124,-2.58189654,30.9283085,30.0300999,-0.243472934,-0.34906584,0.261799395,-0.0066042752,0,0.771528721,-0.15011014
222605089,44.7172737,-2.78450298,39.8799973,41.2274437,-2.66456985,30.9281483,30.0402775,-0.208525747,-0.34906584,0.261799395,-0.00160281395,4,0.671568751,-0.173402876
222705049,44.4425163,-2.81160331,39.8799973,40.7198372,-2.74524951,30.9272861,30.0479164,-0.295581996,-0.34906584,0.261799395,-0.00862466544,4,0.571608782,-0.19668968
222805009,44.1604652,-2.86970615,39.8799973,40.2124863,-2.82332611,30.9268494,30.0210171,-0.864084601,-0.34906584,0.261799395,-0.00436957646,4,0.471648812,-0.219997346
223004929,43.5325584,-3.525738,39.8799973,39.6051979,-2.84067917,30.926342,29.7956848,-2.27232146,-0.34906584,0.261799395,-0.000973137037,4,0.274660051,-0.266853482
223104889,43.1415329,-4.16010857,39.8799973,39.6140594,-2.74907947,30.9256668,29.5886116,-3.02914143,-0.34906584,0.261799395,-0.00675471593,4,0.375900656,-0.290501773
223204849,42.6834564,-4.85281563,39.8799973,39.6226349,-2.66043353,30.9249077,29.3280716,-3.73534727,-0.34906584,0.261799395,-0.00759428553,4,0.479812026,-0.314360142
223304809,42.1550293,-5.42093325,39.8799973,39.6309357,-2.574646,30.9244938,29.052103,-3.68596959,-0.34906584,0.261799395,-0.00414060289,4,0.525950074,-0.338445157
223404769,41.5851822,-5.70369625,39.8799973,39.6389656,-2.49162555,30.9235954,28.8115883,-3.19916677,-0.34906584,0.261799395,-0.00898720697,4,0.349295616,-0.342884243
223504729,41.0101471,-5.63008976,39.8799973,39.6467361,-2.41128159,30.9230022,28.6054783,-2.94492173,-0.34906584,0.261799395,-0.00593422819,4,0.449255586,-0.343946725
223604689,40.4628143,-5.22465563,39.8799973,39.6542587,-2.3335278,30.9218044,28.3757572,-3.31720233,-0.34906584,0.261799395,-0.0119829429,4,0.549215555,-0.34906584
223704649,39.9724731,-4.59959841,39.8799973,39.6615372,-2.25828171,30.9212456,28.1253414,-3.41402125,-0.34906584,0.261799395,-0.00559076807,4,0.649175525,-0.34906584
223804609,39.5505829,-3.92589116,39.8799973,39.6685829,-2.18546176,30.9205227,27.908577,-2.86826515,-0.34906584,0.261799395,-0.00723174401,4,0.749135494,-0.341390997
223904569,39.1947708,-3.35268497,39.8799973,39.6753998,-2.11499023,30.9197216,27.7787647,-1.82926595,-0.34906584,0.261799395,-0.00801406987,4,0.849095464,-0.335724622
224004529,38.8871841,-2.9780724,39.8799973,39.6819992,-2.04679108,30.9194584,27.7433834,-0.585728943,-0.34906584,0.261799395,-0.00263319444,4,0.949055433,-0.310503483
224104489,38.604126,-2.85024691,39.8799973,39.6883812,-1.98079169,30.9187241,27.8047009,0.826354682,-0.34906584,0.261799395,-0.00734623056,4,1,-0.285337955
224204449,38.3211365,-2.93641639,39.8799973,39.694561,-1.91691971,30.7428074,27.9657001,2.27895427,-0.34906584,0.261799395,-1.20937717,4,0.969803154,-0.260317296
224304409,38.01894,-3.14479041,39.8799973,39.7005386,-1.85510767,30.8297272,28.1946945,3.15059423,-0.34906584,0.261799395,0.869546711,4,1,-0.235499859
224404369,37.6931801,-3.40179753,39.8799973,39.7063255,-1.79528809,30.7448025,28.4232025,3.43067241,-0.34906584,0.261799395,-0.849586844,4,0.968369365,-0.210881948
224504329,37.3395805,-3.6491437,39.8799973,39.7119255,-1.73739755,30.8303394,28.6502342,3.46450162,-0.34906584,0.261799395,0.855720878,4,1,-0.186459109
224605122,36.9628296,-3.85843325,39.8799973,39.7160339,-1.6813736,30.7463264,28.8565483,3.35773778,-0.34906584,0.261799395,-0.833520055,4,0.966572642,-0.162008822
224705082,36.5581284,-4.0001874,39.8799973,39.7226334,-1.62671912,30.830658,29.0598507,3.12298059,-0.34906584,0.261799395,0.843658984,4,1,-0.137930244
224805042,36.1481972,-4.01591539,39.8799973,39.7277069,-1.57426453,30.7475071,29.2465801,2.68496275,-0.34906584,0.261799395,-0.83184135,4,0.965723872,-0.114005394
224905002,35.7440033,-3.8730793,39.7700005,39.6758461,-1.54183447,30.8307991,29.4229317,2.25127268,-0.34906584,0.261799395,0.833248138,4,1,-0.0902239382
225104922,35.0352402,-2.96966195,38.6899986,38.8342552,-1.71544135,30.8307152,29.7437897,1.28021932,-0.34906584,0.261799395,0.824259579,4,1,-0.0430483371
225204882,34.7692032,-2.27911425,38.1299973,38.3236923,-1.82672501,30.7488422,29.8905525,0.759540439,-0.34906584,0.261799395,-0.819057047,4,0.961520195,-0.0458276309
225304842,34.58461,-1.52340519,37.5499992,37.8134804,-1.93442023,30.8304214,30.0406456,0.392559588,-0.34906584,0.261799395,0.816114426,4,1,-0.0691200718
225404802,34.4802513,-0.713381171,36.9699974,37.3035965,-2.03864408,30.750082,30.1828804,-0.0252144821,-0.34906584,0.261799395,-0.803715825,4,0.958044529,-0.0916286036
225504762,34.4591637,-0.0367077775,36.3800011,36.7940407,-2.1395061,30.8308525,30.3411522,-0.125865966,-0.34906584,0.261799395,0.80803138,4,1,-0.113146216
225604722,34.4964066,0.375519544,35.7999992,36.2848015,-2.23711514,30.7508869,30.517149,-0.150358796,-0.34906584,0.261799395,-0.799975932,4,0.971712112,-0.120771088
225704682,34.5604172,0.41993165,35.2099991,35.7758636,-2.3315773,30.8306332,30.7309284,0.297817051,-0.34906584,0.261799395,0.797782719,4,0.875025988,-0.11890085
225804642,34.6105156,0.113783382,34.6300011,35.2672272,-2.42299271,30.9097748,30.9658966,0.475682646,-0.34906584,0.261799395,0.791729152,4,0.776093423,-0.118557043
225904602,34.6155624,-0.408717811,34.0499992,34.7588692,-2.51146197,30.912569,31.1689548,0.211251974,-0.34906584,0.261799395,0.0279538389,4,0.674702108,-0.123699673
226004562,34.561554,-1.02488518,33.4699974,34.2507896,-2.59707761,30.9121189,31.2912903,-0.483789384,-0.34906584,0.261799395,-0.00450314395,4,0.572166324,-0.142201662
226104522,34.444046,-1.60015893,32.8899994,33.7429733,-2.67993283,30.912344,31.3161736,-1.37799251,-0.34906584,0.261799395,0.00225157198,4,0.469461858,-0.164545387
226204482,34.2716789,-2.11242485,32.3099976,33.235424,-2.76011539,30.9121304,31.2399139,-2.4125154,-0.34906584,0.261799395,-0.00213708542,4,0.367276967,-0.18694365
226304442,34.0480919,-2.61508465,31.7399998,32.7281189,-2.83771396,30.9117393,31.0757275,-3.30593824,-0.34906584,0.261799395,-0.00391162932,4,0.266206831,-0.209460258
226404402,33.773056,-3.11239386,31.1799984,32.2210541,-2.91281009,30.9117146,30.8278942,-4.1943388,-0.34906584,0.261799395,-0.000248054537,4,0.217057794,-0.232157886
226504362,33.4490433,-3.60345912,30.6199989,31.7142258,-2.98548388,30.9112892,30.5004654,-5.0671339,-0.34906584,0.261799395,-0.00425508944,4,0.273498505,-0.255099177
226604322,33.0734291,-4.11997986,30.0699997,31.2076206,-3.05581474,30.9104633,30.122282,-5.42678404,-0.34906584,0.261799395,-0.00826212484,4,0.36725691,-0.278328478
226705115,32.6382141,-4.66539812,29.539999,30.6945,-3.12526584,30.910141,29.7609138,-4.93924999,-0.34906584,0.261799395,-0.00319805858,4,0.47153002,-0.302035779
226805075,32.1490936,-5.24367905,29.0100002,30.1908512,-3.19027638,30.9091797,29.4665661,-3.85081935,-0.34906584,0.261799395,-0.00961688347,4,0.545009613,-0.325782001
226905035,31.5893002,-5.83886528,28.5,29.6848869,-3.25400424,30.908432,29.2498417,-2.42992735,-0.34906584,0.261799395,-0.00747979851,4,0.581203043,-0.301859826
227104955,30.2939072,-6.83045483,27.4899998,28.6735458,-3.3753612,30.9067326,29.0101337,-0.176280305,-0.34906584,0.261799395,-0.00709817605,4,0.592780232,-0.253704548
227204915,29.5813236,-7.11510992,26.9799995,28.1681576,-3.43312001,30.9057026,28.906004,0.164739802,-0.34906584,0.261799395,-0.0103038047,4,0.608271837,-0.229497805
227304875,28.8522644,-7.14295387,26.4799995,27.6629562,-3.48901629,30.905014,28.7748795,0.252480209,-0.34906584,0.261799395,-0.00688828388,4,0.64472723,-0.212039977
227404835,28.1368523,-6.90237188,25.9799995,27.1579227,-3.5431118,30.9036083,28.630415,0.221332833,-0.34906584,0.261799395,-0.0140627846,4,0.686196148,-0.212967709
227504795,27.4650631,-6.40372896,25.4799995,26.6530571,-3.5954628,30.902338,28.4839897,0.211009741,-0.34906584,0.261799395,-0.0127080251,4,0.729333282,-0.216747627
227604755,26.8541813,-5.74540234,24.9899998,26.1483555,-3.64612508,30.9017258,28.3671207,0.333039939,-0.34906584,0.261799395,-0.00612503896,4,0.758399487,-0.220248744
227704715,26.3148708,-5.08465385,24.4899998,25.6438103,-3.69515347,30.9003639,28.2887497,0.576310277,-0.34906584,0.261799395,-0.0136239193,4,0.758919537,-0.222064853
227804675,25.8367882,-4.54174519,23.9899998,25.1394253,-3.7426002,30.8996048,28.2545815,0.769939125,-0.34906584,0.261799395,-0.00759428553,4,0.745055556,-0.224069253
227904635,25.4013195,-4.23130703,23.4899998,24.6351814,-3.78851819,30.8990879,28.2530766,0.902587235,-0.34906584,0.261799395,-0.00517098326,4,0.718325377,-0.225019038
228004595,24.9849968,-4.16685152,19.7600002,24.1310825,-3.83295512,30.7768936,28.2865543,0.961686909,-0.34906584,0.261799395,-1.22242689,4,0.632600009,-0.224742115
228104555,24.5639782,-4.28855467,19.1599998,23.6271248,-3.87595868,30.6543636,28.3283958,0.820177674,-0.34906584,0.261799395,-1.22578716,4,0.545616269,-0.226002261
228204515,24.1223774,-4.56239605,18.5699997,23.1232967,-3.91757655,30.5315609,28.3617268,0.410225004,-0.34906584,0.261799395,-1.22851431,4,0.457472265,-0.230186209
228304475,23.6477852,-4.8669591,17.9699993,22.6196022,-3.95785141,30.4088688,28.3469048,-0.363830864,-0.34906584,0.261799395,-1.22741604,4,0.368541181,-0.240157917
228404435,23.1452446,-5.10325623,17.3699989,22.1160336,-3.99682808,30.2868004,28.2670746,-1.34129024,-0.34906584,0.261799395,-1.22116375,4,0.365298361,-0.254181027
228504395,22.6241455,-5.28103447,16.7799988,21.6125832,-4.03454828,30.1658363,28.1257172,-2.21747208,-0.34906584,0.261799395,-1.21012294,4,0.423257917,-0.267056674
228604355,22.0858841,-5.45017719,16.1999989,21.109251,-4.07105207,30.046175,27.9586887,-2.49344254,-0.34906584,0.261799395,-1.1970892,4,0.484510273,-0.270197093
228704315,21.5277424,-5.63556051,15.6199999,20.6060333,-4.10637808,29.9274883,27.8341351,-2.10695791,-0.34906584,0.261799395,-1.18734837,4,0.522626281,-0.262431443
228805108,20.9437752,-5.84620142,15.0499992,20.095396,-4.14195299,29.8083076,27.7703648,-1.43152297,-0.34906584,0.261799395,-1.18242502,4,0.531618893,-0.249583647
228905068,20.3378429,-6.03558445,14.4799995,19.5957375,-4.17391586,29.6902065,27.7574368,-0.809436202,-0.34906584,0.261799395,-1.18149185,4,0.519690692,-0.2374589
229005028,19.7191219,-6.10720825,13.9099998,19.0928402,-4.20592546,29.5721569,27.749918,-0.529487252,-0.34906584,0.261799395,-1.18097556,4,0.503264844,-0.231500372
229204948,18.4982452,-5.79869604,12.7799997,18.0873432,-4.26688147,29.3370399,27.6503563,-0.815152526,-0.34906584,0.261799395,-1.17334318,4,0.505178213,-0.237006798
229304908,17.9277191,-5.48844337,12.21,17.5847397,-4.29589272,29.2205086,27.5537014,-0.962638497,-0.34906584,0.261799395,-1.16578579,4,0.533578694,-0.242102504
229404868,17.3914337,-5.17141533,11.6399994,17.082222,-4.32396936,29.1047382,27.4554234,-0.933343887,-0.34906584,0.261799395,-1.15816975,4,0.554801524,-0.245344684
229504828,16.8832741,-4.97432613,11.0699997,16.5797939,-4.3511405,28.9895878,27.3759861,-0.67072767,-0.34906584,0.261799395,-1.15195727,4,0.561420083,-0.244548872
229604788,16.388176,-4.93313599,10.5,16.0774517,-4.37743521,28.8748226,27.3260918,-0.324787229,-0.34906584,0.261799395,-1.14811397,4,0.553638697,-0.241054744
229704748,15.8911676,-4.98414946,9.92999935,15.639883,-4.37743521,28.760273,27.2972946,-0.115975715,-0.34906584,0.17453292,-1.14596331,4,0.549710393,-0.215421438
229804708,15.3843641,-5.07552719,0,15.2100658,-4.236063,28.6459236,27.2707367,-0.110522553,-0.33730194,0.17453292,-1.14394498,4,0.551604986,-0.207553998
229904668,14.8692875,-5.1017375,0,14.7945309,-4.09191656,28.5320454,27.2103634,-0.702569604,-0.32530719,0.17453292,-1.13923609,4,0.579034805,-0.201142177
230004628,14.3601809,-4.97277832,0,14.3931026,-3.95331907,28.4192944,27.0663071,-1.7936554,-0.313774168,0.17453292,-1.12795401,4,0.646946192,-0.207775012
230104588,13.8743887,-4.68935823,0,14.0053759,-3.8174963,28.3084145,26.8281155,-3.00499344,-0.302472085,0.17453292,-1.10924649,4,0.75130713,-0.221050441
230204548,13.4213209,-4.36088419,0,13.6306181,-3.69275522,28.2000103,26.5128231,-4.19617176,-0.292092115,0.17453292,-1.08448052,4,0.861796856,-0.237024367
230304508,12.9974871,-4.10941601,0,13.2680244,-3.57356334,28.0946369,26.1274891,-5.25416708,-0.282173872,0.17453292,-1.05416453,4,0.973985136,-0.250910252
230404468,12.5900412,-4.02749157,0,12.9168892,-3.46269584,27.9925556,25.7093029,-5.83949184,-0.272948325,0.17453292,-1.02122521,4,1,-0.254905313
230504428,12.179142,-4.14313602,0,12.5771418,-3.3462615,27.892828,25.3093338,-5.79717255,-0.26325959,0.17453292,-0.997670531,4,0.995061159,-0.243751958
230604388,11.7488813,-4.40576077,0,12.2491856,-3.22706985,27.7968369,24.9353027,-5.45684242,-0.253341377,0.17453292,-0.960303247,4,0.992767572,-0.223026142
230704348,11.2861605,-4.7034049,0,11.9335966,-3.09957099,27.7036438,24.580019,-5.06847382,-0.242731899,0.17453292,-0.932307959,4,1,-0.197711661
230805141,10.7978001,-4.9037962,0,11.6287422,-2.96373129,27.6119232,24.2335873,-4.77444506,-0.231428385,0.17453292,-0.909996986,4,1,-0.172715813
230905101,10.2941923,-4.90733337,0,11.3400879,-2.82513428,27.5234241,23.8810921,-4.61846256,-0.219895393,0.17453292,-0.885343075,4,1,-0.151543677
231005061,9.80650043,-4.67527676,0,11.065134,-2.68931103,27.4378853,23.4971981,-4.57651711,-0.208593249,0.17453292,-0.855724633,4,1,-0.136998817
231105021,9.35611439,-4.23141813,0,10.8031492,-2.56456995,27.3557968,23.0894337,-4.60370684,-0.198213264,0.17453292,-0.821221948,4,1,-0.129555151
231304941,8.62860394,-3.04358339,0,10.3126173,-2.36222315,27.1998062,22.2052574,-4.67532635,-0.181375548,0.17453292,-0.779651046,4,1,-0.131559268
231404901,8.35679054,-2.50882077,0,10.0805931,-2.28737521,27.12187,21.7521725,-4.63789797,-0.17514728,0.17453292,-0.779675305,4,1,-0.136131868
231504861,8.13226795,-2.12427831,0,9.85528946,-2.22640061,27.0439339,21.2998962,-4.51346111,-0.170073435,0.17453292,-0.779680192,4,1,-0.139405549
231604821,7.93642378,-1.92361951,0,9.63577843,-2.17095828,26.9659958,20.8663158,-4.29627562,-0.165459946,0.17453292,-0.779687703,4,1,-0.138689518
231704781,7.74944592,-1.89697969,0,9.42165756,-2.11829042,26.8880577,20.4524193,-4.00534344,-0.16107735,0.17453292,-0.779689848,4,1,-0.133125976
231804741,7.5578289,-1.99838245,0,9.21280003,-2.06562281,26.8101177,20.058876,-3.68149996,-0.156694755,0.17453292,-0.779708505,4,1,-0.123066895
231904701,7.34852505,-2.16165876,0,9.00951195,-2.00742269,26.7321777,19.6954441,-3.37588882,-0.151851803,0.17453292,-0.779716551,4,1,-0.109075017
232004661,7.12107658,-2.31541514,0,8.81219482,-1.94643092,26.6542358,19.3524933,-3.12964344,-0.146776542,0.17453292,-0.779721797,4,1,-0.0934901312
232104621,6.8807106,-2.3995316,0,8.62127686,-1.87990701,26.5762939,19.0175228,-2.96644592,-0.141240925,0.17453292,-0.779728889,4,1,-0.0779863819
232204581,6.63725185,-2.37443256,0,8.43716049,-1.81060827,26.4983501,18.6767521,-2.88863516,-0.135474429,0.17453292,-0.779742002,4,1,-0.0645135939
232304541,6.40296555,-2.22846222,0,8.2596674,-1.74685884,26.4204063,18.3364658,-2.88206244,-0.130169705,0.17453292,-0.779745698,4,1,-0.0547713898
232404501,6.18977594,-1.97939694,0,8.08839607,-1.68586719,26.3424625,17.9995575,-2.92389059,-0.125094458,0.17453292,-0.77975893,6,1,-0.0486611314
232504461,6.00599194,-1.66820168,0,7.92261124,-1.63597429,26.2645168,17.6623936,-2.98331785,-0.120942734,0.17453292,-0.779767752,6,1,-0.046467077
232604421,5.85464001,-1.34841108,0,7.76135921,-1.59438825,26.1865711,17.3204842,-3.03439784,-0.117482252,0.17453292,-0.779771268,6,1,-0.0466524959
232704381,5.73502493,-1.07103455,0,7.60380793,-1.56112611,26.0770645,16.9857388,-3.05279589,-0.114714466,0.17453292,-0.779771686,6,1,-0.0475036018
232804341,5.64074945,-0.873940349,0,7.44912529,-1.53618813,25.7861938,16.6686707,-3.01799202,-0.112639323,0.17453292,-0.779785633,6,1,-0.0463749915
232905134,5.55999708,-0.774508476,0,7.29567719,-1.51123321,25.4897804,16.3565464,-2.92210484,-0.110562734,0.17453292,-0.779787421,6,1,-0.0428504758
233005094,5.48407841,-0.766602814,0,7.14567852,-1.49182737,25.185236,16.0577126,-2.77538872,-0.108947955,0.17453292,-0.779780865,6,1,-0.0370801985
233105054,5.40697956,-0.823526859,0,6.99776983,-1.46966422,24.877636,15.7705126,-2.60161257,-0.107103691,0.17453292,-0.77979821,6,1,-0.0286703762
233205014,5.32075024,-0.908825219,0,6.85207844,-1.44748378,24.5645676,15.5042,-2.43245316,-0.10525801,0.17453292,-0.77980113,6,1,-0.0186370239
233404934,5.12524271,-1.01620388,0,6.56850767,-1.39204144,23.9230881,15.0286875,-2.19741511,-0.100644529,0.17453292,-0.779802978,6,1,0.00244785403
233504894,5.02546263,-0.987471282,0,6.43087864,-1.36432874,23.5948715,14.8051252,-2.15265274,-0.0983385071,0.17453292,-0.77980113,6,1,0.0104765538
233604854,4.93310833,-0.895254433,0,6.29586887,-1.33937383,23.2617321,14.5876961,-2.15102744,-0.096261926,0.17453292,-0.77980262,6,1,0.015400405
233704814,4.85448074,-0.752042472,0,6.16320038,-1.31719327,22.9234657,14.3561115,-2.17959499,-0.0944162682,0.17453292,-0.7798177,6,1,0.0172738321
233804774,4.79034185,-0.584436834,0,6.03244591,-1.30056226,22.6361885,14.1216202,-2.21990085,-0.0930323526,0.17453292,-1.94952965,6,1,0.014971613
233904734,4.74363756,-0.423034042,0,5.9032011,-1.28670597,22.4413128,13.8805199,-2.25419879,-0.0918793306,0.17453292,-1.94952929,6,1,0.00729198847
234004694,4.71241045,-0.297183543,0,5.77503777,-1.27839887,22.2464371,13.6385651,-2.26094794,-0.0911880881,0.17453292,-1.94954014,6,1,-0.00124425988
234104654,4.69015169,-0.23076722,0,5.64755344,-1.27284956,22.0515594,13.3983831,-2.22372389,-0.0907263309,0.17453292,-1.94956553,6,1,-0.00896870065
234204614,4.66891527,-0.237811208,0,5.52077436,-1.26454258,21.8566799,13.1644745,-2.13148642,-0.0900350735,0.17453292,-1.94956911,6,1,-0.0139443865
234304574,4.6407094,-0.319217682,0,5.39467525,-1.25899327,21.6618004,12.9655828,-1.98378921,-0.0895733088,0.17453292,-1.94957793,6,1,-0.0162112564
234404534,4.60011578,-0.460081547,0,5.26943445,-1.24789453,21.4669228,12.7812405,-1.79555833,-0.0886497572,0.17453292,-1.94955301,6,1,-0.0144790756
234504494,4.54368258,-0.634136736,0,5.14560699,-1.23126376,21.2720432,12.6009798,-1.59398961,-0.0872658715,0.17453292,-1.94957137,6,1,-0.00922895502
234604454,4.46932602,-0.808759987,0,5.02374554,-1.20910037,21.0771637,12.4460497,-1.40796852,-0.0854215845,0.17453292,-1.94956708,6,1,-0.00154104515
234704414,4.37884092,-0.951530695,0,4.90425205,-1.18414533,20.8822823,12.3133183,-1.26356471,-0.0833450332,0.17453292,-1.9495852,6,1,0.00680585299
234804374,4.27659225,-1.03593564,0,4.78740454,-1.15643263,20.6874027,12.1810551,-1.17522216,-0.0810389891,0.17453292,-1.94958353,6,1,0.0144667393
234904334,4.17070484,-1.04690886,0,4.67332792,-1.12870288,20.4925232,12.0348558,-1.14710844,-0.0787315369,0.17453292,-1.94958043,6,1,0.0198196601
235005127,4.06922579,-0.985134184,0,4.56125927,-1.09821546,20.2960186,11.8988943,-1.17246318,-0.0761946291,0.17453292,-1.94959223,6,1,0.0223216619
235105087,3.97861338,-0.864544928,0,4.45284891,-1.07327759,20.1011353,11.7444582,-1.23619103,-0.0741194785,0.17453292,-1.94960642,6,1,0.020945305
235205047,3.90250611,-0.715998411,0,4.34662771,-1.05387163,19.90625,11.6050072,-1.31849051,-0.0725046843,0.17453292,-1.94963217,6,1,0.0162104517
235305007,3.84095931,-0.571388602,0,4.24219465,-1.03724086,19.7113628,11.4665327,-1.39533067,-0.0711207762,0.17453292,-1.94965208,6,1,0.00986910798
235504927,3.74742794,-0.413003772,0,4.03773642,-1.00951111,19.3215885,11.1761379,-1.44156587,-0.068813324,0.17453292,-1.94964218,6,1,-0.000756666821
235604887,3.70656085,-0.431508422,0,3.93743348,-0.998429418,19.1267014,11.0333366,-1.37769794,-0.0678912029,0.17453292,-1.94964838,6,1,-0.00267070928
235704847,3.65955091,-0.513290644,0,3.83839035,-0.984573126,18.9318142,10.8945827,-1.25823307,-0.0667381808,0.17453292,-1.94965208,6,1,-0.00061662501
235804807,3.60156655,-0.639493406,0,3.74073291,-0.970699906,18.7369232,10.7865648,-1.10191286,-0.0655837506,0.17453292,-1.94968045,6,1,0.00456323149
235904767,3.5267489,-0.783138037,0,3.64491701,-0.948536515,18.5420341,10.692379,-0.94024992,-0.0637394935,0.17453292,-1.9496733,6,1,0.0136485808
236004727,3.43780065,-0.912529469,0,3.55146933,-0.923581541,18.3471451,10.6061745,-0.802699387,-0.0616629496,0.17453292,-1.94966209,6,1,0.0242032297
236104687,3.33865881,-0.999225378,0,3.46066761,-0.895868778,18.152256,10.5255451,-0.712805927,-0.0593568906,0.17453292,-1.94967961,6,1,0.0345477499
236204647,3.2340374,-1.02286088,0,3.37263703,-0.868139029,17.957365,10.4516592,-0.68078512,-0.057049457,0.17453292,-1.94969177,6,1,0.0427259244
236304607,3.13064957,-0.975662947,0,3.28737736,-0.840426445,17.7624722,10.3815575,-0.709453762,-0.0547434054,0.17453292,-1.94970846,6,1,0.0476394668
236404567,3.03527927,-0.865121186,0,3.20488787,-0.812713683,17.5675793,10.2869263,-0.787182927,-0.0524373837,0.17453292,-1.94970071,6,1,0.0491886511
236504527,2.95525599,-0.712578297,0,3.12486506,-0.790533304,17.3726864,10.1719284,-0.899534106,-0.0505917035,0.17453292,-1.94970262,6,1,0.0466405042
236604487,2.89294362,-0.549628258,0,3.04675531,-0.773902237,17.1777935,10.046093,-1.02494276,-0.049207788,0.17453292,-1.94971466,6,1,0.0410294756
236704447,2.84625983,-0.410045475,0,2.97015572,-0.760046005,16.9828968,9.93000603,-1.13516259,-0.0480547845,0.17453292,-1.94974697,6,1,0.0343866199
236804407,2.80935216,-0.321800172,0,2.8947897,-0.748947263,16.7880001,9.81814003,-1.20153773,-0.0471312329,0.17453292,-1.94975126,6,1,0.0287330151
236904367,2.77684236,-0.301317185,0,2.82038045,-0.740640402,16.5931053,9.68677139,-1.20326948,-0.0464400016,0.17453292,-1.9497267,6,1,0.0257393513
237004327,2.7437551,-0.350407541,0,2.74680233,-0.732316256,16.3982067,9.5778513,-1.13102996,-0.0457473435,0.17453292,-1.9497633,6,1,0.0263381787
237105120,2.70076132,-0.458002269,0,2.67360663,-0.7212345,16.2016869,9.48162937,-0.997703195,-0.0448251925,0.17453292,-1.94973171,6,1,0.0315501094
237205080,2.64622998,-0.601648271,0,2.60242414,-0.704603672,16.0067902,9.37749577,-0.827555835,-0.0434412993,0.17453292,-1.94973803,6,1,0.0414437056
237305040,2.57719541,-0.749248266,0,2.53305554,-0.68519783,15.8118944,9.28023148,-0.659805775,-0.0418265089,0.17453292,-1.9497416,6,1,0.0540506057
237405000,2.49513388,-0.869323254,0,2.4657793,-0.66301769,15.6169949,9.21032524,-0.527015209,-0.0399808288,0.17453292,-1.94977975,6,1,0.0672914535
237604920,2.30399585,-0.925724566,0,2.33860922,-0.610349953,15.2271957,9.07277107,-0.447983086,-0.0355982333,0.17453292,-1.94976938,6,1,0.0894013345
237704880,2.2136085,-0.845432222,0,2.27896595,-0.585411727,15.0322962,9.00064278,-0.505905211,-0.0335230827,0.17453292,-1.9497745,6,1,0.0942902714
237804840,2.13521099,-0.708852887,0,2.22166419,-0.563231587,14.8373938,8.91156101,-0.616755486,-0.0316774026,0.17453292,-1.94980729,6,1,0.0946954042
237904800,2.07128143,-0.540733814,0,2.1662755,-0.546600521,14.6424894,8.814744,-0.763468921,-0.0302935075,0.17453292,-1.9498266,6,1,0.0908099115
238004760,2.02282119,-0.372088015,0,2.11239696,-0.532744288,14.4475842,8.72033882,-0.922770321,-0.0291404836,0.17453292,-1.94983196,6,1,0.084484905
238104720,1.98935843,-0.235197023,0,2.05975246,-0.521645546,14.2526808,8.60553455,-1.06537795,-0.0282169338,0.17453292,-1.94981408,6,1,0.0779558048
238204680,1.96810842,-0.156024635,0,2.00791216,-0.516113162,14.0577765,8.48265743,-1.15613413,-0.0277565904,0.17453292,-1.94982207,6,1,0.0723386407
238304640,1.95103443,-0.149115235,0,1.95647359,-0.513338387,13.8628721,8.37267876,-1.1689409,-0.0275256969,0.17453292,-1.94982767,6,1,0.0697223023
238404600,1.93113148,-0.214039773,0,1.90546453,-0.507789314,13.6679688,8.28116512,-1.0945636,-0.0270639341,0.17453292,-1.94981575,6,1,0.0721642077
238504560,1.90191865,-0.336958259,0,1.85516143,-0.499482125,13.4730644,8.20716476,-0.945616364,-0.0263726749,0.17453292,-1.94982111,6,1,0.0798423141
238604520,1.85867584,-0.493083209,0,1.8059938,-0.485608876,13.2781591,8.12956333,-0.754832923,-0.025218254,0.17453292,-1.94983196,6,1,0.0929183587
238704480,1.79836655,-0.651715696,0,1.7583642,-0.468977809,13.0832529,8.06440353,-0.56194514,-0.0238343384,0.17453292,-1.94984066,6,1,0.109131746
238804440,1.72245455,-0.785551369,0,1.71254826,-0.449589193,12.8883457,7.995049,-0.400406539,-0.0222209711,0.17453292,-1.94985068,6,1,0.126984313
238904400,1.63450706,-0.880619109,0,1.66897547,-0.42463398,12.6934395,7.92597532,-0.282865465,-0.0201443974,0.17453292,-1.9498421,6,1,0.145748213
239004360,1.54026556,-0.935214937,0,1.62789726,-0.399679035,12.4985332,7.87531233,-0.20885691,-0.0180678461,0.17453292,-1.94984293,6,1,0.163006574
239104320,1.44332576,-0.955668926,0,1.58946478,-0.371966511,12.3036232,7.81999588,-0.172995001,-0.015761802,0.17453292,-1.94987726,6,1,0.168177396
239205113,1.34416711,-0.951456964,0,1.55351567,-0.344253749,12.107091,7.79588747,-0.167499021,-0.0134557774,0.17453292,-1.94986117,6,1,0.171928212
239305073,1.24865603,-0.931403279,0,1.5206244,-0.316523999,11.9121809,7.7809639,-0.182591647,-0.0111483335,0.17453292,-1.94987726,6,1,0.17453292
239405033,1.1557827,-0.903591812,0,1.49035203,-0.291586012,11.7172689,7.74382782,-0.208149835,-0.00907318108,0.17453292,-1.94989526,6,1,0.17453292
239604953,0.978500605,-0.845421553,0,1.43683267,-0.25,11.3274441,7.67645311,-0.26635021,-0.00492145633,0.17453292,-1.94990742,6,1,0.17453292
239704913,0.894338489,-0.821081042,0,1.4118427,-0.25,11.1325312,7.65683603,-0.291125625,-0.00307579711,0.17453292,-1.94990921,6,1,0.17453292
239804873,0.812707901,-0.802052021,0,1.38685274,-0.25,10.9376163,7.65117216,-0.310043395,-0.00123011821,0.17453292,-1.94992661,6,1,0.17453292
239904833,0.732625067,-0.788900733,0,1.36186278,-0.25,10.7427025,7.64900827,-0.322508514,0.000615562662,0.17453292,-1.94992137,6,1,0.17453292
240004793,0.65392077,-0.781822324,0,1.33687282,-0.25,10.5477858,7.61497831,-0.326455355,0.00245982152,0.17453292,-1.94994915,6,1,0.17453292
240104753,0.574098885,-0.781211615,0,1.31188285,-0.25,10.3528681,7.59110069,-0.324444413,0.0043055024,0.17453292,-1.9499588,6,1,0.17453292
240204713,0.492853612,-0.786804616,0,1.28689289,-0.25,10.2871399,7.58094311,-0.315223247,0.00615118118,0.17453292,-0.657544911,6,1,0.17453292
240304673,0.410071552,-0.798335969,0,1.26190293,-0.25,10.2871456,7.54196024,-0.299076259,0.00799544249,0.17453292,5.72433564e-05,6,1,0.17453292
240404633,0.326429367,-0.815229833,0,1.23691297,-0.25,10.2870607,7.49814558,-0.277493864,0.0100719929,0.17453292,-0.000849109783,6,1,0.17453292
240504593,0.261870652,-0.279206067,0,1.211923,-0.25,10.2869434,7.36325121,-2.24294639,0.0114559084,0.17453292,-0.0011734888,6,1,0.159436792
240604553,0.256011009,0.162379757,0,1.18693304,-0.25,10.286932,7.10525703,-2.96182585,0.0116868019,0.17453292,-0.000114486713,6,1,0.132356152
240704513,0.274729013,0.226245686,0,1.16194308,-0.25,10.2869663,6.89958858,-2.80520058,0.0112250159,0.17453292,0.000343460153,6,1,0.126780272
240804473,0.291085064,0.11422389,0,1.13695312,-0.25,10.2868595,6.69832706,-2.66518855,0.0107646501,0.17453292,-0.00106854271,6,1,0.134584904
240904433,0.294665009,0.00223536976,0,1.11196315,-0.25,10.286974,6.50546837,-2.53914762,0.0107646501,0.17453292,0.00114486716,6,1,0.144609287
241004393,0.291761994,-0.044695612,0,1.08697319,-0.25,10.2869673,6.34919739,-2.42178679,0.0107646501,0.17453292,-6.67839195e-05,6,1,0.150163561
241104353,0.288669616,-0.0406066962,0,1.06198323,-0.25,10.2869377,6.16621923,-2.31149673,0.0109941447,0.17453292,-0.000295757345,6,1,0.152486652
241204313,0.287332267,-0.0204148665,0,1.03699327,-0.25,10.2869787,5.99735498,-2.20703745,0.0109941447,0.17453292,0.000410244043,6,1,0.152865127
241305106,0.288233519,-0.00607975945,0,1.01179504,-0.25,10.2868614,5.81434631,-2.10753155,0.0109941447,0.17453292,-0.00116379058,6,1,0.153690219
241405066,0.288875908,-0.0026485885,0,0.986805022,-0.25,10.2870321,5.61755037,-2.01338983,0.0109941447,0.17453292,0.00170776015,6,1,0.155889213
241505026,0.290808827,-0.00505429273,0,0.961815,-0.25,10.286952,5.44233322,-1.92499566,0.0107646501,0.17453292,-0.000801406975,6,1,0.157917857
241704946,0.291962415,-0.0102597466,0,0.911834955,-0.25,10.286911,5.026999,-1.76041758,0.0107646501,0.17453292,-0.000238513981,6,1,0.164754838
241804906,0.290967643,-0.0108139701,0,0.886844933,-0.25,10.2869053,4.79756641,-1.68593192,0.0107646501,0.17453292,-5.72433564e-05,6,1,0.169307709
241904866,0.289262593,-0.0108873127,0,0.861854911,-0.25,10.2869043,4.61573267,-1.61513269,0.0109941447,0.17453292,-9.5405594e-06,6,1,0.173111379
242004826,0.287520736,-0.011072332,0,0.836864889,-0.25,10.2870598,4.41688776,-1.54796088,0.0109941447,0.17453292,0.00155511114,6,1,0.169012234
242104786,0.287733644,-0.0112298289,0,0.811874866,-0.25,10.2870121,4.23536396,-1.48470747,0.0109941447,0.17453292,-0.000477027963,6,1,0.173527405
242204746,0.288430065,-0.0115247825,0,0.786884844,-0.25,10.2869949,4.0729847,-1.42442667,0.0109941447,0.17453292,-0.000171730077,6,1,0.167439654
242304706,0.28889814,-0.0119477799,0,0.761894822,-0.25,10.286932,3.86590815,-1.36675763,0.0109941447,0.17453292,-0.000629676913,6,1,0.173287332
242404666,0.288071811,-0.0125605883,0,0.7369048,-0.25,10.286891,3.70298123,-1.31262851,0.0109941447,0.17453292,-0.000410244043,6,1,0.17453292
242504626,0.286102831,-0.0132902693,0,0.711914778,-0.25,10.2869635,3.58676124,-1.26096189,0.0109941447,0.17453292,0.000725082529,6,1,0.17453292
242604586,0.28470546,-0.0138564063,0,0.686924756,-0.25,10.2870798,3.41024137,-1.21221817,0.0109941447,0.17453292,0.00116394821,6,1,0.17453292
242704546,0.284992188,-0.0141164679,0,0.661934733,-0.25,10.2869873,3.27537608,-1.16436076,0.0109941447,0.17453292,-0.000925434288,6,1,0.17453292
242804506,0.284757942,-0.0144541087,0,0.636944711,-0.25,10.2869349,3.12065172,-1.12025917,0.0109941447,0.17453292,-0.000524730771,6,1,0.17453292
242904466,0.284036994,-0.0148835965,0,0.611954689,-0.25,10.2870455,3,-1.07736111,0.0109941447,0.17453292,0.00110670493,6,1,0.17453292
243004426,0.284314752,-0.0151457619,0,0.586964667,-0.25,10.2870216,3,-1.03627658,0.0109941447,0.17453292,-0.000238513981,6,1,0.17453292
243104386,0.285271585,-0.0152760008,0,0.561974645,-0.25,10.2870579,3,-0.997576892,0.0109941447,0.17453292,0.000362541265,6,1,0.17453292
243204346,0.286341757,-0.0154249268,0,0.536984622,-0.25,10.2869062,3,-0.960054696,0.0109941447,0.17453292,-0.00151694892,6,1,0.17453292
243305139,0.285387307,-0.0158373192,0,0.511786401,-0.25,10.2868958,3,-0.92479831,0.0109941447,0.17453292,-0.000104078834,6,1,0.167496532
243405099,0.282802612,-0.0164852273,0,0.486796409,-0.25,10.2869005,3,-0.890172839,0.0109941447,0.17453292,4.7702797e-05,6,1,0.160688519
243505059,0.280195773,-0.0170980543,0,0.461806417,-0.25,10.2870703,3,-0.857844234,0.0109941447,0.17453292,0.00169821957,6,1,0.15377447
243605019,0.279454499,-0.0174345728,0,0.436816424,-0.25,10.2870369,3,-0.826106369,0.0112250159,0.17453292,-0.000333919568,6,1,0.146287873
243804939,0.280457407,-0.0174271222,0,0.386836439,-0.25,10.2870884,3,-0.766651511,0.0109941447,0.17453292,0.000572433579,6,1,0.130083799
243904899,0.282209367,-0.0172146764,0,0.361846447,-0.25,10.2869749,3,-0.73940891,0.0109941447,0.17453292,-0.00113532657,6,1,0.121434018
244004859,0.2825284,-0.0172607843,0,0.336856455,-0.25,10.2869244,3,-0.712122023,0.0109941447,0.17453292,-0.000505649659,6,1,0.113059498
244104819,0.281716168,-0.0174825247,0,0.311866462,-0.25,10.286952,3,-0.687099159,0.0109941447,0.17453292,0.000276676234,6,1,0.10487847
244204779,0.280598551,-0.0178604051,0,0.28687647,-0.25,10.287076,3,-0.662095726,0.0109941447,0.17453292,0.00124027277,6,1,0.0966842771
244304739,0.281317502,-0.0178096928,0,0.261886477,-0.25,10.287076,3,-0.638916135,0.0109941447,0.17453292,0,6,1,0.0878304765
244404699,0.282965034,-0.0176532175,0,0.236896485,-0.25,10.2870255,3,-0.61643064,0.0109941447,0.17453292,-0.000505649659,6,1,0.0785922334
244504659,0.284368873,-0.0175530482,0,0.211906493,-0.25,10.2869558,3,-0.594857216,0.0109941447,0.17453292,-0.000696460833,6,1,0.0692913756
244604619,0.284612596,-0.0176554397,0,0.1869165,-0.25,10.2870102,3,-0.573995471,0.0109941447,0.17453292,0.000543811882,6,1,0.0601891987
244704579,0.285275161,-0.0176145658,0,0.161926508,-0.25,10.2870493,3,-0.55394876,0.0109941447,0.17453292,0.000391162932,6,1,0.0508298539
244804539,0.286113262,-0.0176131129,0,0.136936516,-0.25,10.2869034,3,-0.534412682,0.0109941447,0.17453292,-0.00145970564,6,1,0.0413040519
244904499,0.285290778,-0.0179060213,0,0.111946516,-0.25,10.2869272,3,-0.516511738,0.0109941447,0.17453292,0.000238513981,6,1,0.0321246125
245004459,0.284110278,-0.0181951299,0,0.0869565159,-0.25,10.2870741,3,-0.498339742,0.0109941447,0.17453292,0.00146924611,6,1,0.0229179114
245104419,0.284605831,-0.018187549,0,0.0619665161,-0.25,10.2869987,3,-0.481151491,0.0109941447,0.17453292,-0.000753704226,6,1,0.013115325
245204379,0.284569383,-0.0183250755,0,0.0369765162,-0.25,10.2868881,3,-0.464846194,0.0109941447,0.17453292,-0.00110670493,6,1,0.0109941447
245304339,0.283360124,-0.0186182763,0,0.0119865164,-0.25,10.287034,3,-0.448985159,0.0109941447,0.17453292,0.00145970564,6,1,0.0109941447
245405132,0.282664508,-0.0187895149,0,-0.0132117327,-0.25,10.2868805,3,-0.433923244,0.0109941447,0.17453292,-0.0015233357,6,1,0.0109941447
245505092,0.280595541,-0.0191325229,0,-0.0382017344,-0.25,10.2868948,3,-0.419234037,0.0109941447,0.17453292,0.000143108395,6,1,0.0109941447
245605052,0.277309209,-0.0197519101,0,-0.0631917343,-0.25,10.2868767,3,-0.404337704,0.0112250159,0.17453292,-0.000181270632,6,1,0.0112250159
245705012,0.273504734,-0.0203133859,0,-0.0881817341,-0.25,10.2869091,3,-0.390649736,0.0112250159,0.17453292,0.000324379012,6,1,0.0112250159
245904932,0.266870469,-0.0214107372,0,-0.138161734,-0.25,10.28687,3,-0.364929259,0.0114559084,0.17453292,-0.00109716435,6,1,0.0114559084
246004892,0.263041556,-0.0220177639,0,-0.163151741,-0.25,10.2869158,3,-0.352256119,0.0114559084,0.17453292,0.000457946851,6,1,0.0114559084
246104852,0.259719431,-0.0224817097,0,-0.188141733,-0.25,10.2869558,3,-0.340119928,0.0116868019,0.17453292,0.000400703488,6,1,0.0116868019
246204812,0.256736219,-0.0229690466,0,-0.213131726,-0.25,10.2868967,3,-0.328324109,0.0116868019,0.17453292,-0.00059151469,6,1,0.0116868019
246304772,0.253607452,-0.0234651063,0,-0.238121718,-0.25,10.2869368,3,-0.318066657,0.0116868019,0.17453292,0.000400703488,6,1,0.0116868019
246404732,0.250931293,-0.0238806754,0,-0.263111711,-0.25,10.2869577,3,-0.306411028,0.0116868019,0.17453292,0.000209892314,6,1,0.0116868019
246504692,0.248862967,-0.0241878964,0,-0.288101703,-0.25,10.2868814,3,-0.297367543,0.0119176721,0.17453292,-0.000763244752,6,1,0.0119176721
246604652,0.246006936,-0.0246086791,0,-0.313091695,-0.25,10.28689,3,-0.286644638,0.0119176721,0.17453292,8.58650383e-05,6,1,0.0119176721
246704612,0.243056715,-0.0250197127,0,-0.338081688,-0.25,10.2869139,3,-0.277999818,0.0119176721,0.17453292,0.000238513981,6,1,0.0119176721
246804572,0.240318283,-0.0253751483,0,-0.36307168,-0.25,10.2869463,3,-0.268241823,0.0119176721,0.17453292,0.000324379012,6,1,0.0119176721
246904532,0.238701627,-0.0255836565,0,-0.388061672,-0.25,10.2870226,3,-0.2594226,0.0121485656,0.17453292,0.000763244752,6,1,0.0121485656
247004492,0.238579616,-0.0255563352,0,-0.413051665,-0.25,10.2869844,3,-0.250677347,0.0121485656,0.17453292,-0.000381622376,6,1,0.0121485656
247104452,0.238785535,-0.0254165139,0,-0.438041657,-0.25,10.28689,3,-0.243020579,0.0121485656,0.17453292,-0.000944515399,6,1,0.0121485656
247204412,0.237829387,-0.0255561974,0,-0.46303165,-0.25,10.2869244,3,-0.234348372,0.0121485656,0.17453292,0.000343460153,6,1,0.0121485656
247304372,0.236573413,-0.0257095825,0,-0.488021642,-0.25,10.28689,3,-0.226553112,0.0121485656,0.17453292,-0.000343460153,6,1,0.0121485656
247404332,0.234519377,-0.0260372255,0,-0.513011634,-0.25,10.2869053,3,-0.219028398,0.0121485656,0.17453292,0.00015264895,6,1,0.0121485656
247505125,0.232841402,-0.0262761209,0,-0.538209856,-0.25,10.2870159,3,-0.211618945,0.0121485656,0.17453292,0.00109755865,6,1,0.0121485656
247605085,0.232763037,-0.0261937156,0,-0.563199878,-0.25,10.286993,3,-0.204800203,0.0121485656,0.17453292,-0.000228973426,6,1,0.0121485656
247705045,0.233398288,-0.0259993989,0,-0.5881899,-0.25,10.2868748,3,-0.198482245,0.0121485656,0.17453292,-0.00118302938,6,1,0.0121485656
247805005,0.232581034,-0.0260682292,0,-0.613179922,-0.25,10.2869377,3,-0.191419542,0.0121485656,0.17453292,0.000629676913,6,1,0.0121485656
248004925,0.229846433,-0.0263391994,0,-0.663159966,-0.25,10.2868738,3,-0.178888202,0.0123780379,0.17453292,-0.00015264895,6,1,0.0123780379
248104885,0.228100315,-0.0264998619,0,-0.688149989,-0.25,10.2870283,3,-0.173423916,0.0123780379,0.17453292,0.00154557067,6,1,0.0123780379
248204845,0.228246182,-0.0264048129,0,-0.713140011,-0.25,10.287035,3,-0.167124346,0.0123780379,0.17453292,6.67839195e-05,6,1,0.0123780379
248304805,0.230200395,-0.0259583034,0,-0.738130033,-0.25,10.287034,3,-0.161817819,0.0121485656,0.17453292,-9.5405594e-06,6,1,0.0121485656
248404765,0.232733101,-0.0254998375,0,-0.763120055,-0.25,10.286974,3,-0.156442329,0.0121485656,0.17453292,-0.000601055217,6,1,0.0121485656
248504725,0.235334933,-0.0249701384,0,-0.788110077,-0.25,10.2870283,3,-0.151269823,0.0121485656,0.17453292,0.000543811882,6,1,0.0121485656
248604685,0.238004357,-0.0245390497,0,-0.8131001,-0.25,10.286911,3,-0.146762416,0.0121485656,0.17453292,-0.0011734888,6,1,0.0121485656
248704645,0.239600524,-0.0241786111,0,-0.838090122,-0.25,10.2869844,3,-0.141528368,0.0121485656,0.17453292,0.000734623056,6,1,0.0121485656
248804605,0.241164327,-0.0239149239,0,-0.863080144,-0.25,10.2869701,3,-0.13659665,0.0119176721,0.17453292,-0.000143108395,6,1,0.0119176721
248904565,0.242889866,-0.0236341283,0,-0.888070166,-0.25,10.2870121,3,-0.132079303,0.0119176721,0.17453292,0.000419784628,6,1,0.0119176721
249004525,0.244449869,-0.0233722776,0,-0.913060188,-0.25,10.2868595,3,-0.127926484,0.0119176721,0.17453292,-0.0015264895,6,1,0.0119176721
249104485,0.244010895,-0.0234059803,0,-0.93805021,-0.25,10.286871,3,-0.123596571,0.0119176721,0.17453292,0.000114486713,6,1,0.0119176721
249204445,0.242200285,-0.0236914288,0,-0.963040233,-0.25,10.2868977,3,-0.119378433,0.0119176721,0.17453292,0.000267135678,6,1,0.0119176721
249304405,0.240567505,-0.0239112284,0,-0.988030255,-0.25,10.2870159,3,-0.116364837,0.0119176721,0.17453292,0.00118302938,6,1,0.0119176721
249404365,0.240684852,-0.0238092374,0,-1.01302028,-0.25,10.2870531,3,-0.112218425,0.0119176721,0.17453292,0.00037208182,6,1,0.0119176721
249504325,0.242400974,-0.0234467983,0,-1.03801024,-0.25,10.2869682,3,-0.108681165,0.0119176721,0.17453292,-0.000849109783,6,1,0.0119176721
249605118,0.243981436,-0.0231587868,0,-1.06320846,-0.25,10.2870226,3,-0.105484843,0.0119176721,0.17453292,0.000539317611,6,1,0.0119176721
249705078,0.246051252,-0.0227489248,0,-1.08819842,-0.25,10.2869244,3,-0.101962231,0.0119176721,0.17453292,-0.00098267768,6,1,0.0119176721
249805038,0.247038394,-0.0225476231,0,-1.11318839,-0.25,10.2870083,3,-0.0983830169,0.0119176721,0.17453292,0.000839569257,6,1,0.0119176721
250004958,0.248060852,-0.0223619267,0,-1.16316831,-0.25,10.2870464,3,-0.0917344466,0.0119176721,0.17453292,0.00180316577,6,1,0.0119176721
250104918,0.249231875,-0.022081634,0,-1.18815827,-0.25,10.2869368,3,-0.0888552144,0.0119176721,0.17453292,-0.00109716435,6,1,0.0119176721
250204878,0.249691412,-0.0219948292,0,-1.21314824,-0.25,10.2869997,3,-0.0859876946,0.0119176721,0.17453292,0.000629676913,6,1,0.0119176721
250304838,0.250522137,-0.02179051,0,-1.2381382,-0.25,10.2868814,3,-0.0831769258,0.0116868019,0.17453292,-0.00118302938,6,1,0.0116868019
250404798,0.249898389,-0.0218971483,0,-1.26312816,-0.25,10.2869682,3,-0.0805908591,0.0119176721,0.17453292,0.000868190895,6,1,0.0119176721
250504758,0.24991177,-0.0218817983,0,-1.28811812,-0.25,10.2870121,3,-0.0779236108,0.0119176721,0.17453292,0.00043886574,6,1,0.0119176721
250604718,0.250529319,-0.0217580665,0,-1.31310809,-0.25,10.2869654,3,-0.0752849951,0.0116868019,0.17453292,-0.000467487407,6,1,0.0116868019
250704678,0.250989169,-0.0216541924,0,-1.33809805,-0.25,10.2869177,3,-0.0729946345,0.0116868019,0.17453292,-0.000477027963,6,1,0.0116868019
250804638,0.250933707,-0.0215792786,0,-1.36308801,-0.25,10.2870274,3,-0.0707823113,0.0116868019,0.17453292,0.00109716435,6,1,0.0116868019
