time_us,in_hdem,in_easd,in_stg,in_dbey,in_pmin,in_thnu,in_hafe,in_ldf,in_ptrm,out_th,out_ph
35105119,1470,3000,3,0,0,0,14.9008427,1,0,0.481818855,0.0476900525
35205079,1470,3000,3,0,0,0,15.2593298,1,0,0.581084728,0.0220366828
35305039,1470,3000,3,0,0,0,15.6317501,1,0,0.679743648,-0.00342391245
35504959,1470,3000,3,0,0,0,16.3723488,1,0,0.698549271,-0.0540460646
35604919,1470,3000,3,0,0,0,16.7076702,1,0,0.679192245,-0.0792624578
35704879,1470,3000,3,0,0,0,16.9784355,1,0,0.661853075,-0.086425297
35804839,1470,3000,3,0,0,0,17.1731968,1.00000024,0,0.647429049,-0.0746219531
35904799,1470,3000,3,0,0,0,17.2811813,1.00000012,0,0.638962567,-0.0640133396
36004759,1470,3000,3,0,0,0,17.3078804,1,0,0.637877405,-0.0585889854
36104719,1470,3000,3,0,0,0,17.2794266,1,0,0.645120025,-0.0633824542
36204679,1470,3000,3,0,0,0,17.2301083,1,0,0.658400059,-0.0738142654
36304639,1470,3000,3,0,0,0,17.1954136,1,0,0.67242986,-0.0882681981
36404599,1470,3000,3,0,0,0,17.1925259,1.00000012,0,0.684428453,-0.101663232
36504559,1470,3000,3,0,0,0,17.2215099,1.00000012,0,0.690369546,-0.105465002
36604519,1470,3000,3,0,0,0,17.2637901,1.00000024,0,0.692814469,-0.106518209
36704479,1470,3000,3,0,0,0,17.2923012,1.00000036,0,0.692600846,-0.0997154042
36804439,1470,3000,3,0,0,0,17.2910557,1.00000095,0,0.692628622,-0.0922536924
36904399,1470,3000,3,0,0,0,17.2506847,1.00000131,0,0.695224941,-0.0899311006
37004359,1470,3000,3,0,0,0,17.1829643,1.00000191,0,0.7022717,-0.093170628
37104319,1470,3000,3,0,0,0,17.1066341,1.00000262,0,0.712135077,-0.0997977182
37205112,1470,3000,3,0,0,0,17.0353794,1.00000262,0,0.722177684,-0.10810481
37305072,1470,3000,3,0,0,0,16.9779072,1.00000191,0,0.73064822,-0.114272177
37405032,1470,3000,3,0,0,0,16.9286957,1.00000155,0,0.737604022,-0.117606685
37604952,1470,3000,3,0,0,0,16.828352,1.0000006,0,0.747528553,-0.116262048
37704912,1470,3000,3,0,0,0,16.7533989,1.00000083,0,0.751863301,-0.113166012
37804872,1470,3000,3,0,0,0,16.6603317,1.00000083,0,0.757108927,-0.112304367
37904832,1470,3000,3,0,0,0,16.5534935,1.0000006,0,0.763276696,-0.111303769
38004792,1470,3000,3,0,0,0,16.4397182,1.0000006,0,0.77124542,-0.115496635
38104752,1470,3000,3,0,0,0,16.3266163,1.00000024,0,0.779993713,-0.117681496
38204712,1470,3000,3,0,0,0,16.2170238,1.00000012,0,0.788125038,-0.119598292
38304672,1470,3000,3,0,0,0,16.1201134,1.00000012,0,0.795065463,-0.125041917
38404632,1470,3000,3,0,0,0,16.0316124,1.0000006,0,0.801415503,-0.126526356
38504592,1470,3000,3,0,0,0,15.9423962,1.00000191,0,0.807167053,-0.127327487
38604552,1470,3000,3,0,0,0,15.8484612,1.00000441,0,0.811797321,-0.125054389
38704512,1470,3000,3,0,0,0,15.7450933,1.00000608,0,0.816024721,-0.122452334
38804472,1470,3000,3,0,0,0,15.6284895,1.00000811,0,0.821330428,-0.11871399
38904432,1470,3000,3,0,0,0,15.5014954,1.00000954,0,0.827028036,-0.117921717
39004392,1470,3000,3,0,0,0,15.370862,1.00000882,0,0.835148394,-0.120728679
39104352,1470,3000,3,0,0,0,15.245451,1.00000679,0,0.84284848,-0.123069003
39204312,1470,3000,3,0,0,0,15.1279755,1.00000501,0,0.850394845,-0.125839159
39305105,1470,3000,3,0,0,0,15.0185022,1.00000298,0,0.857892096,-0.12800619
39405065,1470,3000,3,0,0,0,14.9139452,1.00000262,0,0.864084721,-0.126379848
39505025,1470,3000,3,0,0,0,14.8068686,1.00000298,0,0.800543547,-0.125708386
39704945,1470,3000,3,0,0,0,14.5814457,1.00000346,0,0.610051632,-0.138730556
39804905,1470,3000,3,0,0,0,14.466258,1.00000548,0,0.534981906,-0.162710622
39904865,1470,3000,3,0,0,0,14.3425274,1.00000811,0,0.570150554,-0.186730415
40004825,1470,3000,3,0,0,0,14.2044554,1.00001192,0,0.613312185,-0.210836157
40104785,1470,3000,3,0,0,0,14.0411425,1.00001287,0,0.655935585,-0.235023975
40204745,1470,3000,3,0,0,0,13.8357296,1.00001287,0,0.687616765,-0.217275217
40304705,1470,3000,3,0,0,0,13.5673246,1.00001287,0,0.712332547,-0.193053812
40404665,1470,3000,3,0,0,0,13.2290525,1.00001466,0,0.736393631,-0.168872014
40504625,1470,3000,3,0,0,0,12.8315954,1.00001764,0,0.757833123,-0.144733354
40604585,1470,3000,3,0,0,0,12.4071236,1.00001764,0,0.785774589,-0.125305042
40704545,1470,3000,3,0,0,0,12.0049362,1.00001657,0,0.816807032,-0.129145786
40804505,1470,3000,3,0,0,0,11.6591606,1.00001287,0,0.845758617,-0.135643199
40904465,1470,3000,3,0,0,0,11.3957653,1.00001037,0,0.86883527,-0.139425427
41004425,1470,3000,3,0,0,0,11.2153473,1.00000739,0,0.883477092,-0.141846061
41104385,1470,3000,3,0,0,0,11.1005774,1.00000548,0,0.891216516,-0.135924861
41204345,1470,3000,3,0,0,0,11.0158825,1.00000548,0,0.893177152,-0.120346226
41305138,1470,3000,3,0,0,0,10.9291668,1.00000608,0,0.888762772,-0.105331145
41405098,1470,3000,3,0,0,0,10.8204956,1.00000882,0,0.889246702,-0.0910690501
41505058,1470,3000,3,0,0,0,10.6918058,1.00001192,0,0.889822841,-0.0853849426
41605018,1470,3000,3,0,0,0,10.5659857,1.00001037,0,0.899310231,-0.0906348899
41804938,1470,3000,3,0,0,0,10.4180222,1.00000954,0,0.915242136,-0.103538483
41904898,1470,3000,3,0,0,0,10.4009895,1.00001371,0,0.920128345,-0.100203097
42004858,1470,3000,3,0,0,0,10.4017391,1.00001764,0,0.91616118,-0.0942952931
42104818,1470,3000,3,0,0,0,10.4056301,1.00002205,0,0.91474092,-0.0878247917
42204778,1470,3000,3,0,0,0,10.399786,1.00001979,0,0.910352409,-0.0805475414
42304738,1470,3000,3,0,0,0,10.382823,1.00001979,0,0.911448181,-0.0798562169
42404698,1470,3000,3,0,0,0,10.3636236,1.00002205,0,0.913432121,-0.079903163
42504658,1470,3000,3,0,0,0,10.3531332,1.00002325,0,0.913705766,-0.081301719
42604618,1470,3000,3,0,0,0,10.3573914,1.00002086,0,0.918706656,-0.0854576528
42704578,1470,3000,3,0,0,0,10.3764849,1.00001466,0,0.920264602,-0.0866473168
42804538,1470,3000,3,0,0,0,10.4065361,1.00000608,0,0.922703803,-0.0868458301
42904498,1470,3000,3,0,0,0,10.437624,1.00000298,0,0.919673026,-0.0816403478
43004458,1470,3000,3,0,0,0,10.4633675,1.00000083,0,0.922771335,-0.0785538405
43104418,1470,3000,3,0,0,0,10.4847708,1.00000036,0,0.919250727,-0.0762047395
43204378,1470,3000,3,0,0,0,10.500124,1.00000024,0,0.920921803,-0.0723040476
43304338,1470,3000,3,0,0,0,10.5101824,1.00000095,0,0.921168566,-0.0730484575
43405131,1470,3000,3,0,0,0,10.524601,1.00000346,0,0.927922189,-0.0772427246
43505091,1470,3000,3,0,0,0,10.5510197,1.00000393,0,0.92983675,-0.0789844468
43605051,1470,3000,3,0,0,0,10.5888596,1.00000262,0,0.930631518,-0.0799797997
43705011,1470,3000,3,0,0,0,10.6317625,1.00000298,0,0.93322885,-0.0769872442
43904931,1470,3000,3,0,0,0,10.7215099,1.00000155,0,0.928147733,-0.0722127929
44004891,1470,3000,3,0,0,0,10.7586193,1.00000036,0,0.930232525,-0.070771642
44104851,1470,3000,3,0,0,0,10.7896938,1.00000012,0,0.930721998,-0.0705341026
44204811,1470,3000,3,0,0,0,10.8182411,1,0,0.929291248,-0.0708658099
44304771,1470,3000,3,0,0,0,10.8469954,1.00000024,0,0.933742881,-0.0704154819
44404731,1470,3000,3,0,0,0,10.8866348,1.00000155,0,0.932745814,-0.0742690414
44504691,1470,3000,3,0,0,0,10.9414501,1.00000298,0,0.93430227,-0.0771996677
44604651,1470,3000,3,0,0,0,11.0077238,1.00000501,0,0.931542873,-0.0761189833
44704611,1470,3000,3,0,0,0,11.0700111,1.00000346,0,0.930663824,-0.0712863356
44804571,1470,3000,3,0,0,0,11.1236515,1.00000095,0,0.930620432,-0.0703440309
44904531,1470,3000,3,0,0,0,11.1690111,1.00000083,0,0.929235458,-0.0713794008
45004491,1470,3000,3,0,0,0,11.2067327,1.00000083,0,0.93253696,-0.0709856823
45104451,1470,3000,3,0,0,0,11.2427282,1.00000083,0,0.933473825,-0.0696847364
45204411,1470,3000,3,0,0,0,11.2775011,1.00000024,0,0.932960331,-0.0673754364
45304371,1470,3000,3,0,0,0,11.31322,1.00000012,0,0.932171822,-0.0677739903
45404331,1470,3000,3,0,0,0,11.3528471,1.00000036,0,0.932984829,-0.0689584762
45505124,1470,3000,3,0,0,0,11.3937721,1.00000024,0,0.933930993,-0.0698106289
45605084,1470,3000,3,0,0,0,11.4404831,1.00000036,0,0.935680091,-0.0703559071
45705044,1470,3000,3,0,0,0,11.4951649,1.00000131,0,0.931550384,-0.0702129528
45805004,1470,3000,3,0,0,0,11.5504942,1.00000155,0,0.930497289,-0.0703786761
46004924,1470,3000,3,0,0,0,11.6649132,1.00000095,0,0.927500725,-0.0695155039
46104884,1470,3000,3,0,0,0,11.7171268,1.00000083,0,0.927576959,-0.0653513297
46204844,1470,3000,3,0,0,0,11.7643614,1.00000036,0,0.923219562,-0.0664603189
46304804,1470,3000,3,0,0,0,11.8107901,1.0000006,0,0.926062465,-0.0694896802
46404764,1470,3000,3,0,0,0,11.8629141,1.00000024,0,0.925637841,-0.071790345
46504724,1470,3000,3,0,0,0,11.9205742,1.00000024,0,0.923242152,-0.0688304156
46604684,1470,3000,3,0,0,0,11.9735813,1.00000012,0,0.923785329,-0.0656056851
46704644,1470,3000,3,0,0,0,12.0207424,1.00000024,0,0.918349624,-0.0649134666
46804604,1470,3000,3,0,0,0,12.0600033,1.00000036,0,0.919501424,-0.0637719408
46904564,1470,3000,3,0,0,0,12.0972662,1.00000131,0,0.921833396,-0.0678410456
47004524,1470,3000,3,0,0,0,12.142519,1.00000155,0,0.92003715,-0.0694881827
47104484,1470,3000,3,0,0,0,12.1954966,1.00000191,0,0.92478925,-0.0714189112
47204444,1470,3000,3,0,0,0,12.2556438,1.00000298,0,0.92119664,-0.069564417
47304404,1470,3000,3,0,0,0,12.3173618,1.00000346,0,0.917007208,-0.06786336
47404364,1470,3000,3,0,0,0,12.3694906,1.00000298,0,0.917247653,-0.067797333
47504324,1470,3000,3,0,0,0,12.4137993,1.00000298,0,0.918360233,-0.0669005439
47605117,1470,3000,3,0,0,0,12.4507952,1.00000441,0,0.917024732,-0.0614537522
47705077,1470,3000,3,0,0,0,12.4814758,1.00000393,0,0.914065361,-0.0636911392
47805037,1470,3000,3,0,0,0,12.5107117,1.00000441,0,0.91726166,-0.0649235919
48004957,1470,3000,3,0,0,0,12.602066,1.00000739,0,0.919714689,-0.0730112121
48104917,1470,3000,3,0,0,0,12.660511,1.00000501,0,0.918598771,-0.070163466
48204877,1470,3000,3,0,0,0,12.7202625,1.00000262,0,0.913036942,-0.0694984272
48304837,1470,3000,3,0,0,0,12.7731209,1.00000095,0,0.911739469,-0.0661379993
48404797,1470,3000,3,0,0,0,12.816185,1.0000006,0,0.908274829,-0.0664964914
48504757,1470,3000,3,0,0,0,12.8522701,1.00000083,0,0.908432126,-0.0663084313
48604717,1470,3000,3,0,0,0,12.8873177,1.00000012,0,0.909834743,-0.0677178726
48704677,1470,3000,3,0,0,0,12.9254904,1.00000012,0,0.909269214,-0.0694034621
48804637,1470,3000,3,0,0,0,12.9672461,1.00000024,0,0.907291234,-0.0713248476
48904597,1470,3000,3,0,0,0,13.0110273,1,0,0.909894228,-0.0709087625
49004557,1470,3000,3,0,0,0,13.055151,1.00000012,0,0.907556713,-0.0716794953
49104517,8000,3000,3,0,0,0,13.0985804,1.00000155,0,0.910629928,-0.0651208609
49204477,8000,3000,3,0,0,0,13.1382599,2.28526139,0,0.913434327,-0.054432597
49304437,8000,3000,3,0,0,0,13.1709051,2.28444219,0,0.913286209,-0.0444005691
49404397,8000,3000,3,0,0,0,13.2052889,2.2836237,0,0.92221868,-0.0407074615
49504357,8000,3000,3,0,0,0,13.2533455,2.28280568,0,0.93619144,-0.0380478427
49604317,8000,3000,3,0,0,0,13.3170023,2.28117204,0,0.964213133,-0.0336415991
49705110,8000,3000,3,0,0,0,13.3954849,2.27954078,0,1,-0.027050633
49805070,8000,3000,3,0,0,0,13.4822702,2.28035617,0,0.91140461,-0.00848077144
49905030,8000,3000,3,0,0,0,13.5646133,2.28198862,0,0.537230253,0.000489566417
50104950,8000,3000,3,0,0,0,13.6911383,2.28854489,0,0.487999648,-0.0362192579
50204910,8000,3000,3,0,0,0,13.7427206,2.28690243,0,0.43114996,-0.0588503927
50304870,8000,3000,3,0,0,0,13.8057003,2.27872562,0,0.531109929,-0.0816789269
50404830,8000,3000,3,0,0,0,13.8843193,2.26176715,0,0.631069899,-0.104751155
50504790,8000,3000,3,0,0,0,13.9852247,2.23959041,0,0.73546952,-0.128067493
50604750,8000,3000,3,0,0,0,14.1005497,2.21330976,0,0.840590477,-0.151574999
50704710,8000,3000,3,0,0,0,14.2156096,2.18920231,0,0.946119428,-0.173834741
50804670,8000,3000,3,0,0,0,14.3124514,2.17223811,0,0.904204726,-0.150226906
50904630,8000,3000,3,0,0,0,14.3696413,2.16422963,0,0.857806027,-0.126693845
51004590,8000,3000,3,0,0,0,14.3756285,2.16495442,0,0.831993937,-0.10325361
51104550,8000,3000,3,0,0,0,14.3268147,2.17004704,0,0.827657223,-0.0798802748
51204510,8000,3000,3,0,0,0,14.2311277,2.17516685,0,0.848717868,-0.0565218255
51304470,8000,3000,3,0,0,0,14.1108313,2.17884016,0,0.885378063,-0.0331348218
51404430,8000,3000,3,0,0,0,13.988656,2.1825285,0,0.925035,-0.00970054977
51504390,8000,3000,3,0,0,0,13.8865738,2.1854887,0,0.962340653,0.00915279798
51604350,8000,3000,3,0,0,0,13.8209915,2.18994594,0,0.99876684,0.0163936373
51704310,8000,3000,3,0,0,0,13.8084221,2.19667149,0,1,0.0228268337
51805103,8000,3000,3,0,0,0,13.855711,2.203444,0,0.932048321,0.0303859487
51905063,8000,3000,3,0,0,0,13.9684811,2.21178555,0,0.946065903,0.0220608115
52005023,8000,3000,3,0,0,0,14.1382484,2.21943092,0,1,0.00411513122
52204943,8000,3000,3,0,0,0,14.6147423,2.22713614,0,1,0.00371360476
52304903,8000,3000,3,0,0,0,14.900589,2.23101115,0,0.953896642,0.00527254771
52404863,8000,3000,3,0,0,0,15.2008057,2.23412251,0,1,0.013364925
52504823,8000,3000,3,0,0,0,15.5128946,2.23802495,0,0.953628182,0.0159789808
52604783,8000,3000,3,0,0,0,15.8255339,2.24194288,0,1,0.0229448248
52704743,8000,3000,3,0,0,0,16.145422,2.24666524,0,0.953299046,0.0239029601
52804703,8000,3000,3,0,0,0,16.4712124,2.24982548,0,1,0.0244315583
52904663,8000,3000,3,0,0,0,16.8103924,2.25061727,0,0.953049421,0.0252803527
53004623,8000,3000,3,0,0,0,17.1571522,2.24666524,0,1,0.0273014177
53104583,8000,3000,3,0,0,0,17.5123119,2.23959041,0,0.952850342,0.0255097281
53204543,8000,3000,3,0,0,0,17.8728237,2.22713614,0,1,0.0260183215
53304503,8000,3000,3,0,0,0,18.2387695,2.21178555,0,0.952733278,0.0260377172
53404463,8000,3000,3,0,0,0,18.6078186,2.19218254,0,1,0.0298772156
53504423,8000,3000,3,0,0,0,18.9783554,2.17004704,0,0.952615142,0.0281562768
53604383,8000,3000,3,0,0,0,19.3500843,2.14414382,0,1,0.0295988917
53704343,8000,3000,3,0,0,0,19.7246151,2.11617446,0,0.952542603,0.0293504708
53805136,8000,3000,3,0,0,0,20.1002274,2.08435726,0,1,0.0301675647
53905096,8000,3000,3,0,0,0,20.4747543,2.05105114,0,0.953318,0.0304755699
54005056,8000,3000,3,0,0,0,20.8447838,2.01586509,0,1,0.0312317014
54105016,8000,3000,3,0,0,0,21.2113323,1.97968745,0,0.953337491,0.0305840615
54304936,8000,3000,3,0,0,0,21.9468536,1.90466726,0,0.953322172,0.0334182084
54404896,8000,3000,3,0,0,0,22.3142471,1.86627448,0,1,0.0354532748
54504856,8000,3000,3,0,0,0,22.6817799,1.82724786,0,0.953296304,0.0362519845
54604816,8000,3000,3,0,0,0,23.0526772,1.78875446,0,1,0.0420407094
54704776,8000,3000,3,0,0,0,23.4299316,1.75131297,0,0.953268051,0.0392386802
54804736,8000,3000,3,0,0,0,23.8118896,1.71409118,0,1,0.0437097847
54904696,8000,3000,3,0,0,0,24.1970749,1.67721939,0,0.953225851,0.0422211923
55004656,8000,3000,3,0,0,0,24.5866871,1.63969755,0,1,0.045220755
55104616,8000,3000,3,0,0,0,24.975462,1.60462809,0,0.965883255,0.0450170375
55204576,8000,3000,3,0,0,0,25.3600788,1.57013988,0,1,0.051382795
55304536,8000,3000,3,0,0,0,25.742548,1.53819799,0,0.956014872,0.0517608672
55404496,8000,3000,3,0,0,0,26.1243343,1.5058955,0,1,0.0527083203
55504456,8000,3000,3,0,0,0,26.5027218,1.47485793,0,0.919313788,0.0538696051
55604416,8000,3000,3,0,0,0,26.8806343,1.44531381,0,0.977680206,0.0546017177
55704376,8000,3000,3,0,0,0,27.2599678,1.41693652,0,0.981344104,0.0423542149
55804336,8000,3000,3,0,0,0,27.6468964,1.38619781,0,0.971377671,0.0417441577
55905129,8000,3000,3,0,0,0,28.0364456,1.35699296,0,0.877166331,0.0461763218
56005089,8000,3000,3,0,0,0,28.428421,1.33108974,0,0.78357482,0.0483774915
56105049,8000,3000,3,0,0,0,28.7967052,1.309057,0,0.689951897,0.0335844271
56205009,8000,3000,3,0,0,0,29.1568584,1.28931451,0,0.622453153,0.0108648259
56404929,8000,3000,3,0,0,0,29.82617,1.25000167,0,0.691849232,-0.034975227
56504889,8000,3000,3,0,0,0,30.1140327,1.23388124,0,0.730148077,-0.0581335574
56604849,8000,3000,3,0,0,0,30.3615112,1.2224201,0,0.757328153,-0.0425513573
56704809,8000,3000,3,0,0,0,30.5419941,1.21677315,0,0.774671674,-0.0191960223
56804769,8000,3000,3,0,0,0,30.6586456,1.21677315,0,0.790424466,0.00420384854
56904729,8000,3000,3,0,0,0,30.7199974,1.21780539,0,0.809035659,0.0276467502
57004689,8000,3000,3,0,0,0,30.7497654,1.2147193,0,0.835862935,0.0511434227
57104649,8000,3000,3,0,0,0,30.7820301,1.20480144,0,0.872080326,0.0629764348
57204609,8000,3000,3,0,0,0,30.8489532,1.18674588,0,0.900616288,0.0654015392
57304569,8000,3000,3,0,0,0,30.9774208,1.16286993,0,0.927689672,0.0633102506
57404529,8000,3000,3,0,0,0,31.184763,1.13521457,0,0.945964277,0.0567207634
57504489,8000,3000,3,0,0,0,31.473299,1.10811317,0,0.948958516,0.0546787493
57604449,8000,3000,3,0,0,0,31.8309097,1.08547771,0,0.938814044,0.0572082028
57704409,8000,3000,3,0,0,0,32.2312431,1.06887007,0,0.926877856,0.0626082197
57804369,8000,3000,3,0,0,0,32.6516075,1.05883551,0,0.910880148,0.0669032559
57904329,8000,3000,3,0,0,0,33.0668297,1.05351198,0,0.894922018,0.0728648826
58005122,8000,3000,3,0,0,0,33.4647484,1.05110514,0,0.891922474,0.0771688372
58105082,8000,3000,3,0,0,0,33.8389511,1.04945719,0,0.891467571,0.0799077153
58205042,8000,3000,3,0,0,0,34.2011299,1.04738271,0,0.898481905,0.0807027519
58305002,8000,3000,3,0,0,0,34.555027,1.04491425,0,0.908029079,0.0796087384
58504922,8000,3000,3,0,0,0,35.2980537,1.03719187,0,0.930542946,0.0807552934
58604882,8000,3000,3,0,0,0,35.6958275,1.03299356,0,0.937709987,0.0839049742
58704842,8000,3000,3,0,0,0,36.1056099,1.0291965,0,0.938831806,0.0894227922
58804802,8000,3000,3,0,0,0,36.5283318,1.02589226,0,0.935506523,0.0940804258
58904762,8000,3000,3,0,0,0,36.9569893,1.02306736,0,0.938007474,0.0971299186
59004722,8000,3000,3,0,0,0,37.3926086,1.02085054,0,0.936603904,0.0989328101
59104682,8000,3000,3,0,0,0,37.8394089,1.01909888,0,0.937411904,0.096240446
59204642,8000,3000,3,0,0,0,38.3027306,1.01739419,0,0.938947499,0.09354496
59304602,8000,3000,3,0,0,0,38.7807159,1.01570916,0,0.93979919,0.0946982428
59404562,8000,3000,3,0,0,0,39.2681465,1.01417291,0,0.939998269,0.0946818292
59504522,8000,3000,3,0,0,0,39.7558517,1.01294553,0,0.941264153,0.0987462103
59604482,8000,3000,3,0,0,0,40.2403412,1.011994,0,0.93872714,0.104002975
59704442,8000,3000,3,0,0,0,40.7150154,1.01126492,0,0.941765249,0.106716074
59804402,8000,3000,3,0,0,0,41.1870613,1.01066244,0,0.945020974,0.105312102
59904362,8000,3000,3,0,0,0,41.6616287,1.009902,0,0.948263228,0.106372356
60004322,8000,3000,3,0,0,0,42.1457787,1.00917041,0,0.952782691,0.103057332
60105115,8000,3000,3,0,0,0,42.6460342,1.00826216,0,0.952170193,0.105888978
60205075,8000,3000,3,0,0,0,43.1502571,1.0073595,0,0.955046117,0.106068201
60305035,8000,3000,3,0,0,0,43.657074,1.00655007,0,0.954772413,0.105124265
60504955,8000,3000,3,0,0,0,44.6683998,1.00525308,0,0.956543386,0.110089533
60604915,8000,3000,3,0,0,0,45.1768875,1.00482988,0,0.955658436,0.109226763
60704875,8000,3000,3,0,0,0,45.6875992,1.00440824,0,0.953952551,0.108373389
60804835,8000,3000,3,0,0,0,46.2006569,1.00400603,0,0.958532095,0.10916353
60904795,8000,3000,3,0,0,0,46.7175369,1.00365317,0,0.955827832,0.109488554
61004755,8000,3000,3,0,0,0,47.2407722,1.00331664,0,0.95532757,0.109966099
61104715,8000,3000,3,0,0,0,47.7700157,1.00298297,0,0.957323551,0.107421674
61204675,8000,3000,3,0,0,0,48.3041916,1.00271857,0,0.955917239,0.106479011
61304635,8000,3000,3,0,0,0,48.8338623,1.0025034,0,0.956472874,0.111706957
61404595,8000,3000,3,0,0,0,49.3590164,1.00229728,0,0.955019057,0.110630028
61504555,8000,3000,3,0,0,0,49.8795738,1.00203264,0,0.955221951,0.113018237
61604515,8000,3000,3,0,0,0,50.3968391,1.00184739,0,0.956090033,0.11430347
61704475,8000,3000,3,0,0,0,50.9113197,1.00166094,0,0.957543135,0.116666518
61804435,8000,3000,3,0,0,0,51.4275551,1.00149405,0,0.959051311,0.113889776
61904395,8000,3000,3,0,0,0,51.95084,1.00133598,0,0.957704246,0.112851247
62004355,8000,3000,3,0,0,0,52.4822044,1.00122106,0,0.96325177,0.109752402
62104315,8000,3000,3,0,0,0,53.0225258,1.00108671,0,0.96154207,0.106976114
62205108,8000,3000,3,0,0,0,53.5720482,1.00096798,0,0.96238637,0.109753892
62305068,8000,3000,3,0,0,0,54.116806,1.00083458,0,0.960947871,0.109229811
62405028,8000,3000,3,0,0,0,54.6578217,1.00074434,0,0.960047662,0.111351036
62604948,8000,3000,3,0,0,0,55.7115479,1.00066566,0,0.960048795,0.118485987
62704908,8000,3000,3,0,0,0,56.2255783,1.00059736,0,0.958412707,0.119128376
62804868,8000,3000,3,0,0,0,56.7413483,1.00048816,0,0.962255955,0.115743108
62904828,8000,3000,3,0,0,0,57.2697258,1.00043011,0,0.964136958,0.108289868
63004788,8000,3000,3,0,0,0,57.8151665,1.0003804,0,0.970136702,0.102795288
63104748,8000,3000,3,0,0,0,58.3725853,1.00034738,0,0.967506409,0.107281156
63204708,8000,3000,3,0,0,0,58.9285469,1.0003159,0,0.966012001,0.10937991
63304668,8000,3000,3,0,0,0,59.474762,1.00029862,0,0.963689089,0.113206461
63404628,8000,3000,3,0,0,0,60.0119057,1.00026953,0,0.962711275,0.114876196
63504588,8000,3000,3,0,0,0,60.5424843,1.00024569,0,0.961848795,0.113131851
63604548,8000,3000,3,0,0,0,61.0692787,1.00023425,0,0.963744223,0.112888962
63704508,8000,3000,3,0,0,0,61.5973663,1.00021935,0,0.963698149,0.108611681
63804468,8000,3000,3,0,0,0,62.1316261,1.00019455,0,0.967886627,0.108194791
63904428,8000,3000,3,0,0,0,62.6759415,1.0001744,0,0.966556668,0.10614235
64004388,8000,3000,3,0,0,0,63.2264175,1.00014925,0,0.96436286,0.10456755
64104348,8000,3000,3,0,0,0,63.7718391,1.00014043,0,0.966612339,0.100967981
64205141,8000,3000,3,0,0,0,64.3116455,1.00013745,0,0.962514997,0.093764551
64305101,8000,3000,3,0,0,0,64.8467178,1.00012898,0,0.95741874,0.0894369483
64405061,8000,3000,3,0,0,0,65.3666458,1.0001049,0,0.955494106,0.08324375
64505021,8000,3000,3,0,0,0,65.8712082,1.00009274,0,0.950810373,0.0777467713
64704941,8000,3000,3,0,0,0,66.8257599,1.0000664,0,0.945967317,0.0756704733
64804901,8000,3000,3,0,0,0,67.2709045,1.00007904,0,0.942301154,0.0717482939
64904861,8000,3000,3,0,0,0,67.6948013,1.00009036,0,0.942042291,0.0655396432
65004821,8000,3000,3,0,0,0,68.1093216,1.00008571,0,0.942253232,0.0577886291
65104781,8000,3000,3,0,0,0,68.5182343,1.00007463,0,0.942611456,0.0524148606
65204741,8000,3000,3,0,0,0,68.9236984,1.00006437,0,0.941872478,0.0472794734
65304701,8000,3000,3,0,0,0,69.3262558,1.00005484,0,0.93842113,0.0416472927
65404661,8000,3000,3,0,0,0,69.7173615,1.00005674,0,0.939789057,0.0400264971
65504621,8000,3000,3,0,0,0,70.0890732,1.00005674,0,0.9349159,0.037273854
65604581,8000,3000,3,0,0,0,70.4405518,1.00005853,0,0.933332801,0.0381121263
65704541,8000,3000,3,0,0,0,70.7712097,1.00005484,0,0.935745597,0.0331852175
65804501,8000,3000,3,0,0,0,71.0875778,1.00004613,0,0.93187499,0.0330815054
65904461,8000,3000,3,0,0,0,71.3915024,1.00004125,0,0.933307528,0.0289035253
66004421,8000,3000,3,0,0,0,71.6856155,1.00003517,0,0.933356881,0.0263187308
66104381,8000,3000,3,0,0,0,71.9750824,1.00003815,0,0.934342742,0.0187746901
66204341,8000,3000,3,0,0,0,72.2617416,1.00004125,0,0.932263136,0.0182815082
66305134,8000,3000,3,0,0,0,72.5412979,1.00003815,0,0.932688594,0.016701363
66405094,8000,3000,3,0,0,0,72.8165894,1.00003815,0,0.930564284,0.0118858302
66505054,8000,3000,3,0,0,0,73.0810928,1.00004125,0,0.926092863,0.011269521
66605014,8000,3000,3,0,0,0,73.3337326,1.00003815,0,0.926232874,0.0120779602
66804934,8000,3000,3,0,0,0,73.8074951,1.00001764,0,0.925708055,0.0014678532
66904894,8000,3000,3,0,0,0,74.03936,1.00001037,0,0.926705778,-0.00235309312
67004854,8000,3000,3,0,0,0,74.26828,1.00000393,0,0.921759725,-0.00258645834
67104814,8000,3000,3,0,0,0,74.4831238,1.00000298,0,0.921485066,-1.34708762e-05
67204774,8000,3000,3,0,0,0,74.6850815,1.00000024,0,0.920259714,-0.000645022141
67304734,8000,3000,3,0,0,0,74.8789444,1.00000036,0,0.91717577,-0.00477845501
67404694,8000,3000,3,0,0,0,75.0692749,1.00000262,0,0.919471622,-0.00881156512
67504654,8000,3000,3,0,0,0,75.2585449,1.00000346,0,0.915899158,-0.0109729487
67604614,8000,3000,3,0,0,0,75.4441757,1.00000262,0,0.916052997,-0.0163031816
67804534,6000,3000,3,0,0,0,75.8143387,1.00020492,0,0.910216987,-0.0328015387
67904494,7552,3000,3,0,0,0,75.9851456,1.96912766,0,0.905160308,-0.0411383137
68004454,7541,3000,3,0,0,0,76.1418304,1.98086882,0,0.901955247,-0.0487547591
68104414,7529,3000,3,0,0,0,76.2818832,1.99217582,0,0.898726106,-0.0532154702
68204374,7518,3000,3,0,0,0,76.3960648,1.99818802,0,0.904831171,-0.0576107129
68304334,7507,3000,3,0,0,0,76.475563,1.99879146,0,0.924880803,-0.0583707318
68405127,7496,3000,3,0,0,0,76.5164719,1.9969821,0,0.96225369,-0.0585022755
68505087,7484,3000,3,0,0,0,76.5169678,1.99397504,0,1,-0.0556248799
68605047,7472,3000,3,0,0,0,76.48349,1.98799276,0,0.935173333,-0.0457207672
68705007,7459,3000,3,0,0,0,76.4176941,1.9767406,0,0.462596506,-0.0465259515
68904927,7432,3000,3,0,0,0,76.2446747,1.9248569,0,0.503398418,-0.0919164047
69004887,7417,3000,3,0,0,0,76.1744995,1.87556863,0,0.603987932,-0.114734381
69104847,7401,3000,3,0,0,0,76.1402283,1.81323552,0,0.705103159,-0.137705252
69204807,7612,3000,3,0,0,0,76.1350327,1.74605882,0,0.699044943,-0.160846353
69304767,7601,3000,3,0,0,0,76.1417999,1.68995464,0,0.659485459,-0.184107736
69404727,7584,3000,3,0,0,0,76.1371307,1.65208972,0,0.624672413,-0.207431346
69504687,7566,3000,3,0,0,0,76.0973892,1.63120174,0,0.600171328,-0.192078367
69604647,7548,3000,3,0,0,0,75.9985275,1.62645006,0,0.588328779,-0.179772809
69704607,7531,3000,3,0,0,0,75.8187866,1.63414383,0,0.590781212,-0.167317256
69804567,7513,3000,3,0,0,0,75.5589905,1.64605141,0,0.608362913,-0.160583705
69904527,7496,3000,3,0,0,0,75.2352753,1.65208972,0,0.642196774,-0.156361163
70004487,7479,3000,3,0,0,0,74.8674774,1.64868605,0,0.681880355,-0.153667137
70104447,7462,3000,3,0,0,0,74.4800034,1.63488138,0,0.724125624,-0.147155464
70204407,7445,3000,3,0,0,0,74.0912857,1.61240947,0,0.761176646,-0.139923066
70304367,7428,3000,3,0,0,0,73.7191391,1.58254361,0,0.784703255,-0.13109839
70404327,7410,3000,3,0,0,0,73.3692856,1.5486486,0,0.80179286,-0.124279998
70505120,7391,3000,3,0,0,0,73.0503006,1.51214588,0,0.81072551,-0.116407298
70605080,7372,3000,3,0,0,0,72.7607193,1.47569573,0,0.80986321,-0.11434751
70705040,7352,3000,3,0,0,0,72.5106201,1.44033766,0,0.807939649,-0.116201043
70805000,7332,3000,3,0,0,0,72.2942047,1.40565324,0,0.801912427,-0.119412437
71004920,7290,3000,3,0,0,0,71.9520874,1.3454212,0,0.789891601,-0.126096964
71104880,7269,3000,3,0,0,0,71.8082275,1.32260787,0,0.785046458,-0.125903025
71204840,7247,3000,3,0,0,0,71.6641617,1.30578983,0,0.77638191,-0.124122366
71304800,7225,3000,3,0,0,0,71.5135498,1.29392159,0,0.77585566,-0.121819966
71404760,7204,3000,3,0,0,0,71.3513947,1.28512645,0,0.773598909,-0.119956478
71504720,7182,3000,3,0,0,0,71.1774292,1.27760124,0,0.774806976,-0.117009714
71604680,7160,3000,3,0,0,0,70.9927216,1.26971114,0,0.779451072,-0.116025746
71704640,7138,3000,3,0,0,0,70.8037796,1.26064122,0,0.790173769,-0.11640802
71804600,7117,3000,3,0,0,0,70.6155243,1.25032914,0,0.794127345,-0.115533464
71904560,7095,3000,3,0,0,0,70.4299164,1.23890197,0,0.802780986,-0.112603016
72004520,7073,3000,3,0,0,0,70.2496262,1.22756326,0,0.809877157,-0.113598436
72104480,7051,3000,3,0,0,0,70.0809097,1.21574438,0,0.811246872,-0.11004407
72204440,7028,3000,3,0,0,0,69.9189148,1.20353258,0,0.812384725,-0.10857784
72304400,7006,3000,3,0,0,0,69.7621689,1.19290447,0,0.813999295,-0.107177451
72404360,6984,3000,3,0,0,0,69.6090393,1.1837188,0,0.814823329,-0.108185902
72504320,6962,3000,3,0,0,0,69.4596481,1.17484272,0,0.815656662,-0.10492415
72605113,6939,3000,3,0,0,0,69.3095093,1.16687822,0,0.815112412,-0.104687758
72705073,6917,3000,3,0,0,0,69.1620255,1.16023445,0,0.815438092,-0.105698004
72805033,6894,3000,3,0,0,0,69.0169983,1.1535399,0,0.817926049,-0.105305113
73004953,6848,3000,3,0,0,0,68.7451477,1.14027882,0,0.823277652,-0.10966707
73104913,6826,3000,3,0,0,0,68.61689,1.13404679,0,0.820015132,-0.106864832
73204873,6803,3000,3,0,0,0,68.485466,1.12964821,0,0.824081421,-0.105217814
73304833,6780,3000,3,0,0,0,68.3511429,1.12595308,0,0.820954382,-0.102944091
73404793,6757,3000,3,0,0,0,68.2119522,1.122926,0,0.824735343,-0.102457583
73504753,6734,3000,3,0,0,0,68.076416,1.11984718,0,0.823991656,-0.103491955
73604713,6711,3000,3,0,0,0,67.9465027,1.11633396,0,0.826660395,-0.106220119
73704673,6689,3000,3,0,0,0,67.8246231,1.11212897,0,0.827965498,-0.107771903
73804633,6666,3000,3,0,0,0,67.704483,1.10848284,0,0.828814507,-0.108410031
73904593,6644,3000,3,0,0,0,67.5834808,1.1057291,0,0.828963101,-0.106790058
74004553,6621,3000,3,0,0,0,67.4615021,1.10364747,0,0.829053462,-0.106222861
74104513,6599,3000,3,0,0,0,67.335228,1.10212541,0,0.826022923,-0.105396308
74204473,6577,3000,3,0,0,0,67.2009811,1.10123658,0,0.829250932,-0.103043295
74304433,6554,3000,3,0,0,0,67.0651016,1.10026431,0,0.829740524,-0.105930164
74404393,6532,3000,3,0,0,0,66.9306335,1.09912276,0,0.828785777,-0.106303863
74504353,6510,3000,3,0,0,0,66.7967148,1.09825015,0,0.833806396,-0.106606528
74604313,6487,3000,3,0,0,0,66.6647491,1.09729552,0,0.831680715,-0.106508732
74705106,6465,3000,3,0,0,0,66.5273666,1.09703624,0,0.833790898,-0.107151844
74805066,6442,3000,3,0,0,0,66.3890457,1.09729552,0,0.837332964,-0.11044205
74905026,6420,3000,3,0,0,0,66.2516785,1.09781551,0,0.835988343,-0.110567898
75104946,6375,3000,3,0,0,0,65.9601517,1.10150278,0,0.839051068,-0.10447523
75204906,6353,3000,3,0,0,0,65.8053284,1.10509276,0,0.841674268,-0.104183204
75304866,6331,3000,3,0,0,0,65.6522293,1.10885334,0,0.8423419,-0.106798559
75404826,6308,3000,3,0,0,0,65.5028381,1.11260188,0,0.843220949,-0.108184651
75504786,6286,3000,3,0,0,0,65.3589554,1.11720598,0,0.846680164,-0.108997025
75604746,5500,3000,3,0,0,0,65.2246475,1.12222648,0,0.8462255,-0.116450228
75704706,5500,3000,3,0,0,0,65.0973663,1.1286149,0,0.848788977,-0.119720481
75804666,5500,3000,3,0,0,0,64.968132,2.157727,0,0.842526853,-0.121265881
75904626,5500,3000,3,0,0,0,64.8256454,2.18105125,0,0.83166492,-0.122888908
76004586,5500,3000,3,0,0,0,64.6746292,2.20042849,0,0.816586494,-0.130951822
76104546,5500,3000,3,0,0,0,64.525383,2.21560049,0,0.805750191,-0.137236804
76204506,5500,3000,3,0,0,0,64.3745193,2.22636294,0,0.798788071,-0.141341165
76304466,5500,3000,3,0,0,0,64.2065506,2.23412251,0,0.801844001,-0.140383258
76404426,5500,3000,3,0,0,0,64.0098267,2.23959041,0,0.81165266,-0.140277997
76504386,5500,3000,3,0,0,0,63.7794456,2.24272871,0,0.841037989,-0.138743088
76604346,5500,3000,3,0,0,0,63.5179939,2.24430156,0,0.882725894,-0.13499856
76705139,5500,3000,3,0,0,0,63.2299309,2.24508882,0,0.961906195,-0.131364003
76805099,5500,3000,3,0,0,0,62.9182358,2.24508882,0,1,-0.120880581
76905059,5500,3000,3,0,0,0,62.5876694,2.24587679,0,0.967711866,-0.100112945
77005019,5500,3000,3,0,0,0,62.2371445,2.24666524,0,0.464972138,-0.0958072841
77204939,5500,3000,3,0,0,0,61.5748558,2.24037385,0,0.667648494,-0.140122533
77304899,5500,3000,3,0,0,0,61.3142471,2.22250557,0,0.770538449,-0.162935078
77404859,5500,3000,3,0,0,0,61.1053009,2.19069147,0,0.844780207,-0.18584685
77504819,5500,3000,3,0,0,0,60.9517441,2.15269971,0,0.795428991,-0.208839163
77604779,5500,3000,3,0,0,0,60.8196106,2.11962509,0,0.756774247,-0.224916473
77704739,5500,3000,3,0,0,0,60.6885033,2.09641242,0,0.726499677,-0.21884416
77804699,5500,3000,3,0,0,0,60.5442734,2.08103704,0,0.707122087,-0.215198606
77904659,5500,3000,3,0,0,0,60.3762474,2.07049274,0,0.697837174,-0.21666266
78004619,5500,3000,3,0,0,0,60.1778755,2.06266546,0,0.699689031,-0.215630114
78104579,5500,3000,3,0,0,0,59.9500771,2.05554938,0,0.701835752,-0.211663663
78204539,5500,3000,3,0,0,0,59.6941414,2.0478518,0,0.712600946,-0.209792599
78304499,5500,3000,3,0,0,0,59.4144516,2.03895402,0,0.721985459,-0.204121202
78404459,5500,3000,3,0,0,0,59.1152649,2.02826977,0,0.730994582,-0.196377695
78504419,5500,3000,3,0,0,0,58.8038521,2.01586509,0,0.737606883,-0.191155076
78604379,5500,3000,3,0,0,0,58.4803696,2.0018158,0,0.751632214,-0.181898743
78704339,5500,3000,3,0,0,0,58.1501656,1.98620629,0,0.756981611,-0.17396313
78805132,5500,3000,3,0,0,0,57.8151207,1.96971071,0,0.765507519,-0.166855663
78905092,5500,3000,3,0,0,0,57.4775391,1.95124769,0,0.770704389,-0.160414502
79005052,5500,3000,3,0,0,0,57.1420631,1.93095767,0,0.77965951,-0.155116215
79105012,5500,3000,3,0,0,0,56.8136406,1.90844798,0,0.785049558,-0.150342286
79304932,5500,3000,3,0,0,0,56.1835976,1.85455859,0,0.796229303,-0.143515453
79404892,5500,3000,3,0,0,0,55.8897095,1.82238626,0,0.795872569,-0.139993429
79504852,5500,3000,3,0,0,0,55.6139412,1.78875446,0,0.796725035,-0.135587558
79604812,5500,3000,3,0,0,0,55.3516922,1.75307286,0,0.792793155,-0.133104518
79704772,5500,3000,3,0,0,0,55.1053772,1.71575928,0,0.791232228,-0.131888196
79804732,5500,3000,3,0,0,0,54.8754463,1.67682528,0,0.785078228,-0.132489488
79904692,5500,3000,3,0,0,0,54.6627922,1.63672936,0,0.779417872,-0.132123277
80004652,5500,3000,3,0,0,0,54.4624786,1.59729207,0,0.77261579,-0.132178843
80104612,5500,3000,3,0,0,0,54.2735634,1.55766845,0,0.766046882,-0.133072078
80204572,5500,3000,3,0,0,0,54.0923576,1.51937807,0,0.760286331,-0.132504225
80304532,5500,3000,3,0,0,0,53.9169731,1.48329771,0,0.753641188,-0.129680157
80404492,5500,3000,3,0,0,0,53.7410011,1.4506067,0,0.748198748,-0.127624661
80504452,5500,3000,3,0,0,0,53.5619125,1.42067504,0,0.744609118,-0.124575153
80604412,5500,3000,3,0,0,0,53.3756218,1.39227736,0,0.74375689,-0.121969797
80704372,5500,3000,3,0,0,0,53.1837616,1.36444402,0,0.747726083,-0.118543737
80804332,5500,3000,3,0,0,0,52.9879532,1.33601797,0,0.751452684,-0.115334623
80905125,5500,3000,3,0,0,0,52.7929802,1.30809319,0,0.756026149,-0.113555901
81005085,5500,3000,3,0,0,0,52.6031265,1.27902257,0,0.759158373,-0.108831324
81105045,5500,3000,3,0,0,0,52.4210663,1.24934781,0,0.760974109,-0.104967937
81205005,5500,3000,3,0,0,0,52.2471924,1.22107315,0,0.764076114,-0.104777247
81404925,5500,3000,3,0,0,0,51.9305305,1.16700065,0,0.771729231,-0.10089647
81504885,5500,3000,3,0,0,0,51.7902527,1.14269137,0,0.773192465,-0.0974593461
81604845,5500,3000,3,0,0,0,51.6618423,1.12053812,0,0.771995664,-0.0924249068
81704805,5500,3000,3,0,0,0,51.5399551,1.1007055,0,0.771220207,-0.0887856111
81804765,5500,3000,3,0,0,0,51.4212456,1.08412445,0,0.776131511,-0.0861361474
81904725,5500,3000,3,0,0,0,51.3124542,1.06957638,0,0.778251529,-0.0846333951
82004685,5500,3000,3,0,0,0,51.2125549,1.05711341,0,0.779578745,-0.0800676346
82104645,5500,3000,3,0,0,0,51.1180649,1.04613936,0,0.783802807,-0.0761795267
82204605,5500,3000,3,0,0,0,51.0266266,1.03689361,0,0.788428426,-0.0728530139
82304565,5500,3000,3,0,0,0,50.9423027,1.02876103,0,0.795946717,-0.0733834207
82404525,5500,3000,3,0,0,0,50.871479,1.02162611,0,0.79966104,-0.0714043826
82504485,5500,3000,3,0,0,0,50.8165321,1.01542664,0,0.805513561,-0.0698423237
82604445,5500,3000,3,0,0,0,50.7733574,1.01050806,0,0.808686852,-0.0667732209
82704405,5500,3000,3,0,0,0,50.7360039,1.00675297,0,0.813636601,-0.0635334551
82804365,5500,3000,3,0,0,0,50.6980934,1.00397468,0,0.816033244,-0.0574720837
82904325,5500,3000,3,0,0,0,50.6633949,1.00198817,0,0.820070922,-0.0579539947
83005118,5500,3000,3,0,0,0,50.6366692,1.00070453,0,0.827544451,-0.0579492263
83105078,5500,3000,3,0,0,0,50.6158447,1.0001049,0,0.828706145,-0.05461156
83205038,5500,3000,3,0,0,0,50.6013412,1.00002956,0,0.833871365,-0.0512495935
83404958,5500,3000,3,0,0,0,50.5960236,1.00122976,0,0.840944052,-0.0512779355
83504918,5500,3000,3,0,0,0,50.6096535,1.00241745,0,0.842490494,-0.0483250469
83604878,5500,3000,3,0,0,0,50.6299438,1.00386596,0,0.844291627,-0.0479699485
83704838,5500,3000,3,0,0,0,50.6545715,1.00554526,0,0.847852051,-0.0479087085
83804798,5500,3000,3,0,0,0,50.685955,1.00742364,0,0.849677861,-0.0451435782
83904758,5500,3000,3,0,0,0,50.7195358,1.00921834,0,0.848414958,-0.0418836512
84004718,5500,3000,3,0,0,0,50.747345,1.01113248,0,0.85471046,-0.0405719429
84104678,5500,3000,3,0,0,0,50.7743111,1.01305997,0,0.85243696,-0.0377449356
84204638,5500,3000,3,0,0,0,50.8042984,1.01511574,0,0.859018028,-0.03956718
84304598,5500,3000,3,0,0,0,50.8474731,1.01696455,0,0.858893037,-0.0437294878
84404558,5500,3000,3,0,0,0,50.9032326,1.01854432,0,0.861170828,-0.0450472347
84504518,5500,3000,3,0,0,0,50.9661484,1.02019775,0,0.864712536,-0.0434975363
84604478,5500,3000,3,0,0,0,51.034481,1.02181292,0,0.861575246,-0.0423763096
84704438,5500,3000,3,0,0,0,51.1014938,1.02353263,0,0.860617518,-0.0399539992
84804398,5500,3000,3,0,0,0,51.1655006,1.0253216,0,0.856982172,-0.0384746492
84904358,5500,3000,3,0,0,0,51.217823,1.02701211,0,0.859297872,-0.0341898203
85004318,5500,3000,3,0,0,0,51.2594986,1.02876103,0,0.860340238,-0.0348091349
85105111,5500,3000,3,0,0,0,51.3012161,1.03047919,0,0.860231459,-0.036676731
85205071,5500,3000,3,0,0,0,51.3507004,1.03170013,0,0.864649057,-0.0420903191
85305031,5500,3000,3,0,0,0,51.4128609,1.03238964,0,0.868730783,-0.0457934514
85504951,5500,3000,3,0,0,0,51.5645561,1.03369808,0,0.863999665,-0.0412877053
85604911,5499,3000,3,0,0,0,51.635849,1.03489006,0,0.865772367,-0.0391468927
85704871,5499,3000,3,0,0,0,51.6986008,1.03610444,0,0.862295926,-0.0386326201
85804831,5499,3000,3,0,0,0,51.7526283,1.80277872,0,0.861850619,-0.0357978232
85904791,5499,3000,3,0,0,0,51.8021774,1.84252048,0,0.86005193,-0.0389801115
86004751,5499,3000,3,0,0,0,51.8595352,1.87921286,0,0.854770362,-0.0431631245
86104711,5499,3000,3,0,0,0,51.931385,1.90682554,0,0.858372748,-0.0481683835
86204671,5499,3000,3,0,0,0,52.0170937,1.9248569,0,0.865304172,-0.0500233695
86304631,5499,3000,3,0,0,0,52.1015358,1.93710458,0,0.881522775,-0.0452365428
86404591,5499,3000,3,0,0,0,52.1690292,1.9466958,0,0.908135891,-0.0377827995
86504551,5499,3000,3,0,0,0,52.2077332,1.95525181,0,0.962845027,-0.0273621846
86604511,5499,3000,3,0,0,0,52.2179031,1.96100557,0,1,-0.0179589242
86704471,5499,3000,3,0,0,0,52.2007637,1.96100557,0,0.961433768,0.000649495632
86804431,5499,3000,3,0,0,0,52.1658554,1.95467865,0,0.449753135,0.00259387889
86904391,5499,3000,3,0,0,0,52.1321449,1.93766546,0,0.546024442,-0.0193236135
87004351,5499,3000,3,0,0,0,52.1221771,1.90466726,0,0.650513172,-0.0424290411
87104311,5499,3000,3,0,0,0,52.1576385,1.85557067,0,0.755267262,-0.0656233579
87205104,5480,3000,3,0,0,0,52.2449226,1.7920028,0,0.758608818,-0.0891446471
87305064,5454,3000,3,0,0,0,52.3756104,1.72882581,0,0.711848259,-0.112592131
87405024,5427,3000,3,0,0,0,52.5252342,1.67998433,0,0.668329954,-0.136108279
87604944,5370,3000,3,0,0,0,52.7667656,1.64044154,0,0.603432298,-0.182657063
87704904,5341,3000,3,0,0,0,52.7995682,1.64530051,0,0.593962312,-0.175926343
87804864,5312,3000,3,0,0,0,52.7513542,1.66356719,0,0.592631936,-0.167534381
87904824,5283,3000,3,0,0,0,52.6061325,1.68754804,0,0.610414743,-0.15688765
88004784,5255,3000,3,0,0,0,52.377285,1.71076751,0,0.636967301,-0.148338124
88104744,5228,3000,3,0,0,0,52.0795174,1.72840035,0,0.680388987,-0.140868559
88204704,5201,3000,3,0,0,0,51.7396393,1.73523831,0,0.718991876,-0.136607423
88304664,5173,3000,3,0,0,0,51.3828735,1.73010361,0,0.761360526,-0.129588321
88404624,5145,3000,3,0,0,0,51.0264511,1.71450794,0,0.792783797,-0.122018479
88504584,5117,3000,3,0,0,0,50.6880989,1.69075871,0,0.81757921,-0.115103006
88604544,5088,3000,3,0,0,0,50.3789291,1.66048646,0,0.829273999,-0.110718392
88704504,5058,3000,3,0,0,0,50.1038132,1.6253587,0,0.833866596,-0.108499035
88804464,5026,3000,3,0,0,0,49.8651581,1.58798909,0,0.829691052,-0.110471904
88904424,4994,3000,3,0,0,0,49.6659889,1.54896832,0,0.820833206,-0.117246009
89004384,4961,3000,3,0,0,0,49.5002251,1.50945818,0,0.810084105,-0.121828087
89104344,4928,3000,3,0,0,0,49.3575478,1.47263026,0,0.801329255,-0.130495042
89205137,4893,3000,3,0,0,0,49.2273598,1.44190371,0,0.785896599,-0.133643836
89305097,4859,3000,3,0,0,0,49.0982628,1.41743326,0,0.770255864,-0.135947153
89405057,4823,3000,3,0,0,0,48.96175,1.39820063,0,0.759573221,-0.13705796
89505017,4788,3000,3,0,0,0,48.8029976,1.38550162,0,0.752936184,-0.137363717
89704937,4716,3000,3,0,0,0,48.413887,1.36666024,0,0.751790404,-0.135439202
89804897,4680,3000,3,0,0,0,48.1838913,1.35677576,0,0.755939722,-0.132999271
89904857,4644,3000,3,0,0,0,47.9337502,1.3454212,0,0.760467887,-0.130606845
90004817,4608,3000,3,0,0,0,47.6723289,1.33149815,0,0.772080541,-0.132523924
90104777,4571,3000,3,0,0,0,47.4141846,1.3133266,0,0.777864397,-0.132612303
90204737,4535,3000,3,0,0,0,47.1641579,1.29244101,0,0.783523202,-0.133943886
90304697,4499,3000,3,0,0,0,46.9279213,1.27040529,0,0.784643531,-0.134183645
90404657,4463,3000,3,0,0,0,46.7014427,1.24788129,0,0.78398335,-0.135692284
90504617,4427,3000,3,0,0,0,46.4793205,1.22710598,0,0.781069398,-0.134673133
90604577,4391,3000,3,0,0,0,46.2596703,1.20792699,0,0.777216136,-0.134820327
90704537,4354,3000,3,0,0,0,46.0362015,1.19061196,0,0.775112033,-0.132523358
90804497,4318,3000,3,0,0,0,45.8071632,1.17560244,0,0.767761052,-0.130964696
90904457,3988,3000,4,0,1000,0,45.5699463,1.16106975,0,0.67031455,-0.154611409
91004417,3988,3000,4,0,1000,0,45.3399658,1.14658558,0,0.572227955,-0.178252563
91104377,3988,3000,4,0,1000,0,45.0999756,2.04275632,0,0.473689467,-0.201910719
91204337,3988,3000,4,0,1000,0,44.8599854,2.05297613,0,0.375111878,-0.225634351
91305130,3988,3000,4,0,1000,0,44.5799561,2.06071877,0,0.277667433,-0.249669164
91405090,3988,3000,4,0,1000,0,44.25,2.06136727,0,0.380291402,-0.273667097
91505050,3988,3000,4,0,1000,0,43.8399658,2.05297613,0,0.484302491,-0.297868192
91605010,3988,3000,4,0,1000,0,43.3599854,2.03579831,0,0.590926051,-0.322280645
91804930,3988,3000,4,0,1000,0,42.289978,1.98978305,0,0.491755337,-0.324754953
91904890,3988,3000,4,0,1000,0,41.7599487,1.95927489,0,0.579450488,-0.332758725
92004850,3988,3000,4,0,1000,0,41.2799683,1.9209981,0,0.679410458,-0.347018242
92104810,3988,3000,4,0,1000,0,40.8699951,1.87556863,0,0.779370427,-0.34207952
92204770,3988,3000,4,0,1000,0,40.5099487,1.83115983,0,0.879330397,-0.320644587
92304730,3988,3000,4,0,1000,0,40.1999512,1.79479885,0,0.979290366,-0.295344472
92404690,3988,3000,4,0,1000,0,39.8999634,1.76956391,0,1,-0.270125121
92504650,3988,3000,4,0,1000,0,39.5999756,1.75616348,0,0.995709658,-0.245068431
92604610,3988,3000,4,0,1000,0,39.289978,1.75263262,0,1,-0.220233306
92704570,3988,3000,4,0,1000,0,38.9499512,1.75616348,0,0.974210441,-0.195620984
92804530,3988,3000,4,0,1000,0,38.5899658,1.76149344,0,1,-0.171222553
92904490,3988,3000,4,0,1000,0,38.1999512,1.76551723,0,0.972894192,-0.147014588
93004450,3988,3000,4,0,1000,0,37.789978,1.76506889,0,1,-0.122987352
93104410,3988,3000,4,0,1000,0,37.3899536,1.75660622,0,0.97204572,-0.0991205871
93204370,3988,3000,4,0,1000,0,37,1.73480892,0,1,-0.0753990114
93304330,3960,3000,4,0,1000,0,36.6399536,1.69926107,0,0.971131325,-0.0518094413
93405123,3907,3000,4,0,1000,0,36.3499756,1.64868605,0,1,-0.0690452605
93505083,3853,3000,4,0,1000,0,36.1299438,1.58526015,0,0.969074786,-0.0893282071
93605043,3796,3000,4,0,1000,0,35.9899902,1.51184666,0,1,-0.112558633
93705003,3739,3000,4,0,1000,0,35.9299927,1.44164228,0,0.979254723,-0.126208529
93904923,3622,3000,4,0,1000,0,35.9099731,1.33663809,0,0.787465036,-0.142750829
94004883,3563,3000,4,0,1000,0,35.8999634,1.31079793,0,0.688236475,-0.152578279
94104843,3503,3000,4,0,1000,0,35.8399658,1.2997148,0,0.587648511,-0.169458598
94204803,3444,3000,4,0,1000,0,35.7199707,1.29896224,0,0.486609817,-0.191155568
94304763,3385,3000,4,0,1000,0,35.5299683,1.30312002,0,0.385668218,-0.213684425
94404723,3327,3000,4,0,1000,0,35.2699585,1.30847836,0,0.285403579,-0.236286119
94504683,3270,3000,4,0,1000,0,34.9499512,1.31313157,0,0.260331839,-0.259019434
94604643,3214,3000,4,0,1000,0,34.5499878,1.31803846,0,0.322553128,-0.281946182
94704603,3159,3000,4,0,1000,0,34.0899658,1.3212117,0,0.423907816,-0.305108845
94804563,3105,3000,4,0,1000,0,33.5699463,1.32280779,0,0.527293503,-0.328508139
94904523,3052,3000,4,0,1000,0,32.9899902,1.32300758,0,0.618161321,-0.316614777
95004483,3001,3000,4,0,1000,0,32.3699951,1.31962192,0,0.667462349,-0.292860001
95104443,2950,3000,4,0,1000,0,31.7199707,1.31060421,0,0.677870393,-0.269003689
95204403,2899,3000,4,0,1000,0,31.0599976,1.29596698,0,0.675619006,-0.245081738
95304363,2848,3000,4,0,1000,0,30.3899536,1.2763623,0,0.676277936,-0.221103147
95404323,2798,3000,4,0,1000,0,29.7199707,1.25296009,0,0.681979895,-0.216918856
95505116,2747,3000,4,0,1000,0,29.0699463,1.2263453,0,0.700448751,-0.220386803
95605076,2695,3000,4,0,1000,0,28.4599609,1.19617379,0,0.723976612,-0.226709455
95705036,2644,3000,4,0,1000,0,27.8999634,1.16444111,0,0.740730882,-0.232533857
95904956,2540,3000,4,0,1000,0,26.8799438,1.10866797,0,0.727339029,-0.231242806
96004916,2487,3000,4,0,1000,0,26.4099731,1.08953357,0,0.711378694,-0.229899853
96104876,2435,3000,4,0,1000,0,25.9299927,1.07567608,0,0.690904379,-0.227002144
96204836,2382,3000,4,0,1000,0,25.4400024,1.06574345,0,0.677184105,-0.226427436
96304796,2330,3000,4,0,1000,0,24.9199829,1.05787528,0,0.675835311,-0.225977406
96404756,2278,2418,4,0,1000,0,24.3999634,1.05110514,0,0.685708165,-0.227584302
96504716,1887,2417,4,0,1000,0,23.8699951,1.04414415,0,0.596877337,-0.228165045
96604676,1825,2417,4,0,1000,0,23.3299561,1.03729165,0,0.507035494,-0.228823721
96704636,1764,2416,4,0,1000,0,22.7999878,1.03083825,0,0.416416585,-0.239271909
96804596,1702,2416,4,0,1000,0,22.2699585,1.02495825,0,0.394500732,-0.254890025
96904556,1641,2416,4,0,1000,0,21.75,1.01998258,0,0.441150725,-0.270182133
97004516,1581,2415,4,0,1000,0,21.2299805,1.0161221,0,0.493592203,-0.276542544
97104476,1521,2415,4,0,1000,0,20.6999512,1.01326144,0,0.525910437,-0.270383954
97204436,1462,2414,4,0,1000,0,20.1499634,1.01118541,0,0.529019594,-0.256932795
97304396,1404,2414,4,0,1000,0,19.5599976,1.00955701,0,0.512904704,-0.24341847
97404356,1346,2414,4,0,1000,0,18.9499512,1.00803709,0,0.495676041,-0.235812768
97504316,1288,2414,4,0,1000,0,18.3099976,1.00638998,0,0.491716981,-0.235123694
97605109,1230,2413,4,0,1000,0,17.6799927,1.00467587,0,0.526057303,-0.235795692
97705069,1173,2413,4,0,1000,0,17.0799561,1.00299656,0,0.575058818,-0.21085611
97805029,0,2413,4,0,1000,0,16.5099487,1.00161088,0,0.617324948,-0.199888811
98004949,0,2412,4,0,1000,0,15.4899902,1.00015843,0,0.756123483,-0.219561145
98104909,0,2411,4,0,1000,0,15.039978,1.00000262,0,0.864883482,-0.239295796
98204869,0,2411,4,0,1000,0,14.6199951,1.0000428,0,0.977505863,-0.257430464
98304829,0,2411,4,0,1000,0,14.2199707,1.00013745,0,1,-0.269271582
98404789,0,2410,4,0,1000,0,13.8099976,1.00020146,0,1,-0.265926123
98504749,0,2410,4,0,1000,0,13.3699951,1.00021935,0,1,-0.24768886
98604709,0,2410,4,0,1000,0,12.8899536,1.00021565,0,1,-0.221621037
98704669,0,2410,4,0,1000,0,12.3699951,1.00021207,0,1,-0.194386303
98804629,0,2410,4,0,1000,0,11.8299561,1.00021565,0,1,-0.171227768
98904589,0,2410,4,0,1000,0,11.289978,1.00024188,0,1,-0.155007452
99004549,0,2410,4,0,1000,0,10.7799683,1.00029016,0,1,-0.146793917
99104509,0,2410,4,0,1000,0,10.3199463,1.00036609,0,1,-0.145893961
99204469,0,2410,4,0,1000,0,9.92999268,1.00045073,0,1,-0.15001002
99304429,0,2410,4,0,1000,0,9.59997559,1.00054431,0,1,-0.155868649
99404389,0,2410,4,0,1000,0,9.32995605,1.0006218,0,1,-0.160366595
99504349,0,2410,4,0,1000,0,9.09997559,1.00067842,0,1,-0.160557911
99605142,0,2410,4,0,1000,0,8.86999512,1.0007242,0,1,-0.155075431
99705102,0,2410,4,0,1000,0,8.63995361,1.00076473,0,1,-0.143857509
99805062,0,2410,4,0,1000,0,8.39996338,1.00082743,0,1,-0.128829315
99905022,0,2410,4,0,1000,0,8.13000488,1.00090003,0,1,-0.111856245
100104942,0,2410,4,0,1000,0,7.55999756,1.00108671,0,1,-0.080716908
100204902,0,2410,4,0,1000,0,7.28997803,1.00119531,0,1,-0.0683217943
100304862,0,2409,4,0,1000,0,7.03997803,1.0013001,0,1,-0.0604195409
100404822,0,2409,4,0,1000,0,6.82995605,1.0013907,0,1,-0.0569318831
100504782,0,2409,4,0,1000,0,6.64996338,1.00145602,0,1,-0.0563111901
100604742,0,2409,4,0,1000,0,6.50994873,1.00147498,0,1,-0.057054732
100704702,0,2409,4,0,1000,0,6.39996338,1.00147498,0,1,-0.0572566465
100804662,0,2409,4,0,1000,0,6.30999756,1.00147498,0,1,-0.0552788414
100904622,0,2409,4,0,1000,0,6.2199707,1.00146544,0,1,-0.0499840565
101004582,0,2409,4,0,1000,0,6.13995361,1.00146544,0,1,-0.0419243015
101104542,0,2409,4,0,1000,0,6.03997803,1.00148439,0,1,-0.0312269144
101204502,0,2409,4,0,1000,0,5.94000244,1.00153255,0,1,-0.0197293088
101304462,0,2409,4,0,1000,0,5.82995605,1.00157142,0,1,-0.00856859609
101404422,0,2409,4,0,1000,0,5.70996094,1.00161088,0,1,0.000988306245
101504382,0,2409,4,0,1000,0,5.59997559,1.00165081,0,1,0.00760094635
101604342,0,2409,4,0,1000,0,5.5,1.00167108,0,1,0.0107024498
101705135,0,2409,4,0,1000,0,5.40997314,1.00167108,0,1,0.0106132915
101805095,0,2408,4,0,1000,0,5.34997559,1.00165081,0,1,0.008074007
101905055,0,2408,4,0,1000,0,5.29998779,1.00161088,0,1,0.00471542124
102005015,0,2408,4,0,1000,0,5.2699585,1.00158131,0,1,0.00153938704
102204935,0,2408,4,0,1000,0,5.22998047,1.00151324,0,1,0.000454391848
102304895,0,2408,4,0,1000,0,5.19995117,1.00151324,0,1,0.00404188177
102404855,0,2408,4,6.21012497,1000,0,5.15997314,1.00151324,0,1,0.00831206329
102504815,0,2408,4,6.17850065,1000,0,5.09997559,1.00154221,0,1,0.0116521027
102604775,0,2407,4,6.39746475,1000,0,5.02996826,1.00157142,0,1,0.0154306674
102704735,0,2407,4,6.83782578,1000,0,4.95996094,1.00160098,0,1,0.0182043407
102804695,0,2407,4,7.45409584,1000,0,4.88000488,1.00162089,0,1,0.0195645001
102904655,0,2407,4,8.20460606,1000,0,4.79998779,1.00162089,0,1,0.0191148948
103004615,0,2407,4,9.04367256,1000,0,4.72998047,1.00161088,0,1,0.0167427082
103104575,0,2407,4,9.93292904,1000,0,4.65997314,1.00159109,0,1,0.013562507
103204535,0,2407,4,10.8798237,1000,0,4.59997559,1.00155187,0,1,0.00987795927
103304495,0,2407,4,11.8538551,1000,0,4.54998779,1.00151324,0,1,0.00647271564
103404455,0,2406,4,12.8368874,1000,0,4.5,1.00147498,0,1,0.00450677564
103504415,0,2406,4,13.8336201,1000,0,4.44995117,1.00143719,0,1,0.00463953754
103604375,0,2406,4,14.8452168,1000,0,4.38995361,1.00140929,0,1,0.00718005467
103704335,0,2406,4,15.8500509,1000,0,4.31994629,1.00140929,0,1,0.0116458219
103805128,0,2406,4,16.8649464,1000,0,4.23999023,1.0013907,0,1,0.0174393244
103905088,0,2405,4,17.8887424,1000,0,4.15997314,1.00138152,0,1,0.0233825594
104005048,0,2405,4,18.9080772,1000,0,4.05999756,1.00137234,0,1,0.0290516652
104105008,0,2405,4,19.9332714,1000,0,3.9699707,1.0013541,0,1,0.0325886123
104304928,0,2405,4,21.9632092,1000,0,3.80999756,1.0013001,0,1,0.0325443
104404888,0,2404,4,22.9775162,1000,0,3.73999023,1.00125587,0,1,0.029712772
104504848,0,2404,4,23.9832764,1000,0,3.66998291,1.00120389,0,1,0.0265077502
104604808,0,2404,4,24.9796429,1000,0,3.61999512,1.00115299,0,1,0.0230868142
104704768,0,2404,4,25.9665966,1000,0,3.56994629,1.00109494,0,1,0.0211743712
104804728,0,2404,4,26.9435577,1000,0,3.5199585,1.00104642,0,1,0.0213891193
104904688,0,2403,4,27.9101906,1000,0,3.45996094,1.00100684,0,1,0.0247329511
105004648,0,2403,4,28.8556213,1000,0,3.39996338,1.00096798,0,1,0.0302113444
105104608,0,2403,4,29.8014297,1000,0,3.32995605,1.00094509,0,1,0.0375515036
105204568,0,2403,4,30.7473927,1000,0,3.25,1.00091493,0,1,0.0458899625
105304528,0,2403,4,31.6828671,1000,0,3.15997314,1.00088525,0,1,0.0540766977
105404488,0,2402,4,32.6078033,1000,0,3.06994629,1.00085616,0,1,0.0605516508
105504448,0,2402,4,33.5325546,1000,0,2.97998047,1.00082743,0,1,0.0643184036
105604408,0,2402,4,34.4458847,1000,0,2.89996338,1.00079226,0,1,0.0645914525
105704368,0,2402,4,35.3595467,1000,0,2.82995605,1.00075114,0,1,0.0618706159
105804328,0,2402,4,36.272728,1000,0,2.77996826,1.00070453,0,1,0.057253927
105905121,0,2402,4,37.1639748,1000,0,2.72998047,1.00064671,0,1,0.052780807
106005081,0,2401,4,38.0665321,1000,0,2.69000244,1.00060344,0,1,0.0495057628
106105041,0,2401,4,38.9454269,1000,0,2.65997314,1.00055587,0,1,0.0482873283
106205001,0,2401,4,39.825325,1000,0,2.61999512,1.00051594,0,1,0.0509226248
106404921,0,2401,4,41.5607185,1000,0,2.50994873,1.00045598,0,1,0.0672852695
106504881,0,2401,4,42.4281044,1000,0,2.44995117,1.00044036,0,1,0.0783837959
106604841,0,2400,4,43.2845001,1000,0,2.36999512,1.00041986,0,1,0.0900058374
106704801,0,2400,4,44.1400337,1000,0,2.27996826,1.00039983,0,1,0.101048775
106804761,0,2400,4,44.9855003,1000,0,2.19995117,1.0003804,0,1,0.110424921
106904721,0,2400,4,45.8180466,1000,0,2.10998535,1.00036609,0,1,0.118781231
107004681,0,2400,4,46.6515961,1000,0,2.02996826,1.0003382,0,1,0.12478587
107104641,0,2400,4,47.4842224,1000,0,1.94995117,1.00032032,0,1,0.129575133
107204601,0,2400,4,48.3048286,1000,0,1.88000488,1.00029433,0,1,0.133583695
107304561,0,2400,4,49.1153717,1000,0,1.81994629,1.00026953,0,1,0.137357607
107404521,0,2400,4,49.9249573,1000,0,1.75994873,1.00024569,0,1,0.141253427
107504481,0,2400,4,50.722496,1000,0,1.70996094,1.00022674,0,1,0.14481914
107604441,0,2400,4,51.5200462,1000,0,1.65997314,1.00020492,0,1,0.14869225
107704401,0,2400,4,52.3065376,1000,0,1.60998535,1.0001843,0,1,0.152576238
107804361,0,2400,4,53.0819778,1000,0,1.55999756,1.00016475,0,1,0.157590076
107904321,0,2400,4,53.845356,1000,0,1.5199585,1.00015235,0,1,0.163565695
108005114,0,2400,4,54.6198006,1000,0,1.4699707,1.00013745,0,1,0.17068246
108105074,0,2400,4,55.3831825,1000,0,1.42999268,1.00012338,0,1,0.167847216
108205034,0,2400,4,56.1344948,1000,0,1.36999512,1.00011265,0,1,0.167558551
108404954,0,2400,4,57.638134,1000,0,1.25994873,1.00008798,0,1,0.171690553
108504914,0,2400,4,58.3773689,1000,0,1.19000244,1.00008118,0,1,0.17453292
108604874,0,2400,4,59.1176186,1000,0,1.10998535,1.0000726,0,1,0.17453292
108704834,0,2400,4,59.857872,1000,0,1.0199585,1.00006437,0,1,0.17453292
108804794,0,2400,4,60.5971031,1000,0,0.929992676,1.00005853,0,1,0.17453292
108904754,0,2400,4,61.3252754,1000,0,0.829956055,1.00005305,0,1,0.17453292
109004714,0,2400,4,62.0534439,1000,0,0.719970703,1.00004613,0,1,0.17453292
109104674,0,2400,4,62.7926788,1000,0,0.609985352,1.00004125,0,1,0.17453292
109204634,0,2400,4,63.5208473,1000,0,0.479980469,1.0000366,0,1,0.17453292
109304594,0,2400,4,64.2600784,1000,0,0.33996582,1.00003362,0,1,0.17453292
109404554,0,2400,4,64.9993134,1000,0,0.190002441,1.00002813,0,1,0.17453292
109504514,0,2400,4,65.7264633,1000,0,0.0799560547,1.00002444,0,1,0.1710307
109604474,0,2400,4,66.431488,1000,0,0.0799560547,1.00001192,0,1,0.121644683
109704434,0,2400,4,67.1033325,1000,0,0.119995117,1.00000608,0,1,0.113204904
109804394,0,2400,4,67.752037,1000,0,0.139953613,1.00000608,0,1,0.128708512
109904354,0,2400,4,68.3675613,1000,0,0.139953613,1.00000811,0,1,0.146263868
110004314,0,2400,4,68.9710007,1000,0,0.130004883,1.00000954,0,1,0.155968219
110105107,0,2400,4,69.5533371,1000,0,0.119995117,1.00001037,0,1,0.157990843
110205067,0,2400,4,70.1014709,1000,0,0.109985352,1.00001037,0,1,0.157379642
110305027,0,2400,4,70.6385422,1000,0,0.109985352,1.00001037,0,1,0.157094508
110504947,0,2400,4,71.6573715,1000,0,0.109985352,1.00001037,0,1,0.161678776
110604907,0,2400,4,72.1381149,1000,0,0.109985352,1.00001109,0,1,0.165270075
110704867,0,2400,4,72.5967407,1000,0,0.109985352,1.00001109,0,1,0.168449208
110804827,0,2400,4,73.0443039,1000,0,0.109985352,1.00001109,0,1,0.171873495
110904787,0,2400,4,73.4807968,1000,0,0.109985352,1.00001109,0,1,0.169637144
111004747,0,2400,4,73.8841095,1000,0,0.109985352,1.00001109,0,1,0.167686462
111104707,0,2400,4,74.2864075,1000,0,0.109985352,1.00001192,0,1,0.174204424
111204667,0,2400,4,74.6665878,1000,0,0.109985352,1.00001109,0,1,0.174063638
111304627,0,2400,4,75.0356979,1000,0,0.109985352,1.00001109,0,1,0.170627758
111404587,0,2400,4,75.3826904,1000,0,0.109985352,1.00001109,0,1,0.173703924
111504547,0,2400,4,75.7296753,1000,0,0.109985352,1.00001109,0,1,0.168980032
111604507,0,2400,4,76.0655975,1000,0,0.109985352,1.00001109,0,1,0.171202913
111704467,0,2400,4,76.3783875,1000,0,0.109985352,1.00001109,0,1,0.172729358
111804427,0,2400,4,76.6921844,1000,0,0.109985352,1.00001109,0,1,0.17453292
111904387,0,2400,4,76.9828491,1000,0,0.109985352,1.00001109,0,1,0.168737471
112004347,0,2400,4,77.2735138,1000,0,0.109985352,1.00001109,0,1,0.16361028
112105140,0,2400,4,77.5531158,1000,0,0.119995117,1.00001037,0,1,0.157603011
112205100,0,2400,4,77.8216553,1000,0,0.119995117,1.00001037,0,1,0.151489288
112305060,0,2400,4,78.0791321,1000,0,0.119995117,1.00001037,0,1,0.145497665
112405020,0,2400,4,78.3366013,1000,0,0.119995117,1.00001037,0,1,0.139284313
112604940,0,2400,4,78.8173599,1000,0,0.119995117,1.00001037,0,1,0.126167521
112704900,0,2400,4,79.0527039,1000,0,0.119995117,1.00000954,0,1,0.119808584
112804860,0,2400,4,79.2759857,1000,0,0.119995117,1.00000954,0,1,0.113112532
112904820,0,2400,4,79.5002747,1000,0,0.119995117,1.00000954,0,1,0.105829515
113004780,0,2400,4,79.7014236,1000,0,0.119995117,1.00000954,0,1,0.0985777527
113104740,0,2400,4,79.9025803,1000,0,0.119995117,1.00000954,0,1,0.0914545357
113204700,0,2400,4,80.1037292,1000,0,0.119995117,1.00000954,0,1,0.0842887461
113304660,0,2400,4,80.2938232,1000,0,0.119995117,1.00000882,0,1,0.0767079741
113404620,0,2400,4,80.472847,1000,0,0.119995117,1.00000882,0,1,0.0690959916
113504580,0,2400,4,80.6518784,1000,0,0.119995117,1.00000882,0,1,0.0611663274
113604540,0,2400,4,80.8198395,1000,0,0.119995117,1.00000882,0,1,0.0536502562
113704500,0,2400,4,80.9878006,1000,0,0.119995117,1.00000882,0,1,0.0463851057
113804460,0,2400,4,81.1446991,1000,0,0.119995117,1.00000882,0,1,0.0390606411
113904420,0,2400,4,81.3005981,1000,0,0.109985352,1.00000882,0,1,0.0313229263
114004380,0,2400,4,81.4464264,1000,0,0.109985352,1.00000811,0,1,0.0234969724
114104340,0,2400,4,81.5912628,1000,0,0.109985352,1.00000811,0,1,0.0154147958
114205133,0,2400,4,81.7370987,1000,0,0.109985352,1.00000739,0,1,0.0150931114
114305093,0,2400,4,81.8708649,1000,0,0.109985352,1.00000811,0,1,0.0150931114
114405053,0,2400,4,82.0056381,1000,0,0.109985352,1.00000739,0,1,0.0150931114
114505013,0,2400,4,82.1394043,1000,0,0.119995117,1.00000739,0,1,0.0148783186
114704933,0,2400,4,82.3858185,1000,0,0.109985352,1.00000739,0,1,0.0150931114
114804893,0,2400,4,82.4974594,1000,0,0.109985352,1.00000739,0,1,0.0150931114
114904853,0,2400,4,82.6100998,1000,0,0.109985352,1.00000739,0,1,0.0150931114
115004813,0,2400,4,82.7217407,1000,0,0.109985352,1.00000739,0,1,0.0150931114
115104773,0,2400,4,82.8333817,1000,0,0.109985352,1.00000739,0,1,0.0150931114
115204733,0,2400,4,82.93396,1000,0,0.109985352,1.00000739,0,1,0.0150931114
115304693,0,2400,4,83.0345383,1000,0,0.109985352,1.00000679,0,1,0.0150931114
115404653,0,2400,4,83.1351166,1000,0,0.109985352,1.00000679,0,1,0.0150931114
115504613,0,2400,4,83.2246323,1000,0,0.0999755859,1.00000679,0,1,0.0153079033
115604573,0,2400,4,83.3141479,1000,0,0.0999755859,1.00000679,0,1,0.0153079033
115704533,0,2400,4,83.403656,1000,0,0.0999755859,1.00000679,0,1,0.0153079033
115804493,0,2400,4,83.4931717,1000,0,0.0899658203,1.00000679,0,1,0.0155227184
115904453,0,2400,4,83.5716171,1000,0,0.0899658203,1.00000679,0,1,0.0155227184
116004413,0,2400,4,83.6500702,1000,0,0.0899658203,1.00000679,0,1,0.0155227184
116104373,0,2400,4,83.7285156,1000,0,0.0899658203,1.00000679,0,1,0.0155227184
116204333,0,2400,4,83.8059692,1000,0,0.0799560547,1.00000679,0,1,0.0157375112
116305126,0,2400,4,83.8733521,1000,0,0.0799560547,1.00000608,0,1,0.0157375112
116405086,0,2400,4,83.9518051,1000,0,0.0799560547,1.00000608,0,1,0.0157375112
116505046,0,2400,4,84.0191879,1000,0,0.0799560547,1.00000608,0,1,0.0157375112
116605006,0,2400,4,84.0855789,1000,0,0.0799560547,1.00000608,0,1,0.0157375112
116804926,0,2400,4,84.2203445,1000,0,0.0799560547,1.00000608,0,1,0.0157375112
116904886,0,2400,4,84.2766647,1000,0,0.0799560547,1.00000608,0,1,0.0157375112
117004846,0,2400,4,84.3430481,1000,0,0.0799560547,1.00000608,0,1,0.0157375112
117104806,0,2400,4,84.3993683,1000,0,0.0799560547,1.00000608,0,1,0.0157375112
117204766,0,2400,4,84.4546967,1000,0,0.0799560547,1.00000608,0,1,0.0157375112
117304726,0,2400,4,84.5110168,1000,0,0.0799560547,1.00000548,0,1,0.0157375112
117404686,0,2400,4,84.5562668,1000,0,0.0799560547,1.00000548,0,1,0.0157375112
117504646,0,2400,4,84.6115952,1000,0,0.0799560547,1.00000608,0,1,0.0157375112
117604606,0,2400,4,84.6568451,1000,0,0.0799560547,1.00000548,0,1,0.0157375112
117704566,0,2400,4,84.7011032,1000,0,0.0799560547,1.00000608,0,1,0.0157375112
117804526,0,2400,4,84.7463608,1000,0,0.0799560547,1.00000548,0,1,0.0157375112
117904486,0,2400,4,84.7906189,1000,0,0.0799560547,1.00000608,0,1,0.0157375112
118004446,0,2400,4,84.8358765,1000,0,0.0799560547,1.00000548,0,1,0.0157375112
118104406,0,2400,4,84.8801346,1000,0,0.0799560547,1.00000608,0,1,0.0157375112
118204366,0,2400,4,84.9253845,1000,0,0.0799560547,1.00000548,0,1,0.0157375112
118304326,0,2400,4,84.95858,1000,0,0.0799560547,1.00000608,0,1,0.0157375112
118405119,0,2400,4,85.0038376,1000,0,0.0699462891,1.00000548,0,1,0.0159523226
118505079,0,2400,4,85.0370331,1000,0,0.0699462891,1.00000608,0,1,0.0159523226
118605039,0,2400,4,85.0702209,1000,0,0.0699462891,1.00000548,0,1,0.0159523226
118804959,0,2400,4,85.148674,1000,0,0.0699462891,1.00000548,0,1,0.0159523226
118904919,0,2400,4,85.1818695,1000,0,0.0799560547,1.00000548,0,1,0.0157375112
119004879,0,2400,4,85.2049942,1000,0,0.0799560547,1.00000501,0,1,0.0157375112
119104839,0,2400,4,85.2381897,1000,0,0.0799560547,1.00000548,0,1,0.0157375112
119204799,0,2400,4,85.272377,1000,0,0.0799560547,1.00000548,0,1,0.0157375112
119304759,0,2400,4,85.3055725,1000,0,0.0799560547,1.00000608,0,1,0.0157375112
119404719,0,2400,4,85.3276978,1000,0,0.0799560547,1.00000548,0,1,0.0157375112
119504679,0,2400,4,85.3618927,1000,0,0.0899658203,1.00000548,0,1,0.0155227184
119604639,0,2400,4,85.3840179,1000,0,0.0899658203,1.00000608,0,1,0.0155227184
119704599,0,2400,4,85.4061508,1000,0,0.0899658203,1.00000548,0,1,0.0155227184
119804559,0,2400,4,85.4292755,1000,0,0.0899658203,1.00000548,0,1,0.0155227184
136104703,1455,3000,3,0,1500,0,14.7479906,1,0,0.48598364,0.0624819584
136204663,1455,3000,3,0,1500,0,15.1231785,1,0,0.585194647,0.0881205946
136304623,1455,3000,3,0,1500,0,15.5258951,1,0,0.683696866,0.113537535
136404583,1455,3000,3,0,1500,0,15.9469404,1,0,0.693119824,0.093312338
136504543,1455,3000,3,0,1500,0,16.4052086,1,0,0.670653582,0.06809102
136604503,1455,3000,3,0,1500,0,16.9102783,1,0,0.653720677,0.0428593829
136704463,1455,3000,3,0,1500,0,17.4558372,1,0,0.636326492,0.0175910555
136804423,1455,3000,3,0,1500,0,18.0101318,1.00000024,0,0.614206791,-0.00770945102
136904383,1455,3000,3,0,1500,0,18.533514,1.0000006,0,0.589758456,-0.0330336951
137004343,1455,3000,3,0,1500,0,18.9924068,1.0000006,0,0.566605031,-0.0583824068
137105136,1455,3000,3,0,1500,0,19.3548336,1.00000024,0,0.548767924,-0.0675753951
137205096,1455,3000,3,0,1500,0,19.6137638,1,0,0.538616955,-0.0626939684
137305056,1455,3000,3,0,1500,0,19.7580605,1.00000012,0,0.538013577,-0.058396887
137405016,1455,3000,3,0,1500,0,19.81073,1.00000024,0,0.546228707,-0.0565111339
137604936,1455,3000,3,0,1500,0,19.7501259,1.00000012,0,0.582576096,-0.0760336965
137704896,1455,3000,3,0,1500,0,19.7121735,1.00000024,0,0.603894293,-0.0922613144
137804856,1455,3000,3,0,1500,0,19.6930408,1.0000006,0,0.622687697,-0.105889924
137904816,1455,3000,3,0,1500,0,19.6947956,1.00000226,0,0.635792673,-0.113380685
138004776,1455,3000,3,0,1500,0,19.7023716,1.00000501,0,0.644308925,-0.115845904
138104736,1455,3000,3,0,1500,0,19.7002392,1.00000679,0,0.649068117,-0.113433674
138204696,1455,3000,3,0,1500,0,19.6724281,1.00000739,0,0.652776062,-0.108611017
138304656,1455,3000,3,0,1500,0,19.6096554,1.00000882,0,0.657190084,-0.103686027
138404616,1455,3000,3,0,1500,0,19.5131226,1.00000882,0,0.665708721,-0.107124433
138504576,1455,3000,3,0,1500,0,19.3985004,1.00001192,0,0.677932024,-0.116823405
138604536,1455,3000,3,0,1500,0,19.2784519,1.00001466,0,0.690871,-0.124925621
138704496,1455,3000,3,0,1500,0,19.1658211,1.00001562,0,0.702447593,-0.131806523
138804456,1455,3000,3,0,1500,0,19.0584545,1.00001562,0,0.71260941,-0.139077693
138904416,1455,3000,3,0,1500,0,18.9530697,1.00001562,0,0.720634043,-0.140203789
139004376,1455,3000,3,0,1500,0,18.8421535,1.00001872,0,0.726550579,-0.138907388
139104336,1455,3000,3,0,1500,0,18.716732,1.00002205,0,0.732517064,-0.137931123
139205129,1455,3000,3,0,1500,0,18.5712318,1.00002205,0,0.739485204,-0.136217311
139305089,1455,3000,3,0,1500,0,18.4055328,1.00002325,0,0.748144627,-0.136354715
139405049,1455,3000,3,0,1500,0,18.2254181,1.00002325,0,0.758473158,-0.135976344
139505009,1455,3000,3,0,1500,0,18.036768,1.00002205,0,0.769806504,-0.137000293
139704929,1455,3000,3,0,1500,0,17.6728783,1.00002444,0,0.791365385,-0.144530147
139804889,1455,3000,3,0,1500,0,17.5046139,1.00002444,0,0.800032914,-0.146250173
139904849,1455,3000,3,0,1500,0,17.3458023,1.00002444,0,0.806759238,-0.144691288
140004809,1455,3000,3,0,1500,0,17.1858253,1.00002205,0,0.812514782,-0.138846576
140104769,1455,3000,3,0,1500,0,17.0200577,1.00001979,0,0.817593873,-0.1311353
140204729,1455,3000,3,0,1500,0,16.8504353,1.00002086,0,0.824299693,-0.126747444
140304689,1455,3000,3,0,1500,0,16.6804886,1.00002444,0,0.832863867,-0.124773286
140404649,1455,3000,3,0,1500,0,16.5200977,1.00003231,0,0.738589942,-0.121352233
140504609,1455,3000,3,0,1500,0,16.377634,1.0000397,0,0.644101501,-0.123166099
140604569,1455,3000,3,0,1500,0,16.2557449,1.00003517,0,0.549502611,-0.146324098
140704529,1455,3000,3,0,1500,0,16.1530056,1.00002956,0,0.514316201,-0.171063438
140804489,1455,3000,3,0,1500,0,16.0587063,1.00002086,0,0.549089253,-0.195841193
140904449,1455,3000,3,0,1500,0,15.9552069,1.00001371,0,0.585818708,-0.22069332
141004409,1455,3000,3,0,1500,0,15.8184023,1.00001371,0,0.622966766,-0.221780226
141104369,1455,3000,3,0,1500,0,15.6225739,1.00001764,0,0.647197902,-0.196867257
141204329,1455,3000,3,0,1500,0,15.3486185,1.00002086,0,0.668890834,-0.171993911
141305122,1455,3000,3,0,1500,0,14.9966202,1.00002205,0,0.69410032,-0.146970481
141405082,1455,3000,3,0,1500,0,14.5927591,1.00001979,0,0.718707919,-0.12219625
141505042,1455,3000,3,0,1500,0,14.1862688,1.00002086,0,0.748716474,-0.103612222
141605002,1455,3000,3,0,1500,0,13.8197594,1.00002563,0,0.780737996,-0.109465264
141804922,1455,3000,3,0,1500,0,13.363204,1.00001657,0,0.824071884,-0.128703281
141904882,1455,3000,3,0,1500,0,13.2792549,1.00001287,0,0.836530626,-0.133356616
142004842,1455,3000,3,0,1500,0,13.2548761,1.00001109,0,0.837566733,-0.128117606
142104802,1455,3000,3,0,1500,0,13.2509022,1.00001466,0,0.830019653,-0.112517245
142204762,1455,3000,3,0,1500,0,13.2272615,1.00001562,0,0.825709164,-0.0936789513
142304722,1455,3000,3,0,1500,0,13.1648035,1.00001562,0,0.820217252,-0.0828232393
142404682,1455,3000,3,0,1500,0,13.0699272,1.00001872,0,0.825222492,-0.0795265064
142504642,1455,3000,3,0,1500,0,12.9690523,1.00001657,0,0.835170269,-0.0842451155
142604602,1455,3000,3,0,1500,0,12.885601,1.00001371,0,0.847610235,-0.0948138162
142704562,1455,3000,3,0,1500,0,12.8414536,1.00001037,0,0.858325124,-0.102777958
142804522,1455,3000,3,0,1500,0,12.8375607,1.00000739,0,0.864199281,-0.106255673
142904482,1455,3000,3,0,1500,0,12.859457,1.00000882,0,0.866614878,-0.103548825
143004442,1455,3000,3,0,1500,0,12.887641,1.00001466,0,0.863473058,-0.0943982303
143104402,1455,3000,3,0,1500,0,12.8996124,1.00001657,0,0.861002386,-0.0859588608
143204362,1455,3000,3,0,1500,0,12.8895359,1.00001562,0,0.858743608,-0.0785337687
143304322,1455,3000,3,0,1500,0,12.8591576,1.00001562,0,0.85977751,-0.0744324848
143405115,1455,3000,3,0,1500,0,12.8229418,1.00001562,0,0.862936616,-0.0783428177
143505075,1455,3000,3,0,1500,0,12.7984543,1.00001466,0,0.870047271,-0.0824372098
143605035,1455,3000,3,0,1500,0,12.7937126,1.00001192,0,0.874552965,-0.0896557346
143804955,1455,3000,3,0,1500,0,12.8489342,1.00000501,0,0.878385425,-0.0900741145
143904915,1455,3000,3,0,1500,0,12.8882408,1.00000393,0,0.876438975,-0.085473001
144004875,1455,3000,3,0,1500,0,12.9191303,1.00000191,0,0.87159276,-0.0812912881
144104835,1455,3000,3,0,1500,0,12.9354315,1.00000036,0,0.872537374,-0.0766556486
144204795,1455,3000,3,0,1500,0,12.9404049,1.00000012,0,0.872439861,-0.0753255188
144304755,1455,3000,3,0,1500,0,12.9428825,1.00000012,0,0.875078678,-0.0784359574
144404715,1455,3000,3,0,1500,0,12.9510994,1.00000012,0,0.876737356,-0.0818720907
144504675,1455,3000,3,0,1500,0,12.9669094,1,0,0.883132696,-0.0833513439
144604635,1455,3000,3,0,1500,0,12.9952698,1.00000012,0,0.885272741,-0.0878946707
144704595,1455,3000,3,0,1500,0,13.0331173,1.00000024,0,0.885422051,-0.0874934942
144804555,1455,3000,3,0,1500,0,13.0704784,1.00000012,0,0.884969294,-0.0848112628
144904515,1455,3000,3,0,1500,0,13.0972385,1.00000012,0,0.886553526,-0.0828512162
145004475,1455,3000,3,0,1500,0,13.1141996,1.00000191,0,0.885471106,-0.0813216493
145104435,1455,3000,3,0,1500,0,13.1221485,1.00000548,0,0.888183117,-0.0776242614
145204395,1455,3000,3,0,1500,0,13.1228504,1.00000548,0,0.886857867,-0.0772040933
145304355,1455,3000,3,0,1500,0,13.1231956,1.00000608,0,0.890120268,-0.0788535401
145404315,1455,3000,3,0,1500,0,13.1275244,1.00000739,0,0.891761482,-0.0793616101
145505108,1455,3000,3,0,1500,0,13.1388741,1.00000608,0,0.897364259,-0.0846935362
145605068,1455,3000,3,0,1500,0,13.1587429,1.00000548,0,0.896501899,-0.0830970705
145705028,1455,3000,3,0,1500,0,13.1817036,1.00000393,0,0.896021485,-0.0823008493
145904948,1455,3000,3,0,1500,0,13.2220373,1.00000346,0,0.896325946,-0.0797802284
146004908,1455,3000,3,0,1500,0,13.2372274,1.00000393,0,0.894609451,-0.0816161186
146104868,1455,3000,3,0,1500,0,13.2533159,1.00000441,0,0.896600127,-0.0801384002
146204828,1455,3000,3,0,1500,0,13.2680159,1.00000679,0,0.897417545,-0.0812223554
146304788,1455,3000,3,0,1500,0,13.2802725,1.00000346,0,0.895381927,-0.0801181197
146404748,1455,3000,3,0,1500,0,13.2927742,1.00000191,0,0.898607731,-0.0834591463
146504708,1455,3000,3,0,1500,0,13.3108425,1.00000155,0,0.897816956,-0.0850242078
146604668,1455,3000,3,0,1500,0,13.3307486,1.00000298,0,0.901386857,-0.0848874226
146704628,1455,3000,3,0,1500,0,13.3495579,1.00000262,0,0.898003519,-0.0835858136
146804588,1455,3000,3,0,1500,0,13.3643303,1.00000131,0,0.900701523,-0.0817240924
146904548,1455,3000,3,0,1500,0,13.3751621,1.00000083,0,0.899139822,-0.0818614662
147004508,1455,3000,3,0,1500,0,13.3847332,1.00000083,0,0.898833215,-0.083003521
147104468,1455,3000,3,0,1500,0,13.3945856,1.00000095,0,0.902790427,-0.0847181305
147204428,1455,3000,3,0,1500,0,13.4036579,1.00000095,0,0.902293921,-0.0837853774
147304388,1455,3000,3,0,1500,0,13.4102173,1.00000024,0,0.90478462,-0.081740126
147404348,1455,3000,3,0,1500,0,13.4117298,1.00000024,0,0.903569162,-0.0782568604
147505141,1455,3000,3,0,1500,0,13.4086399,1.00000012,0,0.901667416,-0.079411827
147605101,1455,3000,3,0,1500,0,13.4043636,1.00000191,0,0.905618846,-0.0830359757
147705061,1455,3000,3,0,1500,0,13.4039936,1.00000393,0,0.909687996,-0.083884038
147805021,1455,3000,3,0,1500,0,13.4100361,1.00000441,0,0.907284856,-0.083313562
148004941,1455,3000,3,0,1500,0,13.4233942,1.00000262,0,0.905292153,-0.0810109004
148104901,1455,3000,3,0,1500,0,13.4309864,1.00000298,0,0.907100439,-0.0815807134
148204861,1455,3000,3,0,1500,0,13.4433317,1.00000262,0,0.906351328,-0.0829767883
148304821,1455,3000,3,0,1500,0,13.4571419,1.00000262,0,0.902140081,-0.0827890262
148404781,1455,3000,3,0,1500,0,13.4694242,1.00000441,0,0.90694344,-0.0820227116
148504741,1455,3000,3,0,1500,0,13.4809484,1.00000501,0,0.901536763,-0.0800410286
148604701,1455,3000,3,0,1500,0,13.4887009,1.00000548,0,0.902638435,-0.0782902688
148704661,1455,3000,3,0,1500,0,13.4929724,1.00000346,0,0.902656794,-0.0810687244
148804621,1455,3000,3,0,1500,0,13.5017223,1.00000155,0,0.90485692,-0.0843169317
148904581,1455,3000,3,0,1500,0,13.5162601,1.00000131,0,0.904255629,-0.0849918053
149004541,1455,3000,3,0,1500,0,13.5320625,1.00000393,0,0.906915724,-0.0832108408
149104501,1455,3000,3,0,1500,0,13.5473909,1.00001109,0,0.90596664,-0.0822829455
149204461,1455,3000,3,0,1500,0,13.5566397,1.00001872,0,0.90541172,-0.0800936744
149304421,1455,3000,3,0,1500,0,13.5596857,1.00001979,0,0.906421244,-0.0804173723
149404381,1455,3000,3,0,1500,0,13.5606432,1.00001466,0,0.903356194,-0.0799661353
149504341,1455,3000,3,0,1500,0,13.55968,1.00001109,0,0.907429099,-0.0797157586
149605134,1455,3000,3,0,1500,0,13.5564556,1.00000882,0,0.908405423,-0.078735061
149705094,1455,3000,3,0,1500,0,13.5566254,1.00000954,0,0.907409728,-0.0781092569
149805054,1455,3000,3,0,1500,0,13.565114,1.00000882,0,0.907560229,-0.0809068978
149905014,1455,3000,3,0,1500,0,13.5801992,1.00000811,0,0.907327592,-0.0811659321
150104934,11000,3000,3,0,1500,0,13.6047831,1.00000811,0,0.908359408,-0.0728693157
150204894,11000,3000,3,0,1500,0,13.6122246,2.28444219,0,0.912086904,-0.0637264401
150304854,11000,3000,3,0,1500,0,13.6244164,2.28526139,0,0.912449598,-0.0589189865
150404814,11000,3000,3,0,1500,0,13.6423712,2.28608131,0,0.916414261,-0.0525153354
150504774,11000,3000,3,0,1500,0,13.6710377,2.28608131,0,0.921320915,-0.0507948026
150604734,11000,3000,3,0,1500,0,13.7203932,2.28608131,0,0.927057087,-0.0489519797
150704694,11000,3000,3,0,1500,0,13.7936888,2.28444219,0,0.932520866,-0.0468076505
150804654,11000,3000,3,0,1500,0,13.8921165,2.28280568,0,0.933106124,-0.0433718301
150904614,11000,3000,3,0,1500,0,14.0089788,2.28198862,0,0.93318522,-0.0386248082
151004574,11000,3000,3,0,1500,0,14.1368465,2.28035617,0,0.933661819,-0.0291827638
151104534,11000,3000,3,0,1500,0,14.2682133,2.27954078,0,0.929846287,-0.0209879633
151204494,11000,3000,3,0,1500,0,14.4038601,2.27954078,0,0.930188417,-0.0184308942
151304454,11000,3000,3,0,1500,0,14.5533104,2.27791214,0,0.930341601,-0.0188223179
151404414,11000,3000,3,0,1500,0,14.7207623,2.27628565,0,0.934412241,-0.0199588388
151504374,11000,3000,3,0,1500,0,14.9009285,2.27466226,0,0.937275529,-0.0144611383
151604334,11000,3000,3,0,1500,0,15.0906601,2.27304125,0,0.939219892,-0.0102374023
151705127,11000,3000,3,0,1500,0,15.2936592,2.27142334,0,0.938544393,-0.00804553367
151805087,11000,3000,3,0,1500,0,15.5070715,2.2698071,0,0.942440748,-0.00181982189
151905047,11000,3000,3,0,1500,0,15.7273741,2.26900005,0,0.940748096,0.000722229772
152005007,11000,3000,3,0,1500,0,15.9563522,2.26900005,0,0.940639973,0.00289751566
152204927,11000,3000,3,0,1500,0,16.4483585,2.26819444,0,0.943547726,0.00599210709
152304887,11000,3000,3,0,1500,0,16.7104206,2.26738834,0,0.944347262,0.00956787821
152404847,11000,3000,3,0,1500,0,16.9809704,2.26738834,0,0.944529116,0.0124709764
152504807,11000,3000,3,0,1500,0,17.2596302,2.26658344,0,0.944238603,0.0143170981
152604767,11000,3000,3,0,1500,0,17.5465565,2.26658344,0,0.945138395,0.0165186115
152704727,11000,3000,3,0,1500,0,17.8379745,2.26577902,0,0.945359647,0.0186914634
152804687,11000,3000,3,0,1500,0,18.1366062,2.26497555,0,0.948233366,0.01793883
152904647,11000,3000,3,0,1500,0,18.4410591,2.26337004,0,0.949813724,0.0246529523
153004607,11000,3000,3,0,1500,0,18.7474403,2.26176715,0,0.95123601,0.0271569937
153104567,11000,3000,3,0,1500,0,19.0558281,2.26096678,0,0.950073838,0.0300515611
153204527,11000,3000,3,0,1500,0,19.3671284,2.26016641,0,0.95470947,0.0306165349
153304487,11000,3000,3,0,1500,0,19.6858139,2.25856876,0,0.959455013,0.0297939964
153404447,11000,3000,3,0,1500,0,20.0154686,2.25697327,0,0.96113193,0.0298933815
153504407,11000,3000,3,0,1500,0,20.3556232,2.25538087,0,0.961081386,0.0342977606
153604367,11000,3000,3,0,1500,0,20.7004013,2.25379062,0,0.961725235,0.038408637
153704327,11000,3000,3,0,1500,0,21.0493298,2.25379062,0,0.962820411,0.0400521494
153805120,11000,3000,3,0,1500,0,21.4050884,2.25299644,0,0.963680148,0.0394986086
153905080,11000,3000,3,0,1500,0,21.7758827,2.25220299,0,0.96326077,0.0393030122
154005040,11000,3000,3,0,1500,0,22.1523247,2.25140953,0,0.96691978,0.0403111987
154105000,11000,3000,3,0,1500,0,22.5313969,2.25140953,0,0.963547468,0.0445259102
154304920,11000,3000,3,0,1500,0,23.2841244,2.25220299,0,0.966014922,0.0469036847
154404880,11000,3000,3,0,1500,0,23.6608257,2.25220299,0,0.969226003,0.0502814017
154504840,11000,3000,3,0,1500,0,24.0396233,2.25299644,0,0.969501853,0.0504688434
154604800,11000,3000,3,0,1500,0,24.4233189,2.25379062,0,0.970185757,0.0518361554
154704760,11000,3000,3,0,1500,0,24.8129101,2.25379062,0,0.971956372,0.0537784398
154804720,11000,3000,3,0,1500,0,25.2106934,2.25379062,0,0.972863734,0.0530324914
154904680,11000,3000,3,0,1500,0,25.6153831,2.25299644,0,0.974899888,0.0535357967
155004640,11000,3000,3,0,1500,0,26.0289345,2.25220299,0,0.974077582,0.0520408303
155104600,11000,3000,3,0,1500,0,26.4465427,2.25061727,0,0.977019787,0.055814337
155204560,11000,3000,3,0,1500,0,26.8619385,2.24982548,0,0.974384665,0.0589680336
155304520,11000,3000,3,0,1500,0,27.2751503,2.24982548,0,0.977802515,0.059964031
155404480,11000,3000,3,0,1500,0,27.690588,2.24982548,0,0.974235713,0.0614773929
155504440,11000,3000,3,0,1500,0,28.1096325,2.2490344,0,0.980381846,0.0601230785
155604400,11000,3000,3,0,1500,0,28.5348816,2.24824405,0,0.979958892,0.0602196306
155704360,11000,3000,3,0,1500,0,28.9653492,2.2474544,0,0.981235743,0.0616848804
155804320,11000,3000,3,0,1500,0,29.3975811,2.24666524,0,0.983652234,0.0623287112
155905113,11000,3000,3,0,1500,0,29.8311329,2.24666524,0,0.986901164,0.0651147142
156005073,11000,3000,3,0,1500,0,30.2631092,2.24666524,0,0.982953608,0.0667407513
156105033,11000,3000,3,0,1500,0,30.6928673,2.24666524,0,0.987710595,0.0680538863
156304953,11000,3000,3,0,1500,0,31.5652256,2.2474544,0,0.987993002,0.0691834539
156404913,11000,3000,3,0,1500,0,32.0081787,2.2490344,0,0.98828721,0.0703748986
156504873,11000,3000,3,0,1500,0,32.4541054,2.24982548,0,0.990607023,0.0699958578
156604833,11000,3000,3,0,1500,0,32.9076233,2.25140953,0,0.989270985,0.0691256225
156704793,11000,3000,3,0,1500,0,33.3711777,2.25220299,0,0.987102866,0.0693276599
156804753,11000,3000,3,0,1500,0,33.8437195,2.25220299,0,0.988801301,0.0669634342
156904713,11000,3000,3,0,1500,0,34.3216782,2.25140953,0,0.986378431,0.0668651685
157004673,11000,3000,3,0,1500,0,34.7975922,2.25061727,0,0.986053348,0.0710594431
157104633,11000,3000,3,0,1500,0,35.2641182,2.25061727,0,0.985172033,0.0735062063
157204593,11000,3000,3,0,1500,0,35.7192345,2.25061727,0,0.985796392,0.0755687281
157304553,11000,3000,3,0,1500,0,36.1706581,2.25140953,0,0.987825274,0.0761688799
157404513,11000,3000,3,0,1500,0,36.6256027,2.25140953,0,0.990284264,0.0721914768
157504473,11000,3000,3,0,1500,0,37.0879517,2.25140953,0,0.990520716,0.0713516921
157604433,11000,3000,3,0,1500,0,37.5572166,2.25061727,0,0.995931447,0.0706331581
157704393,11000,3000,3,0,1500,0,38.0330505,2.2490344,0,0.992164254,0.0741877779
157804353,11000,3000,3,0,1500,0,38.5065498,2.2490344,0,0.993085504,0.0756522417
157904313,11000,3000,3,0,1500,0,38.9744415,2.24824405,0,0.993876338,0.0790148154
158005106,11000,3000,3,0,1500,0,39.4426918,2.2490344,0,0.992411971,0.081506446
158105066,11000,3000,3,0,1500,0,39.9051247,2.24982548,0,0.992765427,0.0815550014
158205026,11000,3000,3,0,1500,0,40.3707695,2.25061727,0,0.992806196,0.0787581727
158404946,11000,3000,3,0,1500,0,41.3194923,2.25220299,0,0.99547863,0.0761368722
158504906,11000,3000,3,0,1500,0,41.8059654,2.25299644,0,0.99701035,0.0747035071
158604866,11000,3000,3,0,1500,0,42.30056,2.25299644,0,0.995611012,0.072490029
158704826,11000,3000,3,0,1500,0,42.7943878,2.25299644,0,0.993602514,0.0765186995
158804786,11000,3000,3,0,1500,0,43.2804718,2.25379062,0,0.989431918,0.0784656629
158904746,11000,3000,3,0,1500,0,43.7574883,2.25538087,0,0.990315437,0.0800525993
159004706,11000,3000,3,0,1500,0,44.2304382,2.25697327,0,0.98625201,0.0777483732
159104666,11000,3000,3,0,1500,0,44.7041435,2.25697327,0,0.990929902,0.0733949766
159204626,11000,3000,3,0,1500,0,45.1806717,2.25697327,0,0.986356378,0.0725958049
159304586,11000,3000,3,0,1500,0,45.6585808,2.25617671,0,0.990083218,0.0720086396
159404546,11000,3000,3,0,1500,0,46.139122,2.25538087,0,0.986926675,0.0688150674
159504506,11000,3000,3,0,1500,0,46.6190453,2.25379062,0,0.986611307,0.0703118443
159604466,11000,3000,3,0,1500,0,47.0905037,2.25299644,0,0.985310614,0.0734526291
159704426,11000,3000,3,0,1500,0,47.554039,2.25299644,0,0.986473083,0.0727908686
159804386,11000,3000,3,0,1500,0,48.0157928,2.25299644,0,0.98645103,0.0718212947
159904346,11000,3000,3,0,1500,0,48.4758263,2.25220299,0,0.986133099,0.0720616505
160005139,11000,3000,3,0,1500,0,48.9311562,2.25220299,0,0.985160112,0.0728089437
160105099,11000,3000,3,0,1500,0,49.3876114,2.25220299,0,0.987591147,0.073592104
160205059,11000,3000,3,0,1500,0,49.8424873,2.25299644,0,0.984062672,0.0738337785
160305019,11000,3000,3,0,1500,0,50.2952499,2.25299644,0,0.988110781,0.0724176839
160504939,11000,3000,3,0,1500,0,51.2042313,2.25458527,0,0.990446806,0.0713047683
160604899,11000,3000,3,0,1500,0,51.6631203,2.25538087,0,0.986808062,0.072225675
160704859,11000,3000,3,0,1500,0,52.1224403,2.25538087,0,0.988166809,0.0733815357
160804819,11000,3000,3,0,1500,0,52.5803566,2.25617671,0,0.986134052,0.0753919035
160904779,11000,3000,3,0,1500,0,53.0379524,2.25777054,0,0.985108376,0.0723477975
161004739,11000,3000,3,0,1500,0,53.5026817,2.25856876,0,0.986932278,0.0690896809
161104699,11000,3000,3,0,1500,0,53.9762268,2.25777054,0,0.98628372,0.0687549561
161204659,11000,3000,3,0,1500,0,54.4516068,2.25697327,0,0.983395815,0.070608817
161304619,11000,3000,3,0,1500,0,54.9254684,2.25617671,0,0.983263195,0.0689998716
161404579,11000,3000,3,0,1500,0,55.3929138,2.25538087,0,0.980645239,0.0701691434
161504539,11000,3000,3,0,1500,0,55.8524361,2.25458527,0,0.984676838,0.0710274205
161604499,11000,3000,3,0,1500,0,56.3095398,2.25379062,0,0.981016159,0.0708532706
161704459,11000,3000,3,0,1500,0,56.7610435,2.25379062,0,0.98425293,0.0735088438
161804419,11000,3000,3,0,1500,0,57.2107811,2.25379062,0,0.983624816,0.0719213784
161904379,11000,3000,3,0,1500,0,57.6609192,2.25299644,0,0.983483434,0.0726586282
162004339,11000,3000,3,0,1500,0,58.1154099,2.25299644,0,0.981224418,0.0714878514
162105132,11000,3000,3,0,1500,0,58.5757179,2.25299644,0,0.98497653,0.0701158047
162205092,11000,3000,3,0,1500,0,59.0455322,2.25220299,0,0.982961357,0.0679098517
162305052,11000,3000,3,0,1500,0,59.5117798,2.25061727,0,0.983825803,0.069384709
162405012,11000,3000,3,0,1500,0,59.974865,2.25140953,0,0.98339206,0.0697270706
162604932,11000,3000,3,0,1500,0,60.8776054,2.25220299,0,0.981076121,0.0765785575
162704892,11000,3000,3,0,1500,0,61.3156395,2.25299644,0,0.9834764,0.0782175437
162804852,11000,3000,3,0,1500,0,61.7514954,2.25538087,0,0.986000001,0.074133642
162904812,11000,3000,3,0,1500,0,62.1955376,2.25617671,0,0.990504026,0.0733230263
163004772,11000,3000,3,0,1500,0,62.6503716,2.25697327,0,0.989073813,0.0722096413
163104732,11000,3000,3,0,1500,0,63.1165085,2.25697327,0,0.991248548,0.0715000629
163204692,11000,3000,3,0,1500,0,63.5891533,2.25617671,0,0.992758691,0.0713559389
163304652,11000,3000,3,0,1500,0,64.0645294,2.25617671,0,0.990351737,0.0716622174
163404612,11000,3000,3,0,1500,0,64.5374222,2.25458527,0,0.985696197,0.0773094594
163504572,11000,3000,3,0,1500,0,65.002243,2.25538087,0,0.98707509,0.0792135671
163604532,11000,3000,3,0,1500,0,65.4608459,2.25538087,0,0.984717131,0.0778323859
163704492,11000,3000,3,0,1500,0,65.9145508,2.25617671,0,0.984141111,0.0778319463
163804452,11000,3000,3,0,1500,0,66.3684311,2.25617671,0,0.987419486,0.0764855146
163904412,11000,3000,3,0,1500,0,66.83004,2.25617671,0,0.990574956,0.0735543668
164004372,11000,3000,3,0,1500,0,67.2989426,2.25458527,0,0.987159908,0.0738457516
164104332,11000,3000,3,0,1500,0,67.7705765,2.25379062,0,0.987617493,0.0753794014
164205125,11000,3000,3,0,1500,0,68.2414246,2.25379062,0,0.988417864,0.0772807673
164305085,11000,3000,3,0,1500,0,68.712677,2.25299644,0,0.983935893,0.0772005841
164405045,11000,3000,3,0,1500,0,69.174057,2.25379062,0,0.987058043,0.081581533
164505005,11000,3000,3,0,1500,0,69.6309662,2.25458527,0,0.984492898,0.0816501752
164704925,11000,3000,3,0,1500,0,70.5568237,2.25697327,0,0.989114523,0.0745481998
164804885,11000,3000,3,0,1500,0,71.0283279,2.25697327,0,0.988673031,0.0775844678
164904845,11000,3000,3,0,1500,0,71.5021667,2.25777054,0,0.989970803,0.0775678381
165004805,11000,3000,3,0,1500,0,71.9790802,2.25777054,0,0.986996353,0.0783770308
165104765,11000,3000,3,0,1500,0,72.4529419,2.25777054,0,0.988020062,0.078186579
165204725,11000,3000,3,0,1500,0,72.9251175,2.25856876,0,0.986083925,0.0788620338
165304685,11000,3000,3,0,1500,0,73.399971,2.25856876,0,0.98619616,0.0788793713
165404645,11000,3000,3,0,1500,0,73.8750687,2.25777054,0,0.986689925,0.0787519217
165504605,11000,3000,3,0,1500,0,74.3453293,2.25697327,0,0.987875223,0.079230547
165604565,11000,3000,3,0,1500,0,74.8159943,2.25697327,0,0.987704515,0.079975225
165704525,11000,3000,3,0,1500,0,75.2868576,2.25697327,0,0.988289952,0.0805026367
165804485,11000,3000,3,0,1500,0,75.7628479,2.25617671,0,0.990039527,0.0775030479
165904445,11000,3000,3,0,1500,0,76.2408371,2.25538087,0,0.98814255,0.0795749277
166004405,11000,3000,3,0,1500,0,76.7183685,2.25538087,0,0.988639235,0.0794854537
166104365,11000,3000,3,0,1500,0,77.1950226,2.25458527,0,0.988534927,0.0780144334
166204325,11000,3000,3,0,1500,0,77.6677094,2.25458527,0,0.985637426,0.0822155327
166305118,11000,3000,3,0,1500,0,78.1355515,2.25458527,0,0.990158319,0.0804821029
166405078,11000,3000,3,0,1500,0,78.6090469,2.25458527,0,0.987959623,0.0789868683
166505038,11000,3000,3,0,1500,0,79.0826416,2.25458527,0,0.985678554,0.0799971744
166704958,11000,3000,3,0,1500,0,80.050354,2.25458527,0,0.985194206,0.0769851133
166804918,11000,3000,3,0,1500,0,80.5386658,2.25458527,0,0.985378563,0.0754615664
166904878,11000,3000,3,0,1500,0,81.0213623,2.25458527,0,0.982504964,0.0793122724
167004838,11000,3000,3,0,1500,0,81.4937363,2.25538087,0,0.985336304,0.0812537298
167104798,8000,3000,3,0,1500,0,81.96241,2.25617671,0,0.981173098,0.103893556
167204758,8000,3000,3,0,1500,0,82.4362717,1.00051033,0,0.977878392,0.126538962
167304718,8000,3000,3,0,1500,0,82.9550858,2.26016641,0,0.976706982,0.149219155
167404678,8000,3000,3,0,1500,0,83.5378265,2.25697327,0,0.977782071,0.126485527
167504638,8000,3000,3,0,1500,0,84.1757126,2.2490344,0,0.970213652,0.103710249
167604598,8000,3000,3,0,1500,0,84.8487701,2.24115872,0,0.965732455,0.0809039921
167704558,8000,3000,3,0,1500,0,85.5276642,2.23412251,0,0.975209117,0.0593171008
167804518,8000,3000,3,0,1500,0,86.1799774,2.2279098,0,1,0.0530428626
167904478,8000,3000,3,0,1500,0,86.771347,2.22636294,0,0.902590871,0.0621989481
168004438,8000,3000,3,0,1500,0,87.2879944,2.23023486,0,0.517612755,0.0596818663
168104398,8000,3000,3,0,1500,0,87.725029,2.23724341,0,0.361169547,0.0368633308
168204358,8000,3000,3,0,1500,0,88.1016464,2.24194288,0,0.461129516,0.0139567479
168304318,8000,3000,3,0,1500,0,88.4406128,2.24115872,0,0.499251455,-0.00911951251
168405111,8000,3000,3,0,1500,0,88.7636185,2.23256588,0,0.600281119,-0.0326313116
168505071,8000,3000,3,0,1500,0,89.0770874,2.21560049,0,0.701235414,-0.0562238134
168605031,8000,3000,3,0,1500,0,89.3837204,2.19218254,0,0.802832663,-0.0800699294
168804951,8000,3000,3,0,1500,0,89.9440842,2.15341616,0,0.772910357,-0.1281569
168904911,8000,3000,3,0,1500,0,90.1728821,2.14414382,0,0.700648665,-0.152210385
169004871,9025,3000,3,0,1500,0,90.3496017,2.14201689,0,0.650615811,-0.176237419
169104831,9025,3000,3,0,1500,0,90.4560089,2.14060116,0,0.631496191,-0.200280473
169204791,9025,3000,3,0,1500,0,90.4861145,2.13848233,0,0.641016304,-0.201310664
169304751,9025,3000,3,0,1500,0,90.4367905,2.13496161,0,0.669285357,-0.197408304
169404711,9025,3000,3,0,1500,0,90.3162537,2.12935543,0,0.699673295,-0.188872039
169504671,9025,3000,3,0,1500,0,90.1367111,2.12517309,0,0.728916526,-0.177338675
169604631,9025,3000,3,0,1500,0,89.9099274,2.12170172,0,0.759102941,-0.16264078
169704591,9025,3000,3,0,1500,0,89.6530609,2.12031674,0,0.778281689,-0.148131996
169804551,9025,3000,3,0,1500,0,89.3755875,2.12170172,0,0.798171103,-0.13223581
169904511,9025,3000,3,0,1500,0,89.0881348,2.12517309,0,0.819965363,-0.125582546
170004471,9025,3000,3,0,1500,0,88.7998581,2.13005424,0,0.838415265,-0.121654324
170104431,9025,3000,3,0,1500,0,88.5195847,2.1356647,0,0.862668097,-0.119164579
170204391,9025,3000,3,0,1500,0,88.256958,2.14272523,0,0.883275211,-0.118315555
170304351,9025,3000,3,0,1500,0,88.0187683,2.15055299,0,0.906656027,-0.118134096
170404311,9025,3000,3,0,1500,0,87.803978,2.159168,0,0.92991823,-0.110696971
170505104,9025,3000,3,0,1500,0,87.6079102,2.16858935,0,0.9512344,-0.105037145
170605064,9025,3000,3,0,1500,0,87.4296341,2.17957664,0,0.964213967,-0.0962795168
170705024,9025,3000,3,0,1500,0,87.2676239,2.19143701,0,0.970664561,-0.0878529325
170904944,9025,3000,3,0,1500,0,86.9896393,2.21713114,0,0.989409029,-0.0810838416
171004904,9025,3000,3,0,1500,0,86.8798141,2.23023486,0,0.996294975,-0.0799393058
171104864,9025,3000,3,0,1500,0,86.7919006,2.24272871,0,1,-0.0767164528
171204824,9025,3000,3,0,1500,0,86.7198105,2.2490344,0,0.908401012,-0.0692979172
171304784,9025,3000,3,0,1500,0,86.6697006,2.2490344,0,0.738518119,-0.0748339742
171404744,9025,3000,3,0,1500,0,86.6389008,2.24194288,0,0.812552691,-0.0954479128
171504704,9025,3000,3,0,1500,0,86.6273651,2.22559047,0,0.802301288,-0.118517235
171604664,9025,3000,3,0,1500,0,86.6292572,2.19892359,0,0.778689981,-0.141568229
171704624,9025,3000,3,0,1500,0,86.6354218,2.16640711,0,0.787514925,-0.1566706
171804584,9025,3000,3,0,1500,0,86.6324768,2.13425899,0,0.788886428,-0.158666804
171904544,9025,3000,3,0,1500,0,86.6091309,2.10521889,0,0.782772541,-0.150447771
172004504,9025,3000,3,0,1500,0,86.5537872,2.08103704,0,0.776255608,-0.138939053
172104464,9025,3000,3,0,1500,0,86.4620361,2.06201601,0,0.753400326,-0.129152715
172204424,9025,3000,3,0,1500,0,86.3341141,2.04530025,0,0.748189092,-0.125610054
172304384,9025,3000,3,0,1500,0,86.1808548,2.02577448,0,0.747275293,-0.128043056
172404344,9025,3000,3,0,1500,0,86.0070419,2.00121021,0,0.762113094,-0.128420338
172505137,9025,3000,3,0,1500,0,85.8236313,1.97146308,0,0.772238135,-0.13257733
172605097,9025,3000,3,0,1500,0,85.6345596,1.93654382,0,0.77898562,-0.129025981
172705057,9025,3000,3,0,1500,0,85.4413986,1.89929652,0,0.793063045,-0.126544043
172805017,9025,3000,3,0,1500,0,85.2461166,1.86166883,0,0.79853487,-0.122234613
173004937,9017,3000,3,0,1500,0,84.8588104,1.78367889,0,0.804122686,-0.115782656
173104897,9011,3000,3,0,1500,0,84.6736145,1.74344671,0,0.801753521,-0.115503237
173204857,9005,3000,3,0,1500,0,84.4962997,1.70252883,0,0.802209735,-0.117706686
173304817,8999,3000,3,0,1500,0,84.3306732,1.66087079,0,0.80092001,-0.11861705
173404777,8992,3000,3,0,1500,0,84.1753006,1.61921,0,0.796818316,-0.118981034
173504737,8985,3000,3,0,1500,0,84.032608,1.57882881,0,0.797427893,-0.117938377
173604697,8979,3000,3,0,1500,0,83.896347,1.54071379,0,0.789579988,-0.11521668
173704657,8972,3000,3,0,1500,0,83.7599335,1.50708044,0,0.789460182,-0.111349106
173804617,8965,3000,3,0,1500,0,83.6244736,1.47569573,0,0.785272539,-0.111292429
173904577,8958,3000,3,0,1500,0,83.4891205,1.44531381,0,0.78957212,-0.109926894
174004537,8950,3000,3,0,1500,0,83.3522186,1.41619229,0,0.786543369,-0.104802415
174104497,8943,3000,3,0,1500,0,83.2115097,1.38899362,0,0.791454077,-0.103245571
174204457,8936,3000,3,0,1500,0,83.0683289,1.3628993,0,0.795585632,-0.100294001
174304417,8928,3000,3,0,1500,0,82.9247971,1.33788145,0,0.801491618,-0.0964576378
174404377,8921,3000,3,0,1500,0,82.7839584,1.31313157,0,0.807911396,-0.0939419121
174504337,8914,3000,3,0,1500,0,82.6508179,1.28821731,0,0.810609639,-0.091381222
174605130,8906,3000,3,0,1500,0,82.5239868,1.26403594,0,0.81841743,-0.0893483162
174705090,8898,3000,3,0,1500,0,82.3985977,1.24176109,0,0.823048115,-0.0864695087
174805050,8891,3000,3,0,1500,0,82.2829666,1.2206254,0,0.824565053,-0.0828945786
174905010,8883,3000,3,0,1500,0,82.1708984,1.20184946,0,0.831075549,-0.0796770006
175104930,8867,3000,3,0,1500,0,81.9741135,1.16835225,0,0.834480703,-0.0733996704
175204890,8859,3000,3,0,1500,0,81.8859329,1.15342426,0,0.838015079,-0.0695374086
175304850,8851,3000,3,0,1500,0,81.8046265,1.13984311,0,0.841151416,-0.0700415671
175404810,8844,3000,3,0,1500,0,81.7362289,1.12727952,0,0.841100037,-0.0676699504
175504770,8836,3000,3,0,1500,0,81.6813736,1.11556208,0,0.848617315,-0.0671183094
175604730,8828,3000,3,0,1500,0,81.6387863,1.10500205,0,0.848000884,-0.0644626021
175704690,8820,3000,3,0,1500,0,81.6064072,1.09548926,0,0.851888895,-0.0644278973
175804650,8812,3000,3,0,1500,0,81.5799561,1.08636034,0,0.854362488,-0.0598532818
175904610,8804,3000,3,0,1500,0,81.5547867,1.07868695,0,0.856171012,-0.0587097704
176004570,8796,3000,3,0,1500,0,81.5290833,1.07222629,0,0.857353032,-0.0558068305
176104530,8788,3000,3,0,1500,0,81.5034485,1.06656897,0,0.858191907,-0.0530690216
176204490,8780,3000,3,0,1500,0,81.4811707,1.06104553,0,0.862600088,-0.052434437
176304450,8772,3000,3,0,1500,0,81.4656677,1.05554485,0,0.866631031,-0.0524249487
176404410,8764,3000,3,0,1500,0,81.4605331,1.05021858,0,0.865617454,-0.0540589355
176504370,8756,3000,3,0,1500,0,81.4644012,1.04530215,0,0.872547865,-0.0541618429
176604330,8748,3000,3,0,1500,0,81.4817123,1.04076946,0,0.871985495,-0.0551220365
176705123,8740,3000,3,0,1500,0,81.5085449,1.0364486,0,0.870479047,-0.055495128
176805083,8732,3000,3,0,1500,0,81.5406265,1.03266764,0,0.871839285,-0.0551823862
176905043,8724,3000,3,0,1500,0,81.5649796,1.02950346,0,0.87247777,-0.0499965511
177005003,8716,3000,3,0,1500,0,81.5799408,1.02709603,0,0.86784935,-0.0458327755
177204923,8700,3000,3,0,1500,0,81.5748444,1.0233382,0,0.871439397,-0.0441689938
177304883,8691,3000,3,0,1500,0,81.5728912,1.02155161,0,0.875591159,-0.0458502956
177404843,8683,3000,3,0,1500,0,81.5821762,1.01959121,0,0.87551415,-0.0487079844
177504803,8675,3000,3,0,1500,0,81.6001434,1.01769483,0,0.88154,-0.050503321
177604763,8667,3000,3,0,1500,0,81.6305466,1.01580405,0,0.881372213,-0.0519174114
177704723,8659,3000,3,0,1500,0,81.6677933,1.01420283,0,0.883001804,-0.0503050797
177804683,8651,3000,3,0,1500,0,81.7073059,1.01280332,0,0.883732259,-0.0485723205
177904643,8643,3000,3,0,1500,0,81.7424088,1.01182997,0,0.877982199,-0.0423788726
178004603,8634,3000,3,0,1500,0,81.7727509,1.01107979,0,0.876841307,-0.043366015
178104563,8626,3000,3,0,1500,0,81.801239,1.01015222,0,0.878400385,-0.0451932475
178204523,8618,3000,3,0,1500,0,81.8315659,1.00921834,0,0.87636596,-0.0479527712
178304483,8610,3000,3,0,1500,0,81.8637161,1.00835311,0,0.87921387,-0.0487017967
178404443,8602,3000,3,0,1500,0,81.8974838,1.00759637,0,0.879488468,-0.0515150242
178504403,8594,3000,3,0,1500,0,81.9340668,1.00681448,0,0.881530046,-0.0510673448
178604363,8586,3000,3,0,1500,0,81.9734497,1.00615358,0,0.879762113,-0.0512714684
178704323,8578,3000,3,0,1500,0,82.0095901,1.00560093,0,0.878376245,-0.0506826565
178805116,8570,3000,3,0,1500,0,82.0362473,1.00514555,0,0.878866255,-0.0463141091
178905076,8562,3000,3,0,1500,0,82.0536499,1.00477827,0,0.877615094,-0.0493376926
179005036,8554,3000,3,0,1500,0,82.0706863,1.00439179,0,0.877555668,-0.0480553061
179204956,8537,3000,3,0,1500,0,82.1045074,1.00363815,0,0.881370187,-0.0525371693
179304916,8529,3000,3,0,1500,0,82.1269684,1.00324571,0,0.879288852,-0.0528621413
179404876,8521,3000,3,0,1500,0,82.1511993,1.00286245,0,0.879809141,-0.0518713184
179504836,8513,3000,3,0,1500,0,82.1736908,1.00255322,0,0.879409313,-0.0533348769
179604796,8505,3000,3,0,1500,0,82.197525,1.00228548,0,0.879642665,-0.0539576039
179704756,8496,3000,3,0,1500,0,82.2254486,1.00207746,0,0.873854458,-0.0548538193
179804716,8488,3000,3,0,1500,0,82.2544785,1.00189006,0,0.877819777,-0.0568995774
179904676,8480,3000,3,0,1500,0,82.2797394,1.00172198,0,0.873166442,-0.0549925268
180004636,8472,3000,3,0,1500,0,82.2994995,1.00157142,0,0.873384476,-0.055553481
180104596,8464,3000,3,0,1500,0,82.3142395,1.00143719,0,0.871231675,-0.0540256128
180204556,8456,3000,3,0,1500,0,82.3266983,1.00132692,0,0.871819258,-0.0577432178
180304516,8448,3000,3,0,1500,0,82.340065,1.00122976,0,0.871310115,-0.058482334
180404476,8440,3000,3,0,1500,0,82.3539352,1.00113618,0,0.871710002,-0.0588232577
180504436,8432,3000,3,0,1500,0,82.3668365,1.00101471,0,0.872893929,-0.0605059117
180604396,8424,3000,3,0,1500,0,82.3765259,1.00086331,0,0.87131381,-0.0574515983
180704356,8416,3000,3,0,1500,0,82.3802338,1.00075793,0,0.871338189,-0.0599219762
180804316,8408,3000,3,0,1500,0,82.3792038,1.0006721,0,0.870841444,-0.0586688034
180905109,8399,3000,3,0,1500,0,82.3715057,1.00061572,0,0.872653484,-0.0600500554
181005069,8391,3000,3,0,1500,0,82.3629913,1.00053287,0,0.87453568,-0.0599678196
181105029,8383,3000,3,0,1500,0,82.3569641,1.00046659,0,0.874651551,-0.0594195873
181304949,8367,3000,3,0,1500,0,82.3551407,1.0003804,0,0.875134885,-0.0625464469
181404909,8359,3000,3,0,1500,0,82.3570862,1.00035667,0,0.872258484,-0.0627494901
181504869,8350,3000,3,0,1500,0,82.3569489,1.00031149,0,0.873100102,-0.0644270405
181604829,8342,3000,3,0,1500,0,82.3593521,1.00026953,0,0.874294639,-0.0662206039
181704789,8334,3000,3,0,1500,0,82.3654633,1.00024188,0,0.872610331,-0.0686787814
181804749,8326,3000,3,0,1500,0,82.374588,1.00021565,0,0.869043291,-0.0682427809
181904709,8318,3000,3,0,1500,0,82.3789291,1.00021207,0,0.866123199,-0.0656654909
182004669,8310,3000,3,0,1500,0,82.3731918,1.00019801,0,0.868136048,-0.0655156672
182104629,8302,3000,3,0,1500,0,82.3575592,1.00017762,0,0.865013361,-0.0641152859
182204589,8294,3000,3,0,1500,0,82.3364334,1.00015545,0,0.865087032,-0.0670904964
182304549,8285,3000,3,0,1500,0,82.3131409,1.00013173,0,0.868169188,-0.0673447847
182404509,8277,3000,3,0,1500,0,82.291069,1.00010002,0,0.868037045,-0.0707596689
182504469,8269,3000,3,0,1500,0,82.2696686,1.00007463,0,0.872035742,-0.0702033415
182604429,8261,3000,3,0,1500,0,82.2479477,1.0000664,0,0.871925712,-0.0696518347
182704389,8253,3000,3,0,1500,0,82.2268524,1.00005853,0,0.870386243,-0.0691609979
182804349,8245,3000,3,0,1500,0,82.2057877,1.00004613,0,0.869981885,-0.0710236877
182905142,8237,3000,3,0,1500,0,82.1814651,1.00004447,0,0.869702101,-0.0696460009
183005102,8229,3000,3,0,1500,0,82.1528778,1.0000478,0,0.869863987,-0.0693626106
183105062,8221,3000,3,0,1500,0,82.1225967,1.00004613,0,0.870646417,-0.0709235519
183205022,8213,3000,3,0,1500,0,82.090744,1.0000428,0,0.87017107,-0.0693202838
183404942,8197,3000,3,0,1500,0,82.0283661,1.00004125,0,0.868510664,-0.0724721551
183504902,8188,3000,3,0,1500,0,82.0044708,1.00004125,0,0.868167996,-0.0756834969
183604862,8180,3000,3,0,1500,0,81.9842453,1.00004125,0,0.869995832,-0.0760585815
183704822,8172,3000,3,0,1500,0,81.9688721,1.0000366,0,0.869511962,-0.0767926127
183804782,8164,3000,3,0,1500,0,81.9534073,1.00002563,0,0.863426328,-0.0724507943
183904742,8156,3000,3,0,1500,0,81.9306488,1.00001979,0,0.861952722,-0.0734742656
184004702,8147,3000,3,0,1500,0,81.8982391,1.00001371,0,0.861760497,-0.0734306425
184104662,8139,3000,3,0,1500,0,81.8606873,1.00000954,0,0.863229215,-0.0753109455
184204622,8131,3000,3,0,1500,0,81.8250198,1.00000608,0,0.862238646,-0.0796002746
184304582,8123,3000,3,0,1500,0,81.7898788,1.00000501,0,0.866004169,-0.078242749
184404542,8115,3000,3,0,1500,0,81.7558746,1.00000298,0,0.866155028,-0.0782785416
184504502,8107,3000,3,0,1500,0,81.7184982,1.00000155,0,0.862303913,-0.0754207969
184604462,8099,3000,3,0,1500,0,81.6750793,1.00000095,0,0.86502099,-0.0760870576
184704422,8091,3000,3,0,1500,0,81.6277847,1.0000006,0,0.862775922,-0.0757499933
184804382,8083,3000,3,0,1500,0,81.5762711,1.0000006,0,0.864145458,-0.0745020732
184904342,8075,3000,3,0,1500,0,81.5219574,1.00000024,0,0.86465168,-0.0763535574
185005135,8067,3000,3,0,1500,0,81.4703445,1.00000012,0,0.86559552,-0.0790027827
185105095,8059,3000,3,0,1500,0,81.4264069,1.00000012,0,0.869312406,-0.0825750232
185205055,8051,3000,3,0,1500,0,81.3875885,1.00000012,0,0.869579554,-0.0824648589
185305015,8042,3000,3,0,1500,0,81.3478317,1.00000024,0,0.868477941,-0.0790551677
185504935,8026,3000,3,0,1500,0,81.251236,1,0,0.866845429,-0.0762225464
185604895,8018,3000,3,0,1500,0,81.1989822,1.00000012,0,0.862152576,-0.0771789998
185704855,8010,3000,3,0,1500,0,81.1475525,1.00000036,0,0.865288794,-0.078367576
185804815,8002,3000,3,0,1500,0,81.0974426,1.00000036,0,0.866777658,-0.0810605362
185904775,7993,3000,3,0,1500,0,81.0510941,1.00000024,0,0.86541158,-0.0826192647
186004735,7985,3000,3,0,1500,0,81.0064621,1.00000012,0,0.868138671,-0.0828849971
186104695,7977,3000,3,0,1500,0,80.962822,1.00000012,0,0.866190791,-0.0838226229
186204655,7969,3000,3,0,1500,0,80.9146576,1.00000012,0,0.867288411,-0.0822036788
186304615,7961,3000,3,0,1500,0,80.8612595,1.0000006,0,0.86786294,-0.0813204348
186404575,7953,3000,3,0,1500,0,80.8091354,1.00000131,0,0.867887616,-0.0834173784
186504535,7945,3000,3,0,1500,0,80.7595062,1.00000155,0,0.864367008,-0.0828486606
186604495,7937,3000,3,0,1500,0,80.708992,1.00000131,0,0.866361201,-0.082318075
186704455,7929,3000,3,0,1500,0,80.6574554,1.00000191,0,0.862693191,-0.0826622546
186804415,7921,3000,3,0,1500,0,80.6028137,1.00000298,0,0.865685701,-0.081685707
186904375,7913,3000,3,0,1500,0,80.5466537,1.00000548,0,0.864172459,-0.0842947364
187004335,7905,3000,3,0,1500,0,80.4883118,1.00000739,0,0.865034342,-0.0824333504
187105128,7897,3000,3,0,1500,0,80.4286118,1.00001037,0,0.865111828,-0.0833466202
187205088,7888,3000,3,0,1500,0,80.3657532,1.00001562,0,0.86646384,-0.0818099678
187305048,7880,3000,3,0,1500,0,80.3033142,1.00002086,0,0.863733053,-0.0829444006
187405008,7872,3000,3,0,1500,0,80.2388611,1.00002444,0,0.865549803,-0.0831899121
187604928,7856,3000,3,0,1500,0,80.1123428,1.00002444,0,0.86548686,-0.0841997936
187704888,7848,3000,3,0,1500,0,80.0490875,1.00002325,0,0.866203189,-0.082506083
187804848,7839,3000,3,0,1500,0,79.9830551,1.00001872,0,0.866344452,-0.0826990753
187904808,7831,3000,3,0,1500,0,79.9179688,1.00001466,0,0.866945148,-0.0843482539
188004768,7823,3000,3,0,1500,0,79.85849,1.00001371,0,0.866515636,-0.0857681111
188104728,7815,3000,3,0,1500,0,79.8045273,1.00001287,0,0.866211772,-0.0863255262
188204688,7807,3000,3,0,1500,0,79.7562561,1.00000954,0,0.865107,-0.0883151144
188304648,7799,3000,3,0,1500,0,79.70961,1.00001109,0,0.86525619,-0.08827281
188404608,7791,3000,3,0,1500,0,79.6602173,1.00000679,0,0.862323284,-0.0875417665
188504568,7782,3000,3,0,1500,0,79.60112,1.00000739,0,0.861279964,-0.0835685655
188604528,7774,3000,3,0,1500,0,79.5365677,1.00000954,0,0.859254479,-0.0850370303
188704488,7766,3000,3,0,1500,0,79.4688263,1.00000811,0,0.859585524,-0.0858163536
188804448,7758,3000,3,0,1500,0,79.3990707,1.00000608,0,0.86139226,-0.0862070695
188904408,7750,3000,3,0,1500,0,79.3296204,1.00000501,0,0.863137722,-0.0871613845
189004368,7742,3000,3,0,1500,0,79.263298,1.00000226,0,0.865243614,-0.0897606835
189104328,7734,3000,3,0,1500,0,79.2005081,1.00000024,0,0.86491704,-0.0873770118
189205121,7726,3000,3,0,1500,0,79.1354446,1.00000012,0,0.864260018,-0.0879714042
189305081,7718,3000,3,0,1500,0,79.0660019,1.00000012,0,0.868367314,-0.0864592269
189405041,7710,3000,3,0,1500,0,78.9943924,1.00000012,0,0.86623621,-0.0868610069
189505001,7701,3000,3,0,1500,0,78.9212418,1.00000012,0,0.867135048,-0.0854218826
189704921,7685,3000,3,0,1500,0,78.7809525,1.0000006,0,0.868501425,-0.0879569948
189804881,7677,3000,3,0,1500,0,78.7126389,1.0000006,0,0.867033362,-0.0870178267
189904841,7669,3000,3,0,1500,0,78.6478043,1.00000036,0,0.869008541,-0.0891254619
190004801,7661,3000,3,0,1500,0,78.5856857,1.00000095,0,0.870533109,-0.0899780393
190104761,7652,3000,3,0,1500,0,78.5260086,1.00000155,0,0.866300523,-0.0910486206
190204721,7644,3000,3,0,1500,0,78.4671097,1.00000262,0,0.867290556,-0.0890162364
190304681,7636,3000,3,0,1500,0,78.4058914,1.00000226,0,0.862486243,-0.0883701891
190404641,7628,3000,3,0,1500,0,78.3350906,1.00000191,0,0.863861561,-0.0841855481
190504601,7620,3000,3,0,1500,0,78.2598419,1.00000155,0,0.861783266,-0.0885076225
190604561,7612,3000,3,0,1500,0,78.1855774,1.00000131,0,0.863930523,-0.0906006545
190704521,7604,3000,3,0,1500,0,78.1138153,1.00000012,0,0.864021182,-0.0908379778
190804481,7596,3000,3,0,1500,0,78.0414734,1,0,0.867900848,-0.0903942958
190904441,7587,3000,3,0,1500,0,77.9681702,1,0,0.864705622,-0.0888838619
191004401,7579,3000,3,0,1500,0,77.8925476,1.00000012,0,0.865026057,-0.0895756632
191104361,7571,3000,3,0,1500,0,77.8169403,1.00000036,0,0.865059018,-0.0880657583
191204321,7563,3000,3,0,1500,0,77.7399673,1.00000012,0,0.865569353,-0.0886219367
191305114,7555,3000,3,0,1500,0,77.6604691,1.00000036,0,0.86649406,-0.088249445
191405074,7547,3000,3,0,1500,0,77.5814438,1.00000226,0,0.868614435,-0.0892684981
191505034,7539,3000,3,0,1500,0,77.5073013,1.00000608,0,0.866586924,-0.0907606259
191704954,7523,3000,3,0,1500,0,77.3669586,1.00000346,0,0.872287095,-0.0917990729
191804914,7514,3000,3,0,1500,0,77.2958298,1.00000393,0,0.868633091,-0.089774549
191904874,7506,3000,3,0,1500,0,77.2238235,1.00000346,0,0.86832732,-0.0901845768
192004834,7498,3000,3,0,1500,0,77.1496201,1.00000226,0,0.867746413,-0.0873798579
192104794,7490,3000,3,0,1500,0,77.0740891,1.00000262,0,0.867221832,-0.0876134187
192204754,7482,3000,3,0,1500,0,76.9955292,1.00000262,0,0.863223672,-0.0864647925
192304714,7473,3000,3,0,1500,0,76.9155655,1.00000155,0,0.867119431,-0.0897106603
192404674,7465,3000,3,0,1500,0,76.8391418,1.00000095,0,0.867273688,-0.0927033797
192504634,7457,3000,3,0,1500,0,76.7689514,1.00000191,0,0.869973421,-0.092400685
192604594,7449,3000,3,0,1500,0,76.7043152,1.00000155,0,0.867237628,-0.0931428075
192704554,7441,3000,3,0,1500,0,76.6374283,1.00000191,0,0.867368519,-0.0910148323
192804514,7433,3000,3,0,1500,0,76.5671921,1.00000191,0,0.865742445,-0.0899967849
192904474,7425,3000,3,0,1500,0,76.4899521,1.00000226,0,0.865775168,-0.0884908587
193004434,7417,3000,3,0,1500,0,76.40625,1.00000346,0,0.866990209,-0.0902812332
193104394,7409,3000,3,0,1500,0,76.3232422,1.00000679,0,0.868278146,-0.0902113914
193204354,7401,3000,3,0,1500,0,76.2396164,1.00000811,0,0.8676368,-0.0895646662
193304314,7392,3000,3,0,1500,0,76.1573029,1.00000501,0,0.871269941,-0.0913219005
193405107,7384,3000,3,0,1500,0,76.0777969,1.00000393,0,0.870037258,-0.0902744457
193505067,7376,3000,3,0,1500,0,76.0009995,1.00000226,0,0.869184375,-0.0902614668
193605027,7368,3000,3,0,1500,0,75.9244843,1.00000095,0,0.870675564,-0.0912269428
193804947,7352,3000,3,0,1500,0,75.782814,1,0,0.867997646,-0.0913648456
193904907,7343,3000,3,0,1500,0,75.7134323,1.00000024,0,0.866129637,-0.0904157162
194004867,7335,3000,3,0,1500,0,75.6398239,1.00000095,0,0.865268171,-0.088762328
194104827,7327,3000,3,0,1500,0,75.5624695,1.00000191,0,0.865481019,-0.0912227407
194204787,7319,3000,3,0,1500,0,75.4822311,1.00000262,0,0.867933333,-0.0920982584
194304747,7310,3000,3,0,1500,0,75.4052734,1.00000131,0,0.865891933,-0.0911955163
194404707,7302,3000,3,0,1500,0,75.328598,1.00000024,0,0.867403388,-0.0903534964
194504667,7294,3000,3,0,1500,0,75.2535477,1.00000012,0,0.866410375,-0.0937879011
194604627,7286,3000,3,0,1500,0,75.1800308,1.00000024,0,0.870636523,-0.0956416801
194704587,7278,3000,3,0,1500,0,75.1096039,1.00000012,0,0.870444417,-0.0945855528
194804547,7270,3000,3,0,1500,0,75.038765,1.00000024,0,0.86569351,-0.0922163054
194904507,7262,3000,3,0,1500,0,74.9624481,1.00000024,0,0.869517803,-0.0912757367
195004467,7254,3000,3,0,1500,0,74.8788681,1.00000024,0,0.865312338,-0.0877979249
195104427,7246,3000,3,0,1500,0,74.7866516,1.00000012,0,0.867532015,-0.0893925428
195204387,7237,3000,3,0,1500,0,74.6947174,1.00000012,0,0.872020543,-0.0932042673
195304347,7229,3000,3,0,1500,0,74.6117477,1,0,0.870667696,-0.0922098458
195405140,7221,3000,3,0,1500,0,74.533699,1.00000024,0,0.874139667,-0.0934929177
195505100,7213,3000,3,0,1500,0,74.459198,1.00000083,0,0.870697379,-0.0947056711
195605060,7205,3000,3,0,1500,0,74.3858185,1.00000083,0,0.871117949,-0.0927311629
195705020,7197,3000,3,0,1500,0,74.310173,1.00000131,0,0.870255709,-0.0904996321
195904940,7180,3000,3,0,1500,0,74.1396103,1.00000441,0,0.86743784,-0.0868341848
196004900,7172,3000,3,0,1500,0,74.050148,1.00000393,0,0.867532611,-0.089908503
196104860,7164,3000,3,0,1500,0,73.96772,1.00000298,0,0.869076133,-0.0921988562
196204820,7156,3000,3,0,1500,0,73.8953781,1.00000131,0,0.868674755,-0.0951748043
196304780,7147,3000,3,0,1500,0,73.8287201,1.0000006,0,0.868990064,-0.0972423404
196404740,7139,3000,3,0,1500,0,73.7651215,1.00000095,0,0.867440224,-0.0956878513
196504700,7131,3000,3,0,1500,0,73.6945419,1.00000226,0,0.867672205,-0.0927426964
196604660,7123,3000,3,0,1500,0,73.6175156,1.00000262,0,0.867235184,-0.0914610699
196704620,7115,3000,3,0,1500,0,73.5382767,1.00000298,0,0.865219474,-0.0924950168
196804580,7107,3000,3,0,1500,0,73.4571762,1.00000393,0,0.865436494,-0.0920421332
196904540,7099,3000,3,0,1500,0,73.37397,1.00000346,0,0.869051337,-0.0924771726
197004500,7091,3000,3,0,1500,0,73.2919312,1.00000226,0,0.867991209,-0.0935963541
197104460,7082,3000,3,0,1500,0,73.211998,1.00000131,0,0.868329167,-0.0922968984
197204420,7074,3000,3,0,1500,0,73.1367111,1.00000155,0,0.867834091,-0.0951708108
197304380,7066,3000,3,0,1500,0,73.064209,1.00000155,0,0.86695683,-0.0946402475
197404340,7058,3000,3,0,1500,0,72.9953842,1.00000131,0,0.866276026,-0.0976743102
197505133,7050,3000,3,0,1500,0,72.926384,1.00000131,0,0.868151903,-0.0971978083
197605093,7042,3000,3,0,1500,0,72.8496628,1.0000006,0,0.868039191,-0.0921135843
197705053,7034,3000,3,0,1500,0,72.7636261,1.00000036,0,0.865420341,-0.0918027759
197805013,7026,3000,3,0,1500,0,72.670372,1.00000083,0,0.867814183,-0.0901000574
198004933,7009,3000,3,0,1500,0,72.4805069,1.00000191,0,0.870561659,-0.0916865692
198104893,7001,3000,3,0,1500,0,72.3907623,1.00000346,0,0.871467113,-0.0947496668
198204853,6993,3000,3,0,1500,0,72.3085556,1.00000548,0,0.874540925,-0.0979781374
198304813,6985,3000,3,0,1500,0,72.2329559,1.00000882,0,0.873986721,-0.0943031311
198404773,6976,3000,3,0,1500,0,72.1558838,1.00001371,0,0.873522997,-0.0918153301
198504733,6968,3000,3,0,1500,0,72.0745773,1.00001287,0,0.869715929,-0.0899308026
198604693,6960,3000,3,0,1500,0,71.9888458,1.00001287,0,0.868121922,-0.0874687359
198704653,6952,3000,3,0,1500,0,71.9010086,1.00001109,0,0.869277239,-0.0908020884
198804613,6944,3000,3,0,1500,0,71.8167419,1.00000882,0,0.868683338,-0.0933742747
198904573,6935,3000,3,0,1500,0,71.7419128,1.00000501,0,0.872324109,-0.0977661014
199004533,6927,3000,3,0,1500,0,71.6747589,1.00000262,0,0.870873928,-0.0984905213
199104493,6919,3000,3,0,1500,0,71.608963,1.00000095,0,0.870802045,-0.0960450321
199204453,6911,3000,3,0,1500,0,71.5388641,1.00000155,0,0.868931472,-0.0936379433
199304413,6903,3000,3,0,1500,0,71.4557877,1.00000262,0,0.869081855,-0.0889923871
199404373,6895,3000,3,0,1500,0,71.3644028,1.00000346,0,0.868257761,-0.0900098458
199504333,6887,3000,3,0,1500,0,71.2743683,1.00000501,0,0.867614985,-0.0921014473
199605126,6879,3000,3,0,1500,0,71.1870956,1.00000739,0,0.871670008,-0.0947727263
199705086,6871,3000,3,0,1500,0,71.1041565,1.00000739,0,0.873844028,-0.0955184996
199805046,6862,3000,3,0,1500,0,71.0231705,1.00001037,0,0.87545383,-0.0943832174
199905006,6854,3000,3,0,1500,0,70.944252,1.00001466,0,0.872137189,-0.0960338414
200104926,6838,3000,3,0,1500,0,70.79319,1.00001371,0,0.870680392,-0.0917669311
200204886,6829,3000,3,0,1500,0,70.7167435,1.00001466,0,0.871711612,-0.0936888382
200304846,6821,3000,3,0,1500,0,70.6368484,1.00001466,0,0.868559837,-0.091717191
200404806,6813,3000,3,0,1500,0,70.5544128,1.00001192,0,0.869798064,-0.0926105455
200504766,6805,3000,3,0,1500,0,70.4674988,1.00001192,0,0.869039655,-0.091460824
200604726,6797,3000,3,0,1500,0,70.375946,1.00001109,0,0.872527361,-0.0920638517
200704686,6788,3000,3,0,1500,0,70.2860794,1.00000608,0,0.872692883,-0.0922848433
200804646,6780,3000,3,0,1500,0,70.197525,1.00000262,0,0.871778131,-0.0922379717
200904606,6772,3000,3,0,1500,0,70.1086884,1.00000155,0,0.875674844,-0.0915964618
201004566,6764,3000,3,0,1500,0,70.0251694,1.00000155,0,0.8724581,-0.0954358503
201104526,6756,3000,3,0,1500,0,69.9476089,1.00000083,0,0.875131726,-0.0938870534
201204486,6748,3000,3,0,1500,0,69.8779907,1.00000036,0,0.872668624,-0.0966824889
201304446,6740,3000,3,0,1500,0,69.8136368,1.00000012,0,0.869386554,-0.094873026
201404406,6732,3000,3,0,1500,0,69.7440414,1,0,0.869743168,-0.0926162899
201504366,6723,3000,3,0,1500,0,69.6633148,1,0,0.868552327,-0.0897782892
201604326,6715,3000,3,0,1500,0,69.5755081,1.00000012,0,0.867750943,-0.0924205035
201705119,6707,3000,3,0,1500,0,69.4869003,1,0,0.870294571,-0.0966443121
201805079,6699,3000,3,0,1500,0,69.4002304,1.00000012,0,0.874734044,-0.0962046981
201905039,6691,3000,3,0,1500,0,69.3181,1.0000006,0,0.871012926,-0.0941656828
202104959,6675,3000,3,0,1500,0,69.1635132,1.00000036,0,0.872282982,-0.0948649868
202204919,6666,3000,3,0,1500,0,69.0874023,1.00000012,0,0.871201634,-0.0950983688
202304879,6658,3000,3,0,1500,0,69.0074539,1.00000095,0,0.871720672,-0.0940575972
202404839,6650,3000,3,0,1500,0,68.9235306,1.00000191,0,0.869408548,-0.0919918194
202504799,6642,3000,3,0,1500,0,68.8357544,1.00000346,0,0.869848251,-0.0917327702
202604759,6633,3000,3,0,1500,0,68.745079,1.00000441,0,0.870395243,-0.0920471996
202704719,6625,3000,3,0,1500,0,68.6570663,1.00000501,0,0.873078048,-0.09542422
202804679,6617,3000,3,0,1500,0,68.579422,1.00000548,0,0.872838855,-0.0982036144
202904639,6609,3000,3,0,1500,0,68.5078354,1.00000811,0,0.873130202,-0.0953846201
203004599,6601,3000,3,0,1500,0,68.4349213,1.00001287,0,0.870293379,-0.0960627347
203104559,6593,3000,3,0,1500,0,68.3646469,1.00001657,0,0.87086904,-0.0968995616
203204519,6585,3000,3,0,1500,0,68.2955627,1.00001562,0,0.870754361,-0.0980639458
203304479,6576,3000,3,0,1500,0,68.2179794,1.00001109,0,0.869682193,-0.0912881568
203404439,6568,3000,3,0,1500,0,68.1316071,1.00000882,0,0.868036211,-0.091771014
203504399,6560,3000,3,0,1500,0,68.0400543,1.00000679,0,0.869018257,-0.0930650905
203604359,6552,3000,3,0,1500,0,67.9453812,1.00000501,0,0.872175097,-0.0922912061
203704319,6544,3000,3,0,1500,0,67.8516922,1.00000679,0,0.871882915,-0.0934601054
203805112,6536,3000,3,0,1500,0,67.7642975,1.00000679,0,0.872726917,-0.095628038
203905072,6528,3000,3,0,1500,0,67.6838379,1.00000501,0,0.871131063,-0.0947520658
204005032,6519,3000,3,0,1500,0,67.6012421,1.00000548,0,0.871791959,-0.0935487524
204204952,6503,3000,3,0,1500,0,67.4246445,1.00000882,0,0.872615457,-0.0922582671
204304912,6495,3000,3,0,1500,0,67.3346939,1.00000608,0,0.871090531,-0.0921043679
204404872,6486,3000,3,0,1500,0,67.2441483,1.00000679,0,0.872297645,-0.0906691775
204504832,6478,3000,3,0,1500,0,67.1556854,1.00000548,0,0.872634351,-0.0918871611
204604792,6470,3000,3,0,1500,0,67.0733566,1.00000548,0,0.870669425,-0.0942884311
204704752,6462,3000,3,0,1500,0,66.9973679,1.00000548,0,0.872007132,-0.0937765315
204804712,6454,3000,3,0,1500,0,66.9262543,1.00000501,0,0.872087955,-0.095761925
204904672,6445,3000,3,0,1500,0,66.8582382,1.00000548,0,0.872974932,-0.0960741118
205004632,6437,3000,3,0,1500,0,66.791626,1.00000548,0,0.869643092,-0.096386537
205104592,6429,3000,3,0,1500,0,66.7219009,1.00001037,0,0.873007774,-0.0966247842
205204552,6421,3000,3,0,1500,0,66.6481094,1.00001371,0,0.870430708,-0.0932800546
205304512,6413,3000,3,0,1500,0,66.5691223,1.00001192,0,0.868765116,-0.0921049714
205404472,6405,3000,3,0,1500,0,66.4862442,1.00001037,0,0.868498087,-0.0927042514
205504432,6397,3000,3,0,1500,0,66.4025574,1.00000608,0,0.86854279,-0.0940092579
205604392,6388,3000,3,0,1500,0,66.3177719,1.00000393,0,0.869428873,-0.0916985199
205704352,6380,3000,3,0,1500,0,66.2297363,1.00000298,0,0.870560169,-0.0914692432
205804312,6372,3000,3,0,1500,0,66.1448135,1.00000298,0,0.868033826,-0.0948291719
205905105,6364,3000,3,0,1500,0,66.0643921,1.00000191,0,0.871657848,-0.0968975276
206005065,6356,3000,3,0,1500,0,65.988266,1.00000083,0,0.873035908,-0.0957750902
206105025,6348,3000,3,0,1500,0,65.9135437,1.00000036,0,0.872408986,-0.0954435542
206304945,6331,3000,3,0,1500,0,65.7531815,1.00000083,0,0.867800772,-0.0910044536
206404905,6323,3000,3,0,1500,0,65.6601868,1.00000095,0,0.871194303,-0.0907075852
206504865,6315,3000,3,0,1500,0,65.565506,1.00000131,0,0.870099902,-0.0898188576
206604825,6307,3000,3,0,1500,0,65.4720154,1.00000155,0,0.870038748,-0.0909088776
206704785,6298,3000,3,0,1500,0,65.3822937,1.00000191,0,0.870219529,-0.0933813825
206804745,6290,3000,3,0,1500,0,65.29953,1.00000131,0,0.872537494,-0.0956268609
206904705,6282,3000,3,0,1500,0,65.2294083,1.00000012,0,0.876651168,-0.101289257
207004665,6274,3000,3,0,1500,0,65.1702042,1.00000012,0,0.87124908,-0.0985859334
207104625,6266,3000,3,0,1500,0,65.1062546,1.00000024,0,0.870289207,-0.0944495946
207204585,6258,3000,3,0,1500,0,65.031601,1.00000036,0,0.87013042,-0.0918203369
207304545,6249,3000,3,0,1500,0,64.9447021,1.00000036,0,0.867929995,-0.0887198895
207404505,6241,3000,3,0,1500,0,64.8496704,1.00000024,0,0.869097352,-0.0906130299
207504465,6233,3000,3,0,1500,0,64.7555161,1,0,0.871471882,-0.0923401266
207604425,6225,3000,3,0,1500,0,64.665123,1,0,0.872763991,-0.0935676098
207704385,6217,3000,3,0,1500,0,64.5822601,1,0,0.87371707,-0.096119456
207804345,6209,3000,3,0,1500,0,64.5080872,1,0,0.875365496,-0.0976484418
207905138,6201,3000,3,0,1500,0,64.4390259,1,0,0.874740005,-0.0958219916
208005098,6193,3000,3,0,1500,0,64.3675308,1,0,0.87036705,-0.0932620168
208105058,6185,3000,3,0,1500,0,64.2899017,1,0,0.870603204,-0.0937712714
208205018,6176,3000,3,0,1500,0,64.2069855,1.00000036,0,0.870859802,-0.0952006504
208404938,6160,3000,3,0,1500,0,64.0347824,1.00000095,0,0.872620463,-0.0948768929
208504898,6152,3000,3,0,1500,0,63.9512253,1.00000191,0,0.870678306,-0.094928734
208604858,6144,3000,3,0,1500,0,63.8671875,1.00000262,0,0.872933447,-0.0937153101
208704818,6135,3000,3,0,1500,0,63.7838821,1.00000131,0,0.870004177,-0.0917624235
208804778,6127,3000,3,0,1500,0,63.7014198,1.00000226,0,0.86707443,-0.0905110314
208904738,6119,3000,3,0,1500,0,63.6199493,1.00000298,0,0.867235422,-0.0912118182
209004698,6111,3000,3,0,1500,0,63.5393562,1.00000548,0,0.866280437,-0.0923149213
209104658,6102,3000,3,0,1500,0,63.4614563,1.00000882,0,0.868121624,-0.0962776095
209204618,6094,3000,3,0,1500,0,63.3867302,1.00001657,0,0.868832946,-0.0960441679
209304578,6086,3000,3,0,1500,0,63.3133163,1.00002325,0,0.870085001,-0.0972156376
209404538,6078,3000,3,0,1500,0,63.2385826,1.00002563,0,0.869843125,-0.0951777846
209504498,6070,3000,3,0,1500,0,63.1597519,1.00003362,0,0.869317055,-0.0946288407
209604458,6062,3000,3,0,1500,0,63.0754471,1.00003231,0,0.869227231,-0.0919727534
209704418,6054,3000,3,0,1500,0,62.9845772,1.0000366,0,0.86618489,-0.0906699449
209804378,5500,3000,3,0,1500,0,62.8909454,1.00004947,0,0.869390368,-0.0973524153
209904338,5500,3000,3,0,1500,0,62.7993927,1.00005853,0,0.869247317,-0.107572675
210005131,5500,3000,3,0,1500,0,62.7111588,1.15365577,0,0.866966248,-0.113611996
210105091,5500,3000,3,0,1500,0,62.622509,1.16347301,0,0.870685995,-0.119549111
210205051,5500,3000,3,0,1500,0,62.5331078,1.17270231,0,0.869338274,-0.121193081
210305011,5500,3000,3,0,1500,0,62.4297028,1.1750958,0,0.878717422,-0.118162677
210504931,5500,3000,3,0,1500,0,62.1200562,1.16492653,0,0.911607385,-0.113457032
210604891,5500,3000,3,0,1500,0,61.9191551,1.15621805,0,0.925651908,-0.113913469
210704851,5500,3000,3,0,1500,0,61.71315,1.14546585,0,0.928034306,-0.117843091
210804811,5500,3000,3,0,1500,0,61.5203056,1.13394094,0,0.916523695,-0.125641674
210904771,5500,3000,3,0,1500,0,61.3541946,1.12252593,0,0.904627383,-0.128316373
211004731,5500,3000,3,0,1500,0,61.2116165,1.11222351,0,0.889473915,-0.127147645
211104691,5500,3000,3,0,1500,0,61.0766106,1.1057291,0,0.876772583,-0.124312781
211204651,5500,3000,3,0,1500,0,60.9392319,1.10185826,0,0.869441628,-0.123705834
211304611,5500,3000,3,0,1500,0,60.7887306,1.09973645,0,0.860967577,-0.117714934
211404571,5500,3000,3,0,1500,0,60.6193771,1.09851134,0,0.859744549,-0.114788242
211504531,5500,3000,3,0,1500,0,60.4338188,1.09669125,0,0.857726336,-0.110548861
211604491,5500,3000,3,0,1500,0,60.2407722,1.0941267,0,0.86030364,-0.112376861
211704451,5500,3000,3,0,1500,0,60.0546875,1.08920503,0,0.86626184,-0.115179159
211804411,5500,3000,3,0,1500,0,59.8810997,1.0828625,0,0.867603302,-0.116428927
211904371,5500,3000,3,0,1500,0,59.722393,1.07619798,0,0.873729706,-0.116799846
212004331,5500,3000,3,0,1500,0,59.5777245,1.06971812,0,0.87109077,-0.11361368
212105124,5500,3000,3,0,1500,0,59.438385,1.06384027,0,0.86596477,-0.107672311
212205084,5500,3000,3,0,1500,0,59.2946892,1.05909312,0,0.863722086,-0.104597971
212305044,5500,3000,3,0,1500,0,59.1447449,1.05535829,0,0.861660004,-0.100532889
212405004,5500,3000,3,0,1500,0,58.9953308,1.05182064,0,0.856820822,-0.101224259
212604924,5500,3000,3,0,1500,0,58.7128067,1.04419899,0,0.858740687,-0.102436773
212704884,5500,3000,3,0,1500,0,58.5879745,1.04029942,0,0.860050082,-0.105225511
212804844,5500,3000,3,0,1500,0,58.4740791,1.0364486,0,0.855610967,-0.102369338
212904804,5500,3000,3,0,1500,0,58.3654785,1.03299356,0,0.855617642,-0.101895094
213004764,5500,3000,3,0,1500,0,58.258152,1.03003359,0,0.855606675,-0.0993743092
213104724,5500,3000,3,0,1500,0,58.1514549,1.02751791,0,0.854153335,-0.0979641229
213204684,5500,3000,3,0,1500,0,58.0417862,1.02515972,0,0.85328573,-0.0935594141
213304644,5500,3000,3,0,1500,0,57.9270592,1.02310586,0,0.850960374,-0.0926708356
213404604,5500,3000,3,0,1500,0,57.8135719,1.02118111,0,0.853779435,-0.0940866768
213504564,5500,3000,3,0,1500,0,57.7106476,1.01913381,0,0.856745839,-0.0977800712
213604524,5500,3000,3,0,1500,0,57.6233368,1.01706314,0,0.858811021,-0.100171141
213704484,5500,3000,3,0,1500,0,57.5486298,1.0149616,0,0.855473757,-0.097432144
213804444,5500,3000,3,0,1500,0,57.4744835,1.0130887,0,0.857660711,-0.0947615206
213904404,5500,3000,3,0,1500,0,57.3889351,1.01169407,0,0.857098281,-0.0888741389
214004364,5500,3000,3,0,1500,0,57.2897911,1.01055944,0,0.856191158,-0.0838163346
214104324,5500,3000,3,0,1500,0,57.1854019,1.00953269,0,0.85476613,-0.0846294761
214205117,5500,3000,3,0,1500,0,57.0830688,1.00844455,0,0.857474864,-0.0867610276
214305077,5500,3000,3,0,1500,0,56.9898567,1.0074023,0,0.861001015,-0.0900515839
214405037,5500,3000,3,0,1500,0,56.9107399,1.00635028,0,0.866654456,-0.0927687958
214604957,5500,3000,3,0,1500,0,56.7757149,1.00450766,0,0.866156697,-0.0884092897
214704917,5500,3000,3,0,1500,0,56.712574,1.00381982,0,0.863216877,-0.0866084471
214804877,5500,3000,3,0,1500,0,56.6458473,1.00324571,0,0.865967631,-0.0830646679
214904837,5500,3000,3,0,1500,0,56.5761795,1.00277042,0,0.862862706,-0.0820819139
215004797,5500,3000,3,0,1500,0,56.5057449,1.00233305,0,0.863810658,-0.081493862
215104757,5500,3000,3,0,1500,0,56.4386978,1.00191176,0,0.866979778,-0.0828436017
215204717,5500,3000,3,0,1500,0,56.3813629,1.00156164,0,0.86662519,-0.0849787816
215304677,5500,3000,3,0,1500,0,56.3303719,1.00127351,0,0.86830771,-0.0858194083
215404637,5500,3000,3,0,1500,0,56.2823181,1.00105441,0,0.869557738,-0.0848453566
215504597,5500,3000,3,0,1500,0,56.2342072,1.00084889,0,0.871425271,-0.0846386552
215604557,5500,3000,3,0,1500,0,56.1818199,1.00065935,0,0.871664524,-0.0801273808
215704517,5500,3000,3,0,1500,0,56.1253471,1.00047195,0,0.871267855,-0.0798519403
215804477,5500,3000,3,0,1500,0,56.0679703,1.0003072,0,0.872329593,-0.0781635121
215904437,5500,3000,3,0,1500,0,56.0114746,1.0001744,0,0.871177077,-0.0782862604
216004397,5500,3000,3,0,1500,0,55.9548454,1.00008571,0,0.873662114,-0.0785161033
216104357,5500,3000,3,0,1500,0,55.8995018,1.00004125,0,0.875516355,-0.0764629021
216204317,5500,3000,3,0,1500,0,55.8482475,1.00001371,0,0.873489857,-0.0767208412
216305110,5500,3000,3,0,1500,0,55.8023491,1.00000155,0,0.877669632,-0.0764402598
216405070,5500,3000,3,0,1500,0,55.7622032,1.00000131,0,0.874182463,-0.0769110471
216505030,5500,3000,3,0,1500,0,55.7276154,1.00001192,0,0.877788305,-0.0765456855
216704950,5500,3000,3,0,1500,0,55.6643867,1.00007045,0,0.875958145,-0.0752736256
216804910,5500,3000,3,0,1500,0,55.6308403,1.00011265,0,0.87509203,-0.0729654357
216904870,5500,3000,3,0,1500,0,55.5932693,1.00015843,0,0.87756753,-0.073512584
217004830,5500,3000,3,0,1500,0,55.5539856,1.00020492,0,0.877582431,-0.0721916556
217104790,5500,3000,3,0,1500,0,55.5153885,1.00025749,0,0.87799108,-0.0733613968
217204750,5500,3000,3,0,1500,0,55.4863243,1.00030291,0,0.880623221,-0.0763879046
217304710,5500,3000,3,0,1500,0,55.4719162,1.00037074,0,0.878794789,-0.0785931572
217404670,5500,3000,3,0,1500,0,55.4661827,1.00044036,0,0.878817379,-0.0794065222
217504630,5500,3000,3,0,1500,0,55.4577522,1.00050473,0,0.87864387,-0.0758763775
217604590,5500,3000,3,0,1500,0,55.4413261,1.0005914,0,0.87664938,-0.0735574365
217704550,5500,3000,3,0,1500,0,55.4155121,1.0006721,0,0.876667976,-0.0712082684
217804510,5500,3000,3,0,1500,0,55.3823891,1.00078535,0,0.876450896,-0.0699709952
217904470,5499,3000,3,0,1500,0,55.3450699,1.00090742,0,0.87907517,-0.0705050528
218004430,5499,3000,3,0,1500,0,55.3082428,1.00102258,0,0.881634951,-0.0724767745
218104390,5499,3000,3,0,1500,0,55.2750893,2.0239079,0,0.882790208,-0.0706238076
218204350,5499,3000,3,0,1500,0,55.248539,2.05169225,0,0.883970141,-0.0721658096
218304310,5499,3000,3,0,1500,0,55.2291183,2.07706833,0,0.887811184,-0.0746470839
218405103,5499,3000,3,0,1500,0,55.2196083,2.09506512,0,0.898686409,-0.0735145062
218505063,5499,3000,3,0,1500,0,55.2094917,2.10658097,0,0.919669271,-0.06938833
218605023,5499,3000,3,0,1500,0,55.1901855,2.11617446,0,0.948564768,-0.0611261986
218804943,5499,3000,3,0,1500,0,55.0965233,2.13005424,0,0.912876129,-0.0376086533
218904903,5499,3000,3,0,1500,0,55.0177078,2.13285518,0,0.458827347,-0.0303284358
219004863,5499,3000,3,0,1500,0,54.9245377,2.12935543,0,0.338772267,-0.0529218242
219104823,5499,3000,3,0,1500,0,54.8326988,2.11342335,0,0.439343363,-0.0755661577
219204783,5494,3000,3,0,1500,0,54.7565308,2.08103704,0,0.540411949,-0.098332122
219304743,5478,3000,3,0,1500,0,54.7149239,2.03328133,0,0.642123103,-0.121271603
219404703,5459,3000,3,0,1500,0,54.7089539,1.97439098,0,0.744545817,-0.14441891
219504663,5439,3000,3,0,1500,0,54.7290611,1.91661108,0,0.792005539,-0.167736217
219604623,5417,3000,3,0,1500,0,54.756218,1.87194109,0,0.740333676,-0.191138908
219704583,5393,3000,3,0,1500,0,54.764946,1.84751344,0,0.681555033,-0.209046274
219804543,5370,3000,3,0,1500,0,54.730011,1.84451377,0,0.642219365,-0.191413015
219904503,5346,3000,3,0,1500,0,54.6345367,1.85354829,0,0.619737685,-0.18696712
220004463,5322,3000,3,0,1500,0,54.471096,1.86730206,0,0.622516036,-0.184685007
220104423,5298,3000,3,0,1500,0,54.239151,1.88182664,0,0.645595908,-0.18534711
220204383,5275,3000,3,0,1500,0,53.9478035,1.89236844,0,0.683693409,-0.182690501
220304343,5251,3000,3,0,1500,0,53.6123009,1.8971585,0,0.722139955,-0.175706029
220405136,5227,3000,3,0,1500,0,53.2459335,1.89609122,0,0.758259952,-0.166062891
220505096,5203,3000,3,0,1500,0,52.8547707,1.89024842,0,0.790707827,-0.151846901
220605056,5177,3000,3,0,1500,0,52.4607964,1.88025749,0,0.812214255,-0.142426282
220705016,5151,3000,3,0,1500,0,52.0756187,1.86422443,0,0.829072535,-0.134550199
220904936,5095,3000,3,0,1500,0,51.3652458,1.8156327,0,0.848294318,-0.125901818
221004896,5065,3000,3,0,1500,0,51.0550461,1.78459907,0,0.847957313,-0.126960531
221104856,5034,3000,3,0,1500,0,50.7816315,1.74911904,0,0.846587062,-0.132343963
221204816,5002,3000,3,0,1500,0,50.5405464,1.71076751,0,0.842455387,-0.137450576
221304776,4969,3000,3,0,1500,0,50.3317947,1.67172432,0,0.837650537,-0.14237693
221404736,4935,3000,3,0,1500,0,50.1459694,1.63488138,0,0.824151278,-0.145128295
221504696,4901,3000,3,0,1500,0,49.9719391,1.60252309,0,0.811202645,-0.146813631
221604656,4866,3000,3,0,1500,0,49.7993126,1.5748024,0,0.796674311,-0.148541361
221704616,4831,3000,3,0,1500,0,49.6193352,1.55249691,0,0.783501625,-0.14935407
221804576,4795,3000,3,0,1500,0,49.4277,1.53257823,0,0.77463913,-0.151346534
221904536,4760,3000,3,0,1500,0,49.2238007,1.51484668,0,0.769121945,-0.154419169
222004496,4724,3000,3,0,1500,0,49.0048866,1.49738133,0,0.767115712,-0.154897422
222104456,4688,3000,3,0,1500,0,48.7710075,1.48075128,0,0.765964627,-0.153074697
222204416,4652,3000,3,0,1500,0,48.5208626,1.46354198,0,0.771009445,-0.152098045
222304376,4616,3000,3,0,1500,0,48.2567787,1.44636798,0,0.771796227,-0.150846958
222404336,4580,3000,3,0,1500,0,47.9810448,1.42773271,0,0.777455389,-0.149018958
222505129,4543,3000,3,0,1500,0,47.7023582,1.40638077,0,0.778370857,-0.149967432
222605089,4507,3000,3,0,1500,0,47.4189224,1.38295805,0,0.7829566,-0.148449808
222705049,4470,3000,3,0,1500,0,47.1372986,1.35851645,0,0.781356931,-0.148295969
222805009,4433,3000,3,0,1500,0,46.8559647,1.3329308,0,0.78382504,-0.149852216
223004929,4359,3000,3,0,1500,0,46.301796,1.28170264,0,0.782090783,-0.150389045
223104889,4322,3000,3,0,1500,0,46.0333595,1.25761473,0,0.777549088,-0.150207996
223204849,4284,3000,3,0,1500,0,45.7686005,1.23528528,0,0.774507344,-0.151536167
223304809,4247,3000,3,0,1500,0,45.503643,1.21442699,0,0.774208546,-0.152480796
223404769,4210,3000,3,0,1500,0,45.2363739,1.19507957,0,0.770851731,-0.150713354
223504729,4173,3000,3,0,1500,0,44.9688148,1.17776763,0,0.771476686,-0.151180536
223604689,4136,3000,3,0,1500,0,44.6978722,1.16178823,0,0.768741608,-0.150240526
223704649,3988,3000,4,0,1500,0,44.4199829,1.14726019,0,0.668781638,-0.173525229
223804609,3988,3000,4,0,1500,0,44.1400146,1.13278043,0,0.568821669,-0.196814552
223904569,3988,3000,4,0,1500,0,43.8599854,2.11893415,0,0.468861729,-0.220133096
224004529,3988,3000,4,0,1500,0,43.5700073,2.12726188,0,0.368901759,-0.243529856
224104489,3988,3000,4,0,1500,0,43.25,2.13425899,0,0.289164811,-0.267048985
224204449,3988,3000,4,0,1500,0,42.8800049,2.13355708,0,0.391248763,-0.290730745
224304409,3988,3000,4,0,1500,0,42.4199829,2.12308836,0,0.495959878,-0.314619094
224404369,3988,3000,4,0,1500,0,41.9000244,2.1025002,0,0.527432919,-0.338164985
224504329,3988,3000,4,0,1500,0,41.3400269,2.07706833,0,0.359755874,-0.335288346
224605122,3988,3000,4,0,1500,0,40.75,2.04912972,0,0.460548878,-0.336603165
224705082,3988,3000,4,0,1500,0,40.1799927,2.01648092,0,0.560508847,-0.348043799
224805042,3988,3000,4,0,1500,0,39.6699829,1.973804,0,0.660468817,-0.34906584
224905002,3988,3000,4,0,1500,0,39.2299805,1.9248569,0,0.760428786,-0.34906584
225104922,3988,3000,4,0,1500,0,38.5299683,1.83263195,0,0.960348725,-0.311989665
225204882,3988,3000,4,0,1500,0,38.2399902,1.79995239,0,1,-0.286816835
225304842,3988,3000,4,0,1500,0,37.9400024,1.78000963,0,0.981977582,-0.26178652
225404802,3988,3000,4,0,1500,0,37.6300049,1.77136946,0,1,-0.236956522
225504762,3988,3000,4,0,1500,0,37.3099976,1.76866245,0,0.980489254,-0.212337971
225604722,3988,3000,4,0,1500,0,36.960022,1.76821232,0,1,-0.187930375
225704682,3988,3000,4,0,1500,0,36.5800171,1.76641452,0,0.979058981,-0.163722709
225804642,3988,3000,4,0,1500,0,36.1900024,1.76283216,0,1,-0.139707595
225904602,3988,3000,4,0,1500,0,35.789978,1.75307286,0,0.977977574,-0.115865052
226004562,3950,3000,4,0,1500,0,35.3900146,1.7330941,0,1,-0.0921791494
226104522,3897,3000,4,0,1500,0,35.0299683,1.69966877,0,0.975809932,-0.0686345026
226204482,3842,3000,4,0,1500,0,34.710022,1.65171063,0,1,-0.0452240855
226304442,3786,3000,4,0,1500,0,34.460022,1.59107411,0,0.972664356,-0.0364963524
226404402,3730,3000,4,0,1500,0,34.289978,1.52181017,0,1,-0.0596553609
226504362,3673,3000,4,0,1500,0,34.2000122,1.44610429,0,0.969053745,-0.0827059299
226604322,3615,3000,4,0,1500,0,34.1900024,1.36888802,0,1,-0.105644152
226705115,3556,3000,4,0,1500,0,34.25,1.30122447,0,0.936200857,-0.120668583
226805075,3498,3000,4,0,1500,0,34.3400269,1.25032914,0,0.838594496,-0.127175555
226905035,3440,3000,4,0,1500,0,34.4099731,1.21913803,0,0.738993287,-0.133650914
227104955,3323,3000,4,0,1500,0,34.3900146,1.20059371,0,0.534571171,-0.156594083
227204915,3264,3000,4,0,1500,0,34.2600098,1.20381403,0,0.43190515,-0.178942055
227304875,3206,3000,4,0,1500,0,34.039978,1.20806992,0,0.329854727,-0.201354429
227404835,3148,3000,4,0,1500,0,33.75,1.20993376,0,0.229034543,-0.223897889
227504795,3091,3000,4,0,1500,0,33.4000244,1.20978999,0,0.231307507,-0.24664098
227604755,3035,3000,4,0,1500,0,33,1.20792699,0,0.29846704,-0.269640595
227704715,2981,3000,4,0,1500,0,32.5599976,1.20451903,0,0.40072763,-0.292933226
227804675,2927,3000,4,0,1500,0,32.0599976,1.2014302,0,0.505257607,-0.316502184
227904635,2875,3000,4,0,1500,0,31.5200195,1.19851315,0,0.611714065,-0.314288527
228004595,2825,3000,4,0,1500,0,30.9199829,1.19617379,0,0.643565416,-0.290331423
228104555,2774,3000,4,0,1500,0,30.2799683,1.19263375,0,0.647443771,-0.266273588
228204515,2725,3000,4,0,1500,0,29.5900269,1.18608487,0,0.636412621,-0.242159441
228304475,2675,3000,4,0,1500,0,28.8800049,1.17560244,0,0.641290784,-0.217986465
228404435,2626,3000,4,0,1500,0,28.1699829,1.15987718,0,0.668860078,-0.203479484
228504395,2577,3000,4,0,1500,0,27.4799805,1.1378932,0,0.705873966,-0.209073007
228604355,2527,3000,4,0,1500,0,26.8400269,1.11156309,0,0.742186308,-0.215802521
228704315,2478,3000,4,0,1500,0,26.2700195,1.08444178,0,0.765277147,-0.221950829
228805108,2428,3000,4,0,1500,0,25.7700195,1.0599997,0,0.762410581,-0.226059154
228905068,2378,2422,4,0,1500,0,25.3200073,1.04097939,0,0.740548253,-0.226210326
229005028,2010,2421,4,0,1500,0,24.9099731,1.02815723,0,0.654639006,-0.225019768
229204948,1888,2420,4,0,1500,0,24.0599976,1.01552045,0,0.479023486,-0.228653401
229304908,1828,2420,4,0,1500,0,23.5800171,1.01257741,0,0.389817029,-0.237569183
229404868,1767,2419,4,0,1500,0,23.0800171,1.01032937,0,0.336765885,-0.251069248
229504828,1707,2419,4,0,1500,0,22.5599976,1.008376,0,0.392387837,-0.265721887
229604788,1647,2418,4,0,1500,0,22.0200195,1.0067122,0,0.461406648,-0.274065256
229704748,1589,2418,4,0,1500,0,21.4699707,1.00532544,0,0.513568997,-0.269713998
229804708,1531,2417,4,0,1500,0,20.9000244,1.00405324,0,0.5343014,-0.256690383
229904668,1474,2417,4,0,1500,0,20.3099976,1.00284922,0,0.52618289,-0.242007494
230004628,1418,2417,4,0,1500,0,19.7000122,1.00181556,0,0.508087456,-0.233328894
230104588,1362,2416,4,0,1500,0,19.0800171,1.00092995,0,0.498771608,-0.231737554
230204548,1306,2416,4,0,1500,0,18.4799805,1.00030291,0,0.519346833,-0.235466912
230304508,1250,2416,4,0,1500,0,17.9000244,1.00001371,0,0.546808779,-0.240538225
230404468,1194,2415,4,0,1500,0,17.3499756,1.00009036,0,0.565792441,-0.243050352
230504428,1138,2415,4,0,1500,0,16.8300171,1.00046659,0,0.569308162,-0.242650285
230604388,1083,2415,4,0,1500,0,16.3300171,1.00107861,0,0.570823669,-0.217125192
230704348,0,2414,4,0,1500,0,15.8300171,1.00183678,0,0.570594311,-0.202311382
230805141,0,2414,4,0,1500,0,15.3300171,1.00271857,0,0.591400206,-0.196687505
230905101,0,2413,4,0,1500,0,14.8300171,1.00356376,0,0.649956763,-0.201502532
231005061,0,2413,4,0,1500,0,14.3400269,1.00432622,0,0.747043848,-0.215224311
231105021,0,2412,4,0,1500,0,13.8800049,1.00484717,0,0.857755363,-0.232708961
231304941,0,2412,4,0,1500,0,13.0599976,1.00516355,0,1,-0.257763445
231404901,0,2411,4,0,1500,0,12.6599731,1.00505686,0,0.996347547,-0.250340044
231504861,0,2411,4,0,1500,0,12.2399902,1.00495148,0,0.990298629,-0.231311008
231604821,0,2411,4,0,1500,0,11.7800293,1.00488186,0,1,-0.206167743
231704781,0,2411,4,0,1500,0,11.2999878,1.00488186,0,1,-0.180689827
231804741,0,2411,4,0,1500,0,10.7999878,1.00484717,0,1,-0.159059316
231904701,0,2411,4,0,1500,0,10.2999878,1.00479543,0,1,-0.14352715
232004661,0,2411,4,0,1500,0,9.83001709,1.00470996,0,1,-0.135092974
232104621,0,2411,4,0,1500,0,9.40997314,1.00457454,0,1,-0.133296385
232204581,0,2411,4,0,1500,0,9.05999756,1.00437534,0,1,-0.136341706
232304541,0,2411,4,0,1500,0,8.76000977,1.00413263,0,1,-0.140833229
232404501,0,2411,4,0,1500,0,8.52001953,1.00386596,0,1,-0.144245222
232504461,0,2411,4,0,1500,0,8.29998779,1.00363815,0,1,-0.143647119
232604421,0,2411,4,0,1500,0,8.09997559,1.00346088,0,1,-0.138422504
232704381,0,2411,4,0,1500,0,7.89001465,1.00334525,0,1,-0.128161535
232804341,0,2411,4,0,1500,0,7.66998291,1.00330234,0,1,-0.11428874
232905134,0,2410,4,0,1500,0,7.42999268,1.00330234,0,1,-0.0986019149
233005094,0,2410,4,0,1500,0,7.17999268,1.00331664,0,1,-0.0831512809
233105054,0,2410,4,0,1500,0,6.92999268,1.00333095,0,1,-0.0702379197
233205014,0,2410,4,0,1500,0,6.67999268,1.00334525,0,1,-0.0604303777
233404934,0,2410,4,0,1500,0,6.27001953,1.00323153,0,1,-0.0529672094
233504894,0,2410,4,0,1500,0,6.10998535,1.00311983,0,1,-0.0534962676
233604854,0,2410,4,0,1500,0,5.98999023,1.00298297,0,1,-0.0541624501
233704814,0,2409,4,0,1500,0,5.89001465,1.00284922,0,1,-0.0528660975
233804774,0,2409,4,0,1500,0,5.80999756,1.00273144,0,1,-0.0496195406
233904734,0,2409,4,0,1500,0,5.72998047,1.00264156,0,1,-0.0434704535
234004694,0,2409,4,0,1500,0,5.64001465,1.00257838,0,1,-0.0345525332
234104654,0,2409,4,0,1500,0,5.54998779,1.00254083,0,1,-0.0239618309
234204614,0,2409,4,0,1500,0,5.45001221,1.00252831,0,1,-0.0126379319
234304574,0,2409,4,0,1500,0,5.34002686,1.0025034,0,1,-0.00193368096
234404534,0,2409,4,0,1500,0,5.22998047,1.00246644,0,1,0.00678903144
234504494,0,2408,4,0,1500,0,5.13000488,1.0024296,0,1,0.012436579
234604454,0,2408,4,0,1500,0,5.03997803,1.00238109,0,1,0.0150303552
234704414,0,2408,4,0,1500,0,4.9699707,1.00228548,0,1,0.0146142822
234804374,0,2408,4,0,1500,0,4.91998291,1.00219178,0,1,0.012035748
234904334,0,2408,4,0,1500,0,4.88000488,1.00207746,0,1,0.00917723309
235005127,0,2408,4,4.7099781,1500,0,4.85998535,1.00197721,0,1,0.00472964859
235105087,0,2408,4,4.78566122,1500,0,4.84002686,1.00187945,0,1,-0.00108514295
235205047,0,2407,4,5.21282816,1500,0,4.82000732,1.00181556,0,1,-0.00472156145
235305007,0,2407,4,5.89283514,1500,0,4.78997803,1.00176334,0,1,-0.00551491277
235504927,0,2407,4,7.70483732,1500,0,4.67999268,1.00172198,0,1,0.000817363732
235604887,0,2407,4,8.72224045,1500,0,4.60998535,1.00171173,0,1,0.00602766359
235704847,0,2407,4,9.79448891,1500,0,4.5300293,1.00171173,0,1,0.0114108603
235804807,0,2406,4,10.8787928,1500,0,4.44000244,1.00169134,0,1,0.0158746857
235904767,0,2406,4,11.97756,1500,0,4.34997559,1.00167108,0,1,0.0186028592
236004727,0,2406,4,13.0716085,1500,0,4.26000977,1.00164092,0,1,0.0192321166
236104687,0,2406,4,14.1689835,1500,0,4.17999268,1.00160098,0,1,0.0175140239
236204647,0,2406,4,15.2650738,1500,0,4.10998535,1.00153255,0,1,0.0141349733
236304607,0,2406,4,16.3571835,1500,0,4.03997803,1.00146544,0,1,0.0104893902
236404567,0,2406,4,17.4440632,1500,0,3.98999023,1.00139999,0,1,0.0069398093
236504527,0,2405,4,18.5128937,1500,0,3.94000244,1.00132692,0,1,0.0050329566
236604487,0,2405,4,19.5850582,1500,0,3.89001465,1.00127351,0,1,0.00523605663
236704447,0,2405,4,20.6374493,1500,0,3.83001709,1.00122976,0,1,0.00814219378
236804407,0,2405,4,21.69203,1500,0,3.76000977,1.00119531,0,1,0.0135482093
236904367,0,2405,4,22.736927,1500,0,3.67999268,1.0011698,0,1,0.0208216701
237004327,0,2405,4,23.7716923,1500,0,3.59997559,1.00114453,0,1,0.028096417
237105120,0,2405,4,24.7965412,1500,0,3.5,1.00111139,0,1,0.0353446491
237205080,0,2404,4,25.832922,1500,0,3.40997314,1.00108671,0,1,0.040474873
237305040,0,2404,4,26.8590298,1500,0,3.32000732,1.00104642,0,1,0.0430766158
237405000,0,2404,4,27.8747845,1500,0,3.23999023,1.00100684,0,1,0.0426563919
237604920,0,2403,4,29.9058285,1500,0,3.10998535,1.00090742,0,1,0.0361274928
237704880,0,2403,4,30.9097042,1500,0,3.05999756,1.00084889,0,1,0.0319118798
237804840,0,2403,4,31.9028149,1500,0,3.02001953,1.00079226,0,1,0.0287844539
237904800,0,2403,4,32.8731766,1500,0,2.97998047,1.00074434,0,1,0.0283315759
238004760,0,2403,4,33.8317871,1500,0,2.92999268,1.00069797,0,1,0.0313638225
238104720,0,2402,4,34.7794991,1500,0,2.86999512,1.00066566,0,1,0.0379575975
238204680,0,2402,4,35.7273827,1500,0,2.80999756,1.00063419,0,1,0.0466414057
238304640,0,2402,4,36.6523132,1500,0,2.72998047,1.00060952,0,1,0.0571395122
238404600,0,2402,4,37.5763893,1500,0,2.65002441,1.0005914,0,1,0.0669860095
238504560,0,2402,4,38.5015335,1500,0,2.55999756,1.00056171,0,1,0.0752125233
238604520,0,2401,4,39.4137077,1500,0,2.4699707,1.00053859,0,1,0.0806984454
238704480,0,2401,4,40.3269501,1500,0,2.39001465,1.00050473,0,1,0.0824007243
238804440,0,2401,4,41.2281761,1500,0,2.32000732,1.00047195,0,1,0.0809325576
238904400,0,2401,4,42.1173553,1500,0,2.27001953,1.00043523,0,1,0.0766875595
239004360,0,2401,4,43.0065651,1500,0,2.22998047,1.00039494,0,1,0.0712698102
239104320,0,2400,4,43.8847427,1500,0,2.20001221,1.00036132,0,1,0.0666728243
239205113,0,2400,4,44.750843,1500,0,2.16998291,1.00032914,0,1,0.0645206794
239305073,0,2400,4,45.6058998,1500,0,2.14001465,1.00029862,0,1,0.065919973
239405033,0,2400,4,46.4599152,1500,0,2.10998535,1.00027764,0,1,0.0715287998
239604953,0,2400,4,48.1458549,1500,0,2.01000977,1.00023806,0,1,0.0943609551
239704913,0,2400,4,48.9767113,1500,0,1.92999268,1.00022674,0,1,0.109148555
239804873,0,2400,4,49.8075714,1500,0,1.84997559,1.00021207,0,1,0.123135462
239904833,0,2400,4,50.6273766,1500,0,1.77001953,1.00019801,0,1,0.13599126
240004793,0,2400,4,51.4582405,1500,0,1.67999268,1.0001843,0,1,0.148891896
240104753,0,2400,4,52.2659225,1500,0,1.58001709,1.00017118,0,1,0.161362022
240204713,0,2400,4,53.0746841,1500,0,1.48999023,1.00015545,0,1,0.172503501
240304673,0,2400,4,53.8812904,1500,0,1.40997314,1.00014329,0,1,0.172462732
240404633,0,2400,4,54.6779175,1500,0,1.32000732,1.00012612,0,1,0.173266992
240504593,0,2400,4,55.4734688,1500,0,1.23999023,1.00011528,0,1,0.174259678
240604553,0,2400,4,56.2700996,1500,0,1.15997314,1.0001024,0,1,0.17453292
240704513,0,2400,4,57.0545998,1500,0,1.08001709,1.00009274,0,1,0.17453292
240804473,0,2400,4,57.8380203,1500,0,1.01000977,1.00008345,0,1,0.17453292
240904433,0,2400,4,58.6114655,1500,0,0.940002441,1.0000726,0,1,0.17453292
241004393,0,2400,4,59.3838348,1500,0,0.859985352,1.00006437,0,1,0.17453292
241104353,0,2400,4,60.15728,1500,0,0.789978027,1.00005674,0,1,0.17453292
241204313,0,2400,4,60.9185982,1500,0,0.719970703,1.00005126,0,1,0.17453292
241305106,0,2400,4,61.7020226,1500,0,0.640014648,1.00004447,0,1,0.17453292
241405066,0,2400,4,62.4633446,1500,0,0.559997559,1.00003815,0,1,0.17453292
241505026,0,2400,4,63.2357178,1500,0,0.469970703,1.00003362,0,1,0.17453292
241704946,0,2400,4,64.7683487,1500,0,0.289978027,1.00002444,0,1,0.17453292
241804906,0,2400,4,65.5286102,1500,0,0.190002441,1.00002086,0,1,0.17453292
241904866,0,2400,4,66.2899399,1500,0,0.0800170898,1.00001657,0,1,0.17453292
242004826,0,2400,4,67.050209,1500,0,0,1.00001466,0,1,0.17453292
242104786,0,2400,4,67.7651978,1500,0,0.0100097656,1.00000608,0,1,0.13866441
242204746,0,2400,4,68.4580765,1500,0,0.049987793,1.00000226,0,1,0.130403608
242304706,0,2400,4,69.1177902,1500,0,0.0800170898,1.00000226,0,1,0.140365154
242404666,0,2400,4,69.7432861,1500,0,0.0800170898,1.00000393,0,1,0.152520448
242504626,0,2400,4,70.3466721,1500,0,0.0800170898,1.00000548,0,1,0.159390777
242604586,0,2400,4,70.927948,1500,0,0.0700073242,1.00000679,0,1,0.162460417
242704546,0,2400,4,71.487114,1500,0,0.0700073242,1.00000739,0,1,0.162903011
242804506,0,2400,4,72.0241623,1500,0,0.0700073242,1.00000882,0,1,0.164258584
242904466,0,2400,4,72.5491028,1500,0,0.0700073242,1.00000954,0,1,0.167314947
243004426,0,2400,4,73.0408783,1500,0,0.0700073242,1.00000954,0,1,0.171211094
243104386,0,2400,4,73.5215988,1500,0,0.0700073242,1.00001037,0,1,0.169323891
243204346,0,2400,4,73.9802017,1500,0,0.0700073242,1.00001109,0,1,0.174357235
243305139,0,2400,4,74.4267044,1500,0,0.0700073242,1.00001192,0,1,0.171175614
243405099,0,2400,4,74.8631897,1500,0,0.0700073242,1.00001192,0,1,0.16868943
243505059,0,2400,4,75.2765198,1500,0,0.0700073242,1.00001287,0,1,0.173317268
243605019,0,2400,4,75.6787949,1500,0,0.0700073242,1.00001287,0,1,0.169529259
243804939,0,2400,4,76.4501648,1500,0,0.0700073242,1.00001371,0,1,0.168869153
243904899,0,2400,4,76.8082047,1500,0,0.0700073242,1.00001466,0,1,0.172465324
244004859,0,2400,4,77.1652145,1500,0,0.0700073242,1.00001466,0,1,0.169070378
244104819,0,2400,4,77.5011292,1500,0,0.0700073242,1.00001466,0,1,0.173476174
244204779,0,2400,4,77.8360214,1500,0,0.0599975586,1.00001562,0,1,0.167619944
244304739,0,2400,4,78.1487885,1500,0,0.0700073242,1.00001562,0,1,0.167626649
244404699,0,2400,4,78.4505005,1500,0,0.0700073242,1.00001562,0,1,0.162320346
244504659,0,2400,4,78.7411499,1500,0,0.0700073242,1.00001562,0,1,0.155987516
244604619,0,2400,4,79.0207443,1500,0,0.0700073242,1.00001562,0,1,0.149848536
244704579,0,2400,4,79.3003311,1500,0,0.0700073242,1.00001562,0,1,0.143461019
244804539,0,2400,4,79.556778,1500,0,0.0700073242,1.00001562,0,1,0.136898622
244904499,0,2400,4,79.8142471,1500,0,0.0700073242,1.00001562,0,1,0.130684718
245004459,0,2400,4,80.0606613,1500,0,0.0700073242,1.00001562,0,1,0.124433458
245104419,0,2400,4,80.3060455,1500,0,0.0700073242,1.00001657,0,1,0.117588662
245204379,0,2400,4,80.5293121,1500,0,0.0700073242,1.00001562,0,1,0.110768862
245304339,0,2400,4,80.7525787,1500,0,0.0599975586,1.00001562,0,1,0.104156666
245405132,0,2400,4,80.9768677,1500,0,0.0599975586,1.00001562,0,1,0.0972085074
245505092,0,2400,4,81.1890717,1500,0,0.0599975586,1.00001657,0,1,0.0905847698
245605052,0,2400,4,81.390213,1500,0,0.0599975586,1.00001657,0,1,0.0841956213
245705012,0,2400,4,81.591362,1500,0,0.049987793,1.00001657,0,1,0.0778276548
245904932,0,2400,4,81.9594421,1500,0,0.049987793,1.00001562,0,1,0.0645176247
246004892,0,2400,4,82.1495285,1500,0,0.0399780273,1.00001562,0,1,0.0578392446
246104852,0,2400,4,82.3174896,1500,0,0.0399780273,1.00001562,0,1,0.0509076789
246204812,0,2400,4,82.4854507,1500,0,0.0300292969,1.00001562,0,1,0.0437833853
246304772,0,2400,4,82.6523895,1500,0,0.0300292969,1.00001562,0,1,0.0366016962
246404732,0,2400,4,82.8092957,1500,0,0.0300292969,1.00001466,0,1,0.0291868746
246504692,0,2400,4,82.9651718,1500,0,0.0300292969,1.00001562,0,1,0.0214952454
246604652,0,2400,4,83.1110153,1500,0,0.0200195312,1.00001466,0,1,0.0170039572
246704612,0,2400,4,83.2447739,1500,0,0.0200195312,1.00001466,0,1,0.0170039572
246804572,0,2400,4,83.389595,1500,0,0.0200195312,1.00001466,0,1,0.0170039572
246904532,0,2400,4,83.5243683,1500,0,0.0200195312,1.00001466,0,1,0.0170039572
247004492,0,2400,4,83.6470642,1500,0,0.0200195312,1.00001466,0,1,0.0170039572
247104452,0,2400,4,83.7808228,1500,0,0.0200195312,1.00001466,0,1,0.0170039572
247204412,0,2400,4,83.8934784,1500,0,0.0100097656,1.00001371,0,1,0.0172286239
247304372,0,2400,4,84.0161743,1500,0,0.0100097656,1.00001466,0,1,0.0172286239
247404332,0,2400,4,84.1278076,1500,0,0.0100097656,1.00001466,0,1,0.0172286239
247505125,0,2400,4,84.2394485,1500,0,0.0100097656,1.00001371,0,1,0.0172286239
247605085,0,2400,4,84.3510818,1500,0,0.0100097656,1.00001371,0,1,0.0172286239
247705045,0,2400,4,84.4516525,1500,0,0.0100097656,1.00001371,0,1,0.0172286239
247805005,0,2400,4,84.5522308,1500,0,0.0100097656,1.00001371,0,1,0.0172286239
248004925,0,2400,4,84.7533798,1500,0,0,1.00001287,0,1,0.0174532924
248104885,0,2400,4,84.8428879,1500,0,0,1.00001287,0,1,0.0174532924
248204845,0,2400,4,84.9324036,1500,0,0,1.00001287,0,1,0.0174532924
248304805,0,2400,4,85.0209045,1500,0,0,1.00001287,0,1,0.0174532924
248404765,0,2400,4,85.1104126,1500,0,0.0100097656,1.00001287,0,1,0.0172286239
248504725,0,2400,4,85.1888657,1500,0,0.0100097656,1.00001287,0,1,0.0172286239
248604685,0,2400,4,85.2673111,1500,0,0.0100097656,1.00001287,0,1,0.0172286239
248704645,0,2400,4,85.3457642,1500,0,0.0100097656,1.00001287,0,1,0.0172286239
248804605,0,2400,4,85.4232025,1500,0,0.0200195312,1.00001287,0,1,0.0170039572
248904565,0,2400,4,85.4905853,1500,0,0.0200195312,1.00001192,0,1,0.0170039572
249004525,0,2400,4,85.5579758,1500,0,0.0200195312,1.00001192,0,1,0.0170039572
249104485,0,2400,4,85.6354141,1500,0,0.0200195312,1.00001287,0,1,0.0170039572
249204445,0,2400,4,85.6917343,1500,0,0.0200195312,1.00001192,0,1,0.0170039572
249304405,0,2400,4,85.7591248,1500,0,0.0100097656,1.00001192,0,1,0.0172286239
249404365,0,2400,4,85.8255005,1500,0,0.0100097656,1.00001192,0,1,0.0172286239
249504325,0,2400,4,85.8818207,1500,0,0.0200195312,1.00001192,0,1,0.0170039572
249605118,0,2400,4,85.9371338,1500,0,0.0200195312,1.00001192,0,1,0.0170039572
249705078,0,2400,4,85.9934616,1500,0,0.0200195312,1.00001192,0,1,0.0170039572
249805038,0,2400,4,86.0497818,1500,0,0.0200195312,1.00001192,0,1,0.0170039572
250004958,0,2400,4,86.1503601,1500,0,0.0200195312,1.00001192,0,1,0.0170039572
250104918,0,2400,4,86.2056732,1500,0,0.0200195312,1.00001192,0,1,0.0170039572
250204878,0,2400,4,86.2509308,1500,0,0.0200195312,1.00001192,0,1,0.0170039572
250304838,0,2400,4,86.2951889,1500,0,0.0200195312,1.00001287,0,1,0.0170039572
250404798,0,2400,4,86.3515091,1500,0,0.0200195312,1.00001192,0,1,0.0170039572
250504758,0,2400,4,86.3957596,1500,0,0.0200195312,1.00001287,0,1,0.0170039572
250604718,0,2400,4,86.4299622,1500,0,0.0200195312,1.00001192,0,1,0.0170039572
250704678,0,2400,4,86.4742126,1500,0,0.0200195312,1.00001287,0,1,0.0170039572
250804638,0,2400,4,86.5184631,1500,0,0.0200195312,1.00001287,0,1,0.0170039572
250904598,0,2400,4,86.5526581,1500,0,0.0200195312,1.00001192,0,1,0.0170039572
251004558,0,2400,4,86.5858459,1500,0,0.0200195312,1.00001287,0,1,0.0170039572
251104518,0,2400,4,86.6311111,1500,0,0.0200195312,1.00001192,0,1,0.0170039572
251204478,0,2400,4,86.664299,1500,0,0.0200195312,1.00001287,0,1,0.0170039572
251304438,0,2400,4,86.6974869,1500,0,0.0200195312,1.00001287,0,1,0.0170039572
251404398,0,2400,4,86.7316818,1500,0,0.0200195312,1.00001287,0,1,0.0170039572
251504358,0,2400,4,86.7648697,1500,0,0.0200195312,1.00001287,0,1,0.0170039572
251604318,0,2400,4,86.7980652,1500,0,0.0200195312,1.00001287,0,1,0.0170039572
251705111,0,2400,4,86.8322601,1500,0,0.0200195312,1.00001287,0,1,0.0170039572
251805071,0,2400,4,86.8543854,1500,0,0.0200195312,1.00001287,0,1,0.0170039572
251905031,0,2400,4,86.8875732,1500,0,0.0200195312,1.00001287,0,1,0.0170039572
252104951,0,2400,4,86.9438934,1500,0,0.0100097656,1.00001287,0,1,0.0172286239
252204911,0,2400,4,86.9660263,1500,0,0.0100097656,1.00001287,0,1,0.0172286239
252304871,0,2400,4,86.9881516,1500,0,0.0100097656,1.00001287,0,1,0.0172286239
252404831,0,2400,4,87.0213394,1500,0,0.0100097656,1.00001287,0,1,0.0172286239
