time_us,out_tpd,out_pmin,out_pmax,out_nav,out_trm,out_thr,out_kff,out_dem,out_ps,out_ae
24064537,0,-1999,2500,-200,0,0,0,-200,0,-200
24084529,0,-1999,2500,-200,0,0,0,-200,0,-200
24104521,0,-1999,2500,-200,0,0,0,-200,0,-200
24124513,0,-1999,2500,-200,0,0,0,-200,0,-200
24144505,0,-1999,2500,-200,0,0,0,-200,0,-200
24164497,0,-1999,2500,-200,0,0,0,-200,0,-200
24184489,0,-1999,2500,-200,0,0,0,-200,0,-200
24204481,0,-1999,2500,-200,0,0,0,-200,0,-200
24224473,0,-1999,2500,-200,0,0,0,-200,0,-200
24244465,0,-1999,2500,-200,0,0,0,-200,0,-200
24264457,0,-1999,2500,-200,0,0,0,-200,0,-200
24284449,0,-1999,2500,-200,0,0,0,-200,0,-200
24304441,0,-1999,2500,-200,0,0,0,-200,0,-200
24324433,0,-1999,2500,-200,0,0,0,-200,0,-200
24344425,0,-1999,2500,-200,0,0,0,-200,0,-200
24364417,0,-1999,2500,-200,0,0,0,-200,0,-200
24384409,0,-1999,2500,-200,0,0,0,-200,0,-200
24404401,0,-1999,2500,-200,0,0,0,-200,0,-200
24424393,0,-1999,2500,-200,0,0,0,-200,0,-200
24444385,0,-1999,2500,-200,0,0,0,-200,0,-200
24464377,0,-1999,2500,-200,0,0,0,-200,0,-200
24484369,0,-1999,2500,-200,0,0,0,-200,0,-200
24504361,0,-1999,2500,-200,0,0,0,-200,0,-200
24524353,0,-1999,2500,-200,0,0,0,-200,0,-200
24544345,0,-1999,2500,-200,0,0,0,-200,0,-200
24564337,0,-1999,2500,-200,0,0,0,-200,0,-200
24584329,0,-1999,2500,-200,0,0,0,-200,0,-200
24604321,0,-1999,2500,-200,0,0,0,-200,0,-200
24624313,0,-1999,2500,-200,0,0,0,-200,0,-200
24645138,0,-1999,2500,-200,0,0,0,-200,0,-200
24665130,0,-1999,2500,-200,0,0,0,-200,0,-200
24685122,0,-1999,2500,-200,0,0,0,-200,0,-200
24705114,0,-1999,2500,-200,0,0,0,-200,0,-200
24725106,0,-1999,2500,-200,0,0,0,-200,0,-200
24745098,0,-1999,2500,-200,0,0,0,-200,0,-200
24765090,0,-1999,2500,-200,0,0,0,-200,0,-200
24785082,0,-1999,2500,-200,0,0,0,-200,0,-200
24805074,0,-1999,2500,-200,0,0,0,-200,0,-200
24825066,0,-1999,2500,-200,0,0,0,-200,0,-200
24845058,0,-1999,2500,-200,0,0,0,-200,0,-200
24865050,0,-1999,2500,-200,0,0,0,-200,0,-200
24885042,0,-1999,2500,-200,0,0,0,-200,0,-200
24905034,0,-1999,2500,-200,0,0,0,-200,0,-200
24925026,0,-1999,2500,-200,0,0,0,-200,0,-200
24945018,0,-1999,2500,-200,0,0,0,-200,0,-200
24965010,0,-1999,2500,-200,0,0,0,-200,0,-200
24985002,0,-1999,2500,-200,0,0,0,-200,0,-200
25004994,0,-1999,2500,-200,0,0,0,-200,0,-200
25024986,0,-1999,2500,-200,0,0,0,-200,0,-200
25044978,0,-1999,2500,-200,0,0,0,-200,0,-200
25064970,0,-1999,2500,-200,0,0,0,-200,0,-200
25084962,0,-1999,2500,-200,0,0,0,-200,0,-200
25104954,0,-1999,2500,-200,0,0,0,-200,0,-200
25124946,0,-1999,2500,-200,0,0,0,-200,0,-200
25144938,0,-1999,2500,-200,0,0,0,-200,0,-200
25164930,0,-1999,2500,-200,0,0,0,-200,0,-200
25184922,0,-1999,2500,-200,0,0,0,-200,0,-200
25204914,0,-1999,2500,-200,0,0,0,-200,0,-200
25224906,0,-1999,2500,-200,0,0,0,-200,0,-200
25244898,0,-1999,2500,-200,0,0,0,-200,0,-200
25264890,0,-1999,2500,-200,0,0,0,-200,0,-200
25284882,0,-1999,2500,-200,0,0,0,-200,0,-200
25304874,0,-1999,2500,-200,0,0,0,-200,0,-200
25324866,0,-1999,2500,-200,0,0,0,-200,0,-200
25344858,0,-1999,2500,-200,0,0,0,-200,0,-200
25364850,0,-1999,2500,-200,0,0,0,-200,0,-200
25384842,0,-1999,2500,-200,0,0,0,-200,0,-200
25404834,0,-1999,2500,-200,0,0,0,-200,0,-200
25424826,0,-1999,2500,-200,0,0,0,-200,0,-200
25444818,0,-1999,2500,-200,0,0,0,-200,0,-200
25464810,0,-1999,2500,-200,0,0,0,-200,0,-200
25484802,0,-1999,2500,-200,0,0,0,-200,0,-200
25504794,0,-1999,2500,-200,0,0,0,-200,0,-200
25524786,0,-1999,2500,-200,0,0,0,-200,0,-200
25544778,0,-1999,2500,-200,0,0,0,-200,0,-200
25564770,0,-1999,2500,-200,0,0,0,-200,0,-200
25584762,0,-1999,2500,-200,0,0,0,-200,0,-200
25604754,0,-1999,2500,-200,0,0,0,-200,0,-200
25624746,0,-1999,2500,-200,0,0,0,-200,0,-200
25644738,0,-1999,2500,-200,0,0,0,-200,0,-200
25664730,0,-1999,2500,-200,0,0,0,-200,0,-200
25684722,0,-1999,2500,-200,0,0,0,-200,0,-200
25704714,0,-1999,2500,-200,0,0,0,-200,0,-200
25724706,0,-1999,2500,-200,0,0,0,-200,0,-200
25744698,0,-1999,2500,-200,0,0,0,-200,0,-200
25764690,0,-1999,2500,-200,0,0,0,-200,0,-200
25784682,0,-1999,2500,-200,0,0,0,-200,0,-200
25804674,0,-1999,2500,-200,0,0,0,-200,0,-200
25824666,0,-1999,2500,-200,0,0,0,-200,0,-200
25844658,0,-1999,2500,-200,0,0,0,-200,0,-200
25864650,0,-1999,2500,-200,0,0,0,-200,0,-200
25884642,0,-1999,2500,-200,0,0,0,-200,0,-200
25904634,0,-1999,2500,-200,0,0,0,-200,0,-200
25924626,0,-1999,2500,-200,0,0,0,-200,0,-200
25944618,0,-1999,2500,-200,0,0,0,-200,0,-200
25964610,0,-1999,2500,-200,0,0,0,-200,0,-200
25984602,0,-1999,2500,-200,0,0,0,-200,0,-200
26004594,0,-1999,2500,-200,0,0,0,-200,0,-200
26024586,0,-1999,2500,-200,0,0,0,-200,0,-200
26044578,0,-1999,2500,-200,0,0,0,-200,0,-200
26064570,0,-1999,2500,-200,0,0,0,-200,0,-200
26084562,0,-1999,2500,-200,0,0,0,-200,0,-200
26104554,0,-1999,2500,-200,0,0,0,-200,0,-200
26124546,0,-1999,2500,-200,0,0,0,-200,0,-200
26144538,0,-1999,2500,-200,0,0,0,-200,0,-200
26164530,0,-1999,2500,-200,0,0,0,-200,0,-200
26184522,0,-1999,2500,-200,0,0,0,-200,0,-200
26204514,0,-1999,2500,-200,0,0,0,-200,0,-200
26224506,0,-1999,2500,-200,0,0,0,-200,0,-200
26244498,0,-1999,2500,-200,0,0,0,-200,0,-200
26264490,0,-1999,2500,-200,0,0,0,-200,0,-200
26284482,0,-1999,2500,-200,0,0,0,-200,0,-200
26304474,0,-1999,2500,-200,0,0,0,-200,0,-200
26324466,0,-1999,2500,-200,0,0,0,-200,0,-200
26344458,0,-1999,2500,-200,0,0,0,-200,0,-200
26364450,0,-1999,2500,-200,0,0,0,-200,0,-200
26384442,0,-1999,2500,-200,0,0,0,-200,0,-200
26404434,0,-1999,2500,-200,0,0,0,-200,0,-200
26424426,0,-1999,2500,-200,0,0,0,-200,0,-200
26444418,0,-1999,2500,-200,0,0,0,-200,0,-200
26464410,0,-1999,2500,-200,0,0,0,-200,0,-200
26484402,0,-1999,2500,-200,0,0,0,-200,0,-200
26504394,0,-1999,2500,-200,0,0,0,-200,0,-200
26524386,0,-1999,2500,-200,0,0,0,-200,0,-200
26544378,0,-1999,2500,-200,0,0,0,-200,0,-200
26564370,0,-1999,2500,-200,0,0,0,-200,0,-200
26584362,0,-1999,2500,-200,0,0,0,-200,0,-200
26604354,0,-1999,2500,-200,0,0,0,-200,0,-200
26624346,0,-1999,2500,-200,0,0,0,-200,0,-200
26644338,0,-1999,2500,-200,0,0,0,-200,0,-200
26664330,0,-1999,2500,-200,0,0,0,-200,0,-200
26684322,0,-1999,2500,-200,0,0,0,-200,0,-200
26704314,0,-1999,2500,-200,0,0,0,-200,0,-200
26725139,0,-1999,2500,-200,0,0,0,-200,0,-200
26745131,0,-1999,2500,-200,0,0,0,-200,0,-200
26765123,0,-1999,2500,-200,0,0,0,-200,0,-200
26785115,0,-1999,2500,-200,0,0,0,-200,0,-200
26805107,0,-1999,2500,-200,0,0,0,-200,0,-200
26825099,0,-1999,2500,-200,0,0,0,-200,0,-200
26845091,0,-1999,2500,-200,0,0,0,-200,0,-200
26865083,0,-1999,2500,-200,0,0,0,-200,0,-200
26885075,0,-1999,2500,-200,0,0,0,-200,0,-200
26905067,0,-1999,2500,-200,0,0,0,-200,0,-200
26925059,0,-1999,2500,-200,0,0,0,-200,0,-200
26945051,0,-1999,2500,-200,0,0,0,-200,0,-200
26965043,0,-1999,2500,-200,0,0,0,-200,0,-200
26985035,0,-1999,2500,-200,0,0,0,-200,0,-200
27005027,0,-1999,2500,-200,0,0,0,-200,0,-200
27025019,0,-1999,2500,-200,0,0,0,-200,0,-200
27045011,0,-1999,2500,-200,0,0,0,-200,1,-201
27065003,0,-1999,2500,-200,0,0,0,-200,1,-201
27084995,0,-1999,2500,-200,0,0,0,-200,0,-200
27104987,0,-1999,2500,-200,0,0,0,-200,1,-201
27124979,0,-1999,2500,-200,0,0,0,-200,1,-201
27144971,0,-1999,2500,-200,0,0,0,-200,1,-201
27164963,0,-1999,2500,-200,0,0,0,-200,1,-201
27184955,0,-1999,2500,-200,0,0,0,-200,1,-201
27204947,0,-1999,2500,-200,0,0,0,-200,1,-201
27224939,0,-1999,2500,-200,0,0,0,-200,1,-201
27244931,0,-1999,2500,-200,0,0,0,-200,1,-201
27264923,0,-1999,2500,1300,0,0,0,1300,1,1299
27284915,0,-1999,2500,1300,0,0,0,1300,1,1299
27304907,0,-1999,2500,1300,0,0,0,1300,1,1299
27324899,0,-1999,2500,1300,0,0,0,1300,1,1299
27344891,0,-1999,2500,1300,0,0,0,1300,1,1299
27364883,0,-1999,2500,1300,0,0,0,1300,1,1299
27384875,0,-1999,2500,1300,0,0,0,1300,1,1299
27404867,0,-1999,2500,1300,0,0,0,1300,1,1299
27424859,0,-1999,2500,1300,0,0,0,1300,1,1299
27444851,0,-1999,2500,1300,0,0,0,1300,1,1299
27464843,0,-1999,2500,1300,0,0,0,1300,1,1299
27484835,0,-1999,2500,1420,0,30,0,1420,1,1419
27504827,0,-1999,2500,1420,0,30,0,1420,1,1419
27524819,0,-1999,2500,1420,0,30,0,1420,1,1419
27544811,0,-1999,2500,1420,0,30,0,1420,1,1419
27564803,0,-1999,2500,1420,0,30,0,1420,1,1419
27584795,0,-1999,2500,1420,0,30,0,1420,1,1419
27604787,0,-1999,2500,1420,0,30,0,1420,1,1419
27624779,0,-1999,2500,1420,0,30,0,1420,1,1419
27644771,0,-1999,2500,1420,0,30,0,1420,1,1419
27664763,0,-1999,2500,1420,0,30,0,1420,1,1419
27684755,0,-1999,2500,1420,0,30,0,1420,1,1419
27704747,0,-1999,2500,1420,0,30,0,1420,1,1419
27724739,0,-1999,2500,1420,0,30,0,1420,1,1419
27744731,0,-1999,2500,1420,0,30,0,1420,1,1419
27764723,0,-1999,2500,1420,0,30,0,1420,0,1420
27784715,0,-1999,2500,1420,0,30,0,1420,0,1420
27804707,0,-1999,2500,1420,0,30,0,1420,0,1420
27824699,0,-1999,2500,1420,0,30,0,1420,0,1420
27844691,0,-1999,2500,1420,0,30,0,1420,0,1420
27864683,0,-1999,2500,1420,0,30,0,1420,0,1420
27884675,0,-1999,2500,1420,0,30,0,1420,0,1420
27904667,0,-1999,2500,1420,0,30,0,1420,0,1420
27924659,0,-1999,2500,1420,0,30,0,1420,0,1420
27944651,0,-1999,2500,1420,0,30,0,1420,0,1420
27964643,0,-1999,2500,1420,0,30,0,1420,0,1420
27984635,0,-1999,2500,1420,0,30,0,1420,0,1420
28004627,0,-1999,2500,1420,0,30,0,1420,0,1420
28024619,0,-1999,2500,1420,0,30,0,1420,0,1420
28044611,0,-1999,2500,1420,0,30,0,1420,0,1420
28064603,0,-1999,2500,1420,0,30,0,1420,0,1420
28084595,0,-1999,2500,1420,0,30,0,1420,0,1420
28104587,0,-1999,2500,1420,0,30,0,1420,0,1420
28124579,0,-1999,2500,1420,0,30,0,1420,0,1420
28144571,0,-1999,2500,1420,0,30,0,1420,0,1420
28164563,0,-1999,2500,1420,0,30,0,1420,0,1420
28184555,0,-1999,2500,1420,0,30,0,1420,0,1420
28204547,0,-1999,2500,1420,0,30,0,1420,0,1420
28224539,0,-1999,2500,1420,0,30,0,1420,0,1420
28244531,0,-1999,2500,1420,0,30,0,1420,0,1420
28264523,0,-1999,2500,1420,0,30,0,1420,0,1420
28284515,0,-1999,2500,1420,0,30,0,1420,0,1420
28304507,0,-1999,2500,1420,0,30,0,1420,0,1420
28324499,0,-1999,2500,1420,0,30,0,1420,0,1420
28344491,0,-1999,2500,1420,0,30,0,1420,0,1420
28364483,0,-1999,2500,1420,0,30,0,1420,0,1420
28384475,0,-1999,2500,1420,0,30,0,1420,0,1420
28404467,0,-1999,2500,1420,0,30,0,1420,0,1420
28424459,0,-1999,2500,1420,0,30,0,1420,0,1420
28444451,0,-1999,2500,1420,0,30,0,1420,0,1420
28464443,0,-1999,2500,1420,0,30,0,1420,0,1420
28484435,0,-1999,2500,1420,0,30,0,1420,0,1420
28504427,0,-1999,2500,1420,0,30,0,1420,0,1420
28524419,0,-1999,2500,1420,0,30,0,1420,0,1420
28544411,0,-1999,2500,1420,0,30,0,1420,0,1420
28564403,0,-1999,2500,1420,0,30,0,1420,0,1420
28584395,0,-1999,2500,1420,0,30,0,1420,0,1420
28604387,0,-1999,2500,1420,0,30,0,1420,0,1420
28624379,0,-1999,2500,1420,0,30,0,1420,0,1420
28644371,0,-1999,2500,1420,0,30,0,1420,0,1420
28664363,0,-1999,2500,1420,0,30,0,1420,0,1420
28684355,0,-1999,2500,1420,0,30,0,1420,0,1420
28704347,0,-1999,2500,1420,0,30,0,1420,0,1420
28724339,0,-1999,2500,1420,0,30,0,1420,0,1420
28744331,0,-1999,2500,1420,0,30,0,1420,0,1420
28764323,0,-1999,2500,1420,0,30,0,1420,0,1420
28784315,0,-1999,2500,1420,0,30,0,1420,0,1420
28805140,0,-1999,2500,1420,0,30,0,1420,0,1420
28825132,0,-1999,2500,1420,0,30,0,1420,0,1420
28845124,0,-1999,2500,1420,0,30,0,1420,0,1420
28865116,0,-1999,2500,1420,0,30,0,1420,0,1420
28885108,0,-1999,2500,1420,0,30,0,1420,0,1420
28905100,0,-1999,2500,1420,0,30,0,1420,0,1420
28925092,0,-1999,2500,1420,0,30,0,1420,0,1420
28945084,0,-1999,2500,1420,0,30,0,1420,0,1420
28965076,0,-1999,2500,1420,0,30,0,1420,0,1420
28985068,0,-1999,2500,1420,0,30,0,1420,0,1420
29005060,0,-1999,2500,1420,0,30,0,1420,0,1420
29025052,0,-1999,2500,1420,0,30,0,1420,0,1420
29045044,0,-1999,2500,1420,0,30,0,1420,0,1420
29065036,0,-1999,2500,1420,0,30,0,1420,0,1420
29085028,0,-1999,2500,1420,0,30,0,1420,0,1420
29105020,0,-1999,2500,1420,0,30,0,1420,0,1420
29125012,0,-1999,2500,1420,0,30,0,1420,0,1420
29145004,0,-1999,2500,1420,0,30,0,1420,0,1420
29164996,0,-1999,2500,1420,0,30,0,1420,0,1420
29184988,0,-1999,2500,1420,0,30,0,1420,0,1420
29204980,0,-1999,2500,1420,0,30,0,1420,0,1420
29224972,0,-1999,2500,1420,0,30,0,1420,0,1420
29244964,0,-1999,2500,1420,0,30,0,1420,0,1420
29264956,0,-1999,2500,1420,0,30,0,1420,0,1420
29284948,0,-1999,2500,1420,0,30,0,1420,0,1420
29304940,0,-1999,2500,1420,0,30,0,1420,0,1420
29324932,0,-1999,2500,1420,0,30,0,1420,0,1420
29344924,0,-1999,2500,1420,0,30,0,1420,0,1420
29364916,0,-1999,2500,1420,0,30,0,1420,0,1420
29384908,0,-1999,2500,1420,0,30,0,1420,0,1420
29404900,0,-1999,2500,1420,0,30,0,1420,0,1420
29424892,0,-1999,2500,1420,0,30,0,1420,0,1420
29444884,0,-1999,2500,1420,0,30,0,1420,0,1420
29464876,0,-1999,2500,1420,0,30,0,1420,0,1420
29484868,0,-1999,2500,1420,0,30,0,1420,0,1420
29504860,0,-1999,2500,1420,0,30,0,1420,0,1420
29524852,0,-1999,2500,1420,0,30,0,1420,0,1420
29544844,0,-1999,2500,1420,0,30,0,1420,0,1420
29564836,0,-1999,2500,1420,0,30,0,1420,0,1420
29584828,0,-1999,2500,1420,0,30,0,1420,1,1419
29604820,0,-1999,2500,1420,0,30,0,1420,1,1419
29624812,0,-1999,2500,1420,0,30,0,1420,1,1419
29644804,0,-1999,2500,1420,0,30,0,1420,1,1419
29664796,0,-1999,2500,1420,0,30,0,1420,1,1419
29684788,0,-1999,2500,1500,0,60,0,1500,1,1499
29704780,0,-1999,2500,1500,0,60,0,1500,1,1499
29724772,0,-1999,2500,1500,0,60,0,1500,1,1499
29744764,0,-1999,2500,1500,0,60,0,1500,1,1499
29764756,0,-1999,2500,1500,0,60,0,1500,2,1498
29784748,0,-1999,2500,1500,0,60,0,1500,2,1498
29804740,0,-1999,2500,1500,0,60,0,1500,2,1498
29824732,0,-1999,2500,1500,0,60,0,1500,2,1498
29844724,0,-1999,2500,1500,0,60,0,1500,2,1498
29864716,0,-1999,2500,1500,0,60,0,1500,2,1498
29884708,0,-1999,2500,1500,0,60,0,1500,2,1498
29904700,0,-1999,2500,1500,0,60,0,1500,3,1497
29924692,0,-1999,2500,1500,0,60,0,1500,3,1497
29944684,0,-1999,2500,1500,0,60,0,1500,3,1497
29964676,0,-1999,2500,1500,0,60,0,1500,3,1497
29984668,0,-1999,2500,1500,0,60,0,1500,3,1497
30004660,0,-1999,2500,1500,0,60,0,1500,3,1497
30024652,0,-1999,2500,1500,0,60,0,1500,4,1496
30044644,0,-1999,2500,1500,0,60,0,1500,4,1496
30064636,0,-1999,2500,1500,0,60,0,1500,4,1496
30084628,0,-1999,2500,1500,0,60,0,1500,4,1496
30104620,0,-1999,2500,1500,0,60,0,1500,4,1496
30124612,0,-1999,2500,1500,0,60,0,1500,5,1495
30144604,0,-1999,2500,1500,0,60,0,1500,5,1495
30164596,0,-1999,2500,1500,0,60,0,1500,5,1495
30184588,0,-1999,2500,1500,0,60,0,1500,5,1495
30204580,0,-1999,2500,1500,0,60,0,1500,5,1495
30224572,0,-1999,2500,1500,0,60,0,1500,6,1494
30244564,0,-1999,2500,1500,0,60,0,1500,6,1494
30264556,0,-1999,2500,1500,0,60,0,1500,6,1494
30284548,0,-1999,2500,1500,0,60,0,1500,6,1494
30304540,0,-1999,2500,1500,0,60,0,1500,7,1493
30324532,0,-1999,2500,1500,0,60,0,1500,7,1493
30344524,0,-1999,2500,1500,0,60,0,1500,7,1493
30364516,0,-1999,2500,1500,0,60,0,1500,7,1493
30384508,0,-1999,2500,1500,0,60,0,1500,8,1492
30404500,0,-1999,2500,1500,0,60,0,1500,8,1492
30424492,0,-1999,2500,1500,0,60,0,1500,8,1492
30444484,0,-1999,2500,1500,0,60,0,1500,8,1492
30464476,0,-1999,2500,1500,0,60,0,1500,9,1491
30484468,0,-1999,2500,1500,0,60,0,1500,9,1491
30504460,0,-1999,2500,1500,0,60,0,1500,9,1491
30524452,0,-1999,2500,1500,0,60,0,1500,9,1491
30544444,0,-1999,2500,1500,0,60,0,1500,10,1490
30564436,0,-1999,2500,1500,0,60,0,1500,10,1490
30584428,0,-1999,2500,1500,0,60,0,1500,10,1490
30604420,0,-1999,2500,1500,0,60,0,1500,11,1489
30624412,0,-1999,2500,1500,0,60,0,1500,11,1489
30644404,0,-1999,2500,1500,0,60,0,1500,11,1489
30664396,0,-1999,2500,1500,0,60,0,1500,11,1489
30684388,0,-1999,2500,1500,0,60,0,1500,12,1488
30704380,0,-1999,2500,1500,0,60,0,1500,12,1488
30724372,0,-1999,2500,1500,0,60,0,1500,12,1488
30744364,0,-1999,2500,1500,0,60,0,1500,13,1487
30764356,0,-1999,2500,1500,0,60,0,1500,13,1487
30784348,0,-1999,2500,1500,0,60,0,1500,13,1487
30804340,0,-1999,2500,1500,0,60,0,1500,14,1486
30824332,0,-1999,2500,1500,0,60,0,1500,14,1486
30844324,0,-1999,2500,1500,0,60,0,1500,14,1486
30864316,0,-1999,2500,1500,0,60,0,1500,15,1485
30885141,0,-1999,2500,1500,0,60,0,1500,15,1485
30905133,0,-1999,2500,1500,0,60,0,1500,16,1484
30925125,0,-1999,2500,1500,0,60,0,1500,16,1484
30945117,0,-1999,2500,1500,0,60,0,1500,16,1484
30965109,0,-1999,2500,1500,0,60,0,1500,17,1483
30985101,0,-1999,2500,1500,0,60,0,1500,17,1483
31005093,0,-1999,2500,1500,0,60,0,1500,17,1483
31025085,0,-1999,2500,1500,0,60,0,1500,18,1482
31045077,0,-1999,2500,1500,0,60,0,1500,18,1482
31065069,0,-1999,2500,1500,0,60,0,1500,19,1481
31085061,0,-1999,2500,1500,0,60,0,1500,19,1481
31105053,0,-1999,2500,1500,0,60,0,1500,19,1481
31125045,0,-1999,2500,1500,0,60,0,1500,20,1480
31145037,0,-1999,2500,1500,0,60,0,1500,20,1480
31165029,0,-1999,2500,2000,0,60,0,2000,20,1980
31185021,0,-1999,2500,2000,0,100,0,2000,21,1979
31205013,0,-1999,2500,2000,0,100,0,2000,21,1979
31225005,0,-1999,2500,2000,0,100,0,2000,22,1978
31244997,0,-1999,2500,2000,0,100,0,2000,22,1978
31264989,0,-1999,2500,2000,0,100,0,2000,22,1978
31284981,0,-1999,2500,2000,0,100,0,2000,23,1977
31304973,0,-1999,2500,2000,0,100,0,2000,23,1977
31324965,0,-1999,2500,2000,0,100,0,2000,24,1976
31344957,0,-1999,2500,2000,0,100,0,2000,24,1976
31364949,0,-1999,2500,2000,0,100,0,2000,25,1975
31384941,0,-1999,2500,2000,0,100,0,2000,25,1975
31404933,0,-1999,2500,2000,0,100,0,2000,26,1974
31424925,0,-1999,2500,2000,0,100,0,2000,26,1974
31444917,0,-1999,2500,2000,0,100,0,2000,27,1973
31464909,0,-1999,2500,2000,0,100,0,2000,27,1973
31484901,0,-1999,2500,2000,0,100,0,2000,28,1972
31504893,0,-1999,2500,2000,0,100,0,2000,28,1972
31524885,0,-1999,2500,2000,0,100,0,2000,29,1971
31544877,0,-1999,2500,2000,0,100,0,2000,29,1971
31564869,0,-1999,2500,2000,0,100,0,2000,30,1970
31584861,0,-1999,2500,2000,0,100,0,2000,30,1970
31604853,0,-1999,2500,2000,0,100,0,2000,31,1969
31624845,0,-1999,2500,2000,0,100,0,2000,31,1969
31644837,0,-1999,2500,2000,0,100,0,2000,32,1968
31664829,0,-1999,2500,2000,0,100,0,2000,33,1967
31684821,0,-1999,2500,2000,0,100,0,2000,33,1967
31704813,0,-1999,2500,2000,0,100,0,2000,34,1966
31724805,0,-1999,2500,2000,0,100,0,2000,35,1965
31744797,0,-1999,2500,2000,0,100,0,2000,35,1965
31764789,0,-1999,2500,2000,0,100,0,2000,36,1964
31784781,0,-1999,2500,2000,0,100,0,2000,37,1963
31804773,0,-1999,2500,2000,0,100,0,2000,38,1962
31824765,0,-1999,2500,2000,0,100,0,2000,39,1961
31844757,0,-1999,2500,2000,0,100,0,2000,39,1961
31864749,0,-1999,2500,2000,0,100,0,2000,40,1960
31884741,0,-1999,2500,2000,0,100,0,2000,41,1959
31904733,0,-1999,2500,2000,0,100,0,2000,42,1958
31924725,0,-1999,2500,2000,0,100,0,2000,43,1957
31944717,0,-1999,2500,2000,0,100,0,2000,44,1956
31964709,0,-1999,2500,2000,0,100,0,2000,45,1955
31984701,0,-1999,2500,2000,0,100,0,2000,46,1954
32004693,0,-1999,2500,2000,0,100,0,2000,47,1953
32024685,0,-1999,2500,2000,0,100,0,2000,48,1952
32044677,0,-1999,2500,2000,0,100,0,2000,49,1951
32064669,0,-1999,2500,2000,0,100,0,2000,50,1950
32084661,0,-1999,2500,2000,0,100,0,2000,52,1948
32104653,0,-1999,2500,2000,0,100,0,2000,53,1947
32124645,0,-1999,2500,2000,0,100,0,2000,54,1946
32144637,0,-1999,2500,2000,0,100,0,2000,55,1945
32164629,0,-1999,2500,2000,0,100,0,2000,56,1944
32184621,0,-1999,2500,2000,0,100,0,2000,58,1942
32204613,0,-1999,2500,2000,0,100,0,2000,59,1941
32224605,0,-1999,2500,2000,0,100,0,2000,60,1940
32244597,0,-1999,2500,2000,0,100,0,2000,62,1938
32264589,0,-1999,2500,2000,0,100,0,2000,63,1937
32284581,0,-1999,2500,2000,0,100,0,2000,64,1936
32304573,0,-1999,2500,2000,0,100,0,2000,66,1934
32324565,0,-1999,2500,2000,0,100,0,2000,67,1933
32344557,0,-1999,2500,2000,0,100,0,2000,69,1931
32364549,0,-1999,2500,2000,0,100,0,2000,70,1930
32384541,0,-1999,2500,2000,0,100,0,2000,72,1928
32404533,0,-1999,2500,2000,0,100,0,2000,73,1927
32424525,0,-1999,2500,2000,0,100,0,2000,74,1926
32444517,0,-1999,2500,2000,0,100,0,2000,76,1924
32464509,0,-1999,2500,2000,0,100,0,2000,77,1923
32484501,0,-1999,2500,2000,0,100,0,2000,79,1921
32504493,0,-1999,2500,2000,0,100,0,2000,81,1919
32524485,0,-1999,2500,2000,0,100,0,2000,82,1918
32544477,0,-1999,2500,2000,0,100,0,2000,84,1916
32564469,0,-1999,2500,2000,0,100,0,2000,85,1915
32584461,0,-1999,2500,2000,0,100,0,2000,87,1913
32604453,0,-1999,2500,2000,0,100,0,2000,88,1912
32624445,0,-1999,2500,2000,0,100,0,2000,90,1910
32644437,0,-1999,2500,2000,0,100,0,2000,98,1902
32664429,0,-1999,2500,2000,0,100,0,2000,140,1860
32684421,0,-1999,2500,2000,0,100,0,2000,216,1784
32704413,0,-1999,2500,2000,0,100,0,2000,324,1676
32724405,0,-1999,2500,2000,0,100,0,2000,459,1541
32744397,0,-1999,2500,2000,0,100,0,2000,614,1386
32764389,0,-1999,2500,2000,0,100,0,2000,785,1215
32784381,0,-1999,2500,2000,0,100,0,2000,967,1033
32804373,0,-1999,2500,2000,0,100,0,2000,1155,845
32824365,0,-1999,2500,2000,0,100,0,2000,1347,653
32844357,0,-1999,2500,2000,0,100,0,2000,1539,461
32864349,0,-1999,2500,2000,0,100,0,2000,1727,273
32884341,0,-1999,2500,2000,0,100,0,2000,1907,93
32904333,0,-1999,2500,2000,0,100,0,2000,2077,-77
32924325,0,-2000,2500,2000,0,100,0,2000,2234,-234
32944317,0,-1999,2500,2000,0,100,0,2000,2376,-376
32965142,0,-1999,2500,2000,0,100,0,2000,2503,-503
32985134,0,-1999,2500,2000,0,100,0,2000,2614,-614
33005126,0,-1999,2500,2000,0,100,0,2000,2709,-709
33025118,0,-1999,2500,2000,0,100,0,2000,2789,-789
33045110,0,-1999,2500,2000,0,100,0,2000,2854,-854
33065102,0,-1999,2500,2000,0,100,0,2000,2902,-902
33085094,0,-1999,2500,2000,0,100,0,2000,2934,-934
33105086,0,-1999,2500,2000,0,100,0,2000,2953,-953
33125078,0,-1999,2500,2000,0,100,0,2000,2959,-959
33145070,0,-1999,2500,2000,0,100,0,2000,2953,-953
33165062,0,-1999,2500,2000,0,100,0,2000,2935,-935
33185054,0,-1999,2500,2000,0,100,0,2000,2907,-907
33205046,0,-1999,2500,2000,0,100,0,2000,2869,-869
33225038,0,-1999,2500,2000,0,100,0,2000,2820,-820
33245030,0,-1999,2500,2000,0,100,0,2000,2764,-764
33265022,0,-1999,2500,2000,0,100,0,2000,2700,-700
33285014,0,-1999,2500,2000,0,100,0,2000,2630,-630
33305006,0,-1999,2500,2000,0,100,0,2000,2557,-557
33324998,0,-1999,2500,2000,0,100,0,2000,2481,-481
33344990,0,-1999,2500,2000,0,100,0,2000,2404,-404
33364982,0,-1999,2500,2000,0,100,0,2000,2328,-328
33384974,0,-1999,2500,2000,0,100,0,2000,2253,-253
33404966,0,-1999,2500,2000,0,100,0,2000,2180,-180
33424958,0,-1999,2500,2000,0,100,0,2000,2110,-110
33444950,0,-1999,2500,2000,0,100,0,2000,2042,-42
33464942,0,-1999,2500,2000,0,100,0,2000,1976,24
33484934,0,-1999,2500,2000,0,100,0,2000,1913,87
33504926,0,-2000,2500,2000,0,100,0,2000,1855,145
33524918,0,-2000,2500,2000,0,100,0,2000,1802,198
33544910,0,-2000,2500,2000,0,100,0,2000,1755,245
33564902,0,-2000,2500,2000,0,100,0,2000,1714,286
33584894,0,-1999,2500,2000,0,100,0,2000,1677,323
33604886,0,-1999,2500,2000,0,100,0,2000,1645,355
33624878,0,-1999,2500,2000,0,100,0,2000,1618,382
33644870,0,-1999,2500,2000,0,100,0,2000,1598,402
33664862,0,-1999,2500,2000,0,100,0,2000,1584,416
33684854,0,-1999,2500,2000,0,100,0,2000,1575,425
33704846,0,-1999,2500,2000,0,100,0,2000,1573,427
33724838,0,-1999,2500,2000,0,100,0,2000,1577,423
33744830,0,-1999,2500,2000,0,100,0,2000,1587,413
33764822,0,-1999,2500,2000,0,100,0,2000,1600,400
33784814,0,-2000,2500,2000,0,100,0,2000,1618,382
33804806,0,-1999,2500,2000,0,100,0,2000,1637,363
33824798,0,-1999,2500,2000,0,100,0,2000,1659,341
33844790,0,-1999,2500,2000,0,100,0,2000,1685,315
33864782,0,-1999,2500,2000,0,100,0,2000,1714,286
33884774,0,-1999,2500,0,0,100,0,0,1744,-1744
33904766,0,-1999,2500,0,0,100,0,0,1777,-1777
33924758,0,-1999,2500,0,0,100,0,0,1807,-1807
33944750,0,-1999,2500,0,0,100,0,0,1833,-1833
33964742,0,-1999,2500,0,0,100,0,0,1850,-1850
33984734,0,-1999,2500,0,0,100,0,0,1855,-1855
34004726,0,-1999,2500,0,0,100,0,0,1846,-1846
34024718,0,-1999,2500,0,0,100,0,0,1822,-1822
34044710,0,-1999,2500,0,0,100,0,0,1780,-1780
34064702,0,-1999,2500,0,0,100,0,0,1724,-1724
34084694,0,-1999,2500,0,0,100,0,0,1654,-1654
34104686,0,-1999,2500,0,0,100,0,0,1568,-1568
34124678,0,-1999,2500,0,0,100,0,0,1470,-1470
34144670,0,-1999,2500,0,0,100,0,0,1360,-1360
34164662,0,-1999,2500,0,0,100,0,0,1243,-1243
34184654,0,-1999,2500,0,0,100,0,0,1118,-1118
34204646,0,-1999,2500,0,0,100,0,0,987,-987
34224638,0,-1999,2500,0,0,100,0,0,852,-852
34244630,0,-1999,2500,0,0,100,0,0,717,-717
34264622,0,-1999,2500,0,0,100,0,0,582,-582
34284614,0,-1999,2500,0,0,100,0,0,449,-449
34304606,0,-1999,2500,0,0,100,0,0,320,-320
34324598,0,-1999,2500,0,0,100,0,0,197,-197
34344590,0,-1999,2500,0,0,100,0,0,80,-80
34364582,0,-1999,2500,0,0,100,0,0,-27,27
34384574,0,-1999,2500,0,0,100,0,0,-125,125
34404566,0,-1999,2500,0,0,100,0,0,-213,213
34424558,0,-1999,2500,0,0,100,0,0,-292,292
34444550,0,-1999,2500,0,0,100,0,0,-362,362
34464542,0,-1999,2500,0,0,100,0,0,-422,422
34484534,0,-1999,2500,0,0,100,0,0,-473,473
34504526,0,-1999,2500,0,0,100,0,0,-515,515
34524518,0,-1999,2500,0,0,100,0,0,-547,547
34544510,0,-1999,2500,0,0,100,0,0,-570,570
34564502,0,-1999,2500,0,0,100,0,0,-584,584
34584494,0,-1999,2500,0,0,100,0,0,-587,587
34604486,0,-1999,2500,0,0,100,0,0,-582,582
34624478,0,-1999,2500,0,0,100,0,0,-568,568
34644470,0,-1999,2500,0,0,100,0,0,-547,547
34664462,0,-1999,2500,0,0,100,0,0,-518,518
34684454,0,-2000,2500,0,0,100,0,0,-482,482
34704446,0,-1999,2500,0,0,100,0,0,-441,441
34724438,0,-1999,2500,0,0,100,0,0,-397,397
34744430,0,-1999,2500,0,0,100,0,0,-352,352
34764422,0,-1999,2500,0,0,100,0,0,-306,306
34784414,0,-1999,2500,0,0,100,0,0,-257,257
34804406,0,-1999,2500,0,0,100,0,0,-209,209
34824398,0,-1999,2500,0,0,100,0,0,-161,161
34844390,0,-1999,2500,0,0,100,0,0,-113,113
34864382,0,-1999,2500,0,0,100,0,0,-65,65
34884374,0,-1999,2500,0,0,100,0,0,-18,18
34904366,0,-1999,2500,0,0,100,0,0,26,-26
34924358,0,-1999,2500,0,0,100,0,0,70,-70
34944350,0,-1999,2500,0,0,100,0,0,112,-112
34964342,0,-1999,2500,0,0,100,0,0,150,-150
34984334,0,-1999,2500,0,0,100,0,0,184,-184
35004326,0,-1999,2500,0,0,100,0,0,213,-213
35024318,0,-1999,2500,0,0,100,0,0,238,-238
35044310,0,-1999,2500,0,0,100,0,0,261,-261
35065135,0,-1999,2500,0,0,0,0,0,281,-281
35085127,0,-1999,2500,0,0,0,0,0,299,-299
35105119,0,-1999,2500,0,0,0,0,0,313,-313
35125111,283,-1999,2500,283,0,48.158790588378906,0,283,324,-41
35145103,283,-1999,2500,283,0,48.158790588378906,0,283,328,-45
35165095,283,-1999,2500,283,0,48.158790588378906,0,283,330,-47
35185087,283,-1999,2500,283,0,48.158790588378906,0,283,331,-48
35205079,283,-1999,2500,283,0,48.158790588378906,0,283,331,-48
35225071,137,-1999,2500,137,0,58.084930419921875,0,137,329,-192
35245063,137,-1999,2500,137,0,58.084930419921875,0,137,330,-193
35265055,137,-1999,2500,137,0,58.084930419921875,0,137,331,-194
35285047,137,-1999,2500,137,0,58.084930419921875,0,137,332,-195
35305039,137,-1999,2500,137,0,58.084930419921875,0,137,332,-195
35325031,-8,-1999,2500,-8,0,67.950668334960938,0,-8,331,-339
35345023,-8,-1999,2500,-8,0,67.950668334960938,0,-8,331,-339
35365015,-8,-1999,2500,-8,0,67.950668334960938,0,-8,331,-339
35385007,-8,-1999,2500,-8,0,67.950668334960938,0,-8,329,-337
35404999,-8,-1999,2500,-8,0,67.950668334960938,0,-8,325,-333
35424991,-153,-1999,2500,-153,0,71.938995361328125,0,-153,320,-473
35444983,-153,-1999,2500,-153,0,71.938995361328125,0,-153,313,-466
35464975,-153,-1999,2500,-153,0,71.938995361328125,0,-153,304,-457
35484967,-153,-1999,2500,-153,0,71.938995361328125,0,-153,292,-445
35504959,-153,-1999,2500,-153,0,71.938995361328125,0,-153,280,-433
35524951,-298,-1999,2500,-298,0,70.000167846679688,0,-298,266,-564
35544943,-298,-1999,2500,-298,0,70.000167846679688,0,-298,251,-549
35564935,-298,-1999,2500,-298,0,70.000167846679688,0,-298,233,-531
35584927,-298,-2000,2500,-298,0,70.000167846679688,0,-298,213,-511
35604919,-298,-1999,2500,-298,0,70.000167846679688,0,-298,190,-488
35624911,-442,-1999,2500,-442,0,68.172393798828125,0,-442,165,-607
35644903,-442,-1999,2500,-442,0,68.172393798828125,0,-442,138,-580
35664895,-442,-1999,2500,-442,0,68.172393798828125,0,-442,110,-552
35684887,-442,-1999,2500,-442,0,68.172393798828125,0,-442,80,-522
35704879,-442,-1999,2500,-442,0,68.172393798828125,0,-442,49,-491
35724871,-508,-1999,2500,-508,0,66.50238037109375,0,-508,17,-525
35744863,-508,-1999,2500,-508,0,66.50238037109375,0,-508,-15,-493
35764855,-508,-1999,2500,-508,0,66.50238037109375,0,-508,-48,-460
35784847,-508,-1999,2500,-508,0,66.50238037109375,0,-508,-83,-425
35804839,-508,-1999,2500,-508,0,66.50238037109375,0,-508,-118,-390
35824831,-444,-1999,2500,-444,0,65.071243286132812,0,-444,-153,-291
35844823,-444,-1999,2500,-444,0,65.071243286132812,0,-444,-188,-256
35864815,-444,-1999,2500,-444,0,65.071243286132812,0,-444,-222,-222
35884807,-444,-1999,2500,-444,0,65.071243286132812,0,-444,-254,-190
35904799,-444,-1999,2500,-444,0,65.071243286132812,0,-444,-286,-158
35924791,-381,-1999,2500,-381,0,64.175193786621094,0,-381,-317,-64
35944783,-381,-1999,2500,-381,0,64.175193786621094,0,-381,-346,-35
35964775,-381,-1999,2500,-381,0,64.175193786621094,0,-381,-372,-9
35984767,-381,-1999,2500,-381,0,64.175193786621094,0,-381,-396,15
36004759,-381,-1999,2500,-381,0,64.175193786621094,0,-381,-417,36
36024751,-343,-1999,2500,-343,0,63.977943420410156,0,-343,-435,92
36044743,-343,-1999,2500,-343,0,63.977943420410156,0,-343,-451,108
36064735,-343,-1999,2500,-343,0,63.977943420410156,0,-343,-463,120
36084727,-343,-1999,2500,-343,0,63.977943420410156,0,-343,-471,128
36104719,-343,-1999,2500,-343,0,63.977943420410156,0,-343,-477,134
36124711,-362,-1999,2500,-362,0,64.612876892089844,0,-362,-480,118
36144703,-362,-1999,2500,-362,0,64.612876892089844,0,-362,-481,119
36164695,-362,-1999,2500,-362,0,64.612876892089844,0,-362,-480,118
36184687,-362,-2000,2500,-362,0,64.612876892089844,0,-362,-476,114
36204679,-362,-2000,2500,-362,0,64.612876892089844,0,-362,-469,107
36224671,-417,-1999,2500,-417,0,65.895729064941406,0,-417,-459,42
36244663,-417,-1999,2500,-417,0,65.895729064941406,0,-417,-448,31
36264655,-417,-1999,2500,-417,0,65.895729064941406,0,-417,-435,18
36284647,-417,-1999,2500,-417,0,65.895729064941406,0,-417,-422,5
36304639,-417,-1999,2500,-417,0,65.895729064941406,0,-417,-407,-10
36324631,-500,-1999,2500,-500,0,67.317527770996094,0,-500,-393,-107
36344623,-500,-1999,2500,-500,0,67.317527770996094,0,-500,-379,-121
36364615,-500,-1999,2500,-500,0,67.317527770996094,0,-500,-364,-136
36384607,-500,-1999,2500,-500,0,67.317527770996094,0,-500,-349,-151
36404599,-500,-1999,2500,-500,0,67.317527770996094,0,-500,-336,-164
36424591,-580,-1999,2500,-580,0,68.583541870117188,0,-580,-325,-255
36444583,-580,-1999,2500,-580,0,68.583541870117188,0,-580,-315,-265
36464575,-580,-1999,2500,-580,0,68.583541870117188,0,-580,-308,-272
36484567,-580,-1999,2500,-580,0,68.583541870117188,0,-580,-302,-278
36504559,-580,-2000,2500,-580,0,68.583541870117188,0,-580,-298,-282
36524551,-606,-2000,2500,-606,0,69.254806518554688,0,-606,-296,-310
36544543,-606,-2000,2500,-606,0,69.254806518554688,0,-606,-297,-309
36564535,-606,-2000,2500,-606,0,69.254806518554688,0,-606,-299,-307
36584527,-606,-1999,2500,-606,0,69.254806518554688,0,-606,-304,-302
36604519,-606,-1999,2500,-606,0,69.254806518554688,0,-606,-311,-295
36624511,-616,-1999,2500,-616,0,69.566017150878906,0,-616,-319,-297
36644503,-616,-1999,2500,-616,0,69.566017150878906,0,-616,-328,-288
36664495,-616,-1999,2500,-616,0,69.566017150878906,0,-616,-340,-276
36684487,-616,-1999,2500,-616,0,69.566017150878906,0,-616,-353,-263
36704479,-616,-1999,2500,-616,0,69.566017150878906,0,-616,-367,-249
36724471,-579,-1999,2500,-579,0,69.579521179199219,0,-579,-381,-198
36744463,-579,-1999,2500,-579,0,69.579521179199219,0,-579,-397,-182
36764455,-579,-1999,2500,-579,0,69.579521179199219,0,-579,-412,-167
36784447,-579,-1999,2500,-579,0,69.579521179199219,0,-579,-428,-151
36804439,-579,-2000,2500,-579,0,69.579521179199219,0,-579,-442,-137
36824431,-536,-2000,2500,-536,0,69.579505920410156,0,-536,-456,-80
36844423,-536,-1999,2500,-536,0,69.579505920410156,0,-536,-469,-67
36864415,-536,-1999,2500,-536,0,69.579505920410156,0,-536,-480,-56
36884407,-536,-1999,2500,-536,0,69.579505920410156,0,-536,-491,-45
36904399,-536,-1999,2500,-536,0,69.579505920410156,0,-536,-501,-35
36924391,-521,-2000,2500,-521,0,69.811622619628906,0,-521,-509,-12
36944383,-521,-2000,2500,-521,0,69.811622619628906,0,-521,-516,-5
36964375,-521,-1999,2500,-521,0,69.811622619628906,0,-521,-521,0
36984367,-521,-1999,2500,-521,0,69.811622619628906,0,-521,-525,4
37004359,-521,-1999,2500,-521,0,69.811622619628906,0,-521,-529,8
37024351,-536,-1999,2500,-536,0,70.476913452148438,0,-536,-531,-5
37044343,-536,-1999,2500,-536,0,70.476913452148438,0,-536,-531,-5
37064335,-536,-1999,2500,-536,0,70.476913452148438,0,-536,-530,-6
37084327,-536,-1999,2500,-536,0,70.476913452148438,0,-536,-528,-8
37104319,-536,-1999,2500,-536,0,70.476913452148438,0,-536,-524,-12
37124311,-571,-1999,2500,-571,0,71.431610107421875,0,-571,-520,-51
37145136,-571,-2000,2500,-571,0,71.431610107421875,0,-571,-515,-56
37165128,-571,-1999,2500,-571,0,71.431610107421875,0,-571,-510,-61
37185120,-571,-1999,2500,-571,0,71.431610107421875,0,-571,-504,-67
37205112,-571,-1999,2500,-571,0,71.431610107421875,0,-571,-498,-73
37225104,-618,-1999,2500,-618,0,72.428665161132812,0,-618,-493,-125
37245096,-618,-1999,2500,-618,0,72.428665161132812,0,-618,-488,-130
37265088,-618,-1999,2500,-618,0,72.428665161132812,0,-618,-484,-134
37285080,-618,-1999,2500,-618,0,72.428665161132812,0,-618,-481,-137
37305072,-618,-1999,2500,-618,0,72.428665161132812,0,-618,-477,-141
37325064,-653,-1999,2500,-653,0,73.288421630859375,0,-653,-474,-179
37345056,-653,-1999,2500,-653,0,73.288421630859375,0,-653,-472,-181
37365048,-653,-1999,2500,-653,0,73.288421630859375,0,-653,-471,-182
37385040,-653,-1999,2500,-653,0,73.288421630859375,0,-653,-471,-182
37405032,-653,-1999,2500,-653,0,73.288421630859375,0,-653,-471,-182
37425024,-673,-1999,2500,-673,0,74.008071899414062,0,-673,-471,-202
37445016,-673,-1999,2500,-673,0,74.008071899414062,0,-673,-472,-201
37465008,-673,-1999,2500,-673,0,74.008071899414062,0,-673,-475,-198
37485000,-673,-1999,2500,-673,0,74.008071899414062,0,-673,-478,-195
37504992,-673,-1999,2500,-673,0,74.008071899414062,0,-673,-483,-190
37524984,-685,-1999,2500,-685,0,74.619644165039062,0,-685,-489,-196
37544976,-685,-1999,2500,-685,0,74.619644165039062,0,-685,-495,-190
37564968,-685,-1999,2500,-685,0,74.619644165039062,0,-685,-503,-182
37584960,-685,-1999,2500,-685,0,74.619644165039062,0,-685,-509,-176
37604952,-685,-1999,2500,-685,0,74.619644165039062,0,-685,-517,-168
37624944,-668,-1999,2500,-668,0,75.038909912109375,0,-668,-524,-144
37644936,-668,-1999,2500,-668,0,75.038909912109375,0,-668,-532,-136
37664928,-668,-1999,2500,-668,0,75.038909912109375,0,-668,-540,-128
37684920,-668,-1999,2500,-668,0,75.038909912109375,0,-668,-547,-121
37704912,-668,-1999,2500,-668,0,75.038909912109375,0,-668,-553,-115
37724904,-651,-1999,2500,-651,0,75.473533630371094,0,-651,-561,-90
37744896,-651,-1999,2500,-651,0,75.473533630371094,0,-651,-568,-83
37764888,-651,-1999,2500,-651,0,75.473533630371094,0,-651,-574,-77
37784880,-651,-1999,2500,-651,0,75.473533630371094,0,-651,-580,-71
37804872,-651,-1999,2500,-651,0,75.473533630371094,0,-651,-585,-66
37824864,-647,-1999,2500,-647,0,75.988487243652344,0,-647,-591,-56
37844856,-647,-1999,2500,-647,0,75.988487243652344,0,-647,-596,-51
37864848,-647,-1999,2500,-647,0,75.988487243652344,0,-647,-599,-48
37884840,-647,-1999,2500,-647,0,75.988487243652344,0,-647,-602,-45
37904832,-647,-1999,2500,-647,0,75.988487243652344,0,-647,-603,-44
37924824,-641,-1999,2500,-641,0,76.590576171875,0,-641,-605,-36
37944816,-641,-1999,2500,-641,0,76.590576171875,0,-641,-607,-34
37964808,-641,-1999,2500,-641,0,76.590576171875,0,-641,-607,-34
37984800,-641,-1999,2500,-641,0,76.590576171875,0,-641,-607,-34
38004792,-641,-1999,2500,-641,0,76.590576171875,0,-641,-607,-34
38024784,-665,-1999,2500,-665,0,77.375946044921875,0,-665,-609,-56
38044776,-665,-1999,2500,-665,0,77.375946044921875,0,-665,-609,-56
38064768,-665,-1999,2500,-665,0,77.375946044921875,0,-665,-610,-55
38084760,-665,-1999,2500,-665,0,77.375946044921875,0,-665,-610,-55
38104752,-665,-1999,2500,-665,0,77.375946044921875,0,-665,-609,-56
38124744,-676,-1999,2500,-676,0,78.241867065429688,0,-676,-607,-69
38144736,-676,-1999,2500,-676,0,78.241867065429688,0,-676,-603,-73
38164728,-676,-1999,2500,-676,0,78.241867065429688,0,-676,-599,-77
38184720,-676,-1999,2500,-676,0,78.241867065429688,0,-676,-594,-82
38204712,-676,-1999,2500,-676,0,78.241867065429688,0,-676,-590,-86
38224704,-685,-1999,2500,-685,0,79.047752380371094,0,-685,-585,-100
38244696,-685,-1999,2500,-685,0,79.047752380371094,0,-685,-579,-106
38264688,-685,-1999,2500,-685,0,79.047752380371094,0,-685,-574,-111
38284680,-685,-1999,2500,-685,0,79.047752380371094,0,-685,-571,-114
38304672,-685,-1999,2500,-685,0,79.047752380371094,0,-685,-569,-116
38324664,-715,-1999,2500,-715,0,79.738410949707031,0,-715,-567,-148
38344656,-715,-1999,2500,-715,0,79.738410949707031,0,-715,-566,-149
38364648,-715,-1999,2500,-715,0,79.738410949707031,0,-715,-566,-149
38384640,-715,-1999,2500,-715,0,79.738410949707031,0,-715,-565,-150
38404632,-715,-1999,2500,-715,0,79.738410949707031,0,-715,-565,-150
38424624,-724,-1999,2500,-724,0,80.384506225585938,0,-724,-565,-159
38444616,-724,-1999,2500,-724,0,80.384506225585938,0,-724,-565,-159
38464608,-724,-1999,2500,-724,0,80.384506225585938,0,-724,-566,-158
38484600,-724,-1999,2500,-724,0,80.384506225585938,0,-724,-566,-158
38504592,-724,-1999,2500,-724,0,80.384506225585938,0,-724,-568,-156
38524584,-729,-1999,2500,-729,0,80.978248596191406,0,-729,-570,-159
38544576,-729,-1999,2500,-729,0,80.978248596191406,0,-729,-572,-157
38564568,-729,-1999,2500,-729,0,80.978248596191406,0,-729,-575,-154
38584560,-729,-1999,2500,-729,0,80.978248596191406,0,-729,-579,-150
38604552,-729,-1999,2500,-729,0,80.978248596191406,0,-729,-584,-145
38624544,-717,-1999,2500,-717,0,81.461563110351562,0,-717,-588,-129
38644536,-717,-1999,2500,-717,0,81.461563110351562,0,-717,-593,-124
38664528,-717,-1999,2500,-717,0,81.461563110351562,0,-717,-598,-119
38684520,-717,-1999,2500,-717,0,81.461563110351562,0,-717,-604,-113
38704512,-717,-1999,2500,-717,0,81.461563110351562,0,-717,-608,-109
38724504,-704,-1999,2500,-704,0,81.900970458984375,0,-704,-612,-92
38744496,-704,-1999,2500,-704,0,81.900970458984375,0,-704,-617,-87
38764488,-704,-1999,2500,-704,0,81.900970458984375,0,-704,-621,-83
38784480,-704,-2000,2500,-704,0,81.900970458984375,0,-704,-626,-78
38804472,-704,-2000,2500,-704,0,81.900970458984375,0,-704,-630,-74
38824464,-682,-1999,2500,-682,0,82.433975219726562,0,-682,-633,-49
38844456,-682,-1999,2500,-682,0,82.433975219726562,0,-682,-635,-47
38864448,-682,-1999,2500,-682,0,82.433975219726562,0,-682,-636,-46
38884440,-682,-1999,2500,-682,0,82.433975219726562,0,-682,-636,-46
38904432,-682,-1999,2500,-682,0,82.433975219726562,0,-682,-636,-46
38924424,-677,-1999,2500,-677,0,82.994102478027344,0,-677,-635,-42
38944416,-677,-1999,2500,-677,0,82.994102478027344,0,-677,-634,-43
38964408,-677,-1999,2500,-677,0,82.994102478027344,0,-677,-634,-43
38984400,-677,-1999,2500,-677,0,82.994102478027344,0,-677,-632,-45
39004392,-677,-1999,2500,-677,0,82.994102478027344,0,-677,-630,-47
39024384,-692,-1999,2500,-692,0,83.793327331542969,0,-692,-627,-65
39044376,-692,-1999,2500,-692,0,83.793327331542969,0,-692,-624,-68
39064368,-692,-1999,2500,-692,0,83.793327331542969,0,-692,-621,-71
39084360,-692,-1999,2500,-692,0,83.793327331542969,0,-692,-617,-75
39104352,-692,-1999,2500,-692,0,83.793327331542969,0,-692,-613,-79
39124344,-706,-1999,2500,-706,0,84.558670043945312,0,-706,-610,-96
39144336,-706,-1999,2500,-706,0,84.558670043945312,0,-706,-606,-100
39164328,-706,-1999,2500,-706,0,84.558670043945312,0,-706,-603,-103
39184320,-706,-1999,2500,-706,0,84.558670043945312,0,-706,-600,-106
39204312,-706,-1999,2500,-706,0,84.558670043945312,0,-706,-596,-110
39225137,-721,-1999,2500,-721,0,85.313499450683594,0,-721,-592,-129
39245129,-721,-1999,2500,-721,0,85.313499450683594,0,-721,-589,-132
39265121,-721,-1999,2500,-721,0,85.313499450683594,0,-721,-586,-135
39285113,-721,-1999,2500,-721,0,85.313499450683594,0,-721,-584,-137
39305105,-721,-1999,2500,-721,0,85.313499450683594,0,-721,-583,-138
39325097,-733,-1999,2500,-733,0,86.061187744140625,0,-733,-583,-150
39345089,-733,-1999,2500,-733,0,86.061187744140625,0,-733,-583,-150
39365081,-733,-1999,2500,-733,0,86.061187744140625,0,-733,-583,-150
39385073,-733,-1999,2500,-733,0,86.061187744140625,0,-733,-584,-149
39405065,-733,-1999,2500,-733,0,86.061187744140625,0,-733,-586,-147
39425057,-723,-1999,2500,-723,0,86.677787780761719,0,-723,-588,-135
39445049,-723,-1999,2500,-723,0,86.677787780761719,0,-723,-589,-134
39465041,-723,-1999,2500,-723,0,86.677787780761719,0,-723,-589,-134
39485033,-723,-1999,2500,-723,0,86.677787780761719,0,-723,-590,-133
39505025,-723,-1999,2500,-723,0,86.677787780761719,0,-723,-592,-131
39525017,-712,-1999,2500,-712,0,77.16680908203125,0,-712,-594,-118
39545009,-712,-1999,2500,-712,0,77.16680908203125,0,-712,-595,-117
39565001,-712,-1999,2500,-712,0,77.16680908203125,0,-712,-597,-115
39584993,-712,-1999,2500,-712,0,77.16680908203125,0,-712,-598,-114
39604985,-712,-1999,2500,-712,0,77.16680908203125,0,-712,-599,-113
39624977,-707,-1999,2500,-707,0,67.637420654296875,0,-707,-600,-107
39644969,-707,-1999,2500,-707,0,67.637420654296875,0,-707,-600,-107
39664961,-707,-1999,2500,-707,0,67.637420654296875,0,-707,-600,-107
39684953,-707,-1999,2500,-707,0,67.637420654296875,0,-707,-601,-106
39704945,-707,-1999,2500,-707,0,67.637420654296875,0,-707,-601,-106
39724937,-816,-1999,2500,-816,0,58.099525451660156,0,-816,-602,-214
39744929,-816,-1999,2500,-816,0,58.099525451660156,0,-816,-604,-212
39764921,-816,-1999,2500,-816,0,58.099525451660156,0,-816,-606,-210
39784913,-816,-1999,2500,-816,0,58.099525451660156,0,-816,-610,-206
39804905,-816,-1999,2500,-816,0,58.099525451660156,0,-816,-613,-203
39824897,-954,-1999,2500,-954,0,54.128288269042969,0,-954,-617,-337
39844889,-954,-1999,2500,-954,0,54.128288269042969,0,-954,-622,-332
39864881,-954,-1999,2500,-954,0,54.128288269042969,0,-954,-627,-327
39884873,-954,-1999,2500,-954,0,54.128288269042969,0,-954,-633,-321
39904865,-954,-1999,2500,-954,0,54.128288269042969,0,-954,-639,-315
39924857,-1091,-1999,2500,-1091,0,58.074115753173828,0,-1091,-647,-444
39944849,-1091,-1999,2500,-1091,0,58.074115753173828,0,-1091,-656,-435
39964841,-1091,-1999,2500,-1091,0,58.074115753173828,0,-1091,-667,-424
39984833,-1091,-1999,2500,-1091,0,58.074115753173828,0,-1091,-678,-413
40004825,-1091,-1999,2500,-1091,0,58.074115753173828,0,-1091,-690,-401
40024817,-1229,-1999,2500,-1229,0,62.502132415771484,0,-1229,-704,-525
40044809,-1229,-1999,2500,-1229,0,62.502132415771484,0,-1229,-718,-511
40064801,-1229,-1999,2500,-1229,0,62.502132415771484,0,-1229,-735,-494
40084793,-1229,-1999,2500,-1229,0,62.502132415771484,0,-1229,-754,-475
40104785,-1229,-1999,2500,-1229,0,62.502132415771484,0,-1229,-774,-455
40124777,-1353,-1999,2500,-1353,0,66.568351745605469,0,-1353,-797,-556
40144769,-1353,-1999,2500,-1353,0,66.568351745605469,0,-1353,-822,-531
40164761,-1353,-1999,2500,-1353,0,66.568351745605469,0,-1353,-847,-506
40184753,-1353,-1999,2500,-1353,0,66.568351745605469,0,-1353,-872,-481
40204745,-1353,-1999,2500,-1353,0,66.568351745605469,0,-1353,-897,-456
40224737,-1216,-1999,2500,-1216,0,69.468681335449219,0,-1216,-924,-292
40244729,-1216,-1999,2500,-1216,0,69.468681335449219,0,-1216,-951,-265
40264721,-1216,-1999,2500,-1216,0,69.468681335449219,0,-1216,-980,-236
40284713,-1216,-1999,2500,-1216,0,69.468681335449219,0,-1216,-1007,-209
40304705,-1216,-1999,2500,-1216,0,69.468681335449219,0,-1216,-1034,-182
40324697,-1077,-1999,2500,-1077,0,71.747032165527344,0,-1077,-1061,-16
40344689,-1077,-1999,2500,-1077,0,71.747032165527344,0,-1077,-1087,10
40364681,-1077,-1999,2500,-1077,0,71.747032165527344,0,-1077,-1111,34
40384673,-1077,-1999,2500,-1077,0,71.747032165527344,0,-1077,-1133,56
40404665,-1077,-1999,2500,-1077,0,71.747032165527344,0,-1077,-1153,76
40424657,-939,-1999,2500,-939,0,74.085639953613281,0,-939,-1169,230
40444649,-939,-1999,2500,-939,0,74.085639953613281,0,-939,-1182,243
40464641,-939,-1999,2500,-939,0,74.085639953613281,0,-939,-1191,252
40484633,-939,-1999,2500,-939,0,74.085639953613281,0,-939,-1197,258
40504625,-939,-1999,2500,-939,0,74.085639953613281,0,-939,-1200,261
40524617,-800,-1999,2500,-800,0,76.276268005371094,0,-800,-1198,398
40544609,-800,-1999,2500,-800,0,76.276268005371094,0,-800,-1192,392
40564601,-800,-1999,2500,-800,0,76.276268005371094,0,-800,-1181,381
40584593,-800,-1999,2500,-800,0,76.276268005371094,0,-800,-1168,368
40604585,-800,-1999,2500,-800,0,76.276268005371094,0,-800,-1151,351
40624577,-715,-1999,2500,-715,0,79.149124145507812,0,-715,-1131,416
40644569,-715,-1999,2500,-715,0,79.149124145507812,0,-715,-1107,392
40664561,-715,-1999,2500,-715,0,79.149124145507812,0,-715,-1082,367
40684553,-715,-1999,2500,-715,0,79.149124145507812,0,-715,-1055,340
40704545,-715,-1999,2500,-715,0,79.149124145507812,0,-715,-1028,313
40724537,-748,-1999,2500,-748,0,82.281333923339844,0,-748,-999,251
40744529,-748,-1999,2500,-748,0,82.281333923339844,0,-748,-968,220
40764521,-748,-1999,2500,-748,0,82.281333923339844,0,-748,-935,187
40784513,-748,-1999,2500,-748,0,82.281333923339844,0,-748,-902,154
40804505,-748,-1999,2500,-748,0,82.281333923339844,0,-748,-869,121
40824497,-787,-1999,2500,-787,0,85.106704711914062,0,-787,-836,49
40844489,-787,-1999,2500,-787,0,85.106704711914062,0,-787,-803,16
40864481,-787,-1999,2500,-787,0,85.106704711914062,0,-787,-771,-16
40884473,-787,-1999,2500,-787,0,85.106704711914062,0,-787,-741,-46
40904465,-787,-1999,2500,-787,0,85.106704711914062,0,-787,-711,-76
40924457,-805,-1999,2500,-805,0,87.285995483398438,0,-805,-682,-123
40944449,-805,-1999,2500,-805,0,87.285995483398438,0,-805,-656,-149
40964441,-805,-1999,2500,-805,0,87.285995483398438,0,-805,-631,-174
40984433,-805,-1999,2500,-805,0,87.285995483398438,0,-805,-608,-197
41004425,-805,-1999,2500,-805,0,87.285995483398438,0,-805,-587,-218
41024417,-810,-1999,2500,-810,0,88.562309265136719,0,-810,-568,-242
41044409,-810,-1999,2500,-810,0,88.562309265136719,0,-810,-554,-256
41064401,-810,-1999,2500,-810,0,88.562309265136719,0,-810,-544,-266
41084393,-810,-1999,2500,-810,0,88.562309265136719,0,-810,-537,-273
41104385,-810,-1999,2500,-810,0,88.562309265136719,0,-810,-534,-276
41124377,-767,-1999,2500,-767,0,89.205482482910156,0,-767,-532,-235
41144369,-767,-1999,2500,-767,0,89.205482482910156,0,-767,-531,-236
41164361,-767,-1999,2500,-767,0,89.205482482910156,0,-767,-532,-235
41184353,-767,-1999,2500,-767,0,89.205482482910156,0,-767,-536,-231
41204345,-767,-1999,2500,-767,0,89.205482482910156,0,-767,-540,-227
41224337,-672,-1999,2500,-672,0,89.300003051757812,0,-672,-545,-127
41244329,-672,-1999,2500,-672,0,89.300003051757812,0,-672,-552,-120
41264321,-672,-1999,2500,-672,0,89.300003051757812,0,-672,-561,-111
41284313,-672,-1999,2500,-672,0,89.300003051757812,0,-672,-571,-101
41305138,-672,-1999,2500,-672,0,89.300003051757812,0,-672,-581,-91
41325130,-586,-1999,2500,-586,0,88.851547241210938,0,-586,-591,5
41345122,-586,-1999,2500,-586,0,88.851547241210938,0,-586,-601,15
41365114,-586,-1999,2500,-586,0,88.851547241210938,0,-586,-609,23
41385106,-586,-1999,2500,-586,0,88.851547241210938,0,-586,-616,30
41405098,-586,-1999,2500,-586,0,88.851547241210938,0,-586,-621,35
41425090,-511,-1999,2500,-511,0,88.969436645507812,0,-511,-624,113
41445082,-511,-1999,2500,-511,0,88.969436645507812,0,-511,-624,113
41465074,-511,-1999,2500,-511,0,88.969436645507812,0,-511,-622,111
41485066,-511,-1999,2500,-511,0,88.969436645507812,0,-511,-619,108
41505058,-511,-1999,2500,-511,0,88.969436645507812,0,-511,-615,104
41525050,-488,-1999,2500,-488,0,89.118484497070312,0,-488,-609,121
41545042,-488,-1999,2500,-488,0,89.118484497070312,0,-488,-599,111
41565034,-488,-1999,2500,-488,0,89.118484497070312,0,-488,-588,100
41585026,-488,-1999,2500,-488,0,89.118484497070312,0,-488,-575,87
41605018,-488,-1999,2500,-488,0,89.118484497070312,0,-488,-561,73
41625010,-525,-1999,2500,-525,0,90.146148681640625,0,-525,-546,21
41645002,-525,-1999,2500,-525,0,90.146148681640625,0,-525,-530,5
41664994,-525,-1999,2500,-525,0,90.146148681640625,0,-525,-513,-12
41684986,-525,-1999,2500,-525,0,90.146148681640625,0,-525,-497,-28
41704978,-525,-1999,2500,-525,0,90.146148681640625,0,-525,-480,-45
41724970,-568,-1999,2500,-568,0,91.095771789550781,0,-568,-465,-103
41744962,-568,-1999,2500,-568,0,91.095771789550781,0,-568,-451,-117
41764954,-568,-1999,2500,-568,0,91.095771789550781,0,-568,-438,-130
41784946,-568,-1999,2500,-568,0,91.095771789550781,0,-568,-426,-142
41804938,-568,-1999,2500,-568,0,91.095771789550781,0,-568,-415,-153
41824930,-599,-1999,2500,-599,0,91.686996459960938,0,-599,-405,-194
41844922,-599,-1999,2500,-599,0,91.686996459960938,0,-599,-399,-200
41864914,-599,-1999,2500,-599,0,91.686996459960938,0,-599,-394,-205
41884906,-599,-1999,2500,-599,0,91.686996459960938,0,-599,-390,-209
41904898,-599,-1999,2500,-599,0,91.686996459960938,0,-599,-387,-212
41924890,-575,-1999,2500,-575,0,92.1063232421875,0,-575,-384,-191
41944882,-575,-1999,2500,-575,0,92.1063232421875,0,-575,-383,-192
41964874,-575,-1999,2500,-575,0,92.1063232421875,0,-575,-383,-192
41984866,-575,-1999,2500,-575,0,92.1063232421875,0,-575,-383,-192
42004858,-575,-1999,2500,-575,0,92.1063232421875,0,-575,-383,-192
42024850,-536,-1999,2500,-536,0,91.624290466308594,0,-536,-385,-151
42044842,-536,-1999,2500,-536,0,91.624290466308594,0,-536,-388,-148
42064834,-536,-1999,2500,-536,0,91.624290466308594,0,-536,-393,-143
42084826,-536,-1999,2500,-536,0,91.624290466308594,0,-536,-399,-137
42104818,-536,-1999,2500,-536,0,91.624290466308594,0,-536,-406,-130
42124810,-495,-1999,2500,-495,0,91.441314697265625,0,-495,-413,-82
42144802,-495,-1999,2500,-495,0,91.441314697265625,0,-495,-419,-76
42164794,-495,-1999,2500,-495,0,91.441314697265625,0,-495,-425,-70
42184786,-495,-1999,2500,-495,0,91.441314697265625,0,-495,-429,-66
42204778,-495,-1999,2500,-495,0,91.441314697265625,0,-495,-431,-64
42224770,-453,-1999,2500,-453,0,91.006546020507812,0,-453,-433,-20
42244762,-453,-1999,2500,-453,0,91.006546020507812,0,-453,-434,-19
42264754,-453,-1999,2500,-453,0,91.006546020507812,0,-453,-435,-18
42284746,-453,-1999,2500,-453,0,91.006546020507812,0,-453,-435,-18
42304738,-453,-1999,2500,-453,0,91.006546020507812,0,-453,-435,-18
42324730,-453,-1999,2500,-453,0,91.133377075195312,0,-453,-434,-19
42344722,-453,-1999,2500,-453,0,91.133377075195312,0,-453,-433,-20
42364714,-453,-1999,2500,-453,0,91.133377075195312,0,-453,-431,-22
42384706,-453,-1999,2500,-453,0,91.133377075195312,0,-453,-426,-27
42404698,-453,-1999,2500,-453,0,91.133377075195312,0,-453,-422,-31
42424690,-458,-1999,2500,-458,0,91.380859375,0,-458,-416,-42
42444682,-458,-1999,2500,-458,0,91.380859375,0,-458,-410,-48
42464674,-458,-1999,2500,-458,0,91.380859375,0,-458,-403,-55
42484666,-458,-1999,2500,-458,0,91.380859375,0,-458,-396,-62
42504658,-458,-1999,2500,-458,0,91.380859375,0,-458,-389,-69
42524650,-470,-1999,2500,-470,0,91.451957702636719,0,-470,-382,-88
42544642,-470,-1999,2500,-470,0,91.451957702636719,0,-470,-375,-95
42564634,-470,-1999,2500,-470,0,91.451957702636719,0,-470,-369,-101
42584626,-470,-1999,2500,-470,0,91.451957702636719,0,-470,-365,-105
42604618,-470,-1999,2500,-470,0,91.451957702636719,0,-470,-360,-110
42624610,-495,-1999,2500,-495,0,91.957679748535156,0,-495,-355,-140
42644602,-495,-1999,2500,-495,0,91.957679748535156,0,-495,-350,-145
42664594,-495,-1999,2500,-495,0,91.957679748535156,0,-495,-346,-149
42684586,-495,-1999,2500,-495,0,91.957679748535156,0,-495,-341,-154
42704578,-495,-1999,2500,-495,0,91.957679748535156,0,-495,-337,-158
42724570,-500,-1999,2500,-500,0,92.090431213378906,0,-500,-333,-167
42744562,-500,-1999,2500,-500,0,92.090431213378906,0,-500,-329,-171
42764554,-500,-1999,2500,-500,0,92.090431213378906,0,-500,-328,-172
42784546,-500,-1999,2500,-500,0,92.090431213378906,0,-500,-328,-172
42804538,-500,-1999,2500,-500,0,92.090431213378906,0,-500,-329,-171
42824530,-499,-1999,2500,-499,0,92.289100646972656,0,-499,-331,-168
42844522,-499,-1999,2500,-499,0,92.289100646972656,0,-499,-335,-164
42864514,-499,-1999,2500,-499,0,92.289100646972656,0,-499,-338,-161
42884506,-499,-1999,2500,-499,0,92.289100646972656,0,-499,-339,-160
42904498,-499,-1999,2500,-499,0,92.289100646972656,0,-499,-340,-159
42924490,-467,-1999,2500,-467,0,91.952690124511719,0,-467,-341,-126
42944482,-467,-1999,2500,-467,0,91.952690124511719,0,-467,-343,-124
42964474,-467,-1999,2500,-467,0,91.952690124511719,0,-467,-345,-122
42984466,-467,-1999,2500,-467,0,91.952690124511719,0,-467,-348,-119
43004458,-467,-1999,2500,-467,0,91.952690124511719,0,-467,-350,-117
43024450,-447,-1999,2500,-447,0,92.239692687988281,0,-447,-353,-94
43044442,-447,-1999,2500,-447,0,92.239692687988281,0,-447,-355,-92
43064434,-447,-1999,2500,-447,0,92.239692687988281,0,-447,-358,-89
43084426,-447,-1999,2500,-447,0,92.239692687988281,0,-447,-359,-88
43104418,-447,-1999,2500,-447,0,92.239692687988281,0,-447,-360,-87
43124410,-434,-1999,2500,-434,0,91.895034790039062,0,-434,-362,-72
43144402,-434,-1999,2500,-434,0,91.895034790039062,0,-434,-365,-69
43164394,-434,-1999,2500,-434,0,91.895034790039062,0,-434,-368,-66
43184386,-434,-1999,2500,-434,0,91.895034790039062,0,-434,-371,-63
43204378,-434,-1999,2500,-434,0,91.895034790039062,0,-434,-372,-62
43224370,-412,-1999,2500,-412,0,92.063018798828125,0,-412,-372,-40
43244362,-412,-1999,2500,-412,0,92.063018798828125,0,-412,-371,-41
43264354,-412,-1999,2500,-412,0,92.063018798828125,0,-412,-368,-44
43284346,-412,-1999,2500,-412,0,92.063018798828125,0,-412,-365,-47
43304338,-412,-1999,2500,-412,0,92.063018798828125,0,-412,-362,-50
43324330,-419,-2000,2500,-419,0,92.123199462890625,0,-419,-358,-61
43344322,-419,-1999,2500,-419,0,92.123199462890625,0,-419,-353,-66
43364314,-419,-1999,2500,-419,0,92.123199462890625,0,-419,-348,-71
43385139,-419,-1999,2500,-419,0,92.123199462890625,0,-419,-345,-74
43405131,-419,-1999,2500,-419,0,92.123199462890625,0,-419,-341,-78
43425123,-445,-1999,2500,-445,0,92.831611633300781,0,-445,-337,-108
43445115,-445,-1999,2500,-445,0,92.831611633300781,0,-445,-332,-113
43465107,-445,-1999,2500,-445,0,92.831611633300781,0,-445,-327,-118
43485099,-445,-1999,2500,-445,0,92.831611633300781,0,-445,-323,-122
43505091,-445,-1999,2500,-445,0,92.831611633300781,0,-445,-318,-127
43525083,-455,-1999,2500,-455,0,93.012565612792969,0,-455,-314,-141
43545075,-455,-1999,2500,-455,0,93.012565612792969,0,-455,-312,-143
43565067,-455,-1999,2500,-455,0,93.012565612792969,0,-455,-310,-145
43585059,-455,-1999,2500,-455,0,93.012565612792969,0,-455,-310,-145
43605051,-455,-1999,2500,-455,0,93.012565612792969,0,-455,-309,-146
43625043,-459,-1999,2500,-459,0,93.064651489257812,0,-459,-307,-152
43645035,-459,-2000,2500,-459,0,93.064651489257812,0,-459,-306,-153
43665027,-459,-1999,2500,-459,0,93.064651489257812,0,-459,-306,-153
43685019,-459,-1999,2500,-459,0,93.064651489257812,0,-459,-305,-154
43705011,-459,-1999,2500,-459,0,93.064651489257812,0,-459,-305,-154
43725003,-441,-1999,2500,-441,0,93.318435668945312,0,-441,-306,-135
43744995,-441,-1999,2500,-441,0,93.318435668945312,0,-441,-308,-133
43764987,-441,-1999,2500,-441,0,93.318435668945312,0,-441,-310,-131
43784979,-441,-1999,2500,-441,0,93.318435668945312,0,-441,-311,-130
43804971,-441,-1999,2500,-441,0,93.318435668945312,0,-441,-312,-129
43824963,-441,-1999,2500,-441,0,93.284324645996094,0,-441,-315,-126
43844955,-441,-1999,2500,-441,0,93.284324645996094,0,-441,-318,-123
43864947,-441,-1999,2500,-441,0,93.284324645996094,0,-441,-321,-120
43884939,-441,-1999,2500,-441,0,93.284324645996094,0,-441,-324,-117
43904931,-441,-1999,2500,-441,0,93.284324645996094,0,-441,-327,-114
43924923,-413,-1999,2500,-413,0,92.769554138183594,0,-413,-329,-84
43944915,-413,-1999,2500,-413,0,92.769554138183594,0,-413,-331,-82
43964907,-413,-1999,2500,-413,0,92.769554138183594,0,-413,-333,-80
43984899,-413,-1999,2500,-413,0,92.769554138183594,0,-413,-335,-78
44004891,-413,-1999,2500,-413,0,92.769554138183594,0,-413,-337,-76
44024883,-405,-1999,2500,-405,0,92.9901123046875,0,-405,-340,-65
44044875,-405,-1999,2500,-405,0,92.9901123046875,0,-405,-342,-63
44064867,-405,-1999,2500,-405,0,92.9901123046875,0,-405,-344,-61
44084859,-405,-1999,2500,-405,0,92.9901123046875,0,-405,-346,-59
44104851,-405,-1999,2500,-405,0,92.9901123046875,0,-405,-347,-58
44124843,-405,-1999,2500,-405,0,93.052597045898438,0,-405,-347,-58
44144835,-405,-1999,2500,-405,0,93.052597045898438,0,-405,-348,-57
44164827,-405,-1999,2500,-405,0,93.052597045898438,0,-405,-348,-57
44184819,-405,-1999,2500,-405,0,93.052597045898438,0,-405,-348,-57
44204811,-405,-1999,2500,-405,0,93.052597045898438,0,-405,-349,-56
44224803,-407,-1999,2500,-407,0,92.921356201171875,0,-407,-348,-59
44244795,-407,-1999,2500,-407,0,92.921356201171875,0,-407,-347,-60
44264787,-407,-1999,2500,-407,0,92.921356201171875,0,-407,-345,-62
44284779,-407,-1999,2500,-407,0,92.921356201171875,0,-407,-341,-66
44304771,-407,-1999,2500,-407,0,92.921356201171875,0,-407,-335,-72
44324763,-403,-1999,2500,-403,0,93.387771606445312,0,-403,-330,-73
44344755,-403,-1999,2500,-403,0,93.387771606445312,0,-403,-325,-78
44364747,-403,-1999,2500,-403,0,93.387771606445312,0,-403,-319,-84
44384739,-403,-1999,2500,-403,0,93.387771606445312,0,-403,-314,-89
44404731,-403,-1999,2500,-403,0,93.387771606445312,0,-403,-310,-93
44424723,-424,-1999,2500,-424,0,93.280723571777344,0,-424,-305,-119
44444715,-424,-1999,2500,-424,0,93.280723571777344,0,-424,-300,-124
44464707,-424,-1999,2500,-424,0,93.280723571777344,0,-424,-294,-130
44484699,-424,-1999,2500,-424,0,93.280723571777344,0,-424,-288,-136
44504691,-424,-1999,2500,-424,0,93.280723571777344,0,-424,-284,-140
44524683,-441,-1999,2500,-441,0,93.446418762207031,0,-441,-281,-160
44544675,-441,-1999,2500,-441,0,93.446418762207031,0,-441,-280,-161
44564667,-441,-1999,2500,-441,0,93.446418762207031,0,-441,-281,-160
44584659,-441,-1999,2500,-441,0,93.446418762207031,0,-441,-282,-159
44604651,-441,-1999,2500,-441,0,93.446418762207031,0,-441,-282,-159
44624643,-435,-1999,2500,-435,0,93.161117553710938,0,-435,-284,-151
44644635,-435,-1999,2500,-435,0,93.161117553710938,0,-435,-286,-149
44664627,-435,-1999,2500,-435,0,93.161117553710938,0,-435,-289,-146
44684619,-435,-1999,2500,-435,0,93.161117553710938,0,-435,-290,-145
44704611,-435,-1999,2500,-435,0,93.161117553710938,0,-435,-292,-143
44724603,-408,-1999,2500,-408,0,93.072021484375,0,-408,-295,-113
44744595,-408,-1999,2500,-408,0,93.072021484375,0,-408,-297,-111
44764587,-408,-1999,2500,-408,0,93.072021484375,0,-408,-299,-109
44784579,-408,-1999,2500,-408,0,93.072021484375,0,-408,-302,-106
44804571,-408,-1999,2500,-408,0,93.072021484375,0,-408,-304,-104
44824563,-403,-1999,2500,-403,0,93.078041076660156,0,-403,-305,-98
44844555,-403,-1999,2500,-403,0,93.078041076660156,0,-403,-306,-97
44864547,-403,-1999,2500,-403,0,93.078041076660156,0,-403,-308,-95
44884539,-403,-1999,2500,-403,0,93.078041076660156,0,-403,-312,-91
44904531,-403,-1999,2500,-403,0,93.078041076660156,0,-403,-314,-89
44924523,-409,-1999,2500,-409,0,92.926620483398438,0,-409,-316,-93
44944515,-409,-1999,2500,-409,0,92.926620483398438,0,-409,-316,-93
44964507,-409,-1999,2500,-409,0,92.926620483398438,0,-409,-315,-94
44984499,-409,-1999,2500,-409,0,92.926620483398438,0,-409,-314,-95
45004491,-409,-1999,2500,-409,0,92.926620483398438,0,-409,-315,-94
45024483,-407,-1999,2500,-407,0,93.25921630859375,0,-407,-317,-90
45044475,-407,-1999,2500,-407,0,93.25921630859375,0,-407,-319,-88
45064467,-407,-1999,2500,-407,0,93.25921630859375,0,-407,-319,-88
45084459,-407,-1999,2500,-407,0,93.25921630859375,0,-407,-320,-87
45104451,-407,-1999,2500,-407,0,93.25921630859375,0,-407,-320,-87
45124443,-399,-1999,2500,-399,0,93.341201782226562,0,-399,-321,-78
45144435,-399,-1999,2500,-399,0,93.341201782226562,0,-399,-321,-78
45164427,-399,-1999,2500,-399,0,93.341201782226562,0,-399,-321,-78
45184419,-399,-1999,2500,-399,0,93.341201782226562,0,-399,-322,-77
45204411,-399,-1999,2500,-399,0,93.341201782226562,0,-399,-321,-78
45224403,-385,-1999,2500,-385,0,93.280235290527344,0,-385,-320,-65
45244395,-385,-1999,2500,-385,0,93.280235290527344,0,-385,-318,-67
45264387,-385,-1999,2500,-385,0,93.280235290527344,0,-385,-315,-70
45284379,-385,-1999,2500,-385,0,93.280235290527344,0,-385,-311,-74
45304371,-385,-1999,2500,-385,0,93.280235290527344,0,-385,-308,-77
45324363,-387,-1999,2500,-387,0,93.188346862792969,0,-387,-307,-80
45344355,-387,-1999,2500,-387,0,93.188346862792969,0,-387,-307,-80
45364347,-387,-2000,2500,-387,0,93.188346862792969,0,-387,-306,-81
45384339,-387,-1999,2500,-387,0,93.188346862792969,0,-387,-305,-82
45404331,-387,-1999,2500,-387,0,93.188346862792969,0,-387,-305,-82
45424323,-394,-1999,2500,-394,0,93.284202575683594,0,-394,-304,-90
45444315,-394,-1999,2500,-394,0,93.284202575683594,0,-394,-303,-91
45465140,-394,-1999,2500,-394,0,93.284202575683594,0,-394,-301,-93
45485132,-394,-1999,2500,-394,0,93.284202575683594,0,-394,-298,-96
45505124,-394,-1999,2500,-394,0,93.284202575683594,0,-394,-295,-99
45525116,-400,-1999,2500,-400,0,93.381584167480469,0,-400,-292,-108
45545108,-400,-1999,2500,-400,0,93.381584167480469,0,-400,-290,-110
45565100,-400,-1999,2500,-400,0,93.381584167480469,0,-400,-287,-113
45585092,-400,-1999,2500,-400,0,93.381584167480469,0,-400,-283,-117
45605084,-400,-2000,2500,-400,0,93.381584167480469,0,-400,-280,-120
45625076,-403,-1999,2500,-403,0,93.543205261230469,0,-403,-279,-124
45645068,-403,-1999,2500,-403,0,93.543205261230469,0,-403,-278,-125
45665060,-403,-1999,2500,-403,0,93.543205261230469,0,-403,-279,-124
45685052,-403,-1999,2500,-403,0,93.543205261230469,0,-403,-279,-124
45705044,-403,-2000,2500,-403,0,93.543205261230469,0,-403,-281,-122
45725036,-402,-2000,2500,-402,0,93.137451171875,0,-402,-281,-121
45745028,-402,-2000,2500,-402,0,93.137451171875,0,-402,-280,-122
45765020,-402,-2000,2500,-402,0,93.137451171875,0,-402,-280,-122
45785012,-402,-2000,2500,-402,0,93.137451171875,0,-402,-279,-123
45805004,-402,-1999,2500,-402,0,93.137451171875,0,-402,-278,-124
45824996,-403,-1999,2500,-403,0,93.028900146484375,0,-403,-277,-126
45844988,-403,-1999,2500,-403,0,93.028900146484375,0,-403,-277,-126
45864980,-403,-1999,2500,-403,0,93.028900146484375,0,-403,-277,-126
45884972,-403,-1999,2500,-403,0,93.028900146484375,0,-403,-278,-125
45904964,-403,-1999,2500,-403,0,93.028900146484375,0,-403,-278,-125
45924956,-402,-1999,2500,-402,0,93.066879272460938,0,-402,-280,-122
45944948,-402,-1999,2500,-402,0,93.066879272460938,0,-402,-283,-119
45964940,-402,-1999,2500,-402,0,93.066879272460938,0,-402,-285,-117
45984932,-402,-1999,2500,-402,0,93.066879272460938,0,-402,-286,-116
46004924,-402,-1999,2500,-402,0,93.066879272460938,0,-402,-289,-113
46024916,-399,-1999,2500,-399,0,92.717445373535156,0,-399,-292,-107
46044908,-399,-1999,2500,-399,0,92.717445373535156,0,-399,-295,-104
46064900,-399,-1999,2500,-399,0,92.717445373535156,0,-399,-298,-101
46084892,-399,-1999,2500,-399,0,92.717445373535156,0,-399,-302,-97
46104884,-399,-1999,2500,-399,0,92.717445373535156,0,-399,-305,-94
46124876,-375,-1999,2500,-375,0,92.718421936035156,0,-375,-308,-67
46144868,-375,-1999,2500,-375,0,92.718421936035156,0,-375,-310,-65
46164860,-375,-1999,2500,-375,0,92.718421936035156,0,-375,-309,-66
46184852,-375,-1999,2500,-375,0,92.718421936035156,0,-375,-309,-66
46204844,-375,-1999,2500,-375,0,92.718421936035156,0,-375,-309,-66
46224836,-380,-1999,2500,-380,0,92.274673461914062,0,-380,-308,-72
46244828,-380,-1999,2500,-380,0,92.274673461914062,0,-380,-308,-72
46264820,-380,-1999,2500,-380,0,92.274673461914062,0,-380,-307,-73
46284812,-380,-1999,2500,-380,0,92.274673461914062,0,-380,-305,-75
46304804,-380,-1999,2500,-380,0,92.274673461914062,0,-380,-304,-76
46324796,-398,-1999,2500,-398,0,92.538726806640625,0,-398,-301,-97
46344788,-398,-1999,2500,-398,0,92.538726806640625,0,-398,-297,-101
46364780,-398,-1999,2500,-398,0,92.538726806640625,0,-398,-294,-104
46384772,-398,-1999,2500,-398,0,92.538726806640625,0,-398,-291,-107
46404764,-398,-1999,2500,-398,0,92.538726806640625,0,-398,-289,-109
46424756,-412,-1999,2500,-412,0,92.500312805175781,0,-412,-290,-122
46444748,-412,-1999,2500,-412,0,92.500312805175781,0,-412,-292,-120
46464740,-412,-1999,2500,-412,0,92.500312805175781,0,-412,-294,-118
46484732,-412,-1999,2500,-412,0,92.500312805175781,0,-412,-297,-115
46504724,-412,-1999,2500,-412,0,92.500312805175781,0,-412,-299,-113
46524716,-395,-1999,2500,-395,0,92.272529602050781,0,-395,-302,-93
46544708,-395,-1999,2500,-395,0,92.272529602050781,0,-395,-304,-91
46564700,-395,-1999,2500,-395,0,92.272529602050781,0,-395,-306,-89
46584692,-395,-1999,2500,-395,0,92.272529602050781,0,-395,-307,-88
46604684,-395,-1999,2500,-395,0,92.272529602050781,0,-395,-309,-86
46624676,-376,-1999,2500,-376,0,92.324844360351562,0,-376,-312,-64
46644668,-376,-1999,2500,-376,0,92.324844360351562,0,-376,-316,-60
46664660,-376,-1999,2500,-376,0,92.324844360351562,0,-376,-320,-56
46684652,-376,-1999,2500,-376,0,92.324844360351562,0,-376,-323,-53
46704644,-376,-1999,2500,-376,0,92.324844360351562,0,-376,-324,-52
46724636,-372,-1999,2500,-372,0,91.796859741210938,0,-372,-325,-47
46744628,-372,-2000,2500,-372,0,91.796859741210938,0,-372,-325,-47
46764620,-372,-2000,2500,-372,0,91.796859741210938,0,-372,-326,-46
46784612,-372,-1999,2500,-372,0,91.796859741210938,0,-372,-329,-43
46804604,-372,-2000,2500,-372,0,91.796859741210938,0,-372,-330,-42
46824596,-365,-2000,2500,-365,0,91.901504516601562,0,-365,-330,-35
46844588,-365,-2000,2500,-365,0,91.901504516601562,0,-365,-328,-37
46864580,-365,-2000,2500,-365,0,91.901504516601562,0,-365,-325,-40
46884572,-365,-2000,2500,-365,0,91.901504516601562,0,-365,-320,-45
46904564,-365,-1999,2500,-365,0,91.901504516601562,0,-365,-315,-50
46924556,-388,-1999,2500,-388,0,92.1568603515625,0,-388,-311,-77
46944548,-388,-1999,2500,-388,0,92.1568603515625,0,-388,-307,-81
46964540,-388,-1999,2500,-388,0,92.1568603515625,0,-388,-303,-85
46984532,-388,-1999,2500,-388,0,92.1568603515625,0,-388,-299,-89
47004524,-388,-1999,2500,-388,0,92.1568603515625,0,-388,-296,-92
47024516,-397,-1999,2500,-397,0,91.969993591308594,0,-397,-294,-103
47044508,-397,-1999,2500,-397,0,91.969993591308594,0,-397,-292,-105
47064500,-397,-1999,2500,-397,0,91.969993591308594,0,-397,-289,-108
47084492,-397,-1999,2500,-397,0,91.969993591308594,0,-397,-286,-111
47104484,-397,-1999,2500,-397,0,91.969993591308594,0,-397,-285,-112
47124476,-408,-1999,2500,-408,0,92.446693420410156,0,-408,-283,-125
47144468,-408,-1999,2500,-408,0,92.446693420410156,0,-408,-281,-127
47164460,-408,-1999,2500,-408,0,92.446693420410156,0,-408,-279,-129
47184452,-408,-1999,2500,-408,0,92.446693420410156,0,-408,-278,-130
47204444,-408,-1999,2500,-408,0,92.446693420410156,0,-408,-277,-131
47224436,-399,-2000,2500,-399,0,92.1103515625,0,-399,-276,-123
47244428,-399,-1999,2500,-399,0,92.1103515625,0,-399,-278,-121
47264420,-399,-1999,2500,-399,0,92.1103515625,0,-399,-282,-117
47284412,-399,-1999,2500,-399,0,92.1103515625,0,-399,-287,-112
47304404,-399,-1999,2500,-399,0,92.1103515625,0,-399,-290,-109
47324396,-389,-1999,2500,-389,0,91.675582885742188,0,-389,-293,-96
47344388,-389,-1999,2500,-389,0,91.675582885742188,0,-389,-295,-94
47364380,-389,-1999,2500,-389,0,91.675582885742188,0,-389,-296,-93
47384372,-389,-1999,2500,-389,0,91.675582885742188,0,-389,-297,-92
47404364,-389,-1999,2500,-389,0,91.675582885742188,0,-389,-299,-90
47424356,-390,-1999,2500,-390,0,91.722335815429688,0,-390,-300,-90
47444348,-390,-1999,2500,-390,0,91.722335815429688,0,-390,-302,-88
47464340,-390,-1999,2500,-390,0,91.722335815429688,0,-390,-304,-86
47484332,-390,-1999,2500,-390,0,91.722335815429688,0,-390,-308,-82
47504324,-390,-1999,2500,-390,0,91.722335815429688,0,-390,-311,-79
47524316,-384,-1999,2500,-384,0,91.814064025878906,0,-384,-315,-69
47545141,-384,-1999,2500,-384,0,91.814064025878906,0,-384,-319,-65
47565133,-384,-1999,2500,-384,0,91.814064025878906,0,-384,-322,-62
47585125,-384,-1999,2500,-384,0,91.814064025878906,0,-384,-325,-59
47605117,-384,-1999,2500,-384,0,91.814064025878906,0,-384,-327,-57
47625109,-352,-1999,2500,-352,0,91.673568725585938,0,-352,-328,-24
47645101,-352,-1999,2500,-352,0,91.673568725585938,0,-352,-329,-23
47665093,-352,-1999,2500,-352,0,91.673568725585938,0,-352,-330,-22
47685085,-352,-1999,2500,-352,0,91.673568725585938,0,-352,-330,-22
47705077,-352,-1999,2500,-352,0,91.673568725585938,0,-352,-331,-21
47725069,-364,-1999,2500,-364,0,91.37860107421875,0,-364,-331,-33
47745061,-364,-1999,2500,-364,0,91.37860107421875,0,-364,-331,-33
47765053,-364,-1999,2500,-364,0,91.37860107421875,0,-364,-330,-34
47785045,-364,-1999,2500,-364,0,91.37860107421875,0,-364,-327,-37
47805037,-364,-1999,2500,-364,0,91.37860107421875,0,-364,-323,-41
47825029,-372,-1999,2500,-372,0,91.699104309082031,0,-372,-318,-54
47845021,-372,-1999,2500,-372,0,91.699104309082031,0,-372,-311,-61
47865013,-372,-1999,2500,-372,0,91.699104309082031,0,-372,-305,-67
47885005,-372,-1999,2500,-372,0,91.699104309082031,0,-372,-300,-72
47904997,-372,-1999,2500,-372,0,91.699104309082031,0,-372,-295,-77
47924989,-413,-1999,2500,-413,0,91.7108154296875,0,-413,-291,-122
47944981,-413,-1999,2500,-413,0,91.7108154296875,0,-413,-288,-125
47964973,-413,-1999,2500,-413,0,91.7108154296875,0,-413,-286,-127
47984965,-413,-1999,2500,-413,0,91.7108154296875,0,-413,-286,-127
48004957,-413,-1999,2500,-413,0,91.7108154296875,0,-413,-286,-127
48024949,-419,-1999,2500,-419,0,91.962905883789062,0,-419,-286,-133
48044941,-419,-1999,2500,-419,0,91.962905883789062,0,-419,-286,-133
48064933,-419,-1999,2500,-419,0,91.962905883789062,0,-419,-286,-133
48084925,-419,-1999,2500,-419,0,91.962905883789062,0,-419,-287,-132
48104917,-419,-1999,2500,-419,0,91.962905883789062,0,-419,-288,-131
48124909,-402,-1999,2500,-402,0,91.859077453613281,0,-402,-288,-114
48144901,-402,-1999,2500,-402,0,91.859077453613281,0,-402,-287,-115
48164893,-402,-1999,2500,-402,0,91.859077453613281,0,-402,-288,-114
48184885,-402,-1999,2500,-402,0,91.859077453613281,0,-402,-291,-111
48204877,-402,-1999,2500,-402,0,91.859077453613281,0,-402,-295,-107
48224869,-398,-1999,2500,-398,0,91.293113708496094,0,-398,-299,-99
48244861,-398,-1999,2500,-398,0,91.293113708496094,0,-398,-303,-95
48264853,-398,-1999,2500,-398,0,91.293113708496094,0,-398,-307,-91
48284845,-398,-1999,2500,-398,0,91.293113708496094,0,-398,-311,-87
48304837,-398,-1999,2500,-398,0,91.293113708496094,0,-398,-316,-82
48324829,-379,-1999,2500,-379,0,91.174827575683594,0,-379,-319,-60
48344821,-379,-1999,2500,-379,0,91.174827575683594,0,-379,-321,-58
48364813,-379,-1999,2500,-379,0,91.174827575683594,0,-379,-324,-55
48384805,-379,-1999,2500,-379,0,91.174827575683594,0,-379,-325,-54
48404797,-379,-1999,2500,-379,0,91.174827575683594,0,-379,-326,-53
48424789,-381,-1999,2500,-381,0,90.813827514648438,0,-381,-328,-53
48444781,-381,-1999,2500,-381,0,90.813827514648438,0,-381,-328,-53
48464773,-381,-1999,2500,-381,0,90.813827514648438,0,-381,-328,-53
48484765,-381,-1999,2500,-381,0,90.813827514648438,0,-381,-329,-52
48504757,-381,-1999,2500,-381,0,90.813827514648438,0,-381,-328,-53
48524749,-380,-1999,2500,-380,0,90.843612670898438,0,-380,-327,-53
48544741,-380,-1999,2500,-380,0,90.843612670898438,0,-380,-326,-54
48564733,-380,-1999,2500,-380,0,90.843612670898438,0,-380,-324,-56
48584725,-380,-1999,2500,-380,0,90.843612670898438,0,-380,-323,-57
48604717,-380,-1999,2500,-380,0,90.843612670898438,0,-380,-322,-58
48624709,-388,-1999,2500,-388,0,90.966445922851562,0,-388,-323,-65
48644701,-388,-1999,2500,-388,0,90.966445922851562,0,-388,-323,-65
48664693,-388,-2000,2500,-388,0,90.966445922851562,0,-388,-323,-65
48684685,-388,-2000,2500,-388,0,90.966445922851562,0,-388,-321,-67
48704677,-388,-2000,2500,-388,0,90.966445922851562,0,-388,-319,-69
48724669,-397,-1999,2500,-397,0,90.906234741210938,0,-397,-318,-79
48744661,-397,-1999,2500,-397,0,90.906234741210938,0,-397,-316,-81
48764653,-397,-1999,2500,-397,0,90.906234741210938,0,-397,-315,-82
48784645,-397,-1999,2500,-397,0,90.906234741210938,0,-397,-313,-84
48804637,-397,-2000,2500,-397,0,90.906234741210938,0,-397,-312,-85
48824629,-407,-1999,2500,-407,0,90.701553344726562,0,-407,-310,-97
48844621,-407,-1999,2500,-407,0,90.701553344726562,0,-407,-310,-97
48864613,-407,-1999,2500,-407,0,90.701553344726562,0,-407,-310,-97
48884605,-407,-1999,2500,-407,0,90.701553344726562,0,-407,-310,-97
48904597,-407,-1999,2500,-407,0,90.701553344726562,0,-407,-310,-97
48924589,-405,-1999,2500,-405,0,90.967330932617188,0,-405,-310,-95
48944581,-405,-1999,2500,-405,0,90.967330932617188,0,-405,-310,-95
48964573,-405,-1999,2500,-405,0,90.967330932617188,0,-405,-309,-96
48984565,-405,-1999,2500,-405,0,90.967330932617188,0,-405,-308,-97
49004557,-405,-1999,2500,-405,0,90.967330932617188,0,-405,-307,-98
49024549,-409,-1999,2500,-409,0,90.726493835449219,0,-409,-305,-104
49044541,-409,-1999,2500,-409,0,90.726493835449219,0,-409,-304,-105
49064533,-409,-1999,2500,-409,0,90.726493835449219,0,-409,-303,-106
49084525,-409,-1999,2500,-409,0,90.726493835449219,0,-409,-305,-104
49104517,-409,-1999,2500,-409,0,90.726493835449219,0,-409,-308,-101
49124509,-373,-1999,2500,-373,0,91.047393798828125,0,-373,-310,-63
49144501,-373,-1999,2500,-373,0,91.047393798828125,0,-373,-313,-60
49164493,-373,-1999,2500,-373,0,91.047393798828125,0,-373,-315,-58
49184485,-373,-1999,2500,-373,0,91.047393798828125,0,-373,-318,-55
49204477,-373,-1999,2500,-373,0,91.047393798828125,0,-373,-321,-52
49224469,-312,-1999,2500,-312,0,91.327781677246094,0,-312,-324,12
49244461,-312,-1999,2500,-312,0,91.327781677246094,0,-312,-327,15
49264453,-312,-1998,2500,-312,0,91.327781677246094,0,-312,-328,16
49284445,-312,-1997,2500,-312,0,91.327781677246094,0,-312,-328,16
49304437,-312,-1995,2500,-312,0,91.327781677246094,0,-312,-328,16
49324429,-255,-1992,2500,-255,0,91.303749084472656,0,-255,-328,73
49344421,-255,-1987,2500,-255,0,91.303749084472656,0,-255,-328,73
49364413,-255,-1981,2500,-255,0,91.303749084472656,0,-255,-327,72
49384405,-255,-1974,2500,-255,0,91.303749084472656,0,-255,-326,71
49404397,-255,-1965,2500,-255,0,91.303749084472656,0,-255,-325,70
49424389,-233,-1954,2500,-233,0,92.1998291015625,0,-233,-321,88
49444381,-233,-1941,2500,-233,0,92.1998291015625,0,-233,-318,85
49464373,-233,-1926,2500,-233,0,92.1998291015625,0,-233,-314,81
49484365,-233,-1910,2500,-233,0,92.1998291015625,0,-233,-309,76
49504357,-233,-1891,2500,-233,0,92.1998291015625,0,-233,-303,70
49524349,-218,-1870,2500,-218,0,93.594657897949219,0,-218,-295,77
49544341,-218,-1848,2500,-218,0,93.594657897949219,0,-218,-288,70
49564333,-218,-1823,2500,-218,0,93.594657897949219,0,-218,-281,63
49584325,-218,-1797,2500,-218,0,93.594657897949219,0,-218,-274,56
49604317,-218,-1768,2500,-218,0,93.594657897949219,0,-218,-266,48
49625142,-194,-1738,2500,-194,0,96.386726379394531,0,-194,-257,63
49645134,-194,-1707,2500,-194,0,96.386726379394531,0,-194,-247,53
49665126,-194,-1673,2500,-194,0,96.386726379394531,0,-194,-237,43
49685118,-194,-1638,2500,-194,0,96.386726379394531,0,-194,-229,35
49705110,-194,-1600,2500,-194,0,96.386726379394531,0,-194,-220,26
49725102,-156,-1561,2500,-156,0,100,0,-156,-211,55
49745094,-156,-1520,2500,-156,0,100,0,-156,-204,48
49765086,-156,-1478,2500,-156,0,100,0,-156,-197,41
49785078,-156,-1434,2500,-156,0,100,0,-156,-191,35
49805070,-156,-1389,2500,-156,0,100,0,-156,-184,28
49825062,-49,-1343,2500,-49,0,91.122817993164062,0,-49,-178,129
49845054,-49,-1296,2500,-49,0,91.122817993164062,0,-49,-170,121
49865046,-49,-1249,2500,-49,0,91.122817993164062,0,-49,-161,112
49885038,-49,-1201,2500,-49,0,91.122817993164062,0,-49,-151,102
49905030,-49,-1153,2500,-49,0,91.122817993164062,0,-49,-140,91
49925022,2,-1106,2500,2,0,53.696762084960938,0,2,-128,130
49945014,2,-1061,2500,2,0,53.696762084960938,0,2,-115,117
49965006,2,-1017,2500,2,0,53.696762084960938,0,2,-102,104
49984998,2,-976,2500,2,0,53.696762084960938,0,2,-89,91
50004990,2,-937,2500,2,0,53.696762084960938,0,2,-73,75
50024982,-78,-901,2500,-78,0,38.652488708496094,0,-78,-57,-21
50044974,-78,-868,2500,-78,0,38.652488708496094,0,-78,-41,-37
50064966,-78,-838,2500,-78,0,38.652488708496094,0,-78,-24,-54
50084958,-78,-812,2500,-78,0,38.652488708496094,0,-78,-7,-71
50104950,-78,-789,2500,-78,0,38.652488708496094,0,-78,10,-88
50124942,-207,-770,2500,-207,0,48.759601593017578,0,-207,28,-235
50144934,-207,-754,2500,-207,0,48.759601593017578,0,-207,45,-252
50164926,-207,-741,2500,-207,0,48.759601593017578,0,-207,63,-270
50184918,-207,-731,2500,-207,0,48.759601593017578,0,-207,80,-287
50204910,-207,-724,2500,-207,0,48.759601593017578,0,-207,98,-305
50224902,-336,-720,2500,-336,0,43.167781829833984,0,-336,114,-450
50244894,-336,-718,2500,-336,0,43.167781829833984,0,-336,130,-466
50264886,-336,-718,2500,-336,0,43.167781829833984,0,-336,144,-480
50284878,-336,-720,2500,-336,0,43.167781829833984,0,-336,157,-493
50304870,-336,-723,2500,-336,0,43.167781829833984,0,-336,169,-505
50324862,-467,-728,2500,-467,0,53.163780212402344,0,-467,181,-648
50344854,-467,-735,2500,-467,0,53.163780212402344,0,-467,192,-659
50364846,-467,-742,2500,-467,0,53.163780212402344,0,-467,202,-669
50384838,-467,-750,2500,-467,0,53.163780212402344,0,-467,212,-679
50404830,-467,-759,2500,-467,0,53.163780212402344,0,-467,220,-687
50424822,-599,-769,2500,-599,0,63.159774780273438,0,-599,228,-827
50444814,-599,-779,2500,-599,0,63.159774780273438,0,-599,234,-833
50464806,-599,-790,2500,-599,0,63.159774780273438,0,-599,238,-837
50484798,-599,-800,2500,-599,0,63.159774780273438,0,-599,242,-841
50504790,-599,-811,2500,-599,0,63.159774780273438,0,-599,245,-844
50524782,-733,-821,2500,-733,0,73.600448608398438,0,-733,247,-980
50544774,-733,-832,2500,-733,0,73.600448608398438,0,-733,248,-981
50564766,-733,-843,2500,-733,0,73.600448608398438,0,-733,246,-979
50584758,-733,-853,2500,-733,0,73.600448608398438,0,-733,241,-974
50604750,-733,-864,2500,-733,0,73.600448608398438,0,-733,235,-968
50624742,-868,-873,2500,-868,0,84.11322021484375,0,-868,227,-1095
50644734,-868,-882,2500,-868,0,84.11322021484375,0,-868,217,-1085
50664726,-868,-891,2500,-868,0,84.11322021484375,0,-868,206,-1074
50684718,-868,-899,2500,-868,0,84.11322021484375,0,-868,194,-1062
50704710,-868,-907,2500,-868,0,84.11322021484375,0,-868,182,-1050
50724702,-996,-914,2500,-914,0,94.666717529296875,0,-914,168,-1082
50744694,-996,-921,2500,-921,0,94.666717529296875,0,-921,151,-1072
50764686,-996,-927,2500,-927,0,94.666717529296875,0,-927,132,-1059
50784678,-996,-933,2500,-933,0,94.666717529296875,0,-933,113,-1046
50804670,-996,-938,2500,-938,0,94.666717529296875,0,-938,92,-1030
50824662,-861,-943,2500,-861,0,90.42401123046875,0,-861,71,-932
50844654,-861,-947,2500,-861,0,90.42401123046875,0,-861,50,-911
50864646,-861,-950,2500,-861,0,90.42401123046875,0,-861,30,-891
50884638,-861,-954,2500,-861,0,90.42401123046875,0,-861,9,-870
50904630,-861,-957,2500,-861,0,90.42401123046875,0,-861,-12,-849
50924622,-726,-959,2500,-726,0,85.778167724609375,0,-726,-34,-692
50944614,-726,-961,2500,-726,0,85.778167724609375,0,-726,-58,-668
50964606,-726,-963,2500,-726,0,85.778167724609375,0,-726,-82,-644
50984598,-726,-964,2500,-726,0,85.778167724609375,0,-726,-106,-620
51004590,-726,-964,2500,-726,0,85.778167724609375,0,-726,-128,-598
51024582,-592,-964,2500,-592,0,83.197227478027344,0,-592,-151,-441
51044574,-592,-965,2500,-592,0,83.197227478027344,0,-592,-172,-420
51064566,-592,-964,2500,-592,0,83.197227478027344,0,-592,-192,-400
51084558,-592,-964,2500,-592,0,83.197227478027344,0,-592,-209,-383
51104550,-592,-963,2500,-592,0,83.197227478027344,0,-592,-225,-367
51124542,-458,-962,2500,-458,0,82.764335632324219,0,-458,-239,-219
51144534,-458,-961,2500,-458,0,82.764335632324219,0,-458,-252,-206
51164526,-458,-960,2500,-458,0,82.764335632324219,0,-458,-264,-194
51184518,-458,-959,2500,-458,0,82.764335632324219,0,-458,-274,-184
51204510,-458,-958,2500,-458,0,82.764335632324219,0,-458,-283,-175
51224502,-324,-957,2500,-324,0,84.864593505859375,0,-324,-289,-35
51244494,-324,-956,2500,-324,0,84.864593505859375,0,-324,-293,-31
51264486,-324,-954,2500,-324,0,84.864593505859375,0,-324,-295,-29
51284478,-324,-953,2500,-324,0,84.864593505859375,0,-324,-295,-29
51304470,-324,-951,2500,-324,0,84.864593505859375,0,-324,-293,-31
51324462,-190,-950,2500,-190,0,88.520233154296875,0,-190,-289,99
51344454,-190,-948,2500,-190,0,88.520233154296875,0,-190,-284,94
51364446,-190,-947,2500,-190,0,88.520233154296875,0,-190,-277,87
51384438,-190,-946,2500,-190,0,88.520233154296875,0,-190,-269,79
51404430,-190,-945,2500,-190,0,88.520233154296875,0,-190,-259,69
51424422,-56,-945,2500,-56,0,92.507682800292969,0,-56,-249,193
51444414,-56,-945,2500,-56,0,92.507682800292969,0,-56,-236,180
51464406,-56,-944,2500,-56,0,92.507682800292969,0,-56,-223,167
51484398,-56,-943,2500,-56,0,92.507682800292969,0,-56,-208,152
51504390,-56,-942,2500,-56,0,92.507682800292969,0,-56,-193,137
51524382,52,-940,2500,52,0,96.267448425292969,0,52,-176,228
51544374,52,-939,2500,52,0,96.267448425292969,0,52,-159,211
51564366,52,-938,2500,52,0,96.267448425292969,0,52,-142,194
51584358,52,-937,2500,52,0,96.267448425292969,0,52,-124,176
51604350,52,-936,2500,52,0,96.267448425292969,0,52,-105,157
51624342,94,-935,2500,94,0,99.915794372558594,0,94,-85,179
51644334,94,-934,2500,94,0,99.915794372558594,0,94,-64,158
51664326,94,-933,2500,94,0,99.915794372558594,0,94,-42,136
51684318,94,-932,2500,94,0,99.915794372558594,0,94,-19,113
51704310,94,-931,2500,94,0,99.915794372558594,0,94,3,91
51725135,131,-930,2500,131,0,100,0,131,28,103
51745127,131,-929,2500,131,0,100,0,131,52,79
51765119,131,-927,2500,131,0,100,0,131,77,54
51785111,131,-926,2500,131,0,100,0,131,102,29
51805103,131,-924,2500,131,0,100,0,131,125,6
51825095,175,-922,2500,175,0,93.266998291015625,0,175,148,27
51845087,175,-921,2500,175,0,93.266998291015625,0,175,172,3
51865079,175,-919,2500,175,0,93.266998291015625,0,175,194,-19
51885071,175,-916,2500,175,0,93.266998291015625,0,175,216,-41
51905063,175,-914,2500,175,0,93.266998291015625,0,175,238,-63
51925055,126,-912,2500,126,0,94.663848876953125,0,126,259,-133
51945047,126,-910,2500,126,0,94.663848876953125,0,126,279,-153
51965039,126,-909,2500,126,0,94.663848876953125,0,126,299,-173
51985031,126,-906,2500,126,0,94.663848876953125,0,126,317,-191
52005023,126,-904,2500,126,0,94.663848876953125,0,126,334,-208
52025015,23,-902,2500,23,0,100,0,23,348,-325
52045007,23,-900,2500,23,0,100,0,23,361,-338
52064999,23,-899,2500,23,0,100,0,23,375,-352
52084991,23,-897,2500,23,0,100,0,23,391,-368
52104983,23,-895,2500,23,0,100,0,23,406,-383
52124975,17,-893,2500,17,0,95.447914123535156,0,17,419,-402
52144967,17,-892,2500,17,0,95.447914123535156,0,17,431,-414
52164959,17,-890,2500,17,0,95.447914123535156,0,17,442,-425
52184951,17,-889,2500,17,0,95.447914123535156,0,17,452,-435
52204943,17,-887,2500,17,0,95.447914123535156,0,17,462,-445
52224935,20,-886,2500,20,0,100,0,20,470,-450
52244927,20,-885,2500,20,0,100,0,20,475,-455
52264919,20,-884,2500,20,0,100,0,20,480,-460
52284911,20,-883,2500,20,0,100,0,20,484,-464
52304903,20,-883,2500,20,0,100,0,20,488,-468
52324895,30,-883,2500,30,0,95.44683837890625,0,30,491,-461
52344887,30,-882,2500,30,0,95.44683837890625,0,30,494,-464
52364879,30,-881,2500,30,0,95.44683837890625,0,30,497,-467
52384871,30,-881,2500,30,0,95.44683837890625,0,30,500,-470
52404863,30,-880,2500,30,0,95.44683837890625,0,30,501,-471
52424855,76,-880,2500,76,0,100,0,76,500,-424
52444847,76,-881,2500,76,0,100,0,76,500,-424
52464839,76,-881,2500,76,0,100,0,76,498,-422
52484831,76,-882,2500,76,0,100,0,76,497,-421
52504823,76,-882,2500,76,0,100,0,76,497,-421
52524815,92,-883,2500,92,0,95.419647216796875,0,92,498,-406
52544807,92,-884,2500,92,0,95.419647216796875,0,92,498,-406
52564799,92,-885,2500,92,0,95.419647216796875,0,92,497,-405
52584791,92,-886,2500,92,0,95.419647216796875,0,92,495,-403
52604783,92,-887,2500,92,0,95.419647216796875,0,92,494,-402
52624775,132,-888,2500,132,0,100,0,132,494,-362
52644767,132,-889,2500,132,0,100,0,132,494,-362
52664759,132,-889,2500,132,0,100,0,132,494,-362
52684751,132,-889,2500,132,0,100,0,132,495,-363
52704743,132,-889,2500,132,0,100,0,132,499,-367
52724735,138,-889,2500,138,0,95.386360168457031,0,138,503,-365
52744727,138,-889,2500,138,0,95.386360168457031,0,138,507,-369
52764719,138,-888,2500,138,0,95.386360168457031,0,138,509,-371
52784711,138,-888,2500,138,0,95.386360168457031,0,138,511,-373
52804703,138,-888,2500,138,0,95.386360168457031,0,138,513,-375
52824695,140,-888,2500,140,0,100,0,140,513,-373
52844687,140,-887,2500,140,0,100,0,140,514,-374
52864679,140,-887,2500,140,0,100,0,140,515,-375
52884671,140,-886,2500,140,0,100,0,140,517,-377
52904663,140,-886,2500,140,0,100,0,140,518,-378
52924655,144,-885,2500,144,0,95.361236572265625,0,144,519,-375
52944647,144,-884,2500,144,0,95.361236572265625,0,144,522,-378
52964639,144,-882,2500,144,0,95.361236572265625,0,144,524,-380
52984631,144,-881,2500,144,0,95.361236572265625,0,144,527,-383
53004623,144,-880,2500,144,0,95.361236572265625,0,144,530,-386
53024615,155,-879,2500,155,0,100,0,155,534,-379
53044607,155,-877,2500,155,0,100,0,155,537,-382
53064599,155,-876,2500,155,0,100,0,155,539,-384
53084591,155,-876,2500,155,0,100,0,155,540,-385
53104583,155,-876,2500,155,0,100,0,155,542,-387
53124575,145,-876,2500,145,0,95.341354370117188,0,145,543,-398
53144567,145,-876,2500,145,0,95.341354370117188,0,145,544,-399
53164559,145,-876,2500,145,0,95.341354370117188,0,145,544,-399
53184551,145,-876,2500,145,0,95.341354370117188,0,145,544,-399
53204543,145,-876,2500,145,0,95.341354370117188,0,145,545,-400
53224535,148,-876,2500,148,0,100,0,148,547,-399
53244527,148,-876,2500,148,0,100,0,148,549,-401
53264519,148,-876,2500,148,0,100,0,148,550,-402
53284511,148,-876,2500,148,0,100,0,148,552,-404
53304503,148,-876,2500,148,0,100,0,148,553,-405
53324495,149,-877,2500,149,0,95.329475402832031,0,149,555,-406
53344487,149,-878,2500,149,0,95.329475402832031,0,149,557,-408
53364479,149,-879,2500,149,0,95.329475402832031,0,149,559,-410
53384471,149,-881,2500,149,0,95.329475402832031,0,149,561,-412
53404463,149,-882,2500,149,0,95.329475402832031,0,149,562,-413
53424455,171,-884,2500,171,0,100,0,171,563,-392
53444447,171,-885,2500,171,0,100,0,171,563,-392
53464439,171,-887,2500,171,0,100,0,171,564,-393
53484431,171,-888,2500,171,0,100,0,171,565,-394
53504423,171,-890,2500,171,0,100,0,171,566,-395
53524415,163,-891,2500,163,0,95.317245483398438,0,163,567,-404
53544407,163,-892,2500,163,0,95.317245483398438,0,163,568,-405
53564399,163,-893,2500,163,0,95.317245483398438,0,163,567,-404
53584391,163,-895,2500,163,0,95.317245483398438,0,163,567,-404
53604383,163,-896,2500,163,0,95.317245483398438,0,163,566,-403
53624375,171,-898,2500,171,0,100,0,171,566,-395
53644367,171,-900,2500,171,0,100,0,171,566,-395
53664359,171,-902,2500,171,0,100,0,171,567,-396
53684351,171,-904,2500,171,0,100,0,171,569,-398
53704343,171,-905,2500,171,0,100,0,171,571,-400
53724335,170,-907,2500,170,0,95.309654235839844,0,170,573,-403
53744327,170,-908,2500,170,0,95.309654235839844,0,170,575,-405
53764319,170,-910,2500,170,0,95.309654235839844,0,170,578,-408
53784311,170,-911,2500,170,0,95.309654235839844,0,170,580,-410
53805136,170,-912,2500,170,0,95.309654235839844,0,170,582,-412
53825128,173,-913,2500,173,0,100,0,173,583,-410
53845120,173,-915,2500,173,0,100,0,173,584,-411
53865112,173,-916,2500,173,0,100,0,173,584,-411
53885104,173,-918,2500,173,0,100,0,173,585,-412
53905096,173,-920,2500,173,0,100,0,173,585,-412
53925088,175,-922,2500,175,0,95.38720703125,0,175,586,-411
53945080,175,-924,2500,175,0,95.38720703125,0,175,585,-410
53965072,175,-927,2500,175,0,95.38720703125,0,175,585,-410
53985064,175,-930,2500,175,0,95.38720703125,0,175,585,-410
54005056,175,-933,2500,175,0,95.38720703125,0,175,585,-410
54025048,179,-936,2500,179,0,100,0,179,585,-406
54045040,179,-940,2500,179,0,100,0,179,586,-407
54065032,179,-943,2500,179,0,100,0,179,586,-407
54085024,179,-947,2500,179,0,100,0,179,587,-408
54105016,179,-950,2500,179,0,100,0,179,587,-408
54125008,175,-954,2500,175,0,95.389190673828125,0,175,586,-411
54145000,175,-957,2500,175,0,95.389190673828125,0,175,585,-410
54164992,175,-961,2500,175,0,95.389190673828125,0,175,585,-410
54184984,175,-964,2500,175,0,95.389190673828125,0,175,586,-411
54204976,175,-968,2500,175,0,95.389190673828125,0,175,586,-411
54224968,193,-972,2500,193,0,100,0,193,587,-394
54244960,193,-976,2500,193,0,100,0,193,586,-393
54264952,193,-980,2500,193,0,100,0,193,585,-392
54284944,193,-984,2500,193,0,100,0,193,585,-392
54304936,193,-988,2500,193,0,100,0,193,585,-392
54324928,191,-993,2500,191,0,95.387626647949219,0,191,585,-394
54344920,191,-997,2500,191,0,95.387626647949219,0,191,584,-393
54364912,191,-1001,2500,191,0,95.387626647949219,0,191,582,-391
54384904,191,-1005,2500,191,0,95.387626647949219,0,191,581,-390
54404896,191,-1009,2500,191,0,95.387626647949219,0,191,579,-388
54424888,203,-1014,2500,203,0,100,0,203,578,-375
54444880,203,-1018,2500,203,0,100,0,203,578,-375
54464872,203,-1023,2500,203,0,100,0,203,577,-374
54484864,203,-1027,2500,203,0,100,0,203,577,-374
54504856,203,-1033,2500,203,0,100,0,203,575,-372
54524848,208,-1038,2500,208,0,95.3848876953125,0,208,574,-366
54544840,208,-1043,2500,208,0,95.3848876953125,0,208,573,-365
54564832,208,-1048,2500,208,0,95.3848876953125,0,208,573,-365
54584824,208,-1053,2500,208,0,95.3848876953125,0,208,571,-363
54604816,208,-1057,2500,208,0,95.3848876953125,0,208,571,-363
54624808,242,-1062,2500,242,0,100,0,242,568,-326
54644800,242,-1067,2500,242,0,100,0,242,565,-323
54664792,242,-1072,2500,242,0,100,0,242,562,-320
54684784,242,-1077,2500,242,0,100,0,242,559,-317
54704776,242,-1081,2500,242,0,100,0,242,558,-316
54724768,225,-1086,2500,225,0,95.382011413574219,0,225,559,-334
54744760,225,-1091,2500,225,0,95.382011413574219,0,225,558,-333
54764752,225,-1096,2500,225,0,95.382011413574219,0,225,557,-332
54784744,225,-1100,2500,225,0,95.382011413574219,0,225,557,-332
54804736,225,-1105,2500,225,0,95.382011413574219,0,225,556,-331
54824728,251,-1110,2500,251,0,100,0,251,557,-306
54844720,251,-1115,2500,251,0,100,0,251,558,-307
54864712,251,-1120,2500,251,0,100,0,251,559,-308
54884704,251,-1125,2500,251,0,100,0,251,560,-309
54904696,251,-1130,2500,251,0,100,0,251,560,-309
54924688,242,-1135,2500,242,0,95.377983093261719,0,242,561,-319
54944680,242,-1141,2500,242,0,95.377983093261719,0,242,560,-318
54964672,242,-1146,2500,242,0,95.377983093261719,0,242,557,-315
54984664,242,-1152,2500,242,0,95.377983093261719,0,242,553,-311
55004656,242,-1157,2500,242,0,95.377983093261719,0,242,550,-308
55024648,259,-1162,2500,259,0,100,0,259,547,-288
55044640,259,-1167,2500,259,0,100,0,259,545,-286
55064632,259,-1173,2500,259,0,100,0,259,541,-282
55084624,259,-1178,2500,259,0,100,0,259,536,-277
55104616,259,-1183,2500,259,0,100,0,259,532,-273
55124608,258,-1187,2500,258,0,96.640289306640625,0,258,529,-271
55144600,258,-1192,2500,258,0,96.640289306640625,0,258,527,-269
55164592,258,-1196,2500,258,0,96.640289306640625,0,258,526,-268
55184584,258,-1201,2500,258,0,96.640289306640625,0,258,525,-267
55204576,258,-1205,2500,258,0,96.640289306640625,0,258,525,-267
55224568,295,-1210,2500,295,0,100,0,295,525,-230
55244560,295,-1216,2500,295,0,100,0,295,525,-230
55264552,295,-1221,2500,295,0,100,0,295,525,-230
55284544,295,-1226,2500,295,0,100,0,295,526,-231
55304536,295,-1231,2500,295,0,100,0,295,525,-230
55324528,298,-1236,2500,298,0,95.537223815917969,0,298,522,-224
55344520,298,-1241,2500,298,0,95.537223815917969,0,298,519,-221
55364512,298,-1247,2500,298,0,95.537223815917969,0,298,518,-220
55384504,298,-1252,2500,298,0,95.537223815917969,0,298,518,-220
55404496,298,-1258,2500,298,0,95.537223815917969,0,298,518,-220
55424488,302,-1264,2500,302,0,100,0,302,518,-216
55444480,302,-1271,2500,302,0,100,0,302,516,-214
55464472,302,-1277,2500,302,0,100,0,302,515,-213
55484464,302,-1283,2500,302,0,100,0,302,514,-212
55504456,302,-1290,2500,302,0,100,0,302,514,-212
55524448,307,-1296,2500,307,0,91.8570556640625,0,307,513,-206
55544440,307,-1302,2500,307,0,91.8570556640625,0,307,512,-205
55564432,307,-1307,2500,307,0,91.8570556640625,0,307,511,-204
55584424,307,-1313,2500,307,0,91.8570556640625,0,307,509,-202
55604416,307,-1319,2500,307,0,91.8570556640625,0,307,507,-200
55624408,311,-1324,2500,311,0,97.719123840332031,0,311,507,-196
55644400,311,-1330,2500,311,0,97.719123840332031,0,311,508,-197
55664392,311,-1335,2500,311,0,97.719123840332031,0,311,510,-199
55684384,311,-1341,2500,311,0,97.719123840332031,0,311,511,-200
55704376,311,-1347,2500,311,0,97.719123840332031,0,311,513,-202
55724368,240,-1352,2500,240,0,98.08306884765625,0,240,515,-275
55744360,240,-1358,2500,240,0,98.08306884765625,0,240,516,-276
55764352,240,-1363,2500,240,0,98.08306884765625,0,240,518,-278
55784344,240,-1368,2500,240,0,98.08306884765625,0,240,518,-278
55804336,240,-1374,2500,240,0,98.08306884765625,0,240,517,-277
55824328,237,-1379,2500,237,0,97.082412719726562,0,237,517,-280
55844320,237,-1384,2500,237,0,97.082412719726562,0,237,516,-279
55864312,237,-1389,2500,237,0,97.082412719726562,0,237,514,-277
55885137,237,-1395,2500,237,0,97.082412719726562,0,237,511,-274
55905129,237,-1401,2500,237,0,97.082412719726562,0,237,508,-271
55925121,261,-1407,2500,261,0,87.660400390625,0,261,504,-243
55945113,261,-1413,2500,261,0,87.660400390625,0,261,500,-239
55965105,261,-1419,2500,261,0,87.660400390625,0,261,495,-234
55985097,261,-1425,2500,261,0,87.660400390625,0,261,491,-230
56005089,261,-1430,2500,261,0,87.660400390625,0,261,485,-224
56025081,274,-1436,2500,274,0,78.300544738769531,0,274,479,-205
56045073,274,-1442,2500,274,0,78.300544738769531,0,274,473,-199
56065065,274,-1449,2500,274,0,78.300544738769531,0,274,468,-194
56085057,274,-1455,2500,274,0,78.300544738769531,0,274,464,-190
56105049,274,-1461,2500,274,0,78.300544738769531,0,274,459,-185
56125041,190,-1467,2500,190,0,68.937667846679688,0,190,454,-264
56145033,190,-1474,2500,190,0,68.937667846679688,0,190,450,-260
56165025,190,-1479,2500,190,0,68.937667846679688,0,190,445,-255
56185017,190,-1485,2500,190,0,68.937667846679688,0,190,440,-250
56205009,190,-1491,2500,190,0,68.937667846679688,0,190,436,-246
56225001,60,-1497,2500,60,0,62.181591033935547,0,60,432,-372
56244993,60,-1502,2500,60,0,62.181591033935547,0,60,426,-366
56264985,60,-1508,2500,60,0,62.181591033935547,0,60,418,-358
56284977,60,-1513,2500,60,0,62.181591033935547,0,60,410,-350
56304969,60,-1518,2500,60,0,62.181591033935547,0,60,402,-342
56324961,-70,-1524,2500,-70,0,64.790542602539062,0,-70,393,-463
56344953,-70,-1529,2500,-70,0,64.790542602539062,0,-70,383,-453
56364945,-70,-1534,2500,-70,0,64.790542602539062,0,-70,372,-442
56384937,-70,-1540,2500,-70,0,64.790542602539062,0,-70,360,-430
56404929,-70,-1545,2500,-70,0,64.790542602539062,0,-70,347,-417
56424921,-201,-1550,2500,-201,0,69.125175476074219,0,-201,334,-535
56444913,-201,-1555,2500,-201,0,69.125175476074219,0,-201,320,-521
56464905,-201,-1560,2500,-201,0,69.125175476074219,0,-201,305,-506
56484897,-201,-1565,2500,-201,0,69.125175476074219,0,-201,289,-490
56504889,-201,-1570,2500,-201,0,69.125175476074219,0,-201,271,-472
56524881,-334,-1576,2500,-334,0,72.989631652832031,0,-334,251,-585
56544873,-334,-1581,2500,-334,0,72.989631652832031,0,-334,229,-563
56564865,-334,-1586,2500,-334,0,72.989631652832031,0,-334,207,-541
56584857,-334,-1591,2500,-334,0,72.989631652832031,0,-334,184,-518
56604849,-334,-1596,2500,-334,0,72.989631652832031,0,-334,158,-492
56624841,-241,-1601,2500,-241,0,75.7354736328125,0,-241,132,-373
56644833,-241,-1606,2500,-241,0,75.7354736328125,0,-241,104,-345
56664825,-241,-1610,2500,-241,0,75.7354736328125,0,-241,75,-316
56684817,-241,-1615,2500,-241,0,75.7354736328125,0,-241,45,-286
56704809,-241,-1619,2500,-241,0,75.7354736328125,0,-241,17,-258
56724801,-108,-1622,2500,-108,0,77.520195007324219,0,-108,-10,-98
56744793,-108,-1626,2500,-108,0,77.520195007324219,0,-108,-37,-71
56764785,-108,-1630,2500,-108,0,77.520195007324219,0,-108,-63,-45
56784777,-108,-1633,2500,-108,0,77.520195007324219,0,-108,-88,-20
56804769,-108,-1636,2500,-108,0,77.520195007324219,0,-108,-110,2
56824761,26,-1639,2500,26,0,79.135269165039062,0,26,-130,156
56844753,26,-1641,2500,26,0,79.135269165039062,0,26,-148,174
56864745,26,-1644,2500,26,0,79.135269165039062,0,26,-164,190
56884737,26,-1646,2500,26,0,79.135269165039062,0,26,-177,203
56904729,26,-1648,2500,26,0,79.135269165039062,0,26,-189,215
56924721,160,-1649,2500,160,0,81.010833740234375,0,160,-198,358
56944713,160,-1651,2500,160,0,81.010833740234375,0,160,-204,364
56964705,160,-1652,2500,160,0,81.010833740234375,0,160,-207,367
56984697,160,-1653,2500,160,0,81.010833740234375,0,160,-207,367
57004689,160,-1653,2500,160,0,81.010833740234375,0,160,-205,365
57024681,294,-1654,2500,294,0,83.684791564941406,0,294,-200,494
57044673,294,-1655,2500,294,0,83.684791564941406,0,294,-192,486
57064665,294,-1656,2500,294,0,83.684791564941406,0,294,-181,475
57084657,294,-1656,2500,294,0,83.684791564941406,0,294,-168,462
57104649,294,-1656,2500,294,0,83.684791564941406,0,294,-154,448
57124641,361,-1656,2500,361,0,87.298301696777344,0,361,-137,498
57144633,361,-1656,2500,361,0,87.298301696777344,0,361,-118,479
57164625,361,-1656,2500,361,0,87.298301696777344,0,361,-96,457
57184617,361,-1655,2500,361,0,87.298301696777344,0,361,-72,433
57204609,361,-1655,2500,361,0,87.298301696777344,0,361,-46,407
57224601,374,-1656,2500,374,0,90.112983703613281,0,374,-16,390
57244593,374,-1656,2500,374,0,90.112983703613281,0,374,14,360
57264585,374,-1657,2500,374,0,90.112983703613281,0,374,46,328
57284577,374,-1658,2500,374,0,90.112983703613281,0,374,77,297
57304569,374,-1660,2500,374,0,90.112983703613281,0,374,110,264
57324561,362,-1662,2500,362,0,92.792930603027344,0,362,143,219
57344553,362,-1664,2500,362,0,92.792930603027344,0,362,175,187
57364545,362,-1667,2500,362,0,92.792930603027344,0,362,206,156
57384537,362,-1671,2500,362,0,92.792930603027344,0,362,237,125
57404529,362,-1674,2500,362,0,92.792930603027344,0,362,266,96
57424521,325,-1679,2500,325,0,94.581291198730469,0,325,295,30
57444513,325,-1683,2500,325,0,94.581291198730469,0,325,323,2
57464505,325,-1688,2500,325,0,94.581291198730469,0,325,350,-25
57484497,325,-1693,2500,325,0,94.581291198730469,0,325,376,-51
57504489,325,-1699,2500,325,0,94.581291198730469,0,325,401,-76
57524481,313,-1706,2500,313,0,94.861595153808594,0,313,423,-110
57544473,313,-1713,2500,313,0,94.861595153808594,0,313,443,-130
57564465,313,-1720,2500,313,0,94.861595153808594,0,313,462,-149
57584457,313,-1728,2500,313,0,94.861595153808594,0,313,477,-164
57604449,313,-1736,2500,313,0,94.861595153808594,0,313,489,-176
57624441,327,-1744,2500,327,0,93.844779968261719,0,327,499,-172
57644433,327,-1753,2500,327,0,93.844779968261719,0,327,507,-180
57664425,327,-1761,2500,327,0,93.844779968261719,0,327,512,-185
57684417,327,-1770,2500,327,0,93.844779968261719,0,327,515,-188
57704409,327,-1778,2500,327,0,93.844779968261719,0,327,516,-189
57724401,358,-1787,2500,358,0,92.626686096191406,0,358,516,-158
57744393,358,-1796,2500,358,0,92.626686096191406,0,358,514,-156
57764385,358,-1805,2500,358,0,92.626686096191406,0,358,510,-152
57784377,358,-1813,2500,358,0,92.626686096191406,0,358,505,-147
57804369,358,-1821,2500,358,0,92.626686096191406,0,358,499,-141
57824361,383,-1829,2500,383,0,91.029380798339844,0,383,490,-107
57844353,383,-1837,2500,383,0,91.029380798339844,0,383,480,-97
57864345,383,-1844,2500,383,0,91.029380798339844,0,383,470,-87
57884337,383,-1851,2500,383,0,91.029380798339844,0,383,459,-76
57904329,383,-1858,2500,383,0,91.029380798339844,0,383,447,-64
57924321,418,-1864,2500,418,0,89.42449951171875,0,418,435,-17
57944313,418,-1870,2500,418,0,89.42449951171875,0,418,423,-5
57965138,418,-1876,2500,418,0,89.42449951171875,0,418,412,6
57985130,418,-1881,2500,418,0,89.42449951171875,0,418,402,16
58005122,418,-1886,2500,418,0,89.42449951171875,0,418,392,26
58025114,442,-1891,2500,442,0,89.13690185546875,0,442,382,60
58045106,442,-1894,2500,442,0,89.13690185546875,0,442,374,68
58065098,442,-1898,2500,442,0,89.13690185546875,0,442,366,76
58085090,442,-1901,2500,442,0,89.13690185546875,0,442,361,81
58105082,442,-1904,2500,442,0,89.13690185546875,0,442,355,87
58125074,458,-1906,2500,458,0,89.09808349609375,0,458,350,108
58145066,458,-1908,2500,458,0,89.09808349609375,0,458,344,114
58165058,458,-1910,2500,458,0,89.09808349609375,0,458,340,118
58185050,458,-1912,2500,458,0,89.09808349609375,0,458,336,122
58205042,458,-1913,2500,458,0,89.09808349609375,0,458,332,126
58225034,462,-1914,2500,462,0,89.804244995117188,0,462,332,130
58245026,462,-1915,2500,462,0,89.804244995117188,0,462,333,129
58265018,462,-1915,2500,462,0,89.804244995117188,0,462,336,126
58285010,462,-1916,2500,462,0,89.804244995117188,0,462,339,123
58305002,462,-1916,2500,462,0,89.804244995117188,0,462,344,118
58324994,455,-1917,2500,455,0,90.767524719238281,0,455,349,106
58344986,455,-1917,2500,455,0,90.767524719238281,0,455,353,102
58364978,455,-1917,2500,455,0,90.767524719238281,0,455,359,96
58384970,455,-1917,2500,455,0,90.767524719238281,0,455,365,90
58404962,455,-1917,2500,455,0,90.767524719238281,0,455,372,83
58424954,454,-1917,2500,454,0,91.999458312988281,0,454,378,76
58444946,454,-1917,2500,454,0,91.999458312988281,0,454,385,69
58464938,454,-1916,2500,454,0,91.999458312988281,0,454,391,63
58484930,454,-1916,2500,454,0,91.999458312988281,0,454,397,57
58504922,454,-1916,2500,454,0,91.999458312988281,0,454,404,50
58524914,461,-1916,2500,461,0,93.041046142578125,0,461,409,52
58544906,461,-1916,2500,461,0,93.041046142578125,0,461,414,47
58564898,461,-1916,2500,461,0,93.041046142578125,0,461,418,43
58584890,461,-1917,2500,461,0,93.041046142578125,0,461,422,39
58604882,461,-1917,2500,461,0,93.041046142578125,0,461,426,35
58624874,480,-1918,2500,480,0,93.775421142578125,0,480,431,49
58644866,480,-1918,2500,480,0,93.775421142578125,0,480,435,45
58664858,480,-1919,2500,480,0,93.775421142578125,0,480,438,42
58684850,480,-1920,2500,480,0,93.775421142578125,0,480,441,39
58704842,480,-1921,2500,480,0,93.775421142578125,0,480,445,35
58724834,512,-1922,2500,512,0,93.892677307128906,0,512,447,65
58744826,512,-1924,2500,512,0,93.892677307128906,0,512,448,64
58764818,512,-1925,2500,512,0,93.892677307128906,0,512,451,61
58784810,512,-1926,2500,512,0,93.892677307128906,0,512,454,58
58804802,512,-1927,2500,512,0,93.892677307128906,0,512,455,57
58824794,539,-1929,2500,539,0,93.567497253417969,0,539,456,83
58844786,539,-1930,2500,539,0,93.567497253417969,0,539,457,82
58864778,539,-1932,2500,539,0,93.567497253417969,0,539,458,81
58884770,539,-1933,2500,539,0,93.567497253417969,0,539,459,80
58904762,539,-1935,2500,539,0,93.567497253417969,0,539,460,79
58924754,556,-1937,2500,556,0,93.804069519042969,0,556,462,94
58944746,556,-1938,2500,556,0,93.804069519042969,0,556,464,92
58964738,556,-1940,2500,556,0,93.804069519042969,0,556,467,89
58984730,556,-1942,2500,556,0,93.804069519042969,0,556,471,85
59004722,556,-1944,2500,556,0,93.804069519042969,0,556,475,81
59024714,567,-1945,2500,567,0,93.680618286132812,0,567,480,87
59044706,567,-1947,2500,567,0,93.680618286132812,0,567,485,82
59064698,567,-1948,2500,567,0,93.680618286132812,0,567,490,77
59084690,567,-1950,2500,567,0,93.680618286132812,0,567,495,72
59104682,567,-1951,2500,567,0,93.680618286132812,0,567,502,65
59124674,551,-1953,2500,551,0,93.736984252929688,0,551,507,44
59144666,551,-1954,2500,551,0,93.736984252929688,0,551,512,39
59164658,551,-1955,2500,551,0,93.736984252929688,0,551,518,33
59184650,551,-1956,2500,551,0,93.736984252929688,0,551,524,27
59204642,551,-1956,2500,551,0,93.736984252929688,0,551,529,22
59224634,536,-1957,2500,536,0,93.909095764160156,0,536,533,3
59244626,536,-1958,2500,536,0,93.909095764160156,0,536,537,-1
59264618,536,-1959,2500,536,0,93.909095764160156,0,536,539,-3
59284610,536,-1960,2500,536,0,93.909095764160156,0,536,541,-5
59304602,536,-1961,2500,536,0,93.909095764160156,0,536,545,-9
59324594,543,-1961,2500,543,0,93.975296020507812,0,543,548,-5
59344586,543,-1962,2500,543,0,93.975296020507812,0,543,550,-7
59364578,543,-1963,2500,543,0,93.975296020507812,0,543,551,-8
59384570,543,-1964,2500,543,0,93.975296020507812,0,543,551,-8
59404562,543,-1964,2500,543,0,93.975296020507812,0,543,549,-6
59424554,543,-1965,2500,543,0,93.998306274414062,0,543,547,-4
59444546,543,-1966,2500,543,0,93.998306274414062,0,543,545,-2
59464538,543,-1966,2500,543,0,93.998306274414062,0,543,544,-1
59484530,543,-1967,2500,543,0,93.998306274414062,0,543,541,2
59504522,543,-1968,2500,543,0,93.998306274414062,0,543,539,4
59524514,566,-1968,2500,566,0,94.112403869628906,0,566,537,29
59544506,566,-1969,2500,566,0,94.112403869628906,0,566,534,32
59564498,566,-1969,2500,566,0,94.112403869628906,0,566,530,36
59584490,566,-1970,2500,566,0,94.112403869628906,0,566,526,40
59604482,566,-1970,2500,566,0,94.112403869628906,0,566,521,45
59624474,595,-1971,2500,595,0,93.868186950683594,0,595,517,78
59644466,595,-1971,2500,595,0,93.868186950683594,0,595,515,80
59664458,595,-1972,2500,595,0,93.868186950683594,0,595,513,82
59684450,595,-1972,2500,595,0,93.868186950683594,0,595,512,83
59704442,595,-1972,2500,595,0,93.868186950683594,0,595,511,84
59724434,611,-1973,2500,611,0,94.160926818847656,0,611,511,100
59744426,611,-1973,2500,611,0,94.160926818847656,0,611,511,100
59764418,611,-1973,2500,611,0,94.160926818847656,0,611,511,100
59784410,611,-1974,2500,611,0,94.160926818847656,0,611,512,99
59804402,611,-1974,2500,611,0,94.160926818847656,0,611,513,98
59824394,602,-1975,2500,602,0,94.488365173339844,0,602,514,88
59844386,602,-1975,2500,602,0,94.488365173339844,0,602,515,87
59864378,602,-1976,2500,602,0,94.488365173339844,0,602,517,85
59884370,602,-1976,2500,602,0,94.488365173339844,0,602,519,83
59904362,602,-1976,2500,602,0,94.488365173339844,0,602,523,79
59924354,608,-1977,2500,608,0,94.814643859863281,0,608,528,80
59944346,608,-1977,2500,608,0,94.814643859863281,0,608,533,75
59964338,608,-1977,2500,608,0,94.814643859863281,0,608,539,69
59984330,608,-1977,2500,608,0,94.814643859863281,0,608,543,65
60004322,608,-1978,2500,608,0,94.814643859863281,0,608,546,62
60024314,589,-1978,2500,589,0,95.2828369140625,0,589,549,40
60045139,589,-1978,2500,589,0,95.2828369140625,0,589,552,37
60065131,589,-1978,2500,589,0,95.2828369140625,0,589,555,34
60085123,589,-1978,2500,589,0,95.2828369140625,0,589,558,31
60105115,589,-1979,2500,589,0,95.2828369140625,0,589,562,27
60125107,607,-1979,2500,607,0,95.201370239257812,0,607,564,43
60145099,607,-1979,2500,607,0,95.201370239257812,0,607,565,42
60165091,607,-1980,2500,607,0,95.201370239257812,0,607,567,40
60185083,607,-1980,2500,607,0,95.201370239257812,0,607,570,37
60205075,607,-1980,2500,607,0,95.201370239257812,0,607,573,34
60225067,609,-1980,2500,609,0,95.485725402832031,0,609,576,33
60245059,609,-1980,2500,609,0,95.485725402832031,0,609,578,31
60265051,609,-1981,2500,609,0,95.485725402832031,0,609,581,28
60285043,609,-1981,2500,609,0,95.485725402832031,0,609,582,27
60305035,609,-1981,2500,609,0,95.485725402832031,0,609,581,28
60325027,603,-1981,2500,603,0,95.462821960449219,0,603,579,24
60345019,603,-1982,2500,603,0,95.462821960449219,0,603,576,27
60365011,603,-1982,2500,603,0,95.462821960449219,0,603,574,29
60385003,603,-1982,2500,603,0,95.462821960449219,0,603,572,31
60404995,603,-1983,2500,603,0,95.462821960449219,0,603,571,32
60424987,621,-1983,2500,621,0,95.4659423828125,0,621,572,49
60444979,621,-1984,2500,621,0,95.4659423828125,0,621,574,47
60464971,621,-1984,2500,621,0,95.4659423828125,0,621,575,46
60484963,621,-1984,2500,621,0,95.4659423828125,0,621,576,45
60504955,621,-1985,2500,621,0,95.4659423828125,0,621,576,45
60524947,629,-1985,2500,629,0,95.671829223632812,0,629,575,54
60544939,629,-1985,2500,629,0,95.671829223632812,0,629,575,54
60564931,629,-1985,2500,629,0,95.671829223632812,0,629,576,53
60584923,629,-1986,2500,629,0,95.671829223632812,0,629,577,52
60604915,629,-1986,2500,629,0,95.671829223632812,0,629,579,50
60624907,624,-1986,2500,624,0,95.579620361328125,0,624,579,45
60644899,624,-1986,2500,624,0,95.579620361328125,0,624,580,44
60664891,624,-1987,2500,624,0,95.579620361328125,0,624,579,45
60684883,624,-1987,2500,624,0,95.579620361328125,0,624,578,46
60704875,624,-1988,2500,624,0,95.579620361328125,0,624,578,46
60724867,620,-1988,2500,620,0,95.402976989746094,0,620,578,42
60744859,620,-1988,2500,620,0,95.402976989746094,0,620,577,43
60764851,620,-1989,2500,620,0,95.402976989746094,0,620,578,42
60784843,620,-1989,2500,620,0,95.402976989746094,0,620,577,43
60804835,620,-1989,2500,620,0,95.402976989746094,0,620,577,43
60824827,627,-1990,2500,627,0,95.835220336914062,0,627,578,49
60844819,627,-1990,2500,627,0,95.835220336914062,0,627,579,48
60864811,627,-1990,2500,627,0,95.835220336914062,0,627,580,47
60884803,627,-1990,2500,627,0,95.835220336914062,0,627,582,45
60904795,627,-1990,2500,627,0,95.835220336914062,0,627,586,41
60924787,630,-1990,2500,630,0,95.558670043945312,0,630,588,42
60944779,630,-1991,2500,630,0,95.558670043945312,0,630,591,39
60964771,630,-1991,2500,630,0,95.558670043945312,0,630,593,37
60984763,630,-1991,2500,630,0,95.558670043945312,0,630,597,33
61004755,630,-1991,2500,630,0,95.558670043945312,0,630,600,30
61024747,632,-1991,2500,632,0,95.5142822265625,0,632,602,30
61044739,632,-1991,2500,632,0,95.5142822265625,0,632,605,27
61064731,632,-1991,2500,632,0,95.5142822265625,0,632,608,24
61084723,632,-1991,2500,632,0,95.5142822265625,0,632,610,22
61104715,632,-1992,2500,632,0,95.5142822265625,0,632,611,21
61124707,616,-1992,2500,616,0,95.72515869140625,0,616,611,5
61144699,616,-1992,2500,616,0,95.72515869140625,0,616,611,5
61164691,616,-1992,2500,616,0,95.72515869140625,0,616,611,5
61184683,616,-1992,2500,616,0,95.72515869140625,0,616,610,6
61204675,616,-1992,2500,616,0,95.72515869140625,0,616,608,8
61224667,609,-1992,2500,609,0,95.579376220703125,0,609,605,4
61244659,609,-1992,2500,609,0,95.579376220703125,0,609,603,6
61264651,609,-1993,2500,609,0,95.579376220703125,0,609,600,9
61284643,609,-1993,2500,609,0,95.579376220703125,0,609,598,11
61304635,609,-1993,2500,609,0,95.579376220703125,0,609,596,13
61324627,639,-1993,2500,639,0,95.636878967285156,0,639,594,45
61344619,639,-1993,2500,639,0,95.636878967285156,0,639,592,47
61364611,639,-1993,2500,639,0,95.636878967285156,0,639,592,47
61384603,639,-1993,2500,639,0,95.636878967285156,0,639,591,48
61404595,639,-1993,2500,639,0,95.636878967285156,0,639,590,49
61424587,632,-1993,2500,632,0,95.505477905273438,0,632,589,43
61444579,632,-1993,2500,632,0,95.505477905273438,0,632,587,45
61464571,632,-1994,2500,632,0,95.505477905273438,0,632,584,48
61484563,632,-1994,2500,632,0,95.505477905273438,0,632,582,50
61504555,632,-1994,2500,632,0,95.505477905273438,0,632,582,50
61524547,647,-1994,2500,647,0,95.515335083007812,0,647,583,64
61544539,647,-1994,2500,647,0,95.515335083007812,0,647,583,64
61564531,647,-1994,2500,647,0,95.515335083007812,0,647,582,65
61584523,647,-1994,2500,647,0,95.515335083007812,0,647,581,66
61604515,647,-1994,2500,647,0,95.515335083007812,0,647,580,67
61624507,655,-1994,2500,655,0,95.595283508300781,0,655,578,77
61644499,655,-1994,2500,655,0,95.595283508300781,0,655,577,78
61664491,655,-1994,2500,655,0,95.595283508300781,0,655,576,79
61684483,655,-1994,2500,655,0,95.595283508300781,0,655,576,79
61704475,655,-1994,2500,655,0,95.595283508300781,0,655,576,79
61724467,668,-1994,2500,668,0,95.736358642578125,0,668,577,91
61744459,668,-1995,2500,668,0,95.736358642578125,0,668,578,90
61764451,668,-1995,2500,668,0,95.736358642578125,0,668,580,88
61784443,668,-1995,2500,668,0,95.736358642578125,0,668,583,85
61804435,668,-1995,2500,668,0,95.736358642578125,0,668,586,82
61824427,652,-1995,2500,652,0,95.899574279785156,0,652,589,63
61844419,652,-1995,2500,652,0,95.899574279785156,0,652,593,59
61864411,652,-1995,2500,652,0,95.899574279785156,0,652,596,56
61884403,652,-1996,2500,652,0,95.899574279785156,0,652,598,54
61904395,652,-1996,2500,652,0,95.899574279785156,0,652,601,51
61924387,646,-1996,2500,646,0,95.759513854980469,0,646,605,41
61944379,646,-1996,2500,646,0,95.759513854980469,0,646,608,38
61964371,646,-1996,2500,646,0,95.759513854980469,0,646,612,34
61984363,646,-1996,2500,646,0,95.759513854980469,0,646,616,30
62004355,646,-1996,2500,646,0,95.759513854980469,0,646,619,27
62024347,628,-1996,2500,628,0,96.33953857421875,0,628,621,7
62044339,628,-1996,2500,628,0,96.33953857421875,0,628,623,5
62064331,628,-1996,2500,628,0,96.33953857421875,0,628,625,3
62084323,628,-1996,2500,628,0,96.33953857421875,0,628,626,2
62104315,628,-1996,2500,628,0,96.33953857421875,0,628,628,0
62125140,613,-1996,2500,613,0,96.158309936523438,0,613,628,-15
62145132,613,-1997,2500,613,0,96.158309936523438,0,613,629,-16
62165124,613,-1997,2500,613,0,96.158309936523438,0,613,630,-17
62185116,613,-1997,2500,613,0,96.158309936523438,0,613,632,-19
62205108,613,-1997,2500,613,0,96.158309936523438,0,613,633,-20
62225100,629,-1997,2500,629,0,96.23809814453125,0,629,633,-4
62245092,629,-1997,2500,629,0,96.23809814453125,0,629,631,-2
62265084,629,-1997,2500,629,0,96.23809814453125,0,629,629,0
62285076,629,-1997,2500,629,0,96.23809814453125,0,629,627,2
62305068,629,-1997,2500,629,0,96.23809814453125,0,629,625,4
62325060,626,-1997,2500,626,0,96.106407165527344,0,626,622,4
62345052,626,-1997,2500,626,0,96.106407165527344,0,626,619,7
62365044,626,-1997,2500,626,0,96.106407165527344,0,626,616,10
62385036,626,-1997,2500,626,0,96.106407165527344,0,626,614,12
62405028,626,-1997,2500,626,0,96.106407165527344,0,626,611,15
62425020,638,-1997,2500,638,0,95.994392395019531,0,638,608,30
62445012,638,-1997,2500,638,0,95.994392395019531,0,638,603,35
62465004,638,-1997,2500,638,0,95.994392395019531,0,638,599,39
62484996,638,-1998,2500,638,0,95.994392395019531,0,638,593,45
62504988,638,-1998,2500,638,0,95.994392395019531,0,638,588,50
62524980,653,-1998,2500,653,0,96.168182373046875,0,653,584,69
62544972,653,-1998,2500,653,0,96.168182373046875,0,653,579,74
62564964,653,-1998,2500,653,0,96.168182373046875,0,653,575,78
62584956,653,-1998,2500,653,0,96.168182373046875,0,653,572,81
62604948,653,-1998,2500,653,0,96.168182373046875,0,653,568,85
62624940,676,-1998,2500,676,0,96.007339477539062,0,676,565,111
62644932,676,-1998,2500,676,0,96.007339477539062,0,676,563,113
62664924,676,-1998,2500,676,0,96.007339477539062,0,676,563,113
62684916,676,-1998,2500,676,0,96.007339477539062,0,676,564,112
62704908,676,-1998,2500,676,0,96.007339477539062,0,676,565,111
62724900,680,-1998,2500,680,0,95.8507080078125,0,680,567,113
62744892,680,-1998,2500,680,0,95.8507080078125,0,680,569,111
62764884,680,-1998,2500,680,0,95.8507080078125,0,680,573,107
62784876,680,-1998,2500,680,0,95.8507080078125,0,680,578,102
62804868,680,-1998,2500,680,0,95.8507080078125,0,680,584,96
62824860,662,-1998,2500,662,0,96.198387145996094,0,662,590,72
62844852,662,-1998,2500,662,0,96.198387145996094,0,662,597,65
62864844,662,-1998,2500,662,0,96.198387145996094,0,662,604,58
62884836,662,-1998,2500,662,0,96.198387145996094,0,662,610,52
62904828,662,-1998,2500,662,0,96.198387145996094,0,662,616,46
62924820,620,-1998,2500,620,0,96.395034790039062,0,620,622,-2
62944812,620,-1998,2500,620,0,96.395034790039062,0,620,627,-7
62964804,620,-1998,2500,620,0,96.395034790039062,0,620,631,-11
62984796,620,-1998,2500,620,0,96.395034790039062,0,620,635,-15
63004788,620,-1998,2500,620,0,96.395034790039062,0,620,639,-19
63024780,588,-1998,2500,588,0,96.996742248535156,0,588,640,-52
63044772,588,-1999,2500,588,0,96.996742248535156,0,588,640,-52
63064764,588,-1999,2500,588,0,96.996742248535156,0,588,641,-53
63084756,588,-1999,2500,588,0,96.996742248535156,0,588,640,-52
63104748,588,-1999,2500,588,0,96.996742248535156,0,588,637,-49
63124740,613,-1999,2500,613,0,96.744422912597656,0,613,633,-20
63144732,613,-1999,2500,613,0,96.744422912597656,0,613,628,-15
63164724,613,-1999,2500,613,0,96.744422912597656,0,613,624,-11
63184716,613,-1999,2500,613,0,96.744422912597656,0,613,620,-7
63204708,613,-1999,2500,613,0,96.744422912597656,0,613,619,-6
63224700,626,-1999,2500,626,0,96.624382019042969,0,626,616,10
63244692,626,-1999,2500,626,0,96.624382019042969,0,626,614,12
63264684,626,-1999,2500,626,0,96.624382019042969,0,626,611,15
63284676,626,-1999,2500,626,0,96.624382019042969,0,626,608,18
63304668,626,-1999,2500,626,0,96.624382019042969,0,626,604,22
63324660,649,-1999,2500,649,0,96.367088317871094,0,649,600,49
63344652,649,-1999,2500,649,0,96.367088317871094,0,649,596,53
63364644,649,-1999,2500,649,0,96.367088317871094,0,649,593,56
63384636,649,-1999,2500,649,0,96.367088317871094,0,649,591,58
63404628,649,-1999,2500,649,0,96.367088317871094,0,649,591,58
63424620,659,-1999,2500,659,0,96.2926025390625,0,659,590,69
63444612,659,-1999,2500,659,0,96.2926025390625,0,659,589,70
63464604,659,-1999,2500,659,0,96.2926025390625,0,659,587,72
63484596,659,-1999,2500,659,0,96.2926025390625,0,659,586,73
63504588,659,-1999,2500,659,0,96.2926025390625,0,659,585,74
63524580,649,-1999,2500,649,0,96.208229064941406,0,649,584,65
63544572,649,-1999,2500,649,0,96.208229064941406,0,649,583,66
63564564,649,-1999,2500,649,0,96.208229064941406,0,649,584,65
63584556,649,-1999,2500,649,0,96.208229064941406,0,649,584,65
63604548,649,-1999,2500,649,0,96.208229064941406,0,649,585,64
63624540,648,-1999,2500,648,0,96.404098510742188,0,648,587,61
63644532,648,-1999,2500,648,0,96.404098510742188,0,648,590,58
63664524,648,-1999,2500,648,0,96.404098510742188,0,648,593,55
63684516,648,-1999,2500,648,0,96.404098510742188,0,648,596,52
63704508,648,-1999,2500,648,0,96.404098510742188,0,648,599,49
63724500,624,-1999,2500,624,0,96.395660400390625,0,624,601,23
63744492,624,-1999,2500,624,0,96.395660400390625,0,624,605,19
63764484,624,-1999,2500,624,0,96.395660400390625,0,624,608,16
63784476,624,-1999,2500,624,0,96.395660400390625,0,624,611,13
63804468,624,-1999,2500,624,0,96.395660400390625,0,624,615,9
63824460,621,-1999,2500,621,0,96.802040100097656,0,621,619,2
63844452,621,-1999,2500,621,0,96.802040100097656,0,621,623,-2
63864444,621,-1999,2500,621,0,96.802040100097656,0,621,626,-5
63884436,621,-1999,2500,621,0,96.802040100097656,0,621,629,-8
63904428,621,-1999,2500,621,0,96.802040100097656,0,621,631,-10
63924420,608,-1999,2500,608,0,96.674392700195312,0,608,631,-23
63944412,608,-1999,2500,608,0,96.674392700195312,0,608,631,-23
63964404,608,-1999,2500,608,0,96.674392700195312,0,608,630,-22
63984396,608,-1999,2500,608,0,96.674392700195312,0,608,629,-21
64004388,608,-1999,2500,608,0,96.674392700195312,0,608,627,-19
64024380,603,-1999,2500,603,0,96.453880310058594,0,603,626,-23
64044372,603,-1999,2500,603,0,96.453880310058594,0,603,624,-21
64064364,603,-1999,2500,603,0,96.453880310058594,0,603,622,-19
64084356,603,-1999,2500,603,0,96.453880310058594,0,603,620,-17
64104348,603,-1999,2500,603,0,96.453880310058594,0,603,617,-14
64124340,589,-1999,2500,589,0,96.70367431640625,0,589,614,-25
64144332,589,-1999,2500,589,0,96.70367431640625,0,589,610,-21
64164324,589,-1999,2500,589,0,96.70367431640625,0,589,606,-17
64184316,589,-1999,2500,589,0,96.70367431640625,0,589,603,-14
64205141,589,-1999,2500,589,0,96.70367431640625,0,589,600,-11
64225133,548,-1999,2500,548,0,96.308448791503906,0,548,598,-50
64245125,548,-1999,2500,548,0,96.308448791503906,0,548,595,-47
64265117,548,-1999,2500,548,0,96.308448791503906,0,548,590,-42
64285109,548,-1999,2500,548,0,96.308448791503906,0,548,585,-37
64305101,548,-1999,2500,548,0,96.308448791503906,0,548,581,-33
64325093,522,-1999,2500,522,0,95.811050415039062,0,522,576,-54
64345085,522,-1999,2500,522,0,95.811050415039062,0,522,572,-50
64365077,522,-1999,2500,522,0,95.811050415039062,0,522,569,-47
64385069,522,-1999,2500,522,0,95.811050415039062,0,522,566,-44
64405061,522,-1999,2500,522,0,95.811050415039062,0,522,560,-38
64425053,484,-1999,2500,484,0,95.621963500976562,0,484,553,-69
64445045,484,-1999,2500,484,0,95.621963500976562,0,484,546,-62
64465037,484,-1999,2500,484,0,95.621963500976562,0,484,541,-57
64485029,484,-1999,2500,484,0,95.621963500976562,0,484,535,-51
64505021,484,-1999,2500,484,0,95.621963500976562,0,484,530,-46
64525013,451,-1999,2500,451,0,95.166397094726562,0,451,524,-73
64545005,451,-1999,2500,451,0,95.166397094726562,0,451,518,-67
64564997,451,-1999,2500,451,0,95.166397094726562,0,451,510,-59
64584989,451,-1999,2500,451,0,95.166397094726562,0,451,502,-51
64604981,451,-1999,2500,451,0,95.166397094726562,0,451,495,-44
64624973,428,-1999,2500,428,0,95.171066284179688,0,428,487,-59
64644965,428,-1999,2500,428,0,95.171066284179688,0,428,477,-49
64664957,428,-1999,2500,428,0,95.171066284179688,0,428,466,-38
64684949,428,-1999,2500,428,0,95.171066284179688,0,428,455,-27
64704941,428,-1999,2500,428,0,95.171066284179688,0,428,445,-17
64724933,438,-1999,2500,438,0,94.642082214355469,0,438,437,1
64744925,438,-1999,2500,438,0,94.642082214355469,0,438,428,10
64764917,438,-1999,2500,438,0,94.642082214355469,0,438,419,19
64784909,438,-1999,2500,438,0,94.642082214355469,0,438,410,28
64804901,438,-1999,2500,438,0,94.642082214355469,0,438,402,36
64824893,417,-1999,2500,417,0,94.250717163085938,0,417,395,22
64844885,417,-1999,2500,417,0,94.250717163085938,0,417,388,29
64864877,417,-1999,2500,417,0,94.250717163085938,0,417,383,34
64884869,417,-1999,2500,417,0,94.250717163085938,0,417,380,37
64904861,417,-1999,2500,417,0,94.250717163085938,0,417,376,41
64924853,383,-1999,2500,383,0,94.193283081054688,0,383,374,9
64944845,383,-1999,2500,383,0,94.193283081054688,0,383,371,12
64964837,383,-1999,2500,383,0,94.193283081054688,0,383,369,14
64984829,383,-1999,2500,383,0,94.193283081054688,0,383,366,17
65004821,383,-1999,2500,383,0,94.193283081054688,0,383,363,20
65024813,338,-1999,2500,338,0,94.188926696777344,0,338,361,-23
65044805,338,-1999,2500,338,0,94.188926696777344,0,338,359,-21
65064797,338,-1999,2500,338,0,94.188926696777344,0,338,357,-19
65084789,338,-1999,2500,338,0,94.188926696777344,0,338,356,-18
65104781,338,-1999,2500,338,0,94.188926696777344,0,338,355,-17
65124773,306,-1999,2500,306,0,94.251518249511719,0,306,355,-49
65144765,306,-1999,2500,306,0,94.251518249511719,0,306,355,-49
65164757,306,-1999,2500,306,0,94.251518249511719,0,306,355,-49
65184749,306,-1999,2500,306,0,94.251518249511719,0,306,355,-49
65204741,306,-1999,2500,306,0,94.251518249511719,0,306,355,-49
65224733,276,-1999,2500,276,0,94.197311401367188,0,276,354,-78
65244725,276,-1999,2500,276,0,94.197311401367188,0,276,353,-77
65264717,276,-1999,2500,276,0,94.197311401367188,0,276,351,-75
65284709,276,-1999,2500,276,0,94.197311401367188,0,276,348,-72
65304701,276,-1999,2500,276,0,94.197311401367188,0,276,343,-67
65324693,243,-1999,2500,243,0,93.877960205078125,0,243,337,-94
65344685,243,-1999,2500,243,0,93.877960205078125,0,243,331,-88
65364677,243,-1999,2500,243,0,93.877960205078125,0,243,324,-81
65384669,243,-1999,2500,243,0,93.877960205078125,0,243,317,-74
65404661,243,-1999,2500,243,0,93.877960205078125,0,243,310,-67
65424653,231,-1999,2500,231,0,94.031867980957031,0,231,304,-73
65444645,231,-1999,2500,231,0,94.031867980957031,0,231,297,-66
65464637,231,-1999,2500,231,0,94.031867980957031,0,231,291,-60
65484629,231,-1999,2500,231,0,94.031867980957031,0,231,285,-54
65504621,231,-1999,2500,231,0,94.031867980957031,0,231,279,-48
65524613,216,-1999,2500,216,0,93.5599365234375,0,216,272,-56
65544605,216,-1999,2500,216,0,93.5599365234375,0,216,264,-48
65564597,216,-1999,2500,216,0,93.5599365234375,0,216,256,-40
65584589,216,-1999,2500,216,0,93.5599365234375,0,216,248,-32
65604581,216,-1999,2500,216,0,93.5599365234375,0,216,241,-25
65624573,222,-1999,2500,222,0,93.37664794921875,0,222,234,-12
65644565,222,-1999,2500,222,0,93.37664794921875,0,222,228,-6
65664557,222,-1999,2500,222,0,93.37664794921875,0,222,222,0
65684549,222,-1999,2500,222,0,93.37664794921875,0,222,215,7
65704541,222,-1999,2500,222,0,93.37664794921875,0,222,210,12
65724533,195,-1999,2500,195,0,93.599403381347656,0,195,204,-9
65744525,195,-1999,2500,195,0,93.599403381347656,0,195,200,-5
65764517,195,-1999,2500,195,0,93.599403381347656,0,195,196,-1
65784509,195,-1999,2500,195,0,93.599403381347656,0,195,191,4
65804501,195,-1999,2500,195,0,93.599403381347656,0,195,188,7
65824493,195,-1999,2500,195,0,93.206459045410156,0,195,184,11
65844485,195,-1999,2500,195,0,93.206459045410156,0,195,181,14
65864477,195,-1999,2500,195,0,93.206459045410156,0,195,176,19
65884469,195,-1999,2500,195,0,93.206459045410156,0,195,171,24
65904461,195,-1999,2500,195,0,93.206459045410156,0,195,167,28
65924453,171,-1999,2500,171,0,93.352149963378906,0,171,163,8
65944445,171,-1999,2500,171,0,93.352149963378906,0,171,160,11
65964437,171,-1999,2500,171,0,93.352149963378906,0,171,157,14
65984429,171,-1999,2500,171,0,93.352149963378906,0,171,157,14
66004421,171,-1999,2500,171,0,93.352149963378906,0,171,155,16
66024413,156,-1999,2500,156,0,93.346649169921875,0,156,154,2
66044405,156,-1999,2500,156,0,93.346649169921875,0,156,153,3
66064397,156,-1999,2500,156,0,93.346649169921875,0,156,152,4
66084389,156,-1999,2500,156,0,93.346649169921875,0,156,152,4
66104381,156,-1999,2500,156,0,93.346649169921875,0,156,151,5
66124373,111,-1999,2500,111,0,93.464729309082031,0,111,150,-39
66144365,111,-1999,2500,111,0,93.464729309082031,0,111,148,-37
66164357,111,-1999,2500,111,0,93.464729309082031,0,111,144,-33
66184349,111,-1999,2500,111,0,93.464729309082031,0,111,141,-30
66204341,111,-1999,2500,111,0,93.464729309082031,0,111,140,-29
66224333,107,-1999,2500,107,0,93.279754638671875,0,107,138,-31
66244325,107,-1999,2500,107,0,93.279754638671875,0,107,137,-30
66264317,107,-1999,2500,107,0,93.279754638671875,0,107,135,-28
66285142,107,-1999,2500,107,0,93.279754638671875,0,107,134,-27
66305134,107,-1999,2500,107,0,93.279754638671875,0,107,130,-23
66325126,96,-1999,2500,96,0,93.312965393066406,0,96,126,-30
66345118,96,-1999,2500,96,0,93.312965393066406,0,96,122,-26
66365110,96,-1999,2500,96,0,93.312965393066406,0,96,118,-22
66385102,96,-1999,2500,96,0,93.312965393066406,0,96,116,-20
66405094,96,-1999,2500,96,0,93.312965393066406,0,96,113,-17
66425086,69,-1999,2500,69,0,93.11474609375,0,69,111,-42
66445078,69,-1999,2500,69,0,93.11474609375,0,69,109,-40
66465070,69,-1999,2500,69,0,93.11474609375,0,69,105,-36
66485062,69,-1999,2500,69,0,93.11474609375,0,69,101,-32
66505054,69,-1999,2500,69,0,93.11474609375,0,69,95,-26
66525046,67,-1999,2500,67,0,92.645195007324219,0,67,88,-21
66545038,67,-1999,2500,67,0,92.645195007324219,0,67,82,-15
66565030,67,-1999,2500,67,0,92.645195007324219,0,67,75,-8
66585022,67,-1999,2500,67,0,92.645195007324219,0,67,71,-4
66605014,67,-1999,2500,67,0,92.645195007324219,0,67,67,0
66625006,73,-1999,2500,73,0,92.648239135742188,0,73,63,10
66644998,73,-1999,2500,73,0,92.648239135742188,0,73,61,12
66664990,73,-1999,2500,73,0,92.648239135742188,0,73,59,14
66684982,73,-1999,2500,73,0,92.648239135742188,0,73,57,16
66704974,73,-1999,2500,73,0,92.648239135742188,0,73,55,18
66724966,40,-1999,2500,40,0,92.384841918945312,0,40,53,-13
66744958,40,-1999,2500,40,0,92.384841918945312,0,40,52,-12
66764950,40,-1999,2500,40,0,92.384841918945312,0,40,51,-11
66784942,40,-1999,2500,40,0,92.384841918945312,0,40,50,-10
66804934,40,-1999,2500,40,0,92.384841918945312,0,40,49,-9
66824926,12,-1999,2500,12,0,92.574569702148438,0,12,48,-36
66844918,12,-1999,2500,12,0,92.574569702148438,0,12,45,-33
66864910,12,-1999,2500,12,0,92.574569702148438,0,12,43,-31
66884902,12,-1999,2500,12,0,92.574569702148438,0,12,42,-30
66904894,12,-1999,2500,12,0,92.574569702148438,0,12,41,-29
66924886,-9,-1999,2500,-9,0,92.693328857421875,0,-9,39,-48
66944878,-9,-1999,2500,-9,0,92.693328857421875,0,-9,36,-45
66964870,-9,-1999,2500,-9,0,92.693328857421875,0,-9,31,-40
66984862,-9,-1999,2500,-9,0,92.693328857421875,0,-9,24,-33
67004854,-9,-1999,2500,-9,0,92.693328857421875,0,-9,18,-27
67024846,-11,-1999,2500,-11,0,92.200042724609375,0,-11,11,-22
67044838,-11,-1999,2500,-11,0,92.200042724609375,0,-11,5,-16
67064830,-11,-1999,2500,1499,0,92.200042724609375,0,1499,0,1499
67084822,-11,-1999,2500,1499,0,92.200042724609375,0,1499,-4,1503
67104814,-11,-1999,2500,1499,0,92.200042724609375,0,1499,-6,1505
67124806,120,-1999,2500,120,0,92.186798095703125,0,120,-4,124
67144798,120,-1999,2500,120,0,92.186798095703125,0,120,4,116
67164790,120,-1999,2500,120,0,92.186798095703125,0,120,21,99
67184782,120,-1999,2500,120,0,92.186798095703125,0,120,43,77
67204774,120,-1999,2500,120,0,92.186798095703125,0,120,70,50
67224766,251,-1999,2500,251,0,92.260505676269531,0,251,99,152
67244758,251,-1999,2500,251,0,92.260505676269531,0,251,130,121
67264750,251,-1999,2500,251,0,92.260505676269531,0,251,160,91
67284742,251,-1999,2500,251,0,92.260505676269531,0,251,191,60
67304734,251,-1999,2500,251,0,92.260505676269531,0,251,221,30
67324726,383,-1999,2500,383,0,92.340171813964844,0,383,246,137
67344718,383,-1999,2500,383,0,92.340171813964844,0,383,269,114
67364710,383,-1998,2500,383,0,92.340171813964844,0,383,289,94
67384702,383,-1996,2500,383,0,92.340171813964844,0,383,307,76
67404694,383,-1994,2500,383,0,92.340171813964844,0,383,323,60
67424686,515,-1990,2500,515,0,92.531143188476562,0,515,335,180
67444678,515,-1985,2500,515,0,92.531143188476562,0,515,346,169
67464670,515,-1979,2500,515,0,92.531143188476562,0,515,355,160
67484662,515,-1971,2500,515,0,92.531143188476562,0,515,363,152
67504654,515,-1961,2500,515,0,92.531143188476562,0,515,371,144
67524646,519,-1949,2500,519,0,91.877784729003906,0,519,379,140
67544638,519,-1936,2500,519,0,91.877784729003906,0,519,387,132
67564630,519,-1920,2500,519,0,91.877784729003906,0,519,395,124
67584622,519,-1902,2500,519,0,91.877784729003906,0,519,404,115
67604614,519,-1882,2500,519,0,91.877784729003906,0,519,414,105
67624606,428,-1860,2500,428,0,91.869293212890625,0,428,424,4
67644598,428,-1837,2500,428,0,91.869293212890625,0,428,434,-6
67664590,428,-1811,2500,428,0,91.869293212890625,0,428,443,-15
67684582,428,-1783,2500,428,0,91.869293212890625,0,428,451,-23
67704574,428,-1754,2500,428,0,91.869293212890625,0,428,458,-30
67724566,337,-1722,2500,337,0,93.019256591796875,0,337,462,-125
67744558,337,-1689,2500,337,0,93.019256591796875,0,337,465,-128
67764550,337,-1654,2500,337,0,93.019256591796875,0,337,466,-129
67784542,337,-1618,2500,337,0,93.019256591796875,0,337,466,-129
67804534,337,-1579,2500,337,0,93.019256591796875,0,337,467,-130
67824526,290,-1539,2500,290,0,95.456169128417969,0,290,467,-177
67844518,290,-1497,2500,290,0,95.456169128417969,0,290,467,-177
67864510,290,-1454,2500,290,0,95.456169128417969,0,290,465,-175
67884502,290,-1409,2500,290,0,95.456169128417969,0,290,462,-172
67904494,290,-1364,2500,290,0,95.456169128417969,0,290,458,-168
67924486,284,-1317,2500,284,0,100,0,284,454,-170
67944478,284,-1270,2500,284,0,100,0,284,452,-168
67964470,284,-1222,2500,284,0,100,0,284,451,-167
67984462,284,-1175,2500,284,0,100,0,284,449,-165
68004454,284,-1129,2500,284,0,100,0,284,448,-164
68024446,344,-1084,2500,344,0,91.472793579101562,0,344,446,-102
68044438,344,-1040,2500,344,0,91.472793579101562,0,344,443,-99
68064430,344,-998,2500,344,0,91.472793579101562,0,344,443,-99
68084422,344,-959,2500,344,0,91.472793579101562,0,344,445,-101
68104414,344,-922,2500,344,0,91.472793579101562,0,344,449,-105
68124406,363,-888,2500,363,0,41.741283416748047,0,363,455,-92
68144398,363,-858,2500,363,0,41.741283416748047,0,363,462,-99
68164390,363,-830,2500,363,0,41.741283416748047,0,363,470,-107
68184382,363,-806,2500,363,0,41.741283416748047,0,363,480,-117
68204374,363,-786,2500,363,0,41.741283416748047,0,363,490,-127
68224366,231,-769,2500,231,0,24.468252182006836,0,231,501,-270
68244358,231,-756,2500,231,0,24.468252182006836,0,231,511,-280
68264350,231,-745,2500,231,0,24.468252182006836,0,231,523,-292
68284342,231,-738,2500,231,0,24.468252182006836,0,231,535,-304
68304334,231,-733,2500,231,0,24.468252182006836,0,231,546,-315
68324326,99,-730,2500,99,0,34.464248657226562,0,99,557,-458
68344318,99,-730,2500,99,0,34.464248657226562,0,99,568,-469
68364310,99,-731,2500,99,0,34.464248657226562,0,99,578,-479
68385135,99,-734,2500,99,0,34.464248657226562,0,99,587,-488
68405127,99,-739,2500,99,0,34.464248657226562,0,99,595,-496
68425119,-35,-744,2500,-35,0,44.57958984375,0,-35,603,-638
68445111,-35,-751,2500,-35,0,44.57958984375,0,-35,612,-647
68465103,-35,-758,2500,-35,0,44.57958984375,0,-35,620,-655
68485095,-35,-767,2500,-35,0,44.57958984375,0,-35,627,-662
68505087,-35,-775,2500,-35,0,44.57958984375,0,-35,633,-668
68525079,-169,-785,2500,-169,0,54.665054321289062,0,-169,638,-807
68545071,-169,-794,2500,-169,0,54.665054321289062,0,-169,641,-810
68565063,-169,-804,2500,-169,0,54.665054321289062,0,-169,644,-813
68585055,-169,-814,2500,-169,0,54.665054321289062,0,-169,644,-813
68605047,-169,-824,2500,-169,0,54.665054321289062,0,-169,644,-813
68625039,-305,-834,2500,-305,0,64.814292907714844,0,-305,641,-946
68645031,-305,-845,2500,-305,0,64.814292907714844,0,-305,637,-942
68665023,-305,-854,2500,-305,0,64.814292907714844,0,-305,631,-936
68685015,-305,-863,2500,-305,0,64.814292907714844,0,-305,625,-930
68705007,-305,-872,2500,-305,0,64.814292907714844,0,-305,617,-922
68724999,-443,-881,2500,-443,0,71.423675537109375,0,-443,607,-1050
68744991,-443,-888,2500,-443,0,71.423675537109375,0,-443,594,-1037
68764983,-443,-896,2500,-443,0,71.423675537109375,0,-443,581,-1024
68784975,-443,-902,2500,-443,0,71.423675537109375,0,-443,565,-1008
68804967,-443,-909,2500,-443,0,71.423675537109375,0,-443,548,-991
68824959,-581,-915,2500,-581,0,67.017684936523438,0,-581,529,-1110
68844951,-581,-922,2500,-581,0,67.017684936523438,0,-581,510,-1091
68864943,-581,-927,2500,-581,0,67.017684936523438,0,-581,490,-1071
68884935,-581,-933,2500,-581,0,67.017684936523438,0,-581,468,-1049
68904927,-581,-938,2500,-581,0,67.017684936523438,0,-581,444,-1025
68924919,-720,-942,2500,-720,0,62.036991119384766,0,-720,420,-1140
68944911,-720,-947,2500,-720,0,62.036991119384766,0,-720,395,-1115
68964903,-720,-951,2500,-720,0,62.036991119384766,0,-720,371,-1091
68984895,-720,-957,2500,-720,0,62.036991119384766,0,-720,348,-1068
69004887,-720,-966,2500,-720,0,62.036991119384766,0,-720,327,-1047
69024879,-859,-978,2500,-859,0,57.423515319824219,0,-859,307,-1166
69044871,-859,-993,2500,-859,0,57.423515319824219,0,-859,288,-1147
69064863,-859,-1011,2500,-859,0,57.423515319824219,0,-859,270,-1129
69084855,-859,-1032,2500,-859,0,57.423515319824219,0,-859,252,-1111
69104847,-859,-1055,2500,-859,0,57.423515319824219,0,-859,232,-1091
69124839,-998,-1081,2500,-998,0,47.703216552734375,0,-998,211,-1209
69144831,-998,-1109,2500,-998,0,47.703216552734375,0,-998,188,-1186
69164823,-998,-1138,2500,-998,0,47.703216552734375,0,-998,164,-1162
69184815,-998,-1168,2500,-998,0,47.703216552734375,0,-998,137,-1135
69204807,-998,-1199,2500,-998,0,47.703216552734375,0,-998,106,-1104
69224799,-1138,-1230,2500,-1138,0,38.012935638427734,0,-1138,71,-1209
69244791,-1138,-1261,2500,-1138,0,38.012935638427734,0,-1138,32,-1170
69264783,-1138,-1291,2500,-1138,0,38.012935638427734,0,-1138,-9,-1129
69284775,-1138,-1319,2500,-1138,0,38.012935638427734,0,-1138,-53,-1085
69304767,-1138,-1346,2500,-1138,0,38.012935638427734,0,-1138,-100,-1038
69324759,-1279,-1372,2500,-1279,0,29.698223114013672,0,-1279,-149,-1130
69344751,-1279,-1396,2500,-1279,0,29.698223114013672,0,-1279,-200,-1079
69364743,-1279,-1418,2500,-1279,0,29.698223114013672,0,-1279,-254,-1025
69384735,-1279,-1438,2500,-1279,0,29.698223114013672,0,-1279,-309,-970
69404727,-1279,-1457,2500,-1279,0,29.698223114013672,0,-1279,-367,-912
69424719,-1412,-1473,2500,-1412,0,28.507883071899414,0,-1412,-426,-986
69444711,-1412,-1487,2500,-1412,0,28.507883071899414,0,-1412,-486,-926
69464703,-1412,-1499,2500,-1412,0,28.507883071899414,0,-1412,-547,-865
69484695,-1412,-1509,2500,-1412,0,28.507883071899414,0,-1412,-610,-802
69504687,-1412,-1518,2500,-1412,0,28.507883071899414,0,-1412,-672,-740
69524679,-1503,-1524,2500,-1503,0,31.021583557128906,0,-1503,-735,-768
69544671,-1503,-1529,2500,-1503,0,31.021583557128906,0,-1503,-797,-706
69564663,-1503,-1532,2500,-1503,0,31.021583557128906,0,-1503,-859,-644
69584655,-1503,-1534,2500,-1503,0,31.021583557128906,0,-1503,-920,-583
69604647,-1503,-1535,2500,-1503,0,31.021583557128906,0,-1503,-979,-524
69624639,-1504,-1533,2500,-1504,0,35.859737396240234,0,-1504,-1037,-467
69644631,-1504,-1531,2500,-1504,0,35.859737396240234,0,-1504,-1093,-411
69664623,-1504,-1528,2500,-1504,0,35.859737396240234,0,-1504,-1148,-356
69684615,-1504,-1523,2500,-1504,0,35.859737396240234,0,-1504,-1199,-305
69704607,-1504,-1518,2500,-1504,0,35.859737396240234,0,-1504,-1247,-257
69724599,-1435,-1512,2500,-1435,0,42.071361541748047,0,-1435,-1292,-143
69744591,-1435,-1505,2500,-1435,0,42.071361541748047,0,-1435,-1334,-101
69764583,-1435,-1497,2500,-1435,0,42.071361541748047,0,-1435,-1372,-63
69784575,-1435,-1489,2500,-1435,0,42.071361541748047,0,-1435,-1408,-27
69804567,-1435,-1481,2500,-1435,0,42.071361541748047,0,-1435,-1440,5
69824559,-1343,-1472,2500,-1343,0,49.078327178955078,0,-1343,-1469,126
69844551,-1343,-1463,2500,-1343,0,49.078327178955078,0,-1343,-1495,152
69864543,-1343,-1454,2500,-1343,0,49.078327178955078,0,-1343,-1518,175
69884535,-1343,-1446,2500,-1343,0,49.078327178955078,0,-1343,-1538,195
69904527,-1343,-1437,2500,-1343,0,49.078327178955078,0,-1343,-1553,210
69924519,-1249,-1429,2500,-1249,0,56.736648559570312,0,-1249,-1565,316
69944511,-1249,-1422,2500,-1249,0,56.736648559570312,0,-1249,-1573,324
69964503,-1249,-1414,2500,-1249,0,56.736648559570312,0,-1249,-1578,329
69984495,-1249,-1408,2500,-1249,0,56.736648559570312,0,-1249,-1580,331
70004487,-1249,-1401,2500,-1249,0,56.736648559570312,0,-1249,-1579,330
70024479,-1168,-1396,2500,-1168,0,63.882984161376953,0,-1168,-1575,407
70044471,-1168,-1391,2500,-1168,0,63.882984161376953,0,-1168,-1568,400
70064463,-1168,-1387,2500,-1168,0,63.882984161376953,0,-1168,-1559,391
70084455,-1168,-1384,2500,-1168,0,63.882984161376953,0,-1168,-1546,378
70104447,-1168,-1381,2500,-1168,0,63.882984161376953,0,-1168,-1531,363
70124439,-1088,-1379,2500,-1088,0,70.196479797363281,0,-1088,-1514,426
70144431,-1088,-1378,2500,-1088,0,70.196479797363281,0,-1088,-1494,406
70164423,-1088,-1378,2500,-1088,0,70.196479797363281,0,-1088,-1473,385
70184415,-1088,-1378,2500,-1088,0,70.196479797363281,0,-1088,-1451,363
70204407,-1088,-1379,2500,-1088,0,70.196479797363281,0,-1088,-1427,339
70224399,-1025,-1381,2500,-1025,0,75.081344604492188,0,-1025,-1402,377
70244391,-1025,-1383,2500,-1025,0,75.081344604492188,0,-1025,-1375,350
70264383,-1025,-1386,2500,-1025,0,75.081344604492188,0,-1025,-1347,322
70284375,-1025,-1389,2500,-1025,0,75.081344604492188,0,-1025,-1319,294
70304367,-1025,-1392,2500,-1025,0,75.081344604492188,0,-1025,-1289,264
70324359,-980,-1396,2500,-980,0,78.073699951171875,0,-980,-1259,279
70344351,-980,-1401,2500,-980,0,78.073699951171875,0,-980,-1228,248
70364343,-980,-1406,2500,-980,0,78.073699951171875,0,-980,-1197,217
70384335,-980,-1411,2500,-980,0,78.073699951171875,0,-980,-1166,186
70404327,-980,-1417,2500,-980,0,78.073699951171875,0,-980,-1136,156
70424319,-964,-1422,2500,-964,0,80.182113647460938,0,-964,-1107,143
70444311,-964,-1428,2500,-964,0,80.182113647460938,0,-964,-1078,114
70465136,-964,-1434,2500,-964,0,80.182113647460938,0,-964,-1051,87
70485128,-964,-1440,2500,-964,0,80.182113647460938,0,-964,-1025,61
70505120,-964,-1447,2500,-964,0,80.182113647460938,0,-964,-999,35
70525112,-908,-1454,2500,-908,0,81.402259826660156,0,-908,-973,65
70545104,-908,-1461,2500,-908,0,81.402259826660156,0,-908,-949,41
70565096,-908,-1468,2500,-908,0,81.402259826660156,0,-908,-926,18
70585088,-908,-1476,2500,-908,0,81.402259826660156,0,-908,-903,-5
70605080,-908,-1483,2500,-908,0,81.402259826660156,0,-908,-882,-26
70625072,-884,-1491,2500,-884,0,81.680511474609375,0,-884,-860,-24
70645064,-884,-1498,2500,-884,0,81.680511474609375,0,-884,-840,-44
70665056,-884,-1506,2500,-884,0,81.680511474609375,0,-884,-820,-64
70685048,-884,-1514,2500,-884,0,81.680511474609375,0,-884,-802,-82
70705040,-884,-1521,2500,-884,0,81.680511474609375,0,-884,-786,-98
70725032,-871,-1529,2500,-871,0,81.721649169921875,0,-871,-770,-101
70745024,-871,-1537,2500,-871,0,81.721649169921875,0,-871,-756,-115
70765016,-871,-1544,2500,-871,0,81.721649169921875,0,-871,-743,-128
70785008,-871,-1552,2500,-871,0,81.721649169921875,0,-871,-732,-139
70805000,-871,-1560,2500,-871,0,81.721649169921875,0,-871,-722,-149
70824992,-856,-1568,2500,-856,0,81.272102355957031,0,-856,-713,-143
70844984,-856,-1576,2500,-856,0,81.272102355957031,0,-856,-705,-151
70864976,-856,-1583,2500,-856,0,81.272102355957031,0,-856,-697,-159
70884968,-856,-1591,2500,-856,0,81.272102355957031,0,-856,-689,-167
70904960,-856,-1598,2500,-856,0,81.272102355957031,0,-856,-684,-172
70924952,-842,-1606,2500,-842,0,81.152381896972656,0,-842,-681,-161
70944944,-842,-1613,2500,-842,0,81.152381896972656,0,-842,-679,-163
70964936,-842,-1620,2500,-842,0,81.152381896972656,0,-842,-678,-164
70984928,-842,-1627,2500,-842,0,81.152381896972656,0,-842,-679,-163
71004920,-842,-1634,2500,-842,0,81.152381896972656,0,-842,-680,-162
71024912,-810,-1641,2500,-810,0,80.398574829101562,0,-810,-682,-128
71044904,-810,-1647,2500,-810,0,80.398574829101562,0,-810,-686,-124
71064896,-810,-1654,2500,-810,0,80.398574829101562,0,-810,-692,-118
71084888,-810,-1659,2500,-810,0,80.398574829101562,0,-810,-697,-113
71104880,-810,-1665,2500,-810,0,80.398574829101562,0,-810,-702,-108
71124872,-770,-1670,2500,-770,0,80.244430541992188,0,-770,-708,-62
71144864,-770,-1675,2500,-770,0,80.244430541992188,0,-770,-713,-57
71164856,-770,-1680,2500,-770,0,80.244430541992188,0,-770,-718,-52
71184848,-770,-1684,2500,-770,0,80.244430541992188,0,-770,-723,-47
71204840,-770,-1688,2500,-770,0,80.244430541992188,0,-770,-727,-43
71224832,-731,-1692,2500,-731,0,79.863502502441406,0,-731,-731,0
71244824,-731,-1696,2500,-731,0,79.863502502441406,0,-731,-736,5
71264816,-731,-1699,2500,-731,0,79.863502502441406,0,-731,-740,9
71284808,-731,-1703,2500,-731,0,79.863502502441406,0,-731,-744,13
71304800,-731,-1706,2500,-731,0,79.863502502441406,0,-731,-748,17
71324792,-703,-1709,2500,-703,0,80.377288818359375,0,-703,-750,47
71344784,-703,-1711,2500,-703,0,80.377288818359375,0,-703,-752,49
71364776,-703,-1714,2500,-703,0,80.377288818359375,0,-703,-754,51
71384768,-703,-1716,2500,-703,0,80.377288818359375,0,-703,-754,51
71404760,-703,-1718,2500,-703,0,80.377288818359375,0,-703,-754,51
71424752,-689,-1720,2500,-689,0,80.70794677734375,0,-689,-753,64
71444744,-689,-1722,2500,-689,0,80.70794677734375,0,-689,-751,62
71464736,-689,-1723,2500,-689,0,80.70794677734375,0,-689,-747,58
71484728,-689,-1724,2500,-689,0,80.70794677734375,0,-689,-742,53
71504720,-689,-1725,2500,-689,0,80.70794677734375,0,-689,-737,48
71524712,-675,-1726,2500,-675,0,81.207595825195312,0,-675,-732,57
71544704,-675,-1727,2500,-675,0,81.207595825195312,0,-675,-726,51
71564696,-675,-1728,2500,-675,0,81.207595825195312,0,-675,-720,45
71584688,-675,-1729,2500,-675,0,81.207595825195312,0,-675,-713,38
71604680,-675,-1730,2500,-675,0,81.207595825195312,0,-675,-705,30
71624672,-672,-1731,2500,-672,0,81.796943664550781,0,-672,-697,25
71644664,-672,-1732,2500,-672,0,81.796943664550781,0,-672,-690,18
71664656,-672,-1733,2500,-672,0,81.796943664550781,0,-672,-683,11
71684648,-672,-1734,2500,-672,0,81.796943664550781,0,-672,-677,5
71704640,-672,-1735,2500,-672,0,81.796943664550781,0,-672,-669,-3
71724632,-676,-1736,2500,-676,0,82.727226257324219,0,-676,-662,-14
71744624,-676,-1737,2500,-676,0,82.727226257324219,0,-676,-655,-21
71764616,-676,-1738,2500,-676,0,82.727226257324219,0,-676,-649,-27
71784608,-676,-1739,2500,-676,0,82.727226257324219,0,-676,-644,-32
71804600,-676,-1741,2500,-676,0,82.727226257324219,0,-676,-640,-36
71824592,-670,-1742,2500,-670,0,82.734825134277344,0,-670,-636,-34
71844584,-670,-1744,2500,-670,0,82.734825134277344,0,-670,-632,-38
71864576,-670,-1745,2500,-670,0,82.734825134277344,0,-670,-628,-42
71884568,-670,-1747,2500,-670,0,82.734825134277344,0,-670,-623,-47
71904560,-670,-1749,2500,-670,0,82.734825134277344,0,-670,-618,-52
71924552,-649,-1751,2500,-649,0,83.018699645996094,0,-649,-614,-35
71944544,-649,-1753,2500,-649,0,83.018699645996094,0,-649,-609,-40
71964536,-649,-1755,2500,-649,0,83.018699645996094,0,-649,-605,-44
71984528,-649,-1757,2500,-649,0,83.018699645996094,0,-649,-603,-46
72004520,-649,-1759,2500,-649,0,83.018699645996094,0,-649,-601,-48
72024512,-650,-1762,2500,-650,0,83.096290588378906,0,-650,-598,-52
72044504,-650,-1764,2500,-650,0,83.096290588378906,0,-650,-597,-53
72064496,-650,-1767,2500,-650,0,83.096290588378906,0,-650,-596,-54
72084488,-650,-1769,2500,-650,0,83.096290588378906,0,-650,-595,-55
72104480,-650,-1772,2500,-650,0,83.096290588378906,0,-650,-595,-55
72124472,-625,-1774,2500,-625,0,82.649276733398438,0,-625,-595,-30
72144464,-625,-1777,2500,-625,0,82.649276733398438,0,-625,-594,-31
72164456,-625,-1780,2500,-625,0,82.649276733398438,0,-625,-594,-31
72184448,-625,-1783,2500,-625,0,82.649276733398438,0,-625,-594,-31
72204440,-625,-1786,2500,-625,0,82.649276733398438,0,-625,-595,-30
72224432,-617,-1788,2500,-617,0,82.341560363769531,0,-617,-596,-21
72244424,-617,-1791,2500,-617,0,82.341560363769531,0,-617,-597,-20
72264416,-617,-1793,2500,-617,0,82.341560363769531,0,-617,-598,-19
72284408,-617,-1796,2500,-617,0,82.341560363769531,0,-617,-599,-18
72304400,-617,-1798,2500,-617,0,82.341560363769531,0,-617,-600,-17
72324392,-610,-1800,2500,-610,0,82.256149291992188,0,-610,-600,-10
72344384,-610,-1803,2500,-610,0,82.256149291992188,0,-610,-601,-9
72364376,-610,-1805,2500,-610,0,82.256149291992188,0,-610,-602,-8
72384368,-610,-1807,2500,-610,0,82.256149291992188,0,-610,-604,-6
72404360,-610,-1809,2500,-610,0,82.256149291992188,0,-610,-605,-5
72424352,-619,-1811,2500,-619,0,82.263168334960938,0,-619,-607,-12
72444344,-619,-1813,2500,-619,0,82.263168334960938,0,-619,-608,-11
72464336,-619,-1814,2500,-619,0,82.263168334960938,0,-619,-610,-9
72484328,-619,-1816,2500,-619,0,82.263168334960938,0,-619,-611,-8
72504320,-619,-1818,2500,-619,0,82.263168334960938,0,-619,-613,-6
72524312,-605,-1819,2500,-605,0,82.393867492675781,0,-605,-614,9
72545137,-605,-1821,2500,-605,0,82.393867492675781,0,-605,-615,10
72565129,-605,-1822,2500,-605,0,82.393867492675781,0,-605,-616,11
72585121,-605,-1824,2500,-605,0,82.393867492675781,0,-605,-615,10
72605113,-605,-1825,2500,-605,0,82.393867492675781,0,-605,-613,8
72625105,-607,-1826,2500,-607,0,82.468475341796875,0,-607,-612,5
72645097,-607,-1828,2500,-607,0,82.468475341796875,0,-607,-611,4
72665089,-607,-1829,2500,-607,0,82.468475341796875,0,-607,-611,4
72685081,-607,-1830,2500,-607,0,82.468475341796875,0,-607,-610,3
72705073,-607,-1831,2500,-607,0,82.468475341796875,0,-607,-611,4
72725065,-617,-1832,2500,-617,0,82.643638610839844,0,-617,-610,-7
72745057,-617,-1833,2500,-617,0,82.643638610839844,0,-617,-609,-8
72765049,-617,-1834,2500,-617,0,82.643638610839844,0,-617,-608,-9
72785041,-617,-1835,2500,-617,0,82.643638610839844,0,-617,-606,-11
72805033,-617,-1836,2500,-617,0,82.643638610839844,0,-617,-603,-14
72825025,-617,-1837,2500,-617,0,82.992355346679688,0,-617,-601,-16
72845017,-617,-1838,2500,-617,0,82.992355346679688,0,-617,-598,-19
72865009,-617,-1839,2500,-617,0,82.992355346679688,0,-617,-595,-22
72885001,-617,-1840,2500,-617,0,82.992355346679688,0,-617,-592,-25
72904993,-617,-1841,2500,-617,0,82.992355346679688,0,-617,-589,-28
72924985,-636,-1842,2500,-636,0,82.841522216796875,0,-636,-587,-49
72944977,-636,-1843,2500,-636,0,82.841522216796875,0,-636,-585,-51
72964969,-636,-1843,2500,-636,0,82.841522216796875,0,-636,-583,-53
72984961,-636,-1844,2500,-636,0,82.841522216796875,0,-636,-581,-55
73004953,-636,-1845,2500,-636,0,82.841522216796875,0,-636,-582,-54
73024945,-643,-1846,2500,-643,0,83.534172058105469,0,-643,-584,-59
73044937,-643,-1847,2500,-643,0,83.534172058105469,0,-643,-587,-56
73064929,-643,-1848,2500,-643,0,83.534172058105469,0,-643,-589,-54
73084921,-643,-1849,2500,-643,0,83.534172058105469,0,-643,-591,-52
73104913,-643,-1850,2500,-643,0,83.534172058105469,0,-643,-592,-51
73124905,-627,-1851,2500,-627,0,83.129043579101562,0,-627,-592,-35
73144897,-627,-1852,2500,-627,0,83.129043579101562,0,-627,-594,-33
73164889,-627,-1853,2500,-627,0,83.129043579101562,0,-627,-597,-30
73184881,-627,-1854,2500,-627,0,83.129043579101562,0,-627,-601,-26
73204873,-627,-1855,2500,-627,0,83.129043579101562,0,-627,-604,-23
73224865,-620,-1856,2500,-620,0,83.466438293457031,0,-620,-607,-13
73244857,-620,-1858,2500,-620,0,83.466438293457031,0,-620,-610,-10
73264849,-620,-1859,2500,-620,0,83.466438293457031,0,-620,-612,-8
73284841,-620,-1860,2500,-620,0,83.466438293457031,0,-620,-615,-5
73304833,-620,-1861,2500,-620,0,83.466438293457031,0,-620,-617,-3
73324825,-611,-1863,2500,-611,0,83.0992431640625,0,-611,-618,7
73344817,-611,-1864,2500,-611,0,83.0992431640625,0,-611,-620,9
73364809,-611,-1865,2500,-611,0,83.0992431640625,0,-611,-622,11
73384801,-611,-1866,2500,-611,0,83.0992431640625,0,-611,-623,12
73404793,-611,-1867,2500,-611,0,83.0992431640625,0,-611,-624,13
73424785,-614,-1868,2500,-614,0,83.449470520019531,0,-614,-624,10
73444777,-614,-1868,2500,-614,0,83.449470520019531,0,-614,-623,9
73464769,-614,-1869,2500,-614,0,83.449470520019531,0,-614,-622,8
73484761,-614,-1870,2500,-614,0,83.449470520019531,0,-614,-620,6
73504753,-614,-1871,2500,-614,0,83.449470520019531,0,-614,-619,5
73524745,-625,-1871,2500,-625,0,83.336128234863281,0,-625,-617,-8
73544737,-625,-1872,2500,-625,0,83.336128234863281,0,-625,-614,-11
73564729,-625,-1873,2500,-625,0,83.336128234863281,0,-625,-611,-14
73584721,-625,-1873,2500,-625,0,83.336128234863281,0,-625,-610,-15
73604713,-625,-1874,2500,-625,0,83.336128234863281,0,-625,-608,-17
73624705,-645,-1874,2500,-645,0,83.572090148925781,0,-645,-607,-38
73644697,-645,-1875,2500,-645,0,83.572090148925781,0,-645,-607,-38
73664689,-645,-1875,2500,-645,0,83.572090148925781,0,-645,-607,-38
73684681,-645,-1876,2500,-645,0,83.572090148925781,0,-645,-606,-39
73704673,-645,-1876,2500,-645,0,83.572090148925781,0,-645,-606,-39
73724665,-657,-1876,2500,-657,0,83.651679992675781,0,-657,-606,-51
73744657,-657,-1877,2500,-657,0,83.651679992675781,0,-657,-607,-50
73764649,-657,-1877,2500,-657,0,83.651679992675781,0,-657,-608,-49
73784641,-657,-1878,2500,-657,0,83.651679992675781,0,-657,-609,-48
73804633,-657,-1878,2500,-657,0,83.651679992675781,0,-657,-611,-46
73824625,-663,-1879,2500,-663,0,83.693588256835938,0,-663,-612,-51
73844617,-663,-1880,2500,-663,0,83.693588256835938,0,-663,-612,-51
73864609,-663,-1880,2500,-663,0,83.693588256835938,0,-663,-613,-50
73884601,-663,-1881,2500,-663,0,83.693588256835938,0,-663,-614,-49
73904593,-663,-1882,2500,-663,0,83.693588256835938,0,-663,-615,-48
73924585,-655,-1882,2500,-655,0,83.674446105957031,0,-655,-617,-38
73944577,-655,-1883,2500,-655,0,83.674446105957031,0,-655,-620,-35
73964569,-655,-1884,2500,-655,0,83.674446105957031,0,-655,-623,-32
73984561,-655,-1884,2500,-655,0,83.674446105957031,0,-655,-626,-29
74004553,-655,-1885,2500,-655,0,83.674446105957031,0,-655,-630,-25
74024545,-654,-1885,2500,-654,0,83.683372497558594,0,-654,-633,-21
74044537,-654,-1886,2500,-654,0,83.683372497558594,0,-654,-635,-19
74064529,-654,-1886,2500,-654,0,83.683372497558594,0,-654,-639,-15
74084521,-654,-1886,2500,-654,0,83.683372497558594,0,-654,-642,-12
74104513,-654,-1887,2500,-654,0,83.683372497558594,0,-654,-645,-9
74124505,-653,-1887,2500,-653,0,83.380683898925781,0,-653,-648,-5
74144497,-653,-1888,2500,-653,0,83.380683898925781,0,-653,-651,-2
74164489,-653,-1888,2500,-653,0,83.380683898925781,0,-653,-653,0
74184481,-653,-1888,2500,-653,0,83.380683898925781,0,-653,-654,1
74204473,-653,-1888,2500,-653,0,83.380683898925781,0,-653,-654,1
74224465,-643,-1889,2500,-643,0,83.704742431640625,0,-643,-654,11
74244457,-643,-1889,2500,-643,0,83.704742431640625,0,-643,-654,11
74264449,-643,-1890,2500,-643,0,83.704742431640625,0,-643,-654,11
74284441,-643,-1890,2500,-643,0,83.704742431640625,0,-643,-653,10
74304433,-643,-1890,2500,-643,0,83.704742431640625,0,-643,-652,9
74324425,-663,-1890,2500,-663,0,83.779769897460938,0,-663,-652,-11
74344417,-663,-1890,2500,-663,0,83.779769897460938,0,-663,-652,-11
74364409,-663,-1891,2500,-663,0,83.779769897460938,0,-663,-653,-10
74384401,-663,-1891,2500,-663,0,83.779769897460938,0,-663,-654,-9
74404393,-663,-1891,2500,-663,0,83.779769897460938,0,-663,-654,-9
74424385,-666,-1891,2500,-666,0,83.683906555175781,0,-666,-653,-13
74444377,-666,-1891,2500,-666,0,83.683906555175781,0,-666,-652,-14
74464369,-666,-1891,2500,-666,0,83.683906555175781,0,-666,-652,-14
74484361,-666,-1890,2500,-666,0,83.683906555175781,0,-666,-651,-15
74504353,-666,-1890,2500,-666,0,83.683906555175781,0,-666,-651,-15
74524345,-671,-1890,2500,-671,0,84.183441162109375,0,-671,-652,-19
74544337,-671,-1890,2500,-671,0,84.183441162109375,0,-671,-653,-18
74564329,-671,-1890,2500,-671,0,84.183441162109375,0,-671,-653,-18
74584321,-671,-1889,2500,-671,0,84.183441162109375,0,-671,-652,-19
74604313,-671,-1889,2500,-671,0,84.183441162109375,0,-671,-652,-19
74625138,-672,-1889,2500,-672,0,83.939697265625,0,-672,-653,-19
74645130,-672,-1889,2500,-672,0,83.939697265625,0,-672,-654,-18
74665122,-672,-1889,2500,-672,0,83.939697265625,0,-672,-655,-17
74685114,-672,-1889,2500,-672,0,83.939697265625,0,-672,-656,-16
74705106,-672,-1889,2500,-672,0,83.939697265625,0,-672,-658,-14
74725098,-677,-1889,2500,-677,0,84.121337890625,0,-677,-659,-18
74745090,-677,-1889,2500,-677,0,84.121337890625,0,-677,-659,-18
74765082,-677,-1889,2500,-677,0,84.121337890625,0,-677,-658,-19
74785074,-677,-1889,2500,-677,0,84.121337890625,0,-677,-658,-19
74805066,-677,-1888,2500,-677,0,84.121337890625,0,-677,-657,-20
74825058,-698,-1888,2500,-698,0,84.443855285644531,0,-698,-657,-41
74845050,-698,-1888,2500,-698,0,84.443855285644531,0,-698,-657,-41
74865042,-698,-1887,2500,-698,0,84.443855285644531,0,-698,-659,-39
74885034,-698,-1887,2500,-698,0,84.443855285644531,0,-698,-660,-38
74905026,-698,-1887,2500,-698,0,84.443855285644531,0,-698,-661,-37
74925018,-702,-1886,2500,-702,0,84.248992919921875,0,-702,-664,-38
74945010,-702,-1886,2500,-702,0,84.248992919921875,0,-702,-668,-34
74965002,-702,-1885,2500,-702,0,84.248992919921875,0,-702,-671,-31
74984994,-702,-1885,2500,-702,0,84.248992919921875,0,-702,-674,-28
75004986,-702,-1885,2500,-702,0,84.248992919921875,0,-702,-677,-25
75024978,-682,-1884,2500,-682,0,84.516365051269531,0,-682,-681,-1
75044970,-682,-1884,2500,-682,0,84.516365051269531,0,-682,-685,3
75064962,-682,-1884,2500,-682,0,84.516365051269531,0,-682,-690,8
75084954,-682,-1883,2500,-682,0,84.516365051269531,0,-682,-693,11
75104946,-682,-1883,2500,-682,0,84.516365051269531,0,-682,-695,13
75124938,-672,-1882,2500,-672,0,84.458778381347656,0,-672,-696,24
75144930,-672,-1882,2500,-672,0,84.458778381347656,0,-672,-698,26
75164922,-672,-1881,2500,-672,0,84.458778381347656,0,-672,-699,27
75184914,-672,-1881,2500,-672,0,84.458778381347656,0,-672,-699,27
75204906,-672,-1880,2500,-672,0,84.458778381347656,0,-672,-700,28
75224898,-675,-1880,2500,-675,0,84.684097290039062,0,-675,-700,25
75244890,-675,-1879,2500,-675,0,84.684097290039062,0,-675,-700,25
75264882,-675,-1878,2500,-675,0,84.684097290039062,0,-675,-699,24
75284874,-675,-1878,2500,-675,0,84.684097290039062,0,-675,-698,23
75304866,-675,-1877,2500,-675,0,84.684097290039062,0,-675,-696,21
75324858,-695,-1876,2500,-695,0,84.7138671875,0,-695,-696,1
75344850,-695,-1875,2500,-695,0,84.7138671875,0,-695,-696,1
75364842,-695,-1874,2500,-695,0,84.7138671875,0,-695,-695,0
75384834,-695,-1873,2500,-695,0,84.7138671875,0,-695,-694,-1
75404826,-695,-1872,2500,-695,0,84.7138671875,0,-695,-692,-3
75424818,-723,-1871,2500,-723,0,84.725837707519531,0,-723,-690,-33
75444810,-723,-1869,2500,-723,0,84.725837707519531,0,-723,-688,-35
75464802,-723,-1868,2500,-723,0,84.725837707519531,0,-723,-684,-39
75484794,-723,-1867,2500,-723,0,84.725837707519531,0,-723,-680,-43
75504786,-723,-1866,2500,-723,0,84.725837707519531,0,-723,-676,-47
75524778,-746,-1864,2500,-746,0,84.940406799316406,0,-746,-672,-74
75544770,-746,-1863,2500,-746,0,84.940406799316406,0,-746,-669,-77
75564762,-746,-1862,2500,-746,0,84.940406799316406,0,-746,-665,-81
75584754,-746,-1862,2500,-746,0,84.940406799316406,0,-746,-662,-84
75604746,-746,-1864,2500,-746,0,84.940406799316406,0,-746,-659,-87
75624738,-783,-1868,2500,-783,0,84.679046630859375,0,-783,-657,-126
75644730,-783,-1874,2500,-783,0,84.679046630859375,0,-783,-654,-129
75664722,-783,-1881,2500,-783,0,84.679046630859375,0,-783,-652,-131
75684714,-783,-1890,2500,-783,0,84.679046630859375,0,-783,-651,-132
75704706,-783,-1901,2500,-783,0,84.679046630859375,0,-783,-649,-134
75724698,-802,-1912,2500,-802,0,84.106231689453125,0,-802,-648,-154
75744690,-802,-1924,2500,-802,0,84.106231689453125,0,-802,-649,-153
75764682,-802,-1936,2500,-802,0,84.106231689453125,0,-802,-651,-151
75784674,-802,-1947,2500,-802,0,84.106231689453125,0,-802,-657,-145
75804666,-802,-1958,2500,-802,0,84.106231689453125,0,-802,-663,-139
75824658,-826,-1969,2500,-826,0,82.517105102539062,0,-826,-672,-154
75844650,-826,-1978,2500,-826,0,82.517105102539062,0,-826,-683,-143
75864642,-826,-1985,2500,-826,0,82.517105102539062,0,-826,-696,-130
75884634,-826,-1992,2500,-826,0,82.517105102539062,0,-826,-707,-119
75904626,-826,-1996,2500,-826,0,82.517105102539062,0,-826,-720,-106
75924618,-835,-1999,2500,-835,0,81.701759338378906,0,-835,-735,-100
75944610,-835,-1999,2500,-835,0,81.701759338378906,0,-835,-750,-85
75964602,-835,-1998,2500,-835,0,81.701759338378906,0,-835,-766,-69
75984594,-835,-1995,2500,-835,0,81.701759338378906,0,-835,-781,-54
76004586,-835,-1990,2500,-835,0,81.701759338378906,0,-835,-797,-38
76024578,-840,-1982,2500,-840,0,81.48907470703125,0,-840,-813,-27
76044570,-840,-1973,2500,-840,0,81.48907470703125,0,-840,-828,-12
76064562,-840,-1962,2500,-840,0,81.48907470703125,0,-840,-842,2
76084554,-840,-1949,2500,-840,0,81.48907470703125,0,-840,-854,14
76104546,-840,-1933,2500,-840,0,81.48907470703125,0,-840,-866,26
76124538,-826,-1916,2500,-826,0,82.177444458007812,0,-826,-878,52
76144530,-826,-1896,2500,-826,0,82.177444458007812,0,-826,-890,64
76164522,-826,-1875,2500,-826,0,82.177444458007812,0,-826,-900,74
76184514,-826,-1851,2500,-826,0,82.177444458007812,0,-826,-909,83
76204506,-826,-1826,2500,-826,0,82.177444458007812,0,-826,-915,89
76224498,-821,-1799,2500,-821,0,83.80828857421875,0,-821,-921,100
76244490,-821,-1771,2500,-821,0,83.80828857421875,0,-821,-926,105
76264482,-821,-1740,2500,-821,0,83.80828857421875,0,-821,-930,109
76284474,-821,-1708,2500,-821,0,83.80828857421875,0,-821,-931,110
76304466,-821,-1674,2500,-821,0,83.80828857421875,0,-821,-933,112
76324458,-810,-1638,2500,-810,0,87.329879760742188,0,-810,-934,124
76344450,-810,-1601,2500,-810,0,87.329879760742188,0,-810,-934,124
76364442,-810,-1563,2500,-810,0,87.329879760742188,0,-810,-932,122
76384434,-810,-1523,2500,-810,0,87.329879760742188,0,-810,-930,120
76404426,-810,-1482,2500,-810,0,87.329879760742188,0,-810,-926,116
76424418,-808,-1440,2500,-808,0,93.030128479003906,0,-808,-921,113
76444410,-808,-1396,2500,-808,0,93.030128479003906,0,-808,-917,109
76464402,-808,-1352,2500,-808,0,93.030128479003906,0,-808,-910,102
76484394,-808,-1306,2500,-808,0,93.030128479003906,0,-808,-904,96
76504386,-808,-1261,2500,-808,0,93.030128479003906,0,-808,-898,90
76524378,-777,-1215,2500,-777,0,100,0,-777,-891,114
76544370,-777,-1170,2500,-777,0,100,0,-777,-882,105
76564362,-777,-1126,2500,-777,0,100,0,-777,-871,94
76584354,-777,-1083,2500,-777,0,100,0,-777,-862,85
76604346,-777,-1043,2500,-777,0,100,0,-777,-851,74
76624338,-676,-1005,2500,-676,0,93.588790893554688,0,-676,-839,163
76644330,-676,-970,2500,-676,0,93.588790893554688,0,-676,-826,150
76664322,-676,-939,2500,-676,0,93.588790893554688,0,-676,-811,135
76684314,-676,-910,2500,-676,0,93.588790893554688,0,-676,-796,120
76705139,-676,-885,2500,-676,0,93.588790893554688,0,-676,-780,104
76725131,-641,-864,2500,-641,0,44.056449890136719,0,-641,-763,122
76745123,-641,-845,2500,-641,0,44.056449890136719,0,-641,-745,104
76765115,-641,-829,2500,-641,0,44.056449890136719,0,-641,-727,86
76785107,-641,-817,2500,-641,0,44.056449890136719,0,-641,-708,67
76805099,-641,-808,2500,-641,0,44.056449890136719,0,-641,-689,48
76825091,-739,-801,2500,-739,0,54.052448272705078,0,-739,-670,-69
76845083,-739,-797,2500,-739,0,54.052448272705078,0,-739,-652,-87
76865075,-739,-796,2500,-739,0,54.052448272705078,0,-739,-633,-106
76885067,-739,-797,2500,-739,0,54.052448272705078,0,-739,-614,-125
76905059,-739,-800,2500,-739,0,54.052448272705078,0,-739,-595,-144
76925051,-869,-805,2500,-805,0,64.321533203125,0,-805,-576,-229
76945043,-869,-811,2500,-811,0,64.321533203125,0,-811,-557,-254
76965035,-869,-819,2500,-819,0,64.321533203125,0,-819,-537,-282
76985027,-869,-828,2500,-828,0,64.321533203125,0,-828,-517,-311
77005019,-869,-838,2500,-838,0,64.321533203125,0,-838,-499,-339
77025011,-999,-849,2500,-849,0,74.61492919921875,0,-849,-481,-368
77045003,-999,-860,2500,-860,0,74.61492919921875,0,-860,-464,-396
77064995,-999,-871,2500,-871,0,74.61492919921875,0,-871,-450,-421
77084987,-999,-882,2500,-882,0,74.61492919921875,0,-882,-437,-445
77104979,-999,-893,2500,-893,0,74.61492919921875,0,-893,-426,-467
77124971,-1130,-904,2500,-904,0,84.94329833984375,0,-904,-415,-489
77144963,-1130,-915,2500,-915,0,84.94329833984375,0,-915,-405,-510
77164955,-1130,-926,2500,-926,0,84.94329833984375,0,-926,-398,-528
77184947,-1130,-936,2500,-936,0,84.94329833984375,0,-936,-391,-545
77204939,-1130,-946,2500,-946,0,84.94329833984375,0,-946,-385,-561
77224931,-1261,-955,2500,-955,0,82.064460754394531,0,-955,-380,-575
77244923,-1261,-964,2500,-964,0,82.064460754394531,0,-964,-377,-587
77264915,-1261,-972,2500,-972,0,82.064460754394531,0,-972,-376,-596
77284907,-1261,-980,2500,-980,0,82.064460754394531,0,-980,-374,-606
77304899,-1261,-987,2500,-987,0,82.064460754394531,0,-987,-374,-613
77324891,-1393,-994,2500,-994,0,76.730575561523438,0,-994,-376,-618
77344883,-1393,-1001,2500,-1001,0,76.730575561523438,0,-1001,-379,-622
77364875,-1393,-1007,2500,-1007,0,76.730575561523438,0,-1007,-383,-624
77384867,-1393,-1012,2500,-1012,0,76.730575561523438,0,-1012,-387,-625
77404859,-1393,-1018,2500,-1018,0,76.730575561523438,0,-1018,-393,-625
77424851,-1426,-1023,2500,-1023,0,72.500907897949219,0,-1023,-399,-624
77444843,-1426,-1028,2500,-1028,0,72.500907897949219,0,-1028,-407,-621
77464835,-1426,-1032,2500,-1032,0,72.500907897949219,0,-1032,-417,-615
77484827,-1426,-1036,2500,-1036,0,72.500907897949219,0,-1036,-427,-609
77504819,-1426,-1040,2500,-1040,0,72.500907897949219,0,-1040,-438,-602
77524811,-1409,-1043,2500,-1043,0,68.6160888671875,0,-1043,-449,-594
77544803,-1409,-1046,2500,-1046,0,68.6160888671875,0,-1046,-460,-586
77564795,-1409,-1049,2500,-1049,0,68.6160888671875,0,-1049,-472,-577
77584787,-1409,-1051,2500,-1051,0,68.6160888671875,0,-1051,-484,-567
77604779,-1409,-1053,2500,-1053,0,68.6160888671875,0,-1053,-497,-556
77624771,-1416,-1055,2500,-1055,0,66.851455688476562,0,-1055,-509,-546
77644763,-1416,-1056,2500,-1056,0,66.851455688476562,0,-1056,-520,-536
77664755,-1416,-1058,2500,-1058,0,66.851455688476562,0,-1058,-533,-525
77684747,-1416,-1059,2500,-1059,0,66.851455688476562,0,-1059,-546,-513
77704739,-1416,-1060,2500,-1060,0,66.851455688476562,0,-1060,-558,-502
77724731,-1444,-1061,2500,-1061,0,66.479095458984375,0,-1061,-571,-490
77744723,-1444,-1062,2500,-1062,0,66.479095458984375,0,-1062,-583,-479
77764715,-1444,-1063,2500,-1063,0,66.479095458984375,0,-1063,-596,-467
77784707,-1444,-1063,2500,-1063,0,66.479095458984375,0,-1063,-607,-456
77804699,-1444,-1063,2500,-1063,0,66.479095458984375,0,-1063,-617,-446
77824691,-1440,-1064,2500,-1064,0,66.86627197265625,0,-1064,-628,-436
77844683,-1440,-1064,2500,-1064,0,66.86627197265625,0,-1064,-639,-425
77864675,-1440,-1064,2500,-1064,0,66.86627197265625,0,-1064,-651,-413
77884667,-1440,-1065,2500,-1065,0,66.86627197265625,0,-1065,-661,-404
77904659,-1440,-1065,2500,-1065,0,66.86627197265625,0,-1065,-672,-393
77924651,-1435,-1066,2500,-1066,0,67.761978149414062,0,-1066,-682,-384
77944643,-1435,-1066,2500,-1066,0,67.761978149414062,0,-1066,-691,-375
77964635,-1435,-1067,2500,-1067,0,67.761978149414062,0,-1067,-700,-367
77984627,-1435,-1067,2500,-1067,0,67.761978149414062,0,-1067,-708,-359
78004619,-1435,-1067,2500,-1067,0,67.761978149414062,0,-1067,-715,-352
78024611,-1406,-1068,2500,-1068,0,69.208976745605469,0,-1068,-723,-345
78044603,-1406,-1068,2500,-1068,0,69.208976745605469,0,-1068,-729,-339
78064595,-1406,-1069,2500,-1069,0,69.208976745605469,0,-1069,-736,-333
78084587,-1406,-1070,2500,-1070,0,69.208976745605469,0,-1070,-742,-328
78104579,-1406,-1070,2500,-1070,0,69.208976745605469,0,-1070,-749,-321
78124571,-1359,-1070,2500,-1070,0,70.136589050292969,0,-1070,-754,-316
78144563,-1359,-1071,2500,-1071,0,70.136589050292969,0,-1071,-760,-311
78164555,-1359,-1072,2500,-1072,0,70.136589050292969,0,-1072,-765,-307
78184547,-1359,-1073,2500,-1073,0,70.136589050292969,0,-1073,-770,-303
78204539,-1359,-1074,2500,-1074,0,70.136589050292969,0,-1074,-775,-299
78224531,-1326,-1075,2500,-1075,0,71.480033874511719,0,-1075,-781,-294
78244523,-1326,-1076,2500,-1076,0,71.480033874511719,0,-1076,-785,-291
78264515,-1326,-1077,2500,-1077,0,71.480033874511719,0,-1077,-788,-289
78284507,-1326,-1078,2500,-1078,0,71.480033874511719,0,-1078,-792,-286
78304499,-1326,-1080,2500,-1080,0,71.480033874511719,0,-1080,-795,-285
78324491,-1279,-1081,2500,-1081,0,72.490020751953125,0,-1081,-797,-284
78344483,-1279,-1082,2500,-1082,0,72.490020751953125,0,-1082,-797,-285
78364475,-1279,-1084,2500,-1084,0,72.490020751953125,0,-1084,-798,-286
78384467,-1279,-1085,2500,-1085,0,72.490020751953125,0,-1085,-800,-285
78404459,-1279,-1086,2500,-1086,0,72.490020751953125,0,-1086,-801,-285
78424451,-1225,-1088,2500,-1088,0,73.376953125,0,-1088,-802,-286
78444443,-1225,-1090,2500,-1090,0,73.376953125,0,-1090,-804,-286
78464435,-1225,-1092,2500,-1092,0,73.376953125,0,-1092,-806,-286
78484427,-1225,-1093,2500,-1093,0,73.376953125,0,-1093,-808,-285
78504419,-1225,-1095,2500,-1095,0,73.376953125,0,-1095,-811,-284
78524411,-1188,-1097,2500,-1097,0,74.002861022949219,0,-1097,-813,-284
78544403,-1188,-1098,2500,-1098,0,74.002861022949219,0,-1098,-815,-283
78564395,-1188,-1100,2500,-1100,0,74.002861022949219,0,-1100,-818,-282
78584387,-1188,-1101,2500,-1101,0,74.002861022949219,0,-1101,-820,-281
78604379,-1188,-1103,2500,-1103,0,74.002861022949219,0,-1103,-822,-281
78624371,-1129,-1104,2500,-1104,0,75.246826171875,0,-1104,-823,-281
78644363,-1129,-1106,2500,-1106,0,75.246826171875,0,-1106,-824,-282
78664355,-1129,-1108,2500,-1108,0,75.246826171875,0,-1108,-825,-283
78684347,-1129,-1110,2500,-1110,0,75.246826171875,0,-1110,-826,-284
78704339,-1129,-1112,2500,-1112,0,75.246826171875,0,-1112,-827,-285
78724331,-1076,-1113,2500,-1076,0,75.638206481933594,0,-1076,-827,-249
78744323,-1076,-1115,2500,-1076,0,75.638206481933594,0,-1076,-827,-249
78764315,-1076,-1118,2500,-1076,0,75.638206481933594,0,-1076,-827,-249
78785140,-1076,-1120,2500,-1076,0,75.638206481933594,0,-1076,-827,-249
78805132,-1076,-1122,2500,-1076,0,75.638206481933594,0,-1076,-826,-250
78825124,-1029,-1125,2500,-1029,0,76.342628479003906,0,-1029,-826,-203
78845116,-1029,-1128,2500,-1029,0,76.342628479003906,0,-1029,-827,-202
78865108,-1029,-1130,2500,-1029,0,76.342628479003906,0,-1029,-827,-202
78885100,-1029,-1133,2500,-1029,0,76.342628479003906,0,-1029,-827,-202
78905092,-1029,-1135,2500,-1029,0,76.342628479003906,0,-1029,-827,-202
78925084,-987,-1138,2500,-987,0,76.767021179199219,0,-987,-826,-161
78945076,-987,-1140,2500,-987,0,76.767021179199219,0,-987,-824,-163
78965068,-987,-1143,2500,-987,0,76.767021179199219,0,-987,-822,-165
78985060,-987,-1145,2500,-987,0,76.767021179199219,0,-987,-820,-167
79005052,-987,-1147,2500,-987,0,76.767021179199219,0,-987,-818,-169
79025044,-953,-1150,2500,-953,0,77.530464172363281,0,-953,-816,-137
79045036,-953,-1152,2500,-953,0,77.530464172363281,0,-953,-815,-138
79065028,-953,-1155,2500,-953,0,77.530464172363281,0,-953,-812,-141
79085020,-953,-1158,2500,-953,0,77.530464172363281,0,-953,-809,-144
79105012,-953,-1161,2500,-953,0,77.530464172363281,0,-953,-806,-147
79125004,-921,-1164,2500,-921,0,78.035911560058594,0,-921,-803,-118
79144996,-921,-1167,2500,-921,0,78.035911560058594,0,-921,-799,-122
79164988,-921,-1170,2500,-921,0,78.035911560058594,0,-921,-794,-127
79184980,-921,-1173,2500,-921,0,78.035911560058594,0,-921,-789,-132
79204972,-921,-1177,2500,-921,0,78.035911560058594,0,-921,-785,-136
79224964,-898,-1180,2500,-898,0,78.375259399414062,0,-898,-782,-116
79244956,-898,-1183,2500,-898,0,78.375259399414062,0,-898,-778,-120
79264948,-898,-1186,2500,-898,0,78.375259399414062,0,-898,-773,-125
79284940,-898,-1189,2500,-898,0,78.375259399414062,0,-898,-767,-131
79304932,-898,-1192,2500,-898,0,78.375259399414062,0,-898,-761,-137
79324924,-874,-1195,2500,-874,0,79.209396362304688,0,-874,-755,-119
79344916,-874,-1199,2500,-874,0,79.209396362304688,0,-874,-749,-125
79364908,-874,-1202,2500,-874,0,79.209396362304688,0,-874,-743,-131
79384900,-874,-1206,2500,-874,0,79.209396362304688,0,-874,-738,-136
79404892,-874,-1210,2500,-874,0,79.209396362304688,0,-874,-733,-141
79424884,-848,-1214,2500,-848,0,79.210029602050781,0,-848,-728,-120
79444876,-848,-1218,2500,-848,0,79.210029602050781,0,-848,-722,-126
79464868,-848,-1221,2500,-848,0,79.210029602050781,0,-848,-717,-131
79484860,-848,-1225,2500,-848,0,79.210029602050781,0,-848,-713,-135
79504852,-848,-1229,2500,-848,0,79.210029602050781,0,-848,-708,-140
79524844,-816,-1233,2500,-816,0,79.333137512207031,0,-816,-704,-112
79544836,-816,-1237,2500,-816,0,79.333137512207031,0,-816,-699,-117
79564828,-816,-1242,2500,-816,0,79.333137512207031,0,-816,-694,-122
79584820,-816,-1246,2500,-816,0,79.333137512207031,0,-816,-687,-129
79604812,-816,-1251,2500,-816,0,79.333137512207031,0,-816,-681,-135
79624804,-797,-1256,2500,-797,0,78.925033569335938,0,-797,-675,-122
79644796,-797,-1262,2500,-797,0,78.925033569335938,0,-797,-669,-128
79664788,-797,-1267,2500,-797,0,78.925033569335938,0,-797,-663,-134
79684780,-797,-1273,2500,-797,0,78.925033569335938,0,-797,-657,-140
79704772,-797,-1278,2500,-797,0,78.925033569335938,0,-797,-650,-147
79724764,-788,-1284,2500,-788,0,78.840301513671875,0,-788,-643,-145
79744756,-788,-1290,2500,-788,0,78.840301513671875,0,-788,-637,-151
79764748,-788,-1296,2500,-788,0,78.840301513671875,0,-788,-632,-156
79784740,-788,-1302,2500,-788,0,78.840301513671875,0,-788,-627,-161
79804732,-788,-1308,2500,-788,0,78.840301513671875,0,-788,-622,-166
79824724,-789,-1314,2500,-789,0,78.307632446289062,0,-789,-619,-170
79844716,-789,-1320,2500,-789,0,78.307632446289062,0,-789,-617,-172
79864708,-789,-1326,2500,-789,0,78.307632446289062,0,-789,-615,-174
79884700,-789,-1333,2500,-789,0,78.307632446289062,0,-789,-611,-178
79904692,-789,-1339,2500,-789,0,78.307632446289062,0,-789,-608,-181
79924684,-782,-1346,2500,-782,0,77.840370178222656,0,-782,-605,-177
79944676,-782,-1353,2500,-782,0,77.840370178222656,0,-782,-602,-180
79964668,-782,-1360,2500,-782,0,77.840370178222656,0,-782,-600,-182
79984660,-782,-1367,2500,-782,0,77.840370178222656,0,-782,-598,-184
80004652,-782,-1373,2500,-782,0,77.840370178222656,0,-782,-594,-188
80024644,-776,-1380,2500,-776,0,77.318023681640625,0,-776,-591,-185
80044636,-776,-1387,2500,-776,0,77.318023681640625,0,-776,-587,-189
80064628,-776,-1394,2500,-776,0,77.318023681640625,0,-776,-585,-191
80084620,-776,-1401,2500,-776,0,77.318023681640625,0,-776,-582,-194
80104612,-776,-1408,2500,-776,0,77.318023681640625,0,-776,-580,-196
80124604,-772,-1415,2500,-772,0,76.863327026367188,0,-772,-577,-195
80144596,-772,-1422,2500,-772,0,76.863327026367188,0,-772,-575,-197
80164588,-772,-1430,2500,-772,0,76.863327026367188,0,-772,-575,-197
80184580,-772,-1437,2500,-772,0,76.863327026367188,0,-772,-576,-196
80204572,-772,-1444,2500,-772,0,76.863327026367188,0,-772,-576,-196
80224564,-757,-1452,2500,-757,0,76.562103271484375,0,-757,-578,-179
80244556,-757,-1459,2500,-757,0,76.562103271484375,0,-757,-579,-178
80264548,-757,-1466,2500,-757,0,76.562103271484375,0,-757,-582,-175
80284540,-757,-1473,2500,-757,0,76.562103271484375,0,-757,-583,-174
80304532,-757,-1481,2500,-757,0,76.562103271484375,0,-757,-586,-171
80324524,-730,-1488,2500,-730,0,76.208587646484375,0,-730,-590,-140
80344516,-730,-1496,2500,-730,0,76.208587646484375,0,-730,-595,-135
80364508,-730,-1503,2500,-730,0,76.208587646484375,0,-730,-599,-131
80384500,-730,-1510,2500,-730,0,76.208587646484375,0,-730,-603,-127
80404492,-730,-1517,2500,-730,0,76.208587646484375,0,-730,-606,-124
80424484,-707,-1524,2500,-707,0,76.049468994140625,0,-707,-610,-97
80444476,-707,-1531,2500,-707,0,76.049468994140625,0,-707,-615,-92
80464468,-707,-1538,2500,-707,0,76.049468994140625,0,-707,-619,-88
80484460,-707,-1545,2500,-707,0,76.049468994140625,0,-707,-623,-84
80504452,-707,-1551,2500,-707,0,76.049468994140625,0,-707,-628,-79
80524444,-681,-1558,2500,-681,0,76.04833984375,0,-681,-631,-50
80544436,-681,-1564,2500,-681,0,76.04833984375,0,-681,-634,-47
80564428,-681,-1571,2500,-681,0,76.04833984375,0,-681,-636,-45
80584420,-681,-1577,2500,-681,0,76.04833984375,0,-681,-638,-43
80604412,-681,-1583,2500,-681,0,76.04833984375,0,-681,-639,-42
80624404,-660,-1589,2500,-660,0,76.327072143554688,0,-660,-640,-20
80644396,-660,-1594,2500,-660,0,76.327072143554688,0,-660,-640,-20
80664388,-660,-1599,2500,-660,0,76.327072143554688,0,-660,-641,-19
80684380,-660,-1605,2500,-660,0,76.327072143554688,0,-660,-641,-19
80704372,-660,-1610,2500,-660,0,76.327072143554688,0,-660,-641,-19
80724364,-638,-1615,2500,-638,0,76.995201110839844,0,-638,-641,3
80744356,-638,-1620,2500,-638,0,76.995201110839844,0,-638,-641,3
80764348,-638,-1626,2500,-638,0,76.995201110839844,0,-638,-640,2
80784340,-638,-1631,2500,-638,0,76.995201110839844,0,-638,-638,0
80804332,-638,-1637,2500,-638,0,76.995201110839844,0,-638,-637,-1
80824324,-618,-1643,2500,-618,0,77.630081176757812,0,-618,-634,16
80844316,-618,-1648,2500,-618,0,77.630081176757812,0,-618,-631,13
80865141,-618,-1654,2500,-618,0,77.630081176757812,0,-618,-628,10
80885133,-618,-1659,2500,-618,0,77.630081176757812,0,-618,-624,6
80905125,-618,-1665,2500,-618,0,77.630081176757812,0,-618,-620,2
80925117,-609,-1670,2500,-609,0,78.282272338867188,0,-609,-615,6
80945109,-609,-1676,2500,-609,0,78.282272338867188,0,-609,-610,1
80965101,-609,-1682,2500,-609,0,78.282272338867188,0,-609,-606,-3
80985093,-609,-1687,2500,-609,0,78.282272338867188,0,-609,-602,-7
81005085,-609,-1693,2500,-609,0,78.282272338867188,0,-609,-598,-11
81025077,-582,-1698,2500,-582,0,78.724815368652344,0,-582,-593,11
81045069,-582,-1704,2500,-582,0,78.724815368652344,0,-582,-589,7
81065061,-582,-1710,2500,-582,0,78.724815368652344,0,-582,-585,3
81085053,-582,-1716,2500,-582,0,78.724815368652344,0,-582,-583,1
81105045,-582,-1722,2500,-582,0,78.724815368652344,0,-582,-580,-2
81125037,-560,-1727,2500,-560,0,78.945350646972656,0,-560,-577,17
81145029,-560,-1733,2500,-560,0,78.945350646972656,0,-560,-574,14
81165021,-560,-1739,2500,-560,0,78.945350646972656,0,-560,-570,10
81185013,-560,-1745,2500,-560,0,78.945350646972656,0,-560,-567,7
81205005,-560,-1752,2500,-560,0,78.945350646972656,0,-560,-562,2
81224997,-557,-1758,2500,-557,0,79.270706176757812,0,-557,-558,1
81244989,-557,-1764,2500,-557,0,79.270706176757812,0,-557,-555,-2
81264981,-557,-1769,2500,-557,0,79.270706176757812,0,-557,-551,-6
81284973,-557,-1775,2500,-557,0,79.270706176757812,0,-557,-548,-9
81304965,-557,-1781,2500,-557,0,79.270706176757812,0,-557,-545,-12
81324957,-538,-1787,2500,-538,0,79.52587890625,0,-538,-541,3
81344949,-538,-1793,2500,-538,0,79.52587890625,0,-538,-538,0
81364941,-538,-1799,2500,-538,0,79.52587890625,0,-538,-536,-2
81384933,-538,-1804,2500,-538,0,79.52587890625,0,-538,-534,-4
81404925,-538,-1810,2500,-538,0,79.52587890625,0,-538,-531,-7
81424917,-531,-1816,2500,-531,0,79.999259948730469,0,-531,-529,-2
81444909,-531,-1822,2500,-531,0,79.999259948730469,0,-531,-526,-5
81464901,-531,-1827,2500,-531,0,79.999259948730469,0,-531,-525,-6
81484893,-531,-1832,2500,-531,0,79.999259948730469,0,-531,-524,-7
81504885,-531,-1838,2500,-531,0,79.999259948730469,0,-531,-523,-8
81524877,-509,-1843,2500,-509,0,80.162345886230469,0,-509,-521,12
81544869,-509,-1849,2500,-509,0,80.162345886230469,0,-509,-520,11
81564861,-509,-1854,2500,-509,0,80.162345886230469,0,-509,-520,11
81584853,-509,-1859,2500,-509,0,80.162345886230469,0,-509,-520,11
81604845,-509,-1864,2500,-509,0,80.162345886230469,0,-509,-521,12
81624837,-480,-1869,2500,-480,0,80.088081359863281,0,-480,-522,42
81644829,-480,-1874,2500,-480,0,80.088081359863281,0,-480,-522,42
81664821,-480,-1879,2500,-480,0,80.088081359863281,0,-480,-522,42
81684813,-480,-1884,2500,-480,0,80.088081359863281,0,-480,-521,41
81704805,-480,-1888,2500,-480,0,80.088081359863281,0,-480,-521,41
81724797,-460,-1893,2500,-460,0,80.11639404296875,0,-460,-522,62
81744789,-460,-1897,2500,-460,0,80.11639404296875,0,-460,-524,64
81764781,-460,-1902,2500,-460,0,80.11639404296875,0,-460,-524,64
81784773,-460,-1906,2500,-460,0,80.11639404296875,0,-460,-523,63
81804765,-460,-1910,2500,-460,0,80.11639404296875,0,-460,-522,62
81824757,-445,-1914,2500,-445,0,80.699462890625,0,-445,-521,76
81844749,-445,-1918,2500,-445,0,80.699462890625,0,-445,-520,75
81864741,-445,-1922,2500,-445,0,80.699462890625,0,-445,-519,74
81884733,-445,-1926,2500,-445,0,80.699462890625,0,-445,-518,73
81904725,-445,-1929,2500,-445,0,80.699462890625,0,-445,-516,71
81924717,-438,-1932,2500,-438,0,81.006362915039062,0,-438,-514,76
81944709,-438,-1935,2500,-438,0,81.006362915039062,0,-438,-513,75
81964701,-438,-1939,2500,-438,0,81.006362915039062,0,-438,-512,74
81984693,-438,-1941,2500,-438,0,81.006362915039062,0,-438,-510,72
82004685,-438,-1944,2500,-438,0,81.006362915039062,0,-438,-510,72
82024677,-415,-1947,2500,-415,0,81.200531005859375,0,-415,-509,94
82044669,-415,-1949,2500,-415,0,81.200531005859375,0,-415,-510,95
82064661,-415,-1952,2500,-415,0,81.200531005859375,0,-415,-510,95
82084653,-415,-1954,2500,-415,0,81.200531005859375,0,-415,-510,95
82104645,-415,-1957,2500,-415,0,81.200531005859375,0,-415,-509,94
82124637,-395,-1959,2500,-395,0,81.63360595703125,0,-395,-507,112
82144629,-395,-1961,2500,-395,0,81.63360595703125,0,-395,-505,110
82164621,-395,-1963,2500,-395,0,81.63360595703125,0,-395,-503,108
82184613,-395,-1965,2500,-395,0,81.63360595703125,0,-395,-500,105
82204605,-395,-1967,2500,-395,0,81.63360595703125,0,-395,-498,103
82224597,-379,-1968,2500,-379,0,82.03839111328125,0,-379,-495,116
82244589,-379,-1970,2500,-379,0,82.03839111328125,0,-379,-491,112
82264581,-379,-1971,2500,-379,0,82.03839111328125,0,-379,-486,107
82284573,-379,-1973,2500,-379,0,82.03839111328125,0,-379,-481,102
82304565,-379,-1974,2500,-379,0,82.03839111328125,0,-379,-476,97
82324557,-386,-1976,2500,-386,0,82.719223022460938,0,-386,-471,85
82344549,-386,-1977,2500,-386,0,82.719223022460938,0,-386,-465,79
82364541,-386,-1978,2500,-386,0,82.719223022460938,0,-386,-458,72
82384533,-386,-1980,2500,-386,0,82.719223022460938,0,-386,-451,65
82404525,-386,-1981,2500,-386,0,82.719223022460938,0,-386,-446,60
82424517,-379,-1982,2500,-379,0,82.949684143066406,0,-379,-441,62
82444509,-379,-1983,2500,-379,0,82.949684143066406,0,-379,-436,57
82464501,-379,-1984,2500,-379,0,82.949684143066406,0,-379,-432,53
82484493,-379,-1986,2500,-379,0,82.949684143066406,0,-379,-429,50
82504485,-379,-1987,2500,-379,0,82.949684143066406,0,-379,-426,47
82524477,-372,-1988,2500,-372,0,83.403709411621094,0,-372,-424,52
82544469,-372,-1989,2500,-372,0,83.403709411621094,0,-372,-423,51
82564461,-372,-1990,2500,-372,0,83.403709411621094,0,-372,-421,49
82584453,-372,-1991,2500,-372,0,83.403709411621094,0,-372,-419,47
82604445,-372,-1991,2500,-372,0,83.403709411621094,0,-372,-417,45
82624437,-356,-1992,2500,-356,0,83.575485229492188,0,-356,-416,60
82644429,-356,-1993,2500,-356,0,83.575485229492188,0,-356,-416,60
82664421,-356,-1994,2500,-356,0,83.575485229492188,0,-356,-418,62
82684413,-356,-1994,2500,-356,0,83.575485229492188,0,-356,-421,65
82704405,-356,-1995,2500,-356,0,83.575485229492188,0,-356,-424,68
82724397,-339,-1995,2500,-339,0,83.917144775390625,0,-339,-426,87
82744389,-339,-1996,2500,-339,0,83.917144775390625,0,-339,-428,89
82764381,-339,-1996,2500,-339,0,83.917144775390625,0,-339,-428,89
82784373,-339,-1997,2500,-339,0,83.917144775390625,0,-339,-427,88
82804365,-339,-1997,2500,-339,0,83.917144775390625,0,-339,-424,85
82824357,-307,-1998,2500,-307,0,84.031417846679688,0,-307,-420,113
82844349,-307,-1998,2500,-307,0,84.031417846679688,0,-307,-417,110
82864341,-307,-1998,2500,-307,0,84.031417846679688,0,-307,-414,107
82884333,-307,-1999,2500,-307,0,84.031417846679688,0,-307,-412,105
82904325,-307,-1999,2500,-307,0,84.031417846679688,0,-307,-408,101
82924317,-314,-1999,2500,-314,0,84.347274780273438,0,-314,-405,91
82945142,-314,-1999,2500,-314,0,84.347274780273438,0,-314,-402,88
82965134,-314,-1999,2500,-314,0,84.347274780273438,0,-314,-400,86
82985126,-314,-1999,2500,-314,0,84.347274780273438,0,-314,-398,84
83005118,-314,-1999,2500,-314,0,84.347274780273438,0,-314,-396,82
83025110,-319,-1999,2500,-319,0,85.003623962402344,0,-319,-393,74
83045102,-319,-1999,2500,-319,0,85.003623962402344,0,-319,-389,70
83065094,-319,-1999,2500,-319,0,85.003623962402344,0,-319,-386,67
83085086,-319,-1999,2500,-319,0,85.003623962402344,0,-319,-383,64
83105078,-319,-1999,2500,-319,0,85.003623962402344,0,-319,-383,64
83125070,-304,-1999,2500,-304,0,85.043968200683594,0,-304,-382,78
83145062,-304,-1999,2500,-304,0,85.043968200683594,0,-304,-381,77
83165054,-304,-1999,2500,-304,0,85.043968200683594,0,-304,-380,76
83185046,-304,-1999,2500,-304,0,85.043968200683594,0,-304,-379,75
83205038,-304,-1998,2500,-304,0,85.043968200683594,0,-304,-376,72
83225030,-287,-1998,2500,-287,0,85.47210693359375,0,-287,-374,87
83245022,-287,-1998,2500,-287,0,85.47210693359375,0,-287,-370,83
83265014,-287,-1998,2500,-287,0,85.47210693359375,0,-287,-365,78
83285006,-287,-1997,2500,-287,0,85.47210693359375,0,-287,-361,74
83304998,-287,-1997,2500,-287,0,85.47210693359375,0,-287,-357,70
83324990,-295,-1997,2500,-295,0,85.8765869140625,0,-295,-353,58
83344982,-295,-1997,2500,-295,0,85.8765869140625,0,-295,-351,56
83364974,-295,-1996,2500,-295,0,85.8765869140625,0,-295,-349,54
83384966,-295,-1996,2500,-295,0,85.8765869140625,0,-295,-346,51
83404958,-295,-1995,2500,-295,0,85.8765869140625,0,-295,-344,49
83424950,-293,-1995,2500,-293,0,85.939643859863281,0,-293,-342,49
83444942,-293,-1995,2500,-293,0,85.939643859863281,0,-293,-340,47
83464934,-293,-1994,2500,-293,0,85.939643859863281,0,-293,-340,47
83484926,-293,-1994,2500,-293,0,85.939643859863281,0,-293,-340,47
83504918,-293,-1993,2500,-293,0,85.939643859863281,0,-293,-338,45
83524910,-279,-1993,2500,-279,0,85.9884033203125,0,-279,-337,58
83544902,-279,-1993,2500,-279,0,85.9884033203125,0,-279,-336,57
83564894,-279,-1992,2500,-279,0,85.9884033203125,0,-279,-335,56
83584886,-279,-1992,2500,-279,0,85.9884033203125,0,-279,-334,55
83604878,-279,-1991,2500,-279,0,85.9884033203125,0,-279,-332,53
83624870,-279,-1991,2500,-279,0,86.059013366699219,0,-279,-330,51
83644862,-279,-1990,2500,-279,0,86.059013366699219,0,-279,-328,49
83664854,-279,-1990,2500,-279,0,86.059013366699219,0,-279,-327,48
83684846,-279,-1989,2500,-279,0,86.059013366699219,0,-279,-326,47
83704838,-279,-1989,2500,-279,0,86.059013366699219,0,-279,-325,46
83724830,-281,-1988,2500,-281,0,86.313011169433594,0,-281,-324,43
83744822,-281,-1987,2500,-281,0,86.313011169433594,0,-281,-324,43
83764814,-281,-1987,2500,-281,0,86.313011169433594,0,-281,-324,43
83784806,-281,-1986,2500,-281,0,86.313011169433594,0,-281,-324,43
83804798,-281,-1985,2500,-281,0,86.313011169433594,0,-281,-325,44
83824790,-266,-1985,2500,-266,0,86.40350341796875,0,-266,-327,61
83844782,-266,-1984,2500,-266,0,86.40350341796875,0,-266,-330,64
83864774,-266,-1983,2500,-266,0,86.40350341796875,0,-266,-333,67
83884766,-266,-1982,2500,-266,0,86.40350341796875,0,-266,-337,71
83904758,-266,-1982,2500,-266,0,86.40350341796875,0,-266,-340,74
83924750,-248,-1981,2500,-248,0,86.193885803222656,0,-248,-342,94
83944742,-248,-1980,2500,-248,0,86.193885803222656,0,-248,-344,96
83964734,-248,-1980,2500,-248,0,86.193885803222656,0,-248,-346,98
83984726,-248,-1979,2500,-248,0,86.193885803222656,0,-248,-347,99
84004718,-248,-1978,2500,-248,0,86.193885803222656,0,-248,-346,98
84024710,-243,-1978,2500,-243,0,86.768302917480469,0,-243,-345,102
84044702,-243,-1977,2500,-243,0,86.768302917480469,0,-243,-344,101
84064694,-243,-1976,2500,-243,0,86.768302917480469,0,-243,-344,101
84084686,-243,-1976,2500,-243,0,86.768302917480469,0,-243,-343,100
84104678,-243,-1975,2500,-243,0,86.768302917480469,0,-243,-341,98
84124670,-230,-1975,2500,-230,0,86.474334716796875,0,-230,-336,106
84144662,-230,-1974,2500,-230,0,86.474334716796875,0,-230,-333,103
84164654,-230,-1974,2500,-230,0,86.474334716796875,0,-230,-329,99
84184646,-230,-1973,2500,-230,0,86.474334716796875,0,-230,-324,94
84204638,-230,-1973,2500,-230,0,86.474334716796875,0,-230,-320,90
84224630,-243,-1972,2500,-243,0,87.094268798828125,0,-243,-314,71
84244622,-243,-1971,2500,-243,0,87.094268798828125,0,-243,-308,65
84264614,-243,-1971,2500,-243,0,87.094268798828125,0,-243,-302,59
84284606,-243,-1970,2500,-243,0,87.094268798828125,0,-243,-297,54
84304598,-243,-1970,2500,-243,0,87.094268798828125,0,-243,-291,48
84324590,-269,-1969,2500,-269,0,87.033134460449219,0,-269,-287,18
84344582,-269,-1969,2500,-269,0,87.033134460449219,0,-269,-283,14
84364574,-269,-1968,2500,-269,0,87.033134460449219,0,-269,-279,10
84384566,-269,-1968,2500,-269,0,87.033134460449219,0,-269,-276,7
84404558,-269,-1967,2500,-269,0,87.033134460449219,0,-269,-274,5
84424550,-278,-1967,2500,-278,0,87.236663818359375,0,-278,-272,-6
84444542,-278,-1966,2500,-278,0,87.236663818359375,0,-278,-270,-8
84464534,-278,-1966,2500,-278,0,87.236663818359375,0,-278,-269,-9
84484526,-278,-1965,2500,-278,0,87.236663818359375,0,-278,-267,-11
84504518,-278,-1965,2500,-278,0,87.236663818359375,0,-278,-266,-12
84524510,-268,-1965,2500,-268,0,87.534744262695312,0,-268,-265,-3
84544502,-268,-1964,2500,-268,0,87.534744262695312,0,-268,-264,-4
84564494,-268,-1964,2500,-268,0,87.534744262695312,0,-268,-265,-3
84584486,-268,-1964,2500,-268,0,87.534744262695312,0,-268,-267,-1
84604478,-268,-1963,2500,-268,0,87.534744262695312,0,-268,-268,0
84624470,-261,-1963,2500,-261,0,87.157913208007812,0,-261,-269,8
84644462,-261,-1962,2500,-261,0,87.157913208007812,0,-261,-270,9
84664454,-261,-1962,2500,-261,0,87.157913208007812,0,-261,-270,9
84684446,-261,-1962,2500,-261,0,87.157913208007812,0,-261,-271,10
84704438,-261,-1961,2500,-261,0,87.157913208007812,0,-261,-272,11
84724430,-247,-1961,2500,-247,0,87.005302429199219,0,-247,-275,28
84744422,-247,-1961,2500,-247,0,87.005302429199219,0,-247,-277,30
84764414,-247,-1960,2500,-247,0,87.005302429199219,0,-247,-279,32
84784406,-247,-1960,2500,-247,0,87.005302429199219,0,-247,-283,36
84804398,-247,-1959,2500,-247,0,87.005302429199219,0,-247,-287,40
84824390,-239,-1959,2500,-239,0,86.614105224609375,0,-239,-292,53
84844382,-239,-1958,2500,-239,0,86.614105224609375,0,-239,-298,59
84864374,-239,-1958,2500,-239,0,86.614105224609375,0,-239,-303,64
84884366,-239,-1958,2500,-239,0,86.614105224609375,0,-239,-307,68
84904358,-239,-1957,2500,-239,0,86.614105224609375,0,-239,-311,72
84924350,-214,-1957,2500,-214,0,86.803810119628906,0,-214,-314,100
84944342,-214,-1956,2500,-214,0,86.803810119628906,0,-214,-316,102
84964334,-214,-1956,2500,-214,0,86.803810119628906,0,-214,-317,103
84984326,-214,-1956,2500,-214,0,86.803810119628906,0,-214,-316,102
85004318,-214,-1955,2500,-214,0,86.803810119628906,0,-214,-315,101
85024310,-219,-1955,2500,-219,0,86.897323608398438,0,-219,-313,94
85045135,-219,-1954,2500,-219,0,86.897323608398438,0,-219,-310,91
85065127,-219,-1954,2500,-219,0,86.897323608398438,0,-219,-307,88
85085119,-219,-1954,2500,-219,0,86.897323608398438,0,-219,-303,84
85105111,-219,-1953,2500,-219,0,86.897323608398438,0,-219,-297,78
85125103,-232,-1953,2500,-232,0,86.858871459960938,0,-232,-293,61
85145095,-232,-1953,2500,-232,0,86.858871459960938,0,-232,-288,56
85165087,-232,-1952,2500,-232,0,86.858871459960938,0,-232,-283,51
85185079,-232,-1952,2500,-232,0,86.858871459960938,0,-232,-279,47
85205071,-232,-1952,2500,-232,0,86.858871459960938,0,-232,-273,41
85225063,-266,-1951,2500,-266,0,87.299842834472656,0,-266,-267,1
85245055,-266,-1951,2500,-266,0,87.299842834472656,0,-266,-261,-5
85265047,-266,-1951,2500,-266,0,87.299842834472656,0,-266,-257,-9
85285039,-266,-1952,2500,-266,0,87.299842834472656,0,-266,-251,-15
85305031,-266,-1954,2500,-266,0,87.299842834472656,0,-266,-245,-21
85325023,-289,-1956,2500,-289,0,87.658348083496094,0,-289,-240,-49
85345015,-289,-1960,2500,-289,0,87.658348083496094,0,-289,-236,-53
85365007,-289,-1965,2500,-289,0,87.658348083496094,0,-289,-234,-55
85384999,-289,-1970,2500,-289,0,87.658348083496094,0,-289,-231,-58
85404991,-289,-1976,2500,-289,0,87.658348083496094,0,-289,-229,-60
85424983,-280,-1981,2500,-280,0,87.216209411621094,0,-280,-229,-51
85444975,-280,-1987,2500,-280,0,87.216209411621094,0,-280,-231,-49
85464967,-280,-1992,2500,-280,0,87.216209411621094,0,-280,-234,-46
85484959,-280,-1995,2500,-280,0,87.216209411621094,0,-280,-238,-42
85504951,-280,-1998,2500,-280,0,87.216209411621094,0,-280,-242,-38
85524943,-282,-1999,2500,-282,0,86.493316650390625,0,-282,-247,-35
85544935,-282,-1999,2500,-282,0,86.493316650390625,0,-282,-253,-29
85564927,-282,-1997,2500,-282,0,86.493316650390625,0,-282,-261,-21
85584919,-282,-1993,2500,-282,0,86.493316650390625,0,-282,-269,-13
85604911,-282,-1987,2500,-282,0,86.493316650390625,0,-282,-279,-3
85624903,-274,-1979,2500,-274,0,86.780891418457031,0,-274,-289,15
85644895,-274,-1969,2500,-274,0,86.780891418457031,0,-274,-299,25
85664887,-274,-1957,2500,-274,0,86.780891418457031,0,-274,-308,34
85684879,-274,-1943,2500,-274,0,86.780891418457031,0,-274,-319,45
85704871,-274,-1927,2500,-274,0,86.780891418457031,0,-274,-329,55
85724863,-257,-1909,2500,-257,0,87.241523742675781,0,-257,-338,81
85744855,-257,-1889,2500,-257,0,87.241523742675781,0,-257,-347,90
85764847,-257,-1866,2500,-257,0,87.241523742675781,0,-257,-355,98
85784839,-257,-1842,2500,-257,0,87.241523742675781,0,-257,-363,106
85804831,-257,-1815,2500,-257,0,87.241523742675781,0,-257,-368,111
85824823,-212,-1787,2500,-212,0,89.068260192871094,0,-212,-373,161
85844815,-212,-1757,2500,-212,0,89.068260192871094,0,-212,-376,164
85864807,-212,-1725,2500,-212,0,89.068260192871094,0,-212,-379,167
85884799,-212,-1691,2500,-212,0,89.068260192871094,0,-212,-381,169
85904791,-212,-1656,2500,-212,0,89.068260192871094,0,-212,-382,170
85924783,-189,-1619,2500,-189,0,92.735137939453125,0,-189,-381,192
85944775,-189,-1581,2500,-189,0,92.735137939453125,0,-189,-381,192
85964767,-189,-1541,2500,-189,0,92.735137939453125,0,-189,-378,189
85984759,-189,-1499,2500,-189,0,92.735137939453125,0,-189,-375,186
86004751,-189,-1457,2500,-189,0,92.735137939453125,0,-189,-370,181
86024743,-152,-1412,2500,-152,0,98.720321655273438,0,-152,-366,214
86044735,-152,-1368,2500,-152,0,98.720321655273438,0,-152,-361,209
86064727,-152,-1324,2500,-152,0,98.720321655273438,0,-152,-354,202
86084719,-152,-1280,2500,-152,0,98.720321655273438,0,-152,-345,193
86104711,-152,-1236,2500,-152,0,98.720321655273438,0,-152,-334,182
86124703,-105,-1193,2500,-105,0,100,0,-105,-322,217
86144695,-105,-1151,2500,-105,0,100,0,-105,-307,202
86164687,-105,-1112,2500,-105,0,100,0,-105,-292,187
86184679,-105,-1075,2500,-105,0,100,0,-105,-274,169
86204671,-105,-1040,2500,-105,0,100,0,-105,-255,150
86224663,-20,-1009,2500,-20,0,99.619720458984375,0,-20,-235,215
86244655,-20,-980,2500,-20,0,99.619720458984375,0,-20,-215,195
86264647,-20,-955,2500,-20,0,99.619720458984375,0,-20,-196,176
86284639,-20,-933,2500,-20,0,99.619720458984375,0,-20,-175,155
86304631,-20,-915,2500,-20,0,99.619720458984375,0,-20,-155,135
86324623,-24,-899,2500,-24,0,48.965358734130859,0,-24,-134,110
86344615,-24,-887,2500,-24,0,48.965358734130859,0,-24,-113,89
86364607,-24,-879,2500,-24,0,48.965358734130859,0,-24,-93,69
86384599,-24,-873,2500,-24,0,48.965358734130859,0,-24,-71,47
86404591,-24,-870,2500,-24,0,48.965358734130859,0,-24,-49,25
86424583,-110,-869,2500,-110,0,58.961357116699219,0,-110,-27,-83
86444575,-110,-871,2500,-110,0,58.961357116699219,0,-110,-5,-105
86464567,-110,-874,2500,-110,0,58.961357116699219,0,-110,16,-126
86484559,-110,-879,2500,-110,0,58.961357116699219,0,-110,39,-149
86504551,-110,-886,2500,-110,0,58.961357116699219,0,-110,60,-170
86524543,-242,-894,2500,-242,0,69.402687072753906,0,-242,82,-324
86544535,-242,-903,2500,-242,0,69.402687072753906,0,-242,103,-345
86564527,-242,-914,2500,-242,0,69.402687072753906,0,-242,122,-364
86584519,-242,-924,2500,-242,0,69.402687072753906,0,-242,140,-382
86604511,-242,-935,2500,-242,0,69.402687072753906,0,-242,156,-398
86624503,-374,-947,2500,-374,0,79.863441467285156,0,-374,171,-545
86644495,-374,-959,2500,-374,0,79.863441467285156,0,-374,185,-559
86664487,-374,-972,2500,-374,0,79.863441467285156,0,-374,197,-571
86684479,-374,-985,2500,-374,0,79.863441467285156,0,-374,207,-581
86704471,-374,-998,2500,-374,0,79.863441467285156,0,-374,216,-590
86724463,-506,-1010,2500,-506,0,75.900482177734375,0,-506,224,-730
86744455,-506,-1023,2500,-506,0,75.900482177734375,0,-506,230,-736
86764447,-506,-1036,2500,-506,0,75.900482177734375,0,-506,234,-740
86784439,-506,-1048,2500,-506,0,75.900482177734375,0,-506,237,-743
86804431,-506,-1061,2500,-506,0,75.900482177734375,0,-506,237,-743
86824423,-640,-1074,2500,-640,0,70.767784118652344,0,-640,236,-876
86844415,-640,-1086,2500,-640,0,70.767784118652344,0,-640,231,-871
86864407,-640,-1098,2500,-640,0,70.767784118652344,0,-640,224,-864
86884399,-640,-1109,2500,-640,0,70.767784118652344,0,-640,215,-855
86904391,-640,-1120,2500,-640,0,70.767784118652344,0,-640,204,-844
86924383,-773,-1130,2500,-773,0,66.625732421875,0,-773,189,-962
86944375,-773,-1141,2500,-773,0,66.625732421875,0,-773,172,-945
86964367,-773,-1151,2500,-773,0,66.625732421875,0,-773,152,-925
86984359,-773,-1160,2500,-773,0,66.625732421875,0,-773,130,-903
87004351,-773,-1169,2500,-773,0,66.625732421875,0,-773,107,-880
87024343,-907,-1177,2500,-907,0,63.020008087158203,0,-907,83,-990
87044335,-907,-1185,2500,-907,0,63.020008087158203,0,-907,57,-964
87064327,-907,-1193,2500,-907,0,63.020008087158203,0,-907,31,-938
87084319,-907,-1200,2500,-907,0,63.020008087158203,0,-907,3,-910
87104311,-907,-1206,2500,-907,0,63.020008087158203,0,-907,-26,-881
87125136,-1039,-1212,2500,-1039,0,60.785762786865234,0,-1039,-56,-983
87145128,-1039,-1218,2500,-1039,0,60.785762786865234,0,-1039,-87,-952
87165120,-1039,-1222,2500,-1039,0,60.785762786865234,0,-1039,-120,-919
87185112,-1039,-1227,2500,-1039,0,60.785762786865234,0,-1039,-156,-883
87205104,-1039,-1230,2500,-1039,0,60.785762786865234,0,-1039,-190,-849
87225096,-1020,-1234,2500,-1020,0,59.962810516357422,0,-1020,-226,-794
87245088,-1020,-1236,2500,-1020,0,59.962810516357422,0,-1020,-263,-757
87265080,-1020,-1239,2500,-1020,0,59.962810516357422,0,-1020,-301,-719
87285072,-1020,-1241,2500,-1020,0,59.962810516357422,0,-1020,-339,-681
87305064,-1020,-1242,2500,-1020,0,59.962810516357422,0,-1020,-377,-643
87325056,-971,-1243,2500,-971,0,60.369205474853516,0,-971,-414,-557
87345048,-971,-1244,2500,-971,0,60.369205474853516,0,-971,-450,-521
87365040,-971,-1243,2500,-971,0,60.369205474853516,0,-971,-486,-485
87385032,-971,-1243,2500,-971,0,60.369205474853516,0,-971,-521,-450
87405024,-971,-1242,2500,-971,0,60.369205474853516,0,-971,-555,-416
87425016,-906,-1240,2500,-906,0,62.283824920654297,0,-906,-587,-319
87445008,-906,-1239,2500,-906,0,62.283824920654297,0,-906,-617,-289
87465000,-906,-1237,2500,-906,0,62.283824920654297,0,-906,-645,-261
87484992,-906,-1234,2500,-906,0,62.283824920654297,0,-906,-672,-234
87504984,-906,-1232,2500,-906,0,62.283824920654297,0,-906,-696,-210
87524976,-848,-1229,2500,-848,0,65.24420166015625,0,-848,-718,-130
87544968,-848,-1226,2500,-848,0,65.24420166015625,0,-848,-738,-110
87564960,-848,-1222,2500,-848,0,65.24420166015625,0,-848,-756,-92
87584952,-848,-1219,2500,-848,0,65.24420166015625,0,-848,-772,-76
87604944,-848,-1215,2500,-848,0,65.24420166015625,0,-848,-787,-61
87624936,-807,-1211,2500,-807,0,68.96868896484375,0,-807,-799,-8
87644928,-807,-1208,2500,-807,0,68.96868896484375,0,-807,-808,1
87664920,-807,-1204,2500,-807,0,68.96868896484375,0,-807,-817,10
87684912,-807,-1200,2500,-807,0,68.96868896484375,0,-807,-825,18
87704904,-807,-1197,2500,-807,0,68.96868896484375,0,-807,-830,23
87724896,-758,-1193,2500,-758,0,73.547119140625,0,-758,-832,74
87744888,-758,-1190,2500,-758,0,73.547119140625,0,-758,-833,75
87764880,-758,-1187,2500,-758,0,73.547119140625,0,-758,-833,75
87784872,-758,-1184,2500,-758,0,73.547119140625,0,-758,-830,72
87804864,-758,-1182,2500,-758,0,73.547119140625,0,-758,-826,68
87824856,-723,-1180,2500,-723,0,77.35784912109375,0,-723,-820,97
87844848,-723,-1178,2500,-723,0,77.35784912109375,0,-723,-813,90
87864840,-723,-1176,2500,-723,0,77.35784912109375,0,-723,-806,83
87884832,-723,-1175,2500,-723,0,77.35784912109375,0,-723,-798,75
87904824,-723,-1173,2500,-723,0,77.35784912109375,0,-723,-789,66
87924816,-680,-1172,2500,-680,0,80.888008117675781,0,-680,-778,98
87944808,-680,-1171,2500,-680,0,80.888008117675781,0,-680,-766,86
87964800,-680,-1171,2500,-680,0,80.888008117675781,0,-680,-755,75
87984792,-680,-1171,2500,-680,0,80.888008117675781,0,-680,-743,63
88004784,-680,-1171,2500,-680,0,80.888008117675781,0,-680,-731,51
88024776,-646,-1171,2500,-646,0,83.08367919921875,0,-646,-719,73
88044768,-646,-1172,2500,-646,0,83.08367919921875,0,-646,-706,60
88064760,-646,-1173,2500,-646,0,83.08367919921875,0,-646,-694,48
88084752,-646,-1174,2500,-646,0,83.08367919921875,0,-646,-680,34
88104744,-646,-1176,2500,-646,0,83.08367919921875,0,-646,-665,19
88124736,-612,-1178,2500,-612,0,84.92059326171875,0,-612,-649,37
88144728,-612,-1180,2500,-612,0,84.92059326171875,0,-612,-634,22
88164720,-612,-1182,2500,-612,0,84.92059326171875,0,-612,-618,6
88184712,-612,-1185,2500,-612,0,84.92059326171875,0,-612,-602,-10
88204704,-612,-1188,2500,-612,0,84.92059326171875,0,-612,-586,-26
88224696,-606,-1191,2500,-606,0,84.911056518554688,0,-606,-570,-36
88244688,-606,-1194,2500,-606,0,84.911056518554688,0,-606,-554,-52
88264680,-606,-1198,2500,-606,0,84.911056518554688,0,-606,-540,-66
88284672,-606,-1202,2500,-606,0,84.911056518554688,0,-606,-525,-81
88304664,-606,-1206,2500,-606,0,84.911056518554688,0,-606,-512,-94
88324656,-613,-1210,2500,-613,0,84.766769409179688,0,-613,-499,-114
88344648,-613,-1215,2500,-613,0,84.766769409179688,0,-613,-485,-128
88364640,-613,-1220,2500,-613,0,84.766769409179688,0,-613,-471,-142
88384632,-613,-1225,2500,-613,0,84.766769409179688,0,-613,-457,-156
88404624,-613,-1230,2500,-613,0,84.766769409179688,0,-613,-444,-169
88424616,-640,-1235,2500,-640,0,83.709312438964844,0,-640,-432,-208
88444608,-640,-1240,2500,-640,0,83.709312438964844,0,-640,-419,-221
88464600,-640,-1246,2500,-640,0,83.709312438964844,0,-640,-408,-232
88484592,-640,-1252,2500,-640,0,83.709312438964844,0,-640,-397,-243
88504584,-640,-1257,2500,-640,0,83.709312438964844,0,-640,-388,-252
88524576,-684,-1263,2500,-684,0,82.6236572265625,0,-684,-380,-304
88544568,-684,-1269,2500,-684,0,82.6236572265625,0,-684,-374,-310
88564560,-684,-1274,2500,-684,0,82.6236572265625,0,-684,-368,-316
88584552,-684,-1280,2500,-684,0,82.6236572265625,0,-684,-363,-321
88604544,-684,-1286,2500,-684,0,82.6236572265625,0,-684,-359,-325
88624536,-732,-1293,2500,-732,0,80.99951171875,0,-732,-356,-376
88644528,-732,-1299,2500,-732,0,80.99951171875,0,-732,-354,-378
88664520,-732,-1306,2500,-732,0,80.99951171875,0,-732,-353,-379
88684512,-732,-1313,2500,-732,0,80.99951171875,0,-732,-353,-379
88704504,-732,-1320,2500,-732,0,80.99951171875,0,-732,-354,-378
88724496,-765,-1327,2500,-765,0,79.447769165039062,0,-765,-355,-410
88744488,-765,-1334,2500,-765,0,79.447769165039062,0,-765,-356,-409
88764480,-765,-1341,2500,-765,0,79.447769165039062,0,-765,-359,-406
88784472,-765,-1348,2500,-765,0,79.447769165039062,0,-765,-365,-400
88804464,-765,-1356,2500,-765,0,79.447769165039062,0,-765,-372,-393
88824456,-789,-1363,2500,-789,0,77.778724670410156,0,-789,-379,-410
88844448,-789,-1370,2500,-789,0,77.778724670410156,0,-789,-388,-401
88864440,-789,-1376,2500,-789,0,77.778724670410156,0,-789,-397,-392
88884432,-789,-1382,2500,-789,0,77.778724670410156,0,-789,-407,-382
88904424,-789,-1388,2500,-789,0,77.778724670410156,0,-789,-418,-371
88924416,-807,-1394,2500,-807,0,76.272903442382812,0,-807,-428,-379
88944408,-807,-1399,2500,-807,0,76.272903442382812,0,-807,-440,-367
88964400,-807,-1405,2500,-807,0,76.272903442382812,0,-807,-451,-356
88984392,-807,-1410,2500,-807,0,76.272903442382812,0,-807,-464,-343
89004384,-807,-1415,2500,-807,0,76.272903442382812,0,-807,-478,-329
89024376,-796,-1420,2500,-796,0,75.261184692382812,0,-796,-491,-305
89044368,-796,-1424,2500,-796,0,75.261184692382812,0,-796,-504,-292
89064360,-796,-1428,2500,-796,0,75.261184692382812,0,-796,-518,-278
89084352,-796,-1432,2500,-796,0,75.261184692382812,0,-796,-532,-264
89104344,-796,-1436,2500,-796,0,75.261184692382812,0,-796,-546,-250
89124336,-800,-1440,2500,-800,0,75.082038879394531,0,-800,-560,-240
89144328,-800,-1444,2500,-800,0,75.082038879394531,0,-800,-572,-228
89164320,-800,-1448,2500,-800,0,75.082038879394531,0,-800,-585,-215
89184312,-800,-1452,2500,-800,0,75.082038879394531,0,-800,-596,-204
89205137,-800,-1455,2500,-800,0,75.082038879394531,0,-800,-607,-193
89225129,-782,-1459,2500,-782,0,74.973251342773438,0,-782,-617,-165
89245121,-782,-1463,2500,-782,0,74.973251342773438,0,-782,-626,-156
89265113,-782,-1466,2500,-782,0,74.973251342773438,0,-782,-637,-145
89285105,-782,-1469,2500,-782,0,74.973251342773438,0,-782,-648,-134
89305097,-782,-1472,2500,-782,0,74.973251342773438,0,-782,-659,-123
89325089,-774,-1475,2500,-774,0,75.289657592773438,0,-774,-670,-104
89345081,-774,-1477,2500,-774,0,75.289657592773438,0,-774,-679,-95
89365073,-774,-1479,2500,-774,0,75.289657592773438,0,-774,-687,-87
89385065,-774,-1480,2500,-774,0,75.289657592773438,0,-774,-695,-79
89405057,-774,-1482,2500,-774,0,75.289657592773438,0,-774,-702,-72
89425049,-771,-1483,2500,-771,0,76.13970947265625,0,-771,-707,-64
89445041,-771,-1485,2500,-771,0,76.13970947265625,0,-771,-711,-60
89465033,-771,-1486,2500,-771,0,76.13970947265625,0,-771,-714,-57
89485025,-771,-1487,2500,-771,0,76.13970947265625,0,-771,-716,-55
89505017,-771,-1489,2500,-771,0,76.13970947265625,0,-771,-718,-53
89525009,-772,-1490,2500,-772,0,77.224418640136719,0,-772,-720,-52
89545001,-772,-1491,2500,-772,0,77.224418640136719,0,-772,-720,-52
89564993,-772,-1493,2500,-772,0,77.224418640136719,0,-772,-721,-51
89584985,-772,-1494,2500,-772,0,77.224418640136719,0,-772,-721,-51
89604977,-772,-1496,2500,-772,0,77.224418640136719,0,-772,-720,-52
89624969,-769,-1497,2500,-769,0,78.105644226074219,0,-769,-720,-49
89644961,-769,-1499,2500,-769,0,78.105644226074219,0,-769,-720,-49
89664953,-769,-1501,2500,-769,0,78.105644226074219,0,-769,-718,-51
89684945,-769,-1502,2500,-769,0,78.105644226074219,0,-769,-716,-53
89704937,-769,-1504,2500,-769,0,78.105644226074219,0,-769,-715,-54
89724929,-763,-1506,2500,-763,0,79.092498779296875,0,-763,-714,-49
89744921,-763,-1508,2500,-763,0,79.092498779296875,0,-763,-712,-51
89764913,-763,-1511,2500,-763,0,79.092498779296875,0,-763,-711,-52
89784905,-763,-1513,2500,-763,0,79.092498779296875,0,-763,-709,-54
89804897,-763,-1516,2500,-763,0,79.092498779296875,0,-763,-707,-56
89824889,-748,-1519,2500,-748,0,79.543708801269531,0,-748,-706,-42
89844881,-748,-1522,2500,-748,0,79.543708801269531,0,-748,-704,-44
89864873,-748,-1525,2500,-748,0,79.543708801269531,0,-748,-702,-46
89884865,-748,-1529,2500,-748,0,79.543708801269531,0,-748,-699,-49
89904857,-748,-1533,2500,-748,0,79.543708801269531,0,-748,-695,-53
89924849,-733,-1537,2500,-733,0,79.499473571777344,0,-733,-692,-41
89944841,-733,-1542,2500,-733,0,79.499473571777344,0,-733,-689,-44
89964833,-733,-1546,2500,-733,0,79.499473571777344,0,-733,-686,-47
89984825,-733,-1551,2500,-733,0,79.499473571777344,0,-733,-683,-50
90004817,-733,-1556,2500,-733,0,79.499473571777344,0,-733,-678,-55
90024809,-747,-1561,2500,-747,0,79.802284240722656,0,-747,-673,-74
90044801,-747,-1567,2500,-747,0,79.802284240722656,0,-747,-669,-78
90064793,-747,-1572,2500,-747,0,79.802284240722656,0,-747,-664,-83
90084785,-747,-1578,2500,-747,0,79.802284240722656,0,-747,-660,-87
90104777,-747,-1583,2500,-747,0,79.802284240722656,0,-747,-656,-91
90124769,-755,-1589,2500,-755,0,79.386337280273438,0,-755,-653,-102
90144761,-755,-1595,2500,-755,0,79.386337280273438,0,-755,-650,-105
90164753,-755,-1601,2500,-755,0,79.386337280273438,0,-755,-646,-109
90184745,-755,-1607,2500,-755,0,79.386337280273438,0,-755,-642,-113
90204737,-755,-1613,2500,-755,0,79.386337280273438,0,-755,-638,-117
90224729,-772,-1619,2500,-772,0,79.024681091308594,0,-772,-636,-136
90244721,-772,-1625,2500,-772,0,79.024681091308594,0,-772,-634,-138
90264713,-772,-1631,2500,-772,0,79.024681091308594,0,-772,-634,-138
90284705,-772,-1637,2500,-772,0,79.024681091308594,0,-772,-635,-137
90304697,-772,-1643,2500,-772,0,79.024681091308594,0,-772,-637,-135
90324689,-783,-1649,2500,-783,0,78.374061584472656,0,-783,-639,-144
90344681,-783,-1655,2500,-783,0,78.374061584472656,0,-783,-642,-141
90364673,-783,-1661,2500,-783,0,78.374061584472656,0,-783,-645,-138
90384665,-783,-1667,2500,-783,0,78.374061584472656,0,-783,-650,-133
90404657,-783,-1673,2500,-783,0,78.374061584472656,0,-783,-654,-129
90424649,-918,-1679,2500,-918,0,68.629539489746094,0,-918,-658,-260
90444641,-918,-1685,2500,-918,0,68.629539489746094,0,-918,-661,-257
90464633,-918,-1690,2500,-918,0,68.629539489746094,0,-918,-665,-253
90484625,-918,-1696,2500,-918,0,68.629539489746094,0,-918,-669,-249
90504617,-918,-1702,2500,-918,0,68.629539489746094,0,-918,-675,-243
90524609,-1053,-1707,2500,-1053,0,58.801902770996094,0,-1053,-682,-371
90544601,-1053,-1712,2500,-1053,0,58.801902770996094,0,-1053,-691,-362
90564593,-1053,-1716,2500,-1053,0,58.801902770996094,0,-1053,-703,-350
90584585,-1053,-1719,2500,-1053,0,58.801902770996094,0,-1053,-718,-335
90604577,-1053,-1719,2500,-1053,0,58.801902770996094,0,-1053,-737,-316
90624569,-1188,-1716,2500,-1188,0,48.913520812988281,0,-1188,-758,-430
90644561,-1188,-1710,2500,-1188,0,48.913520812988281,0,-1188,-783,-405
90664553,-1188,-1700,2500,-1188,0,48.913520812988281,0,-1188,-808,-380
90684545,-1188,-1687,2500,-1188,0,48.913520812988281,0,-1188,-835,-353
90704537,-1188,-1671,2500,-1188,0,48.913520812988281,0,-1188,-865,-323
90724529,-1323,-1651,2500,-1323,0,39.004653930664062,0,-1323,-895,-428
90744521,-1323,-1627,2500,-1323,0,39.004653930664062,0,-1323,-926,-397
90764513,-1323,-1601,2500,-1323,0,39.004653930664062,0,-1323,-957,-366
90784505,-1323,-1572,2500,-1323,0,39.004653930664062,0,-1323,-988,-335
90804497,-1323,-1540,2500,-1323,0,39.004653930664062,0,-1323,-1018,-305
90824489,-1459,-1505,2500,-1459,0,29.11822509765625,0,-1459,-1047,-412
90844481,-1459,-1468,2500,-1459,0,29.11822509765625,0,-1459,-1074,-385
90864473,-1459,-1428,2500,-1428,0,29.11822509765625,0,-1428,-1100,-328
90884465,-1459,-1386,2500,-1386,0,29.11822509765625,0,-1386,-1124,-262
90904457,-1459,-1343,2500,-1343,0,29.11822509765625,0,-1343,-1147,-196
90924449,-1595,-1300,2500,-1300,0,39.303256988525391,0,-1300,-1167,-133
90944441,-1595,-1256,2500,-1256,0,39.303256988525391,0,-1256,-1186,-70
90964433,-1595,-1212,2500,-1212,0,39.303256988525391,0,-1212,-1203,-9
90984425,-1595,-1169,2500,-1169,0,39.303256988525391,0,-1169,-1217,48
91004417,-1595,-1127,2500,-1127,0,39.303256988525391,0,-1127,-1229,102
91024409,-1732,-1087,2500,-1087,0,49.632049560546875,0,-1087,-1237,150
91044401,-1732,-1049,2500,-1049,0,49.632049560546875,0,-1049,-1243,194
91064393,-1732,-1013,2500,-1013,0,49.632049560546875,0,-1013,-1246,233
91084385,-1732,-981,2500,-981,0,49.632049560546875,0,-981,-1245,264
91104377,-1732,-952,2500,-952,0,49.632049560546875,0,-952,-1241,289
91124369,-1871,-926,2500,-926,0,60.2269287109375,0,-926,-1235,309
91144361,-1871,-904,2500,-904,0,60.2269287109375,0,-904,-1226,322
91164353,-1871,-886,2500,-886,0,60.2269287109375,0,-886,-1214,328
91184345,-1871,-871,2500,-871,0,60.2269287109375,0,-871,-1201,330
91204337,-1871,-860,2500,-860,0,60.2269287109375,0,-860,-1186,326
91224329,-1923,-853,2500,-853,0,52.177024841308594,0,-853,-1170,317
91244321,-1923,-848,2500,-848,0,52.177024841308594,0,-848,-1153,305
91264313,-1923,-847,2500,-847,0,52.177024841308594,0,-847,-1134,287
91285138,-1923,-849,2500,-849,0,52.177024841308594,0,-849,-1114,265
91305130,-1923,-853,2500,-853,0,52.177024841308594,0,-853,-1092,239
91325122,-1852,-859,2500,-859,0,50.294662475585938,0,-859,-1070,211
91345114,-1852,-867,2500,-867,0,50.294662475585938,0,-867,-1045,178
91365106,-1852,-877,2500,-877,0,50.294662475585938,0,-877,-1022,145
91385098,-1852,-888,2500,-888,0,50.294662475585938,0,-888,-998,110
91405090,-1852,-901,2500,-901,0,50.294662475585938,0,-901,-974,73
91425082,-1930,-913,2500,-913,0,60.290657043457031,0,-913,-951,38
91445074,-1930,-927,2500,-927,0,60.290657043457031,0,-927,-926,-1
91465066,-1930,-940,2500,-940,0,60.290657043457031,0,-940,-903,-37
91485058,-1930,-954,2500,-954,0,60.290657043457031,0,-954,-880,-74
91505050,-1930,-967,2500,-967,0,60.290657043457031,0,-967,-856,-111
91525042,-1954,-981,2500,-981,0,70.286651611328125,0,-981,-834,-147
91545034,-1954,-994,2500,-994,0,70.286651611328125,0,-994,-812,-182
91565026,-1954,-1007,2500,-1007,0,70.286651611328125,0,-1007,-791,-216
91585018,-1954,-1020,2500,-1020,0,70.286651611328125,0,-1020,-771,-249
91605010,-1954,-1032,2500,-1032,0,70.286651611328125,0,-1032,-753,-279
91625002,-1956,-1043,2500,-1043,0,80.28265380859375,0,-1043,-735,-308
91644994,-1956,-1054,2500,-1054,0,80.28265380859375,0,-1054,-720,-334
91664986,-1956,-1063,2500,-1063,0,80.28265380859375,0,-1063,-707,-356
91684978,-1956,-1072,2500,-1072,0,80.28265380859375,0,-1072,-694,-378
91704970,-1956,-1081,2500,-1081,0,80.28265380859375,0,-1081,-683,-398
91724962,-1828,-1089,2500,-1089,0,90.278648376464844,0,-1089,-674,-415
91744954,-1828,-1096,2500,-1096,0,90.278648376464844,0,-1096,-666,-430
91764946,-1828,-1103,2500,-1103,0,90.278648376464844,0,-1103,-661,-442
91784938,-1828,-1109,2500,-1109,0,90.278648376464844,0,-1109,-657,-452
91804930,-1828,-1114,2500,-1114,0,90.278648376464844,0,-1114,-654,-460
91824922,-1684,-1119,2500,-1119,0,100,0,-1119,-653,-466
91844914,-1684,-1124,2500,-1124,0,100,0,-1124,-654,-470
91864906,-1684,-1128,2500,-1128,0,100,0,-1128,-656,-472
91884898,-1684,-1132,2500,-1132,0,100,0,-1132,-659,-473
91904890,-1684,-1135,2500,-1135,0,100,0,-1135,-661,-474
91924882,-1541,-1138,2500,-1138,0,92.099777221679688,0,-1138,-666,-472
91944874,-1541,-1141,2500,-1141,0,92.099777221679688,0,-1141,-671,-470
91964866,-1541,-1144,2500,-1144,0,92.099777221679688,0,-1144,-679,-465
91984858,-1541,-1147,2500,-1147,0,92.099777221679688,0,-1147,-688,-459
92004850,-1541,-1149,2500,-1149,0,92.099777221679688,0,-1149,-697,-452
92024842,-1399,-1152,2500,-1152,0,100,0,-1152,-707,-445
92044834,-1399,-1154,2500,-1154,0,100,0,-1154,-716,-438
92064826,-1399,-1155,2500,-1155,0,100,0,-1155,-725,-430
92084818,-1399,-1157,2500,-1157,0,100,0,-1157,-733,-424
92104810,-1399,-1158,2500,-1158,0,100,0,-1158,-741,-417
92124802,-1257,-1159,2500,-1159,0,91.973098754882812,0,-1159,-751,-408
92144794,-1257,-1160,2500,-1160,0,91.973098754882812,0,-1160,-761,-399
92164786,-1257,-1161,2500,-1161,0,91.973098754882812,0,-1161,-771,-390
92184778,-1257,-1161,2500,-1161,0,91.973098754882812,0,-1161,-783,-378
92204770,-1257,-1162,2500,-1162,0,91.973098754882812,0,-1162,-794,-368
92224762,-1117,-1162,2500,-1117,0,100,0,-1117,-804,-313
92244754,-1117,-1162,2500,-1117,0,100,0,-1117,-815,-302
92264746,-1117,-1162,2500,-1117,0,100,0,-1117,-825,-292
92284738,-1117,-1163,2500,-1117,0,100,0,-1117,-833,-284
92304730,-1117,-1164,2500,-1117,0,100,0,-1117,-841,-276
92324722,-978,-1164,2500,-978,0,91.86468505859375,0,-978,-849,-129
92344714,-978,-1164,2500,-978,0,91.86468505859375,0,-978,-856,-122
92364706,-978,-1164,2500,-978,0,91.86468505859375,0,-978,-863,-115
92384698,-978,-1163,2500,-978,0,91.86468505859375,0,-978,-867,-111
92404690,-978,-1163,2500,-978,0,91.86468505859375,0,-978,-871,-107
92424682,-840,-1162,2500,-840,0,100,0,-840,-874,34
92444674,-840,-1161,2500,-840,0,100,0,-840,-876,36
92464666,-840,-1161,2500,-840,0,100,0,-840,-877,37
92484658,-840,-1161,2500,-840,0,100,0,-840,-877,37
92504650,-840,-1161,2500,-840,0,100,0,-840,-877,37
92524642,-703,-1162,2500,-703,0,91.8035888671875,0,-703,-874,171
92544634,-703,-1162,2500,-703,0,91.8035888671875,0,-703,-870,167
92564626,-703,-1163,2500,-703,0,91.8035888671875,0,-703,-865,162
92584618,-703,-1163,2500,-703,0,91.8035888671875,0,-703,-858,155
92604610,-703,-1164,2500,-703,0,91.8035888671875,0,-703,-849,146
92624602,-566,-1164,2500,-566,0,100,0,-566,-839,273
92644594,-566,-1165,2500,-566,0,100,0,-566,-828,262
92664586,-566,-1166,2500,-566,0,100,0,-566,-814,248
92684578,-566,-1167,2500,-566,0,100,0,-566,-799,233
92704570,-566,-1167,2500,-566,0,100,0,-566,-783,217
92724562,-431,-1169,2500,-431,0,91.760208129882812,0,-431,-766,335
92744554,-431,-1170,2500,-431,0,91.760208129882812,0,-431,-748,317
92764546,-431,-1171,2500,-431,0,91.760208129882812,0,-431,-728,297
92784538,-431,-1173,2500,-431,0,91.760208129882812,0,-431,-705,274
92804530,-431,-1175,2500,-431,0,91.760208129882812,0,-431,-681,250
92824522,-302,-1177,2500,-302,0,100,0,-302,-656,354
92844514,-302,-1179,2500,-302,0,100,0,-302,-630,328
92864506,-302,-1182,2500,-302,0,100,0,-302,-605,303
92884498,-302,-1184,2500,-302,0,100,0,-302,-579,277
92904490,-302,-1186,2500,-302,0,100,0,-302,-552,250
92924482,-401,-1189,2500,-401,0,91.57208251953125,0,-401,-523,122
92944474,-401,-1191,2500,-401,0,91.57208251953125,0,-401,-494,93
92964466,-401,-1193,2500,-401,0,91.57208251953125,0,-401,-465,64
92984458,-401,-1196,2500,-401,0,91.57208251953125,0,-401,-436,35
93004450,-401,-1200,2500,-401,0,91.57208251953125,0,-401,-408,7
93024442,-535,-1204,2500,-535,0,100,0,-535,-381,-154
93044434,-535,-1209,2500,-535,0,100,0,-535,-355,-180
93064426,-535,-1213,2500,-535,0,100,0,-535,-328,-207
93084418,-535,-1218,2500,-535,0,100,0,-535,-301,-234
93104410,-535,-1224,2500,-535,0,100,0,-535,-278,-257
93124402,-647,-1230,2500,-647,0,91.251358032226562,0,-647,-256,-391
93144394,-647,-1236,2500,-647,0,91.251358032226562,0,-647,-236,-411
93164386,-647,-1243,2500,-647,0,91.251358032226562,0,-647,-221,-426
93184378,-647,-1250,2500,-647,0,91.251358032226562,0,-647,-209,-438
93204370,-647,-1258,2500,-647,0,91.251358032226562,0,-647,-199,-448
93224362,-752,-1266,2500,-752,0,100,0,-752,-190,-562
93244354,-752,-1275,2500,-752,0,100,0,-752,-183,-569
93264346,-752,-1284,2500,-752,0,100,0,-752,-178,-574
93284338,-752,-1295,2500,-752,0,100,0,-752,-175,-577
93304330,-752,-1305,2500,-752,0,100,0,-752,-174,-578
93324322,-792,-1317,2500,-792,0,92.671882629394531,0,-792,-175,-617
93344314,-792,-1328,2500,-792,0,92.671882629394531,0,-792,-177,-615
93365139,-792,-1339,2500,-792,0,92.671882629394531,0,-792,-181,-611
93385131,-792,-1351,2500,-792,0,92.671882629394531,0,-792,-187,-605
93405123,-792,-1362,2500,-792,0,92.671882629394531,0,-792,-196,-596
93425115,-780,-1375,2500,-780,0,82.998153686523438,0,-780,-210,-570
93445107,-780,-1387,2500,-780,0,82.998153686523438,0,-780,-225,-555
93465099,-780,-1399,2500,-780,0,82.998153686523438,0,-780,-241,-539
93485091,-780,-1411,2500,-780,0,82.998153686523438,0,-780,-260,-520
93505083,-780,-1423,2500,-780,0,82.998153686523438,0,-780,-281,-499
93525075,-809,-1435,2500,-809,0,73.226921081542969,0,-809,-303,-506
93545067,-809,-1447,2500,-809,0,73.226921081542969,0,-809,-326,-483
93565059,-809,-1458,2500,-809,0,73.226921081542969,0,-809,-351,-458
93585051,-809,-1469,2500,-809,0,73.226921081542969,0,-809,-379,-430
93605043,-809,-1480,2500,-809,0,73.226921081542969,0,-809,-407,-402
93625035,-862,-1490,2500,-862,0,63.257114410400391,0,-862,-433,-429
93645027,-862,-1499,2500,-862,0,63.257114410400391,0,-862,-460,-402
93665019,-862,-1508,2500,-862,0,63.257114410400391,0,-862,-486,-376
93685011,-862,-1516,2500,-862,0,63.257114410400391,0,-862,-512,-350
93705003,-862,-1524,2500,-862,0,63.257114410400391,0,-862,-538,-324
93724995,-979,-1532,2500,-979,0,53.193485260009766,0,-979,-564,-415
93744987,-979,-1538,2500,-979,0,53.193485260009766,0,-979,-589,-390
93764979,-979,-1544,2500,-979,0,53.193485260009766,0,-979,-613,-366
93784971,-979,-1549,2500,-979,0,53.193485260009766,0,-979,-638,-341
93804963,-979,-1553,2500,-979,0,53.193485260009766,0,-979,-662,-317
93824955,-1108,-1556,2500,-1108,0,43.130706787109375,0,-1108,-687,-421
93844947,-1108,-1559,2500,-1108,0,43.130706787109375,0,-1108,-709,-399
93864939,-1108,-1561,2500,-1108,0,43.130706787109375,0,-1108,-731,-377
93884931,-1108,-1563,2500,-1108,0,43.130706787109375,0,-1108,-753,-355
93904923,-1108,-1564,2500,-1108,0,43.130706787109375,0,-1108,-775,-333
93924915,-1238,-1565,2500,-1238,0,33.131263732910156,0,-1238,-797,-441
93944907,-1238,-1566,2500,-1238,0,33.131263732910156,0,-1238,-818,-420
93964899,-1238,-1566,2500,-1238,0,33.131263732910156,0,-1238,-840,-398
93984891,-1238,-1565,2500,-1238,0,33.131263732910156,0,-1238,-861,-377
94004883,-1238,-1565,2500,-1238,0,33.131263732910156,0,-1238,-882,-356
94024875,-1368,-1564,2500,-1368,0,26.511302947998047,0,-1368,-904,-464
94044867,-1368,-1563,2500,-1368,0,26.511302947998047,0,-1368,-926,-442
94064859,-1368,-1561,2500,-1368,0,26.511302947998047,0,-1368,-949,-419
94084851,-1368,-1560,2500,-1368,0,26.511302947998047,0,-1368,-972,-396
94104843,-1368,-1558,2500,-1368,0,26.511302947998047,0,-1368,-995,-373
94124835,-1500,-1556,2500,-1500,0,34.067592620849609,0,-1500,-1018,-482
94144827,-1500,-1555,2500,-1500,0,34.067592620849609,0,-1500,-1041,-459
94164819,-1500,-1553,2500,-1500,0,34.067592620849609,0,-1500,-1065,-435
94184811,-1500,-1551,2500,-1500,0,34.067592620849609,0,-1500,-1088,-412
94204803,-1500,-1549,2500,-1500,0,34.067592620849609,0,-1500,-1111,-389
94224795,-1633,-1547,2500,-1547,0,44.296123504638672,0,-1547,-1135,-412
94244787,-1633,-1545,2500,-1545,0,44.296123504638672,0,-1545,-1159,-386
94264779,-1633,-1544,2500,-1544,0,44.296123504638672,0,-1544,-1183,-361
94284771,-1633,-1542,2500,-1542,0,44.296123504638672,0,-1542,-1207,-335
94304763,-1633,-1541,2500,-1541,0,44.296123504638672,0,-1541,-1231,-310
94324755,-1767,-1540,2500,-1540,0,54.708648681640625,0,-1540,-1255,-285
94344747,-1767,-1539,2500,-1539,0,54.708648681640625,0,-1539,-1278,-261
94364739,-1767,-1538,2500,-1538,0,54.708648681640625,0,-1538,-1301,-237
94384731,-1767,-1537,2500,-1537,0,54.708648681640625,0,-1537,-1323,-214
94404723,-1767,-1537,2500,-1537,0,54.708648681640625,0,-1537,-1344,-193
94424715,-1829,-1536,2500,-1536,0,62.912143707275391,0,-1536,-1367,-169
94444707,-1829,-1536,2500,-1536,0,62.912143707275391,0,-1536,-1388,-148
94464699,-1829,-1536,2500,-1536,0,62.912143707275391,0,-1536,-1409,-127
94484691,-1829,-1537,2500,-1537,0,62.912143707275391,0,-1537,-1428,-109
94504683,-1829,-1537,2500,-1537,0,62.912143707275391,0,-1537,-1446,-91
94524675,-1693,-1538,2500,-1538,0,65.498481750488281,0,-1538,-1462,-76
94544667,-1693,-1538,2500,-1538,0,65.498481750488281,0,-1538,-1477,-61
94564659,-1693,-1539,2500,-1539,0,65.498481750488281,0,-1539,-1490,-49
94584651,-1693,-1540,2500,-1540,0,65.498481750488281,0,-1540,-1503,-37
94604643,-1693,-1541,2500,-1541,0,65.498481750488281,0,-1541,-1514,-27
94624635,-1557,-1543,2500,-1543,0,65.326156616210938,0,-1543,-1525,-18
94644627,-1557,-1544,2500,-1544,0,65.326156616210938,0,-1544,-1534,-10
94664619,-1557,-1545,2500,-1545,0,65.326156616210938,0,-1545,-1541,-4
94684611,-1557,-1547,2500,-1547,0,65.326156616210938,0,-1547,-1548,1
94704603,-1557,-1548,2500,-1548,0,65.326156616210938,0,-1548,-1554,6
94724595,-1420,-1549,2500,-1420,0,64.499984741210938,0,-1420,-1560,140
94744587,-1420,-1551,2500,-1420,0,64.499984741210938,0,-1420,-1564,144
94764579,-1420,-1553,2500,-1420,0,64.499984741210938,0,-1420,-1568,148
94784571,-1420,-1554,2500,-1420,0,64.499984741210938,0,-1420,-1571,151
94804563,-1420,-1556,2500,-1420,0,64.499984741210938,0,-1420,-1572,152
94824555,-1283,-1558,2500,-1283,0,65.17462158203125,0,-1283,-1572,289
94844547,-1283,-1560,2500,-1283,0,65.17462158203125,0,-1283,-1571,288
94864539,-1283,-1563,2500,-1283,0,65.17462158203125,0,-1283,-1568,285
94884531,-1283,-1565,2500,-1283,0,65.17462158203125,0,-1283,-1564,281
94904523,-1283,-1568,2500,-1283,0,65.17462158203125,0,-1283,-1559,276
94924515,-1244,-1571,2500,-1244,0,67.17791748046875,0,-1244,-1550,306
94944507,-1244,-1574,2500,-1244,0,67.17791748046875,0,-1244,-1540,296
94964499,-1244,-1578,2500,-1244,0,67.17791748046875,0,-1244,-1528,284
94984491,-1244,-1581,2500,-1244,0,67.17791748046875,0,-1244,-1514,270
95004483,-1244,-1585,2500,-1244,0,67.17791748046875,0,-1244,-1498,254
95024475,-1257,-1589,2500,-1257,0,70.895805358886719,0,-1257,-1481,224
95044467,-1257,-1593,2500,-1257,0,70.895805358886719,0,-1257,-1463,206
95064459,-1257,-1597,2500,-1257,0,70.895805358886719,0,-1257,-1444,187
95084451,-1257,-1601,2500,-1257,0,70.895805358886719,0,-1257,-1424,167
95104443,-1257,-1606,2500,-1257,0,70.895805358886719,0,-1257,-1405,148
95124435,-1284,-1611,2500,-1284,0,73.763587951660156,0,-1284,-1385,101
95144427,-1284,-1616,2500,-1284,0,73.763587951660156,0,-1284,-1366,82
95164419,-1284,-1622,2500,-1284,0,73.763587951660156,0,-1284,-1348,64
95184411,-1284,-1627,2500,-1284,0,73.763587951660156,0,-1284,-1331,47
95204403,-1284,-1633,2500,-1284,0,73.763587951660156,0,-1284,-1314,30
95224395,-1293,-1639,2500,-1293,0,75.893211364746094,0,-1293,-1298,5
95244387,-1293,-1645,2500,-1293,0,75.893211364746094,0,-1293,-1281,-12
95264379,-1293,-1652,2500,-1293,0,75.893211364746094,0,-1293,-1265,-28
95284371,-1293,-1658,2500,-1293,0,75.893211364746094,0,-1293,-1250,-43
95304363,-1293,-1665,2500,-1293,0,75.893211364746094,0,-1293,-1237,-56
95324355,-1296,-1672,2500,-1296,0,76.401374816894531,0,-1296,-1225,-71
95344347,-1296,-1680,2500,-1296,0,76.401374816894531,0,-1296,-1213,-83
95364339,-1296,-1687,2500,-1296,0,76.401374816894531,0,-1296,-1203,-93
95384331,-1296,-1695,2500,-1296,0,76.401374816894531,0,-1296,-1196,-100
95404323,-1296,-1703,2500,-1296,0,76.401374816894531,0,-1296,-1188,-108
95424315,-1286,-1711,2500,-1286,0,74.780044555664062,0,-1286,-1182,-104
95445140,-1286,-1719,2500,-1286,0,74.780044555664062,0,-1286,-1176,-110
95465132,-1286,-1728,2500,-1286,0,74.780044555664062,0,-1286,-1173,-113
95485124,-1286,-1736,2500,-1286,0,74.780044555664062,0,-1286,-1169,-117
95505116,-1286,-1745,2500,-1286,0,74.780044555664062,0,-1286,-1168,-118
95525108,-1283,-1754,2500,-1283,0,72.571342468261719,0,-1283,-1168,-115
95545100,-1283,-1762,2500,-1283,0,72.571342468261719,0,-1283,-1170,-113
95565092,-1283,-1771,2500,-1283,0,72.571342468261719,0,-1283,-1172,-111
95585084,-1283,-1779,2500,-1283,0,72.571342468261719,0,-1283,-1175,-108
95605076,-1283,-1787,2500,-1283,0,72.571342468261719,0,-1283,-1179,-104
95625068,-1290,-1795,2500,-1290,0,70.587364196777344,0,-1290,-1182,-108
95645060,-1290,-1803,2500,-1290,0,70.587364196777344,0,-1290,-1186,-104
95665052,-1290,-1811,2500,-1290,0,70.587364196777344,0,-1290,-1192,-98
95685044,-1290,-1819,2500,-1290,0,70.587364196777344,0,-1290,-1198,-92
95705036,-1290,-1826,2500,-1290,0,70.587364196777344,0,-1290,-1205,-85
95725028,-1306,-1833,2500,-1306,0,69.349945068359375,0,-1306,-1213,-93
95745020,-1306,-1840,2500,-1306,0,69.349945068359375,0,-1306,-1221,-85
95765012,-1306,-1846,2500,-1306,0,69.349945068359375,0,-1306,-1230,-76
95785004,-1306,-1852,2500,-1306,0,69.349945068359375,0,-1306,-1240,-66
95804996,-1306,-1858,2500,-1306,0,69.349945068359375,0,-1306,-1250,-56
95824988,-1310,-1863,2500,-1310,0,68.897323608398438,0,-1310,-1260,-50
95844980,-1310,-1868,2500,-1310,0,68.897323608398438,0,-1310,-1270,-40
95864972,-1310,-1873,2500,-1310,0,68.897323608398438,0,-1310,-1279,-31
95884964,-1310,-1878,2500,-1310,0,68.897323608398438,0,-1310,-1290,-20
95904956,-1310,-1882,2500,-1310,0,68.897323608398438,0,-1310,-1299,-11
95924948,-1300,-1886,2500,-1300,0,68.520591735839844,0,-1300,-1308,8
95944940,-1300,-1890,2500,-1300,0,68.520591735839844,0,-1300,-1318,18
95964932,-1300,-1894,2500,-1300,0,68.520591735839844,0,-1300,-1328,28
95984924,-1300,-1897,2500,-1300,0,68.520591735839844,0,-1300,-1337,37
96004916,-1300,-1900,2500,-1300,0,68.520591735839844,0,-1300,-1346,46
96024908,-1297,-1904,2500,-1297,0,59.622467041015625,0,-1297,-1355,58
96044900,-1297,-1906,2500,-1297,0,59.622467041015625,0,-1297,-1362,65
96064892,-1297,-1909,2500,-1297,0,59.622467041015625,0,-1297,-1369,72
96084884,-1297,-1912,2500,-1297,0,59.622467041015625,0,-1297,-1375,78
96104876,-1297,-1914,2500,-1297,0,59.622467041015625,0,-1297,-1380,83
96124868,-1293,-1916,2500,-1293,0,50.619327545166016,0,-1293,-1385,92
96144860,-1293,-1918,2500,-1293,0,50.619327545166016,0,-1293,-1389,96
96164852,-1293,-1920,2500,-1293,0,50.619327545166016,0,-1293,-1393,100
96184844,-1293,-1922,2500,-1293,0,50.619327545166016,0,-1293,-1397,104
96204836,-1293,-1924,2500,-1293,0,50.619327545166016,0,-1293,-1401,108
96224828,-1347,-1926,2500,-1347,0,41.531261444091797,0,-1347,-1403,56
96244820,-1347,-1927,2500,-1347,0,41.531261444091797,0,-1347,-1405,58
96264812,-1347,-1929,2500,-1347,0,41.531261444091797,0,-1347,-1406,59
96284804,-1347,-1931,2500,-1347,0,41.531261444091797,0,-1347,-1406,59
96304796,-1347,-1932,2500,-1347,0,41.531261444091797,0,-1347,-1405,58
96324788,-1429,-1934,2500,-1429,0,37.988166809082031,0,-1429,-1404,-25
96344780,-1429,-1936,2500,-1429,0,37.988166809082031,0,-1429,-1401,-28
96364772,-1429,-1937,2500,-1429,0,37.988166809082031,0,-1429,-1398,-31
96384764,-1429,-1939,2500,-1429,0,37.988166809082031,0,-1429,-1395,-34
96404756,-1429,-1940,2500,-1429,0,37.988166809082031,0,-1429,-1394,-35
96424748,-1530,-1942,2500,-1530,0,42.925441741943359,0,-1530,-1394,-136
96444740,-1530,-1943,2500,-1530,0,42.925441741943359,0,-1530,-1395,-135
96464732,-1530,-1945,2500,-1530,0,42.925441741943359,0,-1530,-1398,-132
96484724,-1530,-1947,2500,-1530,0,42.925441741943359,0,-1530,-1401,-129
96504716,-1530,-1948,2500,-1530,0,42.925441741943359,0,-1530,-1406,-124
96524708,-1581,-1950,2500,-1581,0,48.794486999511719,0,-1581,-1411,-170
96544700,-1581,-1951,2500,-1581,0,48.794486999511719,0,-1581,-1418,-163
96564692,-1581,-1953,2500,-1581,0,48.794486999511719,0,-1581,-1426,-155
96584684,-1581,-1955,2500,-1581,0,48.794486999511719,0,-1581,-1435,-146
96604676,-1581,-1956,2500,-1581,0,48.794486999511719,0,-1581,-1445,-136
96624668,-1549,-1958,2500,-1549,0,52.562896728515625,0,-1549,-1457,-92
96644660,-1549,-1959,2500,-1549,0,52.562896728515625,0,-1549,-1469,-80
96664652,-1549,-1961,2500,-1549,0,52.562896728515625,0,-1549,-1483,-66
96684644,-1549,-1962,2500,-1549,0,52.562896728515625,0,-1549,-1496,-53
96704636,-1549,-1964,2500,-1549,0,52.562896728515625,0,-1549,-1510,-39
96724628,-1473,-1965,2500,-1473,0,53.342067718505859,0,-1473,-1525,52
96744620,-1473,-1967,2500,-1473,0,53.342067718505859,0,-1473,-1541,68
96764612,-1473,-1968,2500,-1473,0,53.342067718505859,0,-1473,-1556,83
96784604,-1473,-1969,2500,-1473,0,53.342067718505859,0,-1473,-1571,98
96804596,-1473,-1970,2500,-1473,0,53.342067718505859,0,-1473,-1585,112
96824588,-1394,-1972,2500,-1394,0,51.999050140380859,0,-1394,-1599,205
96844580,-1394,-1973,2500,-1394,0,51.999050140380859,0,-1394,-1612,218
96864572,-1394,-1974,2500,-1394,0,51.999050140380859,0,-1394,-1623,229
96884564,-1394,-1975,2500,-1394,0,51.999050140380859,0,-1394,-1631,237
96904556,-1394,-1976,2500,-1394,0,51.999050140380859,0,-1394,-1638,244
96924548,-1342,-1977,2500,-1342,0,50.080646514892578,0,-1342,-1643,301
96944540,-1342,-1978,2500,-1342,0,50.080646514892578,0,-1342,-1645,303
96964532,-1342,-1979,2500,-1342,0,50.080646514892578,0,-1342,-1646,304
96984524,-1342,-1980,2500,-1342,0,50.080646514892578,0,-1342,-1644,302
97004516,-1342,-1981,2500,-1342,0,50.080646514892578,0,-1342,-1640,298
97024508,-1312,-1982,2500,-1312,0,50.111663818359375,0,-1312,-1634,322
97044500,-1312,-1982,2500,-1312,0,50.111663818359375,0,-1312,-1627,315
97064492,-1312,-1983,2500,-1312,0,50.111663818359375,0,-1312,-1618,306
97084484,-1312,-1984,2500,-1312,0,50.111663818359375,0,-1312,-1607,295
97104476,-1312,-1985,2500,-1312,0,50.111663818359375,0,-1312,-1596,284
97124468,-1313,-1985,2500,-1313,0,53.39068603515625,0,-1313,-1583,270
97144460,-1313,-1986,2500,-1313,0,53.39068603515625,0,-1313,-1570,257
97164452,-1313,-1986,2500,-1313,0,53.39068603515625,0,-1313,-1556,243
97184444,-1313,-1987,2500,-1313,0,53.39068603515625,0,-1313,-1540,227
97204436,-1313,-1988,2500,-1313,0,53.39068603515625,0,-1313,-1525,212
97224428,-1170,-1988,2500,-1170,0,0,0,-1170,-1509,339
97244420,-1170,-1989,2500,-1170,0,0,0,-1170,-1493,323
97264412,-1170,-1989,2500,-1170,0,0,0,-1170,-1477,307
97284404,-1170,-1990,2500,-1170,0,0,0,-1170,-1462,292
97304396,-1170,-1990,2500,-1170,0,0,0,-1170,-1446,276
97324388,-1107,-1991,2500,-1107,0,0,0,-1107,-1431,324
97344380,-1107,-1991,2500,-1107,0,0,0,-1107,-1415,308
97364372,-1107,-1992,2500,-1107,0,0,0,-1107,-1399,292
97384364,-1107,-1992,2500,-1107,0,0,0,-1107,-1383,276
97404356,-1107,-1993,2500,-1107,0,0,0,-1107,-1366,259
97424348,-1141,-1993,2500,-1141,0,0,0,-1141,-1349,208
97444340,-1141,-1994,2500,-1141,0,0,0,-1141,-1331,190
97464332,-1141,-1994,2500,-1141,0,0,0,-1141,-1314,173
97484324,-1141,-1995,2500,-1141,0,0,0,-1141,-1297,156
97504316,-1141,-1995,2500,-1141,0,0,0,-1141,-1281,140
97525141,-1240,-1996,2500,-1240,0,0,0,-1240,-1265,25
97545133,-1240,-1996,2500,-1240,0,0,0,-1240,-1250,10
97565125,-1240,-1997,2500,-1240,0,0,0,-1240,-1236,-4
97585117,-1240,-1997,2500,-1240,0,0,0,-1240,-1224,-16
97605109,-1240,-1997,2500,-1240,0,0,0,-1240,-1212,-28
97625101,-1363,-1998,2500,-1363,0,0,0,-1363,-1203,-160
97645093,-1363,-1998,2500,-1363,0,0,0,-1363,-1196,-167
97665085,-1363,-1998,2500,-1363,0,0,0,-1363,-1191,-172
97685077,-1363,-1999,2500,-1363,0,0,0,-1363,-1188,-175
97705069,-1363,-1999,2500,-1363,0,0,0,-1363,-1188,-175
97725061,-1475,-1999,2500,-1475,0,0,0,-1475,-1190,-285
97745053,-1475,-1999,2500,-1475,0,0,0,-1475,-1195,-280
97765045,-1475,-1999,2500,-1475,0,0,0,-1475,-1202,-273
97785037,-1475,-1999,2500,-1475,0,0,0,-1475,-1211,-264
97805029,-1475,-1999,2500,-1475,0,0,0,-1475,-1223,-252
97825021,-1547,-1999,2500,-1547,0,0,0,-1547,-1237,-310
97845013,-1547,-1999,2500,-1547,0,0,0,-1547,-1254,-293
97865005,-1547,-1999,2500,-1547,0,0,0,-1547,-1273,-274
97884997,-1547,-2000,2500,-1547,0,0,0,-1547,-1293,-254
97904989,-1547,-1999,2500,-1547,0,0,0,-1547,-1316,-231
97924981,-1528,-1999,2500,-1528,0,0,0,-1528,-1340,-188
97944973,-1528,-1999,2500,-1528,0,0,0,-1528,-1366,-162
97964965,-1528,-1999,2500,-1528,0,0,0,-1528,-1392,-136
97984957,-1528,-1999,2500,-1528,0,0,0,-1528,-1420,-108
98004949,-1528,-1999,2500,-1528,0,0,0,-1528,-1448,-80
98024941,-1420,-1999,2500,-1420,0,0,0,-1420,-1476,56
98044933,-1420,-1999,2500,-1420,0,0,0,-1420,-1503,83
98064925,-1420,-1999,2500,-1420,0,0,0,-1420,-1531,111
98084917,-1420,-1999,2500,-1420,0,0,0,-1420,-1557,137
98104909,-1420,-1999,2500,-1420,0,0,0,-1420,-1582,162
98124901,-1262,-1999,2500,-1262,0,0,0,-1262,-1606,344
98144893,-1262,-1999,2500,-1262,0,0,0,-1262,-1628,366
98164885,-1262,-1999,2500,-1262,0,0,0,-1262,-1647,385
98184877,-1262,-1999,2500,-1262,0,0,0,-1262,-1664,402
98204869,-1262,-1999,2500,-1262,0,0,0,-1262,-1679,417
98224861,-1101,-1999,2500,-1101,0,0,0,-1101,-1690,589
98244853,-1101,-1999,2500,-1101,0,0,0,-1101,-1699,598
98264845,-1101,-1999,2500,-1101,0,0,0,-1101,-1704,603
98284837,-1101,-1999,2500,-1101,0,0,0,-1101,-1707,606
98304829,-1101,-1999,2500,-1101,0,0,0,-1101,-1705,604
98324821,-961,-1999,2500,-961,0,0,0,-961,-1701,740
98344813,-961,-1999,2500,-961,0,0,0,-961,-1693,732
98364805,-961,-1999,2500,-961,0,0,0,-961,-1682,721
98384797,-961,-1999,2500,-961,0,0,0,-961,-1668,707
98404789,-961,-1999,2500,-961,0,0,0,-961,-1650,689
98424781,-866,-1999,2500,-866,0,0,0,-866,-1630,764
98444773,-866,-1999,2500,-866,0,0,0,-866,-1607,741
98464765,-866,-1999,2500,-866,0,0,0,-866,-1581,715
98484757,-866,-1999,2500,-866,0,0,0,-866,-1553,687
98504749,-866,-1999,2500,-866,0,0,0,-866,-1523,657
98524741,-822,-1999,2500,-822,0,0,0,-822,-1491,669
98544733,-822,-1999,2500,-822,0,0,0,-822,-1458,636
98564725,-822,-1999,2500,-822,0,0,0,-822,-1424,602
98584717,-822,-1999,2500,-822,0,0,0,-822,-1389,567
98604709,-822,-1999,2500,-822,0,0,0,-822,-1353,531
98624701,-821,-1999,2500,-821,0,0,0,-821,-1317,496
98644693,-821,-1999,2500,-821,0,0,0,-821,-1281,460
98664685,-821,-1999,2500,-821,0,0,0,-821,-1245,424
98684677,-821,-1999,2500,-821,0,0,0,-821,-1211,390
98704669,-821,-1999,2500,-821,0,0,0,-821,-1177,356
98724661,-851,-1999,2500,-851,0,0,0,-851,-1144,293
98744653,-851,-1999,2500,-851,0,0,0,-851,-1113,262
98764645,-851,-1999,2500,-851,0,0,0,-851,-1083,232
98784637,-851,-1999,2500,-851,0,0,0,-851,-1056,205
98804629,-851,-1999,2500,-851,0,0,0,-851,-1031,180
98824621,-891,-1999,2500,-891,0,0,0,-891,-1007,116
98844613,-891,-1999,2500,-891,0,0,0,-891,-987,96
98864605,-891,-1999,2500,-891,0,0,0,-891,-968,77
98884597,-891,-1999,2500,-891,0,0,0,-891,-953,62
98904589,-891,-1999,2500,-891,0,0,0,-891,-940,49
98924581,-919,-1999,2500,-919,0,0,0,-919,-929,10
98944573,-919,-1999,2500,-919,0,0,0,-919,-921,2
98964565,-919,-1999,2500,-919,0,0,0,-919,-916,-3
98984557,-919,-1999,2500,-919,0,0,0,-919,-913,-6
99004549,-919,-1999,2500,-919,0,0,0,-919,-912,-7
99024541,-922,-1999,2500,-922,0,0,0,-922,-914,-8
99044533,-922,-1999,2500,-922,0,0,0,-922,-918,-4
99064525,-922,-1999,2500,-922,0,0,0,-922,-924,2
99084517,-922,-1999,2500,-922,0,0,0,-922,-933,11
99104509,-922,-1999,2500,-922,0,0,0,-922,-942,20
99124501,-889,-1999,2500,-889,0,0,0,-889,-954,65
99144493,-889,-1999,2500,-889,0,0,0,-889,-966,77
99164485,-889,-1998,2500,-889,0,0,0,-889,-980,91
99184477,-889,-1998,2500,-889,0,0,0,-889,-994,105
99204469,-889,-1998,2500,-889,0,0,0,-889,-1010,121
99224461,-822,-1998,2500,-822,0,0,0,-822,-1025,203
99244453,-822,-1998,2500,-822,0,0,0,-822,-1041,219
99264445,-822,-1998,2500,-822,0,0,0,-822,-1057,235
99284437,-822,-1998,2500,-822,0,0,0,-822,-1072,250
99304429,-822,-1998,2500,-822,0,0,0,-822,-1087,265
99324421,-732,-1998,2500,-732,0,0,0,-732,-1101,369
99344413,-732,-1998,2500,-732,0,0,0,-732,-1115,383
99364405,-732,-1998,2500,-732,0,0,0,-732,-1127,395
99384397,-732,-1998,2500,-732,0,0,0,-732,-1138,406
99404389,-732,-1998,2500,-732,0,0,0,-732,-1147,415
99424381,-634,-1998,2500,-634,0,0,0,-634,-1155,521
99444373,-634,-1998,2500,-634,0,0,0,-634,-1161,527
99464365,-634,-1998,2500,-634,0,0,0,-634,-1165,531
99484357,-634,-1998,2500,-634,0,0,0,-634,-1168,534
99504349,-634,-1998,2500,-634,0,0,0,-634,-1168,534
99524341,-539,-1998,2500,-539,0,0,0,-539,-1167,628
99544333,-539,-1998,2500,-539,0,0,0,-539,-1163,624
99564325,-539,-1998,2500,-539,0,0,0,-539,-1157,618
99584317,-539,-1998,2500,-539,0,0,0,-539,-1150,611
99605142,-539,-1998,2500,-539,0,0,0,-539,-1140,601
99625134,-456,-1998,2500,-456,0,0,0,-456,-1128,672
99645126,-456,-1998,2500,-456,0,0,0,-456,-1114,658
99665118,-456,-1998,2500,-456,0,0,0,-456,-1099,643
99685110,-456,-1998,2500,-456,0,0,0,-456,-1082,626
99705102,-456,-1998,2500,-456,0,0,0,-456,-1063,607
99725094,-387,-1998,2500,-387,0,0,0,-387,-1043,656
99745086,-387,-1998,2500,-387,0,0,0,-387,-1022,635
99765078,-387,-1998,2500,-387,0,0,0,-387,-1000,613
99785070,-387,-1998,2500,-387,0,0,0,-387,-977,590
99805062,-387,-1998,2500,-387,0,0,0,-387,-953,566
99825054,-344,-1998,2500,-344,0,0,0,-344,-928,584
99845046,-344,-1998,2500,-344,0,0,0,-344,-903,559
99865038,-344,-1998,2500,-344,0,0,0,-344,-877,533
99885030,-344,-1998,2500,-344,0,0,0,-344,-852,508
99905022,-344,-1998,2500,-344,0,0,0,-344,-827,483
99925014,-326,-1998,2500,-326,0,0,0,-326,-801,475
99945006,-326,-1998,2500,-326,0,0,0,-326,-777,451
99964998,-326,-1998,2500,-326,0,0,0,-326,-752,426
99984990,-326,-1997,2500,-326,0,0,0,-326,-728,402
100004982,-326,-1997,2500,-326,0,0,0,-326,-706,380
100024974,-327,-1997,2500,-327,0,0,0,-327,-684,357
100044966,-327,-1997,2500,-327,0,0,0,-327,-663,336
100064958,-327,-1997,2500,-327,0,0,0,-327,-643,316
100084950,-327,-1997,2500,-327,0,0,0,-327,-625,298
100104942,-327,-1997,2500,-327,0,0,0,-327,-608,281
100124934,-335,-1997,2500,-335,0,0,0,-335,-593,258
100144926,-335,-1997,2500,-335,0,0,0,-335,-579,244
100164918,-335,-1997,2500,-335,0,0,0,-335,-566,231
100184910,-335,-1997,2500,-335,0,0,0,-335,-556,221
100204902,-335,-1997,2500,-335,0,0,0,-335,-547,212
100224894,-338,-1997,2500,-338,0,0,0,-338,-539,201
100244886,-338,-1997,2500,-338,0,0,0,-338,-533,195
100264878,-338,-1997,2500,-338,0,0,0,-338,-529,191
100284870,-338,-1997,2500,-338,0,0,0,-338,-526,188
100304862,-338,-1997,2500,-338,0,0,0,-338,-525,187
100324854,-327,-1997,2500,-327,0,0,0,-327,-526,199
100344846,-327,-1997,2500,-327,0,0,0,-327,-527,200
100364838,-327,-1997,2500,-327,0,0,0,-327,-530,203
100384830,-327,-1997,2500,-327,0,0,0,-327,-534,207
100404822,-327,-1997,2500,-327,0,0,0,-327,-539,212
100424814,-299,-1997,2500,-299,0,0,0,-299,-545,246
100444806,-299,-1997,2500,-299,0,0,0,-299,-552,253
100464798,-299,-1997,2500,-299,0,0,0,-299,-560,261
100484790,-299,-1997,2500,-299,0,0,0,-299,-568,269
100504782,-299,-1997,2500,-299,0,0,0,-299,-576,277
100524774,-253,-1997,2500,-253,0,0,0,-253,-584,331
100544766,-253,-1997,2500,-253,0,0,0,-253,-593,340
100564758,-253,-1997,2500,-253,0,0,0,-253,-601,348
100584750,-253,-1997,2500,-253,0,0,0,-253,-610,357
100604742,-253,-1997,2500,-253,0,0,0,-253,-618,365
100624734,-191,-1997,2500,-191,0,0,0,-191,-625,434
100644726,-191,-1997,2500,-191,0,0,0,-191,-632,441
100664718,-191,-1997,2500,-191,0,0,0,-191,-638,447
100684710,-191,-1997,2500,-191,0,0,0,-191,-643,452
100704702,-191,-1997,2500,-191,0,0,0,-191,-648,457
100724694,-125,-1997,2500,-125,0,0,0,-125,-651,526
100744686,-125,-1997,2500,-125,0,0,0,-125,-653,528
100764678,-125,-1997,2500,-125,0,0,0,-125,-654,529
100784670,-125,-1997,2500,-125,0,0,0,-125,-654,529
100804662,-125,-1997,2500,-125,0,0,0,-125,-653,528
100824654,-60,-1997,2500,-60,0,0,0,-60,-650,590
100844646,-60,-1997,2500,-60,0,0,0,-60,-646,586
100864638,-60,-1997,2500,-60,0,0,0,-60,-641,581
100884630,-60,-1997,2500,-60,0,0,0,-60,-635,575
100904622,-60,-1997,2500,-60,0,0,0,-60,-627,567
100924614,-7,-1997,2500,-7,0,0,0,-7,-618,611
100944606,-7,-1997,2500,-7,0,0,0,-7,-607,600
100964598,-7,-1997,2500,-7,0,0,0,-7,-596,589
100984590,-7,-1997,2500,-7,0,0,0,-7,-583,576
101004582,-7,-1997,2500,-7,0,0,0,-7,-570,563
101024574,30,-1997,2500,30,0,0,0,30,-556,586
101044566,30,-1997,2500,30,0,0,0,30,-540,570
101064558,30,-1997,2500,30,0,0,0,30,-525,555
101084550,30,-1997,2500,30,0,0,0,30,-508,538
101104542,30,-1997,2500,30,0,0,0,30,-491,521
101124534,46,-1997,2500,46,0,0,0,46,-474,520
101144526,46,-1997,2500,46,0,0,0,46,-457,503
101164518,46,-1996,2500,46,0,0,0,46,-439,485
101184510,46,-1996,2500,46,0,0,0,46,-422,468
101204502,46,-1996,2500,46,0,0,0,46,-404,450
101224494,42,-1996,2500,42,0,0,0,42,-387,429
101244486,42,-1996,2500,42,0,0,0,42,-371,413
101264478,42,-1996,2500,42,0,0,0,42,-355,397
101284470,42,-1996,2500,42,0,0,0,42,-340,382
101304462,42,-1996,2500,42,0,0,0,42,-325,367
101324454,27,-1996,2500,27,0,0,0,27,-311,338
101344446,27,-1996,2500,27,0,0,0,27,-299,326
101364438,27,-1996,2500,27,0,0,0,27,-287,314
101384430,27,-1996,2500,27,0,0,0,27,-276,303
101404422,27,-1996,2500,27,0,0,0,27,-267,294
101424414,6,-1996,2500,6,0,0,0,6,-259,265
101444406,6,-1996,2500,6,0,0,0,6,-252,258
101464398,6,-1996,2500,6,0,0,0,6,-246,252
101484390,6,-1996,2500,6,0,0,0,6,-242,248
101504382,6,-1996,2500,6,0,0,0,6,-239,245
101524374,-7,-1996,2500,-7,0,0,0,-7,-237,230
101544366,-7,-1996,2500,-7,0,0,0,-7,-237,230
101564358,-7,-1996,2500,-7,0,0,0,-7,-238,231
101584350,-7,-1996,2500,-7,0,0,0,-7,-241,234
101604342,-7,-1996,2500,-7,0,0,0,-7,-244,237
101624334,-11,-1996,2500,-11,0,0,0,-11,-248,237
101644326,-11,-1996,2500,-11,0,0,0,-11,-254,243
101664318,-11,-1996,2500,-11,0,0,0,-11,-261,250
101684310,-11,-1996,2500,-11,0,0,0,-11,-268,257
101705135,-11,-1996,2500,-11,0,0,0,-11,-276,265
101725127,-1,-1996,2500,-1,0,0,0,-1,-285,284
101745119,-1,-1996,2500,-1,0,0,0,-1,-295,294
101765111,-1,-1996,2500,-1,0,0,0,-1,-305,304
101785103,-1,-1996,2500,-1,0,0,0,-1,-315,314
101805095,-1,-1996,2500,-1,0,0,0,-1,-326,325
101825087,24,-1996,2500,24,0,0,0,24,-337,361
101845079,24,-1996,2500,24,0,0,0,24,-347,371
101865071,24,-1996,2500,24,0,0,0,24,-358,382
101885063,24,-1996,2500,24,0,0,0,24,-368,392
101905055,24,-1997,2500,24,0,0,0,24,-378,402
101925047,42,-1997,2500,42,0,0,0,42,-387,429
101945039,42,-1997,2500,42,0,0,0,42,-396,438
101965031,42,-1997,2500,42,0,0,0,42,-405,447
101985023,42,-1997,2500,42,0,0,0,42,-412,454
102005015,42,-1997,2500,42,0,0,0,42,-419,461
102025007,60,-1997,2500,60,0,0,0,60,-424,484
102044999,60,-1997,2500,60,0,0,0,60,-429,489
102064991,60,-1997,2500,60,0,0,0,60,-433,493
102084983,60,-1997,2500,60,0,0,0,60,-436,496
102104975,60,-1997,2500,60,0,0,0,60,-438,498
102124967,79,-1997,2500,79,0,0,0,79,-439,518
102144959,79,-1997,2500,79,0,0,0,79,-439,518
102164951,79,-1997,2500,79,0,0,0,79,-439,518
102184943,79,-1997,2500,79,0,0,0,79,-437,516
102204935,79,-1997,2500,79,0,0,0,79,-434,513
102224927,91,-1997,2500,91,0,0,0,91,-430,521
102244919,91,-1997,2500,91,0,0,0,91,-426,517
102264911,91,-1997,2500,91,0,0,0,91,-420,511
102284903,91,-1997,2500,91,0,0,0,91,-414,505
102304895,91,-1997,2500,91,0,0,0,91,-408,499
102324887,97,-1997,2500,97,0,0,0,97,-401,498
102344879,97,-1997,2500,97,0,0,0,97,-393,490
102364871,97,-1997,2500,97,0,0,0,97,-385,482
102384863,97,-1997,2500,97,0,0,0,97,-376,473
102404855,97,-1997,2500,97,0,0,0,97,-367,464
102424847,93,-1997,2500,93,0,0,0,93,-359,452
102444839,93,-1997,2500,93,0,0,0,93,-349,442
102464831,93,-1997,2500,93,0,0,0,93,-340,433
102484823,93,-1997,2500,93,0,0,0,93,-332,425
102504815,93,-1996,2500,93,0,0,0,93,-323,416
102524807,79,-1996,2500,79,0,0,0,79,-314,393
102544799,79,-1996,2500,79,0,0,0,79,-306,385
102564791,79,-1996,2500,79,0,0,0,79,-298,377
102584783,79,-1996,2500,79,0,0,0,79,-291,370
102604775,79,-1996,2500,79,0,0,0,79,-284,363
102624767,59,-1996,2500,59,0,0,0,59,-277,336
102644759,59,-1996,2500,59,0,0,0,59,-272,331
102664751,59,-1996,2500,59,0,0,0,59,-267,326
102684743,59,-1996,2500,59,0,0,0,59,-262,321
102704735,59,-1996,2500,59,0,0,0,59,-259,318
102724727,39,-1996,2500,39,0,0,0,39,-256,295
102744719,39,-1996,2500,39,0,0,0,39,-254,293
102764711,39,-1996,2500,39,0,0,0,39,-253,292
102784703,39,-1996,2500,39,0,0,0,39,-253,292
102804695,39,-1996,2500,39,0,0,0,39,-254,293
102824687,21,-1996,2500,21,0,0,0,21,-255,276
102844679,21,-1996,2500,21,0,0,0,21,-258,279
102864671,21,-1996,2500,21,0,0,0,21,-261,282
102884663,21,-1996,2500,21,0,0,0,21,-265,286
102904655,21,-1996,2500,21,0,0,0,21,-269,290
102924647,12,-1996,2500,12,0,0,0,12,-275,287
102944639,12,-1996,2500,12,0,0,0,12,-281,293
102964631,12,-1996,2500,12,0,0,0,12,-287,299
102984623,12,-1996,2500,12,0,0,0,12,-294,306
103004615,12,-1996,2500,12,0,0,0,12,-302,314
103024607,16,-1996,2500,16,0,0,0,16,-310,326
103044599,16,-1996,2500,16,0,0,0,16,-318,334
103064591,16,-1996,2500,16,0,0,0,16,-327,343
103084583,16,-1997,2500,16,0,0,0,16,-335,351
103104575,16,-1997,2500,16,0,0,0,16,-344,360
103124567,31,-1997,2500,31,0,0,0,31,-353,384
103144559,31,-1997,2500,31,0,0,0,31,-361,392
103164551,31,-1997,2500,31,0,0,0,31,-369,400
103184543,31,-1997,2500,31,0,0,0,31,-378,409
103204535,31,-1997,2500,31,0,0,0,31,-385,416
103224527,60,-1997,2500,60,0,0,0,60,-393,453
103244519,60,-1997,2500,60,0,0,0,60,-399,459
103264511,60,-1997,2500,60,0,0,0,60,-406,466
103284503,60,-1997,2500,60,0,0,0,60,-411,471
103304495,60,-1997,2500,60,0,0,0,60,-416,476
103324487,93,-1997,2500,93,0,0,0,93,-420,513
103344479,93,-1997,2500,93,0,0,0,93,-423,516
103364471,93,-1997,2500,93,0,0,0,93,-426,519
103384463,93,-1997,2500,93,0,0,0,93,-427,520
103404455,93,-1997,2500,93,0,0,0,93,-427,520
103424447,125,-1997,2500,125,0,0,0,125,-427,552
103444439,125,-1997,2500,125,0,0,0,125,-425,550
103464431,125,-1997,2500,125,0,0,0,125,-423,548
103484423,125,-1997,2500,125,0,0,0,125,-419,544
103504415,125,-1997,2500,125,0,0,0,125,-414,539
103524407,158,-1997,2500,158,0,0,0,158,-409,567
103544399,158,-1997,2500,158,0,0,0,158,-402,560
103564391,158,-1997,2500,158,0,0,0,158,-395,553
103584383,158,-1997,2500,158,0,0,0,158,-387,545
103604375,158,-1997,2500,158,0,0,0,158,-378,536
103624367,179,-1997,2500,179,0,0,0,179,-368,547
103644359,179,-1997,2500,179,0,0,0,179,-357,536
103664351,179,-1997,2500,179,0,0,0,179,-346,525
103684343,179,-1997,2500,179,0,0,0,179,-334,513
103704335,179,-1997,2500,179,0,0,0,179,-322,501
103724327,188,-1997,2500,188,0,0,0,188,-310,498
103744319,188,-1997,2500,188,0,0,0,188,-297,485
103764311,188,-1997,2500,188,0,0,0,188,-284,472
103785136,188,-1997,2500,188,0,0,0,188,-271,459
103805128,188,-1997,2500,188,0,0,0,188,-258,446
103825120,185,-1997,2500,185,0,0,0,185,-245,430
103845112,185,-1997,2500,185,0,0,0,185,-231,416
103865104,185,-1997,2500,185,0,0,0,185,-219,404
103885096,185,-1997,2500,185,0,0,0,185,-207,392
103905088,185,-1997,2500,185,0,0,0,185,-195,380
103925080,170,-1997,2500,170,0,0,0,170,-184,354
103945072,170,-1997,2500,170,0,0,0,170,-174,344
103965064,170,-1997,2500,170,0,0,0,170,-164,334
103985056,170,-1997,2500,170,0,0,0,170,-156,326
104005048,170,-1997,2500,170,0,0,0,170,-148,318
104025040,153,-1997,2500,153,0,0,0,153,-141,294
104045032,153,-1997,2500,153,0,0,0,153,-135,288
104065024,153,-1997,2500,153,0,0,0,153,-130,283
104085016,153,-1997,2500,153,0,0,0,153,-126,279
104105008,153,-1997,2500,153,0,0,0,153,-123,276
104125000,132,-1997,2500,132,0,0,0,132,-121,253
104144992,132,-1997,2500,132,0,0,0,132,-121,253
104164984,132,-1997,2500,132,0,0,0,132,-121,253
104184976,132,-1997,2500,132,0,0,0,132,-123,255
104204968,132,-1997,2500,132,0,0,0,132,-125,257
104224960,120,-1997,2500,120,0,0,0,120,-129,249
104244952,120,-1997,2500,120,0,0,0,120,-134,254
104264944,120,-1997,2500,120,0,0,0,120,-139,259
104284936,120,-1997,2500,120,0,0,0,120,-146,266
104304928,120,-1997,2500,120,0,0,0,120,-153,273
104324920,120,-1997,2500,120,0,0,0,120,-161,281
104344912,120,-1997,2500,120,0,0,0,120,-170,290
104364904,120,-1997,2500,120,0,0,0,120,-179,299
104384896,120,-1997,2500,120,0,0,0,120,-189,309
104404888,120,-1997,2500,120,0,0,0,120,-199,319
104424880,134,-1997,2500,134,0,0,0,134,-209,343
104444872,134,-1997,2500,134,0,0,0,134,-220,354
104464864,134,-1997,2500,134,0,0,0,134,-231,365
104484856,134,-1997,2500,134,0,0,0,134,-241,375
104504848,134,-1997,2500,134,0,0,0,134,-252,386
104524840,168,-1997,2500,168,0,0,0,168,-262,430
104544832,168,-1997,2500,168,0,0,0,168,-271,439
104564824,168,-1997,2500,168,0,0,0,168,-281,449
104584816,168,-1997,2500,168,0,0,0,168,-289,457
104604808,168,-1997,2500,168,0,0,0,168,-297,465
104624800,211,-1997,2500,211,0,0,0,211,-304,515
104644792,211,-1998,2500,211,0,0,0,211,-310,521
104664784,211,-1998,2500,211,0,0,0,211,-316,527
104684776,211,-1998,2500,211,0,0,0,211,-320,531
104704768,211,-1998,2500,211,0,0,0,211,-322,533
104724760,259,-1998,2500,259,0,0,0,259,-324,583
104744752,259,-1998,2500,259,0,0,0,259,-325,584
104764744,259,-1998,2500,259,0,0,0,259,-324,583
104784736,259,-1998,2500,259,0,0,0,259,-321,580
104804728,259,-1998,2500,259,0,0,0,259,-318,577
104824720,304,-1998,2500,304,0,0,0,304,-313,617
104844712,304,-1998,2500,304,0,0,0,304,-306,610
104864704,304,-1998,2500,304,0,0,0,304,-299,603
104884696,304,-1998,2500,304,0,0,0,304,-290,594
104904688,304,-1998,2500,304,0,0,0,304,-279,583
104924680,343,-1998,2500,343,0,0,0,343,-268,611
104944672,343,-1998,2500,343,0,0,0,343,-255,598
104964664,343,-1998,2500,343,0,0,0,343,-242,585
104984656,343,-1998,2500,343,0,0,0,343,-227,570
105004648,343,-1998,2500,343,0,0,0,343,-211,554
105024640,366,-1998,2500,366,0,0,0,366,-195,561
105044632,366,-1998,2500,366,0,0,0,366,-177,543
105064624,366,-1998,2500,366,0,0,0,366,-160,526
105084616,366,-1998,2500,366,0,0,0,366,-142,508
105104608,366,-1998,2500,366,0,0,0,366,-123,489
105124600,370,-1998,2500,370,0,0,0,370,-104,474
105144592,370,-1998,2500,370,0,0,0,370,-86,456
105164584,370,-1998,2500,370,0,0,0,370,-67,437
105184576,370,-1998,2500,370,0,0,0,370,-48,418
105204568,370,-1998,2500,370,0,0,0,370,-30,400
105224560,359,-1998,2500,359,0,0,0,359,-13,372
105244552,359,-1998,2500,359,0,0,0,359,3,356
105264544,359,-1998,2500,359,0,0,0,359,19,340
105284536,359,-1998,2500,359,0,0,0,359,35,324
105304528,359,-1998,2500,359,0,0,0,359,49,310
105324520,335,-1998,2500,335,0,0,0,335,62,273
105344512,335,-1998,2500,335,0,0,0,335,74,261
105364504,335,-1998,2500,335,0,0,0,335,85,250
105384496,335,-1998,2500,335,0,0,0,335,94,241
105404488,335,-1998,2500,335,0,0,0,335,102,233
105424480,312,-1998,2500,312,0,0,0,312,108,204
105444472,312,-1998,2500,312,0,0,0,312,113,199
105464464,312,-1998,2500,312,0,0,0,312,116,196
105484456,312,-1998,2500,312,0,0,0,312,117,195
105504448,312,-1998,2500,312,0,0,0,312,117,195
105524440,295,-1998,2500,295,0,0,0,295,116,179
105544432,295,-1998,2500,295,0,0,0,295,113,182
105564424,295,-1998,2500,295,0,0,0,295,108,187
105584416,295,-1998,2500,295,0,0,0,295,102,193
105604408,295,-1998,2500,295,0,0,0,295,95,200
105624400,286,-1998,2500,286,0,0,0,286,86,200
105644392,286,-1998,2500,286,0,0,0,286,76,210
105664384,286,-1998,2500,286,0,0,0,286,65,221
105684376,286,-1998,2500,286,0,0,0,286,53,233
105704368,286,-1998,2500,286,0,0,0,286,40,246
105724360,297,-1998,2500,297,0,0,0,297,27,270
105744352,297,-1998,2500,297,0,0,0,297,12,285
105764344,297,-1998,2500,297,0,0,0,297,-2,299
105784336,297,-1998,2500,297,0,0,0,297,-17,314
105804328,297,-1998,2500,297,0,0,0,297,-32,329
105824320,328,-1998,2500,328,0,0,0,328,-47,375
105844312,328,-1998,2500,328,0,0,0,328,-63,391
105865137,328,-1998,2500,328,0,0,0,328,-78,406
105885129,328,-1998,2500,328,0,0,0,328,-92,420
105905121,328,-1998,2500,328,0,0,0,328,-106,434
105925113,381,-1998,2500,381,0,0,0,381,-120,501
105945105,381,-1998,2500,381,0,0,0,381,-133,514
105965097,381,-1998,2500,381,0,0,0,381,-144,525
105985089,381,-1998,2500,381,0,0,0,381,-154,535
106005081,381,-1998,2500,381,0,0,0,381,-163,544
106025073,445,-1998,2500,445,0,0,0,445,-171,616
106045065,445,-1999,2500,445,0,0,0,445,-178,623
106065057,445,-1999,2500,445,0,0,0,445,-183,628
106085049,445,-1999,2500,445,0,0,0,445,-186,631
106105041,445,-1999,2500,445,0,0,0,445,-189,634
106125033,514,-1999,2500,514,0,0,0,514,-190,704
106145025,514,-1999,2500,514,0,0,0,514,-189,703
106165017,514,-1999,2500,514,0,0,0,514,-188,702
106185009,514,-1999,2500,514,0,0,0,514,-185,699
106205001,514,-1999,2500,514,0,0,0,514,-181,695
106224993,578,-1999,2500,578,0,0,0,578,-176,754
106244985,578,-1999,2500,578,0,0,0,578,-171,749
106264977,578,-1999,2500,578,0,0,0,578,-164,742
106284969,578,-1999,2500,578,0,0,0,578,-156,734
106304961,578,-1999,2500,578,0,0,0,578,-148,726
106324953,637,-1999,2500,637,0,0,0,637,-140,777
106344945,637,-1999,2500,637,0,0,0,637,-130,767
106364937,637,-1999,2500,637,0,0,0,637,-120,757
106384929,637,-1999,2500,637,0,0,0,637,-110,747
106404921,637,-1999,2500,637,0,0,0,637,-99,736
106424913,682,-1999,2500,682,0,0,0,682,-88,770
106444905,682,-1999,2500,682,0,0,0,682,-77,759
106464897,682,-1999,2500,682,0,0,0,682,-65,747
106484889,682,-1999,2500,682,0,0,0,682,-54,736
106504881,682,-1999,2500,682,0,0,0,682,-42,724
106524873,716,-1999,2500,716,0,0,0,716,-30,746
106544865,716,-1999,2500,716,0,0,0,716,-18,734
106564857,716,-1999,2500,716,0,0,0,716,-6,722
106584849,716,-1999,2500,716,0,0,0,716,5,711
106604841,716,-1999,2500,716,0,0,0,716,17,699
106624833,742,-1999,2500,742,0,0,0,742,28,714
106644825,742,-1999,2500,742,0,0,0,742,40,702
106664817,742,-1999,2500,742,0,0,0,742,51,691
106684809,742,-1999,2500,742,0,0,0,742,63,679
106704801,742,-1999,2500,742,0,0,0,742,74,668
106724793,761,-1999,2500,761,0,0,0,761,85,676
106744785,761,-1999,2500,761,0,0,0,761,95,666
106764777,761,-1999,2500,761,0,0,0,761,106,655
106784769,761,-1999,2500,761,0,0,0,761,116,645
106804761,761,-1999,2500,761,0,0,0,761,126,635
106824753,780,-1999,2500,780,0,0,0,780,136,644
106844745,780,-1999,2500,780,0,0,0,780,145,635
106864737,780,-1999,2500,780,0,0,0,780,154,626
106884729,780,-1999,2500,780,0,0,0,780,163,617
106904721,780,-1999,2500,780,0,0,0,780,171,609
106924713,798,-1999,2500,798,0,0,0,798,180,618
106944705,798,-1999,2500,798,0,0,0,798,188,610
106964697,798,-1999,2500,798,0,0,0,798,195,603
106984689,798,-1999,2500,798,0,0,0,798,203,595
107004681,798,-1999,2500,798,0,0,0,798,209,589
107024673,815,-1999,2500,815,0,0,0,815,216,599
107044665,815,-1999,2500,815,0,0,0,815,222,593
107064657,815,-1999,2500,815,0,0,0,815,228,587
107084649,815,-1999,2500,815,0,0,0,815,234,581
107104641,815,-1999,2500,815,0,0,0,815,239,576
107124633,834,-1999,2500,834,0,0,0,834,244,590
107144625,834,-1999,2500,834,0,0,0,834,248,586
107164617,834,-1999,2500,834,0,0,0,834,253,581
107184609,834,-1999,2500,834,0,0,0,834,256,578
107204601,834,-1999,2500,834,0,0,0,834,260,574
107224593,856,-1999,2500,856,0,0,0,856,263,593
107244585,856,-1999,2500,856,0,0,0,856,265,591
107264577,856,-1999,2500,856,0,0,0,856,268,588
107284569,856,-1999,2500,856,0,0,0,856,270,586
107304561,856,-1999,2500,856,0,0,0,856,271,585
107324553,890,-1999,2500,890,0,0,0,890,272,618
107344545,890,-1999,2500,890,0,0,0,890,273,617
107364537,890,-1999,2500,890,0,0,0,890,274,616
107384529,890,-1999,2500,890,0,0,0,890,274,616
107404521,890,-1999,2500,890,0,0,0,890,273,617
107424513,927,-1999,2500,927,0,0,0,927,272,655
107444505,927,-1999,2500,927,0,0,0,927,271,656
107464497,927,-1999,2500,927,0,0,0,927,270,657
107484489,927,-1999,2500,927,0,0,0,927,268,659
107504481,927,-1999,2500,927,0,0,0,927,265,662
107524473,974,-1999,2500,974,0,0,0,974,263,711
107544465,974,-1999,2500,974,0,0,0,974,260,714
107564457,974,-1999,2500,974,0,0,0,974,256,718
107584449,974,-1999,2500,974,0,0,0,974,252,722
107604441,974,-1999,2500,974,0,0,0,974,248,726
107624433,965,-1999,2500,965,0,0,0,965,243,722
107644425,965,-1999,2500,965,0,0,0,965,238,727
107664417,965,-1999,2500,965,0,0,0,965,233,732
107684409,965,-1999,2500,965,0,0,0,965,227,738
107704401,965,-1999,2500,965,0,0,0,965,221,744
107724393,962,-1999,2500,962,0,0,0,962,215,747
107744385,962,-1999,2500,962,0,0,0,962,208,754
107764377,962,-1999,2500,962,0,0,0,962,200,762
107784369,962,-1999,2500,962,0,0,0,962,193,769
107804361,962,-1999,2500,962,0,0,0,962,185,777
107824353,971,-1999,2500,971,0,0,0,971,177,794
107844345,971,-1999,2500,971,0,0,0,971,168,803
107864337,971,-1999,2500,971,0,0,0,971,159,812
107884329,971,-1999,2500,971,0,0,0,971,150,821
107904321,971,-1999,2500,971,0,0,0,971,140,831
107924313,992,-1999,2500,992,0,0,0,992,130,862
107945138,992,-1999,2500,992,0,0,0,992,120,872
107965130,992,-1999,2500,992,0,0,0,992,109,883
107985122,992,-1999,2500,992,0,0,0,992,98,894
108005114,992,-1999,2500,992,0,0,0,992,86,906
108025106,1000,-1999,2500,1000,0,0,0,1000,75,925
108045098,1000,-1999,2500,1000,0,0,0,1000,63,937
108065090,1000,-1999,2500,1000,0,0,0,1000,51,949
108085082,1000,-1999,2500,1000,0,0,0,1000,39,961
108105074,1000,-1999,2500,1000,0,0,0,1000,26,974
108125066,1000,-1999,2500,1000,0,0,0,1000,13,987
108145058,1000,-1999,2500,1000,0,0,0,1000,0,1000
108165050,1000,-1999,2500,1000,0,0,0,1000,-12,1012
108185042,1000,-1999,2500,1000,0,0,0,1000,-26,1026
108205034,1000,-1999,2500,1000,0,0,0,1000,-40,1040
108225026,1000,-1999,2500,1000,0,0,0,1000,-54,1054
108245018,1000,-1999,2500,1000,0,0,0,1000,-68,1068
108265010,1000,-1999,2500,1000,0,0,0,1000,-82,1082
108285002,1000,-1999,2500,1000,0,0,0,1000,-97,1097
108304994,1000,-1999,2500,1000,0,0,0,1000,-112,1112
108324986,1000,-1999,2500,1000,0,0,0,1000,-127,1127
108344978,1000,-1999,2500,1000,0,0,0,1000,-142,1142
108364970,1000,-1999,2500,1000,0,0,0,1000,-157,1157
108384962,1000,-1999,2500,1000,0,0,0,1000,-172,1172
108404954,1000,-1999,2500,1000,0,0,0,1000,-187,1187
108424946,1000,-1999,2500,1000,0,0,0,1000,-203,1203
108444938,1000,-1999,2500,1000,0,0,0,1000,-218,1218
108464930,1000,-1999,2500,1000,0,0,0,1000,-234,1234
108484922,1000,-1999,2500,1000,0,0,0,1000,-249,1249
108504914,1000,-1999,2500,1000,0,0,0,1000,-265,1265
108524906,1000,-1999,2500,1000,0,0,0,1000,-281,1281
108544898,1000,-1999,2500,1000,0,0,0,1000,-296,1296
108564890,1000,-1999,2500,1000,0,0,0,1000,-312,1312
108584882,1000,-1999,2500,1000,0,0,0,1000,-328,1328
108604874,1000,-1999,2500,1000,0,0,0,1000,-343,1343
108624866,1000,-1999,2500,1000,0,0,0,1000,-359,1359
108644858,1000,-1999,2500,1000,0,0,0,1000,-374,1374
108664850,1000,-1999,2500,1000,0,0,0,1000,-390,1390
108684842,1000,-1999,2500,1000,0,0,0,1000,-405,1405
108704834,1000,-1999,2500,1000,0,0,0,1000,-420,1420
108724826,1000,-1999,2500,1000,0,0,0,1000,-435,1435
108744818,1000,-1999,2500,1000,0,0,0,1000,-450,1450
108764810,1000,-1999,2500,1000,0,0,0,1000,-465,1465
108784802,1000,-1999,2500,1000,0,0,0,1000,-480,1480
108804794,1000,-1999,2500,1000,0,0,0,1000,-494,1494
108824786,1000,-1999,2500,1000,0,0,0,1000,-509,1509
108844778,1000,-1999,2500,1000,0,0,0,1000,-523,1523
108864770,1000,-1999,2500,1000,0,0,0,1000,-537,1537
108884762,1000,-1999,2500,1000,0,0,0,1000,-507,1507
108904754,1000,-1999,2500,1000,0,0,0,1000,-419,1419
108924746,1000,-1999,2500,1000,0,0,0,1000,-347,1347
108944738,1000,-1999,2500,1000,0,0,0,1000,-288,1288
108964730,1000,-1999,2500,1000,0,0,0,1000,-240,1240
108984722,1000,-1999,2500,1000,0,0,0,1000,-200,1200
109004714,1000,-1999,2500,1000,0,0,0,1000,-167,1167
109024706,871,-1999,2500,871,0,0,0,871,-141,1012
109044698,871,-1999,2500,871,0,0,0,871,-119,990
109064690,871,-1999,2500,871,0,0,0,871,-101,972
109084682,871,-1999,2500,871,0,0,0,871,-86,957
109104674,871,-1999,2500,871,0,0,0,871,-74,945
109124666,700,-1999,2500,700,0,0,0,700,-64,764
109144658,700,-1999,2500,700,0,0,0,700,-56,756
109164650,700,-1999,2500,700,0,0,0,700,-49,749
109184642,700,-1999,2500,700,0,0,0,700,-43,743
109204634,700,-1999,2500,700,0,0,0,700,-38,738
109224626,716,-1999,2500,716,0,0,0,716,-34,750
109244618,716,-1999,2500,716,0,0,0,716,-31,747
109264610,716,-1999,2500,716,0,0,0,716,-28,744
109284602,716,-1999,2500,716,0,0,0,716,-26,742
109304594,716,-1999,2500,716,0,0,0,716,-24,740
109324586,806,-1999,2500,806,0,0,0,806,-22,828
109344578,806,-1999,2500,806,0,0,0,806,-21,827
109364570,806,-1999,2500,806,0,0,0,806,-19,825
109384562,806,-1999,2500,806,0,0,0,806,-18,824
109404554,806,-1999,2500,806,0,0,0,806,-17,823
109424546,882,-1999,2500,882,0,0,0,882,-16,898
109444538,882,-1999,2500,882,0,0,0,882,-16,898
109464530,882,-1999,2500,882,0,0,0,882,-15,897
109484522,882,-1999,2500,882,0,0,0,882,-15,897
109504514,882,-1999,2500,882,0,0,0,882,-14,896
109524506,913,-1999,2500,913,0,0,0,913,-13,926
109544498,913,-1999,2500,913,0,0,0,913,-13,926
109564490,913,-1999,2500,913,0,0,0,913,-13,926
109584482,913,-1999,2500,913,0,0,0,913,-12,925
109604474,913,-1999,2500,913,0,0,0,913,-12,925
109624466,913,-1999,2500,913,0,0,0,913,-12,925
109644458,913,-1999,2500,913,0,0,0,913,-11,924
109664450,913,-1999,2500,913,0,0,0,913,-11,924
109684442,913,-1999,2500,913,0,0,0,913,-11,924
109704434,913,-1999,2500,913,0,0,0,913,-11,924
109724426,914,-1999,2500,914,0,0,0,914,-10,924
109744418,914,-1999,2500,914,0,0,0,914,-10,924
109764410,914,-1999,2500,914,0,0,0,914,-10,924
109784402,914,-1999,2500,914,0,0,0,914,-10,924
109804394,914,-1999,2500,914,0,0,0,914,-10,924
109824386,929,-1999,2500,929,0,0,0,929,-9,938
109844378,929,-1999,2500,929,0,0,0,929,-9,938
109864370,929,-1999,2500,929,0,0,0,929,-9,938
109884362,929,-1999,2500,929,0,0,0,929,-9,938
109904354,929,-1999,2500,929,0,0,0,929,-9,938
109924346,947,-1999,2500,947,0,0,0,947,-10,957
109944338,947,-1999,2500,947,0,0,0,947,-10,957
109964330,947,-1999,2500,947,0,0,0,947,-11,958
109984322,947,-1999,2500,947,0,0,0,947,-11,958
110004314,947,-1999,2500,947,0,0,0,947,-12,959
110025139,964,-1999,2500,964,0,0,0,964,-12,976
110045131,964,-1999,2500,964,0,0,0,964,-12,976
110065123,964,-1999,2500,964,0,0,0,964,-12,976
110085115,964,-1999,2500,964,0,0,0,964,-13,977
110105107,964,-1999,2500,964,0,0,0,964,-13,977
110125099,977,-1999,2500,977,0,0,0,977,-13,990
110145091,977,-1999,2500,977,0,0,0,977,-13,990
110165083,977,-1999,2500,977,0,0,0,977,-13,990
110185075,977,-1999,2500,977,0,0,0,977,-13,990
110205067,977,-1999,2500,977,0,0,0,977,-13,990
110225059,988,-1999,2500,988,0,0,0,988,-13,1001
110245051,988,-1999,2500,988,0,0,0,988,-13,1001
110265043,988,-1999,2500,988,0,0,0,988,-13,1001
110285035,988,-1999,2500,988,0,0,0,988,-13,1001
110305027,988,-1999,2500,988,0,0,0,988,-13,1001
110325019,997,-1999,2500,997,0,0,0,997,-13,1010
110345011,997,-1999,2500,997,0,0,0,997,-13,1010
110365003,997,-1999,2500,997,0,0,0,997,-13,1010
110384995,997,-1999,2500,997,0,0,0,997,-13,1010
110404987,997,-1999,2500,997,0,0,0,997,-13,1010
110424979,965,-1999,2500,965,0,0,0,965,-13,978
110444971,965,-1999,2500,965,0,0,0,965,-13,978
110464963,965,-1999,2500,965,0,0,0,965,-13,978
110484955,965,-1999,2500,965,0,0,0,965,-13,978
110504947,965,-1999,2500,965,0,0,0,965,-13,978
110524939,981,-1999,2500,981,0,0,0,981,-13,994
110544931,981,-1999,2500,981,0,0,0,981,-13,994
110564923,981,-1999,2500,981,0,0,0,981,-13,994
110584915,981,-1999,2500,981,0,0,0,981,-13,994
110604907,981,-1999,2500,981,0,0,0,981,-13,994
110624899,998,-1999,2500,998,0,0,0,998,-13,1011
110644891,998,-1999,2500,998,0,0,0,998,-13,1011
110664883,998,-1999,2500,998,0,0,0,998,-13,1011
110684875,998,-1999,2500,998,0,0,0,998,-13,1011
110704867,998,-1999,2500,998,0,0,0,998,-13,1011
110724859,965,-1999,2500,965,0,0,0,965,-13,978
110744851,965,-1999,2500,965,0,0,0,965,-13,978
110764843,965,-1999,2500,965,0,0,0,965,-13,978
110784835,965,-1999,2500,965,0,0,0,965,-12,977
110804827,965,-1999,2500,965,0,0,0,965,-12,977
110824819,980,-1999,2500,980,0,0,0,980,-12,992
110844811,980,-1999,2500,980,0,0,0,980,-12,992
110864803,980,-1999,2500,980,0,0,0,980,-12,992
110884795,980,-1999,2500,980,0,0,0,980,-12,992
110904787,980,-1999,2500,980,0,0,0,980,-12,992
110924779,959,-1999,2500,959,0,0,0,959,-12,971
110944771,959,-1999,2500,959,0,0,0,959,-12,971
110964763,959,-1999,2500,959,0,0,0,959,-12,971
110984755,959,-1999,2500,959,0,0,0,959,-12,971
111004747,959,-1999,2500,959,0,0,0,959,-12,971
111024739,997,-1999,2500,997,0,0,0,997,-12,1009
111044731,997,-1999,2500,997,0,0,0,997,-12,1009
111064723,997,-1999,2500,997,0,0,0,997,-12,1009
111084715,997,-1999,2500,997,0,0,0,997,-12,1009
111104707,997,-1999,2500,997,0,0,0,997,-12,1009
111124699,993,-1999,2500,993,0,0,0,993,-12,1005
111144691,993,-1999,2500,993,0,0,0,993,-12,1005
111164683,993,-1999,2500,993,0,0,0,993,-12,1005
111184675,993,-1999,2500,993,0,0,0,993,-11,1004
111204667,993,-1999,2500,993,0,0,0,993,-11,1004
111224659,990,-1999,2500,990,0,0,0,990,-11,1001
111244651,990,-1999,2500,990,0,0,0,990,-11,1001
111264643,990,-1999,2500,990,0,0,0,990,-11,1001
111284635,990,-1999,2500,990,0,0,0,990,-11,1001
111304627,990,-1999,2500,990,0,0,0,990,-11,1001
111324619,978,-1999,2500,978,0,0,0,978,-11,989
111344611,978,-1999,2500,978,0,0,0,978,-11,989
111364603,978,-1999,2500,978,0,0,0,978,-11,989
111384595,978,-1999,2500,978,0,0,0,978,-11,989
111404587,978,-1999,2500,978,0,0,0,978,-11,989
111424579,943,-1999,2500,943,0,0,0,943,-11,954
111444571,943,-1999,2500,943,0,0,0,943,-11,954
111464563,943,-1999,2500,943,0,0,0,943,-11,954
111484555,943,-1999,2500,943,0,0,0,943,-11,954
111504547,943,-1999,2500,943,0,0,0,943,-11,954
111524539,907,-1999,2500,907,0,0,0,907,-11,918
111544531,907,-1999,2500,907,0,0,0,907,-11,918
111564523,907,-1999,2500,907,0,0,0,907,-11,918
111584515,907,-1999,2500,907,0,0,0,907,-11,918
111604507,907,-1999,2500,907,0,0,0,907,-11,918
111624499,868,-1999,2500,868,0,0,0,868,-11,879
111644491,868,-1999,2500,868,0,0,0,868,-10,878
111664483,868,-1999,2500,868,0,0,0,868,-10,878
111684475,868,-1999,2500,868,0,0,0,868,-10,878
111704467,868,-1999,2500,868,0,0,0,868,-10,878
111724459,829,-1999,2500,829,0,0,0,829,-10,839
111744451,829,-1999,2500,829,0,0,0,829,-10,839
111764443,829,-1999,2500,829,0,0,0,829,-10,839
111784435,829,-1999,2500,829,0,0,0,829,-10,839
111804427,829,-1999,2500,829,0,0,0,829,-10,839
111824419,788,-1999,2500,788,0,0,0,788,-10,798
111844411,788,-1999,2500,788,0,0,0,788,-10,798
111864403,788,-1999,2500,788,0,0,0,788,-10,798
111884395,788,-1999,2500,788,0,0,0,788,-10,798
111904387,788,-1999,2500,788,0,0,0,788,-10,798
111924379,747,-1999,2500,747,0,0,0,747,-10,757
111944371,747,-1999,2500,747,0,0,0,747,-10,757
111964363,747,-1999,2500,747,0,0,0,747,-10,757
111984355,747,-1999,2500,747,0,0,0,747,-10,757
112004347,747,-1999,2500,747,0,0,0,747,-10,757
112024339,707,-1999,2500,707,0,0,0,707,-10,717
112044331,707,-1999,2500,707,0,0,0,707,-10,717
112064323,707,-1999,2500,707,0,0,0,707,-10,717
112084315,707,-1999,2500,707,0,0,0,707,-10,717
112105140,707,-1999,2500,707,0,0,0,707,-10,717
112125132,665,-1999,2500,665,0,0,0,665,-10,675
112145124,665,-1999,2500,665,0,0,0,665,-10,675
112165116,665,-1999,2500,665,0,0,0,665,-10,675
112185108,665,-1999,2500,665,0,0,0,665,-10,675
112205100,665,-1999,2500,665,0,0,0,665,-10,675
112225092,622,-1999,2500,622,0,0,0,622,-10,632
112245084,622,-1999,2500,622,0,0,0,622,-10,632
112265076,622,-1999,2500,622,0,0,0,622,-10,632
112285068,622,-1999,2500,622,0,0,0,622,-10,632
112305060,622,-1999,2500,622,0,0,0,622,-10,632
112325052,581,-1999,2500,581,0,0,0,581,-10,591
112345044,581,-1999,2500,581,0,0,0,581,-10,591
112365036,581,-1999,2500,581,0,0,0,581,-10,591
112385028,581,-1999,2500,581,0,0,0,581,-10,591
112405020,581,-1999,2500,581,0,0,0,581,-10,591
112425012,538,-1999,2500,538,0,0,0,538,-10,548
112445004,538,-1999,2500,538,0,0,0,538,-10,548
112464996,538,-1999,2500,538,0,0,0,538,-10,548
112484988,538,-1999,2500,538,0,0,0,538,-10,548
112504980,538,-1999,2500,538,0,0,0,538,-10,548
112524972,492,-1999,2500,492,0,0,0,492,-10,502
112544964,492,-1999,2500,492,0,0,0,492,-10,502
112564956,492,-1999,2500,492,0,0,0,492,-10,502
112584948,492,-1999,2500,492,0,0,0,492,-10,502
112604940,492,-1999,2500,492,0,0,0,492,-10,502
112624932,448,-1999,2500,448,0,0,0,448,-10,458
112644924,448,-1999,2500,448,0,0,0,448,-10,458
112664916,448,-1999,2500,448,0,0,0,448,-10,458
112684908,448,-1999,2500,448,0,0,0,448,-10,458
112704900,448,-1999,2500,448,0,0,0,448,-10,458
112724892,404,-1999,2500,404,0,0,0,404,-10,414
112744884,404,-1999,2500,404,0,0,0,404,-11,415
112764876,404,-1999,2500,404,0,0,0,404,-11,415
112784868,404,-1999,2500,404,0,0,0,404,-11,415
112804860,404,-1999,2500,404,0,0,0,404,-11,415
112824852,358,-1999,2500,358,0,0,0,358,-11,369
112844844,358,-1999,2500,358,0,0,0,358,-11,369
112864836,358,-1999,2500,358,0,0,0,358,-11,369
112884828,358,-1999,2500,358,0,0,0,358,-11,369
112904820,358,-1999,2500,358,0,0,0,358,-11,369
112924812,309,-1999,2500,309,0,0,0,309,-11,320
112944804,309,-1999,2500,309,0,0,0,309,-11,320
112964796,309,-1999,2500,309,0,0,0,309,-11,320
112984788,309,-1999,2500,309,0,0,0,309,-11,320
113004780,309,-1999,2500,309,0,0,0,309,-11,320
113024772,260,-1999,2500,260,0,0,0,260,-11,271
113044764,260,-1999,2500,260,0,0,0,260,-11,271
113064756,260,-1999,2500,260,0,0,0,260,-11,271
113084748,260,-1999,2500,260,0,0,0,260,-11,271
113104740,260,-1999,2500,260,0,0,0,260,-11,271
113124732,212,-1999,2500,212,0,0,0,212,-11,223
113144724,212,-1999,2500,212,0,0,0,212,-11,223
113164716,212,-1999,2500,212,0,0,0,212,-11,223
113184708,212,-1999,2500,212,0,0,0,212,-11,223
113204700,212,-1999,2500,212,0,0,0,212,-11,223
113224692,164,-1999,2500,164,0,0,0,164,-11,175
113244684,164,-1999,2500,164,0,0,0,164,-11,175
113264676,164,-1999,2500,164,0,0,0,164,-11,175
113284668,164,-1999,2500,164,0,0,0,164,-11,175
113304660,164,-1999,2500,164,0,0,0,164,-11,175
113324652,113,-1999,2500,113,0,0,0,113,-11,124
113344644,113,-1999,2500,113,0,0,0,113,-11,124
113364636,113,-1999,2500,113,0,0,0,113,-11,124
113384628,113,-1999,2500,113,0,0,0,113,-11,124
113404620,113,-1999,2500,113,0,0,0,113,-11,124
113424612,80,-1999,2500,80,0,0,0,80,-11,91
113444604,80,-1999,2500,80,0,0,0,80,-11,91
113464596,80,-1999,2500,80,0,0,0,80,-11,91
113484588,80,-1999,2500,80,0,0,0,80,-11,91
113504580,80,-1999,2500,80,0,0,0,80,-11,91
113524572,80,-1999,2500,80,0,0,0,80,-11,91
113544564,80,-1999,2500,80,0,0,0,80,-11,91
113564556,80,-1999,2500,80,0,0,0,80,-11,91
113584548,80,-1999,2500,80,0,0,0,80,-11,91
113604540,80,-1999,2500,80,0,0,0,80,-11,91
113624532,80,-1999,2500,80,0,0,0,80,-11,91
113644524,80,-1999,2500,80,0,0,0,80,-11,91
113664516,80,-1999,2500,80,0,0,0,80,-11,91
113684508,80,-1999,2500,80,0,0,0,80,-11,91
113704500,80,-1999,2500,80,0,0,0,80,-11,91
113724492,81,-1999,2500,81,0,0,0,81,-11,92
113744484,81,-1999,2500,81,0,0,0,81,-11,92
113764476,81,-1999,2500,81,0,0,0,81,-11,92
113784468,81,-1999,2500,81,0,0,0,81,-11,92
113804460,81,-1999,2500,81,0,0,0,81,-11,92
113824452,81,-1999,2500,81,0,0,0,81,-11,92
113844444,81,-1999,2500,81,0,0,0,81,-11,92
113864436,81,-1999,2500,81,0,0,0,81,-11,92
113884428,81,-1999,2500,81,0,0,0,81,-11,92
113904420,81,-1999,2500,81,0,0,0,81,-11,92
113924412,81,-1999,2500,81,0,0,0,81,-11,92
113944404,81,-1999,2500,81,0,0,0,81,-11,92
113964396,81,-1999,2500,81,0,0,0,81,-11,92
113984388,81,-1999,2500,81,0,0,0,81,-11,92
114004380,81,-1999,2500,81,0,0,0,81,-11,92
114024372,81,-1999,2500,81,0,0,0,81,-11,92
114044364,81,-1999,2500,81,0,0,0,81,-11,92
114064356,81,-1999,2500,81,0,0,0,81,-11,92
114084348,81,-1999,2500,81,0,0,0,81,-11,92
114104340,81,-1999,2500,81,0,0,0,81,-11,92
114124332,81,-1999,2500,81,0,0,0,81,-11,92
114144324,81,-1999,2500,81,0,0,0,81,-11,92
114164316,81,-1999,2500,81,0,0,0,81,-11,92
114185141,81,-1999,2500,81,0,0,0,81,-11,92
114205133,81,-1999,2500,81,0,0,0,81,-11,92
114225125,81,-1999,2500,81,0,0,0,81,-11,92
114245117,81,-1999,2500,81,0,0,0,81,-11,92
114265109,81,-1999,2500,81,0,0,0,81,-11,92
114285101,81,-1999,2500,81,0,0,0,81,-11,92
114305093,81,-1999,2500,81,0,0,0,81,-11,92
114325085,81,-1999,2500,81,0,0,0,81,-11,92
114345077,81,-1999,2500,81,0,0,0,81,-11,92
114365069,81,-1999,2500,81,0,0,0,81,-11,92
114385061,81,-1999,2500,81,0,0,0,81,-11,92
114405053,81,-1999,2500,81,0,0,0,81,-11,92
114425045,81,-1999,2500,81,0,0,0,81,-11,92
114445037,81,-1999,2500,81,0,0,0,81,-11,92
114465029,81,-1999,2500,81,0,0,0,81,-11,92
114485021,81,-1999,2500,81,0,0,0,81,-11,92
114505013,81,-1999,2500,81,0,0,0,81,-11,92
114525005,81,-1999,2500,81,0,0,0,81,-11,92
114544997,81,-1999,2500,81,0,0,0,81,-11,92
114564989,81,-1999,2500,81,0,0,0,81,-11,92
114584981,81,-1999,2500,81,0,0,0,81,-11,92
114604973,81,-1999,2500,81,0,0,0,81,-11,92
114624965,81,-1999,2500,81,0,0,0,81,-11,92
114644957,81,-1999,2500,81,0,0,0,81,-11,92
114664949,81,-1999,2500,81,0,0,0,81,-11,92
114684941,81,-1999,2500,81,0,0,0,81,-11,92
114704933,81,-1999,2500,81,0,0,0,81,-11,92
114724925,81,-1999,2500,81,0,0,0,81,-11,92
114744917,81,-1999,2500,81,0,0,0,81,-11,92
114764909,81,-1999,2500,81,0,0,0,81,-11,92
114784901,81,-1999,2500,81,0,0,0,81,-11,92
114804893,81,-1999,2500,81,0,0,0,81,-11,92
114824885,82,-1999,2500,82,0,0,0,82,-11,93
114844877,82,-1999,2500,82,0,0,0,82,-11,93
114864869,82,-1999,2500,82,0,0,0,82,-11,93
114884861,82,-1999,2500,82,0,0,0,82,-11,93
114904853,82,-1999,2500,82,0,0,0,82,-11,93
114924845,82,-1999,2500,82,0,0,0,82,-11,93
114944837,82,-1999,2500,82,0,0,0,82,-11,93
114964829,82,-1999,2500,82,0,0,0,82,-11,93
114984821,82,-1999,2500,82,0,0,0,82,-11,93
115004813,82,-1999,2500,82,0,0,0,82,-11,93
115024805,82,-1999,2500,82,0,0,0,82,-11,93
115044797,82,-1999,2500,82,0,0,0,82,-11,93
115064789,82,-1999,2500,82,0,0,0,82,-11,93
115084781,82,-1999,2500,82,0,0,0,82,-11,93
115104773,82,-1999,2500,82,0,0,0,82,-11,93
115124765,82,-1999,2500,82,0,0,0,82,-11,93
115144757,82,-1999,2500,82,0,0,0,82,-11,93
115164749,82,-1999,2500,82,0,0,0,82,-11,93
115184741,82,-1999,2500,82,0,0,0,82,-11,93
115204733,82,-1999,2500,82,0,0,0,82,-11,93
115224725,82,-1999,2500,82,0,0,0,82,-11,93
115244717,82,-1999,2500,82,0,0,0,82,-11,93
115264709,82,-1999,2500,82,0,0,0,82,-11,93
115284701,82,-1999,2500,82,0,0,0,82,-11,93
115304693,82,-1999,2500,82,0,0,0,82,-11,93
115324685,82,-1999,2500,82,0,0,0,82,-11,93
115344677,82,-1999,2500,82,0,0,0,82,-11,93
115364669,82,-1999,2500,82,0,0,0,82,-11,93
115384661,82,-1999,2500,82,0,0,0,82,-11,93
115404653,82,-1999,2500,82,0,0,0,82,-11,93
115424645,83,-1999,2500,83,0,0,0,83,-11,94
115444637,83,-1999,2500,83,0,0,0,83,-11,94
115464629,83,-1999,2500,83,0,0,0,83,-11,94
115484621,83,-1999,2500,83,0,0,0,83,-11,94
115504613,83,-1999,2500,83,0,0,0,83,-11,94
115524605,83,-1999,2500,83,0,0,0,83,-11,94
115544597,83,-1999,2500,83,0,0,0,83,-11,94
115564589,83,-1999,2500,83,0,0,0,83,-11,94
115584581,83,-1999,2500,83,0,0,0,83,-11,94
115604573,83,-1999,2500,83,0,0,0,83,-11,94
115624565,83,-1999,2500,83,0,0,0,83,-11,94
115644557,83,-1999,2500,83,0,0,0,83,-11,94
115664549,83,-1999,2500,83,0,0,0,83,-11,94
115684541,83,-1999,2500,83,0,0,0,83,-11,94
115704533,83,-1999,2500,83,0,0,0,83,-11,94
115724525,85,-1999,2500,85,0,0,0,85,-11,96
115744517,85,-1999,2500,85,0,0,0,85,-11,96
115764509,85,-1999,2500,85,0,0,0,85,-11,96
115784501,85,-1999,2500,85,0,0,0,85,-11,96
115804493,85,-1999,2500,85,0,0,0,85,-11,96
115824485,85,-1999,2500,85,0,0,0,85,-11,96
115844477,85,-1999,2500,85,0,0,0,85,-11,96
115864469,85,-1999,2500,85,0,0,0,85,-11,96
115884461,85,-1999,2500,85,0,0,0,85,-11,96
115904453,85,-1999,2500,85,0,0,0,85,-11,96
115924445,85,-1999,2500,85,0,0,0,85,-11,96
115944437,85,-1999,2500,85,0,0,0,85,-11,96
115964429,85,-1999,2500,85,0,0,0,85,-11,96
115984421,85,-1999,2500,85,0,0,0,85,-11,96
116004413,85,-1999,2500,85,0,0,0,85,-11,96
116024405,86,-1999,2500,86,0,0,0,86,-11,97
116044397,86,-1999,2500,86,0,0,0,86,-11,97
116064389,86,-1999,2500,86,0,0,0,86,-11,97
116084381,86,-1999,2500,86,0,0,0,86,-11,97
116104373,86,-1999,2500,86,0,0,0,86,-11,97
116124365,86,-1999,2500,86,0,0,0,86,-11,97
116144357,86,-1999,2500,86,0,0,0,86,-11,97
116164349,86,-1999,2500,86,0,0,0,86,-11,97
116184341,86,-1999,2500,86,0,0,0,86,-11,97
116204333,86,-1999,2500,86,0,0,0,86,-11,97
116224325,86,-1999,2500,86,0,0,0,86,-11,97
116244317,86,-1999,2500,86,0,0,0,86,-11,97
116265142,86,-1999,2500,86,0,0,0,86,-11,97
116285134,86,-1999,2500,86,0,0,0,86,-11,97
116305126,86,-1999,2500,86,0,0,0,86,-11,97
116325118,86,-1999,2500,86,0,0,0,86,-11,97
116345110,86,-1999,2500,86,0,0,0,86,-11,97
116365102,86,-1999,2500,86,0,0,0,86,-11,97
116385094,86,-1999,2500,86,0,0,0,86,-11,97
116405086,86,-1999,2500,86,0,0,0,86,-11,97
116425078,86,-1999,2500,86,0,0,0,86,-11,97
116445070,86,-1999,2500,86,0,0,0,86,-11,97
116465062,86,-1999,2500,86,0,0,0,86,-11,97
116485054,86,-1999,2500,86,0,0,0,86,-11,97
116505046,86,-1999,2500,86,0,0,0,86,-11,97
116525038,86,-1999,2500,86,0,0,0,86,-11,97
116545030,86,-1999,2500,86,0,0,0,86,-11,97
116565022,86,-1999,2500,86,0,0,0,86,-11,97
116585014,86,-1999,2500,86,0,0,0,86,-11,97
116605006,86,-1999,2500,86,0,0,0,86,-11,97
116624998,87,-1999,2500,87,0,0,0,87,-11,98
116644990,87,-1999,2500,87,0,0,0,87,-11,98
116664982,87,-1999,2500,87,0,0,0,87,-11,98
116684974,87,-1999,2500,87,0,0,0,87,-11,98
116704966,87,-1999,2500,87,0,0,0,87,-11,98
116724958,87,-1999,2500,87,0,0,0,87,-11,98
116744950,87,-1999,2500,87,0,0,0,87,-11,98
116764942,87,-1999,2500,87,0,0,0,87,-11,98
116784934,87,-1999,2500,87,0,0,0,87,-11,98
116804926,87,-1999,2500,87,0,0,0,87,-11,98
116824918,87,-1999,2500,87,0,0,0,87,-11,98
116844910,87,-1999,2500,87,0,0,0,87,-11,98
116864902,87,-1999,2500,87,0,0,0,87,-11,98
116884894,87,-1999,2500,87,0,0,0,87,-11,98
116904886,87,-1999,2500,87,0,0,0,87,-11,98
116924878,87,-1999,2500,87,0,0,0,87,-11,98
116944870,87,-1999,2500,87,0,0,0,87,-11,98
116964862,87,-1999,2500,87,0,0,0,87,-11,98
116984854,87,-1999,2500,87,0,0,0,87,-11,98
117004846,87,-1999,2500,87,0,0,0,87,-11,98
117024838,87,-1999,2500,87,0,0,0,87,-11,98
117044830,87,-1999,2500,87,0,0,0,87,-11,98
117064822,87,-1999,2500,87,0,0,0,87,-11,98
117084814,87,-1999,2500,87,0,0,0,87,-11,98
117104806,87,-1999,2500,87,0,0,0,87,-11,98
117124798,87,-1999,2500,87,0,0,0,87,-11,98
117144790,87,-1999,2500,87,0,0,0,87,-11,98
117164782,87,-1999,2500,87,0,0,0,87,-11,98
117184774,87,-1999,2500,87,0,0,0,87,-11,98
117204766,87,-1999,2500,87,0,0,0,87,-11,98
117224758,87,-1999,2500,87,0,0,0,87,-11,98
117244750,87,-1999,2500,87,0,0,0,87,-11,98
117264742,87,-1999,2500,87,0,0,0,87,-11,98
117284734,87,-1999,2500,87,0,0,0,87,-11,98
117304726,87,-1999,2500,87,0,0,0,87,-11,98
117324718,87,-1999,2500,87,0,0,0,87,-11,98
117344710,87,-1999,2500,87,0,0,0,87,-11,98
117364702,87,-1999,2500,87,0,0,0,87,-11,98
117384694,87,-1999,2500,87,0,0,0,87,-11,98
117404686,87,-1999,2500,87,0,0,0,87,-11,98
117424678,87,-1999,2500,87,0,0,0,87,-11,98
117444670,87,-1999,2500,87,0,0,0,87,-11,98
117464662,87,-1999,2500,87,0,0,0,87,-11,98
117484654,87,-1999,2500,87,0,0,0,87,-11,98
117504646,87,-1999,2500,87,0,0,0,87,-11,98
117524638,87,-1999,2500,87,0,0,0,87,-11,98
117544630,87,-1999,2500,87,0,0,0,87,-11,98
117564622,87,-1999,2500,87,0,0,0,87,-11,98
117584614,87,-1999,2500,87,0,0,0,87,-11,98
117604606,87,-1999,2500,87,0,0,0,87,-11,98
117624598,87,-1999,2500,87,0,0,0,87,-11,98
117644590,87,-1999,2500,87,0,0,0,87,-11,98
117664582,87,-1999,2500,87,0,0,0,87,-11,98
117684574,87,-1999,2500,87,0,0,0,87,-11,98
117704566,87,-1999,2500,87,0,0,0,87,-11,98
117724558,87,-1999,2500,87,0,0,0,87,-11,98
117744550,87,-1999,2500,87,0,0,0,87,-11,98
117764542,87,-1999,2500,87,0,0,0,87,-11,98
117784534,87,-1999,2500,87,0,0,0,87,-11,98
117804526,87,-1999,2500,87,0,0,0,87,-11,98
117824518,87,-1999,2500,87,0,0,0,87,-11,98
117844510,87,-1999,2500,87,0,0,0,87,-11,98
117864502,87,-1999,2500,87,0,0,0,87,-11,98
117884494,87,-1999,2500,87,0,0,0,87,-11,98
117904486,87,-1999,2500,87,0,0,0,87,-11,98
117924478,87,-1999,2500,87,0,0,0,87,-11,98
117944470,87,-1999,2500,87,0,0,0,87,-11,98
117964462,87,-1999,2500,87,0,0,0,87,-11,98
117984454,87,-1999,2500,87,0,0,0,87,-11,98
118004446,87,-1999,2500,87,0,0,0,87,-11,98
118024438,88,-1999,2500,88,0,0,0,88,-11,99
118044430,88,-1999,2500,88,0,0,0,88,-11,99
118064422,88,-1999,2500,88,0,0,0,88,-11,99
118084414,88,-1999,2500,88,0,0,0,88,-11,99
118104406,88,-1999,2500,88,0,0,0,88,-11,99
118124398,88,-1999,2500,88,0,0,0,88,-11,99
118144390,88,-1999,2500,88,0,0,0,88,-11,99
118164382,88,-1999,2500,88,0,0,0,88,-11,99
118184374,88,-1999,2500,88,0,0,0,88,-11,99
118204366,88,-1999,2500,88,0,0,0,88,-11,99
118224358,88,-1999,2500,88,0,0,0,88,-11,99
118244350,88,-1999,2500,88,0,0,0,88,-11,99
118264342,88,-1999,2500,88,0,0,0,88,-11,99
118284334,88,-1999,2500,88,0,0,0,88,-11,99
118304326,88,-1999,2500,88,0,0,0,88,-11,99
118324318,88,-1999,2500,88,0,0,0,88,-11,99
118344310,88,-1999,2500,88,0,0,0,88,-11,99
118365135,88,-1999,2500,88,0,0,0,88,-11,99
118385127,88,-1999,2500,88,0,0,0,88,-10,98
118405119,88,-1999,2500,88,0,0,0,88,-10,98
118425111,88,-1999,2500,88,0,0,0,88,-10,98
118445103,88,-1999,2500,88,0,0,0,88,-10,98
118465095,88,-1999,2500,88,0,0,0,88,-10,98
118485087,88,-1999,2500,88,0,0,0,88,-10,98
118505079,88,-1999,2500,88,0,0,0,88,-10,98
118525071,88,-1999,2500,88,0,0,0,88,-10,98
118545063,88,-1999,2500,88,0,0,0,88,-10,98
118565055,88,-1999,2500,88,0,0,0,88,-10,98
118585047,88,-1999,2500,88,0,0,0,88,-10,98
118605039,88,-1999,2500,88,0,0,0,88,-10,98
118625031,88,-1999,2500,88,0,0,0,88,-10,98
118645023,88,-1999,2500,88,0,0,0,88,-10,98
118665015,88,-1999,2500,88,0,0,0,88,-10,98
118685007,88,-1999,2500,88,0,0,0,88,-10,98
118704999,88,-1999,2500,88,0,0,0,88,-10,98
118724991,88,-1999,2500,88,0,0,0,88,-10,98
118744983,88,-1999,2500,88,0,0,0,88,-10,98
118764975,88,-1999,2500,88,0,0,0,88,-10,98
118784967,88,-1999,2500,88,0,0,0,88,-10,98
118804959,88,-1999,2500,88,0,0,0,88,-10,98
118824951,88,-1999,2500,88,0,0,0,88,-10,98
118844943,88,-1999,2500,88,0,0,0,88,-10,98
118864935,88,-1999,2500,88,0,0,0,88,-10,98
118884927,88,-1999,2500,88,0,0,0,88,-10,98
118904919,88,-1999,2500,88,0,0,0,88,-10,98
118924911,88,-1999,2500,88,0,0,0,88,-10,98
118944903,88,-1999,2500,88,0,0,0,88,-10,98
118964895,88,-1999,2500,88,0,0,0,88,-10,98
118984887,88,-1999,2500,88,0,0,0,88,-10,98
119004879,88,-1999,2500,88,0,0,0,88,-10,98
119024871,88,-1999,2500,88,0,0,0,88,-10,98
119044863,88,-1999,2500,88,0,0,0,88,-10,98
119064855,88,-1999,2500,88,0,0,0,88,-10,98
119084847,88,-1999,2500,88,0,0,0,88,-10,98
119104839,88,-1999,2500,88,0,0,0,88,-10,98
119124831,88,-1999,2500,88,0,0,0,88,-10,98
119144823,88,-1999,2500,88,0,0,0,88,-10,98
119164815,88,-1999,2500,88,0,0,0,88,-10,98
119184807,88,-1999,2500,88,0,0,0,88,-10,98
119204799,88,-1999,2500,88,0,0,0,88,-10,98
119224791,88,-1999,2500,88,0,0,0,88,-10,98
119244783,88,-1999,2500,88,0,0,0,88,-10,98
119264775,88,-1999,2500,88,0,0,0,88,-10,98
119284767,88,-1999,2500,88,0,0,0,88,-10,98
119304759,88,-1999,2500,88,0,0,0,88,-10,98
119324751,87,-1999,2500,87,0,0,0,87,-10,97
119344743,87,-1999,2500,87,0,0,0,87,-10,97
119364735,87,-1999,2500,87,0,0,0,87,-10,97
119384727,87,-1999,2500,87,0,0,0,87,-10,97
119404719,87,-1999,2500,87,0,0,0,87,-10,97
119424711,87,-1999,2500,87,0,100,0,87,-10,97
119444703,87,-1999,2500,87,0,100,0,87,-10,97
119464695,87,-1999,2500,87,0,100,0,87,-10,97
119484687,87,-1999,2500,87,0,100,0,87,-10,97
119504679,87,-1999,2500,87,0,100,0,87,-10,97
119524671,87,-1999,2500,87,0,100,0,87,-10,97
119544663,87,-1999,2500,87,0,100,0,87,-10,97
119564655,87,-1999,2500,87,0,100,0,87,-10,97
119584647,87,-1999,2500,87,0,100,0,87,-10,97
119604639,87,-1999,2500,87,0,100,0,87,-10,97
119624631,87,-1999,2500,87,0,100,0,87,-10,97
119644623,87,-1999,2500,87,0,100,0,87,-10,97
119664615,87,-1999,2500,87,0,100,0,87,-10,97
119684607,87,-1999,2500,87,0,100,0,87,-10,97
119704599,87,-1999,2500,87,0,100,0,87,-10,97
119724591,87,-1999,2500,87,0,100,0,87,-10,97
119744583,87,-1999,2500,87,0,100,0,87,-9,96
119764575,87,-1999,2500,87,0,100,0,87,-9,96
119784567,87,-1999,2500,87,0,100,0,87,-9,96
119804559,87,-1999,2500,87,0,100,0,87,-9,96
119824551,87,-1999,2500,87,0,100,0,87,-9,96
119844543,87,-1999,2500,87,0,100,0,87,-9,96
119864535,87,-1999,2500,87,0,100,0,87,-9,96
119884527,87,-1999,2500,87,0,100,0,87,-9,96
119904519,87,-1999,2500,87,0,100,0,87,-9,96
119924511,87,-1999,2500,87,0,100,0,87,-9,96
119944503,87,-1999,2500,87,0,100,0,87,-9,96
119964495,87,-1999,2500,87,0,100,0,87,-9,96
119984487,87,-1999,2500,87,0,100,0,87,-9,96
120004479,87,-1999,2500,87,0,100,0,87,-9,96
120024471,87,-1999,2500,87,0,100,0,87,-9,96
120044463,87,-1999,2500,87,0,100,0,87,-9,96
120064455,87,-1999,2500,1499,0,100,0,1499,-9,1508
120084447,87,-1999,2500,1499,0,100,0,1499,-9,1508
120104439,87,-1999,2500,1499,0,100,0,1499,-9,1508
120124431,87,-1999,2500,1499,0,100,0,1499,-9,1508
120144423,87,-1999,2500,1499,0,100,0,1499,-9,1508
120164415,87,-1999,2500,1499,0,100,0,1499,-9,1508
120184407,87,-1999,2500,1499,0,100,0,1499,-9,1508
120204399,87,-1999,2500,1499,0,100,0,1499,-9,1508
120224391,87,-1999,2500,1499,0,100,0,1499,-9,1508
120244383,87,-1999,2500,1499,0,100,0,1499,-9,1508
120264375,87,-1999,2500,1499,0,100,0,1499,-9,1508
120284367,87,-1999,2500,1499,0,100,0,1499,-9,1508
120304359,87,-1999,2500,1499,0,100,0,1499,-9,1508
120324351,87,-1999,2500,1499,0,100,0,1499,-9,1508
120344343,87,-1999,2500,1499,0,100,0,1499,-9,1508
120364335,87,-1999,2500,1499,0,100,0,1499,-9,1508
120384327,87,-1999,2500,1499,0,100,0,1499,-9,1508
120404319,87,-1999,2500,1499,0,100,0,1499,-9,1508
120424311,87,-1999,2500,1499,0,100,0,1499,-9,1508
120445136,87,-1999,2500,1499,0,100,0,1499,-9,1508
120465128,87,-1999,2500,1499,0,100,0,1499,-9,1508
120485120,87,-1999,2500,1499,0,100,0,1499,-9,1508
120505112,87,-1999,2500,1499,0,100,0,1499,-9,1508
120525104,87,-1999,2500,1499,0,100,0,1499,-9,1508
120545096,87,-1999,2500,1499,0,100,0,1499,-9,1508
120565088,87,-1999,2500,1499,0,100,0,1499,-9,1508
120585080,87,-1999,2500,1499,0,100,0,1499,-9,1508
120605072,87,-1999,2500,1499,0,100,0,1499,-9,1508
120625064,87,-1999,2500,1499,0,100,0,1499,-9,1508
120645056,87,-1999,2500,1499,0,100,0,1499,-9,1508
120665048,87,-1999,2500,1499,0,100,0,1499,-9,1508
120685040,87,-1999,2500,1499,0,100,0,1499,-9,1508
120705032,87,-1999,2500,1499,0,100,0,1499,-9,1508
120725024,87,-1999,2500,1499,0,100,0,1499,-9,1508
120745016,87,-1999,2500,1499,0,100,0,1499,-9,1508
120765008,87,-1999,2500,1499,0,100,0,1499,-9,1508
120785000,87,-1999,2500,1499,0,100,0,1499,-9,1508
120804992,87,-1999,2500,1499,0,100,0,1499,-9,1508
120824984,87,-1999,2500,1499,0,100,0,1499,-9,1508
120844976,87,-1999,2500,1499,0,100,0,1499,-9,1508
120864968,87,-1999,2500,1499,0,100,0,1499,-9,1508
120884960,87,-1999,2500,1499,0,100,0,1499,-9,1508
120904952,87,-1999,2500,1499,0,100,0,1499,-9,1508
120924944,87,-1999,2500,1499,0,100,0,1499,-9,1508
120944936,87,-1999,2500,1499,0,100,0,1499,-9,1508
120964928,87,-1999,2500,1499,0,100,0,1499,-8,1507
120984920,87,-1999,2500,1499,0,100,0,1499,-8,1507
121004912,87,-1999,2500,1499,0,100,0,1499,-8,1507
121024904,87,-1999,2500,1499,0,100,0,1499,-8,1507
121044896,87,-1999,2500,1499,0,100,0,1499,-8,1507
124084513,87,-1999,2500,-200,0,0,0,-200,-7,-193
124104505,87,-1999,2500,-200,0,0,0,-200,-7,-193
124124497,87,-1999,2500,-200,0,0,0,-200,-7,-193
124144489,87,-1999,2500,-200,0,0,0,-200,-7,-193
124164481,87,-1999,2500,-200,0,0,0,-200,-7,-193
124184473,87,-1999,2500,-200,0,0,0,-200,-7,-193
124204465,87,-1999,2500,-200,0,0,0,-200,-7,-193
124224457,87,-1999,2500,-200,0,0,0,-200,-7,-193
124244449,87,-1999,2500,-200,0,0,0,-200,-7,-193
124264441,87,-1999,2500,-200,0,0,0,-200,-7,-193
124284433,87,-1999,2500,-200,0,0,0,-200,-7,-193
124304425,87,-1999,2500,-200,0,0,0,-200,-7,-193
124324417,87,-1999,2500,-200,0,0,0,-200,-7,-193
124344409,87,-1999,2500,-200,0,0,0,-200,-7,-193
124364401,87,-1999,2500,-200,0,0,0,-200,-7,-193
124384393,87,-1999,2500,-200,0,0,0,-200,-7,-193
124404385,87,-1999,2500,-200,0,0,0,-200,-7,-193
124424377,87,-1999,2500,-200,0,0,0,-200,-7,-193
124444369,87,-1999,2500,-200,0,0,0,-200,-7,-193
124464361,87,-1999,2500,-200,0,0,0,-200,-7,-193
124484353,87,-1999,2500,-200,0,0,0,-200,-7,-193
124504345,87,-1999,2500,-200,0,0,0,-200,-7,-193
124524337,87,-1999,2500,-200,0,0,0,-200,-7,-193
124544329,87,-1999,2500,-200,0,0,0,-200,-7,-193
124564321,87,-1999,2500,-200,0,0,0,-200,-7,-193
124584313,87,-1999,2500,-200,0,0,0,-200,-7,-193
124605138,87,-1999,2500,-200,0,0,0,-200,-7,-193
124625130,87,-1999,2500,-200,0,0,0,-200,-7,-193
124645122,87,-1999,2500,-200,0,0,0,-200,-7,-193
124665114,87,-1999,2500,-200,0,0,0,-200,-7,-193
124685106,87,-1999,2500,-200,0,0,0,-200,-7,-193
124705098,87,-1999,2500,-200,0,0,0,-200,-7,-193
124725090,87,-1999,2500,-200,0,0,0,-200,-7,-193
124745082,87,-1999,2500,-200,0,0,0,-200,-7,-193
124765074,87,-1999,2500,-200,0,0,0,-200,-7,-193
124785066,87,-1999,2500,-200,0,0,0,-200,-7,-193
124805058,87,-1999,2500,-200,0,0,0,-200,-7,-193
124825050,87,-1999,2500,-200,0,0,0,-200,-7,-193
124845042,87,-1999,2500,-200,0,0,0,-200,-6,-194
124865034,87,-1999,2500,-200,0,0,0,-200,-6,-194
124885026,87,-1999,2500,-200,0,0,0,-200,-6,-194
124905018,87,-1999,2500,-200,0,0,0,-200,-6,-194
124925010,87,-1999,2500,-200,0,0,0,-200,-6,-194
124945002,87,-1999,2500,-200,0,0,0,-200,-6,-194
124964994,87,-1999,2500,-200,0,0,0,-200,-6,-194
124984986,87,-1999,2500,-200,0,0,0,-200,-6,-194
125004978,87,-1999,2500,-200,0,0,0,-200,-6,-194
125024970,87,-1999,2500,-200,0,0,0,-200,-6,-194
125044962,87,-1999,2500,-200,0,0,0,-200,-6,-194
125064954,87,-1999,2500,-200,0,0,0,-200,-6,-194
125084946,87,-1999,2500,-200,0,0,0,-200,-6,-194
125104938,87,-1999,2500,-200,0,0,0,-200,-6,-194
125124930,87,-1999,2500,-200,0,0,0,-200,-6,-194
125144922,87,-1999,2500,-200,0,0,0,-200,-6,-194
125164914,87,-1999,2500,-200,0,0,0,-200,-6,-194
125184906,87,-1999,2500,-200,0,0,0,-200,-6,-194
125204898,87,-1999,2500,-200,0,0,0,-200,-6,-194
125224890,87,-1999,2500,-200,0,0,0,-200,-6,-194
125244882,87,-1999,2500,-200,0,0,0,-200,-6,-194
125264874,87,-1999,2500,-200,0,0,0,-200,-6,-194
125284866,87,-1999,2500,-200,0,0,0,-200,-6,-194
125304858,87,-1999,2500,-200,0,0,0,-200,-6,-194
125324850,87,-1999,2500,-200,0,0,0,-200,-6,-194
125344842,87,-1999,2500,-200,0,0,0,-200,-6,-194
125364834,87,-1999,2500,-200,0,0,0,-200,-6,-194
125384826,87,-1999,2500,-200,0,0,0,-200,-6,-194
125404818,87,-1999,2500,-200,0,0,0,-200,-6,-194
125424810,87,-1999,2500,-200,0,0,0,-200,-6,-194
125444802,87,-1999,2500,-200,0,0,0,-200,-6,-194
125464794,87,-1999,2500,-200,0,0,0,-200,-6,-194
125484786,87,-1999,2500,-200,0,0,0,-200,-6,-194
125504778,87,-1999,2500,-200,0,0,0,-200,-6,-194
125524770,87,-1999,2500,-200,0,0,0,-200,-6,-194
125544762,87,-1999,2500,-200,0,0,0,-200,-6,-194
125564754,87,-1999,2500,-200,0,0,0,-200,-6,-194
125584746,87,-1999,2500,-200,0,0,0,-200,-6,-194
125604738,87,-1999,2500,-200,0,0,0,-200,-6,-194
125624730,87,-1999,2500,-200,0,0,0,-200,-6,-194
125644722,87,-1999,2500,-200,0,0,0,-200,-6,-194
125664714,87,-1999,2500,-200,0,0,0,-200,-6,-194
125684706,87,-1999,2500,-200,0,0,0,-200,-6,-194
125704698,87,-1999,2500,-200,0,0,0,-200,-6,-194
125724690,87,-1999,2500,-200,0,0,0,-200,-6,-194
125744682,87,-1999,2500,-200,0,0,0,-200,-6,-194
125764674,87,-1999,2500,-200,0,0,0,-200,-6,-194
125784666,87,-1999,2500,-200,0,0,0,-200,-6,-194
125804658,87,-1999,2500,-200,0,0,0,-200,-6,-194
125824650,87,-1999,2500,-200,0,0,0,-200,-6,-194
125844642,87,-1999,2500,-200,0,0,0,-200,-6,-194
125864634,87,-1999,2500,-200,0,0,0,-200,-6,-194
125884626,87,-1999,2500,-200,0,0,0,-200,-6,-194
125904618,87,-1999,2500,-200,0,0,0,-200,-6,-194
125924610,87,-1999,2500,-200,0,0,0,-200,-6,-194
125944602,87,-1999,2500,-200,0,0,0,-200,-6,-194
125964594,87,-1999,2500,-200,0,0,0,-200,-6,-194
125984586,87,-1999,2500,-200,0,0,0,-200,-6,-194
126004578,87,-1999,2500,-200,0,0,0,-200,-6,-194
126024570,87,-1999,2500,-200,0,0,0,-200,-6,-194
126044562,87,-1999,2500,-200,0,0,0,-200,-6,-194
126064554,87,-1999,2500,-200,0,0,0,-200,-6,-194
126084546,87,-1999,2500,-200,0,0,0,-200,-6,-194
126104538,87,-1999,2500,-200,0,0,0,-200,-6,-194
126124530,87,-1999,2500,-200,0,0,0,-200,-6,-194
126144522,87,-1999,2500,-200,0,0,0,-200,-6,-194
126164514,87,-1999,2500,-200,0,0,0,-200,-6,-194
126184506,87,-1999,2500,-200,0,0,0,-200,-6,-194
126204498,87,-1999,2500,-200,0,0,0,-200,-6,-194
126224490,87,-1999,2500,-200,0,0,0,-200,-6,-194
126244482,87,-1999,2500,-200,0,0,0,-200,-6,-194
126264474,87,-1999,2500,-200,0,0,0,-200,-6,-194
126284466,87,-1999,2500,-200,0,0,0,-200,-6,-194
126304458,87,-1999,2500,-200,0,0,0,-200,-6,-194
126324450,87,-1999,2500,-200,0,0,0,-200,-6,-194
126344442,87,-1999,2500,-200,0,0,0,-200,-6,-194
126364434,87,-1999,2500,-200,0,0,0,-200,-6,-194
126384426,87,-1999,2500,-200,0,0,0,-200,-6,-194
126404418,87,-1999,2500,-200,0,0,0,-200,-6,-194
126424410,87,-1999,2500,-200,0,0,0,-200,-6,-194
126444402,87,-1999,2500,-200,0,0,0,-200,-6,-194
126464394,87,-1999,2500,-200,0,0,0,-200,-6,-194
126484386,87,-1999,2500,-200,0,0,0,-200,-6,-194
126504378,87,-1999,2500,-200,0,0,0,-200,-6,-194
126524370,87,-1999,2500,-200,0,0,0,-200,-6,-194
126544362,87,-1999,2500,-200,0,0,0,-200,-6,-194
126564354,87,-1999,2500,-200,0,0,0,-200,-6,-194
126584346,87,-1999,2500,-200,0,0,0,-200,-6,-194
126604338,87,-1999,2500,-200,0,0,0,-200,-6,-194
126624330,87,-1999,2500,-200,0,0,0,-200,-6,-194
126644322,87,-1999,2500,-200,0,0,0,-200,-6,-194
126664314,87,-1999,2500,-200,0,0,0,-200,-6,-194
126685139,87,-1999,2500,-200,0,0,0,-200,-6,-194
126705131,87,-1999,2500,-200,0,0,0,-200,-6,-194
126725123,87,-1999,2500,-200,0,0,0,-200,-6,-194
126745115,87,-1999,2500,-200,0,0,0,-200,-6,-194
126765107,87,-1999,2500,-200,0,0,0,-200,-6,-194
126785099,87,-1999,2500,-200,0,0,0,-200,-6,-194
126805091,87,-1999,2500,-200,0,0,0,-200,-6,-194
126825083,87,-1999,2500,-200,0,0,0,-200,-6,-194
126845075,87,-1999,2500,-200,0,0,0,-200,-6,-194
126865067,87,-1999,2500,-200,0,0,0,-200,-6,-194
126885059,87,-1999,2500,-200,0,0,0,-200,-6,-194
126905051,87,-1999,2500,-200,0,0,0,-200,-6,-194
126925043,87,-1999,2500,-200,0,0,0,-200,-6,-194
126945035,87,-1999,2500,-200,0,0,0,-200,-6,-194
126965027,87,-1999,2500,-200,0,0,0,-200,-6,-194
126985019,87,-1999,2500,-200,0,0,0,-200,-6,-194
127005011,87,-1999,2500,-200,0,0,0,-200,-6,-194
127025003,87,-1999,2500,-200,0,0,0,-200,-6,-194
127044995,87,-1999,2500,-200,0,0,0,-200,-6,-194
127064987,87,-1999,2500,-200,0,0,0,-200,-6,-194
127084979,87,-1999,2500,-200,0,0,0,-200,-6,-194
127104971,87,-1999,2500,-200,0,0,0,-200,-6,-194
127124963,87,-1999,2500,-200,0,0,0,-200,-6,-194
127144955,87,-1999,2500,-200,0,0,0,-200,-6,-194
127164947,87,-1999,2500,-200,0,0,0,-200,-6,-194
127184939,87,-1999,2500,-200,0,0,0,-200,-6,-194
127204931,87,-1999,2500,-200,0,0,0,-200,-6,-194
127224923,87,-1999,2500,-200,0,0,0,-200,-6,-194
127244915,87,-1999,2500,1300,0,0,0,1300,-6,1306
127264907,87,-1999,2500,1300,0,0,0,1300,-6,1306
127284899,87,-1999,2500,1300,0,0,0,1300,-6,1306
127304891,87,-1999,2500,1300,0,0,0,1300,-6,1306
127324883,87,-1999,2500,1300,0,0,0,1300,-6,1306
127344875,87,-1999,2500,1300,0,0,0,1300,-6,1306
127364867,87,-1999,2500,1300,0,0,0,1300,-6,1306
127384859,87,-1999,2500,1300,0,0,0,1300,-6,1306
127404851,87,-1999,2500,1300,0,0,0,1300,-6,1306
127424843,87,-1999,2500,1300,0,0,0,1300,-6,1306
127444835,87,-1999,2500,1300,0,0,0,1300,-6,1306
127464827,87,-1999,2500,1420,0,30,0,1420,-6,1426
127484819,87,-1999,2500,1420,0,30,0,1420,-6,1426
127504811,87,-1999,2500,1420,0,30,0,1420,-6,1426
127524803,87,-1999,2500,1420,0,30,0,1420,-6,1426
127544795,87,-1999,2500,1420,0,30,0,1420,-6,1426
127564787,87,-1999,2500,1420,0,30,0,1420,-6,1426
127584779,87,-1999,2500,1420,0,30,0,1420,-6,1426
127604771,87,-1999,2500,1420,0,30,0,1420,-6,1426
127624763,87,-1999,2500,1420,0,30,0,1420,-6,1426
127644755,87,-1999,2500,1420,0,30,0,1420,-6,1426
127664747,87,-1999,2500,1420,0,30,0,1420,-6,1426
127684739,87,-1999,2500,1420,0,30,0,1420,-6,1426
127704731,87,-1999,2500,1420,0,30,0,1420,-6,1426
127724723,87,-1999,2500,1420,0,30,0,1420,-6,1426
127744715,87,-1999,2500,1420,0,30,0,1420,-6,1426
127764707,87,-1999,2500,1420,0,30,0,1420,-6,1426
127784699,87,-1999,2500,1420,0,30,0,1420,-6,1426
127804691,87,-1999,2500,1420,0,30,0,1420,-7,1427
127824683,87,-1999,2500,1420,0,30,0,1420,-7,1427
127844675,87,-1999,2500,1420,0,30,0,1420,-7,1427
127864667,87,-1999,2500,1420,0,30,0,1420,-7,1427
127884659,87,-1999,2500,1420,0,30,0,1420,-7,1427
127904651,87,-1999,2500,1420,0,30,0,1420,-7,1427
127924643,87,-1999,2500,1420,0,30,0,1420,-7,1427
127944635,87,-1999,2500,1420,0,30,0,1420,-7,1427
127964627,87,-1999,2500,1420,0,30,0,1420,-7,1427
127984619,87,-1999,2500,1420,0,30,0,1420,-7,1427
128004611,87,-1999,2500,1420,0,30,0,1420,-8,1428
128024603,87,-1999,2500,1420,0,30,0,1420,-8,1428
128044595,87,-1999,2500,1420,0,30,0,1420,-8,1428
128064587,87,-1999,2500,1420,0,30,0,1420,-8,1428
128084579,87,-1999,2500,1420,0,30,0,1420,-8,1428
128104571,87,-1999,2500,1420,0,30,0,1420,-8,1428
128124563,87,-1999,2500,1420,0,30,0,1420,-8,1428
128144555,87,-1999,2500,1420,0,30,0,1420,-8,1428
128164547,87,-1999,2500,1420,0,30,0,1420,-8,1428
128184539,87,-1999,2500,1420,0,30,0,1420,-9,1429
128204531,87,-1999,2500,1420,0,30,0,1420,-9,1429
128224523,87,-1999,2500,1420,0,30,0,1420,-9,1429
128244515,87,-1999,2500,1420,0,30,0,1420,-9,1429
128264507,87,-1999,2500,1420,0,30,0,1420,-9,1429
128284499,87,-1999,2500,1420,0,30,0,1420,-9,1429
128304491,87,-1999,2500,1420,0,30,0,1420,-9,1429
128324483,87,-1999,2500,1420,0,30,0,1420,-9,1429
128344475,87,-1999,2500,1420,0,30,0,1420,-9,1429
128364467,87,-1999,2500,1420,0,30,0,1420,-9,1429
128384459,87,-1999,2500,1420,0,30,0,1420,-9,1429
128404451,87,-1999,2500,1420,0,30,0,1420,-9,1429
128424443,87,-1999,2500,1420,0,30,0,1420,-9,1429
128444435,87,-1999,2500,1420,0,30,0,1420,-9,1429
128464427,87,-1999,2500,1420,0,30,0,1420,-9,1429
128484419,87,-1999,2500,1420,0,30,0,1420,-10,1430
128504411,87,-1999,2500,1420,0,30,0,1420,-10,1430
128524403,87,-1999,2500,1420,0,30,0,1420,-10,1430
128544395,87,-1999,2500,1420,0,30,0,1420,-10,1430
128564387,87,-1999,2500,1420,0,30,0,1420,-10,1430
128584379,87,-1999,2500,1420,0,30,0,1420,-10,1430
128604371,87,-1999,2500,1420,0,30,0,1420,-10,1430
128624363,87,-1999,2500,1420,0,30,0,1420,-10,1430
128644355,87,-1999,2500,1420,0,30,0,1420,-10,1430
128664347,87,-1999,2500,1420,0,30,0,1420,-10,1430
128684339,87,-1999,2500,1420,0,30,0,1420,-10,1430
128704331,87,-1999,2500,1420,0,30,0,1420,-10,1430
128724323,87,-1999,2500,1420,0,30,0,1420,-10,1430
128744315,87,-1999,2500,1420,0,30,0,1420,-10,1430
128765140,87,-1999,2500,1420,0,30,0,1420,-10,1430
128785132,87,-1999,2500,1420,0,30,0,1420,-10,1430
128805124,87,-1999,2500,1420,0,30,0,1420,-10,1430
128825116,87,-1999,2500,1420,0,30,0,1420,-10,1430
128845108,87,-1999,2500,1420,0,30,0,1420,-10,1430
128865100,87,-1999,2500,1420,0,30,0,1420,-11,1431
128885092,87,-1999,2500,1420,0,30,0,1420,-11,1431
128905084,87,-1999,2500,1420,0,30,0,1420,-11,1431
128925076,87,-1999,2500,1420,0,30,0,1420,-11,1431
128945068,87,-1999,2500,1420,0,30,0,1420,-11,1431
128965060,87,-1999,2500,1420,0,30,0,1420,-11,1431
128985052,87,-1999,2500,1420,0,30,0,1420,-11,1431
129005044,87,-1999,2500,1420,0,30,0,1420,-11,1431
129025036,87,-1999,2500,1420,0,30,0,1420,-11,1431
129045028,87,-1999,2500,1420,0,30,0,1420,-11,1431
129065020,87,-1999,2500,1420,0,30,0,1420,-12,1432
129085012,87,-1999,2500,1420,0,30,0,1420,-12,1432
129105004,87,-1999,2500,1420,0,30,0,1420,-12,1432
129124996,87,-1999,2500,1420,0,30,0,1420,-12,1432
129144988,87,-1999,2500,1420,0,30,0,1420,-12,1432
129164980,87,-1999,2500,1420,0,30,0,1420,-12,1432
129184972,87,-1999,2500,1420,0,30,0,1420,-12,1432
129204964,87,-1999,2500,1420,0,30,0,1420,-12,1432
129224956,87,-1999,2500,1420,0,30,0,1420,-12,1432
129244948,87,-1999,2500,1420,0,30,0,1420,-12,1432
129264940,87,-1999,2500,1420,0,30,0,1420,-13,1433
129284932,87,-1999,2500,1420,0,30,0,1420,-13,1433
129304924,87,-1999,2500,1420,0,30,0,1420,-13,1433
129324916,87,-1999,2500,1420,0,30,0,1420,-13,1433
129344908,87,-1999,2500,1420,0,30,0,1420,-13,1433
129364900,87,-1999,2500,1420,0,30,0,1420,-13,1433
129384892,87,-1999,2500,1420,0,30,0,1420,-13,1433
129404884,87,-1999,2500,1420,0,30,0,1420,-13,1433
129424876,87,-1999,2500,1420,0,30,0,1420,-13,1433
129444868,87,-1999,2500,1420,0,30,0,1420,-13,1433
129464860,87,-1999,2500,1420,0,30,0,1420,-13,1433
129484852,87,-1999,2500,1420,0,30,0,1420,-13,1433
129504844,87,-1999,2500,1420,0,30,0,1420,-13,1433
129524836,87,-1999,2500,1420,0,30,0,1420,-13,1433
129544828,87,-1999,2500,1420,0,30,0,1420,-13,1433
129564820,87,-1999,2500,1420,0,30,0,1420,-13,1433
129584812,87,-1999,2500,1420,0,30,0,1420,-13,1433
129604804,87,-1999,2500,1420,0,30,0,1420,-13,1433
129624796,87,-1999,2500,1420,0,30,0,1420,-13,1433
129644788,87,-1999,2500,1420,0,30,0,1420,-13,1433
129664780,87,-1999,2500,1500,0,60,0,1500,-12,1512
129684772,87,-1999,2500,1500,0,60,0,1500,-12,1512
129704764,87,-1999,2500,1500,0,60,0,1500,-12,1512
129724756,87,-1999,2500,1500,0,60,0,1500,-12,1512
129744748,87,-1999,2500,1500,0,60,0,1500,-12,1512
129764740,87,-1999,2500,1500,0,60,0,1500,-12,1512
129784732,87,-1999,2500,1500,0,60,0,1500,-12,1512
129804724,87,-1999,2500,1500,0,60,0,1500,-11,1511
129824716,87,-1999,2500,1500,0,60,0,1500,-11,1511
129844708,87,-1999,2500,1500,0,60,0,1500,-11,1511
129864700,87,-1999,2500,1500,0,60,0,1500,-11,1511
129884692,87,-1999,2500,1500,0,60,0,1500,-11,1511
129904684,87,-1999,2500,1500,0,60,0,1500,-11,1511
129924676,87,-1999,2500,1500,0,60,0,1500,-10,1510
129944668,87,-1999,2500,1500,0,60,0,1500,-10,1510
129964660,87,-1999,2500,1500,0,60,0,1500,-10,1510
129984652,87,-1999,2500,1500,0,60,0,1500,-10,1510
130004644,87,-1999,2500,1500,0,60,0,1500,-10,1510
130024636,87,-1999,2500,1500,0,60,0,1500,-10,1510
130044628,87,-1999,2500,1500,0,60,0,1500,-10,1510
130064620,87,-1999,2500,1500,0,60,0,1500,-9,1509
130084612,87,-1999,2500,1500,0,60,0,1500,-9,1509
130104604,87,-1999,2500,1500,0,60,0,1500,-9,1509
130124596,87,-1999,2500,1500,0,60,0,1500,-9,1509
130144588,87,-1999,2500,1500,0,60,0,1500,-9,1509
130164580,87,-1999,2500,1500,0,60,0,1500,-9,1509
130184572,87,-1999,2500,1500,0,60,0,1500,-8,1508
130204564,87,-1999,2500,1500,0,60,0,1500,-8,1508
130224556,87,-1999,2500,1500,0,60,0,1500,-8,1508
130244548,87,-1999,2500,1500,0,60,0,1500,-8,1508
130264540,87,-1999,2500,1500,0,60,0,1500,-8,1508
130284532,87,-1999,2500,1500,0,60,0,1500,-7,1507
130304524,87,-1999,2500,1500,0,60,0,1500,-7,1507
130324516,87,-1999,2500,1500,0,60,0,1500,-7,1507
130344508,87,-1999,2500,1500,0,60,0,1500,-7,1507
130364500,87,-1999,2500,1500,0,60,0,1500,-6,1506
130384492,87,-1999,2500,1500,0,60,0,1500,-6,1506
130404484,87,-1999,2500,1500,0,60,0,1500,-6,1506
130424476,87,-1999,2500,1500,0,60,0,1500,-6,1506
130444468,87,-1999,2500,1500,0,60,0,1500,-5,1505
130464460,87,-1999,2500,1500,0,60,0,1500,-5,1505
130484452,87,-1999,2500,1500,0,60,0,1500,-5,1505
130504444,87,-1999,2500,1500,0,60,0,1500,-5,1505
130524436,87,-1999,2500,1500,0,60,0,1500,-4,1504
130544428,87,-1999,2500,1500,0,60,0,1500,-4,1504
130564420,87,-1999,2500,1500,0,60,0,1500,-4,1504
130584412,87,-1999,2500,1500,0,60,0,1500,-3,1503
130604404,87,-1999,2500,1500,0,60,0,1500,-3,1503
130624396,87,-1999,2500,1500,0,60,0,1500,-3,1503
130644388,87,-1999,2500,1500,0,60,0,1500,-3,1503
130664380,87,-1999,2500,1500,0,60,0,1500,-2,1502
130684372,87,-1999,2500,1500,0,60,0,1500,-2,1502
130704364,87,-1999,2500,1500,0,60,0,1500,-2,1502
130724356,87,-1999,2500,1500,0,60,0,1500,-1,1501
130744348,87,-1999,2500,1500,0,60,0,1500,-1,1501
130764340,87,-1999,2500,1500,0,60,0,1500,0,1500
130784332,87,-1999,2500,1500,0,60,0,1500,0,1500
130804324,87,-1999,2500,1500,0,60,0,1500,0,1500
130824316,87,-1999,2500,1500,0,60,0,1500,0,1500
130845141,87,-1999,2500,1500,0,60,0,1500,0,1500
130865133,87,-1999,2500,1500,0,60,0,1500,0,1500
130885125,87,-1999,2500,1500,0,60,0,1500,1,1499
130905117,87,-1999,2500,1500,0,60,0,1500,1,1499
130925109,87,-1999,2500,1500,0,60,0,1500,2,1498
130945101,87,-1999,2500,1500,0,60,0,1500,2,1498
130965093,87,-1999,2500,1500,0,60,0,1500,2,1498
130985085,87,-1999,2500,1500,0,60,0,1500,3,1497
131005077,87,-1999,2500,1500,0,60,0,1500,3,1497
131025069,87,-1999,2500,1500,0,60,0,1500,4,1496
131045061,87,-1999,2500,1500,0,60,0,1500,4,1496
131065053,87,-1999,2500,1500,0,60,0,1500,4,1496
131085045,87,-1999,2500,1500,0,60,0,1500,5,1495
131105037,87,-1999,2500,1500,0,60,0,1500,5,1495
131125029,87,-1999,2500,1500,0,60,0,1500,5,1495
131145021,87,-1999,2500,1500,0,60,0,1500,6,1494
131165013,87,-1999,2500,1500,0,60,0,1500,6,1494
131185005,87,-1999,2500,1500,0,60,0,1500,6,1494
131204997,87,-1999,2500,1500,0,60,0,1500,7,1493
131224989,87,-1999,2500,1500,0,60,0,1500,7,1493
131244981,87,-1999,2500,2000,0,60,0,2000,7,1993
131264973,87,-1999,2500,2000,0,100,0,2000,7,1993
131284965,87,-1999,2500,2000,0,100,0,2000,8,1992
131304957,87,-1999,2500,2000,0,100,0,2000,8,1992
131324949,87,-1999,2500,2000,0,100,0,2000,8,1992
131344941,87,-1999,2500,2000,0,100,0,2000,9,1991
131364933,87,-1999,2500,2000,0,100,0,2000,9,1991
131384925,87,-1999,2500,2000,0,100,0,2000,9,1991
131404917,87,-1999,2500,2000,0,100,0,2000,10,1990
131424909,87,-1999,2500,2000,0,100,0,2000,10,1990
131444901,87,-1999,2500,2000,0,100,0,2000,11,1989
131464893,87,-1999,2500,2000,0,100,0,2000,11,1989
131484885,87,-1999,2500,2000,0,100,0,2000,11,1989
131504877,87,-1999,2500,2000,0,100,0,2000,11,1989
131524869,87,-1999,2500,2000,0,100,0,2000,12,1988
131544861,87,-1999,2500,2000,0,100,0,2000,12,1988
131564853,87,-1999,2500,2000,0,100,0,2000,13,1987
131584845,87,-1999,2500,2000,0,100,0,2000,13,1987
131604837,87,-1999,2500,2000,0,100,0,2000,13,1987
131624829,87,-1999,2500,2000,0,100,0,2000,14,1986
131644821,87,-1999,2500,2000,0,100,0,2000,14,1986
131664813,87,-1999,2500,2000,0,100,0,2000,15,1985
131684805,87,-1999,2500,2000,0,100,0,2000,16,1984
131704797,87,-1999,2500,2000,0,100,0,2000,16,1984
131724789,87,-1999,2500,2000,0,100,0,2000,17,1983
131744781,87,-1999,2500,2000,0,100,0,2000,18,1982
131764773,87,-1999,2500,2000,0,100,0,2000,18,1982
131784765,87,-1999,2500,2000,0,100,0,2000,19,1981
131804757,87,-1999,2500,2000,0,100,0,2000,20,1980
131824749,87,-1999,2500,2000,0,100,0,2000,21,1979
131844741,87,-1999,2500,2000,0,100,0,2000,22,1978
131864733,87,-1999,2500,2000,0,100,0,2000,23,1977
131884725,87,-1999,2500,2000,0,100,0,2000,24,1976
131904717,87,-1999,2500,2000,0,100,0,2000,25,1975
131924709,87,-1999,2500,2000,0,100,0,2000,26,1974
131944701,87,-1999,2500,2000,0,100,0,2000,27,1973
131964693,87,-1999,2500,2000,0,100,0,2000,28,1972
131984685,87,-1999,2500,2000,0,100,0,2000,29,1971
132004677,87,-1999,2500,2000,0,100,0,2000,30,1970
132024669,87,-1999,2500,2000,0,100,0,2000,31,1969
132044661,87,-1999,2500,2000,0,100,0,2000,32,1968
132064653,87,-1999,2500,2000,0,100,0,2000,33,1967
132084645,87,-1999,2500,2000,0,100,0,2000,35,1965
132104637,87,-1999,2500,2000,0,100,0,2000,36,1964
132124629,87,-1999,2500,2000,0,100,0,2000,37,1963
132144621,87,-1999,2500,2000,0,100,0,2000,39,1961
132164613,87,-1999,2500,2000,0,100,0,2000,40,1960
132184605,87,-1999,2500,2000,0,100,0,2000,41,1959
132204597,87,-1999,2500,2000,0,100,0,2000,42,1958
132224589,87,-1999,2500,2000,0,100,0,2000,44,1956
132244581,87,-1999,2500,2000,0,100,0,2000,45,1955
132264573,87,-1999,2500,2000,0,100,0,2000,46,1954
132284565,87,-1999,2500,2000,0,100,0,2000,48,1952
132304557,87,-1999,2500,2000,0,100,0,2000,49,1951
132324549,87,-1999,2500,2000,0,100,0,2000,51,1949
132344541,87,-1999,2500,2000,0,100,0,2000,52,1948
132364533,87,-1999,2500,2000,0,100,0,2000,54,1946
132384525,87,-1999,2500,2000,0,100,0,2000,55,1945
132404517,87,-1999,2500,2000,0,100,0,2000,56,1944
132424509,87,-1999,2500,2000,0,100,0,2000,58,1942
132444501,87,-1999,2500,2000,0,100,0,2000,60,1940
132464493,87,-1999,2500,2000,0,100,0,2000,61,1939
132484485,87,-1999,2500,2000,0,100,0,2000,63,1937
132504477,87,-1999,2500,2000,0,100,0,2000,64,1936
132524469,87,-1999,2500,2000,0,100,0,2000,66,1934
132544461,87,-1999,2500,2000,0,100,0,2000,67,1933
132564453,87,-1999,2500,2000,0,100,0,2000,69,1931
132584445,87,-1999,2500,2000,0,100,0,2000,70,1930
132604437,87,-1999,2500,2000,0,100,0,2000,72,1928
132624429,87,-1999,2500,2000,0,100,0,2000,74,1926
132644421,87,-1999,2500,2000,0,100,0,2000,75,1925
132664413,87,-1999,2500,2000,0,100,0,2000,77,1923
132684405,87,-1999,2500,2000,0,100,0,2000,87,1913
132704397,87,-1999,2500,2000,0,100,0,2000,132,1868
132724389,87,-1999,2500,2000,0,100,0,2000,210,1790
132744381,87,-1999,2500,2000,0,100,0,2000,320,1680
132764373,87,-1999,2500,2000,0,100,0,2000,455,1545
132784365,87,-1999,2500,2000,0,100,0,2000,611,1389
132804357,87,-1999,2500,2000,0,100,0,2000,784,1216
132824349,87,-1999,2500,2000,0,100,0,2000,967,1033
132844341,87,-1999,2500,2000,0,100,0,2000,1157,843
132864333,87,-1999,2500,2000,0,100,0,2000,1350,650
132884325,87,-1999,2500,2000,0,100,0,2000,1541,459
132904317,87,-2000,2500,2000,0,100,0,2000,1727,273
132925142,87,-1999,2500,2000,0,100,0,2000,1904,96
132945134,87,-1999,2500,2000,0,100,0,2000,2071,-71
132965126,87,-1999,2500,2000,0,100,0,2000,2227,-227
132985118,87,-1999,2500,2000,0,100,0,2000,2370,-370
133005110,87,-1999,2500,2000,0,100,0,2000,2503,-503
133025102,87,-1999,2500,2000,0,100,0,2000,2615,-615
133045094,87,-1999,2500,2000,0,100,0,2000,2711,-711
133065086,87,-2000,2500,2000,0,100,0,2000,2792,-792
133085078,87,-2000,2500,2000,0,100,0,2000,2856,-856
133105070,87,-1999,2500,2000,0,100,0,2000,2906,-906
133125062,87,-1999,2500,2000,0,100,0,2000,2942,-942
133145054,87,-1999,2500,2000,0,100,0,2000,2963,-963
133165046,87,-1999,2500,2000,0,100,0,2000,2971,-971
133185038,87,-1999,2500,2000,0,100,0,2000,2968,-968
133205030,87,-1999,2500,2000,0,100,0,2000,2954,-954
133225022,87,-1999,2500,2000,0,100,0,2000,2929,-929
133245014,87,-1999,2500,2000,0,100,0,2000,2894,-894
133265006,87,-1999,2500,2000,0,100,0,2000,2849,-849
133284998,87,-2000,2500,2000,0,100,0,2000,2797,-797
133304990,87,-2000,2500,2000,0,100,0,2000,2736,-736
133324982,87,-1999,2500,2000,0,100,0,2000,2671,-671
133344974,87,-1999,2500,2000,0,100,0,2000,2602,-602
133364966,87,-1999,2500,2000,0,100,0,2000,2531,-531
133384958,87,-1999,2500,2000,0,100,0,2000,2456,-456
133404950,87,-1999,2500,2000,0,100,0,2000,2381,-381
133424942,87,-1999,2500,2000,0,100,0,2000,2304,-304
133444934,87,-1999,2500,2000,0,100,0,2000,2228,-228
133464926,87,-1999,2500,2000,0,100,0,2000,2154,-154
133484918,87,-1999,2500,2000,0,100,0,2000,2082,-82
133504910,87,-1999,2500,2000,0,100,0,2000,2013,-13
133524902,87,-1999,2500,2000,0,100,0,2000,1949,51
133544894,87,-1999,2500,2000,0,100,0,2000,1890,110
133564886,87,-1999,2500,2000,0,100,0,2000,1835,165
133584878,87,-1999,2500,2000,0,100,0,2000,1785,215
133604870,87,-1999,2500,2000,0,100,0,2000,1740,260
133624862,87,-1999,2500,2000,0,100,0,2000,1702,298
133644854,87,-1999,2500,2000,0,100,0,2000,1670,330
133664846,87,-1999,2500,2000,0,100,0,2000,1644,356
133684838,87,-1999,2500,2000,0,100,0,2000,1624,376
133704830,87,-1999,2500,2000,0,100,0,2000,1610,390
133724822,87,-1999,2500,2000,0,100,0,2000,1603,397
133744814,87,-1999,2500,2000,0,100,0,2000,1601,399
133764806,87,-1999,2500,2000,0,100,0,2000,1602,398
133784798,87,-1999,2500,2000,0,100,0,2000,1607,393
133804790,87,-1999,2500,2000,0,100,0,2000,1616,384
133824782,87,-1999,2500,2000,0,100,0,2000,1630,370
133844774,87,-1999,2500,2000,0,100,0,2000,1648,352
133864766,87,-1999,2500,2000,0,100,0,2000,1670,330
133884758,87,-1999,2500,2000,0,100,0,2000,1693,307
133904750,87,-1999,2500,0,0,100,0,0,1718,-1718
133924742,87,-1999,2500,0,0,100,0,0,1743,-1743
133944734,87,-1999,2500,0,0,100,0,0,1767,-1767
133964726,87,-1999,2500,0,0,100,0,0,1786,-1786
133984718,87,-1999,2500,0,0,100,0,0,1796,-1796
134004710,87,-1999,2500,0,0,100,0,0,1795,-1795
134024702,87,-1999,2500,0,0,100,0,0,1781,-1781
134044694,87,-1999,2500,0,0,100,0,0,1755,-1755
134064686,87,-1999,2500,87,0,100,0,87,1714,-1627
134084678,87,-1999,2500,87,0,100,0,87,1659,-1572
134104670,87,-1999,2500,87,0,100,0,87,1589,-1502
134124662,1554,-1999,2500,1554,0,48.073963165283203,0,1554,1507,47
134144654,1554,-1999,2500,1554,0,48.073963165283203,0,1554,1414,140
134164646,1554,-1999,2500,1554,0,48.073963165283203,0,1554,1312,242
134184638,1554,-1999,2500,1554,0,48.073963165283203,0,1554,1207,347
134204630,1554,-1999,2500,1554,0,48.073963165283203,0,1554,1100,454
134224622,1384,-1999,2500,1384,0,57.933322906494141,0,1384,999,385
134244614,1384,-1999,2500,1384,0,57.933322906494141,0,1384,904,480
134264606,1384,-1999,2500,1384,0,57.933322906494141,0,1384,819,565
134284598,1384,-1999,2500,1384,0,57.933322906494141,0,1384,744,640
134304590,1384,-1999,2500,1384,0,57.933322906494141,0,1384,681,703
134324582,1500,-1999,2500,1500,0,61.607528686523438,0,1500,633,867
134344574,1500,-1999,2500,1500,0,61.607528686523438,0,1500,597,903
134364566,1500,-1999,2500,1500,0,61.607528686523438,0,1500,574,926
134384558,1500,-1999,2500,1500,0,61.607528686523438,0,1500,562,938
134404550,1500,-1999,2500,1500,0,61.607528686523438,0,1500,562,938
134424542,1335,-1999,2500,1335,0,55.062717437744141,0,1335,574,761
134444534,1335,-1999,2500,1335,0,55.062717437744141,0,1335,598,737
134464526,1335,-1999,2500,1335,0,55.062717437744141,0,1335,631,704
134484518,1335,-1999,2500,1335,0,55.062717437744141,0,1335,671,664
134504510,1335,-1999,2500,1335,0,55.062717437744141,0,1335,719,616
134524502,1171,-1999,2500,1171,0,52.06646728515625,0,1171,771,400
134544494,1171,-1999,2500,1171,0,52.06646728515625,0,1171,828,343
134564486,1171,-1999,2500,1171,0,52.06646728515625,0,1171,889,282
134584478,1171,-1999,2500,1171,0,52.06646728515625,0,1171,950,221
134604470,1171,-1999,2500,1171,0,52.06646728515625,0,1171,1011,160
134624462,1007,-1999,2500,1007,0,50.854576110839844,0,1007,1072,-65
134644454,1007,-1999,2500,1007,0,50.854576110839844,0,1007,1130,-123
134664446,1007,-1999,2500,1007,0,50.854576110839844,0,1007,1185,-178
134684438,1007,-1999,2500,1007,0,50.854576110839844,0,1007,1237,-230
134704430,1007,-1999,2500,1007,0,50.854576110839844,0,1007,1284,-277
134724422,842,-1999,2500,842,0,50.217670440673828,0,842,1326,-484
134744414,842,-1999,2500,842,0,50.217670440673828,0,842,1363,-521
134764406,842,-1999,2500,842,0,50.217670440673828,0,842,1394,-552
134784398,842,-1999,2500,842,0,50.217670440673828,0,842,1418,-576
134804390,842,-1999,2500,842,0,50.217670440673828,0,842,1436,-594
134824382,675,-1999,2500,675,0,48.969085693359375,0,675,1447,-772
134844374,675,-1999,2500,675,0,48.969085693359375,0,675,1451,-776
134864366,675,-1999,2500,675,0,48.969085693359375,0,675,1450,-775
134884358,675,-1999,2500,675,0,48.969085693359375,0,675,1442,-767
134904350,675,-1999,2500,675,0,48.969085693359375,0,675,1428,-753
134924342,507,-1999,2500,507,0,46.677921295166016,0,507,1409,-902
134944334,507,-1999,2500,507,0,46.677921295166016,0,507,1383,-876
134964326,507,-1999,2500,507,0,46.677921295166016,0,507,1353,-846
134984318,507,-1999,2500,507,0,46.677921295166016,0,507,1318,-811
135004310,507,-1999,2500,507,0,46.677921295166016,0,507,1278,-771
135025135,338,-1999,2500,338,0,43.607967376708984,0,338,1234,-896
135045127,338,-1999,2500,338,0,43.607967376708984,0,338,1187,-849
135065119,338,-1999,2500,338,0,43.607967376708984,0,338,1135,-797
135085111,338,-1999,2500,338,0,43.607967376708984,0,338,1079,-741
135105103,338,-1999,2500,338,0,43.607967376708984,0,338,1021,-683
135125095,167,-1999,2500,167,0,40.271820068359375,0,167,962,-795
135145087,167,-1999,2500,167,0,40.271820068359375,0,167,901,-734
135165079,167,-1999,2500,167,0,40.271820068359375,0,167,839,-672
135185071,167,-1999,2500,167,0,40.271820068359375,0,167,776,-609
135205063,167,-1999,2500,167,0,40.271820068359375,0,167,714,-547
135225055,-1,-1999,2500,-1,0,37.244491577148438,0,-1,651,-652
135245047,-1,-1999,2500,-1,0,37.244491577148438,0,-1,588,-589
135265039,-1,-1999,2500,-1,0,37.244491577148438,0,-1,526,-527
135285031,-1,-1999,2500,-1,0,37.244491577148438,0,-1,465,-466
135305023,-1,-1999,2500,-1,0,37.244491577148438,0,-1,405,-406
135325015,-171,-1999,2500,-171,0,35.128257751464844,0,-171,346,-517
135345007,-171,-1999,2500,-171,0,35.128257751464844,0,-171,288,-459
135364999,-171,-1999,2500,-171,0,35.128257751464844,0,-171,232,-403
135384991,-171,-1999,2500,-171,0,35.128257751464844,0,-171,177,-348
135404983,-171,-1999,2500,-171,0,35.128257751464844,0,-171,123,-294
135424975,-342,-1999,2500,-342,0,34.084491729736328,0,-342,71,-413
135444967,-342,-1999,2500,-342,0,34.084491729736328,0,-342,21,-363
135464959,-342,-1999,2500,-342,0,34.084491729736328,0,-342,-25,-317
135484951,-342,-1999,2500,-342,0,34.084491729736328,0,-342,-71,-271
135504943,-342,-1999,2500,-342,0,34.084491729736328,0,-342,-115,-227
135524935,-514,-1999,2500,-514,0,34.17059326171875,0,-514,-157,-357
135544927,-514,-1999,2500,-514,0,34.17059326171875,0,-514,-198,-316
135564919,-514,-1999,2500,-514,0,34.17059326171875,0,-514,-237,-277
135584911,-514,-1999,2500,-514,0,34.17059326171875,0,-514,-275,-239
135604903,-514,-1999,2500,-514,0,34.17059326171875,0,-514,-312,-202
135624895,-686,-1999,2500,-686,0,35.152549743652344,0,-686,-347,-339
135644887,-686,-1999,2500,-686,0,35.152549743652344,0,-686,-381,-305
135664879,-686,-1999,2500,-686,0,35.152549743652344,0,-686,-414,-272
135684871,-686,-1999,2500,-686,0,35.152549743652344,0,-686,-447,-239
135704863,-686,-1999,2500,-686,0,35.152549743652344,0,-686,-478,-208
135724855,-860,-1999,2500,-860,0,36.737503051757812,0,-860,-509,-351
135744847,-860,-1999,2500,-860,0,36.737503051757812,0,-860,-539,-321
135764839,-860,-1999,2500,-860,0,36.737503051757812,0,-860,-568,-292
135784831,-860,-1999,2500,-860,0,36.737503051757812,0,-860,-596,-264
135804823,-860,-1999,2500,-860,0,36.737503051757812,0,-860,-625,-235
135824815,-863,-1999,2500,-863,0,38.608306884765625,0,-863,-653,-210
135844807,-863,-1999,2500,-863,0,38.608306884765625,0,-863,-681,-182
135864799,-863,-1999,2500,-863,0,38.608306884765625,0,-863,-709,-154
135884791,-863,-1999,2500,-863,0,38.608306884765625,0,-863,-736,-127
135904783,-863,-1999,2500,-863,0,38.608306884765625,0,-863,-762,-101
135924775,-833,-1999,2500,-833,0,40.568576812744141,0,-833,-787,-46
135944767,-833,-1999,2500,-833,0,40.568576812744141,0,-833,-811,-22
135964759,-833,-1999,2500,-833,0,40.568576812744141,0,-833,-834,1
135984751,-833,-1999,2500,-833,0,40.568576812744141,0,-833,-856,23
136004743,-833,-1999,2500,-833,0,40.568576812744141,0,-833,-877,44
136024735,-787,-1999,2500,-787,0,42.611473083496094,0,-787,-895,108
136044727,-787,-1999,2500,-787,0,42.611473083496094,0,-787,-913,126
136064719,-787,-1999,2500,-787,0,42.611473083496094,0,-787,-927,140
136084711,-787,-1999,2500,-787,0,42.611473083496094,0,-787,-940,153
136104703,-787,-1999,2500,-787,0,42.611473083496094,0,-787,-951,164
136124695,-759,-1999,2500,-759,0,44.742954254150391,0,-759,-959,200
136144687,-759,-1999,2500,-759,0,44.742954254150391,0,-759,-966,207
136164679,-759,-1999,2500,-759,0,44.742954254150391,0,-759,-970,211
136184671,-759,-1999,2500,-759,0,44.742954254150391,0,-759,-973,214
136204663,-759,-1999,2500,-759,0,44.742954254150391,0,-759,-974,215
136224655,-748,-1999,2500,-748,0,46.840923309326172,0,-748,-973,225
136244647,-748,-1999,2500,-748,0,46.840923309326172,0,-748,-971,223
136264639,-748,-1999,2500,-748,0,46.840923309326172,0,-748,-966,218
136284631,-748,-1999,2500,-748,0,46.840923309326172,0,-748,-960,212
136304623,-748,-1999,2500,-748,0,46.840923309326172,0,-748,-952,204
136324615,-773,-1999,2500,-773,0,48.951877593994141,0,-773,-942,169
136344607,-773,-1999,2500,-773,0,48.951877593994141,0,-773,-930,157
136364599,-773,-1999,2500,-773,0,48.951877593994141,0,-773,-918,145
136384591,-773,-2000,2500,-773,0,48.951877593994141,0,-773,-905,132
136404583,-773,-2000,2500,-773,0,48.951877593994141,0,-773,-891,118
136424575,-818,-2000,2500,-818,0,50.963489532470703,0,-818,-878,60
136444567,-818,-1999,2500,-818,0,50.963489532470703,0,-818,-864,46
136464559,-818,-1999,2500,-818,0,50.963489532470703,0,-818,-851,33
136484551,-818,-1999,2500,-818,0,50.963489532470703,0,-818,-837,19
136504543,-818,-1999,2500,-818,0,50.963489532470703,0,-818,-826,8
136524535,-870,-1999,2500,-870,0,52.68560791015625,0,-870,-815,-55
136544527,-870,-1999,2500,-870,0,52.68560791015625,0,-870,-805,-65
136564519,-870,-1999,2500,-870,0,52.68560791015625,0,-870,-795,-75
136584511,-870,-1999,2500,-870,0,52.68560791015625,0,-870,-786,-84
136604503,-870,-1999,2500,-870,0,52.68560791015625,0,-870,-778,-92
136624495,-906,-1999,2500,-906,0,54.013740539550781,0,-906,-773,-133
136644487,-906,-1999,2500,-906,0,54.013740539550781,0,-906,-769,-137
136664479,-906,-1999,2500,-906,0,54.013740539550781,0,-906,-767,-139
136684471,-906,-1999,2500,-906,0,54.013740539550781,0,-906,-766,-140
136704463,-906,-1999,2500,-906,0,54.013740539550781,0,-906,-767,-139
136724455,-933,-1999,2500,-933,0,55.032573699951172,0,-933,-769,-164
136744447,-933,-1999,2500,-933,0,55.032573699951172,0,-933,-772,-161
136764439,-933,-1999,2500,-933,0,55.032573699951172,0,-933,-777,-156
136784431,-933,-1999,2500,-933,0,55.032573699951172,0,-933,-782,-151
136804423,-933,-1999,2500,-933,0,55.032573699951172,0,-933,-788,-145
136824415,-914,-1999,2500,-914,0,55.724174499511719,0,-914,-796,-118
136844407,-914,-1999,2500,-914,0,55.724174499511719,0,-914,-805,-109
136864399,-914,-1999,2500,-914,0,55.724174499511719,0,-914,-814,-100
136884391,-914,-1999,2500,-914,0,55.724174499511719,0,-914,-823,-91
136904383,-914,-1999,2500,-914,0,55.724174499511719,0,-914,-834,-80
136924375,-886,-1999,2500,-886,0,56.309597015380859,0,-886,-846,-40
136944367,-886,-1999,2500,-886,0,56.309597015380859,0,-886,-858,-28
136964359,-886,-1999,2500,-886,0,56.309597015380859,0,-886,-871,-15
136984351,-886,-1999,2500,-886,0,56.309597015380859,0,-886,-883,-3
137004343,-886,-1999,2500,-886,0,56.309597015380859,0,-886,-894,8
137024335,-851,-1999,2500,-851,0,56.990814208984375,0,-851,-904,53
137044327,-851,-1999,2500,-851,0,56.990814208984375,0,-851,-914,63
137064319,-851,-1999,2500,-851,0,56.990814208984375,0,-851,-922,71
137084311,-851,-1999,2500,-851,0,56.990814208984375,0,-851,-929,78
137105136,-851,-1999,2500,-851,0,56.990814208984375,0,-851,-935,84
137125128,-827,-1999,2500,-827,0,57.845664978027344,0,-827,-939,112
137145120,-827,-1999,2500,-827,0,57.845664978027344,0,-827,-941,114
137165112,-827,-1999,2500,-827,0,57.845664978027344,0,-827,-942,115
137185104,-827,-1999,2500,-827,0,57.845664978027344,0,-827,-942,115
137205096,-827,-1999,2500,-827,0,57.845664978027344,0,-827,-940,113
137225088,-831,-1999,2500,-831,0,58.871871948242188,0,-831,-937,106
137245080,-831,-1999,2500,-831,0,58.871871948242188,0,-831,-933,102
137265072,-831,-1999,2500,-831,0,58.871871948242188,0,-831,-929,98
137285064,-831,-1999,2500,-831,0,58.871871948242188,0,-831,-924,93
137305056,-831,-1999,2500,-831,0,58.871871948242188,0,-831,-919,88
137325048,-848,-1999,2500,-848,0,59.970241546630859,0,-848,-914,66
137345040,-848,-1999,2500,-848,0,59.970241546630859,0,-848,-907,59
137365032,-848,-1999,2500,-848,0,59.970241546630859,0,-848,-901,53
137385024,-848,-1999,2500,-848,0,59.970241546630859,0,-848,-893,45
137405016,-848,-1999,2500,-848,0,59.970241546630859,0,-848,-886,38
137425008,-860,-1999,2500,-860,0,61.063278198242188,0,-860,-877,17
137445000,-860,-1999,2500,-860,0,61.063278198242188,0,-860,-868,8
137464992,-860,-1999,2500,-860,0,61.063278198242188,0,-860,-859,-1
137484984,-860,-1999,2500,-860,0,61.063278198242188,0,-860,-852,-8
137504976,-860,-1999,2500,-860,0,61.063278198242188,0,-860,-845,-15
137524968,-884,-1999,2500,-884,0,62.005138397216797,0,-884,-837,-47
137544960,-884,-1999,2500,-884,0,62.005138397216797,0,-884,-829,-55
137564952,-884,-1999,2500,-884,0,62.005138397216797,0,-884,-821,-63
137584944,-884,-1999,2500,-884,0,62.005138397216797,0,-884,-814,-70
137604936,-884,-1999,2500,-884,0,62.005138397216797,0,-884,-807,-77
137624928,-897,-1999,2500,-897,0,62.837051391601562,0,-897,-801,-96
137644920,-897,-1999,2500,-897,0,62.837051391601562,0,-897,-796,-101
137664912,-897,-1999,2500,-897,0,62.837051391601562,0,-897,-794,-103
137684904,-897,-1999,2500,-897,0,62.837051391601562,0,-897,-792,-105
137704896,-897,-1999,2500,-897,0,62.837051391601562,0,-897,-792,-105
137724888,-910,-1999,2500,-910,0,63.548355102539062,0,-910,-794,-116
137744880,-910,-1999,2500,-910,0,63.548355102539062,0,-910,-796,-114
137764872,-910,-1999,2500,-910,0,63.548355102539062,0,-910,-798,-112
137784864,-910,-1999,2500,-910,0,63.548355102539062,0,-910,-801,-109
137804856,-910,-1999,2500,-910,0,63.548355102539062,0,-910,-804,-106
137824848,-905,-1999,2500,-905,0,64.190597534179688,0,-905,-808,-97
137844840,-905,-1999,2500,-905,0,64.190597534179688,0,-905,-811,-94
137864832,-905,-1999,2500,-905,0,64.190597534179688,0,-905,-816,-89
137884824,-905,-1999,2500,-905,0,64.190597534179688,0,-905,-820,-85
137904816,-905,-1999,2500,-905,0,64.190597534179688,0,-905,-824,-81
137924808,-845,-1999,2500,-845,0,64.701873779296875,0,-845,-829,-16
137944800,-845,-1999,2500,-845,0,64.701873779296875,0,-845,-834,-11
137964792,-845,-1999,2500,-845,0,64.701873779296875,0,-845,-840,-5
137984784,-845,-1999,2500,-845,0,64.701873779296875,0,-845,-844,-1
138004776,-845,-1999,2500,-845,0,64.701873779296875,0,-845,-849,4
138024768,-787,-1999,2500,-787,0,65.251823425292969,0,-787,-853,66
138044760,-787,-1999,2500,-787,0,65.251823425292969,0,-787,-856,69
138064752,-787,-1999,2500,-787,0,65.251823425292969,0,-787,-858,71
138084744,-787,-1999,2500,-787,0,65.251823425292969,0,-787,-860,73
138104736,-787,-1999,2500,-787,0,65.251823425292969,0,-787,-859,72
138124728,-738,-1999,2500,-738,0,65.837478637695312,0,-738,-857,119
138144720,-738,-1999,2500,-738,0,65.837478637695312,0,-738,-854,116
138164712,-738,-1999,2500,-738,0,65.837478637695312,0,-738,-850,112
138184704,-738,-1999,2500,-738,0,65.837478637695312,0,-738,-846,108
138204696,-738,-1999,2500,-738,0,65.837478637695312,0,-738,-842,104
138224688,-707,-1999,2500,-707,0,66.540756225585938,0,-707,-837,130
138244680,-707,-1999,2500,-707,0,66.540756225585938,0,-707,-832,125
138264672,-707,-1999,2500,-707,0,66.540756225585938,0,-707,-824,117
138284664,-707,-1999,2500,-707,0,66.540756225585938,0,-707,-816,109
138304656,-707,-1999,2500,-707,0,66.540756225585938,0,-707,-806,99
138324648,-689,-1999,2500,-689,0,67.271919250488281,0,-689,-795,106
138344640,-689,-1999,2500,-689,0,67.271919250488281,0,-689,-784,95
138364632,-689,-1999,2500,-689,0,67.271919250488281,0,-689,-771,82
138384624,-689,-1999,2500,-689,0,67.271919250488281,0,-689,-757,68
138404616,-689,-1999,2500,-689,0,67.271919250488281,0,-689,-744,55
138424608,-709,-1999,2500,-709,0,68.134078979492188,0,-709,-729,20
138444600,-709,-1999,2500,-709,0,68.134078979492188,0,-709,-716,7
138464592,-709,-1999,2500,-709,0,68.134078979492188,0,-709,-702,-7
138484584,-709,-1999,2500,-709,0,68.134078979492188,0,-709,-688,-21
138504576,-709,-1999,2500,-709,0,68.134078979492188,0,-709,-675,-34
138524568,-746,-1999,2500,-746,0,68.983993530273438,0,-746,-663,-83
138544560,-746,-1999,2500,-746,0,68.983993530273438,0,-746,-650,-96
138564552,-746,-1999,2500,-746,0,68.983993530273438,0,-746,-638,-108
138584544,-746,-1999,2500,-746,0,68.983993530273438,0,-746,-629,-117
138604536,-746,-1999,2500,-746,0,68.983993530273438,0,-746,-621,-125
138624528,-751,-1999,2500,-751,0,69.57464599609375,0,-751,-615,-136
138644520,-751,-1999,2500,-751,0,69.57464599609375,0,-751,-611,-140
138664512,-751,-1999,2500,-751,0,69.57464599609375,0,-751,-606,-145
138684504,-751,-1999,2500,-751,0,69.57464599609375,0,-751,-603,-148
138704496,-751,-1999,2500,-751,0,69.57464599609375,0,-751,-600,-151
138724488,-734,-1999,2500,-734,0,69.864784240722656,0,-734,-598,-136
138744480,-734,-1999,2500,-734,0,69.864784240722656,0,-734,-598,-136
138764472,-734,-1999,2500,-734,0,69.864784240722656,0,-734,-599,-135
138784464,-734,-1999,2500,-734,0,69.864784240722656,0,-734,-601,-133
138804456,-734,-1999,2500,-734,0,69.864784240722656,0,-734,-603,-131
138824448,-716,-1999,2500,-716,0,70.024497985839844,0,-716,-607,-109
138844440,-716,-1999,2500,-716,0,70.024497985839844,0,-716,-610,-106
138864432,-716,-1999,2500,-716,0,70.024497985839844,0,-716,-614,-102
138884424,-716,-1999,2500,-716,0,70.024497985839844,0,-716,-617,-99
138904416,-716,-1999,2500,-716,0,70.024497985839844,0,-716,-620,-96
138924408,-674,-1999,2500,-674,0,70.148841857910156,0,-674,-624,-50
138944400,-674,-1999,2500,-674,0,70.148841857910156,0,-674,-629,-45
138964392,-674,-1999,2500,-674,0,70.148841857910156,0,-674,-633,-41
138984384,-674,-1999,2500,-674,0,70.148841857910156,0,-674,-635,-39
139004376,-674,-1999,2500,-674,0,70.148841857910156,0,-674,-637,-37
139024368,-642,-1999,2500,-642,0,70.3123779296875,0,-642,-639,-3
139044360,-642,-1999,2500,-642,0,70.3123779296875,0,-642,-642,0
139064352,-642,-1999,2500,-642,0,70.3123779296875,0,-642,-644,2
139084344,-642,-1999,2500,-642,0,70.3123779296875,0,-642,-644,2
139104336,-642,-1999,2500,-642,0,70.3123779296875,0,-642,-643,1
139124328,-634,-1999,2500,-634,0,70.711250305175781,0,-634,-641,7
139144320,-634,-1999,2500,-634,0,70.711250305175781,0,-634,-639,5
139164312,-634,-1999,2500,-634,0,70.711250305175781,0,-634,-635,1
139185137,-634,-1999,2500,-634,0,70.711250305175781,0,-634,-631,-3
139205129,-634,-1999,2500,-634,0,70.711250305175781,0,-634,-625,-9
139225121,-637,-1999,2500,-637,0,71.335411071777344,0,-637,-620,-17
139245113,-637,-1999,2500,-637,0,71.335411071777344,0,-637,-615,-22
139265105,-637,-1999,2500,-637,0,71.335411071777344,0,-637,-611,-26
139285097,-637,-1999,2500,-637,0,71.335411071777344,0,-637,-607,-30
139305089,-637,-1999,2500,-637,0,71.335411071777344,0,-637,-603,-34
139325081,-653,-1999,2500,-653,0,72.096214294433594,0,-653,-600,-53
139345073,-653,-1999,2500,-653,0,72.096214294433594,0,-653,-596,-57
139365065,-653,-1999,2500,-653,0,72.096214294433594,0,-653,-592,-61
139385057,-653,-1999,2500,-653,0,72.096214294433594,0,-653,-588,-65
139405049,-653,-1999,2500,-653,0,72.096214294433594,0,-653,-585,-68
139425041,-657,-1999,2500,-657,0,72.907707214355469,0,-657,-582,-75
139445033,-657,-1999,2500,-657,0,72.907707214355469,0,-657,-578,-79
139465025,-657,-1999,2500,-657,0,72.907707214355469,0,-657,-573,-84
139485017,-657,-1999,2500,-657,0,72.907707214355469,0,-657,-568,-89
139505009,-657,-1999,2500,-657,0,72.907707214355469,0,-657,-564,-93
139525001,-653,-1999,2500,-653,0,73.652229309082031,0,-653,-562,-91
139544993,-653,-1999,2500,-653,0,73.652229309082031,0,-653,-560,-93
139564985,-653,-1999,2500,-653,0,73.652229309082031,0,-653,-558,-95
139584977,-653,-1999,2500,-653,0,73.652229309082031,0,-653,-556,-97
139604969,-653,-1999,2500,-653,0,73.652229309082031,0,-653,-555,-98
139624961,-651,-1999,2500,-651,0,74.260826110839844,0,-651,-553,-98
139644953,-651,-1999,2500,-651,0,74.260826110839844,0,-651,-553,-98
139664945,-651,-1999,2500,-651,0,74.260826110839844,0,-651,-552,-99
139684937,-651,-1999,2500,-651,0,74.260826110839844,0,-651,-552,-99
139704929,-651,-1999,2500,-651,0,74.260826110839844,0,-651,-552,-99
139724921,-641,-1999,2500,-641,0,74.748260498046875,0,-641,-552,-89
139744913,-641,-1999,2500,-641,0,74.748260498046875,0,-641,-552,-89
139764905,-641,-1999,2500,-641,0,74.748260498046875,0,-641,-553,-88
139784897,-641,-1999,2500,-641,0,74.748260498046875,0,-641,-553,-88
139804889,-641,-1999,2500,-641,0,74.748260498046875,0,-641,-554,-87
139824881,-627,-1999,2500,-627,0,75.164527893066406,0,-627,-555,-72
139844873,-627,-1999,2500,-627,0,75.164527893066406,0,-627,-555,-72
139864865,-627,-1999,2500,-627,0,75.164527893066406,0,-627,-556,-71
139884857,-627,-1999,2500,-627,0,75.164527893066406,0,-627,-558,-69
139904849,-627,-1999,2500,-627,0,75.164527893066406,0,-627,-559,-68
139924841,-607,-1999,2500,-607,0,75.555244445800781,0,-607,-560,-47
139944833,-607,-1999,2500,-607,0,75.555244445800781,0,-607,-561,-46
139964825,-607,-1999,2500,-607,0,75.555244445800781,0,-607,-561,-46
139984817,-607,-1999,2500,-607,0,75.555244445800781,0,-607,-562,-45
140004809,-607,-1999,2500,-607,0,75.555244445800781,0,-607,-562,-45
140024801,-597,-1999,2500,-597,0,76.002891540527344,0,-597,-561,-36
140044793,-597,-1999,2500,-597,0,76.002891540527344,0,-597,-560,-37
140064785,-597,-1999,2500,-597,0,76.002891540527344,0,-597,-558,-39
140084777,-597,-1999,2500,-597,0,76.002891540527344,0,-597,-555,-42
140104769,-597,-1999,2500,-597,0,76.002891540527344,0,-597,-551,-46
140124761,-597,-1999,2500,-597,0,76.464958190917969,0,-597,-548,-49
140144753,-597,-1999,2500,-597,0,76.464958190917969,0,-597,-545,-52
140164745,-597,-1999,2500,-597,0,76.464958190917969,0,-597,-542,-55
140184737,-597,-1999,2500,-597,0,76.464958190917969,0,-597,-538,-59
140204729,-597,-1999,2500,-597,0,76.464958190917969,0,-597,-534,-63
140224721,-615,-1999,2500,-615,0,77.077339172363281,0,-615,-530,-85
140244713,-615,-1999,2500,-615,0,77.077339172363281,0,-615,-525,-90
140264705,-615,-1999,2500,-615,0,77.077339172363281,0,-615,-521,-94
140284697,-615,-1999,2500,-615,0,77.077339172363281,0,-615,-515,-100
140304689,-615,-1999,2500,-615,0,77.077339172363281,0,-615,-509,-106
140324681,-635,-1999,2500,-635,0,77.784500122070312,0,-635,-503,-132
140344673,-635,-1999,2500,-635,0,77.784500122070312,0,-635,-498,-137
140364665,-635,-1999,2500,-635,0,77.784500122070312,0,-635,-494,-141
140384657,-635,-1999,2500,-635,0,77.784500122070312,0,-635,-491,-144
140404649,-635,-1999,2500,-635,0,77.784500122070312,0,-635,-489,-146
140424641,-636,-1999,2500,-636,0,78.32989501953125,0,-636,-488,-148
140444633,-636,-1999,2500,-636,0,78.32989501953125,0,-636,-487,-149
140464625,-636,-1999,2500,-636,0,78.32989501953125,0,-636,-487,-149
140484617,-636,-1999,2500,-636,0,78.32989501953125,0,-636,-487,-149
140504609,-636,-1999,2500,-636,0,78.32989501953125,0,-636,-487,-149
140524601,-633,-1999,2500,-633,0,78.755828857421875,0,-633,-486,-147
140544593,-633,-1999,2500,-633,0,78.755828857421875,0,-633,-486,-147
140564585,-633,-1999,2500,-633,0,78.755828857421875,0,-633,-488,-145
140584577,-633,-1999,2500,-633,0,78.755828857421875,0,-633,-489,-144
140604569,-633,-1999,2500,-633,0,78.755828857421875,0,-633,-491,-142
140624561,-634,-1999,2500,-634,0,79.226264953613281,0,-634,-493,-141
140644553,-634,-1999,2500,-634,0,79.226264953613281,0,-634,-495,-139
140664545,-634,-1999,2500,-634,0,79.226264953613281,0,-634,-500,-134
140684537,-634,-1999,2500,-634,0,79.226264953613281,0,-634,-505,-129
140704529,-634,-1999,2500,-634,0,79.226264953613281,0,-634,-510,-124
140724521,-612,-1999,2500,-612,0,79.55718994140625,0,-612,-515,-97
140744513,-612,-1999,2500,-612,0,79.55718994140625,0,-612,-519,-93
140764505,-612,-1999,2500,-612,0,79.55718994140625,0,-612,-523,-89
140784497,-612,-1999,2500,-612,0,79.55718994140625,0,-612,-526,-86
140804489,-612,-1999,2500,-612,0,79.55718994140625,0,-612,-529,-83
140824481,-581,-1999,2500,-581,0,79.879905700683594,0,-581,-531,-50
140844473,-581,-1999,2500,-581,0,79.879905700683594,0,-581,-534,-47
140864465,-581,-1999,2500,-581,0,79.879905700683594,0,-581,-535,-46
140884457,-581,-1999,2500,-581,0,79.879905700683594,0,-581,-536,-45
140904449,-581,-1999,2500,-581,0,79.879905700683594,0,-581,-536,-45
140924441,-577,-1999,2500,-577,0,80.361122131347656,0,-577,-533,-44
140944433,-577,-1999,2500,-577,0,80.361122131347656,0,-577,-530,-47
140964425,-577,-1999,2500,-577,0,80.361122131347656,0,-577,-527,-50
140984417,-577,-1999,2500,-577,0,80.361122131347656,0,-577,-524,-53
141004409,-577,-1999,2500,-577,0,80.361122131347656,0,-577,-522,-55
141024401,-595,-1999,2500,-595,0,81.068397521972656,0,-595,-519,-76
141044393,-595,-1999,2500,-595,0,81.068397521972656,0,-595,-515,-80
141064385,-595,-1999,2500,-595,0,81.068397521972656,0,-595,-511,-84
141084377,-595,-1999,2500,-595,0,81.068397521972656,0,-595,-508,-87
141104369,-595,-1999,2500,-595,0,81.068397521972656,0,-595,-504,-91
141124361,-605,-1999,2500,-605,0,81.787696838378906,0,-605,-500,-105
141144353,-605,-1999,2500,-605,0,81.787696838378906,0,-605,-496,-109
141164345,-605,-1999,2500,-605,0,81.787696838378906,0,-605,-491,-114
141184337,-605,-1999,2500,-605,0,81.787696838378906,0,-605,-487,-118
141204329,-605,-1999,2500,-605,0,81.787696838378906,0,-605,-483,-122
141224321,-623,-1999,2500,-623,0,82.509284973144531,0,-623,-480,-143
141244313,-623,-1999,2500,-623,0,82.509284973144531,0,-623,-476,-147
141265138,-623,-1999,2500,-623,0,82.509284973144531,0,-623,-473,-150
141285130,-623,-1999,2500,-623,0,82.509284973144531,0,-623,-470,-153
141305122,-623,-1999,2500,-623,0,82.509284973144531,0,-623,-468,-155
141325114,-642,-1999,2500,-642,0,83.211021423339844,0,-642,-466,-176
141345106,-642,-1999,2500,-642,0,83.211021423339844,0,-642,-464,-178
141365098,-642,-1999,2500,-642,0,83.211021423339844,0,-642,-464,-178
141385090,-642,-1999,2500,-642,0,83.211021423339844,0,-642,-465,-177
141405082,-642,-1999,2500,-642,0,83.211021423339844,0,-642,-467,-175
141425074,-623,-1999,2500,-623,0,83.705207824707031,0,-623,-469,-154
141445066,-623,-1999,2500,-623,0,83.705207824707031,0,-623,-471,-152
141465058,-623,-1999,2500,-623,0,83.705207824707031,0,-623,-473,-150
141485050,-623,-1999,2500,-623,0,83.705207824707031,0,-623,-475,-148
141505042,-623,-1999,2500,-623,0,83.705207824707031,0,-623,-478,-145
141525034,-602,-1999,2500,-602,0,84.029212951660156,0,-602,-481,-121
141545026,-602,-1999,2500,-602,0,84.029212951660156,0,-602,-484,-118
141565018,-602,-1999,2500,-602,0,84.029212951660156,0,-602,-486,-116
141585010,-602,-1999,2500,-602,0,84.029212951660156,0,-602,-489,-113
141605002,-602,-1999,2500,-602,0,84.029212951660156,0,-602,-492,-110
141624994,-588,-1999,2500,-588,0,84.344650268554688,0,-588,-494,-94
141644986,-588,-1999,2500,-588,0,84.344650268554688,0,-588,-497,-91
141664978,-588,-1999,2500,-588,0,84.344650268554688,0,-588,-500,-88
141684970,-588,-1999,2500,-588,0,84.344650268554688,0,-588,-504,-84
141704962,-588,-1999,2500,-588,0,84.344650268554688,0,-588,-507,-81
141724954,-588,-1999,2500,-588,0,84.829788208007812,0,-588,-510,-78
141744946,-588,-1999,2500,-588,0,84.829788208007812,0,-588,-513,-75
141764938,-588,-1999,2500,-588,0,84.829788208007812,0,-588,-514,-74
141784930,-588,-1999,2500,-588,0,84.829788208007812,0,-588,-514,-74
141804922,-588,-1999,2500,-588,0,84.829788208007812,0,-588,-512,-76
141824914,-574,-1999,2500,-574,0,85.339340209960938,0,-574,-512,-62
141844906,-574,-1999,2500,-574,0,85.339340209960938,0,-574,-510,-64
141864898,-574,-1999,2500,-574,0,85.339340209960938,0,-574,-508,-66
141884890,-574,-1999,2500,-574,0,85.339340209960938,0,-574,-507,-67
141904882,-574,-1999,2500,-574,0,85.339340209960938,0,-574,-506,-68
141924874,-592,-1999,2500,-592,0,85.990982055664062,0,-592,-504,-88
141944866,-592,-1999,2500,-592,0,85.990982055664062,0,-592,-500,-92
141964858,-592,-1999,2500,-592,0,85.990982055664062,0,-592,-495,-97
141984850,-592,-1999,2500,-592,0,85.990982055664062,0,-592,-490,-102
142004842,-592,-1999,2500,-592,0,85.990982055664062,0,-592,-487,-105
142024834,-601,-1999,2500,-601,0,76.487258911132812,0,-601,-485,-116
142044826,-601,-1999,2500,-601,0,76.487258911132812,0,-601,-483,-118
142064818,-601,-1999,2500,-601,0,76.487258911132812,0,-601,-482,-119
142084810,-601,-1999,2500,-601,0,76.487258911132812,0,-601,-481,-120
142104802,-601,-1999,2500,-601,0,76.487258911132812,0,-601,-479,-122
142124794,-611,-1999,2500,-611,0,66.964103698730469,0,-611,-479,-132
142144786,-611,-1999,2500,-611,0,66.964103698730469,0,-611,-478,-133
142164778,-611,-1999,2500,-611,0,66.964103698730469,0,-611,-477,-134
142184770,-611,-1999,2500,-611,0,66.964103698730469,0,-611,-477,-134
142204762,-611,-1999,2500,-611,0,66.964103698730469,0,-611,-476,-135
142224754,-717,-1999,2500,-717,0,57.431240081787109,0,-717,-475,-242
142244746,-717,-1999,2500,-717,0,57.431240081787109,0,-717,-475,-242
142264738,-717,-1999,2500,-717,0,57.431240081787109,0,-717,-475,-242
142284730,-717,-1999,2500,-717,0,57.431240081787109,0,-717,-475,-242
142304722,-717,-1999,2500,-717,0,57.431240081787109,0,-717,-476,-241
142324714,-855,-1999,2500,-855,0,54.95404052734375,0,-855,-478,-377
142344706,-855,-1999,2500,-855,0,54.95404052734375,0,-855,-480,-375
142364698,-855,-1999,2500,-855,0,54.95404052734375,0,-855,-484,-371
142384690,-855,-1999,2500,-855,0,54.95404052734375,0,-855,-488,-367
142404682,-855,-1999,2500,-855,0,54.95404052734375,0,-855,-494,-361
142424674,-993,-1999,2500,-993,0,57.867767333984375,0,-993,-502,-491
142444666,-993,-1999,2500,-993,0,57.867767333984375,0,-993,-512,-481
142464658,-993,-1999,2500,-993,0,57.867767333984375,0,-993,-525,-468
142484650,-993,-1999,2500,-993,0,57.867767333984375,0,-993,-539,-454
142504642,-993,-1999,2500,-993,0,57.867767333984375,0,-993,-555,-438
142524634,-1132,-1999,2500,-1132,0,61.765445709228516,0,-1132,-572,-560
142544626,-1132,-1999,2500,-1132,0,61.765445709228516,0,-1132,-590,-542
142564618,-1132,-1999,2500,-1132,0,61.765445709228516,0,-1132,-610,-522
142584610,-1132,-1999,2500,-1132,0,61.765445709228516,0,-1132,-632,-500
142604602,-1132,-1999,2500,-1132,0,61.765445709228516,0,-1132,-655,-477
142624594,-1205,-1999,2500,-1205,0,65.431060791015625,0,-1205,-680,-525
142644586,-1205,-1999,2500,-1205,0,65.431060791015625,0,-1205,-706,-499
142664578,-1205,-1999,2500,-1205,0,65.431060791015625,0,-1205,-733,-472
142684570,-1205,-1999,2500,-1205,0,65.431060791015625,0,-1205,-760,-445
142704562,-1205,-1999,2500,-1205,0,65.431060791015625,0,-1205,-789,-416
142724554,-1065,-1999,2500,-1065,0,68.299613952636719,0,-1065,-819,-246
142744546,-1065,-1999,2500,-1065,0,68.299613952636719,0,-1065,-850,-215
142764538,-1065,-1999,2500,-1065,0,68.299613952636719,0,-1065,-881,-184
142784530,-1065,-1999,2500,-1065,0,68.299613952636719,0,-1065,-911,-154
142804522,-1065,-1999,2500,-1065,0,68.299613952636719,0,-1065,-939,-126
142824514,-925,-1999,2500,-925,0,70.445709228515625,0,-925,-965,40
142844506,-925,-1999,2500,-925,0,70.445709228515625,0,-925,-990,65
142864498,-925,-1999,2500,-925,0,70.445709228515625,0,-925,-1014,89
142884490,-925,-1999,2500,-925,0,70.445709228515625,0,-925,-1034,109
142904482,-925,-1999,2500,-925,0,70.445709228515625,0,-925,-1051,126
142924474,-786,-1999,2500,-786,0,72.65277099609375,0,-786,-1065,279
142944466,-786,-1999,2500,-786,0,72.65277099609375,0,-786,-1076,290
142964458,-786,-1999,2500,-786,0,72.65277099609375,0,-786,-1084,298
142984450,-786,-1999,2500,-786,0,72.65277099609375,0,-786,-1089,303
143004442,-786,-1999,2500,-786,0,72.65277099609375,0,-786,-1089,303
143024434,-646,-1999,2500,-646,0,75.05145263671875,0,-646,-1087,441
143044426,-646,-1999,2500,-646,0,75.05145263671875,0,-646,-1079,433
143064418,-646,-1999,2500,-646,0,75.05145263671875,0,-646,-1067,421
143084410,-646,-1999,2500,-646,0,75.05145263671875,0,-646,-1051,405
143104402,-646,-1999,2500,-646,0,75.05145263671875,0,-646,-1031,385
143124394,-589,-1999,2500,-589,0,78.019569396972656,0,-589,-1009,420
143144386,-589,-1999,2500,-589,0,78.019569396972656,0,-589,-985,396
143164378,-589,-1999,2500,-589,0,78.019569396972656,0,-589,-959,370
143184370,-589,-1999,2500,-589,0,78.019569396972656,0,-589,-928,339
143204362,-589,-1999,2500,-589,0,78.019569396972656,0,-589,-897,308
143224354,-620,-1999,2500,-620,0,80.994712829589844,0,-620,-865,245
143244346,-620,-1999,2500,-620,0,80.994712829589844,0,-620,-830,210
143264338,-620,-1999,2500,-620,0,80.994712829589844,0,-620,-794,174
143284330,-620,-1999,2500,-620,0,80.994712829589844,0,-620,-756,136
143304322,-620,-1999,2500,-620,0,80.994712829589844,0,-620,-719,99
143324314,-669,-1999,2500,-669,0,83.661125183105469,0,-669,-682,13
143345139,-669,-1999,2500,-669,0,83.661125183105469,0,-669,-645,-24
143365131,-669,-1999,2500,-669,0,83.661125183105469,0,-669,-610,-59
143385123,-669,-1999,2500,-669,0,83.661125183105469,0,-669,-577,-92
143405115,-669,-1999,2500,-669,0,83.661125183105469,0,-669,-546,-123
143425107,-725,-1999,2500,-725,0,85.49810791015625,0,-725,-519,-206
143445099,-725,-1999,2500,-725,0,85.49810791015625,0,-725,-494,-231
143465091,-725,-1999,2500,-725,0,85.49810791015625,0,-725,-472,-253
143485083,-725,-1999,2500,-725,0,85.49810791015625,0,-725,-453,-272
143505075,-725,-1999,2500,-725,0,85.49810791015625,0,-725,-436,-289
143525067,-731,-1999,2500,-731,0,86.651702880859375,0,-731,-423,-308
143545059,-731,-1999,2500,-731,0,86.651702880859375,0,-731,-413,-318
143565051,-731,-1999,2500,-731,0,86.651702880859375,0,-731,-407,-324
143585043,-731,-1999,2500,-731,0,86.651702880859375,0,-731,-402,-329
143605035,-731,-1999,2500,-731,0,86.651702880859375,0,-731,-400,-331
143625027,-706,-1999,2500,-706,0,86.738655090332031,0,-706,-400,-306
143645019,-706,-1999,2500,-706,0,86.738655090332031,0,-706,-403,-303
143665011,-706,-1999,2500,-706,0,86.738655090332031,0,-706,-409,-297
143685003,-706,-1999,2500,-706,0,86.738655090332031,0,-706,-418,-288
143704995,-706,-1999,2500,-706,0,86.738655090332031,0,-706,-428,-278
143724987,-626,-1999,2500,-626,0,86.502876281738281,0,-626,-440,-186
143744979,-626,-1999,2500,-626,0,86.502876281738281,0,-626,-452,-174
143764971,-626,-1999,2500,-626,0,86.502876281738281,0,-626,-465,-161
143784963,-626,-1999,2500,-626,0,86.502876281738281,0,-626,-477,-149
143804955,-626,-1999,2500,-626,0,86.502876281738281,0,-626,-491,-135
143824947,-538,-1999,2500,-538,0,85.86138916015625,0,-538,-504,-34
143844939,-538,-1999,2500,-538,0,85.86138916015625,0,-538,-518,-20
143864931,-538,-1999,2500,-538,0,85.86138916015625,0,-538,-532,-6
143884923,-538,-1999,2500,-538,0,85.86138916015625,0,-538,-544,6
143904915,-538,-1999,2500,-538,0,85.86138916015625,0,-538,-554,16
143924907,-473,-1999,2500,-473,0,85.596336364746094,0,-473,-562,89
143944899,-473,-1999,2500,-473,0,85.596336364746094,0,-473,-567,94
143964891,-473,-1999,2500,-473,0,85.596336364746094,0,-473,-569,96
143984883,-473,-1999,2500,-473,0,85.596336364746094,0,-473,-571,98
144004875,-473,-1999,2500,-473,0,85.596336364746094,0,-473,-570,97
144024867,-461,-1999,2500,-461,0,85.691452026367188,0,-461,-568,107
144044859,-461,-1999,2500,-461,0,85.691452026367188,0,-461,-565,104
144064851,-461,-1999,2500,-461,0,85.691452026367188,0,-461,-560,99
144084843,-461,-1999,2500,-461,0,85.691452026367188,0,-461,-553,92
144104835,-461,-1999,2500,-461,0,85.691452026367188,0,-461,-544,83
144124827,-481,-1999,2500,-481,0,86.755264282226562,0,-481,-535,54
144144819,-481,-1999,2500,-481,0,86.755264282226562,0,-481,-523,42
144164811,-481,-1999,2500,-481,0,86.755264282226562,0,-481,-510,29
144184803,-481,-1999,2500,-481,0,86.755264282226562,0,-481,-497,16
144204795,-481,-1999,2500,-481,0,86.755264282226562,0,-481,-483,2
144224787,-522,-1999,2500,-522,0,87.76715087890625,0,-522,-469,-53
144244779,-522,-1999,2500,-522,0,87.76715087890625,0,-522,-454,-68
144264771,-522,-1999,2500,-522,0,87.76715087890625,0,-522,-439,-83
144284763,-522,-1999,2500,-522,0,87.76715087890625,0,-522,-425,-97
144304755,-522,-1999,2500,-522,0,87.76715087890625,0,-522,-411,-111
144324747,-569,-1999,2500,-569,0,88.746604919433594,0,-569,-399,-170
144344739,-569,-1999,2500,-569,0,88.746604919433594,0,-569,-389,-180
144364731,-569,-1999,2500,-569,0,88.746604919433594,0,-569,-381,-188
144384723,-569,-1999,2500,-569,0,88.746604919433594,0,-569,-374,-195
144404715,-569,-1999,2500,-569,0,88.746604919433594,0,-569,-368,-201
144424707,-585,-1999,2500,-585,0,89.174140930175781,0,-585,-362,-223
144444699,-585,-1999,2500,-585,0,89.174140930175781,0,-585,-358,-227
144464691,-585,-1999,2500,-585,0,89.174140930175781,0,-585,-355,-230
144484683,-585,-1999,2500,-585,0,89.174140930175781,0,-585,-353,-232
144504675,-585,-1999,2500,-585,0,89.174140930175781,0,-585,-353,-232
144524667,-559,-1999,2500,-559,0,89.656448364257812,0,-559,-353,-206
144544659,-559,-1999,2500,-559,0,89.656448364257812,0,-559,-354,-205
144564651,-559,-1999,2500,-559,0,89.656448364257812,0,-559,-356,-203
144584643,-559,-1999,2500,-559,0,89.656448364257812,0,-559,-360,-199
144604635,-559,-1999,2500,-559,0,89.656448364257812,0,-559,-364,-195
144624627,-536,-1999,2500,-536,0,89.478050231933594,0,-536,-370,-166
144644619,-536,-1999,2500,-536,0,89.478050231933594,0,-536,-376,-160
144664611,-536,-1999,2500,-536,0,89.478050231933594,0,-536,-383,-153
144684603,-536,-1999,2500,-536,0,89.478050231933594,0,-536,-390,-146
144704595,-536,-2000,2500,-536,0,89.478050231933594,0,-536,-397,-139
144724587,-492,-1999,2500,-492,0,89.184440612792969,0,-492,-404,-88
144744579,-492,-1999,2500,-492,0,89.184440612792969,0,-492,-410,-82
144764571,-492,-1999,2500,-492,0,89.184440612792969,0,-492,-417,-75
144784563,-492,-1999,2500,-492,0,89.184440612792969,0,-492,-423,-69
144804555,-492,-1999,2500,-492,0,89.184440612792969,0,-492,-429,-63
144824547,-457,-1999,2500,-457,0,89.03668212890625,0,-457,-435,-22
144844539,-457,-1999,2500,-457,0,89.03668212890625,0,-457,-439,-18
144864531,-457,-1999,2500,-457,0,89.03668212890625,0,-457,-442,-15
144884523,-457,-1999,2500,-457,0,89.03668212890625,0,-457,-443,-14
144904515,-457,-1999,2500,-457,0,89.03668212890625,0,-457,-442,-15
144924507,-453,-1999,2500,-453,0,89.421684265136719,0,-453,-439,-14
144944499,-453,-1999,2500,-453,0,89.421684265136719,0,-453,-435,-18
144964491,-453,-1999,2500,-453,0,89.421684265136719,0,-453,-431,-22
144984483,-453,-1999,2500,-453,0,89.421684265136719,0,-453,-427,-26
145004475,-453,-1999,2500,-453,0,89.421684265136719,0,-453,-424,-29
145024467,-468,-1999,2500,-468,0,89.704254150390625,0,-468,-421,-47
145044459,-468,-1999,2500,-468,0,89.704254150390625,0,-468,-419,-49
145064451,-468,-1999,2500,-468,0,89.704254150390625,0,-468,-416,-52
145084443,-468,-1999,2500,-468,0,89.704254150390625,0,-468,-412,-56
145104435,-468,-1999,2500,-468,0,89.704254150390625,0,-468,-407,-61
145124427,-473,-1999,2500,-473,0,90.417442321777344,0,-473,-402,-71
145144419,-473,-1999,2500,-473,0,90.417442321777344,0,-473,-397,-76
145164411,-473,-1999,2500,-473,0,90.417442321777344,0,-473,-391,-82
145184403,-473,-1999,2500,-473,0,90.417442321777344,0,-473,-384,-89
145204395,-473,-1999,2500,-473,0,90.417442321777344,0,-473,-379,-94
145224387,-487,-1999,2500,-487,0,90.550865173339844,0,-487,-373,-114
145244379,-487,-1999,2500,-487,0,90.550865173339844,0,-487,-367,-120
145264371,-487,-1999,2500,-487,0,90.550865173339844,0,-487,-361,-126
145284363,-487,-1999,2500,-487,0,90.550865173339844,0,-487,-357,-130
145304355,-487,-1999,2500,-487,0,90.550865173339844,0,-487,-355,-132
145324347,-495,-1999,2500,-495,0,90.911766052246094,0,-495,-353,-142
145344339,-495,-1999,2500,-495,0,90.911766052246094,0,-495,-351,-144
145364331,-495,-1999,2500,-495,0,90.911766052246094,0,-495,-349,-146
145384323,-495,-1999,2500,-495,0,90.911766052246094,0,-495,-347,-148
145404315,-495,-1999,2500,-495,0,90.911766052246094,0,-495,-346,-149
145425140,-480,-1999,2500,-480,0,90.915885925292969,0,-480,-346,-134
145445132,-480,-1999,2500,-480,0,90.915885925292969,0,-480,-346,-134
145465124,-480,-1999,2500,-480,0,90.915885925292969,0,-480,-347,-133
145485116,-480,-1999,2500,-480,0,90.915885925292969,0,-480,-348,-132
145505108,-480,-1999,2500,-480,0,90.915885925292969,0,-480,-351,-129
145525100,-487,-1999,2500,-487,0,91.217727661132812,0,-487,-352,-135
145545092,-487,-1999,2500,-487,0,91.217727661132812,0,-487,-354,-133
145565084,-487,-1999,2500,-487,0,91.217727661132812,0,-487,-357,-130
145585076,-487,-1999,2500,-487,0,91.217727661132812,0,-487,-361,-126
145605068,-487,-1999,2500,-487,0,91.217727661132812,0,-487,-365,-122
145625060,-457,-1999,2500,-457,0,90.907890319824219,0,-457,-370,-87
145645052,-457,-1999,2500,-457,0,90.907890319824219,0,-457,-371,-86
145665044,-457,-1999,2500,-457,0,90.907890319824219,0,-457,-373,-84
145685036,-457,-1999,2500,-457,0,90.907890319824219,0,-457,-375,-82
145705028,-457,-1999,2500,-457,0,90.907890319824219,0,-457,-377,-80
145725020,-444,-1999,2500,-444,0,90.794418334960938,0,-444,-379,-65
145745012,-444,-1999,2500,-444,0,90.794418334960938,0,-444,-381,-63
145765004,-444,-1999,2500,-444,0,90.794418334960938,0,-444,-381,-63
145784996,-444,-1999,2500,-444,0,90.794418334960938,0,-444,-382,-62
145804988,-444,-1999,2500,-444,0,90.794418334960938,0,-444,-383,-61
145824980,-450,-1999,2500,-450,0,90.988800048828125,0,-450,-384,-66
145844972,-450,-1999,2500,-450,0,90.988800048828125,0,-450,-385,-65
145864964,-450,-1999,2500,-450,0,90.988800048828125,0,-450,-386,-64
145884956,-450,-1999,2500,-450,0,90.988800048828125,0,-450,-384,-66
145904948,-450,-1999,2500,-450,0,90.988800048828125,0,-450,-381,-69
145924940,-452,-1999,2500,-452,0,91.176780700683594,0,-452,-377,-75
145944932,-452,-1999,2500,-452,0,91.176780700683594,0,-452,-372,-80
145964924,-452,-1999,2500,-452,0,91.176780700683594,0,-452,-367,-85
145984916,-452,-1999,2500,-452,0,91.176780700683594,0,-452,-363,-89
146004908,-452,-1999,2500,-452,0,91.176780700683594,0,-452,-358,-94
146024900,-477,-1999,2500,-477,0,91.256095886230469,0,-477,-354,-123
146044892,-477,-1999,2500,-477,0,91.256095886230469,0,-477,-352,-125
146064884,-477,-1999,2500,-477,0,91.256095886230469,0,-477,-350,-127
146084876,-477,-1999,2500,-477,0,91.256095886230469,0,-477,-349,-128
146104868,-477,-1999,2500,-477,0,91.256095886230469,0,-477,-349,-128
146124860,-476,-1999,2500,-476,0,91.625152587890625,0,-476,-348,-128
146144852,-476,-1999,2500,-476,0,91.625152587890625,0,-476,-348,-128
146164844,-476,-1999,2500,-476,0,91.625152587890625,0,-476,-349,-127
146184836,-476,-1999,2500,-476,0,91.625152587890625,0,-476,-350,-126
146204828,-476,-1999,2500,-476,0,91.625152587890625,0,-476,-351,-125
146224820,-479,-1999,2500,-479,0,91.734397888183594,0,-479,-353,-126
146244812,-479,-1999,2500,-479,0,91.734397888183594,0,-479,-355,-124
146264804,-479,-1999,2500,-479,0,91.734397888183594,0,-479,-356,-123
146284796,-479,-1999,2500,-479,0,91.734397888183594,0,-479,-357,-122
146304788,-479,-1999,2500,-479,0,91.734397888183594,0,-479,-357,-122
146324780,-462,-1999,2500,-462,0,91.452911376953125,0,-462,-357,-105
146344772,-462,-1999,2500,-462,0,91.452911376953125,0,-462,-357,-105
146364764,-462,-1999,2500,-462,0,91.452911376953125,0,-462,-357,-105
146384756,-462,-1999,2500,-462,0,91.452911376953125,0,-462,-356,-106
146404748,-462,-1999,2500,-462,0,91.452911376953125,0,-462,-356,-106
146424740,-469,-1999,2500,-469,0,91.675346374511719,0,-469,-356,-113
146444732,-469,-1999,2500,-469,0,91.675346374511719,0,-469,-356,-113
146464724,-469,-1999,2500,-469,0,91.675346374511719,0,-469,-356,-113
146484716,-469,-1999,2500,-469,0,91.675346374511719,0,-469,-357,-112
146504708,-469,-1999,2500,-469,0,91.675346374511719,0,-469,-358,-111
146524700,-470,-1999,2500,-470,0,91.522613525390625,0,-470,-360,-110
146544692,-470,-1999,2500,-470,0,91.522613525390625,0,-470,-360,-110
146564684,-470,-1999,2500,-470,0,91.522613525390625,0,-470,-360,-110
146584676,-470,-1999,2500,-470,0,91.522613525390625,0,-470,-360,-110
146604668,-470,-1999,2500,-470,0,91.522613525390625,0,-470,-362,-108
146624660,-467,-1999,2500,-467,0,91.886123657226562,0,-467,-362,-105
146644652,-467,-1999,2500,-467,0,91.886123657226562,0,-467,-362,-105
146664644,-467,-1999,2500,-467,0,91.886123657226562,0,-467,-362,-105
146684636,-467,-1999,2500,-467,0,91.886123657226562,0,-467,-362,-105
146704628,-467,-1999,2500,-467,0,91.886123657226562,0,-467,-361,-106
146724620,-463,-1999,2500,-463,0,91.636688232421875,0,-463,-362,-101
146744612,-463,-1999,2500,-463,0,91.636688232421875,0,-463,-363,-100
146764604,-463,-1999,2500,-463,0,91.636688232421875,0,-463,-365,-98
146784596,-463,-1999,2500,-463,0,91.636688232421875,0,-463,-365,-98
146804588,-463,-1999,2500,-463,0,91.636688232421875,0,-463,-364,-99
146824580,-460,-1999,2500,-460,0,92.057594299316406,0,-460,-363,-97
146844572,-460,-1999,2500,-460,0,92.057594299316406,0,-460,-363,-97
146864564,-460,-1999,2500,-460,0,92.057594299316406,0,-460,-364,-96
146884556,-460,-1999,2500,-460,0,92.057594299316406,0,-460,-363,-97
146904548,-460,-1999,2500,-460,0,92.057594299316406,0,-460,-361,-99
146924540,-467,-1999,2500,-467,0,92.022750854492188,0,-467,-357,-110
146944532,-467,-1999,2500,-467,0,92.022750854492188,0,-467,-355,-112
146964524,-467,-1999,2500,-467,0,92.022750854492188,0,-467,-352,-115
146984516,-467,-1999,2500,-467,0,92.022750854492188,0,-467,-351,-116
147004508,-467,-1999,2500,-467,0,92.022750854492188,0,-467,-350,-117
147024500,-476,-1999,2500,-476,0,92.085250854492188,0,-476,-349,-127
147044492,-476,-1999,2500,-476,0,92.085250854492188,0,-476,-349,-127
147064484,-476,-1999,2500,-476,0,92.085250854492188,0,-476,-349,-127
147084476,-476,-1999,2500,-476,0,92.085250854492188,0,-476,-349,-127
147104468,-476,-1999,2500,-476,0,92.085250854492188,0,-476,-351,-125
147124460,-484,-1999,2500,-484,0,92.499603271484375,0,-484,-351,-133
147144452,-484,-1999,2500,-484,0,92.499603271484375,0,-484,-351,-133
147164444,-484,-1999,2500,-484,0,92.499603271484375,0,-484,-351,-133
147184436,-484,-1999,2500,-484,0,92.499603271484375,0,-484,-351,-133
147204428,-484,-1999,2500,-484,0,92.499603271484375,0,-484,-351,-133
147224420,-473,-1999,2500,-473,0,92.409629821777344,0,-473,-353,-120
147244412,-473,-1999,2500,-473,0,92.409629821777344,0,-473,-357,-116
147264404,-473,-1999,2500,-473,0,92.409629821777344,0,-473,-361,-112
147284396,-473,-1999,2500,-473,0,92.409629821777344,0,-473,-364,-109
147304388,-473,-1999,2500,-473,0,92.409629821777344,0,-473,-367,-106
147324380,-454,-1999,2500,-454,0,92.5960693359375,0,-454,-371,-83
147344372,-454,-1999,2500,-454,0,92.5960693359375,0,-454,-374,-80
147364364,-454,-1999,2500,-454,0,92.5960693359375,0,-454,-377,-77
147384356,-454,-1999,2500,-454,0,92.5960693359375,0,-454,-379,-75
147404348,-454,-1999,2500,-454,0,92.5960693359375,0,-454,-381,-73
147424340,-428,-1999,2500,-428,0,92.4383544921875,0,-428,-383,-45
147444332,-428,-2000,2500,-428,0,92.4383544921875,0,-428,-384,-44
147464324,-428,-1999,2500,-428,0,92.4383544921875,0,-428,-384,-44
147484316,-428,-1999,2500,-428,0,92.4383544921875,0,-428,-383,-45
147505141,-428,-1999,2500,-428,0,92.4383544921875,0,-428,-382,-46
147525133,-433,-1999,2500,-433,0,92.234550476074219,0,-433,-380,-53
147545125,-433,-1999,2500,-433,0,92.234550476074219,0,-433,-379,-54
147565117,-433,-1999,2500,-433,0,92.234550476074219,0,-433,-377,-56
147585109,-433,-1999,2500,-433,0,92.234550476074219,0,-433,-375,-58
147605101,-433,-1999,2500,-433,0,92.234550476074219,0,-433,-372,-61
147625093,-455,-1999,2500,-455,0,92.681327819824219,0,-455,-368,-87
147645085,-455,-1999,2500,-455,0,92.681327819824219,0,-455,-365,-90
147665077,-455,-1999,2500,-455,0,92.681327819824219,0,-455,-363,-92
147685069,-455,-1999,2500,-455,0,92.681327819824219,0,-455,-360,-95
147705061,-455,-1999,2500,-455,0,92.681327819824219,0,-455,-359,-96
147725053,-463,-1999,2500,-463,0,93.141105651855469,0,-463,-357,-106
147745045,-463,-1999,2500,-463,0,93.141105651855469,0,-463,-355,-108
147765037,-463,-1999,2500,-463,0,93.141105651855469,0,-463,-353,-110
147785029,-463,-1999,2500,-463,0,93.141105651855469,0,-463,-351,-112
147805021,-463,-1999,2500,-463,0,93.141105651855469,0,-463,-351,-112
147825013,-462,-1999,2500,-462,0,92.948020935058594,0,-462,-350,-112
147845005,-462,-1999,2500,-462,0,92.948020935058594,0,-462,-350,-112
147864997,-462,-2000,2500,-462,0,92.948020935058594,0,-462,-351,-111
147884989,-462,-1999,2500,-462,0,92.948020935058594,0,-462,-351,-111
147904981,-462,-1999,2500,-462,0,92.948020935058594,0,-462,-351,-111
147924973,-449,-1999,2500,-449,0,92.857490539550781,0,-449,-352,-97
147944965,-449,-1999,2500,-449,0,92.857490539550781,0,-449,-352,-97
147964957,-449,-1999,2500,-449,0,92.857490539550781,0,-449,-350,-99
147984949,-449,-1999,2500,-449,0,92.857490539550781,0,-449,-349,-100
148004941,-449,-1999,2500,-449,0,92.857490539550781,0,-449,-348,-101
148024933,-452,-1999,2500,-452,0,92.769935607910156,0,-452,-347,-105
148044925,-452,-1999,2500,-452,0,92.769935607910156,0,-452,-344,-108
148064917,-452,-1999,2500,-452,0,92.769935607910156,0,-452,-342,-110
148084909,-452,-1999,2500,-452,0,92.769935607910156,0,-452,-341,-111
148104901,-452,-1999,2500,-452,0,92.769935607910156,0,-452,-341,-111
148124893,-453,-1999,2500,-453,0,92.890953063964844,0,-453,-342,-111
148144885,-453,-1999,2500,-453,0,92.890953063964844,0,-453,-343,-110
148164877,-453,-1999,2500,-453,0,92.890953063964844,0,-453,-344,-109
148184869,-453,-1999,2500,-453,0,92.890953063964844,0,-453,-345,-108
148204861,-453,-1999,2500,-453,0,92.890953063964844,0,-453,-345,-108
148224853,-458,-1999,2500,-458,0,92.776893615722656,0,-458,-343,-115
148244845,-458,-1999,2500,-458,0,92.776893615722656,0,-458,-344,-114
148264837,-458,-1999,2500,-458,0,92.776893615722656,0,-458,-345,-113
148284829,-458,-1999,2500,-458,0,92.776893615722656,0,-458,-347,-111
148304821,-458,-1999,2500,-458,0,92.776893615722656,0,-458,-348,-110
148324813,-454,-1999,2500,-454,0,92.285964965820312,0,-454,-350,-104
148344805,-454,-1999,2500,-454,0,92.285964965820312,0,-454,-350,-104
148364797,-454,-1999,2500,-454,0,92.285964965820312,0,-454,-352,-102
148384789,-454,-1999,2500,-454,0,92.285964965820312,0,-454,-354,-100
148404781,-454,-1999,2500,-454,0,92.285964965820312,0,-454,-355,-99
148424773,-448,-1999,2500,-448,0,92.729339599609375,0,-448,-356,-92
148444765,-448,-1999,2500,-448,0,92.729339599609375,0,-448,-356,-92
148464757,-448,-1999,2500,-448,0,92.729339599609375,0,-448,-356,-92
148484749,-448,-1999,2500,-448,0,92.729339599609375,0,-448,-358,-90
148504741,-448,-1999,2500,-448,0,92.729339599609375,0,-448,-359,-89
148524733,-435,-1999,2500,-435,0,92.157157897949219,0,-435,-361,-74
148544725,-435,-1999,2500,-435,0,92.157157897949219,0,-435,-364,-71
148564717,-435,-1999,2500,-435,0,92.157157897949219,0,-435,-367,-68
148584709,-435,-1999,2500,-435,0,92.157157897949219,0,-435,-369,-66
148604701,-435,-1999,2500,-435,0,92.157157897949219,0,-435,-369,-66
148624693,-425,-1999,2500,-425,0,92.24755859375,0,-425,-369,-56
148644685,-425,-1999,2500,-425,0,92.24755859375,0,-425,-368,-57
148664677,-425,-1999,2500,-425,0,92.24755859375,0,-425,-365,-60
148684669,-425,-1999,2500,-425,0,92.24755859375,0,-425,-362,-63
148704661,-425,-1999,2500,-425,0,92.24755859375,0,-425,-358,-67
148724653,-443,-1999,2500,-443,0,92.259918212890625,0,-443,-355,-88
148744645,-443,-1999,2500,-443,0,92.259918212890625,0,-443,-352,-91
148764637,-443,-1999,2500,-443,0,92.259918212890625,0,-443,-349,-94
148784629,-443,-1999,2500,-443,0,92.259918212890625,0,-443,-346,-97
148804621,-443,-1999,2500,-443,0,92.259918212890625,0,-443,-343,-100
148824613,-464,-1999,2500,-464,0,92.473648071289062,0,-464,-341,-123
148844605,-464,-1999,2500,-464,0,92.473648071289062,0,-464,-340,-124
148864597,-464,-1999,2500,-464,0,92.473648071289062,0,-464,-338,-126
148884589,-464,-1999,2500,-464,0,92.473648071289062,0,-464,-337,-127
148904581,-464,-1999,2500,-464,0,92.473648071289062,0,-464,-336,-128
148924573,-468,-1999,2500,-468,0,92.401527404785156,0,-468,-334,-134
148944565,-468,-1999,2500,-468,0,92.401527404785156,0,-468,-332,-136
148964557,-468,-2000,2500,-468,0,92.401527404785156,0,-468,-331,-137
148984549,-468,-1999,2500,-468,0,92.401527404785156,0,-468,-330,-138
149004541,-468,-1999,2500,-468,0,92.401527404785156,0,-468,-330,-138
149024533,-458,-1999,2500,-458,0,92.628616333007812,0,-458,-330,-128
149044525,-458,-1999,2500,-458,0,92.628616333007812,0,-458,-332,-126
149064517,-458,-1999,2500,-458,0,92.628616333007812,0,-458,-334,-124
149084509,-458,-1999,2500,-458,0,92.628616333007812,0,-458,-337,-121
149104501,-458,-1999,2500,-458,0,92.628616333007812,0,-458,-340,-118
149124493,-450,-1999,2500,-450,0,92.472145080566406,0,-450,-342,-108
149144485,-450,-1999,2500,-450,0,92.472145080566406,0,-450,-345,-105
149164477,-450,-1999,2500,-450,0,92.472145080566406,0,-450,-348,-102
149184469,-450,-1999,2500,-450,0,92.472145080566406,0,-450,-350,-100
149204461,-450,-1999,2500,-450,0,92.472145080566406,0,-450,-351,-99
149224453,-436,-1999,2500,-436,0,92.350074768066406,0,-436,-354,-82
149244445,-436,-1999,2500,-436,0,92.350074768066406,0,-436,-356,-80
149264437,-436,-1999,2500,-436,0,92.350074768066406,0,-436,-357,-79
149284429,-436,-1999,2500,-436,0,92.350074768066406,0,-436,-358,-78
149304421,-436,-1999,2500,-436,0,92.350074768066406,0,-436,-359,-77
149324413,-438,-1999,2500,-438,0,92.397132873535156,0,-438,-359,-79
149344405,-438,-1999,2500,-438,0,92.397132873535156,0,-438,-359,-79
149364397,-438,-1999,2500,-438,0,92.397132873535156,0,-438,-359,-79
149384389,-438,-1999,2500,-438,0,92.397132873535156,0,-438,-359,-79
149404381,-438,-1999,2500,-438,0,92.397132873535156,0,-438,-358,-80
149424373,-435,-1999,2500,-435,0,92.062545776367188,0,-435,-358,-77
149444365,-435,-1999,2500,-435,0,92.062545776367188,0,-435,-359,-76
149464357,-435,-1999,2500,-435,0,92.062545776367188,0,-435,-361,-74
149484349,-435,-1999,2500,-435,0,92.062545776367188,0,-435,-362,-73
149504341,-435,-1999,2500,-435,0,92.062545776367188,0,-435,-364,-71
149524333,-435,-1999,2500,-435,0,92.446136474609375,0,-435,-364,-71
149544325,-435,-1999,2500,-435,0,92.446136474609375,0,-435,-365,-70
149564317,-435,-1999,2500,-435,0,92.446136474609375,0,-435,-365,-70
149585142,-435,-1999,2500,-435,0,92.446136474609375,0,-435,-364,-71
149605134,-435,-1999,2500,-435,0,92.446136474609375,0,-435,-362,-73
149625126,-431,-1999,2500,-431,0,92.543289184570312,0,-431,-359,-72
149645118,-431,-1999,2500,-431,0,92.543289184570312,0,-431,-355,-76
149665110,-431,-1999,2500,-431,0,92.543289184570312,0,-431,-352,-79
149685102,-431,-1999,2500,-431,0,92.543289184570312,0,-431,-349,-82
149705094,-431,-1999,2500,-431,0,92.543289184570312,0,-431,-347,-84
149725086,-428,-1999,2500,-428,0,92.415252685546875,0,-428,-345,-83
149745078,-428,-1999,2500,-428,0,92.415252685546875,0,-428,-342,-86
149765070,-428,-1999,2500,-428,0,92.415252685546875,0,-428,-339,-89
149785062,-428,-1999,2500,-428,0,92.415252685546875,0,-428,-337,-91
149805054,-428,-1999,2500,-428,0,92.415252685546875,0,-428,-334,-94
149825046,-444,-1999,2500,-444,0,92.400421142578125,0,-444,-332,-112
149845038,-444,-1999,2500,-444,0,92.400421142578125,0,-444,-331,-113
149865030,-444,-1999,2500,-444,0,92.400421142578125,0,-444,-331,-113
149885022,-444,-1999,2500,-444,0,92.400421142578125,0,-444,-330,-114
149905014,-444,-1999,2500,-444,0,92.400421142578125,0,-444,-330,-114
149925006,-445,-1999,2500,-445,0,92.344871520996094,0,-445,-332,-113
149944998,-445,-1999,2500,-445,0,92.344871520996094,0,-445,-336,-109
149964990,-445,-1999,2500,-445,0,92.344871520996094,0,-445,-339,-106
149984982,-445,-1999,2500,-445,0,92.344871520996094,0,-445,-341,-104
150004974,-445,-1999,2500,-445,0,92.344871520996094,0,-445,-341,-104
150024966,-434,-1999,2500,-434,0,92.261306762695312,0,-434,-342,-92
150044958,-434,-1999,2500,-434,0,92.261306762695312,0,-434,-342,-92
150064950,-434,-1999,2500,-434,0,92.261306762695312,0,-434,-344,-90
150084942,-434,-1999,2500,-434,0,92.261306762695312,0,-434,-346,-88
150104934,-434,-1999,2500,-434,0,92.261306762695312,0,-434,-348,-86
150124926,-396,-1999,2500,-396,0,92.347061157226562,0,-396,-350,-46
150144918,-396,-1999,2500,-396,0,92.347061157226562,0,-396,-351,-45
150164910,-396,-1999,2500,-396,0,92.347061157226562,0,-396,-351,-45
150184902,-396,-1999,2500,-396,0,92.347061157226562,0,-396,-349,-47
150204894,-396,-1999,2500,-396,0,92.347061157226562,0,-396,-347,-49
150224886,-343,-1999,2500,-343,0,92.677558898925781,0,-343,-344,1
150244878,-343,-1999,2500,-343,0,92.677558898925781,0,-343,-341,-2
150264870,-343,-1999,2500,-343,0,92.677558898925781,0,-343,-340,-3
150284862,-343,-1999,2500,-343,0,92.677558898925781,0,-343,-339,-4
150304854,-343,-1999,2500,-343,0,92.677558898925781,0,-343,-338,-5
150324846,-318,-1999,2500,-318,0,92.708030700683594,0,-318,-337,19
150344838,-318,-1999,2500,-318,0,92.708030700683594,0,-318,-337,19
150364830,-318,-1998,2500,-318,0,92.708030700683594,0,-318,-335,17
150384822,-318,-1998,2500,-318,0,92.708030700683594,0,-318,-331,13
150404814,-318,-1998,2500,-318,0,92.708030700683594,0,-318,-326,8
150424806,-283,-1997,2500,-283,0,93.0892333984375,0,-283,-320,37
150444798,-283,-1997,2500,-283,0,93.0892333984375,0,-283,-313,30
150464790,-283,-1996,2500,-283,0,93.0892333984375,0,-283,-304,21
150484782,-283,-1995,2500,-283,0,93.0892333984375,0,-283,-295,12
150504774,-283,-1995,2500,-283,0,93.0892333984375,0,-283,-286,3
150524766,-275,-1994,2500,-275,0,93.558639526367188,0,-275,-277,2
150544758,-275,-1994,2500,-275,0,93.558639526367188,0,-275,-268,-7
150564750,-275,-1993,2500,-275,0,93.558639526367188,0,-275,-261,-14
150584742,-275,-1993,2500,-275,0,93.558639526367188,0,-275,-254,-21
150604734,-275,-1992,2500,-275,0,93.558639526367188,0,-275,-245,-30
150624726,-266,-1992,2500,-266,0,94.106117248535156,0,-266,-235,-31
150644718,-266,-1991,2500,-266,0,94.106117248535156,0,-266,-226,-40
150664710,-266,-1991,2500,-266,0,94.106117248535156,0,-266,-216,-50
150684702,-266,-1991,2500,-266,0,94.106117248535156,0,-266,-207,-59
150704694,-266,-1990,2500,-266,0,94.106117248535156,0,-266,-199,-67
150724686,-253,-1990,2500,-253,0,94.593795776367188,0,-253,-190,-63
150744678,-253,-1990,2500,-253,0,94.593795776367188,0,-253,-182,-71
150764670,-253,-1990,2500,-253,0,94.593795776367188,0,-253,-176,-77
150784662,-253,-1990,2500,-253,0,94.593795776367188,0,-253,-169,-84
150804654,-253,-1990,2500,-253,0,94.593795776367188,0,-253,-163,-90
150824646,-231,-1989,2500,-231,0,94.585052490234375,0,-231,-158,-73
150844638,-231,-1989,2500,-231,0,94.585052490234375,0,-231,-153,-78
150864630,-231,-1989,2500,-231,0,94.585052490234375,0,-231,-149,-82
150884622,-231,-1990,2500,-231,0,94.585052490234375,0,-231,-144,-87
150904614,-231,-1990,2500,-231,0,94.585052490234375,0,-231,-140,-91
150924606,-202,-1990,2500,-202,0,94.562797546386719,0,-202,-137,-65
150944598,-202,-1990,2500,-202,0,94.562797546386719,0,-202,-136,-66
150964590,-202,-1990,2500,-202,0,94.562797546386719,0,-202,-135,-67
150984582,-202,-1990,2500,-202,0,94.562797546386719,0,-202,-135,-67
151004574,-202,-1990,2500,-202,0,94.562797546386719,0,-202,-134,-68
151024566,-149,-1990,2500,-149,0,94.596931457519531,0,-149,-133,-16
151044558,-149,-1990,2500,-149,0,94.596931457519531,0,-149,-132,-17
151064550,-149,-1991,2500,-149,0,94.596931457519531,0,-149,-131,-18
151084542,-149,-1991,2500,-149,0,94.596931457519531,0,-149,-130,-19
151104534,-149,-1991,2500,-149,0,94.596931457519531,0,-149,-129,-20
151124526,-104,-1991,2500,-104,0,94.188346862792969,0,-104,-126,22
151144518,-104,-1991,2500,-104,0,94.188346862792969,0,-104,-123,19
151164510,-104,-1991,2500,-104,0,94.188346862792969,0,-104,-119,15
151184502,-104,-1991,2500,-104,0,94.188346862792969,0,-104,-115,11
151204494,-104,-1992,2500,-104,0,94.188346862792969,0,-104,-109,5
151224486,-91,-1992,2500,-91,0,94.222259521484375,0,-91,-102,11
151244478,-91,-1992,2500,-91,0,94.222259521484375,0,-91,-94,3
151264470,-91,-1992,2500,-91,0,94.222259521484375,0,-91,-87,-4
151284462,-91,-1992,2500,-91,0,94.222259521484375,0,-91,-79,-12
151304454,-91,-1992,2500,-91,0,94.222259521484375,0,-91,-72,-19
151324446,-94,-1992,2500,-94,0,94.2083740234375,0,-94,-65,-29
151344438,-94,-1992,2500,-94,0,94.2083740234375,0,-94,-59,-35
151364430,-94,-1992,2500,-94,0,94.2083740234375,0,-94,-53,-41
151384422,-94,-1992,2500,-94,0,94.2083740234375,0,-94,-48,-46
151404414,-94,-1992,2500,-94,0,94.2083740234375,0,-94,-44,-50
151424406,-101,-1992,2500,-101,0,94.589683532714844,0,-101,-40,-61
151444398,-101,-1992,2500,-101,0,94.589683532714844,0,-101,-38,-63
151464390,-101,-1992,2500,-101,0,94.589683532714844,0,-101,-36,-65
151484382,-101,-1992,2500,-101,0,94.589683532714844,0,-101,-34,-67
151504374,-101,-1992,2500,-101,0,94.589683532714844,0,-101,-31,-70
151524366,-69,-1992,2500,-69,0,94.834663391113281,0,-69,-27,-42
151544358,-69,-1992,2500,-69,0,94.834663391113281,0,-69,-23,-46
151564350,-69,-1992,2500,-69,0,94.834663391113281,0,-69,-19,-50
151584342,-69,-1992,2500,-69,0,94.834663391113281,0,-69,-14,-55
151604334,-69,-1992,2500,-69,0,94.834663391113281,0,-69,-9,-60
151624326,-45,-1992,2500,-45,0,94.991813659667969,0,-45,-3,-42
151644318,-45,-1992,2500,-45,0,94.991813659667969,0,-45,0,-45
151664310,-45,-1992,2500,-45,0,94.991813659667969,0,-45,4,-49
151685135,-45,-1992,2500,-45,0,94.991813659667969,0,-45,6,-51
151705127,-45,-1992,2500,-45,0,94.991813659667969,0,-45,7,-52
151725119,-33,-1992,2500,-33,0,94.865104675292969,0,-33,9,-42
151745111,-33,-1992,2500,-33,0,94.865104675292969,0,-33,12,-45
151765103,-33,-1992,2500,-33,0,94.865104675292969,0,-33,14,-47
151785095,-33,-1992,2500,-33,0,94.865104675292969,0,-33,17,-50
151805087,-33,-1992,2500,-33,0,94.865104675292969,0,-33,19,-52
151825079,2,-1992,2500,2,0,95.244842529296875,0,2,22,-20
151845071,2,-1992,2500,2,0,95.244842529296875,0,2,25,-23
151865063,2,-1992,2500,2,0,95.244842529296875,0,2,27,-25
151885055,2,-1992,2500,2,0,95.244842529296875,0,2,30,-28
151905047,2,-1992,2500,2,0,95.244842529296875,0,2,33,-31
151925039,15,-1992,2500,15,0,95.035354614257812,0,15,36,-21
151945031,15,-1992,2500,15,0,95.035354614257812,0,15,39,-24
151965023,15,-1992,2500,15,0,95.035354614257812,0,15,40,-25
151985015,15,-1992,2500,15,0,95.035354614257812,0,15,43,-28
152005007,15,-1992,2500,15,0,95.035354614257812,0,15,48,-33
152024999,27,-1992,2500,27,0,95.003746032714844,0,27,53,-26
152044991,27,-1992,2500,27,0,95.003746032714844,0,27,58,-31
152064983,27,-1992,2500,27,0,95.003746032714844,0,27,63,-36
152084975,27,-1992,2500,27,0,95.003746032714844,0,27,67,-40
152104967,27,-1992,2500,27,0,95.003746032714844,0,27,71,-44
152124959,42,-1992,2500,42,0,95.177200317382812,0,42,75,-33
152144951,42,-1992,2500,42,0,95.177200317382812,0,42,79,-37
152164943,42,-1992,2500,42,0,95.177200317382812,0,42,82,-40
152184935,42,-1992,2500,42,0,95.177200317382812,0,42,84,-42
152204927,42,-1992,2500,42,0,95.177200317382812,0,42,86,-44
152224919,44,-1992,2500,44,0,95.214569091796875,0,44,88,-44
152244911,44,-1992,2500,44,0,95.214569091796875,0,44,90,-46
152264903,44,-1992,2500,44,0,95.214569091796875,0,44,92,-48
152284895,44,-1992,2500,44,0,95.214569091796875,0,44,95,-51
152304887,44,-1992,2500,44,0,95.214569091796875,0,44,97,-53
152324879,64,-1992,2500,64,0,95.24273681640625,0,64,99,-35
152344871,64,-1992,2500,64,0,95.24273681640625,0,64,102,-38
152364863,64,-1992,2500,64,0,95.24273681640625,0,64,104,-40
152384855,64,-1992,2500,64,0,95.24273681640625,0,64,106,-42
152404847,64,-1992,2500,64,0,95.24273681640625,0,64,108,-44
152424839,80,-1992,2500,80,0,95.246505737304688,0,80,112,-32
152444831,80,-1992,2500,80,0,95.246505737304688,0,80,115,-35
152464823,80,-1992,2500,80,0,95.246505737304688,0,80,118,-38
152484815,80,-1992,2500,80,0,95.246505737304688,0,80,120,-40
152504807,80,-1992,2500,80,0,95.246505737304688,0,80,124,-44
152524799,89,-1992,2500,89,0,95.178428649902344,0,89,127,-38
152544791,89,-1992,2500,89,0,95.178428649902344,0,89,130,-41
152564783,89,-1992,2500,89,0,95.178428649902344,0,89,131,-42
152584775,89,-1992,2500,89,0,95.178428649902344,0,89,133,-44
152604767,89,-1992,2500,89,0,95.178428649902344,0,89,134,-45
152624759,100,-1992,2500,100,0,95.246528625488281,0,100,134,-34
152644751,100,-1992,2500,100,0,95.246528625488281,0,100,135,-35
152664743,100,-1992,2500,100,0,95.246528625488281,0,100,138,-38
152684735,100,-1992,2500,100,0,95.246528625488281,0,100,141,-41
152704727,100,-1992,2500,100,0,95.246528625488281,0,100,146,-46
152724719,111,-1992,2500,111,0,95.260040283203125,0,111,151,-40
152744711,111,-1991,2500,111,0,95.260040283203125,0,111,154,-43
152764703,111,-1991,2500,111,0,95.260040283203125,0,111,157,-46
152784695,111,-1991,2500,111,0,95.260040283203125,0,111,160,-49
152804687,111,-1991,2500,111,0,95.260040283203125,0,111,160,-49
152824679,108,-1991,2500,108,0,95.516738891601562,0,108,160,-52
152844671,108,-1991,2500,108,0,95.516738891601562,0,108,160,-52
152864663,108,-1991,2500,108,0,95.516738891601562,0,108,161,-53
152884655,108,-1992,2500,108,0,95.516738891601562,0,108,161,-53
152904647,108,-1992,2500,108,0,95.516738891601562,0,108,161,-53
152924639,148,-1992,2500,148,0,95.638679504394531,0,148,161,-13
152944631,148,-1992,2500,148,0,95.638679504394531,0,148,161,-13
152964623,148,-1992,2500,148,0,95.638679504394531,0,148,162,-14
152984615,148,-1992,2500,148,0,95.638679504394531,0,148,162,-14
153004607,148,-1992,2500,148,0,95.638679504394531,0,148,163,-15
153024599,162,-1992,2500,162,0,95.741424560546875,0,162,165,-3
153044591,162,-1992,2500,162,0,95.741424560546875,0,162,168,-6
153064583,162,-1992,2500,162,0,95.741424560546875,0,162,171,-9
153084575,162,-1992,2500,162,0,95.741424560546875,0,162,172,-10
153104567,162,-1992,2500,162,0,95.741424560546875,0,162,175,-13
153124559,179,-1992,2500,179,0,95.574211120605469,0,179,176,3
153144551,179,-1992,2500,179,0,95.574211120605469,0,179,178,1
153164543,179,-1992,2500,179,0,95.574211120605469,0,179,180,-1
153184535,179,-1992,2500,179,0,95.574211120605469,0,179,184,-5
153204527,179,-1992,2500,179,0,95.574211120605469,0,179,189,-10
153224519,180,-1992,2500,180,0,96.0186767578125,0,180,193,-13
153244511,180,-1992,2500,180,0,96.0186767578125,0,180,197,-17
153264503,180,-1993,2500,180,0,96.0186767578125,0,180,201,-21
153284495,180,-1993,2500,180,0,96.0186767578125,0,180,206,-26
153304487,180,-1993,2500,180,0,96.0186767578125,0,180,209,-29
153324479,174,-1993,2500,174,0,96.512992858886719,0,174,213,-39
153344471,174,-1993,2500,174,0,96.512992858886719,0,174,218,-44
153364463,174,-1993,2500,174,0,96.512992858886719,0,174,223,-49
153384455,174,-1993,2500,174,0,96.512992858886719,0,174,228,-54
153404447,174,-1992,2500,174,0,96.512992858886719,0,174,232,-58
153424439,173,-1992,2500,173,0,96.661445617675781,0,173,235,-62
153444431,173,-1992,2500,173,0,96.661445617675781,0,173,238,-65
153464423,173,-1992,2500,173,0,96.661445617675781,0,173,241,-68
153484415,173,-1992,2500,173,0,96.661445617675781,0,173,242,-69
153504407,173,-1992,2500,173,0,96.661445617675781,0,173,242,-69
153524399,198,-1992,2500,198,0,96.624610900878906,0,198,243,-45
153544391,198,-1992,2500,198,0,96.624610900878906,0,198,244,-46
153564383,198,-1992,2500,198,0,96.624610900878906,0,198,245,-47
153584375,198,-1992,2500,198,0,96.624610900878906,0,198,247,-49
153604367,198,-1992,2500,198,0,96.624610900878906,0,198,249,-51
153624359,222,-1992,2500,222,0,96.676048278808594,0,222,251,-29
153644351,222,-1992,2500,222,0,96.676048278808594,0,222,252,-30
153664343,222,-1992,2500,222,0,96.676048278808594,0,222,253,-31
153684335,222,-1992,2500,222,0,96.676048278808594,0,222,254,-32
153704327,222,-1992,2500,222,0,96.676048278808594,0,222,257,-35
153724319,232,-1992,2500,232,0,96.765724182128906,0,232,260,-28
153744311,232,-1992,2500,232,0,96.765724182128906,0,232,263,-31
153765136,232,-1992,2500,232,0,96.765724182128906,0,232,267,-35
153785128,232,-1992,2500,232,0,96.765724182128906,0,232,271,-39
153805120,232,-1992,2500,232,0,96.765724182128906,0,232,276,-44
153825112,229,-1992,2500,229,0,96.832786560058594,0,229,282,-53
153845104,229,-1992,2500,229,0,96.832786560058594,0,229,286,-57
153865096,229,-1992,2500,229,0,96.832786560058594,0,229,289,-60
153885088,229,-1992,2500,229,0,96.832786560058594,0,229,291,-62
153905080,229,-1992,2500,229,0,96.832786560058594,0,229,294,-65
153925072,228,-1992,2500,228,0,96.7689208984375,0,228,296,-68
153945064,228,-1992,2500,228,0,96.7689208984375,0,228,297,-69
153965056,228,-1992,2500,228,0,96.7689208984375,0,228,297,-69
153985048,228,-1992,2500,228,0,96.7689208984375,0,228,298,-70
154005040,228,-1992,2500,228,0,96.7689208984375,0,228,299,-71
154025032,233,-1992,2500,233,0,97.120124816894531,0,233,299,-66
154045024,233,-1992,2500,233,0,97.120124816894531,0,233,298,-65
154065016,233,-1992,2500,233,0,97.120124816894531,0,233,296,-63
154085008,233,-1992,2500,233,0,97.120124816894531,0,233,294,-61
154105000,233,-1992,2500,233,0,97.120124816894531,0,233,291,-58
154124992,255,-1992,2500,255,0,96.757583618164062,0,255,289,-34
154144984,255,-1992,2500,255,0,96.757583618164062,0,255,290,-35
154164976,255,-1992,2500,255,0,96.757583618164062,0,255,291,-36
154184968,255,-1992,2500,255,0,96.757583618164062,0,255,292,-37
154204960,255,-1992,2500,255,0,96.757583618164062,0,255,293,-38
154224952,257,-1992,2500,257,0,97.136238098144531,0,257,293,-36
154244944,257,-1992,2500,257,0,97.136238098144531,0,257,294,-37
154264936,257,-1992,2500,257,0,97.136238098144531,0,257,295,-38
154284928,257,-1992,2500,257,0,97.136238098144531,0,257,294,-37
154304920,257,-1992,2500,257,0,97.136238098144531,0,257,293,-36
154324912,267,-1992,2500,267,0,96.969566345214844,0,267,293,-26
154344904,267,-1992,2500,267,0,96.969566345214844,0,267,295,-28
154364896,267,-1992,2500,267,0,96.969566345214844,0,267,296,-29
154384888,267,-1992,2500,267,0,96.969566345214844,0,267,297,-30
154404880,267,-1992,2500,267,0,96.969566345214844,0,267,298,-31
154424872,285,-1992,2500,285,0,97.249801635742188,0,285,298,-13
154444864,285,-1992,2500,285,0,97.249801635742188,0,285,298,-13
154464856,285,-1992,2500,285,0,97.249801635742188,0,285,300,-15
154484848,285,-1992,2500,285,0,97.249801635742188,0,285,302,-17
154504840,285,-1992,2500,285,0,97.249801635742188,0,285,304,-19
154524832,285,-1992,2500,285,0,97.282936096191406,0,285,305,-20
154544824,285,-1992,2500,285,0,97.282936096191406,0,285,309,-24
154564816,285,-1992,2500,285,0,97.282936096191406,0,285,311,-26
154584808,285,-1992,2500,285,0,97.282936096191406,0,285,312,-27
154604800,285,-1992,2500,285,0,97.282936096191406,0,285,313,-28
154624792,292,-1992,2500,292,0,97.307220458984375,0,292,315,-23
154644784,292,-1992,2500,292,0,97.307220458984375,0,292,319,-27
154664776,292,-1992,2500,292,0,97.307220458984375,0,292,321,-29
154684768,292,-1992,2500,292,0,97.307220458984375,0,292,324,-32
154704760,292,-1992,2500,292,0,97.307220458984375,0,292,327,-35
154724752,304,-1992,2500,304,0,97.481338500976562,0,304,329,-25
154744744,304,-1992,2500,304,0,97.481338500976562,0,304,332,-28
154764736,304,-1992,2500,304,0,97.481338500976562,0,304,334,-30
154784728,304,-1992,2500,304,0,97.481338500976562,0,304,335,-31
154804720,304,-1992,2500,304,0,97.481338500976562,0,304,337,-33
154824712,301,-1992,2500,301,0,97.545257568359375,0,301,339,-38
154844704,301,-1992,2500,301,0,97.545257568359375,0,301,342,-41
154864696,301,-1992,2500,301,0,97.545257568359375,0,301,344,-43
154884688,301,-1992,2500,301,0,97.545257568359375,0,301,348,-47
154904680,301,-1992,2500,301,0,97.545257568359375,0,301,352,-51
154924672,305,-1992,2500,305,0,97.725059509277344,0,305,356,-51
154944664,305,-1992,2500,305,0,97.725059509277344,0,305,359,-54
154964656,305,-1992,2500,305,0,97.725059509277344,0,305,361,-56
154984648,305,-1992,2500,305,0,97.725059509277344,0,305,364,-59
155004640,305,-1992,2500,305,0,97.725059509277344,0,305,366,-61
155024632,297,-1992,2500,297,0,97.64459228515625,0,297,366,-69
155044624,297,-1992,2500,297,0,97.64459228515625,0,297,364,-67
155064616,297,-1992,2500,297,0,97.64459228515625,0,297,362,-65
155084608,297,-1992,2500,297,0,97.64459228515625,0,297,360,-63
155104600,297,-1992,2500,297,0,97.64459228515625,0,297,359,-62
155124592,317,-1992,2500,317,0,97.9239501953125,0,317,359,-42
155144584,317,-1992,2500,317,0,97.9239501953125,0,317,359,-42
155164576,317,-1991,2500,317,0,97.9239501953125,0,317,358,-41
155184568,317,-1991,2500,317,0,97.9239501953125,0,317,358,-41
155204560,317,-1991,2500,317,0,97.9239501953125,0,317,358,-41
155224552,333,-1991,2500,333,0,97.673873901367188,0,333,357,-24
155244544,333,-1991,2500,333,0,97.673873901367188,0,333,358,-25
155264536,333,-1991,2500,333,0,97.673873901367188,0,333,358,-25
155284528,333,-1991,2500,333,0,97.673873901367188,0,333,358,-25
155304520,333,-1991,2500,333,0,97.673873901367188,0,333,360,-27
155324512,337,-1991,2500,337,0,98.033096313476562,0,337,362,-25
155344504,337,-1991,2500,337,0,98.033096313476562,0,337,364,-27
155364496,337,-1991,2500,337,0,98.033096313476562,0,337,366,-29
155384488,337,-1991,2500,337,0,98.033096313476562,0,337,367,-30
155404480,337,-1991,2500,337,0,98.033096313476562,0,337,370,-33
155424472,345,-1991,2500,345,0,97.660079956054688,0,345,372,-27
155444464,345,-1991,2500,345,0,97.660079956054688,0,345,375,-30
155464456,345,-1991,2500,345,0,97.660079956054688,0,345,378,-33
155484448,345,-1991,2500,345,0,97.660079956054688,0,345,380,-35
155504440,345,-1991,2500,345,0,97.660079956054688,0,345,381,-36
155524432,337,-1991,2500,337,0,98.264480590820312,0,337,382,-45
155544424,337,-1991,2500,337,0,98.264480590820312,0,337,383,-46
155564416,337,-1991,2500,337,0,98.264480590820312,0,337,385,-48
155584408,337,-1991,2500,337,0,98.264480590820312,0,337,387,-50
155604400,337,-1991,2500,337,0,98.264480590820312,0,337,389,-52
155624392,338,-1991,2500,338,0,98.192192077636719,0,338,391,-53
155644384,338,-1991,2500,338,0,98.192192077636719,0,338,392,-54
155664376,338,-1991,2500,338,0,98.192192077636719,0,338,393,-55
155684368,338,-1992,2500,338,0,98.192192077636719,0,338,394,-56
155704360,338,-1992,2500,338,0,98.192192077636719,0,338,394,-56
155724352,347,-1992,2500,347,0,98.294219970703125,0,347,394,-47
155744344,347,-1992,2500,347,0,98.294219970703125,0,347,393,-46
155764336,347,-1992,2500,347,0,98.294219970703125,0,347,391,-44
155784328,347,-1992,2500,347,0,98.294219970703125,0,347,389,-42
155804320,347,-1992,2500,347,0,98.294219970703125,0,347,388,-41
155824312,352,-1992,2500,352,0,98.487480163574219,0,352,386,-34
155845137,352,-1992,2500,352,0,98.487480163574219,0,352,386,-34
155865129,352,-1992,2500,352,0,98.487480163574219,0,352,387,-35
155885121,352,-1992,2500,352,0,98.487480163574219,0,352,388,-36
155905113,352,-1992,2500,352,0,98.487480163574219,0,352,390,-38
155925105,367,-1992,2500,367,0,98.803565979003906,0,367,390,-23
155945097,367,-1992,2500,367,0,98.803565979003906,0,367,389,-22
155965089,367,-1992,2500,367,0,98.803565979003906,0,367,389,-22
155985081,367,-1992,2500,367,0,98.803565979003906,0,367,389,-22
156005073,367,-1992,2500,367,0,98.803565979003906,0,367,388,-21
156025065,377,-1992,2500,377,0,98.411506652832031,0,377,388,-11
156045057,377,-1992,2500,377,0,98.411506652832031,0,377,388,-11
156065049,377,-1992,2500,377,0,98.411506652832031,0,377,388,-11
156085041,377,-1992,2500,377,0,98.411506652832031,0,377,389,-12
156105033,377,-1992,2500,377,0,98.411506652832031,0,377,391,-14
156125025,384,-1992,2500,384,0,98.877510070800781,0,384,392,-8
156145017,384,-1992,2500,384,0,98.877510070800781,0,384,395,-11
156165009,384,-1992,2500,384,0,98.877510070800781,0,384,398,-14
156185001,384,-1992,2500,384,0,98.877510070800781,0,384,401,-17
156204993,384,-1992,2500,384,0,98.877510070800781,0,384,403,-19
156224985,373,-1992,2500,373,0,98.895431518554688,0,373,405,-32
156244977,373,-1992,2500,373,0,98.895431518554688,0,373,407,-34
156264969,373,-1992,2500,373,0,98.895431518554688,0,373,409,-36
156284961,373,-1992,2500,373,0,98.895431518554688,0,373,410,-37
156304953,373,-1992,2500,373,0,98.895431518554688,0,373,411,-38
156324945,385,-1992,2500,385,0,98.926994323730469,0,385,412,-27
156344937,385,-1992,2500,385,0,98.926994323730469,0,385,413,-28
156364929,385,-1992,2500,385,0,98.926994323730469,0,385,415,-30
156384921,385,-1992,2500,385,0,98.926994323730469,0,385,417,-32
156404913,385,-1992,2500,385,0,98.926994323730469,0,385,417,-32
156424905,391,-1992,2500,391,0,98.950942993164062,0,391,416,-25
156444897,391,-1992,2500,391,0,98.950942993164062,0,391,417,-26
156464889,391,-1992,2500,391,0,98.950942993164062,0,391,419,-28
156484881,391,-1992,2500,391,0,98.950942993164062,0,391,420,-29
156504873,391,-1992,2500,391,0,98.950942993164062,0,391,422,-31
156524865,390,-1992,2500,390,0,99.159332275390625,0,390,425,-35
156544857,390,-1992,2500,390,0,99.159332275390625,0,390,428,-38
156564849,390,-1992,2500,390,0,99.159332275390625,0,390,431,-41
156584841,390,-1992,2500,390,0,99.159332275390625,0,390,433,-43
156604833,390,-1992,2500,390,0,99.159332275390625,0,390,436,-46
156624825,386,-1992,2500,386,0,98.997703552246094,0,386,439,-53
156644817,386,-1992,2500,386,0,98.997703552246094,0,386,441,-55
156664809,386,-1992,2500,386,0,98.997703552246094,0,386,444,-58
156684801,386,-1992,2500,386,0,98.997703552246094,0,386,447,-61
156704793,386,-1992,2500,386,0,98.997703552246094,0,386,451,-65
156724785,388,-1992,2500,388,0,98.745330810546875,0,388,454,-66
156744777,388,-1992,2500,388,0,98.745330810546875,0,388,457,-69
156764769,388,-1992,2500,388,0,98.745330810546875,0,388,459,-71
156784761,388,-1992,2500,388,0,98.745330810546875,0,388,460,-72
156804753,388,-1992,2500,388,0,98.745330810546875,0,388,462,-74
156824745,375,-1992,2500,375,0,98.9185791015625,0,375,463,-88
156844737,375,-1992,2500,375,0,98.9185791015625,0,375,463,-88
156864729,375,-1992,2500,375,0,98.9185791015625,0,375,463,-88
156884721,375,-1992,2500,375,0,98.9185791015625,0,375,462,-87
156904713,375,-1992,2500,375,0,98.9185791015625,0,375,461,-86
156924705,374,-1992,2500,374,0,98.672721862792969,0,374,460,-86
156944697,374,-1992,2500,374,0,98.672721862792969,0,374,460,-86
156964689,374,-1992,2500,374,0,98.672721862792969,0,374,458,-84
156984681,374,-1992,2500,374,0,98.672721862792969,0,374,456,-82
157004673,374,-1992,2500,374,0,98.672721862792969,0,374,453,-79
157024665,399,-1992,2500,399,0,98.630035400390625,0,399,449,-50
157044657,399,-1992,2500,399,0,98.630035400390625,0,399,443,-44
157064649,399,-1992,2500,399,0,98.630035400390625,0,399,437,-38
157084641,399,-1992,2500,399,0,98.630035400390625,0,399,433,-34
157104633,399,-1992,2500,399,0,98.630035400390625,0,399,430,-31
157124625,411,-1992,2500,411,0,98.571723937988281,0,411,428,-17
157144617,411,-1992,2500,411,0,98.571723937988281,0,411,427,-16
157164609,411,-1992,2500,411,0,98.571723937988281,0,411,425,-14
157184601,411,-1992,2500,411,0,98.571723937988281,0,411,424,-13
157204593,411,-1992,2500,411,0,98.571723937988281,0,411,423,-12
157224585,421,-1992,2500,421,0,98.641883850097656,0,421,423,-2
157244577,421,-1992,2500,421,0,98.641883850097656,0,421,424,-3
157264569,421,-1992,2500,421,0,98.641883850097656,0,421,425,-4
157284561,421,-1992,2500,421,0,98.641883850097656,0,421,425,-4
157304553,421,-1992,2500,421,0,98.641883850097656,0,421,426,-5
157324545,424,-1992,2500,424,0,98.859878540039062,0,424,428,-4
157344537,424,-1992,2500,424,0,98.859878540039062,0,424,430,-6
157364529,424,-1992,2500,424,0,98.859878540039062,0,424,433,-9
157384521,424,-1992,2500,424,0,98.859878540039062,0,424,436,-12
157404513,424,-1992,2500,424,0,98.859878540039062,0,424,439,-15
157424505,402,-1992,2500,402,0,99.118629455566406,0,402,441,-39
157444497,402,-1992,2500,402,0,99.118629455566406,0,402,444,-42
157464489,402,-1992,2500,402,0,99.118629455566406,0,402,447,-45
157484481,402,-1992,2500,402,0,99.118629455566406,0,402,451,-49
157504473,402,-1992,2500,402,0,99.118629455566406,0,402,454,-52
157524465,397,-1992,2500,397,0,99.125350952148438,0,397,456,-59
157544457,397,-1992,2500,397,0,99.125350952148438,0,397,459,-62
157564449,397,-1992,2500,397,0,99.125350952148438,0,397,461,-64
157584441,397,-1992,2500,397,0,99.125350952148438,0,397,464,-67
157604433,397,-1992,2500,397,0,99.125350952148438,0,397,467,-70
157624425,393,-1992,2500,393,0,99.584197998046875,0,393,468,-75
157644417,393,-1992,2500,393,0,99.584197998046875,0,393,468,-75
157664409,393,-1992,2500,393,0,99.584197998046875,0,393,468,-75
157684401,393,-1992,2500,393,0,99.584197998046875,0,393,467,-74
157704393,393,-1992,2500,393,0,99.584197998046875,0,393,465,-72
157724385,413,-1992,2500,413,0,99.067192077636719,0,413,463,-50
157744377,413,-1992,2500,413,0,99.067192077636719,0,413,462,-49
157764369,413,-1992,2500,413,0,99.067192077636719,0,413,460,-47
157784361,413,-1992,2500,413,0,99.067192077636719,0,413,459,-46
157804353,413,-1992,2500,413,0,99.067192077636719,0,413,458,-45
157824345,419,-1992,2500,419,0,99.051666259765625,0,419,455,-36
157844337,419,-1992,2500,419,0,99.051666259765625,0,419,452,-33
157864329,419,-1992,2500,419,0,99.051666259765625,0,419,450,-31
157884321,419,-1992,2500,419,0,99.051666259765625,0,419,449,-30
157904313,419,-1992,2500,419,0,99.051666259765625,0,419,447,-28
157925138,435,-1992,2500,435,0,99.043609619140625,0,435,445,-10
157945130,435,-1992,2500,435,0,99.043609619140625,0,435,444,-9
157965122,435,-1992,2500,435,0,99.043609619140625,0,435,444,-9
157985114,435,-1992,2500,435,0,99.043609619140625,0,435,443,-8
158005106,435,-1992,2500,435,0,99.043609619140625,0,435,441,-6
158025098,447,-1992,2500,447,0,98.8350830078125,0,447,440,7
158045090,447,-1992,2500,447,0,98.8350830078125,0,447,439,8
158065082,447,-1992,2500,447,0,98.8350830078125,0,447,440,7
158085074,447,-1992,2500,447,0,98.8350830078125,0,447,441,6
158105066,447,-1992,2500,447,0,98.8350830078125,0,447,443,4
158125058,448,-1992,2500,448,0,98.79241943359375,0,448,445,3
158145050,448,-1992,2500,448,0,98.79241943359375,0,448,447,1
158165042,448,-1992,2500,448,0,98.79241943359375,0,448,449,-1
158185034,448,-1992,2500,448,0,98.79241943359375,0,448,451,-3
158205026,448,-1992,2500,448,0,98.79241943359375,0,448,453,-5
158225018,433,-1992,2500,433,0,98.734504699707031,0,433,454,-21
158245010,433,-1992,2500,433,0,98.734504699707031,0,433,456,-23
158265002,433,-1992,2500,433,0,98.734504699707031,0,433,457,-24
158284994,433,-1992,2500,433,0,98.734504699707031,0,433,458,-25
158304986,433,-1992,2500,433,0,98.734504699707031,0,433,461,-28
158324978,423,-1991,2500,423,0,98.97088623046875,0,423,464,-41
158344970,423,-1991,2500,423,0,98.97088623046875,0,423,466,-43
158364962,423,-1991,2500,423,0,98.97088623046875,0,423,469,-46
158384954,423,-1991,2500,423,0,98.97088623046875,0,423,471,-48
158404946,423,-1991,2500,423,0,98.97088623046875,0,423,474,-51
158424938,420,-1991,2500,420,0,98.917594909667969,0,420,477,-57
158444930,420,-1991,2500,420,0,98.917594909667969,0,420,480,-60
158464922,420,-1991,2500,420,0,98.917594909667969,0,420,484,-64
158484914,420,-1992,2500,420,0,98.917594909667969,0,420,487,-67
158504906,420,-1992,2500,420,0,98.917594909667969,0,420,489,-69
158524898,411,-1992,2500,411,0,99.040702819824219,0,411,491,-80
158544890,411,-1992,2500,411,0,99.040702819824219,0,411,492,-81
158564882,411,-1992,2500,411,0,99.040702819824219,0,411,491,-80
158584874,411,-1992,2500,411,0,99.040702819824219,0,411,491,-80
158604866,411,-1992,2500,411,0,99.040702819824219,0,411,490,-79
158624858,397,-1992,2500,397,0,98.882911682128906,0,397,488,-91
158644850,397,-1992,2500,397,0,98.882911682128906,0,397,486,-89
158664842,397,-1992,2500,397,0,98.882911682128906,0,397,483,-86
158684834,397,-1992,2500,397,0,98.882911682128906,0,397,480,-83
158704826,397,-1992,2500,397,0,98.882911682128906,0,397,476,-79
158724818,422,-1992,2500,422,0,98.697471618652344,0,422,471,-49
158744810,422,-1992,2500,422,0,98.697471618652344,0,422,466,-44
158764802,422,-1992,2500,422,0,98.697471618652344,0,422,463,-41
158784794,422,-1992,2500,422,0,98.697471618652344,0,422,460,-38
158804786,422,-1992,2500,422,0,98.697471618652344,0,422,457,-35
158824778,435,-1992,2500,435,0,98.3072509765625,0,435,455,-20
158844770,435,-1992,2500,435,0,98.3072509765625,0,435,453,-18
158864762,435,-1992,2500,435,0,98.3072509765625,0,435,450,-15
158884754,435,-1992,2500,435,0,98.3072509765625,0,435,448,-13
158904746,435,-1992,2500,435,0,98.3072509765625,0,435,448,-13
158924738,447,-1992,2500,447,0,98.374847412109375,0,447,446,1
158944730,447,-1992,2500,447,0,98.374847412109375,0,447,444,3
158964722,447,-1992,2500,447,0,98.374847412109375,0,447,444,3
158984714,447,-1992,2500,447,0,98.374847412109375,0,447,445,2
159004706,447,-1992,2500,447,0,98.374847412109375,0,447,447,0
159024698,435,-1992,2500,435,0,97.952140808105469,0,435,449,-14
159044690,435,-1992,2500,435,0,97.952140808105469,0,435,452,-17
159064682,435,-1992,2500,435,0,97.952140808105469,0,435,452,-17
159084674,435,-1992,2500,435,0,97.952140808105469,0,435,453,-18
159104666,435,-1992,2500,435,0,97.952140808105469,0,435,452,-17
159124658,409,-1992,2500,409,0,98.403480529785156,0,409,452,-43
159144650,409,-1992,2500,409,0,98.403480529785156,0,409,453,-44
159164642,409,-1992,2500,409,0,98.403480529785156,0,409,457,-48
159184634,409,-1992,2500,409,0,98.403480529785156,0,409,459,-50
159204626,409,-1992,2500,409,0,98.403480529785156,0,409,460,-51
159224618,403,-1992,2500,403,0,98.06658935546875,0,403,461,-58
159244610,403,-1992,2500,403,0,98.06658935546875,0,403,462,-59
159264602,403,-1992,2500,403,0,98.06658935546875,0,403,462,-59
159284594,403,-1992,2500,403,0,98.06658935546875,0,403,463,-60
159304586,403,-1992,2500,403,0,98.06658935546875,0,403,464,-61
159324578,399,-1992,2500,399,0,98.54498291015625,0,399,466,-67
159344570,399,-1992,2500,399,0,98.54498291015625,0,399,468,-69
159364562,399,-1992,2500,399,0,98.54498291015625,0,399,469,-70
159384554,399,-1992,2500,399,0,98.54498291015625,0,399,471,-72
159404546,399,-1992,2500,399,0,98.54498291015625,0,399,471,-72
159424538,380,-1992,2500,380,0,98.308738708496094,0,380,469,-89
159444530,380,-1992,2500,380,0,98.308738708496094,0,380,467,-87
159464522,380,-1992,2500,380,0,98.308738708496094,0,380,464,-84
159484514,380,-1992,2500,380,0,98.308738708496094,0,380,462,-82
159504506,380,-1992,2500,380,0,98.308738708496094,0,380,459,-79
159524498,391,-1992,2500,391,0,98.341156005859375,0,391,456,-65
159544490,391,-1992,2500,391,0,98.341156005859375,0,391,452,-61
159564482,391,-1992,2500,391,0,98.341156005859375,0,391,449,-58
159584474,391,-1992,2500,391,0,98.341156005859375,0,391,447,-56
159604466,391,-1992,2500,391,0,98.341156005859375,0,391,446,-55
159624458,411,-1992,2500,411,0,98.252578735351562,0,411,445,-34
159644450,411,-1992,2500,411,0,98.252578735351562,0,411,445,-34
159664442,411,-1992,2500,411,0,98.252578735351562,0,411,444,-33
159684434,411,-1992,2500,411,0,98.252578735351562,0,411,444,-33
159704426,411,-1992,2500,411,0,98.252578735351562,0,411,443,-32
159724418,409,-1992,2500,409,0,98.406394958496094,0,409,442,-33
159744410,409,-1992,2500,409,0,98.406394958496094,0,409,441,-32
159764402,409,-1992,2500,409,0,98.406394958496094,0,409,441,-32
159784394,409,-1992,2500,409,0,98.406394958496094,0,409,439,-30
159804386,409,-1992,2500,409,0,98.406394958496094,0,409,438,-29
159824378,405,-1992,2500,405,0,98.427543640136719,0,405,437,-32
159844370,405,-1992,2500,405,0,98.427543640136719,0,405,436,-31
159864362,405,-1992,2500,405,0,98.427543640136719,0,405,434,-29
159884354,405,-1992,2500,405,0,98.427543640136719,0,405,430,-25
159904346,405,-1992,2500,405,0,98.427543640136719,0,405,427,-22
159924338,408,-1992,2500,408,0,98.421577453613281,0,408,426,-18
159944330,408,-1992,2500,408,0,98.421577453613281,0,408,425,-17
159964322,408,-1992,2500,408,0,98.421577453613281,0,408,425,-17
159984314,408,-1992,2500,408,0,98.421577453613281,0,408,424,-16
160005139,408,-1992,2500,408,0,98.421577453613281,0,408,425,-17
160025131,411,-1992,2500,411,0,98.376274108886719,0,411,426,-15
160045123,411,-1992,2500,411,0,98.376274108886719,0,411,427,-16
160065115,411,-1992,2500,411,0,98.376274108886719,0,411,428,-17
160085107,411,-1991,2500,411,0,98.376274108886719,0,411,430,-19
160105099,411,-1991,2500,411,0,98.376274108886719,0,411,432,-21
160125091,414,-1991,2500,414,0,98.66607666015625,0,414,432,-18
160145083,414,-1991,2500,414,0,98.66607666015625,0,414,430,-16
160165075,414,-1991,2500,414,0,98.66607666015625,0,414,429,-15
160185067,414,-1991,2500,414,0,98.66607666015625,0,414,429,-15
160205059,414,-1991,2500,414,0,98.66607666015625,0,414,430,-16
160225051,413,-1991,2500,413,0,98.361671447753906,0,413,431,-18
160245043,413,-1991,2500,413,0,98.361671447753906,0,413,432,-19
160265035,413,-1991,2500,413,0,98.361671447753906,0,413,432,-19
160285027,413,-1991,2500,413,0,98.361671447753906,0,413,431,-18
160305019,413,-1991,2500,413,0,98.361671447753906,0,413,431,-18
160325011,404,-1991,2500,404,0,98.810554504394531,0,404,432,-28
160345003,404,-1991,2500,404,0,98.810554504394531,0,404,433,-29
160364995,404,-1991,2500,404,0,98.810554504394531,0,404,434,-30
160384987,404,-1992,2500,404,0,98.810554504394531,0,404,434,-30
160404979,404,-1992,2500,404,0,98.810554504394531,0,404,433,-29
160424971,401,-1992,2500,401,0,98.686233520507812,0,401,433,-32
160444963,401,-1992,2500,401,0,98.686233520507812,0,401,432,-31
160464955,401,-1992,2500,401,0,98.686233520507812,0,401,432,-31
160484947,401,-1992,2500,401,0,98.686233520507812,0,401,433,-32
160504939,401,-1992,2500,401,0,98.686233520507812,0,401,433,-32
160524931,402,-1992,2500,402,0,99.009536743164062,0,402,433,-31
160544923,402,-1992,2500,402,0,99.009536743164062,0,402,433,-31
160564915,402,-1992,2500,402,0,99.009536743164062,0,402,434,-32
160584907,402,-1992,2500,402,0,99.009536743164062,0,402,434,-32
160604899,402,-1992,2500,402,0,99.009536743164062,0,402,433,-31
160624891,409,-1992,2500,409,0,98.634246826171875,0,409,431,-22
160644883,409,-1992,2500,409,0,98.634246826171875,0,409,430,-21
160664875,409,-1992,2500,409,0,98.634246826171875,0,409,428,-19
160684867,409,-1992,2500,409,0,98.634246826171875,0,409,427,-18
160704859,409,-1992,2500,409,0,98.634246826171875,0,409,425,-16
160724851,416,-1992,2500,416,0,98.766410827636719,0,416,424,-8
160744843,416,-1992,2500,416,0,98.766410827636719,0,416,422,-6
160764835,416,-1992,2500,416,0,98.766410827636719,0,416,422,-6
160784827,416,-1992,2500,416,0,98.766410827636719,0,416,421,-5
160804819,416,-1992,2500,416,0,98.766410827636719,0,416,420,-4
160824811,426,-1992,2500,426,0,98.578277587890625,0,426,420,6
160844803,426,-1992,2500,426,0,98.578277587890625,0,426,422,4
160864795,426,-1992,2500,426,0,98.578277587890625,0,426,424,2
160884787,426,-1992,2500,426,0,98.578277587890625,0,426,429,-3
160904779,426,-1992,2500,426,0,98.578277587890625,0,426,433,-7
160924771,407,-1992,2500,407,0,98.509201049804688,0,407,437,-30
160944763,407,-1992,2500,407,0,98.509201049804688,0,407,440,-33
160964755,407,-1992,2500,407,0,98.509201049804688,0,407,444,-37
160984747,407,-1992,2500,407,0,98.509201049804688,0,407,449,-42
161004739,407,-1992,2500,407,0,98.509201049804688,0,407,452,-45
161024731,387,-1992,2500,387,0,98.725059509277344,0,387,454,-67
161044723,387,-1992,2500,387,0,98.725059509277344,0,387,455,-68
161064715,387,-1992,2500,387,0,98.725059509277344,0,387,455,-68
161084707,387,-1992,2500,387,0,98.725059509277344,0,387,455,-68
161104699,387,-1992,2500,387,0,98.725059509277344,0,387,455,-68
161124691,386,-1992,2500,386,0,98.691940307617188,0,386,455,-69
161144683,386,-1992,2500,386,0,98.691940307617188,0,386,456,-70
161164675,386,-1992,2500,386,0,98.691940307617188,0,386,456,-70
161184667,386,-1992,2500,386,0,98.691940307617188,0,386,457,-71
161204659,386,-1991,2500,386,0,98.691940307617188,0,386,458,-72
161224651,397,-1991,2500,397,0,98.3856201171875,0,397,457,-60
161244643,397,-1992,2500,397,0,98.3856201171875,0,397,455,-58
161264635,397,-1992,2500,397,0,98.3856201171875,0,397,452,-55
161284627,397,-1992,2500,397,0,98.3856201171875,0,397,449,-52
161304619,397,-1992,2500,397,0,98.3856201171875,0,397,447,-50
161324611,387,-1992,2500,387,0,98.38934326171875,0,387,444,-57
161344603,387,-1992,2500,387,0,98.38934326171875,0,387,441,-54
161364595,387,-1992,2500,387,0,98.38934326171875,0,387,438,-51
161384587,387,-1992,2500,387,0,98.38934326171875,0,387,436,-49
161404579,387,-1992,2500,387,0,98.38934326171875,0,387,434,-47
161424571,394,-1992,2500,394,0,98.143875122070312,0,394,433,-39
161444563,394,-1992,2500,394,0,98.143875122070312,0,394,432,-38
161464555,394,-1992,2500,394,0,98.143875122070312,0,394,432,-38
161484547,394,-1992,2500,394,0,98.143875122070312,0,394,432,-38
161504539,394,-1992,2500,394,0,98.143875122070312,0,394,432,-38
161524531,400,-1992,2500,400,0,98.525787353515625,0,400,431,-31
161544523,400,-1992,2500,400,0,98.525787353515625,0,400,429,-29
161564515,400,-1992,2500,400,0,98.525787353515625,0,400,428,-28
161584507,400,-1992,2500,400,0,98.525787353515625,0,400,426,-26
161604499,400,-1992,2500,400,0,98.525787353515625,0,400,425,-25
161624491,401,-1992,2500,401,0,98.16522216796875,0,401,424,-23
161644483,401,-1992,2500,401,0,98.16522216796875,0,401,421,-20
161664475,401,-1992,2500,401,0,98.16522216796875,0,401,420,-19
161684467,401,-1992,2500,401,0,98.16522216796875,0,401,419,-18
161704459,401,-1992,2500,401,0,98.16522216796875,0,401,420,-19
161724451,417,-1992,2500,417,0,98.474197387695312,0,417,420,-3
161744443,417,-1992,2500,417,0,98.474197387695312,0,417,419,-2
161764435,417,-1992,2500,417,0,98.474197387695312,0,417,419,-2
161784427,417,-1992,2500,417,0,98.474197387695312,0,417,420,-3
161804419,417,-1992,2500,417,0,98.474197387695312,0,417,420,-3
161824411,407,-1992,2500,407,0,98.43505859375,0,407,419,-12
161844403,407,-1992,2500,407,0,98.43505859375,0,407,419,-12
161864395,407,-1992,2500,407,0,98.43505859375,0,407,421,-14
161884387,407,-1992,2500,407,0,98.43505859375,0,407,424,-17
161904379,407,-1992,2500,407,0,98.43505859375,0,407,426,-19
161924371,410,-1992,2500,410,0,98.440910339355469,0,410,428,-18
161944363,410,-1992,2500,410,0,98.440910339355469,0,410,432,-22
161964355,410,-1992,2500,410,0,98.440910339355469,0,410,437,-27
161984347,410,-1992,2500,410,0,98.440910339355469,0,410,440,-30
162004339,410,-1992,2500,410,0,98.440910339355469,0,410,443,-33
162024331,402,-1992,2500,402,0,98.2354736328125,0,402,445,-43
162044323,402,-1992,2500,402,0,98.2354736328125,0,402,448,-46
162064315,402,-1992,2500,402,0,98.2354736328125,0,402,450,-48
162085140,402,-1992,2500,402,0,98.2354736328125,0,402,452,-50
162105132,402,-1992,2500,402,0,98.2354736328125,0,402,454,-52
162125124,393,-1992,2500,393,0,98.598518371582031,0,393,457,-64
162145116,393,-1992,2500,393,0,98.598518371582031,0,393,459,-66
162165108,393,-1992,2500,393,0,98.598518371582031,0,393,461,-68
162185100,393,-1992,2500,393,0,98.598518371582031,0,393,462,-69
162205092,393,-1992,2500,393,0,98.598518371582031,0,393,461,-68
162225084,381,-1992,2500,381,0,98.417243957519531,0,381,460,-79
162245076,381,-1992,2500,381,0,98.417243957519531,0,381,459,-78
162265068,381,-1992,2500,381,0,98.417243957519531,0,381,457,-76
162285060,381,-1992,2500,381,0,98.417243957519531,0,381,455,-74
162305052,381,-1992,2500,381,0,98.417243957519531,0,381,454,-73
162325044,391,-1992,2500,391,0,98.475006103515625,0,391,453,-62
162345036,391,-1992,2500,391,0,98.475006103515625,0,391,452,-61
162365028,391,-1992,2500,391,0,98.475006103515625,0,391,450,-59
162385020,391,-1992,2500,391,0,98.475006103515625,0,391,447,-56
162405012,391,-1992,2500,391,0,98.475006103515625,0,391,444,-53
162425004,395,-1992,2500,395,0,98.418540954589844,0,395,440,-45
162444996,395,-1992,2500,395,0,98.418540954589844,0,395,436,-41
162464988,395,-1992,2500,395,0,98.418540954589844,0,395,430,-35
162484980,395,-1992,2500,395,0,98.418540954589844,0,395,426,-31
162504972,395,-1992,2500,395,0,98.418540954589844,0,395,422,-27
162524964,428,-1992,2500,428,0,98.263900756835938,0,428,420,8
162544956,428,-1992,2500,428,0,98.263900756835938,0,428,418,10
162564948,428,-1992,2500,428,0,98.263900756835938,0,428,416,12
162584940,428,-1992,2500,428,0,98.263900756835938,0,428,412,16
162604932,428,-1992,2500,428,0,98.263900756835938,0,428,407,21
162624924,435,-1992,2500,435,0,98.183670043945312,0,435,403,32
162644916,435,-1992,2500,435,0,98.183670043945312,0,435,400,35
162664908,435,-1992,2500,435,0,98.183670043945312,0,435,398,37
162684900,435,-1992,2500,435,0,98.183670043945312,0,435,396,39
162704892,435,-1992,2500,435,0,98.183670043945312,0,435,395,40
162724884,442,-1992,2500,442,0,98.44384765625,0,442,396,46
162744876,442,-1992,2500,442,0,98.44384765625,0,442,399,43
162764868,442,-1992,2500,442,0,98.44384765625,0,442,403,39
162784860,442,-1992,2500,442,0,98.44384765625,0,442,407,35
162804852,442,-1992,2500,442,0,98.44384765625,0,442,411,31
162824844,416,-1992,2500,416,0,98.737075805664062,0,416,413,3
162844836,416,-1992,2500,416,0,98.737075805664062,0,416,415,1
162864828,416,-1992,2500,416,0,98.737075805664062,0,416,417,-1
162884820,416,-1992,2500,416,0,98.737075805664062,0,416,419,-3
162904812,416,-1992,2500,416,0,98.737075805664062,0,416,422,-6
162924804,410,-1992,2500,410,0,99.212837219238281,0,410,427,-17
162944796,410,-1992,2500,410,0,99.212837219238281,0,410,433,-23
162964788,410,-1992,2500,410,0,99.212837219238281,0,410,439,-29
162984780,410,-1992,2500,410,0,99.212837219238281,0,410,443,-33
163004772,410,-1992,2500,410,0,99.212837219238281,0,410,446,-36
163024764,406,-1992,2500,406,0,99.046119689941406,0,406,448,-42
163044756,406,-1992,2500,406,0,99.046119689941406,0,406,451,-45
163064748,406,-1992,2500,406,0,99.046119689941406,0,406,453,-47
163084740,406,-1992,2500,406,0,99.046119689941406,0,406,455,-49
163104732,406,-1992,2500,406,0,99.046119689941406,0,406,457,-51
163124724,405,-1992,2500,405,0,99.254974365234375,0,405,459,-54
163144716,405,-1991,2500,405,0,99.254974365234375,0,405,460,-55
163164708,405,-1991,2500,405,0,99.254974365234375,0,405,460,-55
163184700,405,-1991,2500,405,0,99.254974365234375,0,405,461,-56
163204692,405,-1991,2500,405,0,99.254974365234375,0,405,460,-55
163224684,405,-1991,2500,405,0,99.404556274414062,0,405,461,-56
163244676,405,-1991,2500,405,0,99.404556274414062,0,405,461,-56
163264668,405,-1991,2500,405,0,99.404556274414062,0,405,461,-56
163284660,405,-1991,2500,405,0,99.404556274414062,0,405,461,-56
163304652,405,-1991,2500,405,0,99.404556274414062,0,405,460,-55
163324644,407,-1992,2500,407,0,99.1611328125,0,407,458,-51
163344636,407,-1992,2500,407,0,99.1611328125,0,407,456,-49
163364628,407,-1992,2500,407,0,99.1611328125,0,407,452,-45
163384620,407,-1992,2500,407,0,99.1611328125,0,407,449,-42
163404612,407,-1992,2500,407,0,99.1611328125,0,407,448,-41
163424604,438,-1992,2500,438,0,98.701927185058594,0,438,446,-8
163444596,438,-1992,2500,438,0,98.701927185058594,0,438,444,-6
163464588,438,-1992,2500,438,0,98.701927185058594,0,438,442,-4
163484580,438,-1992,2500,438,0,98.701927185058594,0,438,440,-2
163504572,438,-1992,2500,438,0,98.701927185058594,0,438,437,1
163524564,448,-1992,2500,448,0,98.844856262207031,0,448,433,15
163544556,448,-1992,2500,448,0,98.844856262207031,0,448,430,18
163564548,448,-1992,2500,448,0,98.844856262207031,0,448,428,20
163584540,448,-1992,2500,448,0,98.844856262207031,0,448,426,22
163604532,448,-1992,2500,448,0,98.844856262207031,0,448,425,23
163624524,440,-1992,2500,440,0,98.615097045898438,0,440,424,16
163644516,440,-1992,2500,440,0,98.615097045898438,0,440,426,14
163664508,440,-1992,2500,440,0,98.615097045898438,0,440,428,12
163684500,440,-1992,2500,440,0,98.615097045898438,0,440,429,11
163704492,440,-1992,2500,440,0,98.615097045898438,0,440,429,11
163724484,439,-1992,2500,439,0,98.558280944824219,0,439,430,9
163744476,439,-1992,2500,439,0,98.558280944824219,0,439,433,6
163764468,439,-1992,2500,439,0,98.558280944824219,0,439,437,2
163784460,439,-1992,2500,439,0,98.558280944824219,0,439,440,-1
163804452,439,-1992,2500,439,0,98.558280944824219,0,439,444,-5
163824444,431,-1992,2500,431,0,98.879447937011719,0,431,448,-17
163844436,431,-1992,2500,431,0,98.879447937011719,0,431,451,-20
163864428,431,-1992,2500,431,0,98.879447937011719,0,431,453,-22
163884420,431,-1992,2500,431,0,98.879447937011719,0,431,456,-25
163904412,431,-1992,2500,431,0,98.879447937011719,0,431,458,-27
163924404,413,-1992,2500,413,0,99.183731079101562,0,413,459,-46
163944396,413,-1992,2500,413,0,99.183731079101562,0,413,460,-47
163964388,413,-1992,2500,413,0,99.183731079101562,0,413,462,-49
163984380,413,-1992,2500,413,0,99.183731079101562,0,413,464,-51
164004372,413,-1992,2500,413,0,99.183731079101562,0,413,466,-53
164024364,414,-1992,2500,414,0,98.850997924804688,0,414,468,-54
164044356,414,-1992,2500,414,0,98.850997924804688,0,414,468,-54
164064348,414,-1992,2500,414,0,98.850997924804688,0,414,468,-54
164084340,414,-1992,2500,414,0,98.850997924804688,0,414,466,-52
164104332,414,-1992,2500,414,0,98.850997924804688,0,414,465,-51
164124324,424,-1992,2500,424,0,98.871627807617188,0,424,464,-40
164144316,424,-1992,2500,424,0,98.871627807617188,0,424,462,-38
164165141,424,-1992,2500,424,0,98.871627807617188,0,424,460,-36
164185133,424,-1992,2500,424,0,98.871627807617188,0,424,459,-35
164205125,424,-1992,2500,424,0,98.871627807617188,0,424,458,-34
164225117,437,-1992,2500,437,0,98.965606689453125,0,437,456,-19
164245109,437,-1992,2500,437,0,98.965606689453125,0,437,453,-16
164265101,437,-1992,2500,437,0,98.965606689453125,0,437,450,-13
164285093,437,-1992,2500,437,0,98.965606689453125,0,437,448,-11
164305085,437,-1992,2500,437,0,98.965606689453125,0,437,447,-10
164325077,438,-1992,2500,438,0,98.507522583007812,0,438,445,-7
164345069,438,-1992,2500,438,0,98.507522583007812,0,438,441,-3
164365061,438,-1992,2500,438,0,98.507522583007812,0,438,438,0
164385053,438,-1992,2500,438,0,98.507522583007812,0,438,435,3
164405045,438,-1992,2500,438,0,98.507522583007812,0,438,433,5
164425037,462,-1992,2500,462,0,98.817893981933594,0,462,433,29
164445029,462,-1992,2500,462,0,98.817893981933594,0,462,434,28
164465021,462,-1992,2500,462,0,98.817893981933594,0,462,433,29
164485013,462,-1992,2500,462,0,98.817893981933594,0,462,432,30
164505005,462,-1992,2500,462,0,98.817893981933594,0,462,432,30
164524997,462,-1992,2500,462,0,98.569908142089844,0,462,433,29
164544989,462,-1992,2500,462,0,98.569908142089844,0,462,436,26
164564981,462,-1992,2500,462,0,98.569908142089844,0,462,439,23
164584973,462,-1992,2500,462,0,98.569908142089844,0,462,444,18
164604965,462,-1992,2500,462,0,98.569908142089844,0,462,449,13
164624957,448,-1992,2500,448,0,98.641548156738281,0,448,454,-6
164644949,448,-1992,2500,448,0,98.641548156738281,0,448,455,-7
164664941,448,-1992,2500,448,0,98.641548156738281,0,448,456,-8
164684933,448,-1992,2500,448,0,98.641548156738281,0,448,456,-8
164704925,448,-1992,2500,448,0,98.641548156738281,0,448,456,-8
164724917,418,-1992,2500,418,0,99.035629272460938,0,418,456,-38
164744909,418,-1992,2500,418,0,99.035629272460938,0,418,456,-38
164764901,418,-1992,2500,418,0,99.035629272460938,0,418,457,-39
164784893,418,-1992,2500,418,0,99.035629272460938,0,418,457,-39
164804885,418,-1992,2500,418,0,99.035629272460938,0,418,458,-40
164824877,433,-1992,2500,433,0,99.013221740722656,0,433,461,-28
164844869,433,-1992,2500,433,0,99.013221740722656,0,433,463,-30
164864861,433,-1992,2500,433,0,99.013221740722656,0,433,464,-31
164884853,433,-1992,2500,433,0,99.013221740722656,0,433,464,-31
164904845,433,-1992,2500,433,0,99.013221740722656,0,433,464,-31
164924837,433,-1992,2500,433,0,99.090309143066406,0,433,463,-30
164944829,433,-1992,2500,433,0,99.090309143066406,0,433,461,-28
164964821,433,-1992,2500,433,0,99.090309143066406,0,433,459,-26
164984813,433,-1992,2500,433,0,99.090309143066406,0,433,457,-24
165004805,433,-1992,2500,433,0,99.090309143066406,0,433,456,-23
165024797,439,-1992,2500,439,0,98.768409729003906,0,439,456,-17
165044789,439,-1992,2500,439,0,98.768409729003906,0,439,455,-16
165064781,439,-1992,2500,439,0,98.768409729003906,0,439,453,-14
165084773,439,-1992,2500,439,0,98.768409729003906,0,439,452,-13
165104765,439,-1992,2500,439,0,98.768409729003906,0,439,451,-12
165124757,438,-1992,2500,438,0,98.841011047363281,0,438,451,-13
165144749,438,-1992,2500,438,0,98.841011047363281,0,438,452,-14
165164741,438,-1992,2500,438,0,98.841011047363281,0,438,453,-15
165184733,438,-1992,2500,438,0,98.841011047363281,0,438,454,-16
165204725,438,-1992,2500,438,0,98.841011047363281,0,438,456,-18
165224717,440,-1992,2500,440,0,98.635353088378906,0,440,458,-18
165244709,440,-1992,2500,440,0,98.635353088378906,0,440,461,-21
165264701,440,-1992,2500,440,0,98.635353088378906,0,440,463,-23
165284693,440,-1992,2500,440,0,98.635353088378906,0,440,464,-24
165304685,440,-1992,2500,440,0,98.635353088378906,0,440,464,-24
165324677,438,-1992,2500,438,0,98.665176391601562,0,438,463,-25
165344669,438,-1992,2500,438,0,98.665176391601562,0,438,460,-22
165364661,438,-1992,2500,438,0,98.665176391601562,0,438,457,-19
165384653,438,-1992,2500,438,0,98.665176391601562,0,438,455,-17
165404645,438,-1992,2500,438,0,98.665176391601562,0,438,455,-17
165424637,435,-1992,2500,435,0,98.70465087890625,0,435,455,-20
165444629,435,-1992,2500,435,0,98.70465087890625,0,435,455,-20
165464621,435,-1992,2500,435,0,98.70465087890625,0,435,455,-20
165484613,435,-1992,2500,435,0,98.70465087890625,0,435,457,-22
165504605,435,-1992,2500,435,0,98.70465087890625,0,435,458,-23
165524597,435,-1992,2500,435,0,98.82061767578125,0,435,458,-23
165544589,435,-1992,2500,435,0,98.82061767578125,0,435,457,-22
165564581,435,-1992,2500,435,0,98.82061767578125,0,435,456,-21
165584573,435,-1992,2500,435,0,98.82061767578125,0,435,455,-20
165604565,435,-1992,2500,435,0,98.82061767578125,0,435,454,-19
165624557,439,-1992,2500,439,0,98.743858337402344,0,439,454,-15
165644549,439,-1992,2500,439,0,98.743858337402344,0,439,455,-16
165664541,439,-1992,2500,439,0,98.743858337402344,0,439,457,-18
165684533,439,-1992,2500,439,0,98.743858337402344,0,439,459,-20
165704525,439,-1992,2500,439,0,98.743858337402344,0,439,462,-23
165724517,441,-1992,2500,441,0,98.776481628417969,0,441,464,-23
165744509,441,-1992,2500,441,0,98.776481628417969,0,441,465,-24
165764501,441,-1992,2500,441,0,98.776481628417969,0,441,466,-25
165784493,441,-1992,2500,441,0,98.776481628417969,0,441,466,-25
165804485,441,-1992,2500,441,0,98.776481628417969,0,441,464,-23
165824477,421,-1992,2500,421,0,98.953178405761719,0,421,462,-41
165844469,421,-1992,2500,421,0,98.953178405761719,0,421,459,-38
165864461,421,-1992,2500,421,0,98.953178405761719,0,421,459,-38
165884453,421,-1992,2500,421,0,98.953178405761719,0,421,458,-37
165904445,421,-1992,2500,421,0,98.953178405761719,0,421,458,-37
165924437,433,-1992,2500,433,0,98.793060302734375,0,433,458,-25
165944429,433,-1992,2500,433,0,98.793060302734375,0,433,458,-25
165964421,433,-1992,2500,433,0,98.793060302734375,0,433,458,-25
165984413,433,-1992,2500,433,0,98.793060302734375,0,433,458,-25
166004405,433,-1992,2500,433,0,98.793060302734375,0,433,457,-24
166024397,432,-1992,2500,432,0,98.886421203613281,0,432,455,-23
166044389,432,-1992,2500,432,0,98.886421203613281,0,432,453,-21
166064381,432,-1992,2500,432,0,98.886421203613281,0,432,452,-20
166084373,432,-1992,2500,432,0,98.886421203613281,0,432,452,-20
166104365,432,-1992,2500,432,0,98.886421203613281,0,432,450,-18
166124357,422,-1992,2500,422,0,98.884323120117188,0,422,448,-26
166144349,422,-1992,2500,422,0,98.884323120117188,0,422,445,-23
166164341,422,-1992,2500,422,0,98.884323120117188,0,422,443,-21
166184333,422,-1992,2500,422,0,98.884323120117188,0,422,442,-20
166204325,422,-1992,2500,422,0,98.884323120117188,0,422,442,-20
166224317,445,-1992,2500,445,0,98.611053466796875,0,445,441,4
166245142,445,-1992,2500,445,0,98.611053466796875,0,445,440,5
166265134,445,-1992,2500,445,0,98.611053466796875,0,445,440,5
166285126,445,-1992,2500,445,0,98.611053466796875,0,445,441,4
166305118,445,-1992,2500,445,0,98.611053466796875,0,445,441,4
166325110,436,-1992,2500,436,0,99.084999084472656,0,436,441,-5
166345102,436,-1992,2500,436,0,99.084999084472656,0,436,442,-6
166365094,436,-1992,2500,436,0,99.084999084472656,0,436,442,-6
166385086,436,-1992,2500,436,0,99.084999084472656,0,436,443,-7
166405078,436,-1992,2500,436,0,99.084999084472656,0,436,445,-9
166425070,430,-1991,2500,430,0,98.8486328125,0,430,445,-15
166445062,430,-1991,2500,430,0,98.8486328125,0,430,445,-15
166465054,430,-1991,2500,430,0,98.8486328125,0,430,446,-16
166485046,430,-1991,2500,430,0,98.8486328125,0,430,449,-19
166505038,430,-1991,2500,430,0,98.8486328125,0,430,453,-23
166525030,437,-1991,2500,437,0,98.632049560546875,0,437,457,-20
166545022,437,-1991,2500,437,0,98.632049560546875,0,437,460,-23
166565014,437,-1991,2500,437,0,98.632049560546875,0,437,462,-25
166585006,437,-1991,2500,437,0,98.632049560546875,0,437,464,-27
166604998,437,-1991,2500,437,0,98.632049560546875,0,437,467,-30
166624990,421,-1991,2500,421,0,98.75787353515625,0,421,468,-47
166644982,421,-1991,2500,421,0,98.75787353515625,0,421,469,-48
166664974,421,-1991,2500,421,0,98.75787353515625,0,421,470,-49
166684966,421,-1991,2500,421,0,98.75787353515625,0,421,470,-49
166704958,421,-1991,2500,421,0,98.75787353515625,0,421,471,-50
166724950,418,-1991,2500,418,0,98.615715026855469,0,418,471,-53
166744942,418,-1991,2500,418,0,98.615715026855469,0,418,470,-52
166764934,418,-1991,2500,418,0,98.615715026855469,0,418,469,-51
166784926,418,-1991,2500,418,0,98.615715026855469,0,418,468,-50
166804918,418,-1991,2500,418,0,98.615715026855469,0,418,465,-47
166824910,407,-1991,2500,407,0,98.660423278808594,0,407,463,-56
166844902,407,-1991,2500,407,0,98.660423278808594,0,407,461,-54
166864894,407,-1991,2500,407,0,98.660423278808594,0,407,455,-48
166884886,407,-1991,2500,407,0,98.660423278808594,0,407,450,-43
166904878,407,-1991,2500,407,0,98.660423278808594,0,407,446,-39
166924870,428,-1991,2500,428,0,98.363662719726562,0,428,443,-15
166944862,428,-1991,2500,428,0,98.363662719726562,0,428,441,-13
166964854,428,-1991,2500,428,0,98.363662719726562,0,428,439,-11
166984846,428,-1991,2500,428,0,98.363662719726562,0,428,437,-9
167004838,428,-1991,2500,428,0,98.363662719726562,0,428,436,-8
167024830,439,-1991,2500,439,0,98.665596008300781,0,439,435,4
167044822,439,-1991,2500,439,0,98.665596008300781,0,439,433,6
167064814,439,-1991,2500,1487,0,98.665596008300781,0,1487,432,1055
167084806,439,-1991,2500,1487,0,98.665596008300781,0,1487,432,1055
167104798,439,-1992,2500,1488,0,98.665596008300781,0,1488,433,1055
167124790,569,-1992,2500,569,0,98.415496826171875,0,569,437,132
167144782,569,-1992,2500,569,0,98.415496826171875,0,569,446,123
167164774,569,-1992,2500,569,0,98.415496826171875,0,569,460,109
167184766,569,-1993,2500,569,0,98.415496826171875,0,569,478,91
167204758,569,-1993,2500,569,0,98.415496826171875,0,569,501,68
167224750,699,-1994,2500,699,0,98.243415832519531,0,699,526,173
167244742,699,-1995,2500,699,0,98.243415832519531,0,699,552,147
167264734,699,-1995,2500,699,0,98.243415832519531,0,699,578,121
167284726,699,-1995,2500,699,0,98.243415832519531,0,699,604,95
167304718,699,-1995,2500,699,0,98.243415832519531,0,699,629,70
167324710,818,-1995,2500,818,0,98.261497497558594,0,818,653,165
167344702,818,-1994,2500,818,0,98.261497497558594,0,818,675,143
167364694,818,-1993,2500,818,0,98.261497497558594,0,818,696,122
167384686,818,-1990,2500,818,0,98.261497497558594,0,818,714,104
167404678,818,-1987,2500,818,0,98.261497497558594,0,818,728,90
167424670,688,-1983,2500,688,0,98.446128845214844,0,688,742,-54
167444662,688,-1977,2500,688,0,98.446128845214844,0,688,754,-66
167464654,688,-1970,2500,688,0,98.446128845214844,0,688,765,-77
167484646,688,-1962,2500,688,0,98.446128845214844,0,688,775,-87
167504638,688,-1951,2500,688,0,98.446128845214844,0,688,784,-96
167524630,557,-1939,2500,557,0,97.65679931640625,0,557,790,-233
167544622,557,-1925,2500,557,0,97.65679931640625,0,557,795,-238
167564614,557,-1909,2500,557,0,97.65679931640625,0,557,798,-241
167584606,557,-1891,2500,557,0,97.65679931640625,0,557,799,-242
167604598,557,-1870,2500,557,0,97.65679931640625,0,557,798,-241
167624590,427,-1848,2500,427,0,97.062973022460938,0,427,796,-369
167644582,427,-1823,2500,427,0,97.062973022460938,0,427,792,-365
167664574,427,-1797,2500,427,0,97.062973022460938,0,427,787,-360
167684566,427,-1768,2500,427,0,97.062973022460938,0,427,779,-352
167704558,427,-1738,2500,427,0,97.062973022460938,0,427,768,-341
167724550,296,-1706,2500,296,0,97.822105407714844,0,296,755,-459
167744542,296,-1672,2500,296,0,97.822105407714844,0,296,741,-445
167764534,296,-1636,2500,296,0,97.822105407714844,0,296,726,-430
167784526,296,-1599,2500,296,0,97.822105407714844,0,296,711,-415
167804518,296,-1560,2500,296,0,97.822105407714844,0,296,694,-398
167824510,244,-1520,2500,244,0,99.837814331054688,0,244,675,-431
167844502,244,-1478,2500,244,0,99.837814331054688,0,244,655,-411
167864494,244,-1435,2500,244,0,99.837814331054688,0,244,636,-392
167884486,244,-1391,2500,244,0,99.837814331054688,0,244,616,-372
167904478,244,-1345,2500,244,0,99.837814331054688,0,244,596,-352
167924470,275,-1297,2500,275,0,100,0,275,577,-302
167944462,275,-1249,2500,275,0,100,0,275,558,-283
167964454,275,-1202,2500,275,0,100,0,275,541,-266
167984446,275,-1155,2500,275,0,100,0,275,526,-251
168004438,275,-1108,2500,275,0,100,0,275,513,-238
168024430,320,-1063,2500,320,0,97.094032287597656,0,320,503,-183
168044422,320,-1020,2500,320,0,97.094032287597656,0,320,496,-176
168064414,320,-979,2500,320,0,97.094032287597656,0,320,492,-172
168084406,320,-941,2500,320,0,97.094032287597656,0,320,490,-170
168104398,320,-906,2500,320,0,97.094032287597656,0,320,491,-171
168124390,260,-873,2500,260,0,37.237277984619141,0,260,494,-234
168144382,260,-844,2500,260,0,37.237277984619141,0,260,499,-239
168164374,260,-819,2500,260,0,37.237277984619141,0,260,507,-247
168184366,260,-796,2500,260,0,37.237277984619141,0,260,516,-256
168204358,260,-777,2500,260,0,37.237277984619141,0,260,524,-264
168224350,130,-761,2500,130,0,18.99755859375,0,130,532,-402
168244342,130,-748,2500,130,0,18.99755859375,0,130,540,-410
168264334,130,-738,2500,130,0,18.99755859375,0,130,547,-417
168284326,130,-730,2500,130,0,18.99755859375,0,130,553,-423
168304318,130,-725,2500,130,0,18.99755859375,0,130,561,-431
168324310,0,-722,2500,0,0,28.993555068969727,0,0,569,-569
168345135,0,-721,2500,0,0,28.993555068969727,0,0,575,-575
168365127,0,-723,2500,0,0,28.993555068969727,0,0,581,-581
168385119,0,-726,2500,0,0,28.993555068969727,0,0,585,-585
168405111,0,-731,2500,0,0,28.993555068969727,0,0,589,-589
168425103,-133,-737,2500,-133,0,39.072856903076172,0,-133,593,-726
168445095,-133,-744,2500,-133,0,39.072856903076172,0,-133,599,-732
168465087,-133,-752,2500,-133,0,39.072856903076172,0,-133,605,-738
168485079,-133,-761,2500,-133,0,39.072856903076172,0,-133,609,-742
168505071,-133,-770,2500,-133,0,39.072856903076172,0,-133,613,-746
168525063,-266,-780,2500,-266,0,49.068851470947266,0,-266,615,-881
168545055,-266,-790,2500,-266,0,49.068851470947266,0,-266,616,-882
168565047,-266,-800,2500,-266,0,49.068851470947266,0,-266,616,-882
168585039,-266,-811,2500,-266,0,49.068851470947266,0,-266,615,-881
168605031,-266,-821,2500,-266,0,49.068851470947266,0,-266,611,-877
168625023,-400,-831,2500,-400,0,59.124843597412109,0,-400,606,-1006
168645015,-400,-841,2500,-400,0,59.124843597412109,0,-400,598,-998
168665007,-400,-851,2500,-400,0,59.124843597412109,0,-400,589,-989
168684999,-400,-860,2500,-400,0,59.124843597412109,0,-400,579,-979
168704991,-400,-869,2500,-400,0,59.124843597412109,0,-400,568,-968
168724983,-535,-877,2500,-535,0,67.960212707519531,0,-535,555,-1090
168744975,-535,-885,2500,-535,0,67.960212707519531,0,-535,541,-1076
168764967,-535,-893,2500,-535,0,67.960212707519531,0,-535,527,-1062
168784959,-535,-900,2500,-535,0,67.960212707519531,0,-535,511,-1046
168804951,-535,-907,2500,-535,0,67.960212707519531,0,-535,493,-1028
168824943,-672,-913,2500,-672,0,64.299903869628906,0,-672,475,-1147
168844935,-672,-919,2500,-672,0,64.299903869628906,0,-672,456,-1128
168864927,-672,-924,2500,-672,0,64.299903869628906,0,-672,436,-1108
168884919,-672,-929,2500,-672,0,64.299903869628906,0,-672,414,-1086
168904911,-672,-934,2500,-672,0,64.299903869628906,0,-672,391,-1063
168924903,-810,-938,2500,-810,0,60.643611907958984,0,-810,366,-1176
168944895,-810,-942,2500,-810,0,60.643611907958984,0,-810,341,-1151
168964887,-810,-945,2500,-810,0,60.643611907958984,0,-810,317,-1127
168984879,-810,-948,2500,-810,0,60.643611907958984,0,-810,292,-1102
169004871,-810,-951,2500,-810,0,60.643611907958984,0,-810,265,-1075
169024863,-947,-953,2500,-947,0,57.992828369140625,0,-947,237,-1184
169044855,-947,-955,2500,-947,0,57.992828369140625,0,-947,209,-1156
169064847,-947,-957,2500,-947,0,57.992828369140625,0,-947,182,-1129
169084839,-947,-959,2500,-947,0,57.992828369140625,0,-947,154,-1101
169104831,-947,-960,2500,-947,0,57.992828369140625,0,-947,126,-1073
169124823,-1086,-962,2500,-962,0,56.840522766113281,0,-962,96,-1058
169144815,-1086,-963,2500,-963,0,56.840522766113281,0,-963,67,-1030
169164807,-1086,-964,2500,-964,0,56.840522766113281,0,-964,37,-1001
169184799,-1086,-965,2500,-965,0,56.840522766113281,0,-965,8,-973
169204791,-1086,-966,2500,-966,0,56.840522766113281,0,-966,-21,-945
169224783,-1225,-967,2500,-967,0,57.005477905273438,0,-967,-51,-916
169244775,-1225,-968,2500,-968,0,57.005477905273438,0,-968,-80,-888
169264767,-1225,-968,2500,-968,0,57.005477905273438,0,-968,-110,-858
169284759,-1225,-969,2500,-969,0,57.005477905273438,0,-969,-141,-828
169304751,-1225,-969,2500,-969,0,57.005477905273438,0,-969,-171,-798
169324743,-1364,-970,2500,-970,0,58.262790679931641,0,-970,-201,-769
169344735,-1364,-970,2500,-970,0,58.262790679931641,0,-970,-229,-741
169364727,-1364,-970,2500,-970,0,58.262790679931641,0,-970,-256,-714
169384719,-1364,-970,2500,-970,0,58.262790679931641,0,-970,-283,-687
169404711,-1364,-970,2500,-970,0,58.262790679931641,0,-970,-309,-661
169424703,-1424,-971,2500,-971,0,60.018409729003906,0,-971,-335,-636
169444695,-1424,-971,2500,-971,0,60.018409729003906,0,-971,-360,-611
169464687,-1424,-971,2500,-971,0,60.018409729003906,0,-971,-383,-588
169484679,-1424,-971,2500,-971,0,60.018409729003906,0,-971,-406,-565
169504671,-1424,-972,2500,-972,0,60.018409729003906,0,-972,-428,-544
169524663,-1407,-972,2500,-972,0,62.189163208007812,0,-972,-449,-523
169544655,-1407,-973,2500,-973,0,62.189163208007812,0,-973,-468,-505
169564647,-1407,-973,2500,-973,0,62.189163208007812,0,-973,-486,-487
169584639,-1407,-974,2500,-974,0,62.189163208007812,0,-974,-502,-472
169604631,-1407,-974,2500,-974,0,62.189163208007812,0,-974,-518,-456
169624623,-1387,-975,2500,-975,0,65.201988220214844,0,-975,-532,-443
169644615,-1387,-976,2500,-976,0,65.201988220214844,0,-976,-546,-430
169664607,-1387,-977,2500,-977,0,65.201988220214844,0,-977,-558,-419
169684599,-1387,-978,2500,-978,0,65.201988220214844,0,-978,-569,-409
169704591,-1387,-979,2500,-979,0,65.201988220214844,0,-979,-579,-400
169724583,-1375,-980,2500,-980,0,67.451301574707031,0,-980,-589,-391
169744575,-1375,-982,2500,-982,0,67.451301574707031,0,-982,-597,-385
169764567,-1375,-983,2500,-983,0,67.451301574707031,0,-983,-605,-378
169784559,-1375,-985,2500,-985,0,67.451301574707031,0,-985,-613,-372
169804551,-1375,-986,2500,-986,0,67.451301574707031,0,-986,-621,-365
169824543,-1352,-987,2500,-987,0,69.576576232910156,0,-987,-629,-358
169844535,-1352,-989,2500,-989,0,69.576576232910156,0,-989,-635,-354
169864527,-1352,-990,2500,-990,0,69.576576232910156,0,-990,-641,-349
169884519,-1352,-992,2500,-992,0,69.576576232910156,0,-992,-646,-346
169904511,-1352,-993,2500,-993,0,69.576576232910156,0,-993,-650,-343
169924503,-1327,-995,2500,-995,0,71.868431091308594,0,-995,-653,-342
169944495,-1327,-996,2500,-996,0,71.868431091308594,0,-996,-656,-340
169964487,-1327,-998,2500,-998,0,71.868431091308594,0,-998,-658,-340
169984479,-1327,-999,2500,-999,0,71.868431091308594,0,-999,-660,-339
170004471,-1327,-1000,2500,-1000,0,71.868431091308594,0,-1000,-662,-338
170024463,-1304,-1000,2500,-1000,0,73.669898986816406,0,-1000,-664,-336
170044455,-1304,-1001,2500,-1001,0,73.669898986816406,0,-1001,-666,-335
170064447,-1304,-1002,2500,-1002,0,73.669898986816406,0,-1002,-669,-333
170084439,-1304,-1002,2500,-1002,0,73.669898986816406,0,-1002,-672,-330
170104431,-1304,-1003,2500,-1003,0,73.669898986816406,0,-1003,-674,-329
170124423,-1274,-1003,2500,-1003,0,76.297660827636719,0,-1003,-676,-327
170144415,-1274,-1003,2500,-1003,0,76.297660827636719,0,-1003,-677,-326
170164407,-1274,-1003,2500,-1003,0,76.297660827636719,0,-1003,-678,-325
170184399,-1274,-1003,2500,-1003,0,76.297660827636719,0,-1003,-680,-323
170204391,-1274,-1003,2500,-1003,0,76.297660827636719,0,-1003,-681,-322
170224383,-1243,-1002,2500,-1002,0,78.696479797363281,0,-1002,-681,-321
170244375,-1243,-1002,2500,-1002,0,78.696479797363281,0,-1002,-681,-321
170264367,-1243,-1002,2500,-1002,0,78.696479797363281,0,-1002,-681,-321
170284359,-1243,-1001,2500,-1001,0,78.696479797363281,0,-1001,-681,-320
170304351,-1243,-1001,2500,-1001,0,78.696479797363281,0,-1001,-681,-320
170324343,-1213,-1000,2500,-1000,0,81.292045593261719,0,-1000,-682,-318
170344335,-1213,-999,2500,-999,0,81.292045593261719,0,-999,-682,-317
170364327,-1213,-999,2500,-999,0,81.292045593261719,0,-999,-683,-316
170384319,-1213,-999,2500,-999,0,81.292045593261719,0,-999,-682,-317
170404311,-1213,-999,2500,-999,0,81.292045593261719,0,-999,-682,-317
170425136,-1146,-999,2500,-999,0,83.398185729980469,0,-999,-682,-317
170445128,-1146,-998,2500,-998,0,83.398185729980469,0,-998,-682,-316
170465120,-1146,-998,2500,-998,0,83.398185729980469,0,-998,-682,-316
170485112,-1146,-997,2500,-997,0,83.398185729980469,0,-997,-681,-316
170505104,-1146,-996,2500,-996,0,83.398185729980469,0,-996,-681,-315
170525096,-1092,-994,2500,-994,0,85.623344421386719,0,-994,-681,-313
170545088,-1092,-993,2500,-993,0,85.623344421386719,0,-993,-680,-313
170565080,-1092,-992,2500,-992,0,85.623344421386719,0,-992,-680,-312
170585072,-1092,-990,2500,-990,0,85.623344421386719,0,-990,-679,-311
170605064,-1092,-989,2500,-989,0,85.623344421386719,0,-989,-678,-311
170625056,-1026,-988,2500,-988,0,87.879714965820312,0,-988,-678,-310
170645048,-1026,-986,2500,-986,0,87.879714965820312,0,-986,-677,-309
170665040,-1026,-985,2500,-985,0,87.879714965820312,0,-985,-675,-310
170685032,-1026,-983,2500,-983,0,87.879714965820312,0,-983,-672,-311
170705024,-1026,-981,2500,-981,0,87.879714965820312,0,-981,-669,-312
170725016,-955,-980,2500,-955,0,90.016082763671875,0,-955,-665,-290
170745008,-955,-979,2500,-955,0,90.016082763671875,0,-955,-662,-293
170765000,-955,-977,2500,-955,0,90.016082763671875,0,-955,-659,-296
170784992,-955,-976,2500,-955,0,90.016082763671875,0,-955,-656,-299
170804984,-955,-975,2500,-955,0,90.016082763671875,0,-955,-654,-301
170824976,-898,-974,2500,-898,0,92.334327697753906,0,-898,-651,-247
170844968,-898,-973,2500,-898,0,92.334327697753906,0,-898,-650,-248
170864960,-898,-971,2500,-898,0,92.334327697753906,0,-898,-650,-248
170884952,-898,-970,2500,-898,0,92.334327697753906,0,-898,-649,-249
170904944,-898,-968,2500,-898,0,92.334327697753906,0,-898,-648,-250
170924936,-828,-967,2500,-828,0,93.968276977539062,0,-828,-645,-183
170944928,-828,-965,2500,-828,0,93.968276977539062,0,-828,-641,-187
170964920,-828,-964,2500,-828,0,93.968276977539062,0,-828,-636,-192
170984912,-828,-962,2500,-828,0,93.968276977539062,0,-828,-629,-199
171004904,-828,-961,2500,-828,0,93.968276977539062,0,-828,-623,-205
171024896,-766,-960,2500,-766,0,95.889472961425781,0,-766,-617,-149
171044888,-766,-959,2500,-766,0,95.889472961425781,0,-766,-610,-156
171064880,-766,-958,2500,-766,0,95.889472961425781,0,-766,-604,-162
171084872,-766,-957,2500,-766,0,95.889472961425781,0,-766,-598,-168
171104864,-766,-956,2500,-766,0,95.889472961425781,0,-766,-593,-173
171124856,-708,-955,2500,-708,0,97.237014770507812,0,-708,-588,-120
171144848,-708,-954,2500,-708,0,97.237014770507812,0,-708,-582,-126
171164840,-708,-953,2500,-708,0,97.237014770507812,0,-708,-575,-133
171184832,-708,-952,2500,-708,0,97.237014770507812,0,-708,-568,-140
171204824,-708,-951,2500,-708,0,97.237014770507812,0,-708,-560,-148
171224816,-654,-949,2500,-654,0,98.534942626953125,0,-654,-551,-103
171244808,-654,-948,2500,-654,0,98.534942626953125,0,-654,-542,-112
171264800,-654,-948,2500,-654,0,98.534942626953125,0,-654,-533,-121
171284792,-654,-947,2500,-654,0,98.534942626953125,0,-654,-522,-132
171304784,-654,-946,2500,-654,0,98.534942626953125,0,-654,-512,-142
171324776,-617,-944,2500,-617,0,100,0,-617,-502,-115
171344768,-617,-942,2500,-617,0,100,0,-617,-492,-125
171364760,-617,-941,2500,-617,0,100,0,-617,-481,-136
171384752,-617,-940,2500,-617,0,100,0,-617,-470,-147
171404744,-617,-938,2500,-617,0,100,0,-617,-459,-158
171424736,-538,-936,2500,-538,0,90.706184387207031,0,-538,-449,-89
171444728,-538,-934,2500,-538,0,90.706184387207031,0,-538,-437,-101
171464720,-538,-932,2500,-538,0,90.706184387207031,0,-538,-425,-113
171484712,-538,-930,2500,-538,0,90.706184387207031,0,-538,-413,-125
171504704,-538,-928,2500,-538,0,90.706184387207031,0,-538,-401,-137
171524696,-541,-927,2500,-541,0,82.200416564941406,0,-541,-389,-152
171544688,-541,-925,2500,-541,0,82.200416564941406,0,-541,-376,-165
171564680,-541,-923,2500,-541,0,82.200416564941406,0,-541,-363,-178
171584672,-541,-921,2500,-541,0,82.200416564941406,0,-541,-350,-191
171604664,-541,-920,2500,-541,0,82.200416564941406,0,-541,-337,-204
171624656,-667,-918,2500,-667,0,92.196418762207031,0,-667,-326,-341
171644648,-667,-916,2500,-667,0,92.196418762207031,0,-667,-316,-351
171664640,-667,-914,2500,-667,0,92.196418762207031,0,-667,-308,-359
171684632,-667,-912,2500,-667,0,92.196418762207031,0,-667,-300,-367
171704624,-667,-910,2500,-667,0,92.196418762207031,0,-667,-293,-374
171724616,-801,-909,2500,-801,0,94.726615905761719,0,-801,-286,-515
171744608,-801,-908,2500,-801,0,94.726615905761719,0,-801,-278,-523
171764600,-801,-906,2500,-801,0,94.726615905761719,0,-801,-271,-530
171784592,-801,-905,2500,-801,0,94.726615905761719,0,-801,-263,-538
171804584,-801,-904,2500,-801,0,94.726615905761719,0,-801,-255,-546
171824576,-786,-903,2500,-786,0,93.363456726074219,0,-786,-249,-537
171844568,-786,-902,2500,-786,0,93.363456726074219,0,-786,-243,-543
171864560,-786,-901,2500,-786,0,93.363456726074219,0,-786,-239,-547
171884552,-786,-900,2500,-786,0,93.363456726074219,0,-786,-235,-551
171904544,-786,-899,2500,-786,0,93.363456726074219,0,-786,-233,-553
171924536,-710,-899,2500,-710,0,94.137298583984375,0,-710,-233,-477
171944528,-710,-899,2500,-710,0,94.137298583984375,0,-710,-234,-476
171964520,-710,-899,2500,-710,0,94.137298583984375,0,-710,-237,-473
171984512,-710,-898,2500,-710,0,94.137298583984375,0,-710,-240,-470
172004504,-710,-897,2500,-710,0,94.137298583984375,0,-710,-245,-465
172024496,-640,-896,2500,-640,0,94.523117065429688,0,-640,-250,-390
172044488,-640,-895,2500,-640,0,94.523117065429688,0,-640,-253,-387
172064480,-640,-893,2500,-640,0,94.523117065429688,0,-640,-257,-383
172084472,-640,-891,2500,-640,0,94.523117065429688,0,-640,-262,-378
172104464,-640,-890,2500,-640,0,94.523117065429688,0,-640,-267,-373
172124456,-563,-889,2500,-563,0,94.653877258300781,0,-563,-271,-292
172144448,-563,-889,2500,-563,0,94.653877258300781,0,-563,-274,-289
172164440,-563,-888,2500,-563,0,94.653877258300781,0,-563,-274,-289
172184432,-563,-888,2500,-563,0,94.653877258300781,0,-563,-274,-289
172204424,-563,-888,2500,-563,0,94.653877258300781,0,-563,-273,-290
172224416,-512,-888,2500,-512,0,95.075119018554688,0,-512,-273,-239
172244408,-512,-889,2500,-512,0,95.075119018554688,0,-512,-270,-242
172264400,-512,-890,2500,-512,0,95.075119018554688,0,-512,-268,-244
172284392,-512,-891,2500,-512,0,95.075119018554688,0,-512,-265,-247
172304384,-512,-892,2500,-512,0,95.075119018554688,0,-512,-263,-249
172324376,-492,-894,2500,-492,0,93.774162292480469,0,-492,-259,-233
172344368,-492,-896,2500,-492,0,93.774162292480469,0,-492,-255,-237
172364360,-492,-898,2500,-492,0,93.774162292480469,0,-492,-252,-240
172384352,-492,-899,2500,-492,0,93.774162292480469,0,-492,-248,-244
172404344,-492,-900,2500,-492,0,93.774162292480469,0,-492,-244,-248
172424336,-477,-901,2500,-477,0,92.749076843261719,0,-477,-240,-237
172444328,-477,-901,2500,-477,0,92.749076843261719,0,-477,-237,-240
172464320,-477,-902,2500,-477,0,92.749076843261719,0,-477,-234,-243
172484312,-477,-902,2500,-477,0,92.749076843261719,0,-477,-231,-246
172505137,-477,-902,2500,-477,0,92.749076843261719,0,-477,-227,-250
172525129,-517,-902,2500,-517,0,92.805145263671875,0,-517,-223,-294
172545121,-517,-903,2500,-517,0,92.805145263671875,0,-517,-220,-297
172565113,-517,-903,2500,-517,0,92.805145263671875,0,-517,-216,-301
172585105,-517,-903,2500,-517,0,92.805145263671875,0,-517,-211,-306
172605097,-517,-903,2500,-517,0,92.805145263671875,0,-517,-206,-311
172625089,-520,-904,2500,-520,0,92.977951049804688,0,-520,-201,-319
172645081,-520,-905,2500,-520,0,92.977951049804688,0,-520,-196,-324
172665073,-520,-906,2500,-520,0,92.977951049804688,0,-520,-192,-328
172685065,-520,-907,2500,-520,0,92.977951049804688,0,-520,-189,-331
172705057,-520,-908,2500,-520,0,92.977951049804688,0,-520,-186,-334
172725049,-531,-909,2500,-531,0,93.081069946289062,0,-531,-182,-349
172745041,-531,-911,2500,-531,0,93.081069946289062,0,-531,-177,-354
172765033,-531,-912,2500,-531,0,93.081069946289062,0,-531,-173,-358
172785025,-531,-913,2500,-531,0,93.081069946289062,0,-531,-168,-363
172805017,-531,-914,2500,-531,0,93.081069946289062,0,-531,-165,-366
172825009,-525,-915,2500,-525,0,92.497764587402344,0,-525,-163,-362
172845001,-525,-917,2500,-525,0,92.497764587402344,0,-525,-160,-365
172864993,-525,-919,2500,-525,0,92.497764587402344,0,-525,-157,-368
172884985,-525,-920,2500,-525,0,92.497764587402344,0,-525,-154,-371
172904977,-525,-922,2500,-525,0,92.497764587402344,0,-525,-153,-372
172924969,-511,-923,2500,-511,0,91.763694763183594,0,-511,-153,-358
172944961,-511,-925,2500,-511,0,91.763694763183594,0,-511,-153,-358
172964953,-511,-926,2500,-511,0,91.763694763183594,0,-511,-155,-356
172984945,-511,-928,2500,-511,0,91.763694763183594,0,-511,-154,-357
173004937,-511,-930,2500,-511,0,91.763694763183594,0,-511,-152,-359
173024929,-510,-932,2500,-510,0,91.029594421386719,0,-510,-150,-360
173044921,-510,-934,2500,-510,0,91.029594421386719,0,-510,-147,-363
173064913,-510,-937,2500,-510,0,91.029594421386719,0,-510,-146,-364
173084905,-510,-940,2500,-510,0,91.029594421386719,0,-510,-145,-365
173104897,-510,-943,2500,-510,0,91.029594421386719,0,-510,-145,-365
173124889,-513,-946,2500,-513,0,89.346549987792969,0,-513,-146,-367
173144881,-513,-949,2500,-513,0,89.346549987792969,0,-513,-147,-366
173164873,-513,-952,2500,-513,0,89.346549987792969,0,-513,-147,-366
173184865,-513,-955,2500,-513,0,89.346549987792969,0,-513,-146,-367
173204857,-513,-959,2500,-513,0,89.346549987792969,0,-513,-145,-368
173224849,-529,-963,2500,-529,0,87.912666320800781,0,-529,-144,-385
173244841,-529,-967,2500,-529,0,87.912666320800781,0,-529,-143,-386
173264833,-529,-971,2500,-529,0,87.912666320800781,0,-529,-142,-387
173284825,-529,-975,2500,-529,0,87.912666320800781,0,-529,-141,-388
173304817,-529,-979,2500,-529,0,87.912666320800781,0,-529,-141,-388
173324809,-546,-983,2500,-546,0,86.035194396972656,0,-546,-141,-405
173344801,-546,-987,2500,-546,0,86.035194396972656,0,-546,-141,-405
173364793,-546,-991,2500,-546,0,86.035194396972656,0,-546,-140,-406
173384785,-546,-996,2500,-546,0,86.035194396972656,0,-546,-139,-407
173404777,-546,-1000,2500,-546,0,86.035194396972656,0,-546,-138,-408
173424769,-571,-1005,2500,-571,0,84.171669006347656,0,-571,-138,-433
173444761,-571,-1010,2500,-571,0,84.171669006347656,0,-571,-139,-432
173464753,-571,-1014,2500,-571,0,84.171669006347656,0,-571,-140,-431
173484745,-571,-1019,2500,-571,0,84.171669006347656,0,-571,-142,-429
173504737,-571,-1023,2500,-571,0,84.171669006347656,0,-571,-143,-428
173524729,-602,-1028,2500,-602,0,83.040077209472656,0,-602,-146,-456
173544721,-602,-1033,2500,-602,0,83.040077209472656,0,-602,-150,-452
173564713,-602,-1038,2500,-602,0,83.040077209472656,0,-602,-154,-448
173584705,-602,-1043,2500,-602,0,83.040077209472656,0,-602,-159,-443
173604697,-602,-1048,2500,-602,0,83.040077209472656,0,-602,-165,-437
173624689,-621,-1053,2500,-621,0,81.020103454589844,0,-621,-170,-451
173644681,-621,-1058,2500,-621,0,81.020103454589844,0,-621,-174,-447
173664673,-621,-1063,2500,-621,0,81.020103454589844,0,-621,-179,-442
173684665,-621,-1068,2500,-621,0,81.020103454589844,0,-621,-184,-437
173704657,-621,-1073,2500,-621,0,81.020103454589844,0,-621,-189,-432
173724649,-626,-1079,2500,-626,0,80.103286743164062,0,-626,-193,-433
173744641,-626,-1084,2500,-626,0,80.103286743164062,0,-626,-198,-428
173764633,-626,-1090,2500,-626,0,80.103286743164062,0,-626,-203,-423
173784625,-626,-1096,2500,-626,0,80.103286743164062,0,-626,-208,-418
173804617,-626,-1102,2500,-626,0,80.103286743164062,0,-626,-214,-412
173824609,-647,-1107,2500,-647,0,78.5274658203125,0,-647,-219,-428
173844601,-647,-1112,2500,-647,0,78.5274658203125,0,-647,-223,-424
173864593,-647,-1118,2500,-647,0,78.5274658203125,0,-647,-227,-420
173884585,-647,-1123,2500,-647,0,78.5274658203125,0,-647,-233,-414
173904577,-647,-1128,2500,-647,0,78.5274658203125,0,-647,-239,-408
173924569,-661,-1133,2500,-661,0,78.243568420410156,0,-661,-246,-415
173944561,-661,-1138,2500,-661,0,78.243568420410156,0,-661,-254,-407
173964553,-661,-1143,2500,-661,0,78.243568420410156,0,-661,-263,-398
173984545,-661,-1148,2500,-661,0,78.243568420410156,0,-661,-271,-390
174004537,-661,-1153,2500,-661,0,78.243568420410156,0,-661,-280,-381
174024529,-649,-1158,2500,-649,0,77.31878662109375,0,-649,-288,-361
174044521,-649,-1163,2500,-649,0,77.31878662109375,0,-649,-296,-353
174064513,-649,-1168,2500,-649,0,77.31878662109375,0,-649,-304,-345
174084505,-649,-1173,2500,-649,0,77.31878662109375,0,-649,-313,-336
174104497,-649,-1178,2500,-649,0,77.31878662109375,0,-649,-322,-327
174124489,-647,-1183,2500,-647,0,77.316436767578125,0,-647,-330,-317
174144481,-647,-1188,2500,-647,0,77.316436767578125,0,-647,-338,-309
174164473,-647,-1193,2500,-647,0,77.316436767578125,0,-647,-347,-300
174184465,-647,-1198,2500,-647,0,77.316436767578125,0,-647,-354,-293
174204457,-647,-1203,2500,-647,0,77.316436767578125,0,-647,-361,-286
174224449,-633,-1208,2500,-633,0,77.358314514160156,0,-633,-368,-265
174244441,-633,-1213,2500,-633,0,77.358314514160156,0,-633,-374,-259
174264433,-633,-1218,2500,-633,0,77.358314514160156,0,-633,-381,-252
174284425,-633,-1222,2500,-633,0,77.358314514160156,0,-633,-387,-246
174304417,-633,-1227,2500,-633,0,77.358314514160156,0,-633,-393,-240
174324409,-616,-1231,2500,-616,0,77.802986145019531,0,-616,-397,-219
174344401,-616,-1236,2500,-616,0,77.802986145019531,0,-616,-401,-215
174364393,-616,-1240,2500,-616,0,77.802986145019531,0,-616,-405,-211
174384385,-616,-1245,2500,-616,0,77.802986145019531,0,-616,-409,-207
174404377,-616,-1250,2500,-616,0,77.802986145019531,0,-616,-412,-204
174424369,-607,-1256,2500,-607,0,78.441940307617188,0,-607,-416,-191
174444361,-607,-1261,2500,-607,0,78.441940307617188,0,-607,-419,-188
174464353,-607,-1266,2500,-607,0,78.441940307617188,0,-607,-423,-184
174484345,-607,-1271,2500,-607,0,78.441940307617188,0,-607,-426,-181
174504337,-607,-1276,2500,-607,0,78.441940307617188,0,-607,-428,-179
174524329,-597,-1281,2500,-597,0,78.636154174804688,0,-597,-431,-166
174544321,-597,-1285,2500,-597,0,78.636154174804688,0,-597,-433,-164
174564313,-597,-1290,2500,-597,0,78.636154174804688,0,-597,-436,-161
174585138,-597,-1295,2500,-597,0,78.636154174804688,0,-597,-439,-158
174605130,-597,-1299,2500,-597,0,78.636154174804688,0,-597,-442,-155
174625122,-587,-1304,2500,-587,0,79.663124084472656,0,-587,-443,-144
174645114,-587,-1310,2500,-587,0,79.663124084472656,0,-587,-444,-143
174665106,-587,-1315,2500,-587,0,79.663124084472656,0,-587,-445,-142
174685098,-587,-1319,2500,-587,0,79.663124084472656,0,-587,-446,-141
174705090,-587,-1324,2500,-587,0,79.663124084472656,0,-587,-447,-140
174725082,-572,-1329,2500,-572,0,80.395271301269531,0,-572,-448,-124
174745074,-572,-1334,2500,-572,0,80.395271301269531,0,-572,-450,-122
174765066,-572,-1339,2500,-572,0,80.395271301269531,0,-572,-450,-122
174785058,-572,-1344,2500,-572,0,80.395271301269531,0,-572,-450,-122
174805050,-572,-1349,2500,-572,0,80.395271301269531,0,-572,-451,-121
174825042,-554,-1355,2500,-554,0,80.851219177246094,0,-554,-450,-104
174845034,-554,-1360,2500,-554,0,80.851219177246094,0,-554,-449,-105
174865026,-554,-1365,2500,-554,0,80.851219177246094,0,-554,-449,-105
174885018,-554,-1371,2500,-554,0,80.851219177246094,0,-554,-447,-107
174905010,-554,-1377,2500,-554,0,80.851219177246094,0,-554,-445,-109
174925002,-543,-1382,2500,-543,0,81.79595947265625,0,-543,-443,-100
174944994,-543,-1388,2500,-543,0,81.79595947265625,0,-543,-440,-103
174964986,-543,-1393,2500,-543,0,81.79595947265625,0,-543,-438,-105
174984978,-543,-1399,2500,-543,0,81.79595947265625,0,-543,-436,-107
175004970,-543,-1405,2500,-543,0,81.79595947265625,0,-543,-433,-110
175024962,-531,-1411,2500,-531,0,81.935760498046875,0,-531,-431,-100
175044954,-531,-1417,2500,-531,0,81.935760498046875,0,-531,-430,-101
175064946,-531,-1423,2500,-531,0,81.935760498046875,0,-531,-427,-104
175084938,-531,-1429,2500,-531,0,81.935760498046875,0,-531,-425,-106
175104930,-531,-1435,2500,-531,0,81.935760498046875,0,-531,-424,-107
175124922,-526,-1442,2500,-526,0,82.402397155761719,0,-526,-422,-104
175144914,-526,-1448,2500,-526,0,82.402397155761719,0,-526,-421,-105
175164906,-526,-1455,2500,-526,0,82.402397155761719,0,-526,-421,-105
175184898,-526,-1462,2500,-526,0,82.402397155761719,0,-526,-422,-104
175204890,-526,-1468,2500,-526,0,82.402397155761719,0,-526,-422,-104
175224882,-512,-1475,2500,-512,0,82.637504577636719,0,-512,-423,-89
175244874,-512,-1481,2500,-512,0,82.637504577636719,0,-512,-424,-88
175264866,-512,-1487,2500,-512,0,82.637504577636719,0,-512,-424,-88
175284858,-512,-1493,2500,-512,0,82.637504577636719,0,-512,-423,-89
175304850,-512,-1500,2500,-512,0,82.637504577636719,0,-512,-421,-91
175324842,-507,-1506,2500,-507,0,82.836517333984375,0,-507,-420,-87
175344834,-507,-1513,2500,-507,0,82.836517333984375,0,-507,-419,-88
175364826,-507,-1519,2500,-507,0,82.836517333984375,0,-507,-419,-88
175384818,-507,-1525,2500,-507,0,82.836517333984375,0,-507,-418,-89
175404810,-507,-1531,2500,-507,0,82.836517333984375,0,-507,-418,-89
175424802,-486,-1537,2500,-486,0,82.719711303710938,0,-486,-418,-68
175444794,-486,-1542,2500,-486,0,82.719711303710938,0,-486,-418,-68
175464786,-486,-1548,2500,-486,0,82.719711303710938,0,-486,-418,-68
175484778,-486,-1554,2500,-486,0,82.719711303710938,0,-486,-418,-68
175504770,-486,-1560,2500,-486,0,82.719711303710938,0,-486,-419,-67
175524762,-476,-1566,2500,-476,0,83.453712463378906,0,-476,-419,-57
175544754,-476,-1572,2500,-476,0,83.453712463378906,0,-476,-418,-58
175564746,-476,-1578,2500,-476,0,83.453712463378906,0,-476,-417,-59
175584738,-476,-1584,2500,-476,0,83.453712463378906,0,-476,-416,-60
175604730,-476,-1590,2500,-476,0,83.453712463378906,0,-476,-414,-62
175624722,-459,-1597,2500,-459,0,83.376739501953125,0,-459,-411,-48
175644714,-459,-1603,2500,-459,0,83.376739501953125,0,-459,-408,-51
175664706,-459,-1609,2500,-459,0,83.376739501953125,0,-459,-406,-53
175684698,-459,-1615,2500,-459,0,83.376739501953125,0,-459,-405,-54
175704690,-459,-1621,2500,-459,0,83.376739501953125,0,-459,-405,-54
175724682,-459,-1626,2500,-459,0,83.7681884765625,0,-459,-406,-53
175744674,-459,-1632,2500,-459,0,83.7681884765625,0,-459,-407,-52
175764666,-459,-1638,2500,-459,0,83.7681884765625,0,-459,-408,-51
175784658,-459,-1643,2500,-459,0,83.7681884765625,0,-459,-410,-49
175804650,-459,-1648,2500,-459,0,83.7681884765625,0,-459,-412,-47
175824642,-434,-1654,2500,-434,0,84.110519409179688,0,-434,-414,-20
175844634,-434,-1659,2500,-434,0,84.110519409179688,0,-434,-415,-19
175864626,-434,-1664,2500,-434,0,84.110519409179688,0,-434,-418,-16
175884618,-434,-1668,2500,-434,0,84.110519409179688,0,-434,-420,-14
175904610,-434,-1673,2500,-434,0,84.110519409179688,0,-434,-422,-12
175924602,-424,-1678,2500,-424,0,84.436973571777344,0,-424,-424,0
175944594,-424,-1683,2500,-424,0,84.436973571777344,0,-424,-426,2
175964586,-424,-1687,2500,-424,0,84.436973571777344,0,-424,-428,4
175984578,-424,-1692,2500,-424,0,84.436973571777344,0,-424,-429,5
176004570,-424,-1696,2500,-424,0,84.436973571777344,0,-424,-430,6
176024562,-401,-1700,2500,-401,0,84.698974609375,0,-401,-430,29
176044554,-401,-1704,2500,-401,0,84.698974609375,0,-401,-430,29
176064546,-401,-1708,2500,-401,0,84.698974609375,0,-401,-428,27
176084538,-401,-1712,2500,-401,0,84.698974609375,0,-401,-425,24
176104530,-401,-1716,2500,-401,0,84.698974609375,0,-401,-423,22
176124522,-378,-1720,2500,-378,0,84.971527099609375,0,-378,-422,44
176144514,-378,-1724,2500,-378,0,84.971527099609375,0,-378,-420,42
176164506,-378,-1728,2500,-378,0,84.971527099609375,0,-378,-419,41
176184498,-378,-1731,2500,-378,0,84.971527099609375,0,-378,-417,39
176204490,-378,-1735,2500,-378,0,84.971527099609375,0,-378,-413,35
176224482,-368,-1739,2500,-368,0,85.588645935058594,0,-368,-411,43
176244474,-368,-1744,2500,-368,0,85.588645935058594,0,-368,-409,41
176264466,-368,-1748,2500,-368,0,85.588645935058594,0,-368,-406,38
176284458,-368,-1752,2500,-368,0,85.588645935058594,0,-368,-404,36
176304450,-368,-1756,2500,-368,0,85.588645935058594,0,-368,-402,34
176324442,-361,-1760,2500,-361,0,86.038108825683594,0,-361,-401,40
176344434,-361,-1764,2500,-361,0,86.038108825683594,0,-361,-398,37
176364426,-361,-1767,2500,-361,0,86.038108825683594,0,-361,-395,34
176384418,-361,-1771,2500,-361,0,86.038108825683594,0,-361,-391,30
176404410,-361,-1775,2500,-361,0,86.038108825683594,0,-361,-388,27
176424402,-360,-1778,2500,-360,0,86.021034240722656,0,-360,-384,24
176444394,-360,-1782,2500,-360,0,86.021034240722656,0,-360,-380,20
176464386,-360,-1785,2500,-360,0,86.021034240722656,0,-360,-377,17
176484378,-360,-1788,2500,-360,0,86.021034240722656,0,-360,-372,12
176504370,-360,-1792,2500,-360,0,86.021034240722656,0,-360,-366,6
176524362,-354,-1795,2500,-354,0,86.812690734863281,0,-354,-360,6
176544354,-354,-1799,2500,-354,0,86.812690734863281,0,-354,-356,2
176564346,-354,-1802,2500,-354,0,86.812690734863281,0,-354,-352,-2
176584338,-354,-1806,2500,-354,0,86.812690734863281,0,-354,-348,-6
176604330,-354,-1809,2500,-354,0,86.812690734863281,0,-354,-344,-10
176624322,-357,-1812,2500,-357,0,86.837905883789062,0,-357,-339,-18
176644314,-357,-1816,2500,-357,0,86.837905883789062,0,-357,-336,-21
176665139,-357,-1819,2500,-357,0,86.837905883789062,0,-357,-332,-25
176685131,-357,-1822,2500,-357,0,86.837905883789062,0,-357,-328,-29
176705123,-357,-1825,2500,-357,0,86.837905883789062,0,-357,-325,-32
176725115,-357,-1828,2500,-357,0,86.811920166015625,0,-357,-321,-36
176745107,-357,-1831,2500,-357,0,86.811920166015625,0,-357,-318,-39
176765099,-357,-1834,2500,-357,0,86.811920166015625,0,-357,-316,-41
176785091,-357,-1837,2500,-357,0,86.811920166015625,0,-357,-315,-42
176805083,-357,-1840,2500,-357,0,86.811920166015625,0,-357,-315,-42
176825075,-354,-1843,2500,-354,0,87.061973571777344,0,-354,-316,-38
176845067,-354,-1846,2500,-354,0,87.061973571777344,0,-354,-319,-35
176865059,-354,-1849,2500,-354,0,87.061973571777344,0,-354,-323,-31
176885051,-354,-1852,2500,-354,0,87.061973571777344,0,-354,-328,-26
176905043,-354,-1855,2500,-354,0,87.061973571777344,0,-354,-333,-21
176925035,-323,-1858,2500,-323,0,87.192253112792969,0,-323,-339,16
176945027,-323,-1861,2500,-323,0,87.192253112792969,0,-323,-343,20
176965019,-323,-1864,2500,-323,0,87.192253112792969,0,-323,-347,24
176985011,-323,-1866,2500,-323,0,87.192253112792969,0,-323,-351,28
177005003,-323,-1869,2500,-323,0,87.192253112792969,0,-323,-354,31
177024995,-294,-1871,2500,-294,0,86.761161804199219,0,-294,-359,65
177044987,-294,-1874,2500,-294,0,86.761161804199219,0,-294,-364,70
177064979,-294,-1876,2500,-294,0,86.761161804199219,0,-294,-368,74
177084971,-294,-1878,2500,-294,0,86.761161804199219,0,-294,-372,78
177104963,-294,-1880,2500,-294,0,86.761161804199219,0,-294,-375,81
177124955,-277,-1882,2500,-277,0,87.088325500488281,0,-277,-377,100
177144947,-277,-1884,2500,-277,0,87.088325500488281,0,-277,-379,102
177164939,-277,-1885,2500,-277,0,87.088325500488281,0,-277,-380,103
177184931,-277,-1887,2500,-277,0,87.088325500488281,0,-277,-380,103
177204923,-277,-1889,2500,-277,0,87.088325500488281,0,-277,-379,102
177224915,-266,-1891,2500,-266,0,87.2213134765625,0,-266,-377,111
177244907,-266,-1893,2500,-266,0,87.2213134765625,0,-266,-377,111
177264899,-266,-1894,2500,-266,0,87.2213134765625,0,-266,-376,110
177284891,-266,-1896,2500,-266,0,87.2213134765625,0,-266,-373,107
177304883,-266,-1898,2500,-266,0,87.2213134765625,0,-266,-370,104
177324875,-268,-1899,2500,-268,0,87.688644409179688,0,-268,-367,99
177344867,-268,-1900,2500,-268,0,87.688644409179688,0,-268,-363,95
177364859,-268,-1902,2500,-268,0,87.688644409179688,0,-268,-360,92
177384851,-268,-1903,2500,-268,0,87.688644409179688,0,-268,-357,89
177404843,-268,-1904,2500,-268,0,87.688644409179688,0,-268,-352,84
177424835,-280,-1906,2500,-280,0,87.77789306640625,0,-280,-347,67
177444827,-280,-1907,2500,-280,0,87.77789306640625,0,-280,-343,63
177464819,-280,-1909,2500,-280,0,87.77789306640625,0,-280,-338,58
177484811,-280,-1910,2500,-280,0,87.77789306640625,0,-280,-332,52
177504803,-280,-1911,2500,-280,0,87.77789306640625,0,-280,-327,47
177524795,-289,-1913,2500,-289,0,88.502754211425781,0,-289,-324,35
177544787,-289,-1914,2500,-289,0,88.502754211425781,0,-289,-321,32
177564779,-289,-1915,2500,-289,0,88.502754211425781,0,-289,-318,29
177584771,-289,-1916,2500,-289,0,88.502754211425781,0,-289,-315,26
177604763,-289,-1918,2500,-289,0,88.502754211425781,0,-289,-311,22
177624755,-295,-1919,2500,-295,0,88.608444213867188,0,-295,-308,13
177644747,-295,-1921,2500,-295,0,88.608444213867188,0,-295,-306,11
177664739,-295,-1922,2500,-295,0,88.608444213867188,0,-295,-303,8
177684731,-295,-1923,2500,-295,0,88.608444213867188,0,-295,-302,7
177704723,-295,-1925,2500,-295,0,88.608444213867188,0,-295,-301,6
177724715,-285,-1926,2500,-285,0,88.856155395507812,0,-285,-301,16
177744707,-285,-1927,2500,-285,0,88.856155395507812,0,-285,-302,17
177764699,-285,-1928,2500,-285,0,88.856155395507812,0,-285,-303,18
177784691,-285,-1930,2500,-285,0,88.856155395507812,0,-285,-305,20
177804683,-285,-1931,2500,-285,0,88.856155395507812,0,-285,-307,22
177824675,-274,-1932,2500,-274,0,88.999565124511719,0,-274,-310,36
177844667,-274,-1934,2500,-274,0,88.999565124511719,0,-274,-313,39
177864659,-274,-1935,2500,-274,0,88.999565124511719,0,-274,-313,39
177884651,-274,-1936,2500,-274,0,88.999565124511719,0,-274,-314,40
177904643,-274,-1937,2500,-274,0,88.999565124511719,0,-274,-313,39
177924635,-237,-1939,2500,-237,0,88.471694946289062,0,-237,-313,76
177944627,-237,-1940,2500,-237,0,88.471694946289062,0,-237,-313,76
177964619,-237,-1941,2500,-237,0,88.471694946289062,0,-237,-312,75
177984611,-237,-1942,2500,-237,0,88.471694946289062,0,-237,-312,75
178004603,-237,-1944,2500,-237,0,88.471694946289062,0,-237,-312,75
178024595,-241,-1945,2500,-241,0,88.374275207519531,0,-241,-311,70
178044587,-241,-1946,2500,-241,0,88.374275207519531,0,-241,-310,69
178064579,-241,-1947,2500,-241,0,88.374275207519531,0,-241,-310,69
178084571,-241,-1948,2500,-241,0,88.374275207519531,0,-241,-309,68
178104563,-241,-1949,2500,-241,0,88.374275207519531,0,-241,-309,68
178124555,-248,-1950,2500,-248,0,88.514442443847656,0,-248,-308,60
178144547,-248,-1951,2500,-248,0,88.514442443847656,0,-248,-308,60
178164539,-248,-1952,2500,-248,0,88.514442443847656,0,-248,-307,59
178184531,-248,-1953,2500,-248,0,88.514442443847656,0,-248,-305,57
178204523,-248,-1953,2500,-248,0,88.514442443847656,0,-248,-304,56
178224515,-258,-1954,2500,-258,0,88.295661926269531,0,-258,-304,46
178244507,-258,-1955,2500,-258,0,88.295661926269531,0,-258,-304,46
178264499,-258,-1956,2500,-258,0,88.295661926269531,0,-258,-304,46
178284491,-258,-1957,2500,-258,0,88.295661926269531,0,-258,-305,47
178304483,-258,-1958,2500,-258,0,88.295661926269531,0,-258,-305,47
178324475,-257,-1959,2500,-257,0,88.533378601074219,0,-257,-304,47
178344467,-257,-1959,2500,-257,0,88.533378601074219,0,-257,-303,46
178364459,-257,-1960,2500,-257,0,88.533378601074219,0,-257,-302,45
178384451,-257,-1961,2500,-257,0,88.533378601074219,0,-257,-300,43
178404443,-257,-1962,2500,-257,0,88.533378601074219,0,-257,-298,41
178424435,-272,-1962,2500,-272,0,88.569107055664062,0,-272,-296,24
178444427,-272,-1963,2500,-272,0,88.569107055664062,0,-272,-296,24
178464419,-272,-1963,2500,-272,0,88.569107055664062,0,-272,-296,24
178484411,-272,-1964,2500,-272,0,88.569107055664062,0,-272,-296,24
178504403,-272,-1965,2500,-272,0,88.569107055664062,0,-272,-296,24
178524395,-268,-1965,2500,-268,0,88.808547973632812,0,-268,-296,28
178544387,-268,-1966,2500,-268,0,88.808547973632812,0,-268,-295,27
178564379,-268,-1966,2500,-268,0,88.808547973632812,0,-268,-295,27
178584371,-268,-1967,2500,-268,0,88.808547973632812,0,-268,-295,27
178604363,-268,-1967,2500,-268,0,88.808547973632812,0,-268,-297,29
178624355,-269,-1968,2500,-269,0,88.685592651367188,0,-269,-299,30
178644347,-269,-1968,2500,-269,0,88.685592651367188,0,-269,-301,32
178664339,-269,-1969,2500,-269,0,88.685592651367188,0,-269,-304,35
178684331,-269,-1969,2500,-269,0,88.685592651367188,0,-269,-306,37
178704323,-269,-1970,2500,-269,0,88.685592651367188,0,-269,-310,41
178724315,-266,-1970,2500,-266,0,88.605972290039062,0,-266,-315,49
178745140,-266,-1971,2500,-266,0,88.605972290039062,0,-266,-319,53
178765132,-266,-1971,2500,-266,0,88.605972290039062,0,-266,-321,55
178785124,-266,-1972,2500,-266,0,88.605972290039062,0,-266,-323,57
178805116,-266,-1972,2500,-266,0,88.605972290039062,0,-266,-323,57
178825108,-241,-1973,2500,-241,0,88.681236267089844,0,-241,-322,81
178845100,-241,-1973,2500,-241,0,88.681236267089844,0,-241,-321,80
178865092,-241,-1973,2500,-241,0,88.681236267089844,0,-241,-321,80
178885084,-241,-1974,2500,-241,0,88.681236267089844,0,-241,-321,80
178905076,-241,-1974,2500,-241,0,88.681236267089844,0,-241,-323,82
178925068,-256,-1974,2500,-256,0,88.598503112792969,0,-256,-324,68
178945060,-256,-1975,2500,-256,0,88.598503112792969,0,-256,-324,68
178965052,-256,-1975,2500,-256,0,88.598503112792969,0,-256,-324,68
178985044,-256,-1976,2500,-256,0,88.598503112792969,0,-256,-324,68
179005036,-256,-1976,2500,-256,0,88.598503112792969,0,-256,-324,68
179025028,-247,-1976,2500,-247,0,88.609970092773438,0,-247,-324,77
179045020,-247,-1977,2500,-247,0,88.609970092773438,0,-247,-323,76
179065012,-247,-1977,2500,-247,0,88.609970092773438,0,-247,-321,74
179085004,-247,-1978,2500,-247,0,88.609970092773438,0,-247,-319,72
179104996,-247,-1978,2500,-247,0,88.609970092773438,0,-247,-318,71
179124988,-267,-1978,2500,-267,0,88.731437683105469,0,-267,-318,51
179144980,-267,-1979,2500,-267,0,88.731437683105469,0,-267,-317,50
179164972,-267,-1979,2500,-267,0,88.731437683105469,0,-267,-315,48
179184964,-267,-1980,2500,-267,0,88.731437683105469,0,-267,-314,47
179204956,-267,-1980,2500,-267,0,88.731437683105469,0,-267,-313,46
179224948,-269,-1980,2500,-269,0,88.981536865234375,0,-269,-312,43
179244940,-269,-1981,2500,-269,0,88.981536865234375,0,-269,-311,42
179264932,-269,-1981,2500,-269,0,88.981536865234375,0,-269,-311,42
179284924,-269,-1981,2500,-269,0,88.981536865234375,0,-269,-312,43
179304916,-269,-1982,2500,-269,0,88.981536865234375,0,-269,-313,44
179324908,-269,-1982,2500,-269,0,88.778938293457031,0,-269,-313,44
179344900,-269,-1982,2500,-269,0,88.778938293457031,0,-269,-312,43
179364892,-269,-1983,2500,-269,0,88.778938293457031,0,-269,-312,43
179384884,-269,-1983,2500,-269,0,88.778938293457031,0,-269,-313,44
179404876,-269,-1983,2500,-269,0,88.778938293457031,0,-269,-314,45
179424868,-262,-1984,2500,-262,0,88.823806762695312,0,-262,-315,53
179444860,-262,-1984,2500,-262,0,88.823806762695312,0,-262,-315,53
179464852,-262,-1984,2500,-262,0,88.823806762695312,0,-262,-316,54
179484844,-262,-1985,2500,-262,0,88.823806762695312,0,-262,-316,54
179504836,-262,-1985,2500,-262,0,88.823806762695312,0,-262,-317,55
179524828,-270,-1985,2500,-270,0,88.808868408203125,0,-270,-317,47
179544820,-270,-1986,2500,-270,0,88.808868408203125,0,-270,-317,47
179564812,-270,-1986,2500,-270,0,88.808868408203125,0,-270,-317,47
179584804,-270,-1986,2500,-270,0,88.808868408203125,0,-270,-316,46
179604796,-270,-1986,2500,-270,0,88.808868408203125,0,-270,-314,44
179624788,-272,-1987,2500,-272,0,88.835487365722656,0,-272,-313,41
179644780,-272,-1987,2500,-272,0,88.835487365722656,0,-272,-312,40
179664772,-272,-1987,2500,-272,0,88.835487365722656,0,-272,-311,39
179684764,-272,-1987,2500,-272,0,88.835487365722656,0,-272,-310,38
179704756,-272,-1987,2500,-272,0,88.835487365722656,0,-272,-309,37
179724748,-276,-1987,2500,-276,0,88.2681884765625,0,-276,-309,33
179744740,-276,-1988,2500,-276,0,88.2681884765625,0,-276,-309,33
179764732,-276,-1988,2500,-276,0,88.2681884765625,0,-276,-310,34
179784724,-276,-1988,2500,-276,0,88.2681884765625,0,-276,-312,36
179804716,-276,-1988,2500,-276,0,88.2681884765625,0,-276,-314,38
179824708,-287,-1988,2500,-287,0,88.674057006835938,0,-287,-316,29
179844700,-287,-1989,2500,-287,0,88.674057006835938,0,-287,-318,31
179864692,-287,-1989,2500,-287,0,88.674057006835938,0,-287,-321,34
179884684,-287,-1989,2500,-287,0,88.674057006835938,0,-287,-322,35
179904676,-287,-1989,2500,-287,0,88.674057006835938,0,-287,-323,36
179924668,-277,-1989,2500,-277,0,88.226646423339844,0,-277,-323,46
179944660,-277,-1989,2500,-277,0,88.226646423339844,0,-277,-324,47
179964652,-277,-1989,2500,-277,0,88.226646423339844,0,-277,-325,48
179984644,-277,-1990,2500,-277,0,88.226646423339844,0,-277,-325,48
180004636,-277,-1990,2500,-277,0,88.226646423339844,0,-277,-327,50
180024628,-281,-1990,2500,-281,0,88.268775939941406,0,-281,-329,48
180044620,-281,-1990,2500,-281,0,88.268775939941406,0,-281,-332,51
180064612,-281,-1990,2500,-281,0,88.268775939941406,0,-281,-333,52
180084604,-281,-1990,2500,-281,0,88.268775939941406,0,-281,-334,53
180104596,-281,-1990,2500,-281,0,88.268775939941406,0,-281,-333,52
180124588,-272,-1990,2500,-272,0,88.040130615234375,0,-272,-332,60
180144580,-272,-1991,2500,-272,0,88.040130615234375,0,-272,-331,59
180164572,-272,-1991,2500,-272,0,88.040130615234375,0,-272,-330,58
180184564,-272,-1991,2500,-272,0,88.040130615234375,0,-272,-330,58
180204556,-272,-1991,2500,-272,0,88.040130615234375,0,-272,-329,57
180224548,-293,-1991,2500,-293,0,88.097122192382812,0,-293,-328,35
180244540,-293,-1991,2500,-293,0,88.097122192382812,0,-293,-327,34
180264532,-293,-1992,2500,-293,0,88.097122192382812,0,-293,-326,33
180284524,-293,-1992,2500,-293,0,88.097122192382812,0,-293,-326,33
180304516,-293,-1992,2500,-293,0,88.097122192382812,0,-293,-326,33
180324508,-296,-1992,2500,-296,0,88.02630615234375,0,-296,-326,30
180344500,-296,-1992,2500,-296,0,88.02630615234375,0,-296,-325,29
180364492,-296,-1992,2500,-296,0,88.02630615234375,0,-296,-324,28
180384484,-296,-1993,2500,-296,0,88.02630615234375,0,-296,-323,27
180404476,-296,-1993,2500,-296,0,88.02630615234375,0,-296,-323,27
180424468,-298,-1993,2500,-298,0,88.038040161132812,0,-298,-323,25
180444460,-298,-1993,2500,-298,0,88.038040161132812,0,-298,-324,26
180464452,-298,-1993,2500,-298,0,88.038040161132812,0,-298,-326,28
180484444,-298,-1993,2500,-298,0,88.038040161132812,0,-298,-327,29
180504436,-298,-1994,2500,-298,0,88.038040161132812,0,-298,-328,30
180524428,-307,-1994,2500,-307,0,88.140090942382812,0,-307,-332,25
180544420,-307,-1994,2500,-307,0,88.140090942382812,0,-307,-335,28
180564412,-307,-1994,2500,-307,0,88.140090942382812,0,-307,-338,31
180584404,-307,-1994,2500,-307,0,88.140090942382812,0,-307,-341,34
180604396,-307,-1994,2500,-307,0,88.140090942382812,0,-307,-344,37
180624388,-288,-1994,2500,-288,0,87.957015991210938,0,-288,-345,57
180644380,-288,-1994,2500,-288,0,87.957015991210938,0,-288,-345,57
180664372,-288,-1994,2500,-288,0,87.957015991210938,0,-288,-346,58
180684364,-288,-1995,2500,-288,0,87.957015991210938,0,-288,-349,61
180704356,-288,-1995,2500,-288,0,87.957015991210938,0,-288,-352,64
180724348,-302,-1995,2500,-302,0,87.9478759765625,0,-302,-355,53
180744340,-302,-1995,2500,-302,0,87.9478759765625,0,-302,-357,55
180764332,-302,-1995,2500,-302,0,87.9478759765625,0,-302,-358,56
180784324,-302,-1995,2500,-302,0,87.9478759765625,0,-302,-359,57
180804316,-302,-1995,2500,-302,0,87.9478759765625,0,-302,-361,59
180825141,-295,-1995,2500,-295,0,87.90826416015625,0,-295,-362,67
180845133,-295,-1995,2500,-295,0,87.90826416015625,0,-295,-362,67
180865125,-295,-1995,2500,-295,0,87.90826416015625,0,-295,-362,67
180885117,-295,-1995,2500,-295,0,87.90826416015625,0,-295,-362,67
180905109,-295,-1995,2500,-295,0,87.90826416015625,0,-295,-363,68
180925101,-303,-1995,2500,-303,0,88.083076477050781,0,-303,-363,60
180945093,-303,-1995,2500,-303,0,88.083076477050781,0,-303,-363,60
180965085,-303,-1995,2500,-303,0,88.083076477050781,0,-303,-362,59
180985077,-303,-1995,2500,-303,0,88.083076477050781,0,-303,-361,58
181005069,-303,-1995,2500,-303,0,88.083076477050781,0,-303,-359,56
181025061,-302,-1995,2500,-302,0,88.283088684082031,0,-302,-358,56
181045053,-302,-1995,2500,-302,0,88.283088684082031,0,-302,-358,56
181065045,-302,-1996,2500,-302,0,88.283088684082031,0,-302,-359,57
181085037,-302,-1996,2500,-302,0,88.283088684082031,0,-302,-361,59
181105029,-302,-1996,2500,-302,0,88.283088684082031,0,-302,-361,59
181125021,-299,-1996,2500,-299,0,88.309844970703125,0,-299,-360,61
181145013,-299,-1996,2500,-299,0,88.309844970703125,0,-299,-357,58
181165005,-299,-1996,2500,-299,0,88.309844970703125,0,-299,-355,56
181184997,-299,-1996,2500,-299,0,88.309844970703125,0,-299,-354,55
181204989,-299,-1996,2500,-299,0,88.309844970703125,0,-299,-353,54
181224981,-312,-1996,2500,-312,0,88.178215026855469,0,-312,-351,39
181244973,-312,-1996,2500,-312,0,88.178215026855469,0,-312,-350,38
181264965,-312,-1996,2500,-312,0,88.178215026855469,0,-312,-350,38
181284957,-312,-1996,2500,-312,0,88.178215026855469,0,-312,-351,39
181304949,-312,-1996,2500,-312,0,88.178215026855469,0,-312,-351,39
181324941,-317,-1996,2500,-317,0,88.33514404296875,0,-317,-353,36
181344933,-317,-1996,2500,-317,0,88.33514404296875,0,-317,-354,37
181364925,-317,-1996,2500,-317,0,88.33514404296875,0,-317,-354,37
181384917,-317,-1997,2500,-317,0,88.33514404296875,0,-317,-354,37
181404909,-317,-1997,2500,-317,0,88.33514404296875,0,-317,-354,37
181424901,-319,-1997,2500,-319,0,88.058464050292969,0,-319,-354,35
181444893,-319,-1997,2500,-319,0,88.058464050292969,0,-319,-353,34
181464885,-319,-1997,2500,-319,0,88.058464050292969,0,-319,-352,33
181484877,-319,-1997,2500,-319,0,88.058464050292969,0,-319,-350,31
181504869,-319,-1997,2500,-319,0,88.058464050292969,0,-319,-350,31
181524861,-329,-1997,2500,-329,0,88.125907897949219,0,-329,-349,20
181544853,-329,-1997,2500,-329,0,88.125907897949219,0,-329,-349,20
181564845,-329,-1997,2500,-329,0,88.125907897949219,0,-329,-348,19
181584837,-329,-1997,2500,-329,0,88.125907897949219,0,-329,-347,18
181604829,-329,-1997,2500,-329,0,88.125907897949219,0,-329,-346,17
181624821,-337,-1997,2500,-337,0,88.232635498046875,0,-337,-347,10
181644813,-337,-1997,2500,-337,0,88.232635498046875,0,-337,-347,10
181664805,-337,-1997,2500,-337,0,88.232635498046875,0,-337,-346,9
181684797,-337,-1998,2500,-337,0,88.232635498046875,0,-337,-345,8
181704789,-337,-1998,2500,-337,0,88.232635498046875,0,-337,-345,8
181724781,-350,-1998,2500,-350,0,88.046630859375,0,-350,-344,-6
181744773,-350,-1998,2500,-350,0,88.046630859375,0,-350,-344,-6
181764765,-350,-1998,2500,-350,0,88.046630859375,0,-350,-344,-6
181784757,-350,-1998,2500,-350,0,88.046630859375,0,-350,-346,-4
181804749,-350,-1998,2500,-350,0,88.046630859375,0,-350,-348,-2
181824741,-348,-1998,2500,-348,0,87.700424194335938,0,-348,-351,3
181844733,-348,-1998,2500,-348,0,87.700424194335938,0,-348,-354,6
181864725,-348,-1998,2500,-348,0,87.700424194335938,0,-348,-357,9
181884717,-348,-1998,2500,-348,0,87.700424194335938,0,-348,-360,12
181904709,-348,-1998,2500,-348,0,87.700424194335938,0,-348,-363,15
181924701,-333,-1998,2500,-333,0,87.403305053710938,0,-333,-367,34
181944693,-333,-1998,2500,-333,0,87.403305053710938,0,-333,-371,38
181964685,-333,-1998,2500,-333,0,87.403305053710938,0,-333,-374,41
181984677,-333,-1998,2500,-333,0,87.403305053710938,0,-333,-379,46
182004669,-333,-1998,2500,-333,0,87.403305053710938,0,-333,-383,50
182024661,-333,-1998,2500,-333,0,87.589668273925781,0,-333,-386,53
182044653,-333,-1998,2500,-333,0,87.589668273925781,0,-333,-389,56
182064645,-333,-1998,2500,-333,0,87.589668273925781,0,-333,-392,59
182084637,-333,-1998,2500,-333,0,87.589668273925781,0,-333,-394,61
182104629,-333,-1998,2500,-333,0,87.589668273925781,0,-333,-395,62
182124621,-326,-1998,2500,-326,0,87.288246154785156,0,-326,-395,69
182144613,-326,-1998,2500,-326,0,87.288246154785156,0,-326,-395,69
182164605,-326,-1998,2500,-326,0,87.288246154785156,0,-326,-395,69
182184597,-326,-1998,2500,-326,0,87.288246154785156,0,-326,-396,70
182204589,-326,-1998,2500,-326,0,87.288246154785156,0,-326,-396,70
182224581,-345,-1998,2500,-345,0,87.2950439453125,0,-345,-397,52
182244573,-345,-1998,2500,-345,0,87.2950439453125,0,-345,-397,52
182264565,-345,-1998,2500,-345,0,87.2950439453125,0,-345,-396,51
182284557,-345,-1998,2500,-345,0,87.2950439453125,0,-345,-395,50
182304549,-345,-1998,2500,-345,0,87.2950439453125,0,-345,-394,49
182324541,-346,-1999,2500,-346,0,87.606307983398438,0,-346,-393,47
182344533,-346,-1999,2500,-346,0,87.606307983398438,0,-346,-393,47
182364525,-346,-1999,2500,-346,0,87.606307983398438,0,-346,-391,45
182384517,-346,-1999,2500,-346,0,87.606307983398438,0,-346,-390,44
182404509,-346,-1999,2500,-346,0,87.606307983398438,0,-346,-389,43
182424501,-364,-1999,2500,-364,0,87.578292846679688,0,-364,-388,24
182444493,-364,-1999,2500,-364,0,87.578292846679688,0,-364,-388,24
182464485,-364,-1999,2500,-364,0,87.578292846679688,0,-364,-390,26
182484477,-364,-1999,2500,-364,0,87.578292846679688,0,-364,-391,27
182504469,-364,-1999,2500,-364,0,87.578292846679688,0,-364,-391,27
182524461,-360,-1999,2500,-360,0,87.991676330566406,0,-360,-392,32
182544453,-360,-1999,2500,-360,0,87.991676330566406,0,-360,-392,32
182564445,-360,-1999,2500,-360,0,87.991676330566406,0,-360,-391,31
182584437,-360,-1999,2500,-360,0,87.991676330566406,0,-360,-392,32
182604429,-360,-1999,2500,-360,0,87.991676330566406,0,-360,-391,31
182624421,-357,-1999,2500,-357,0,87.962257385253906,0,-357,-392,35
182644413,-357,-1999,2500,-357,0,87.962257385253906,0,-357,-391,34
182664405,-357,-1999,2500,-357,0,87.962257385253906,0,-357,-391,34
182684397,-357,-1999,2500,-357,0,87.962257385253906,0,-357,-391,34
182704389,-357,-1999,2500,-357,0,87.962257385253906,0,-357,-391,34
182724381,-354,-1999,2500,-354,0,87.80450439453125,0,-354,-391,37
182744373,-354,-1999,2500,-354,0,87.80450439453125,0,-354,-391,37
182764365,-354,-1999,2500,-354,0,87.80450439453125,0,-354,-390,36
182784357,-354,-1999,2500,-354,0,87.80450439453125,0,-354,-391,37
182804349,-354,-1999,2500,-354,0,87.80450439453125,0,-354,-392,38
182824341,-363,-1999,2500,-363,0,87.749488830566406,0,-363,-393,30
182844333,-363,-1999,2500,-363,0,87.749488830566406,0,-363,-395,32
182864325,-363,-1999,2500,-363,0,87.749488830566406,0,-363,-397,34
182884317,-363,-1999,2500,-363,0,87.749488830566406,0,-363,-399,36
182905142,-363,-1999,2500,-363,0,87.749488830566406,0,-363,-399,36
182925134,-355,-1999,2500,-355,0,87.715606689453125,0,-355,-398,43
182945126,-355,-1999,2500,-355,0,87.715606689453125,0,-355,-398,43
182965118,-355,-1999,2500,-355,0,87.715606689453125,0,-355,-399,44
182985110,-355,-1999,2500,-355,0,87.715606689453125,0,-355,-400,45
183005102,-355,-1999,2500,-355,0,87.715606689453125,0,-355,-399,44
183025094,-354,-1999,2500,-354,0,87.709762573242188,0,-354,-398,44
183045086,-354,-1999,2500,-354,0,87.709762573242188,0,-354,-399,45
183065078,-354,-1999,2500,-354,0,87.709762573242188,0,-354,-400,46
183085070,-354,-1999,2500,-354,0,87.709762573242188,0,-354,-401,47
183105062,-354,-1999,2500,-354,0,87.709762573242188,0,-354,-402,48
183125054,-364,-1999,2500,-364,0,87.778228759765625,0,-364,-403,39
183145046,-364,-1999,2500,-364,0,87.778228759765625,0,-364,-405,41
183165038,-364,-1999,2500,-364,0,87.778228759765625,0,-364,-407,43
183185030,-364,-1999,2500,-364,0,87.778228759765625,0,-364,-409,45
183205022,-364,-1999,2500,-364,0,87.778228759765625,0,-364,-409,45
183225014,-356,-1999,2500,-356,0,87.731620788574219,0,-356,-409,53
183245006,-356,-1999,2500,-356,0,87.731620788574219,0,-356,-408,52
183264998,-356,-1999,2500,-356,0,87.731620788574219,0,-356,-408,52
183284990,-356,-1999,2500,-356,0,87.731620788574219,0,-356,-408,52
183304982,-356,-1999,2500,-356,0,87.731620788574219,0,-356,-407,51
183324974,-365,-1999,2500,-365,0,87.646675109863281,0,-365,-406,41
183344966,-365,-1999,2500,-365,0,87.646675109863281,0,-365,-404,39
183364958,-365,-1999,2500,-365,0,87.646675109863281,0,-365,-403,38
183384950,-365,-1999,2500,-365,0,87.646675109863281,0,-365,-401,36
183404942,-365,-1999,2500,-365,0,87.646675109863281,0,-365,-400,35
183424934,-376,-1999,2500,-376,0,87.552696228027344,0,-376,-398,22
183444926,-376,-1999,2500,-376,0,87.552696228027344,0,-376,-397,21
183464918,-376,-1999,2500,-376,0,87.552696228027344,0,-376,-395,19
183484910,-376,-1999,2500,-376,0,87.552696228027344,0,-376,-394,18
183504902,-376,-1999,2500,-376,0,87.552696228027344,0,-376,-392,16
183524894,-394,-1999,2500,-394,0,87.506149291992188,0,-394,-391,-3
183544886,-394,-1999,2500,-394,0,87.506149291992188,0,-394,-391,-3
183564878,-394,-1999,2500,-394,0,87.506149291992188,0,-394,-391,-3
183584870,-394,-1999,2500,-394,0,87.506149291992188,0,-394,-389,-5
183604862,-394,-1999,2500,-394,0,87.506149291992188,0,-394,-387,-7
183624854,-394,-1999,2500,-394,0,87.665740966796875,0,-394,-385,-9
183644846,-394,-1999,2500,-394,0,87.665740966796875,0,-394,-385,-9
183664838,-394,-1999,2500,-394,0,87.665740966796875,0,-394,-386,-8
183684830,-394,-1999,2500,-394,0,87.665740966796875,0,-394,-388,-6
183704822,-394,-1999,2500,-394,0,87.665740966796875,0,-394,-390,-4
183724814,-397,-1999,2500,-397,0,87.600303649902344,0,-397,-393,-4
183744806,-397,-1999,2500,-397,0,87.600303649902344,0,-397,-396,-1
183764798,-397,-1999,2500,-397,0,87.600303649902344,0,-397,-398,1
183784790,-397,-1999,2500,-397,0,87.600303649902344,0,-397,-399,2
183804782,-397,-1999,2500,-397,0,87.600303649902344,0,-397,-402,5
183824774,-371,-1999,2500,-371,0,86.983512878417969,0,-371,-405,34
183844766,-371,-1999,2500,-371,0,86.983512878417969,0,-371,-409,38
183864758,-371,-1999,2500,-371,0,86.983512878417969,0,-371,-412,41
183884750,-371,-1999,2500,-371,0,86.983512878417969,0,-371,-415,44
183904742,-371,-1999,2500,-371,0,86.983512878417969,0,-371,-419,48
183924734,-377,-1999,2500,-377,0,86.816177368164062,0,-377,-422,45
183944726,-377,-1999,2500,-377,0,86.816177368164062,0,-377,-426,49
183964718,-377,-1999,2500,-377,0,86.816177368164062,0,-377,-428,51
183984710,-377,-1999,2500,-377,0,86.816177368164062,0,-377,-429,52
184004702,-377,-1999,2500,-377,0,86.816177368164062,0,-377,-429,52
184024694,-378,-1999,2500,-378,0,86.811042785644531,0,-378,-428,50
184044686,-378,-1999,2500,-378,0,86.811042785644531,0,-378,-427,49
184064678,-378,-1999,2500,-378,0,86.811042785644531,0,-378,-426,48
184084670,-378,-1999,2500,-378,0,86.811042785644531,0,-378,-424,46
184104662,-378,-1999,2500,-378,0,86.811042785644531,0,-378,-422,44
184124654,-390,-1999,2500,-390,0,86.982421875,0,-390,-420,30
184144646,-390,-1999,2500,-390,0,86.982421875,0,-390,-419,29
184164638,-390,-1999,2500,-390,0,86.982421875,0,-390,-418,28
184184630,-390,-1999,2500,-390,0,86.982421875,0,-390,-416,26
184204622,-390,-1999,2500,-390,0,86.982421875,0,-390,-415,25
184224614,-416,-1999,2500,-416,0,86.898826599121094,0,-416,-415,-1
184244606,-416,-1999,2500,-416,0,86.898826599121094,0,-416,-414,-2
184264598,-416,-1999,2500,-416,0,86.898826599121094,0,-416,-413,-3
184284590,-416,-1999,2500,-416,0,86.898826599121094,0,-416,-413,-3
184304582,-416,-1999,2500,-416,0,86.898826599121094,0,-416,-411,-5
184324574,-410,-1999,2500,-410,0,87.262710571289062,0,-410,-411,1
184344566,-410,-1999,2500,-410,0,87.262710571289062,0,-410,-412,2
184364558,-410,-1999,2500,-410,0,87.262710571289062,0,-410,-413,3
184384550,-410,-1999,2500,-410,0,87.262710571289062,0,-410,-416,6
184404542,-410,-1999,2500,-410,0,87.262710571289062,0,-410,-418,8
184424534,-411,-1999,2500,-411,0,87.284561157226562,0,-411,-421,10
184444526,-411,-1999,2500,-411,0,87.284561157226562,0,-411,-423,12
184464518,-411,-1999,2500,-411,0,87.284561157226562,0,-411,-426,15
184484510,-411,-1999,2500,-411,0,87.284561157226562,0,-411,-428,17
184504502,-411,-1999,2500,-411,0,87.284561157226562,0,-411,-430,19
184524494,-393,-1999,2500,-393,0,86.890388488769531,0,-393,-432,39
184544486,-393,-1999,2500,-393,0,86.890388488769531,0,-393,-435,42
184564478,-393,-1999,2500,-393,0,86.890388488769531,0,-393,-437,44
184584470,-393,-1999,2500,-393,0,86.890388488769531,0,-393,-439,46
184604462,-393,-1999,2500,-393,0,86.890388488769531,0,-393,-440,47
184624454,-396,-1999,2500,-396,0,87.140037536621094,0,-396,-441,45
184644446,-396,-1999,2500,-396,0,87.140037536621094,0,-396,-443,47
184664438,-396,-1999,2500,-396,0,87.140037536621094,0,-396,-444,48
184684430,-396,-1999,2500,-396,0,87.140037536621094,0,-396,-445,49
184704422,-396,-1999,2500,-396,0,87.140037536621094,0,-396,-447,51
184724414,-392,-1999,2500,-392,0,86.900863647460938,0,-392,-448,56
184744406,-392,-1999,2500,-392,0,86.900863647460938,0,-392,-450,58
184764398,-392,-1999,2500,-392,0,86.900863647460938,0,-392,-451,59
184784390,-392,-1999,2500,-392,0,86.900863647460938,0,-392,-452,60
184804382,-392,-1999,2500,-392,0,86.900863647460938,0,-392,-453,61
184824374,-384,-1999,2500,-384,0,87.045478820800781,0,-384,-453,69
184844366,-384,-1999,2500,-384,0,87.045478820800781,0,-384,-453,69
184864358,-384,-1999,2500,-384,0,87.045478820800781,0,-384,-453,69
184884350,-384,-1999,2500,-384,0,87.045478820800781,0,-384,-451,67
184904342,-384,-1999,2500,-384,0,87.045478820800781,0,-384,-449,65
184924334,-394,-1999,2500,-394,0,87.080276489257812,0,-394,-445,51
184944326,-394,-1999,2500,-394,0,87.080276489257812,0,-394,-441,47
184964318,-394,-1999,2500,-394,0,87.080276489257812,0,-394,-436,42
184984310,-394,-1999,2500,-394,0,87.080276489257812,0,-394,-432,38
185005135,-394,-1999,2500,-394,0,87.080276489257812,0,-394,-429,35
185025127,-411,-1999,2500,-411,0,87.181587219238281,0,-411,-427,16
185045119,-411,-1999,2500,-411,0,87.181587219238281,0,-411,-426,15
185065111,-411,-1999,2500,-411,0,87.181587219238281,0,-411,-424,13
185085103,-411,-1999,2500,-411,0,87.181587219238281,0,-411,-423,12
185105095,-411,-1999,2500,-411,0,87.181587219238281,0,-411,-421,10
185125087,-434,-1999,2500,-434,0,87.571563720703125,0,-434,-419,-15
185145079,-434,-1999,2500,-434,0,87.571563720703125,0,-434,-418,-16
185165071,-434,-1999,2500,-434,0,87.571563720703125,0,-434,-418,-16
185185063,-434,-1999,2500,-434,0,87.571563720703125,0,-434,-420,-14
185205055,-434,-1999,2500,-434,0,87.571563720703125,0,-434,-421,-13
185225047,-435,-1999,2500,-435,0,87.605735778808594,0,-435,-423,-12
185245039,-435,-1999,2500,-435,0,87.605735778808594,0,-435,-425,-10
185265031,-435,-1999,2500,-435,0,87.605735778808594,0,-435,-426,-9
185285023,-435,-1999,2500,-435,0,87.605735778808594,0,-435,-428,-7
185305015,-435,-1999,2500,-435,0,87.605735778808594,0,-435,-432,-3
185325007,-415,-1999,2500,-415,0,87.495285034179688,0,-415,-435,20
185344999,-415,-1999,2500,-415,0,87.495285034179688,0,-415,-438,23
185364991,-415,-1999,2500,-415,0,87.495285034179688,0,-415,-442,27
185384983,-415,-1999,2500,-415,0,87.495285034179688,0,-415,-444,29
185404975,-415,-1999,2500,-415,0,87.495285034179688,0,-415,-446,31
185424967,-396,-1999,2500,-396,0,87.275466918945312,0,-396,-449,53
185444959,-396,-1999,2500,-396,0,87.275466918945312,0,-396,-452,56
185464951,-396,-1999,2500,-396,0,87.275466918945312,0,-396,-455,59
185484943,-396,-1999,2500,-396,0,87.275466918945312,0,-396,-456,60
185504935,-396,-1999,2500,-396,0,87.275466918945312,0,-396,-455,59
185524927,-395,-1999,2500,-395,0,87.279815673828125,0,-395,-455,60
185544919,-395,-1999,2500,-395,0,87.279815673828125,0,-395,-456,61
185564911,-395,-1999,2500,-395,0,87.279815673828125,0,-395,-455,60
185584903,-395,-1999,2500,-395,0,87.279815673828125,0,-395,-455,60
185604895,-395,-1999,2500,-395,0,87.279815673828125,0,-395,-454,59
185624887,-400,-1999,2500,-400,0,86.792587280273438,0,-400,-453,53
185644879,-400,-1999,2500,-400,0,86.792587280273438,0,-400,-452,52
185664871,-400,-1999,2500,-400,0,86.792587280273438,0,-400,-451,51
185684863,-400,-1999,2500,-400,0,86.792587280273438,0,-400,-452,52
185704855,-400,-1999,2500,-400,0,86.792587280273438,0,-400,-453,53
185724847,-407,-1999,2500,-407,0,87.098129272460938,0,-407,-453,46
185744839,-407,-1999,2500,-407,0,87.098129272460938,0,-407,-453,46
185764831,-407,-1999,2500,-407,0,87.098129272460938,0,-407,-452,45
185784823,-407,-1999,2500,-407,0,87.098129272460938,0,-407,-450,43
185804815,-407,-1999,2500,-407,0,87.098129272460938,0,-407,-448,41
185824807,-424,-1999,2500,-424,0,87.267326354980469,0,-424,-446,22
185844799,-424,-1999,2500,-424,0,87.267326354980469,0,-424,-445,21
185864791,-424,-1999,2500,-424,0,87.267326354980469,0,-424,-444,20
185884783,-424,-1999,2500,-424,0,87.267326354980469,0,-424,-443,19
185904775,-424,-1999,2500,-424,0,87.267326354980469,0,-424,-442,18
185924767,-434,-1999,2500,-434,0,87.141670227050781,0,-434,-442,8
185944759,-434,-1999,2500,-434,0,87.141670227050781,0,-434,-441,7
185964751,-434,-1999,2500,-434,0,87.141670227050781,0,-434,-441,7
185984743,-434,-1999,2500,-434,0,87.141670227050781,0,-434,-440,6
186004735,-434,-1999,2500,-434,0,87.141670227050781,0,-434,-439,5
186024727,-435,-1999,2500,-435,0,87.430084228515625,0,-435,-438,3
186044719,-435,-1999,2500,-435,0,87.430084228515625,0,-435,-437,2
186064711,-435,-1999,2500,-435,0,87.430084228515625,0,-435,-438,3
186084703,-435,-1999,2500,-435,0,87.430084228515625,0,-435,-439,4
186104695,-435,-1999,2500,-435,0,87.430084228515625,0,-435,-441,6
186124687,-441,-1999,2500,-441,0,87.237236022949219,0,-441,-444,3
186144679,-441,-1999,2500,-441,0,87.237236022949219,0,-441,-447,6
186164671,-441,-1999,2500,-441,0,87.237236022949219,0,-441,-448,7
186184663,-441,-1999,2500,-441,0,87.237236022949219,0,-441,-448,7
186204655,-441,-1999,2500,-441,0,87.237236022949219,0,-441,-450,9
186224647,-432,-1999,2500,-432,0,87.325752258300781,0,-432,-451,19
186244639,-432,-1999,2500,-432,0,87.325752258300781,0,-432,-452,20
186264631,-432,-1999,2500,-432,0,87.325752258300781,0,-432,-452,20
186284623,-432,-1999,2500,-432,0,87.325752258300781,0,-432,-451,19
186304615,-432,-1999,2500,-432,0,87.325752258300781,0,-432,-450,18
186324607,-425,-1999,2500,-425,0,87.381607055664062,0,-425,-448,23
186344599,-425,-1999,2500,-425,0,87.381607055664062,0,-425,-447,22
186364591,-425,-1999,2500,-425,0,87.381607055664062,0,-425,-446,21
186384583,-425,-1999,2500,-425,0,87.381607055664062,0,-425,-445,20
186404575,-425,-1999,2500,-425,0,87.381607055664062,0,-425,-445,20
186424567,-436,-1999,2500,-436,0,87.355323791503906,0,-436,-446,10
186444559,-436,-1999,2500,-436,0,87.355323791503906,0,-436,-447,11
186464551,-436,-1999,2500,-436,0,87.355323791503906,0,-436,-448,12
186484543,-436,-1999,2500,-436,0,87.355323791503906,0,-436,-448,12
186504535,-436,-1999,2500,-436,0,87.355323791503906,0,-436,-447,11
186524527,-433,-1999,2500,-433,0,86.996963500976562,0,-433,-446,13
186544519,-433,-1999,2500,-433,0,86.996963500976562,0,-433,-447,14
186564511,-433,-1999,2500,-433,0,86.996963500976562,0,-433,-447,14
186584503,-433,-1999,2500,-433,0,86.996963500976562,0,-433,-448,15
186604495,-433,-1999,2500,-433,0,86.996963500976562,0,-433,-448,15
186624487,-431,-1999,2500,-431,0,87.195083618164062,0,-431,-450,19
186644479,-431,-1999,2500,-431,0,87.195083618164062,0,-431,-450,19
186664471,-431,-1999,2500,-431,0,87.195083618164062,0,-431,-449,18
186684463,-431,-1999,2500,-431,0,87.195083618164062,0,-431,-449,18
186704455,-431,-1999,2500,-431,0,87.195083618164062,0,-431,-450,19
186724447,-434,-1999,2500,-434,0,86.837791442871094,0,-434,-452,18
186744439,-434,-1999,2500,-434,0,86.837791442871094,0,-434,-453,19
186764431,-434,-1999,2500,-434,0,86.837791442871094,0,-434,-454,20
186784423,-434,-1999,2500,-434,0,86.837791442871094,0,-434,-455,21
186804415,-434,-1999,2500,-434,0,86.837791442871094,0,-434,-455,21
186824407,-429,-1999,2500,-429,0,87.145027160644531,0,-429,-455,26
186844399,-429,-1999,2500,-429,0,87.145027160644531,0,-429,-455,26
186864391,-429,-1999,2500,-429,0,87.145027160644531,0,-429,-455,26
186884383,-429,-1999,2500,-429,0,87.145027160644531,0,-429,-456,27
186904375,-429,-1999,2500,-429,0,87.145027160644531,0,-429,-457,28
186924367,-443,-1999,2500,-443,0,86.97198486328125,0,-443,-459,16
186944359,-443,-1999,2500,-443,0,86.97198486328125,0,-443,-459,16
186964351,-443,-1999,2500,-443,0,86.97198486328125,0,-443,-459,16
186984343,-443,-1999,2500,-443,0,86.97198486328125,0,-443,-460,17
187004335,-443,-1999,2500,-443,0,86.97198486328125,0,-443,-460,17
187024327,-433,-1999,2500,-433,0,87.060676574707031,0,-433,-459,26
187044319,-433,-1999,2500,-433,0,87.060676574707031,0,-433,-459,26
187064311,-433,-1999,2500,-433,0,87.060676574707031,0,-433,-461,28
187085136,-433,-1999,2500,-433,0,87.060676574707031,0,-433,-463,30
187105128,-433,-1999,2500,-433,0,87.060676574707031,0,-433,-464,31
187125120,-439,-1999,2500,-439,0,87.065216064453125,0,-439,-466,27
187145112,-439,-1999,2500,-439,0,87.065216064453125,0,-439,-467,28
187165104,-439,-1999,2500,-439,0,87.065216064453125,0,-439,-467,28
187185096,-439,-1999,2500,-439,0,87.065216064453125,0,-439,-467,28
187205088,-439,-1999,2500,-439,0,87.065216064453125,0,-439,-467,28
187225080,-430,-1999,2500,-430,0,87.196853637695312,0,-430,-467,37
187245072,-430,-1999,2500,-430,0,87.196853637695312,0,-430,-466,36
187265064,-430,-1999,2500,-430,0,87.196853637695312,0,-430,-466,36
187285056,-430,-1999,2500,-430,0,87.196853637695312,0,-430,-466,36
187305048,-430,-1999,2500,-430,0,87.196853637695312,0,-430,-467,37
187325040,-436,-1999,2500,-436,0,86.917739868164062,0,-436,-468,32
187345032,-436,-1999,2500,-436,0,86.917739868164062,0,-436,-470,34
187365024,-436,-1999,2500,-436,0,86.917739868164062,0,-436,-471,35
187385016,-436,-1999,2500,-436,0,86.917739868164062,0,-436,-472,36
187405008,-436,-1999,2500,-436,0,86.917739868164062,0,-436,-472,36
187425000,-437,-1999,2500,-437,0,87.108039855957031,0,-437,-472,35
187444992,-437,-1999,2500,-437,0,87.108039855957031,0,-437,-471,34
187464984,-437,-1999,2500,-437,0,87.108039855957031,0,-437,-469,32
187484976,-437,-1999,2500,-437,0,87.108039855957031,0,-437,-468,31
187504968,-437,-1999,2500,-437,0,87.108039855957031,0,-437,-467,30
187524960,-440,-1999,2500,-440,0,87.283477783203125,0,-440,-465,25
187544952,-440,-1999,2500,-440,0,87.283477783203125,0,-440,-464,24
187564944,-440,-1999,2500,-440,0,87.283477783203125,0,-440,-464,24
187584936,-440,-1999,2500,-440,0,87.283477783203125,0,-440,-465,25
187604928,-440,-1999,2500,-440,0,87.283477783203125,0,-440,-468,28
187624920,-441,-1999,2500,-441,0,87.07159423828125,0,-441,-470,29
187644912,-441,-1999,2500,-441,0,87.07159423828125,0,-441,-472,31
187664904,-441,-1999,2500,-441,0,87.07159423828125,0,-441,-473,32
187684896,-441,-1999,2500,-441,0,87.07159423828125,0,-441,-473,32
187704888,-441,-1999,2500,-441,0,87.07159423828125,0,-441,-473,32
187724880,-433,-1999,2500,-433,0,87.153450012207031,0,-433,-474,41
187744872,-433,-1999,2500,-433,0,87.153450012207031,0,-433,-474,41
187764864,-433,-1999,2500,-433,0,87.153450012207031,0,-433,-474,41
187784856,-433,-1999,2500,-433,0,87.153450012207031,0,-433,-475,42
187804848,-433,-1999,2500,-433,0,87.153450012207031,0,-433,-476,43
187824840,-436,-1999,2500,-436,0,87.173271179199219,0,-436,-474,38
187844832,-436,-1999,2500,-436,0,87.173271179199219,0,-436,-472,36
187864824,-436,-1999,2500,-436,0,87.173271179199219,0,-436,-470,34
187884816,-436,-1999,2500,-436,0,87.173271179199219,0,-436,-468,32
187904808,-436,-1999,2500,-436,0,87.173271179199219,0,-436,-466,30
187924800,-446,-1999,2500,-446,0,87.22540283203125,0,-446,-465,19
187944792,-446,-1999,2500,-446,0,87.22540283203125,0,-446,-464,18
187964784,-446,-1999,2500,-446,0,87.22540283203125,0,-446,-464,18
187984776,-446,-1999,2500,-446,0,87.22540283203125,0,-446,-463,17
188004768,-446,-1999,2500,-446,0,87.22540283203125,0,-446,-463,17
188024760,-453,-1999,2500,-453,0,87.178855895996094,0,-453,-462,9
188044752,-453,-1999,2500,-453,0,87.178855895996094,0,-453,-459,6
188064744,-453,-1999,2500,-453,0,87.178855895996094,0,-453,-456,3
188084736,-453,-1999,2500,-453,0,87.178855895996094,0,-453,-454,1
188104728,-453,-1999,2500,-453,0,87.178855895996094,0,-453,-453,0
188124720,-454,-1999,2500,-454,0,87.125251770019531,0,-454,-452,-2
188144712,-454,-1999,2500,-454,0,87.125251770019531,0,-454,-451,-3
188164704,-454,-1999,2500,-454,0,87.125251770019531,0,-454,-450,-4
188184696,-454,-1999,2500,-454,0,87.125251770019531,0,-454,-450,-4
188204688,-454,-1999,2500,-454,0,87.125251770019531,0,-454,-451,-3
188224680,-465,-1999,2500,-465,0,86.997772216796875,0,-465,-451,-14
188244672,-465,-1999,2500,-465,0,86.997772216796875,0,-465,-451,-14
188264664,-465,-1999,2500,-465,0,86.997772216796875,0,-465,-452,-13
188284656,-465,-1999,2500,-465,0,86.997772216796875,0,-465,-453,-12
188304648,-465,-1999,2500,-465,0,86.997772216796875,0,-465,-454,-11
188324640,-466,-1999,2500,-466,0,87.01507568359375,0,-466,-456,-10
188344632,-466,-1999,2500,-466,0,87.01507568359375,0,-466,-459,-7
188364624,-466,-1999,2500,-466,0,87.01507568359375,0,-466,-462,-4
188384616,-466,-1999,2500,-466,0,87.01507568359375,0,-466,-466,0
188404608,-466,-1999,2500,-466,0,87.01507568359375,0,-466,-470,4
188424600,-464,-1999,2500,-464,0,86.736831665039062,0,-464,-474,10
188444592,-464,-1999,2500,-464,0,86.736831665039062,0,-464,-476,12
188464584,-464,-1999,2500,-464,0,86.736831665039062,0,-464,-478,14
188484576,-464,-1999,2500,-464,0,86.736831665039062,0,-464,-479,15
188504568,-464,-1999,2500,-464,0,86.736831665039062,0,-464,-480,16
188524560,-442,-1999,2500,-442,0,86.636528015136719,0,-442,-480,38
188544552,-442,-1999,2500,-442,0,86.636528015136719,0,-442,-480,38
188564544,-442,-1999,2500,-442,0,86.636528015136719,0,-442,-481,39
188584536,-442,-1999,2500,-442,0,86.636528015136719,0,-442,-482,40
188604528,-442,-1999,2500,-442,0,86.636528015136719,0,-442,-483,41
188624520,-450,-1999,2500,-450,0,86.439483642578125,0,-450,-483,33
188644512,-450,-1999,2500,-450,0,86.439483642578125,0,-450,-483,33
188664504,-450,-1999,2500,-450,0,86.439483642578125,0,-450,-485,35
188684496,-450,-1999,2500,-450,0,86.439483642578125,0,-450,-485,35
188704488,-450,-1999,2500,-450,0,86.439483642578125,0,-450,-486,36
188724480,-454,-1999,2500,-454,0,86.466911315917969,0,-454,-485,31
188744472,-454,-1999,2500,-454,0,86.466911315917969,0,-454,-484,30
188764464,-454,-1999,2500,-454,0,86.466911315917969,0,-454,-482,28
188784456,-454,-1999,2500,-454,0,86.466911315917969,0,-454,-482,28
188804448,-454,-1999,2500,-454,0,86.466911315917969,0,-454,-483,29
188824440,-456,-1999,2500,-456,0,86.6339111328125,0,-456,-484,28
188844432,-456,-1999,2500,-456,0,86.6339111328125,0,-456,-484,28
188864424,-456,-1999,2500,-456,0,86.6339111328125,0,-456,-483,27
188884416,-456,-1999,2500,-456,0,86.6339111328125,0,-456,-482,26
188904408,-456,-1999,2500,-456,0,86.6339111328125,0,-456,-480,24
188924400,-461,-1999,2500,-461,0,86.77020263671875,0,-461,-478,17
188944392,-461,-1999,2500,-461,0,86.77020263671875,0,-461,-476,15
188964384,-461,-1999,2500,-461,0,86.77020263671875,0,-461,-474,13
188984376,-461,-1999,2500,-461,0,86.77020263671875,0,-461,-473,12
189004368,-461,-1999,2500,-461,0,86.77020263671875,0,-461,-473,12
189024360,-476,-1999,2500,-476,0,87.001022338867188,0,-476,-474,-2
189044352,-476,-1999,2500,-476,0,87.001022338867188,0,-476,-476,0
189064344,-476,-1999,2500,-476,0,87.001022338867188,0,-476,-476,0
189084336,-476,-1999,2500,-476,0,87.001022338867188,0,-476,-477,1
189104328,-476,-1999,2500,-476,0,87.001022338867188,0,-476,-478,2
189124320,-462,-1999,2500,-462,0,86.9390869140625,0,-462,-480,18
189144312,-462,-1999,2500,-462,0,86.9390869140625,0,-462,-482,20
189165137,-462,-1999,2500,-462,0,86.9390869140625,0,-462,-483,21
189185129,-462,-1999,2500,-462,0,86.9390869140625,0,-462,-484,22
189205121,-462,-1999,2500,-462,0,86.9390869140625,0,-462,-483,21
189225113,-465,-1999,2500,-465,0,86.90081787109375,0,-465,-483,18
189245105,-465,-1999,2500,-465,0,86.90081787109375,0,-465,-483,18
189265097,-465,-1999,2500,-465,0,86.90081787109375,0,-465,-486,21
189285089,-465,-1999,2500,-465,0,86.90081787109375,0,-465,-488,23
189305081,-465,-1999,2500,-465,0,86.90081787109375,0,-465,-490,25
189325073,-456,-1999,2500,-456,0,87.287628173828125,0,-456,-491,35
189345065,-456,-1999,2500,-456,0,87.287628173828125,0,-456,-492,36
189365057,-456,-1999,2500,-456,0,87.287628173828125,0,-456,-491,35
189385049,-456,-1999,2500,-456,0,87.287628173828125,0,-456,-491,35
189405041,-456,-1999,2500,-456,0,87.287628173828125,0,-456,-491,35
189425033,-461,-1999,2500,-461,0,87.087066650390625,0,-461,-491,30
189445025,-461,-1999,2500,-461,0,87.087066650390625,0,-461,-491,30
189465017,-461,-1999,2500,-461,0,87.087066650390625,0,-461,-491,30
189485009,-461,-1999,2500,-461,0,87.087066650390625,0,-461,-491,30
189505001,-461,-1999,2500,-461,0,87.087066650390625,0,-461,-490,29
189524993,-455,-1999,2500,-455,0,87.194580078125,0,-455,-489,34
189544985,-455,-1999,2500,-455,0,87.194580078125,0,-455,-487,32
189564977,-455,-1999,2500,-455,0,87.194580078125,0,-455,-486,31
189584969,-455,-1999,2500,-455,0,87.194580078125,0,-455,-486,31
189604961,-455,-1999,2500,-455,0,87.194580078125,0,-455,-486,31
189624953,-466,-1999,2500,-466,0,87.334373474121094,0,-466,-486,20
189644945,-466,-1999,2500,-466,0,87.334373474121094,0,-466,-488,22
189664937,-466,-1999,2500,-466,0,87.334373474121094,0,-466,-489,23
189684929,-466,-1999,2500,-466,0,87.334373474121094,0,-466,-490,24
189704921,-466,-1999,2500,-466,0,87.334373474121094,0,-466,-490,24
189724913,-468,-1999,2500,-468,0,87.32183837890625,0,-468,-491,23
189744905,-468,-1999,2500,-468,0,87.32183837890625,0,-468,-491,23
189764897,-468,-1999,2500,-468,0,87.32183837890625,0,-468,-490,22
189784889,-468,-1999,2500,-468,0,87.32183837890625,0,-468,-489,21
189804881,-468,-1999,2500,-468,0,87.32183837890625,0,-468,-486,18
189824873,-460,-1999,2500,-460,0,87.137245178222656,0,-460,-484,24
189844865,-460,-1999,2500,-460,0,87.137245178222656,0,-460,-484,24
189864857,-460,-1999,2500,-460,0,87.137245178222656,0,-460,-483,23
189884849,-460,-1999,2500,-460,0,87.137245178222656,0,-460,-483,23
189904841,-460,-1999,2500,-460,0,87.137245178222656,0,-460,-481,21
189924833,-471,-1999,2500,-471,0,87.319435119628906,0,-471,-481,10
189944825,-471,-1999,2500,-471,0,87.319435119628906,0,-471,-481,10
189964817,-471,-1999,2500,-471,0,87.319435119628906,0,-471,-482,11
189984809,-471,-1999,2500,-471,0,87.319435119628906,0,-471,-483,12
190004801,-471,-1999,2500,-471,0,87.319435119628906,0,-471,-482,11
190024793,-477,-1999,2500,-477,0,87.46478271484375,0,-477,-481,4
190044785,-477,-1999,2500,-477,0,87.46478271484375,0,-477,-480,3
190064777,-477,-1999,2500,-477,0,87.46478271484375,0,-477,-479,2
190084769,-477,-1999,2500,-477,0,87.46478271484375,0,-477,-479,2
190104761,-477,-1999,2500,-477,0,87.46478271484375,0,-477,-479,2
190124753,-483,-1999,2500,-483,0,87.058135986328125,0,-483,-477,-6
190144745,-483,-1999,2500,-483,0,87.058135986328125,0,-483,-477,-6
190164737,-483,-1999,2500,-483,0,87.058135986328125,0,-483,-476,-7
190184729,-483,-1999,2500,-483,0,87.058135986328125,0,-483,-477,-6
190204721,-483,-1999,2500,-483,0,87.058135986328125,0,-483,-478,-5
190224713,-472,-1999,2500,-472,0,87.171867370605469,0,-472,-479,7
190244705,-472,-1999,2500,-472,0,87.171867370605469,0,-472,-481,9
190264697,-472,-1999,2500,-472,0,87.171867370605469,0,-472,-484,12
190284689,-472,-1999,2500,-472,0,87.171867370605469,0,-472,-487,15
190304681,-472,-1999,2500,-472,0,87.171867370605469,0,-472,-490,18
190324673,-471,-1999,2500,-471,0,86.7030029296875,0,-471,-493,22
190344665,-471,-1999,2500,-471,0,86.7030029296875,0,-471,-495,24
190364657,-471,-1999,2500,-471,0,86.7030029296875,0,-471,-497,26
190384649,-471,-1999,2500,-471,0,86.7030029296875,0,-471,-499,28
190404641,-471,-1999,2500,-471,0,86.7030029296875,0,-471,-498,27
190424633,-448,-1999,2500,-448,0,86.839508056640625,0,-448,-496,48
190444625,-448,-1999,2500,-448,0,86.839508056640625,0,-448,-495,47
190464617,-448,-1999,2500,-448,0,86.839508056640625,0,-448,-495,47
190484609,-448,-1999,2500,-448,0,86.839508056640625,0,-448,-493,45
190504601,-448,-1999,2500,-448,0,86.839508056640625,0,-448,-491,43
190524593,-473,-1999,2500,-473,0,86.634590148925781,0,-473,-489,16
190544585,-473,-1999,2500,-473,0,86.634590148925781,0,-473,-488,15
190564577,-473,-1999,2500,-473,0,86.634590148925781,0,-473,-487,14
190584569,-473,-1999,2500,-473,0,86.634590148925781,0,-473,-486,13
190604561,-473,-2000,2500,-473,0,86.634590148925781,0,-473,-485,12
190624553,-484,-1999,2500,-484,0,86.817588806152344,0,-484,-484,0
190644545,-484,-1999,2500,-484,0,86.817588806152344,0,-484,-483,-1
190664537,-484,-1999,2500,-484,0,86.817588806152344,0,-484,-483,-1
190684529,-484,-1999,2500,-484,0,86.817588806152344,0,-484,-484,0
190704521,-484,-1999,2500,-484,0,86.817588806152344,0,-484,-485,1
190724513,-484,-1999,2500,-484,0,86.797004699707031,0,-484,-486,2
190744505,-484,-1999,2500,-484,0,86.797004699707031,0,-484,-487,3
190764497,-484,-1999,2500,-484,0,86.797004699707031,0,-484,-488,4
190784489,-484,-1999,2500,-484,0,86.797004699707031,0,-484,-489,5
190804481,-484,-2000,2500,-484,0,86.797004699707031,0,-484,-490,6
190824473,-480,-2000,2500,-480,0,87.162338256835938,0,-480,-491,11
190844465,-480,-2000,2500,-480,0,87.162338256835938,0,-480,-492,12
190864457,-480,-2000,2500,-480,0,87.162338256835938,0,-480,-494,14
190884449,-480,-2000,2500,-480,0,87.162338256835938,0,-480,-495,15
190904441,-480,-2000,2500,-480,0,87.162338256835938,0,-480,-496,16
190924433,-472,-2000,2500,-472,0,86.814620971679688,0,-472,-497,25
190944425,-472,-2000,2500,-472,0,86.814620971679688,0,-472,-497,25
190964417,-472,-1999,2500,-472,0,86.814620971679688,0,-472,-496,24
190984409,-472,-1999,2500,-472,0,86.814620971679688,0,-472,-495,23
191004401,-472,-1999,2500,-472,0,86.814620971679688,0,-472,-495,23
191024393,-475,-1999,2500,-475,0,86.877616882324219,0,-475,-494,19
191044385,-475,-1999,2500,-475,0,86.877616882324219,0,-475,-495,20
191064377,-475,-1999,2500,-475,0,86.877616882324219,0,-475,-495,20
191084369,-475,-1999,2500,-475,0,86.877616882324219,0,-475,-495,20
191104361,-475,-2000,2500,-475,0,86.877616882324219,0,-475,-495,20
191124353,-467,-1999,2500,-467,0,86.871589660644531,0,-467,-495,28
191144345,-467,-1999,2500,-467,0,86.871589660644531,0,-467,-496,29
191164337,-467,-1999,2500,-467,0,86.871589660644531,0,-467,-497,30
191184329,-467,-1999,2500,-467,0,86.871589660644531,0,-467,-497,30
191204321,-467,-1999,2500,-467,0,86.871589660644531,0,-467,-497,30
191224313,-473,-1999,2500,-473,0,86.957916259765625,0,-473,-497,24
191245138,-473,-1999,2500,-473,0,86.957916259765625,0,-473,-496,23
191265130,-473,-1999,2500,-473,0,86.957916259765625,0,-473,-497,24
191285122,-473,-1999,2500,-473,0,86.957916259765625,0,-473,-498,25
191305114,-473,-1999,2500,-473,0,86.957916259765625,0,-473,-498,25
191325106,-472,-1999,2500,-472,0,87.068161010742188,0,-472,-498,26
191345098,-472,-1999,2500,-472,0,87.068161010742188,0,-472,-496,24
191365090,-472,-1999,2500,-472,0,87.068161010742188,0,-472,-494,22
191385082,-472,-1999,2500,-472,0,87.068161010742188,0,-472,-493,21
191405074,-472,-1999,2500,-472,0,87.068161010742188,0,-472,-492,20
191425066,-477,-1999,2500,-477,0,87.27960205078125,0,-477,-491,14
191445058,-477,-1999,2500,-477,0,87.27960205078125,0,-477,-490,13
191465050,-477,-1999,2500,-477,0,87.27960205078125,0,-477,-487,10
191485042,-477,-1999,2500,-477,0,87.27960205078125,0,-477,-484,7
191505034,-477,-1999,2500,-477,0,87.27960205078125,0,-477,-483,6
191525026,-484,-1999,2500,-484,0,87.065704345703125,0,-484,-481,-3
191545018,-484,-1999,2500,-484,0,87.065704345703125,0,-484,-479,-5
191565010,-484,-1999,2500,-484,0,87.065704345703125,0,-484,-479,-5
191585002,-484,-1999,2500,-484,0,87.065704345703125,0,-484,-480,-4
191604994,-484,-1999,2500,-484,0,87.065704345703125,0,-484,-482,-2
191624986,-492,-1999,2500,-492,0,87.39129638671875,0,-492,-484,-8
191644978,-492,-1999,2500,-492,0,87.39129638671875,0,-492,-486,-6
191664970,-492,-1999,2500,-492,0,87.39129638671875,0,-492,-488,-4
191684962,-492,-1999,2500,-492,0,87.39129638671875,0,-492,-490,-2
191704954,-492,-1999,2500,-492,0,87.39129638671875,0,-492,-492,0
191724946,-488,-1999,2500,-488,0,87.611183166503906,0,-488,-493,5
191744938,-488,-1999,2500,-488,0,87.611183166503906,0,-488,-495,7
191764930,-488,-1999,2500,-488,0,87.611183166503906,0,-488,-496,8
191784922,-488,-1999,2500,-488,0,87.611183166503906,0,-488,-497,9
191804914,-488,-1999,2500,-488,0,87.611183166503906,0,-488,-497,9
191824906,-476,-1999,2500,-476,0,87.239479064941406,0,-476,-496,20
191844898,-476,-1999,2500,-476,0,87.239479064941406,0,-476,-496,20
191864890,-476,-1999,2500,-476,0,87.239479064941406,0,-476,-496,20
191884882,-476,-1999,2500,-476,0,87.239479064941406,0,-476,-498,22
191904874,-476,-1999,2500,-476,0,87.239479064941406,0,-476,-500,24
191924866,-480,-1999,2500,-480,0,87.221015930175781,0,-480,-502,22
191944858,-480,-1999,2500,-480,0,87.221015930175781,0,-480,-504,24
191964850,-480,-1999,2500,-480,0,87.221015930175781,0,-480,-503,23
191984842,-480,-1999,2500,-480,0,87.221015930175781,0,-480,-503,23
192004834,-480,-1999,2500,-480,0,87.221015930175781,0,-480,-503,23
192024826,-465,-1999,2500,-465,0,87.160018920898438,0,-465,-504,39
192044818,-465,-1999,2500,-465,0,87.160018920898438,0,-465,-506,41
192064810,-465,-1999,2500,-465,0,87.160018920898438,0,-465,-508,43
192084802,-465,-1999,2500,-465,0,87.160018920898438,0,-465,-510,45
192104794,-465,-1999,2500,-465,0,87.160018920898438,0,-465,-511,46
192124786,-468,-1999,2500,-468,0,87.120246887207031,0,-468,-512,44
192144778,-468,-1999,2500,-468,0,87.120246887207031,0,-468,-511,43
192164770,-468,-1999,2500,-468,0,87.120246887207031,0,-468,-510,42
192184762,-468,-1999,2500,-468,0,87.120246887207031,0,-468,-510,42
192204754,-468,-1999,2500,-468,0,87.120246887207031,0,-468,-510,42
192224746,-462,-1999,2500,-462,0,86.706230163574219,0,-462,-509,47
192244738,-462,-1999,2500,-462,0,86.706230163574219,0,-462,-508,46
192264730,-462,-1999,2500,-462,0,86.706230163574219,0,-462,-506,44
192284722,-462,-1999,2500,-462,0,86.706230163574219,0,-462,-504,42
192304714,-462,-1999,2500,-462,0,86.706230163574219,0,-462,-502,40
192324706,-481,-1999,2500,-481,0,87.087516784667969,0,-481,-500,19
192344698,-481,-1999,2500,-481,0,87.087516784667969,0,-481,-497,16
192364690,-481,-1999,2500,-481,0,87.087516784667969,0,-481,-495,14
192384682,-481,-1999,2500,-481,0,87.087516784667969,0,-481,-492,11
192404674,-481,-1999,2500,-481,0,87.087516784667969,0,-481,-489,8
192424666,-497,-1999,2500,-497,0,87.070632934570312,0,-497,-487,-10
192444658,-497,-1999,2500,-497,0,87.070632934570312,0,-497,-485,-12
192464650,-497,-1999,2500,-497,0,87.070632934570312,0,-497,-483,-14
192484642,-497,-1999,2500,-497,0,87.070632934570312,0,-497,-481,-16
192504634,-497,-1999,2500,-497,0,87.070632934570312,0,-497,-479,-18
192524626,-495,-1999,2500,-495,0,87.344100952148438,0,-495,-477,-18
192544618,-495,-1999,2500,-495,0,87.344100952148438,0,-495,-477,-18
192564610,-495,-1999,2500,-495,0,87.344100952148438,0,-495,-478,-17
192584602,-495,-1999,2500,-495,0,87.344100952148438,0,-495,-479,-16
192604594,-495,-1999,2500,-495,0,87.344100952148438,0,-495,-481,-14
192624586,-500,-1999,2500,-500,0,87.050003051757812,0,-500,-483,-17
192644578,-500,-1999,2500,-500,0,87.050003051757812,0,-500,-485,-15
192664570,-500,-1999,2500,-500,0,87.050003051757812,0,-500,-485,-15
192684562,-500,-1999,2500,-500,0,87.050003051757812,0,-500,-486,-14
192704554,-500,-1999,2500,-500,0,87.050003051757812,0,-500,-486,-14
192724546,-487,-1999,2500,-487,0,87.08197021484375,0,-487,-488,1
192744538,-487,-1999,2500,-487,0,87.08197021484375,0,-487,-490,3
192764530,-487,-1999,2500,-487,0,87.08197021484375,0,-487,-492,5
192784522,-487,-1999,2500,-487,0,87.08197021484375,0,-487,-495,8
192804514,-487,-1999,2500,-487,0,87.08197021484375,0,-487,-497,10
192824506,-482,-1999,2500,-482,0,86.905921936035156,0,-482,-500,18
192844498,-482,-1999,2500,-482,0,86.905921936035156,0,-482,-504,22
192864490,-482,-1999,2500,-482,0,86.905921936035156,0,-482,-507,25
192884482,-482,-1999,2500,-482,0,86.905921936035156,0,-482,-510,28
192904474,-482,-1999,2500,-482,0,86.905921936035156,0,-482,-512,30
192924466,-473,-1999,2500,-473,0,86.899688720703125,0,-473,-513,40
192944458,-473,-1999,2500,-473,0,86.899688720703125,0,-473,-514,41
192964450,-473,-1999,2500,-473,0,86.899688720703125,0,-473,-512,39
192984442,-473,-1999,2500,-473,0,86.899688720703125,0,-473,-511,38
193004434,-473,-1999,2500,-473,0,86.899688720703125,0,-473,-510,37
193024426,-483,-1999,2500,-483,0,87.030181884765625,0,-483,-510,27
193044418,-483,-1999,2500,-483,0,87.030181884765625,0,-483,-510,27
193064410,-483,-1999,2500,-483,0,87.030181884765625,0,-483,-512,29
193084402,-483,-1999,2500,-483,0,87.030181884765625,0,-483,-512,29
193104394,-483,-1999,2500,-483,0,87.030181884765625,0,-483,-512,29
193124386,-483,-1999,2500,-483,0,87.144699096679688,0,-483,-512,29
193144378,-483,-1999,2500,-483,0,87.144699096679688,0,-483,-512,29
193164370,-483,-1999,2500,-483,0,87.144699096679688,0,-483,-511,28
193184362,-483,-1999,2500,-483,0,87.144699096679688,0,-483,-509,26
193204354,-483,-1999,2500,-483,0,87.144699096679688,0,-483,-508,25
193224346,-480,-1999,2500,-480,0,87.068687438964844,0,-480,-506,26
193244338,-480,-1999,2500,-480,0,87.068687438964844,0,-480,-505,25
193264330,-480,-1999,2500,-480,0,87.068687438964844,0,-480,-505,25
193284322,-480,-1999,2500,-480,0,87.068687438964844,0,-480,-505,25
193304314,-480,-1999,2500,-480,0,87.068687438964844,0,-480,-504,24
193325139,-490,-1999,2500,-490,0,87.460975646972656,0,-490,-502,12
193345131,-490,-1999,2500,-490,0,87.460975646972656,0,-490,-500,10
193365123,-490,-1999,2500,-490,0,87.460975646972656,0,-490,-500,10
193385115,-490,-1999,2500,-490,0,87.460975646972656,0,-490,-501,11
193405107,-490,-1999,2500,-490,0,87.460975646972656,0,-490,-500,10
193425099,-483,-1999,2500,-483,0,87.311614990234375,0,-483,-499,16
193445091,-483,-1999,2500,-483,0,87.311614990234375,0,-483,-499,16
193465083,-483,-1999,2500,-483,0,87.311614990234375,0,-483,-501,18
193485075,-483,-1999,2500,-483,0,87.311614990234375,0,-483,-500,17
193505067,-483,-1999,2500,-483,0,87.311614990234375,0,-483,-499,16
193525059,-483,-1999,2500,-483,0,87.23388671875,0,-483,-498,15
193545051,-483,-1999,2500,-483,0,87.23388671875,0,-483,-498,15
193565043,-483,-1999,2500,-483,0,87.23388671875,0,-483,-498,15
193585035,-483,-1999,2500,-483,0,87.23388671875,0,-483,-499,16
193605027,-483,-1999,2500,-483,0,87.23388671875,0,-483,-498,15
193625019,-489,-1999,2500,-489,0,87.38360595703125,0,-489,-497,8
193645011,-489,-1999,2500,-489,0,87.38360595703125,0,-489,-494,5
193665003,-489,-1999,2500,-489,0,87.38360595703125,0,-489,-491,2
193684995,-489,-1999,2500,-489,0,87.38360595703125,0,-489,-490,1
193704987,-489,-1999,2500,-489,0,87.38360595703125,0,-489,-489,0
193724979,-490,-1999,2500,-490,0,87.421249389648438,0,-490,-490,0
193744971,-490,-1999,2500,-490,0,87.421249389648438,0,-490,-491,1
193764963,-490,-1999,2500,-490,0,87.421249389648438,0,-490,-492,2
193784955,-490,-1999,2500,-490,0,87.421249389648438,0,-490,-493,3
193804947,-490,-1999,2500,-490,0,87.421249389648438,0,-490,-494,4
193824939,-491,-1999,2500,-491,0,87.130104064941406,0,-491,-495,4
193844931,-491,-1999,2500,-491,0,87.130104064941406,0,-491,-495,4
193864923,-491,-1999,2500,-491,0,87.130104064941406,0,-491,-498,7
193884915,-491,-1999,2500,-491,0,87.130104064941406,0,-491,-500,9
193904907,-491,-1999,2500,-491,0,87.130104064941406,0,-491,-501,10
193924899,-485,-1999,2500,-485,0,86.930023193359375,0,-485,-502,17
193944891,-485,-1999,2500,-485,0,86.930023193359375,0,-485,-503,18
193964883,-485,-1999,2500,-485,0,86.930023193359375,0,-485,-504,19
193984875,-485,-1999,2500,-485,0,86.930023193359375,0,-485,-506,21
194004867,-485,-1999,2500,-485,0,86.930023193359375,0,-485,-507,22
194024859,-474,-1999,2500,-474,0,86.846588134765625,0,-474,-508,34
194044851,-474,-1999,2500,-474,0,86.846588134765625,0,-474,-509,35
194064843,-474,-1999,2500,-474,0,86.846588134765625,0,-474,-511,37
194084835,-474,-1999,2500,-474,0,86.846588134765625,0,-474,-512,38
194104827,-474,-1999,2500,-474,0,86.846588134765625,0,-474,-512,38
194124819,-489,-1999,2500,-489,0,86.858871459960938,0,-489,-513,24
194144811,-489,-1999,2500,-489,0,86.858871459960938,0,-489,-514,25
194164803,-489,-1999,2500,-489,0,86.858871459960938,0,-489,-513,24
194184795,-489,-1999,2500,-489,0,86.858871459960938,0,-489,-512,23
194204787,-489,-1999,2500,-489,0,86.858871459960938,0,-489,-510,21
194224779,-495,-1999,2500,-495,0,87.102851867675781,0,-495,-508,13
194244771,-495,-1999,2500,-495,0,87.102851867675781,0,-495,-506,11
194264763,-495,-1999,2500,-495,0,87.102851867675781,0,-495,-506,11
194284755,-495,-1999,2500,-495,0,87.102851867675781,0,-495,-506,11
194304747,-495,-1999,2500,-495,0,87.102851867675781,0,-495,-506,11
194324739,-489,-1999,2500,-489,0,86.894012451171875,0,-489,-507,18
194344731,-489,-1999,2500,-489,0,86.894012451171875,0,-489,-508,19
194364723,-489,-1999,2500,-489,0,86.894012451171875,0,-489,-507,18
194384715,-489,-1999,2500,-489,0,86.894012451171875,0,-489,-506,17
194404707,-489,-1999,2500,-489,0,86.894012451171875,0,-489,-504,15
194424699,-483,-1999,2500,-483,0,87.037101745605469,0,-483,-502,19
194444691,-483,-1999,2500,-483,0,87.037101745605469,0,-483,-501,18
194464683,-483,-1999,2500,-483,0,87.037101745605469,0,-483,-502,19
194484675,-483,-1999,2500,-483,0,87.037101745605469,0,-483,-501,18
194504667,-483,-1999,2500,-483,0,87.037101745605469,0,-483,-500,17
194524659,-504,-1999,2500,-504,0,86.929702758789062,0,-504,-498,-6
194544651,-504,-1999,2500,-504,0,86.929702758789062,0,-504,-496,-8
194564643,-504,-1999,2500,-504,0,86.929702758789062,0,-504,-495,-9
194584635,-504,-1999,2500,-504,0,86.929702758789062,0,-504,-494,-10
194604627,-504,-1999,2500,-504,0,86.929702758789062,0,-504,-494,-10
194624619,-515,-1999,2500,-515,0,87.358406066894531,0,-515,-494,-21
194644611,-515,-2000,2500,-515,0,87.358406066894531,0,-515,-493,-22
194664603,-515,-1999,2500,-515,0,87.358406066894531,0,-515,-493,-22
194684595,-515,-1999,2500,-515,0,87.358406066894531,0,-515,-494,-21
194704587,-515,-1999,2500,-515,0,87.358406066894531,0,-515,-494,-21
194724579,-509,-1999,2500,-509,0,87.336502075195312,0,-509,-495,-14
194744571,-509,-1999,2500,-509,0,87.336502075195312,0,-509,-496,-13
194764563,-509,-1999,2500,-509,0,87.336502075195312,0,-509,-497,-12
194784555,-509,-1999,2500,-509,0,87.336502075195312,0,-509,-498,-11
194804547,-509,-1999,2500,-509,0,87.336502075195312,0,-509,-500,-9
194824539,-496,-1999,2500,-496,0,86.855712890625,0,-496,-501,5
194844531,-496,-1999,2500,-496,0,86.855712890625,0,-496,-503,7
194864523,-496,-1999,2500,-496,0,86.855712890625,0,-496,-506,10
194884515,-496,-1999,2500,-496,0,86.855712890625,0,-496,-508,12
194904507,-496,-1999,2500,-496,0,86.855712890625,0,-496,-511,15
194924499,-491,-1999,2500,-491,0,87.24896240234375,0,-491,-515,24
194944491,-491,-1999,2500,-491,0,87.24896240234375,0,-491,-520,29
194964483,-491,-1999,2500,-491,0,87.24896240234375,0,-491,-524,33
194984475,-491,-1999,2500,-491,0,87.24896240234375,0,-491,-526,35
195004467,-491,-1999,2500,-491,0,87.24896240234375,0,-491,-528,37
195024459,-471,-1999,2500,-471,0,86.816879272460938,0,-471,-529,58
195044451,-471,-1999,2500,-471,0,86.816879272460938,0,-471,-529,58
195064443,-471,-1999,2500,-471,0,86.816879272460938,0,-471,-529,58
195084435,-471,-1999,2500,-471,0,86.816879272460938,0,-471,-527,56
195104427,-471,-1999,2500,-471,0,86.816879272460938,0,-471,-526,55
195124419,-480,-1999,2500,-480,0,87.031028747558594,0,-480,-525,45
195144411,-480,-1999,2500,-480,0,87.031028747558594,0,-480,-522,42
195164403,-480,-1999,2500,-480,0,87.031028747558594,0,-480,-519,39
195184395,-480,-1999,2500,-480,0,87.031028747558594,0,-480,-515,35
195204387,-480,-1999,2500,-480,0,87.031028747558594,0,-480,-511,31
195224379,-501,-1999,2500,-501,0,87.465667724609375,0,-501,-508,7
195244371,-501,-1999,2500,-501,0,87.465667724609375,0,-501,-505,4
195264363,-501,-1999,2500,-501,0,87.465667724609375,0,-501,-504,3
195284355,-501,-1999,2500,-501,0,87.465667724609375,0,-501,-503,2
195304347,-501,-1999,2500,-501,0,87.465667724609375,0,-501,-502,1
195324339,-496,-1999,2500,-496,0,87.349769592285156,0,-496,-501,5
195344331,-496,-1999,2500,-496,0,87.349769592285156,0,-496,-499,3
195364323,-496,-1999,2500,-496,0,87.349769592285156,0,-496,-498,2
195384315,-496,-1999,2500,-496,0,87.349769592285156,0,-496,-497,1
195405140,-496,-1999,2500,-496,0,87.349769592285156,0,-496,-496,0
195425132,-504,-1999,2500,-504,0,87.692001342773438,0,-504,-495,-9
195445124,-504,-1999,2500,-504,0,87.692001342773438,0,-504,-495,-9
195465116,-504,-1999,2500,-504,0,87.692001342773438,0,-504,-495,-9
195485108,-504,-1999,2500,-504,0,87.692001342773438,0,-504,-493,-11
195505100,-504,-1999,2500,-504,0,87.692001342773438,0,-504,-493,-11
195525092,-511,-1999,2500,-511,0,87.354133605957031,0,-511,-493,-18
195545084,-511,-1999,2500,-511,0,87.354133605957031,0,-511,-493,-18
195565076,-511,-1999,2500,-511,0,87.354133605957031,0,-511,-494,-17
195585068,-511,-1999,2500,-511,0,87.354133605957031,0,-511,-495,-16
195605060,-511,-1999,2500,-511,0,87.354133605957031,0,-511,-496,-15
195625052,-500,-1999,2500,-500,0,87.394569396972656,0,-500,-497,-3
195645044,-500,-1999,2500,-500,0,87.394569396972656,0,-500,-500,0
195665036,-500,-1999,2500,-500,0,87.394569396972656,0,-500,-502,2
195685028,-500,-1999,2500,-500,0,87.394569396972656,0,-500,-505,5
195705020,-500,-1999,2500,-500,0,87.394569396972656,0,-500,-509,9
195725012,-487,-1999,2500,-487,0,87.30487060546875,0,-487,-512,25
195745004,-487,-1999,2500,-487,0,87.30487060546875,0,-487,-515,28
195764996,-487,-1999,2500,-487,0,87.30487060546875,0,-487,-518,31
195784988,-487,-1999,2500,-487,0,87.30487060546875,0,-487,-521,34
195804980,-487,-1999,2500,-487,0,87.30487060546875,0,-487,-525,38
195824972,-485,-1999,2500,-485,0,87.197135925292969,0,-485,-528,43
195844964,-485,-1999,2500,-485,0,87.197135925292969,0,-485,-530,45
195864956,-485,-1999,2500,-485,0,87.197135925292969,0,-485,-530,45
195884948,-485,-1999,2500,-485,0,87.197135925292969,0,-485,-530,45
195904940,-485,-1999,2500,-485,0,87.197135925292969,0,-485,-530,45
195924932,-466,-2000,2500,-466,0,87.021408081054688,0,-466,-530,64
195944924,-466,-2000,2500,-466,0,87.021408081054688,0,-466,-530,64
195964916,-466,-2000,2500,-466,0,87.021408081054688,0,-466,-529,63
195984908,-466,-1999,2500,-466,0,87.021408081054688,0,-466,-527,61
196004900,-466,-2000,2500,-466,0,87.021408081054688,0,-466,-525,59
196024892,-484,-2000,2500,-484,0,87.040206909179688,0,-484,-522,38
196044884,-484,-2000,2500,-484,0,87.040206909179688,0,-484,-519,35
196064876,-484,-2000,2500,-484,0,87.040206909179688,0,-484,-516,32
196084868,-484,-2000,2500,-484,0,87.040206909179688,0,-484,-511,27
196104860,-484,-2000,2500,-484,0,87.040206909179688,0,-484,-508,24
196124852,-497,-1999,2500,-497,0,87.184402465820312,0,-497,-505,8
196144844,-497,-1999,2500,-497,0,87.184402465820312,0,-497,-504,7
196164836,-497,-1999,2500,-497,0,87.184402465820312,0,-497,-503,6
196184828,-497,-1999,2500,-497,0,87.184402465820312,0,-497,-502,5
196204820,-497,-1999,2500,-497,0,87.184402465820312,0,-497,-501,4
196224812,-514,-1999,2500,-514,0,87.134742736816406,0,-514,-499,-15
196244804,-514,-1999,2500,-514,0,87.134742736816406,0,-514,-497,-17
196264796,-514,-1999,2500,-514,0,87.134742736816406,0,-514,-495,-19
196284788,-514,-1999,2500,-514,0,87.134742736816406,0,-514,-493,-21
196304780,-514,-1999,2500,-514,0,87.134742736816406,0,-514,-490,-24
196324772,-526,-1999,2500,-526,0,87.172996520996094,0,-526,-489,-37
196344764,-526,-1999,2500,-526,0,87.172996520996094,0,-526,-490,-36
196364756,-526,-1999,2500,-526,0,87.172996520996094,0,-526,-492,-34
196384748,-526,-1999,2500,-526,0,87.172996520996094,0,-526,-495,-31
196404740,-526,-1999,2500,-526,0,87.172996520996094,0,-526,-497,-29
196424732,-516,-1999,2500,-516,0,87.010635375976562,0,-516,-500,-16
196444724,-516,-1999,2500,-516,0,87.010635375976562,0,-516,-502,-14
196464716,-516,-1999,2500,-516,0,87.010635375976562,0,-516,-503,-13
196484708,-516,-1999,2500,-516,0,87.010635375976562,0,-516,-505,-11
196504700,-516,-1999,2500,-516,0,87.010635375976562,0,-516,-506,-10
196524692,-499,-1999,2500,-499,0,87.026344299316406,0,-499,-507,8
196544684,-499,-2000,2500,-499,0,87.026344299316406,0,-499,-509,10
196564676,-499,-2000,2500,-499,0,87.026344299316406,0,-499,-510,11
196584668,-499,-2000,2500,-499,0,87.026344299316406,0,-499,-511,12
196604660,-499,-2000,2500,-499,0,87.026344299316406,0,-499,-512,13
196624652,-493,-2000,2500,-493,0,86.971809387207031,0,-493,-511,18
196644644,-493,-1999,2500,-493,0,86.971809387207031,0,-493,-510,17
196664636,-493,-1999,2500,-493,0,86.971809387207031,0,-493,-509,16
196684628,-493,-2000,2500,-493,0,86.971809387207031,0,-493,-509,16
196704620,-493,-2000,2500,-493,0,86.971809387207031,0,-493,-510,17
196724612,-500,-2000,2500,-500,0,86.768768310546875,0,-500,-511,11
196744604,-500,-2000,2500,-500,0,86.768768310546875,0,-500,-512,12
196764596,-500,-1999,2500,-500,0,86.768768310546875,0,-500,-513,13
196784588,-500,-1999,2500,-500,0,86.768768310546875,0,-500,-513,13
196804580,-500,-1999,2500,-500,0,86.768768310546875,0,-500,-513,13
196824572,-498,-1999,2500,-498,0,86.796958923339844,0,-498,-512,14
196844564,-498,-1999,2500,-498,0,86.796958923339844,0,-498,-512,14
196864556,-498,-1999,2500,-498,0,86.796958923339844,0,-498,-512,14
196884548,-498,-1999,2500,-498,0,86.796958923339844,0,-498,-513,15
196904540,-498,-1999,2500,-498,0,86.796958923339844,0,-498,-512,14
196924532,-501,-1999,2500,-501,0,87.148429870605469,0,-501,-512,11
196944524,-501,-1999,2500,-501,0,87.148429870605469,0,-501,-512,11
196964516,-501,-1999,2500,-501,0,87.148429870605469,0,-501,-512,11
196984508,-501,-1999,2500,-501,0,87.148429870605469,0,-501,-512,11
197004500,-501,-1999,2500,-501,0,87.148429870605469,0,-501,-511,10
197024492,-508,-1999,2500,-508,0,87.050582885742188,0,-508,-510,2
197044484,-508,-1999,2500,-508,0,87.050582885742188,0,-508,-510,2
197064476,-508,-1999,2500,-508,0,87.050582885742188,0,-508,-509,1
197084468,-508,-1999,2500,-508,0,87.050582885742188,0,-508,-507,-1
197104460,-508,-1999,2500,-508,0,87.050582885742188,0,-508,-505,-3
197124452,-499,-1999,2500,-499,0,87.070915222167969,0,-499,-503,4
197144444,-499,-1999,2500,-499,0,87.070915222167969,0,-499,-502,3
197164436,-499,-1999,2500,-499,0,87.070915222167969,0,-499,-501,2
197184428,-499,-1999,2500,-499,0,87.070915222167969,0,-499,-500,1
197204420,-499,-1999,2500,-499,0,87.070915222167969,0,-499,-500,1
197224412,-513,-1999,2500,-513,0,87.016937255859375,0,-513,-501,-12
197244404,-513,-1999,2500,-513,0,87.016937255859375,0,-513,-500,-13
197264396,-513,-1999,2500,-513,0,87.016937255859375,0,-513,-497,-16
197284388,-513,-1999,2500,-513,0,87.016937255859375,0,-513,-494,-19
197304380,-513,-1999,2500,-513,0,87.016937255859375,0,-513,-492,-21
197324372,-510,-1999,2500,-510,0,86.937416076660156,0,-510,-489,-21
197344364,-510,-1999,2500,-510,0,86.937416076660156,0,-510,-488,-22
197364356,-510,-1999,2500,-510,0,86.937416076660156,0,-510,-487,-23
197384348,-510,-1999,2500,-510,0,86.937416076660156,0,-510,-486,-24
197404340,-510,-1999,2500,-510,0,86.937416076660156,0,-510,-486,-24
197424332,-527,-1999,2500,-527,0,86.857414245605469,0,-527,-486,-41
197444324,-527,-1999,2500,-527,0,86.857414245605469,0,-527,-487,-40
197464316,-527,-1999,2500,-527,0,86.857414245605469,0,-527,-488,-39
197485141,-527,-1999,2500,-527,0,86.857414245605469,0,-527,-491,-36
197505133,-527,-1999,2500,-527,0,86.857414245605469,0,-527,-494,-33
197525125,-527,-1999,2500,-527,0,87.054588317871094,0,-527,-498,-29
197545117,-527,-1999,2500,-527,0,87.054588317871094,0,-527,-502,-25
197565109,-527,-1999,2500,-527,0,87.054588317871094,0,-527,-506,-21
197585101,-527,-1999,2500,-527,0,87.054588317871094,0,-527,-509,-18
197605093,-527,-1999,2500,-527,0,87.054588317871094,0,-527,-512,-15
197625085,-500,-1999,2500,-500,0,87.047409057617188,0,-500,-514,14
197645077,-500,-2000,2500,-500,0,87.047409057617188,0,-500,-517,17
197665069,-500,-2000,2500,-500,0,87.047409057617188,0,-500,-520,20
197685061,-500,-2000,2500,-500,0,87.047409057617188,0,-500,-524,24
197705053,-500,-2000,2500,-500,0,87.047409057617188,0,-500,-527,27
197725045,-499,-2000,2500,-499,0,86.791740417480469,0,-499,-529,30
197745037,-499,-2000,2500,-499,0,86.791740417480469,0,-499,-530,31
197765029,-499,-1999,2500,-499,0,86.791740417480469,0,-499,-531,32
197785021,-499,-1999,2500,-499,0,86.791740417480469,0,-499,-531,32
197805013,-499,-1999,2500,-499,0,86.791740417480469,0,-499,-532,33
197825005,-489,-1999,2500,-489,0,87.030685424804688,0,-489,-532,43
197844997,-489,-1999,2500,-489,0,87.030685424804688,0,-489,-532,43
197864989,-489,-1999,2500,-489,0,87.030685424804688,0,-489,-533,44
197884981,-489,-1999,2500,-489,0,87.030685424804688,0,-489,-535,46
197904973,-489,-1999,2500,-489,0,87.030685424804688,0,-489,-535,46
197924965,-500,-1999,2500,-500,0,86.829505920410156,0,-500,-536,36
197944957,-500,-1999,2500,-500,0,86.829505920410156,0,-500,-537,37
197964949,-500,-1999,2500,-500,0,86.829505920410156,0,-500,-536,36
197984941,-500,-1999,2500,-500,0,86.829505920410156,0,-500,-533,33
198004933,-500,-1999,2500,-500,0,86.829505920410156,0,-500,-529,29
198024925,-495,-1999,2500,-495,0,87.267288208007812,0,-495,-526,31
198044917,-495,-1999,2500,-495,0,87.267288208007812,0,-495,-524,29
198064909,-495,-1999,2500,-495,0,87.267288208007812,0,-495,-522,27
198084901,-495,-1999,2500,-495,0,87.267288208007812,0,-495,-519,24
198104893,-495,-1999,2500,-495,0,87.267288208007812,0,-495,-516,21
198124885,-512,-1999,2500,-512,0,87.348472595214844,0,-512,-514,2
198144877,-512,-1999,2500,-512,0,87.348472595214844,0,-512,-511,-1
198164869,-512,-1999,2500,-512,0,87.348472595214844,0,-512,-507,-5
198184861,-512,-1999,2500,-512,0,87.348472595214844,0,-512,-505,-7
198204853,-512,-1999,2500,-512,0,87.348472595214844,0,-512,-503,-9
198224845,-531,-1999,2500,-531,0,87.657623291015625,0,-531,-503,-28
198244837,-531,-1999,2500,-531,0,87.657623291015625,0,-531,-504,-27
198264829,-531,-1999,2500,-531,0,87.657623291015625,0,-531,-505,-26
198284821,-531,-1999,2500,-531,0,87.657623291015625,0,-531,-506,-25
198304813,-531,-1999,2500,-531,0,87.657623291015625,0,-531,-506,-25
198324805,-511,-1999,2500,-511,0,87.616226196289062,0,-511,-507,-4
198344797,-511,-1999,2500,-511,0,87.616226196289062,0,-511,-510,-1
198364789,-511,-1999,2500,-511,0,87.616226196289062,0,-511,-513,2
198384781,-511,-1999,2500,-511,0,87.616226196289062,0,-511,-516,5
198404773,-511,-1999,2500,-511,0,87.616226196289062,0,-511,-518,7
198424765,-497,-1999,2500,-497,0,87.555610656738281,0,-497,-519,22
198444757,-497,-2000,2500,-497,0,87.555610656738281,0,-497,-521,24
198464749,-497,-2000,2500,-497,0,87.555610656738281,0,-497,-523,26
198484741,-497,-2000,2500,-497,0,87.555610656738281,0,-497,-525,28
198504733,-497,-2000,2500,-497,0,87.555610656738281,0,-497,-527,30
198524725,-486,-2000,2500,-486,0,87.192520141601562,0,-486,-528,42
198544717,-486,-1999,2500,-486,0,87.192520141601562,0,-486,-529,43
198564709,-486,-2000,2500,-486,0,87.192520141601562,0,-486,-530,44
198584701,-486,-1999,2500,-486,0,87.192520141601562,0,-486,-530,44
198604693,-486,-1999,2500,-486,0,87.192520141601562,0,-486,-531,45
198624685,-473,-1999,2500,-473,0,87.02825927734375,0,-473,-532,59
198644677,-473,-1999,2500,-473,0,87.02825927734375,0,-473,-532,59
198664669,-473,-1999,2500,-473,0,87.02825927734375,0,-473,-533,60
198684661,-473,-1999,2500,-473,0,87.02825927734375,0,-473,-531,58
198704653,-473,-1999,2500,-473,0,87.02825927734375,0,-473,-529,56
198724645,-493,-1999,2500,-493,0,87.135276794433594,0,-493,-525,32
198744637,-493,-1999,2500,-493,0,87.135276794433594,0,-493,-521,28
198764629,-493,-1999,2500,-493,0,87.135276794433594,0,-493,-517,24
198784621,-493,-1999,2500,-493,0,87.135276794433594,0,-493,-513,20
198804613,-493,-1999,2500,-493,0,87.135276794433594,0,-493,-510,17
198824605,-508,-1999,2500,-508,0,87.084182739257812,0,-508,-507,-1
198844597,-508,-1999,2500,-508,0,87.084182739257812,0,-508,-504,-4
198864589,-508,-1999,2500,-508,0,87.084182739257812,0,-508,-501,-7
198884581,-508,-1999,2500,-508,0,87.084182739257812,0,-508,-499,-9
198904573,-508,-1999,2500,-508,0,87.084182739257812,0,-508,-497,-11
198924565,-533,-1999,2500,-533,0,87.435760498046875,0,-533,-495,-38
198944557,-533,-1999,2500,-533,0,87.435760498046875,0,-533,-493,-40
198964549,-533,-1999,2500,-533,0,87.435760498046875,0,-533,-492,-41
198984541,-533,-1999,2500,-533,0,87.435760498046875,0,-533,-491,-42
199004533,-533,-1999,2500,-533,0,87.435760498046875,0,-533,-491,-42
199024525,-536,-1999,2500,-536,0,87.29132080078125,0,-536,-491,-45
199044517,-536,-1999,2500,-536,0,87.29132080078125,0,-536,-492,-44
199064509,-536,-1999,2500,-536,0,87.29132080078125,0,-536,-494,-42
199084501,-536,-1999,2500,-536,0,87.29132080078125,0,-536,-495,-41
199104493,-536,-1999,2500,-536,0,87.29132080078125,0,-536,-496,-40
199124485,-521,-1999,2500,-521,0,87.293159484863281,0,-521,-498,-23
199144477,-521,-1999,2500,-521,0,87.293159484863281,0,-521,-502,-19
199164469,-521,-1999,2500,-521,0,87.293159484863281,0,-521,-506,-15
199184461,-521,-1999,2500,-521,0,87.293159484863281,0,-521,-511,-10
199204453,-521,-1999,2500,-521,0,87.293159484863281,0,-521,-516,-5
199224445,-506,-1999,2500,-506,0,87.087959289550781,0,-506,-522,16
199244437,-506,-1999,2500,-506,0,87.087959289550781,0,-506,-528,22
199264429,-506,-1999,2500,-506,0,87.087959289550781,0,-506,-533,27
199284421,-506,-1999,2500,-506,0,87.087959289550781,0,-506,-536,30
199304413,-506,-1999,2500,-506,0,87.087959289550781,0,-506,-537,31
199324405,-480,-1999,2500,-480,0,87.109687805175781,0,-480,-538,58
199344397,-480,-1999,2500,-480,0,87.109687805175781,0,-480,-538,58
199364389,-480,-1999,2500,-480,0,87.109687805175781,0,-480,-537,57
199384381,-480,-1999,2500,-480,0,87.109687805175781,0,-480,-536,56
199404373,-480,-1999,2500,-480,0,87.109687805175781,0,-480,-534,54
199424365,-487,-1999,2500,-487,0,87.038352966308594,0,-487,-534,47
199444357,-487,-1999,2500,-487,0,87.038352966308594,0,-487,-533,46
199464349,-487,-1999,2500,-487,0,87.038352966308594,0,-487,-532,45
199484341,-487,-1999,2500,-487,0,87.038352966308594,0,-487,-530,43
199504333,-487,-1999,2500,-487,0,87.038352966308594,0,-487,-527,40
199524325,-500,-1999,2500,-500,0,86.994895935058594,0,-500,-524,24
199544317,-500,-1999,2500,-500,0,86.994895935058594,0,-500,-521,21
199565142,-500,-1999,2500,-500,0,86.994895935058594,0,-500,-518,18
199585134,-500,-1999,2500,-500,0,86.994895935058594,0,-500,-516,16
199605126,-500,-1999,2500,-500,0,86.994895935058594,0,-500,-514,14
199625118,-517,-1999,2500,-517,0,87.398895263671875,0,-517,-511,-6
199645110,-517,-1999,2500,-517,0,87.398895263671875,0,-517,-509,-8
199665102,-517,-2000,2500,-517,0,87.398895263671875,0,-517,-509,-8
199685094,-517,-1999,2500,-517,0,87.398895263671875,0,-517,-510,-7
199705086,-517,-2000,2500,-517,0,87.398895263671875,0,-517,-510,-7
199725078,-521,-2000,2500,-521,0,87.622177124023438,0,-521,-510,-11
199745070,-521,-2000,2500,-521,0,87.622177124023438,0,-521,-510,-11
199765062,-521,-2000,2500,-521,0,87.622177124023438,0,-521,-510,-11
199785054,-521,-2000,2500,-521,0,87.622177124023438,0,-521,-510,-11
199805046,-521,-2000,2500,-521,0,87.622177124023438,0,-521,-509,-12
199825038,-513,-2000,2500,-513,0,87.761627197265625,0,-513,-510,-3
199845030,-513,-2000,2500,-513,0,87.761627197265625,0,-513,-510,-3
199865022,-513,-1999,2500,-513,0,87.761627197265625,0,-513,-509,-4
199885014,-513,-1999,2500,-513,0,87.761627197265625,0,-513,-509,-4
199905006,-513,-2000,2500,-513,0,87.761627197265625,0,-513,-507,-6
199924998,-520,-2000,2500,-520,0,87.414344787597656,0,-520,-505,-15
199944990,-520,-1999,2500,-520,0,87.414344787597656,0,-520,-505,-15
199964982,-520,-1999,2500,-520,0,87.414344787597656,0,-520,-504,-16
199984974,-520,-1999,2500,-520,0,87.414344787597656,0,-520,-504,-16
200004966,-520,-1999,2500,-520,0,87.414344787597656,0,-520,-505,-15
200024958,-509,-1999,2500,-509,0,87.682083129882812,0,-509,-507,-2
200044950,-509,-1999,2500,-509,0,87.682083129882812,0,-509,-510,1
200064942,-509,-1999,2500,-509,0,87.682083129882812,0,-509,-512,3
200084934,-509,-1999,2500,-509,0,87.682083129882812,0,-509,-513,4
200104926,-509,-1999,2500,-509,0,87.682083129882812,0,-509,-512,3
200124918,-496,-1999,2500,-496,0,87.267044067382812,0,-496,-511,15
200144910,-496,-1999,2500,-496,0,87.267044067382812,0,-496,-512,16
200164902,-496,-1999,2500,-496,0,87.267044067382812,0,-496,-514,18
200184894,-496,-1999,2500,-496,0,87.267044067382812,0,-496,-517,21
200204886,-496,-1999,2500,-496,0,87.267044067382812,0,-496,-519,23
200224878,-508,-1999,2500,-508,0,87.370201110839844,0,-508,-521,13
200244870,-508,-1999,2500,-508,0,87.370201110839844,0,-508,-522,14
200264862,-508,-1999,2500,-508,0,87.370201110839844,0,-508,-523,15
200284854,-508,-1999,2500,-508,0,87.370201110839844,0,-508,-523,15
200304846,-508,-1999,2500,-508,0,87.370201110839844,0,-508,-521,13
200324838,-497,-1999,2500,-497,0,87.061920166015625,0,-497,-521,24
200344830,-497,-1999,2500,-497,0,87.061920166015625,0,-497,-522,25
200364822,-497,-1999,2500,-497,0,87.061920166015625,0,-497,-524,27
200384814,-497,-1999,2500,-497,0,87.061920166015625,0,-497,-526,29
200404806,-497,-1999,2500,-497,0,87.061920166015625,0,-497,-528,31
200424798,-503,-1999,2500,-503,0,87.204399108886719,0,-503,-530,27
200444790,-503,-1999,2500,-503,0,87.204399108886719,0,-503,-532,29
200464782,-503,-1999,2500,-503,0,87.204399108886719,0,-503,-534,31
200484774,-503,-1999,2500,-503,0,87.204399108886719,0,-503,-536,33
200504766,-503,-1999,2500,-503,0,87.204399108886719,0,-503,-537,34
200524758,-497,-1999,2500,-497,0,87.136581420898438,0,-497,-537,40
200544750,-497,-1999,2500,-497,0,87.136581420898438,0,-497,-536,39
200564742,-497,-1999,2500,-497,0,87.136581420898438,0,-497,-535,38
200584734,-497,-1999,2500,-497,0,87.136581420898438,0,-497,-534,37
200604726,-497,-1999,2500,-497,0,87.136581420898438,0,-497,-534,37
200624718,-500,-1999,2500,-500,0,87.4595947265625,0,-500,-534,34
200644710,-500,-1999,2500,-500,0,87.4595947265625,0,-500,-533,33
200664702,-500,-1999,2500,-500,0,87.4595947265625,0,-500,-533,33
200684694,-500,-1999,2500,-500,0,87.4595947265625,0,-500,-533,33
200704686,-500,-1999,2500,-500,0,87.4595947265625,0,-500,-532,32
200724678,-501,-1999,2500,-501,0,87.475471496582031,0,-501,-531,30
200744670,-501,-1999,2500,-501,0,87.475471496582031,0,-501,-531,30
200764662,-501,-1999,2500,-501,0,87.475471496582031,0,-501,-531,30
200784654,-501,-1999,2500,-501,0,87.475471496582031,0,-501,-531,30
200804646,-501,-1999,2500,-501,0,87.475471496582031,0,-501,-530,29
200824638,-500,-1999,2500,-500,0,87.367324829101562,0,-500,-530,30
200844630,-500,-1999,2500,-500,0,87.367324829101562,0,-500,-531,31
200864622,-500,-1999,2500,-500,0,87.367324829101562,0,-500,-531,31
200884614,-500,-1999,2500,-500,0,87.367324829101562,0,-500,-529,29
200904606,-500,-1999,2500,-500,0,87.367324829101562,0,-500,-526,26
200924598,-495,-1999,2500,-495,0,87.754203796386719,0,-495,-523,28
200944590,-495,-1999,2500,-495,0,87.754203796386719,0,-495,-520,25
200964582,-495,-1999,2500,-495,0,87.754203796386719,0,-495,-518,23
200984574,-495,-1999,2500,-495,0,87.754203796386719,0,-495,-515,20
201004566,-495,-1999,2500,-495,0,87.754203796386719,0,-495,-513,18
201024558,-517,-1999,2500,-517,0,87.431983947753906,0,-517,-510,-7
201044550,-517,-1999,2500,-517,0,87.431983947753906,0,-517,-508,-9
201064542,-517,-1999,2500,-517,0,87.431983947753906,0,-517,-505,-12
201084534,-517,-1999,2500,-517,0,87.431983947753906,0,-517,-503,-14
201104526,-517,-1999,2500,-517,0,87.431983947753906,0,-517,-501,-16
201124518,-509,-1999,2500,-509,0,87.695335388183594,0,-509,-498,-11
201144510,-509,-1999,2500,-509,0,87.695335388183594,0,-509,-494,-15
201164502,-509,-1999,2500,-509,0,87.695335388183594,0,-509,-490,-19
201184494,-509,-1999,2500,-509,0,87.695335388183594,0,-509,-487,-22
201204486,-509,-1999,2500,-509,0,87.695335388183594,0,-509,-485,-24
201224478,-527,-1999,2500,-527,0,87.4632568359375,0,-527,-485,-42
201244470,-527,-1999,2500,-527,0,87.4632568359375,0,-527,-486,-41
201264462,-527,-1999,2500,-527,0,87.4632568359375,0,-527,-488,-39
201284454,-527,-1999,2500,-527,0,87.4632568359375,0,-527,-489,-38
201304446,-527,-1999,2500,-527,0,87.4632568359375,0,-527,-491,-36
201324438,-519,-1999,2500,-519,0,87.158477783203125,0,-519,-493,-26
201344430,-519,-1999,2500,-519,0,87.158477783203125,0,-519,-497,-22
201364422,-519,-1999,2500,-519,0,87.158477783203125,0,-519,-502,-17
201384414,-519,-1999,2500,-519,0,87.158477783203125,0,-519,-506,-13
201404406,-519,-1999,2500,-519,0,87.158477783203125,0,-519,-510,-9
201424398,-506,-1999,2500,-506,0,87.190994262695312,0,-506,-514,8
201444390,-506,-1999,2500,-506,0,87.190994262695312,0,-506,-518,12
201464382,-506,-1999,2500,-506,0,87.190994262695312,0,-506,-520,14
201484374,-506,-2000,2500,-506,0,87.190994262695312,0,-506,-523,17
201504366,-506,-2000,2500,-506,0,87.190994262695312,0,-506,-525,19
201524358,-489,-2000,2500,-489,0,87.06732177734375,0,-489,-527,38
201544350,-489,-2000,2500,-489,0,87.06732177734375,0,-489,-528,39
201564342,-489,-1999,2500,-489,0,87.06732177734375,0,-489,-528,39
201584334,-489,-1999,2500,-489,0,87.06732177734375,0,-489,-527,38
201604326,-489,-1999,2500,-489,0,87.06732177734375,0,-489,-527,38
201624318,-503,-1999,2500,-503,0,86.978126525878906,0,-503,-526,23
201644310,-503,-1999,2500,-503,0,86.978126525878906,0,-503,-525,22
201665135,-503,-1999,2500,-503,0,86.978126525878906,0,-503,-523,20
201685127,-503,-1999,2500,-503,0,86.978126525878906,0,-503,-522,19
201705119,-503,-1999,2500,-503,0,86.978126525878906,0,-503,-520,17
201725111,-526,-1999,2500,-526,0,87.232681274414062,0,-526,-519,-7
201745103,-526,-1999,2500,-526,0,87.232681274414062,0,-526,-517,-9
201765095,-526,-1999,2500,-526,0,87.232681274414062,0,-526,-515,-11
201785087,-526,-1999,2500,-526,0,87.232681274414062,0,-526,-514,-12
201805079,-526,-1999,2500,-526,0,87.232681274414062,0,-526,-514,-12
201825071,-523,-1999,2500,-523,0,87.65228271484375,0,-523,-514,-9
201845063,-523,-1999,2500,-523,0,87.65228271484375,0,-523,-513,-10
201865055,-523,-1999,2500,-523,0,87.65228271484375,0,-523,-512,-11
201885047,-523,-1999,2500,-523,0,87.65228271484375,0,-523,-512,-11
201905039,-523,-1999,2500,-523,0,87.65228271484375,0,-523,-512,-11
201925031,-511,-1999,2500,-511,0,87.283851623535156,0,-511,-510,-1
201945023,-511,-1999,2500,-511,0,87.283851623535156,0,-511,-507,-4
201965015,-511,-1999,2500,-511,0,87.283851623535156,0,-511,-505,-6
201985007,-511,-1999,2500,-511,0,87.283851623535156,0,-511,-503,-8
202004999,-511,-1999,2500,-511,0,87.283851623535156,0,-511,-501,-10
202024991,-531,-1999,2500,-531,0,87.706962585449219,0,-531,-501,-30
202044983,-531,-1999,2500,-531,0,87.706962585449219,0,-531,-501,-30
202064975,-531,-1999,2500,-531,0,87.706962585449219,0,-531,-502,-29
202084967,-531,-1999,2500,-531,0,87.706962585449219,0,-531,-505,-26
202104959,-531,-1999,2500,-531,0,87.706962585449219,0,-531,-506,-25
202124951,-517,-1999,2500,-517,0,87.422264099121094,0,-517,-507,-10
202144943,-517,-1999,2500,-517,0,87.422264099121094,0,-517,-508,-9
202164935,-517,-1999,2500,-517,0,87.422264099121094,0,-517,-510,-7
202184927,-517,-1999,2500,-517,0,87.422264099121094,0,-517,-511,-6
202204919,-517,-1999,2500,-517,0,87.422264099121094,0,-517,-513,-4
202224911,-518,-1999,2500,-518,0,87.324760437011719,0,-518,-514,-4
202244903,-518,-1999,2500,-518,0,87.324760437011719,0,-518,-515,-3
202264895,-518,-1999,2500,-518,0,87.324760437011719,0,-518,-516,-2
202284887,-518,-1999,2500,-518,0,87.324760437011719,0,-518,-518,0
202304879,-518,-1999,2500,-518,0,87.324760437011719,0,-518,-521,3
202324871,-511,-1999,2500,-511,0,87.38262939453125,0,-511,-524,13
202344863,-511,-1999,2500,-511,0,87.38262939453125,0,-511,-525,14
202364855,-511,-1999,2500,-511,0,87.38262939453125,0,-511,-527,16
202384847,-511,-1999,2500,-511,0,87.38262939453125,0,-511,-527,16
202404839,-511,-1999,2500,-511,0,87.38262939453125,0,-511,-528,17
202424831,-499,-1999,2500,-499,0,87.146202087402344,0,-499,-529,30
202444823,-499,-1999,2500,-499,0,87.146202087402344,0,-499,-531,32
202464815,-499,-1999,2500,-499,0,87.146202087402344,0,-499,-532,33
202484807,-499,-1999,2500,-499,0,87.146202087402344,0,-499,-533,34
202504799,-499,-1999,2500,-499,0,87.146202087402344,0,-499,-535,36
202524791,-498,-1999,2500,-498,0,87.206718444824219,0,-498,-536,38
202544783,-498,-1999,2500,-498,0,87.206718444824219,0,-498,-536,38
202564775,-498,-1999,2500,-498,0,87.206718444824219,0,-498,-536,38
202584767,-498,-1999,2500,-498,0,87.206718444824219,0,-498,-535,37
202604759,-498,-1999,2500,-498,0,87.206718444824219,0,-498,-534,36
202624751,-499,-1999,2500,-499,0,87.250450134277344,0,-499,-531,32
202644743,-499,-1999,2500,-499,0,87.250450134277344,0,-499,-528,29
202664735,-499,-1999,2500,-499,0,87.250450134277344,0,-499,-525,26
202684727,-499,-1999,2500,-499,0,87.250450134277344,0,-499,-521,22
202704719,-499,-1999,2500,-499,0,87.250450134277344,0,-499,-516,17
202724711,-518,-1999,2500,-518,0,87.509559631347656,0,-518,-510,-8
202744703,-518,-1999,2500,-518,0,87.509559631347656,0,-518,-506,-12
202764695,-518,-1999,2500,-518,0,87.509559631347656,0,-518,-502,-16
202784687,-518,-1999,2500,-518,0,87.509559631347656,0,-518,-500,-18
202804679,-518,-1999,2500,-518,0,87.509559631347656,0,-518,-499,-19
202824671,-535,-1999,2500,-535,0,87.486869812011719,0,-535,-500,-35
202844663,-535,-1999,2500,-535,0,87.486869812011719,0,-535,-502,-33
202864655,-535,-2000,2500,-535,0,87.486869812011719,0,-535,-504,-31
202884647,-535,-2000,2500,-535,0,87.486869812011719,0,-535,-505,-30
202904639,-535,-1999,2500,-535,0,87.486869812011719,0,-535,-506,-29
202924631,-519,-1999,2500,-519,0,87.530181884765625,0,-519,-506,-13
202944623,-519,-2000,2500,-519,0,87.530181884765625,0,-519,-506,-13
202964615,-519,-2000,2500,-519,0,87.530181884765625,0,-519,-505,-14
202984607,-519,-1999,2500,-519,0,87.530181884765625,0,-519,-504,-15
203004599,-519,-1999,2500,-519,0,87.530181884765625,0,-519,-501,-18
203024591,-524,-1999,2500,-524,0,87.235328674316406,0,-524,-498,-26
203044583,-524,-1999,2500,-524,0,87.235328674316406,0,-524,-496,-28
203064575,-524,-1999,2500,-524,0,87.235328674316406,0,-524,-494,-30
203084567,-524,-1999,2500,-524,0,87.235328674316406,0,-524,-492,-32
203104559,-524,-1999,2500,-524,0,87.235328674316406,0,-524,-492,-32
203124551,-529,-1999,2500,-529,0,87.283393859863281,0,-529,-494,-35
203144543,-529,-1999,2500,-529,0,87.283393859863281,0,-529,-497,-32
203164535,-529,-1999,2500,-529,0,87.283393859863281,0,-529,-500,-29
203184527,-529,-1999,2500,-529,0,87.283393859863281,0,-529,-503,-26
203204519,-529,-1999,2500,-529,0,87.283393859863281,0,-529,-506,-23
203224511,-536,-1999,2500,-536,0,87.284156799316406,0,-536,-509,-27
203244503,-536,-1999,2500,-536,0,87.284156799316406,0,-536,-513,-23
203264495,-536,-1999,2500,-536,0,87.284156799316406,0,-536,-518,-18
203284487,-536,-1999,2500,-536,0,87.284156799316406,0,-536,-523,-13
203304479,-536,-1999,2500,-536,0,87.284156799316406,0,-536,-526,-10
203324471,-496,-1999,2500,-496,0,87.1622314453125,0,-496,-527,31
203344463,-496,-1999,2500,-496,0,87.1622314453125,0,-496,-527,31
203364455,-496,-1999,2500,-496,0,87.1622314453125,0,-496,-527,31
203384447,-496,-1999,2500,-496,0,87.1622314453125,0,-496,-529,33
203404439,-496,-1999,2500,-496,0,87.1622314453125,0,-496,-532,36
203424431,-499,-1999,2500,-499,0,86.992507934570312,0,-499,-535,36
203444423,-499,-1999,2500,-499,0,86.992507934570312,0,-499,-536,37
203464415,-499,-1999,2500,-499,0,86.992507934570312,0,-499,-536,37
203484407,-499,-1999,2500,-499,0,86.992507934570312,0,-499,-537,38
203504399,-499,-1999,2500,-499,0,86.992507934570312,0,-499,-538,39
203524391,-506,-1999,2500,-506,0,87.084365844726562,0,-506,-539,33
203544383,-506,-1999,2500,-506,0,87.084365844726562,0,-506,-538,32
203564375,-506,-1999,2500,-506,0,87.084365844726562,0,-506,-538,32
203584367,-506,-1999,2500,-506,0,87.084365844726562,0,-506,-539,33
203604359,-506,-1999,2500,-506,0,87.084365844726562,0,-506,-540,34
203624351,-502,-1999,2500,-502,0,87.417121887207031,0,-502,-539,37
203644343,-502,-1999,2500,-502,0,87.417121887207031,0,-502,-538,36
203664335,-502,-1999,2500,-502,0,87.417121887207031,0,-502,-535,33
203684327,-502,-1999,2500,-502,0,87.417121887207031,0,-502,-531,29
203704319,-502,-1999,2500,-502,0,87.417121887207031,0,-502,-528,26
203724311,-510,-1999,2500,-510,0,87.396011352539062,0,-510,-525,15
203745136,-510,-1999,2500,-510,0,87.396011352539062,0,-510,-522,12
203765128,-510,-1999,2500,-510,0,87.396011352539062,0,-510,-520,10
203785120,-510,-1999,2500,-510,0,87.396011352539062,0,-510,-517,7
203805112,-510,-1999,2500,-510,0,87.396011352539062,0,-510,-515,5
203825104,-522,-1999,2500,-522,0,87.486282348632812,0,-522,-514,-8
203845096,-522,-1999,2500,-522,0,87.486282348632812,0,-522,-513,-9
203865088,-522,-1999,2500,-522,0,87.486282348632812,0,-522,-514,-8
203885080,-522,-1999,2500,-522,0,87.486282348632812,0,-522,-515,-7
203905072,-522,-1999,2500,-522,0,87.486282348632812,0,-522,-517,-5
203925064,-517,-1999,2500,-517,0,87.318893432617188,0,-517,-519,2
203945056,-517,-1999,2500,-517,0,87.318893432617188,0,-517,-520,3
203965048,-517,-1999,2500,-517,0,87.318893432617188,0,-517,-521,4
203985040,-517,-1999,2500,-517,0,87.318893432617188,0,-517,-522,5
204005032,-517,-1999,2500,-517,0,87.318893432617188,0,-517,-523,6
204025024,-509,-1999,2500,-509,0,87.388404846191406,0,-509,-524,15
204045016,-509,-1999,2500,-509,0,87.388404846191406,0,-509,-525,16
204065008,-509,-1999,2500,-509,0,87.388404846191406,0,-509,-526,17
204085000,-509,-1999,2500,-509,0,87.388404846191406,0,-509,-529,20
204104992,-509,-1999,2500,-509,0,87.388404846191406,0,-509,-531,22
204124984,-492,-1999,2500,-492,0,87.271537780761719,0,-492,-532,40
204144976,-492,-1999,2500,-492,0,87.271537780761719,0,-492,-532,40
204164968,-492,-1999,2500,-492,0,87.271537780761719,0,-492,-532,40
204184960,-492,-1999,2500,-492,0,87.271537780761719,0,-492,-532,40
204204952,-492,-1999,2500,-492,0,87.271537780761719,0,-492,-532,40
204224944,-500,-1999,2500,-500,0,87.449577331542969,0,-500,-533,33
204244936,-500,-1999,2500,-500,0,87.449577331542969,0,-500,-535,35
204264928,-500,-1999,2500,-500,0,87.449577331542969,0,-500,-535,35
204284920,-500,-1999,2500,-500,0,87.449577331542969,0,-500,-537,37
204304912,-500,-1999,2500,-500,0,87.449577331542969,0,-500,-537,37
204324904,-500,-1999,2500,-500,0,87.307914733886719,0,-500,-536,36
204344896,-500,-1999,2500,-500,0,87.307914733886719,0,-500,-535,35
204364888,-500,-1999,2500,-500,0,87.307914733886719,0,-500,-534,34
204384880,-500,-1999,2500,-500,0,87.307914733886719,0,-500,-534,34
204404872,-500,-1999,2500,-500,0,87.307914733886719,0,-500,-534,34
204424864,-493,-1999,2500,-493,0,87.432861328125,0,-493,-534,41
204444856,-493,-1999,2500,-493,0,87.432861328125,0,-493,-534,41
204464848,-493,-1999,2500,-493,0,87.432861328125,0,-493,-534,41
204484840,-493,-1999,2500,-493,0,87.432861328125,0,-493,-532,39
204504832,-493,-1999,2500,-493,0,87.432861328125,0,-493,-529,36
204524824,-501,-1999,2500,-501,0,87.491050720214844,0,-501,-525,24
204544816,-501,-1999,2500,-501,0,87.491050720214844,0,-501,-521,20
204564808,-501,-1999,2500,-501,0,87.491050720214844,0,-501,-518,17
204584800,-501,-1999,2500,-501,0,87.491050720214844,0,-501,-515,14
204604792,-501,-1999,2500,-501,0,87.491050720214844,0,-501,-513,12
204624784,-516,-1999,2500,-516,0,87.283004760742188,0,-516,-512,-4
204644776,-516,-1999,2500,-516,0,87.283004760742188,0,-516,-511,-5
204664768,-516,-1999,2500,-516,0,87.283004760742188,0,-516,-508,-8
204684760,-516,-1999,2500,-516,0,87.283004760742188,0,-516,-506,-10
204704752,-516,-1999,2500,-516,0,87.283004760742188,0,-516,-505,-11
204724744,-514,-1999,2500,-514,0,87.421730041503906,0,-514,-503,-11
204744736,-514,-1999,2500,-514,0,87.421730041503906,0,-514,-501,-13
204764728,-514,-1999,2500,-514,0,87.421730041503906,0,-514,-499,-15
204784720,-514,-1999,2500,-514,0,87.421730041503906,0,-514,-498,-16
204804712,-514,-1999,2500,-514,0,87.421730041503906,0,-514,-497,-17
204824704,-524,-1999,2500,-524,0,87.419822692871094,0,-524,-498,-26
204844696,-524,-1999,2500,-524,0,87.419822692871094,0,-524,-499,-25
204864688,-524,-1999,2500,-524,0,87.419822692871094,0,-524,-499,-25
204884680,-524,-1999,2500,-524,0,87.419822692871094,0,-524,-498,-26
204904672,-524,-2000,2500,-524,0,87.419822692871094,0,-524,-498,-26
204924664,-525,-2000,2500,-525,0,87.488937377929688,0,-525,-497,-28
204944656,-525,-2000,2500,-525,0,87.488937377929688,0,-525,-497,-28
204964648,-525,-1999,2500,-525,0,87.488937377929688,0,-525,-498,-27
204984640,-525,-1999,2500,-525,0,87.488937377929688,0,-525,-499,-26
205004632,-525,-1999,2500,-525,0,87.488937377929688,0,-525,-501,-24
205024624,-526,-1999,2500,-526,0,87.153900146484375,0,-526,-502,-24
205044616,-526,-2000,2500,-526,0,87.153900146484375,0,-526,-504,-22
205064608,-526,-2000,2500,-526,0,87.153900146484375,0,-526,-506,-20
205084600,-526,-2000,2500,-526,0,87.153900146484375,0,-526,-508,-18
205104592,-526,-2000,2500,-526,0,87.153900146484375,0,-526,-509,-17
205124584,-527,-1999,2500,-527,0,87.481208801269531,0,-527,-512,-15
205144576,-527,-1999,2500,-527,0,87.481208801269531,0,-527,-514,-13
205164568,-527,-2000,2500,-527,0,87.481208801269531,0,-527,-517,-10
205184560,-527,-2000,2500,-527,0,87.481208801269531,0,-527,-519,-8
205204552,-527,-1999,2500,-527,0,87.481208801269531,0,-527,-521,-6
205224544,-509,-1999,2500,-509,0,87.234725952148438,0,-509,-521,12
205244536,-509,-1999,2500,-509,0,87.234725952148438,0,-509,-522,13
205264528,-509,-1999,2500,-509,0,87.234725952148438,0,-509,-524,15
205284520,-509,-1999,2500,-509,0,87.234725952148438,0,-509,-525,16
205304512,-509,-1999,2500,-509,0,87.234725952148438,0,-509,-527,18
205324504,-503,-1999,2500,-503,0,87.083160400390625,0,-503,-529,26
205344496,-503,-1999,2500,-503,0,87.083160400390625,0,-503,-529,26
205364488,-503,-1999,2500,-503,0,87.083160400390625,0,-503,-529,26
205384480,-503,-1999,2500,-503,0,87.083160400390625,0,-503,-528,25
205404472,-503,-1999,2500,-503,0,87.083160400390625,0,-503,-528,25
205424464,-507,-1999,2500,-507,0,87.0693359375,0,-507,-527,20
205444456,-507,-1999,2500,-507,0,87.0693359375,0,-507,-526,19
205464448,-507,-1999,2500,-507,0,87.0693359375,0,-507,-524,17
205484440,-507,-1999,2500,-507,0,87.0693359375,0,-507,-522,15
205504432,-507,-1999,2500,-507,0,87.0693359375,0,-507,-522,15
205524424,-515,-1999,2500,-515,0,87.062362670898438,0,-515,-523,8
205544416,-515,-1999,2500,-515,0,87.062362670898438,0,-515,-525,10
205564408,-515,-1999,2500,-515,0,87.062362670898438,0,-515,-527,12
205584400,-515,-1999,2500,-515,0,87.062362670898438,0,-515,-528,13
205604392,-515,-1999,2500,-515,0,87.062362670898438,0,-515,-528,13
205624384,-502,-1999,2500,-502,0,87.17901611328125,0,-502,-529,27
205644376,-502,-1999,2500,-502,0,87.17901611328125,0,-502,-529,27
205664368,-502,-1999,2500,-502,0,87.17901611328125,0,-502,-528,26
205684360,-502,-1999,2500,-502,0,87.17901611328125,0,-502,-526,24
205704352,-502,-1999,2500,-502,0,87.17901611328125,0,-502,-524,22
205724344,-501,-1999,2500,-501,0,87.292243957519531,0,-501,-522,21
205744336,-501,-1999,2500,-501,0,87.292243957519531,0,-501,-520,19
205764328,-501,-1999,2500,-501,0,87.292243957519531,0,-501,-518,17
205784320,-501,-1999,2500,-501,0,87.292243957519531,0,-501,-515,14
205804312,-501,-1999,2500,-501,0,87.292243957519531,0,-501,-513,12
205825137,-519,-1999,2500,-519,0,87.010612487792969,0,-519,-511,-8
205845129,-519,-1999,2500,-519,0,87.010612487792969,0,-519,-509,-10
205865121,-519,-1999,2500,-519,0,87.010612487792969,0,-519,-507,-12
205885113,-519,-1999,2500,-519,0,87.010612487792969,0,-519,-506,-13
205905105,-519,-1999,2500,-519,0,87.010612487792969,0,-519,-504,-15
205925097,-531,-1999,2500,-531,0,87.397125244140625,0,-531,-504,-27
205945089,-531,-1999,2500,-531,0,87.397125244140625,0,-531,-504,-27
205965081,-531,-1999,2500,-531,0,87.397125244140625,0,-531,-504,-27
205985073,-531,-1999,2500,-531,0,87.397125244140625,0,-531,-505,-26
206005065,-531,-1999,2500,-531,0,87.397125244140625,0,-531,-505,-26
206025057,-524,-1999,2500,-524,0,87.516448974609375,0,-524,-505,-19
206045049,-524,-1999,2500,-524,0,87.516448974609375,0,-524,-506,-18
206065041,-524,-1999,2500,-524,0,87.516448974609375,0,-524,-508,-16
206085033,-524,-1999,2500,-524,0,87.516448974609375,0,-524,-510,-14
206105025,-524,-1999,2500,-524,0,87.516448974609375,0,-524,-512,-12
206125017,-522,-1999,2500,-522,0,87.453941345214844,0,-522,-513,-9
206145009,-522,-2000,2500,-522,0,87.453941345214844,0,-522,-514,-8
206165001,-522,-2000,2500,-522,0,87.453941345214844,0,-522,-517,-5
206184993,-522,-2000,2500,-522,0,87.453941345214844,0,-522,-521,-1
206204985,-522,-2000,2500,-522,0,87.453941345214844,0,-522,-524,2
206224977,-511,-2000,2500,-511,0,87.253280639648438,0,-511,-528,17
206244969,-511,-2000,2500,-511,0,87.253280639648438,0,-511,-533,22
206264961,-511,-2000,2500,-511,0,87.253280639648438,0,-511,-538,27
206284953,-511,-2000,2500,-511,0,87.253280639648438,0,-511,-542,31
206304945,-511,-2000,2500,-511,0,87.253280639648438,0,-511,-544,33
206324937,-497,-1999,2500,-497,0,87.00830078125,0,-497,-545,48
206344929,-497,-2000,2500,-497,0,87.00830078125,0,-497,-546,49
206364921,-497,-1999,2500,-497,0,87.00830078125,0,-497,-547,50
206384913,-497,-2000,2500,-497,0,87.00830078125,0,-497,-548,51
206404905,-497,-2000,2500,-497,0,87.00830078125,0,-497,-550,53
206424897,-495,-2000,2500,-495,0,87.350738525390625,0,-495,-551,56
206444889,-495,-1999,2500,-495,0,87.350738525390625,0,-495,-551,56
206464881,-495,-1999,2500,-495,0,87.350738525390625,0,-495,-552,57
206484873,-495,-1999,2500,-495,0,87.350738525390625,0,-495,-551,56
206504865,-495,-1999,2500,-495,0,87.350738525390625,0,-495,-551,56
206524857,-490,-1999,2500,-490,0,87.244094848632812,0,-490,-550,60
206544849,-490,-1999,2500,-490,0,87.244094848632812,0,-490,-550,60
206564841,-490,-1999,2500,-490,0,87.244094848632812,0,-490,-550,60
206584833,-490,-1999,2500,-490,0,87.244094848632812,0,-490,-549,59
206604825,-490,-1999,2500,-490,0,87.244094848632812,0,-490,-547,57
206624817,-497,-1999,2500,-497,0,87.251213073730469,0,-497,-544,47
206644809,-497,-1999,2500,-497,0,87.251213073730469,0,-497,-541,44
206664801,-497,-1999,2500,-497,0,87.251213073730469,0,-497,-537,40
206684793,-497,-1999,2500,-497,0,87.251213073730469,0,-497,-534,37
206704785,-497,-1999,2500,-497,0,87.251213073730469,0,-497,-530,33
206724777,-511,-1999,2500,-511,0,87.259025573730469,0,-511,-527,16
206744769,-511,-1999,2500,-511,0,87.259025573730469,0,-511,-523,12
206764761,-511,-1999,2500,-511,0,87.259025573730469,0,-511,-519,8
206784753,-511,-1999,2500,-511,0,87.259025573730469,0,-511,-513,2
206804745,-511,-1999,2500,-511,0,87.259025573730469,0,-511,-508,-3
206824737,-524,-1999,2500,-524,0,87.509910583496094,0,-524,-501,-23
206844729,-524,-1999,2500,-524,0,87.509910583496094,0,-524,-495,-29
206864721,-524,-1999,2500,-524,0,87.509910583496094,0,-524,-490,-34
206884713,-524,-1999,2500,-524,0,87.509910583496094,0,-524,-486,-38
206904705,-524,-1999,2500,-524,0,87.509910583496094,0,-524,-483,-41
206924697,-556,-1999,2500,-556,0,87.914299011230469,0,-556,-482,-74
206944689,-556,-1999,2500,-556,0,87.914299011230469,0,-556,-482,-74
206964681,-556,-1999,2500,-556,0,87.914299011230469,0,-556,-481,-75
206984673,-556,-1999,2500,-556,0,87.914299011230469,0,-556,-482,-74
207004665,-556,-1999,2500,-556,0,87.914299011230469,0,-556,-484,-72
207024657,-539,-1999,2500,-539,0,87.3658447265625,0,-539,-487,-52
207044649,-539,-1999,2500,-539,0,87.3658447265625,0,-539,-491,-48
207064641,-539,-1999,2500,-539,0,87.3658447265625,0,-539,-495,-44
207084633,-539,-1999,2500,-539,0,87.3658447265625,0,-539,-499,-40
207104625,-539,-1999,2500,-539,0,87.3658447265625,0,-539,-503,-36
207124617,-515,-1999,2500,-515,0,87.277183532714844,0,-515,-505,-10
207144609,-515,-1999,2500,-515,0,87.277183532714844,0,-515,-508,-7
207164601,-515,-1999,2500,-515,0,87.277183532714844,0,-515,-512,-3
207184593,-515,-1999,2500,-515,0,87.277183532714844,0,-515,-517,2
207204585,-515,-2000,2500,-515,0,87.277183532714844,0,-515,-522,7
207224577,-501,-2000,2500,-501,0,87.2396240234375,0,-501,-528,27
207244569,-501,-2000,2500,-501,0,87.2396240234375,0,-501,-533,32
207264561,-501,-2000,2500,-501,0,87.2396240234375,0,-501,-537,36
207284553,-501,-1999,2500,-501,0,87.2396240234375,0,-501,-540,39
207304545,-501,-2000,2500,-501,0,87.2396240234375,0,-501,-541,40
207324537,-484,-2000,2500,-484,0,87.043441772460938,0,-484,-541,57
207344529,-484,-1999,2500,-484,0,87.043441772460938,0,-484,-541,57
207364521,-484,-1999,2500,-484,0,87.043441772460938,0,-484,-540,56
207384513,-484,-1999,2500,-484,0,87.043441772460938,0,-484,-540,56
207404505,-484,-1999,2500,-484,0,87.043441772460938,0,-484,-540,56
207424497,-495,-1999,2500,-495,0,87.174278259277344,0,-495,-539,44
207444489,-495,-1999,2500,-495,0,87.174278259277344,0,-495,-539,44
207464481,-495,-1999,2500,-495,0,87.174278259277344,0,-495,-538,43
207484473,-495,-1999,2500,-495,0,87.174278259277344,0,-495,-537,42
207504465,-495,-1999,2500,-495,0,87.174278259277344,0,-495,-535,40
207524457,-505,-1999,2500,-505,0,87.401374816894531,0,-505,-534,29
207544449,-505,-1999,2500,-505,0,87.401374816894531,0,-505,-532,27
207564441,-505,-1999,2500,-505,0,87.401374816894531,0,-505,-529,24
207584433,-505,-1999,2500,-505,0,87.401374816894531,0,-505,-526,21
207604425,-505,-1999,2500,-505,0,87.401374816894531,0,-505,-523,18
207624417,-512,-1999,2500,-512,0,87.543464660644531,0,-512,-519,7
207644409,-512,-1999,2500,-512,0,87.543464660644531,0,-512,-516,4
207664401,-512,-1999,2500,-512,0,87.543464660644531,0,-512,-512,0
207684393,-512,-1999,2500,-512,0,87.543464660644531,0,-512,-508,-4
207704385,-512,-1999,2500,-512,0,87.543464660644531,0,-512,-505,-7
207724377,-526,-1999,2500,-526,0,87.616264343261719,0,-526,-501,-25
207744369,-526,-1999,2500,-526,0,87.616264343261719,0,-526,-498,-28
207764361,-526,-1999,2500,-526,0,87.616264343261719,0,-526,-496,-30
207784353,-526,-1999,2500,-526,0,87.616264343261719,0,-526,-494,-32
207804345,-526,-1999,2500,-526,0,87.616264343261719,0,-526,-493,-33
207824337,-534,-1999,2500,-534,0,87.771453857421875,0,-534,-492,-42
207844329,-534,-2000,2500,-534,0,87.771453857421875,0,-534,-492,-42
207864321,-534,-2000,2500,-534,0,87.771453857421875,0,-534,-493,-41
207884313,-534,-2000,2500,-534,0,87.771453857421875,0,-534,-495,-39
207905138,-534,-2000,2500,-534,0,87.771453857421875,0,-534,-497,-37
207925130,-524,-2000,2500,-524,0,87.709274291992188,0,-524,-499,-25
207945122,-524,-2000,2500,-524,0,87.709274291992188,0,-524,-499,-25
207965114,-524,-1999,2500,-524,0,87.709274291992188,0,-524,-500,-24
207985106,-524,-1999,2500,-524,0,87.709274291992188,0,-524,-502,-22
208005098,-524,-1999,2500,-524,0,87.709274291992188,0,-524,-504,-20
208025090,-509,-1999,2500,-509,0,87.252487182617188,0,-509,-507,-2
208045082,-509,-1999,2500,-509,0,87.252487182617188,0,-509,-509,0
208065074,-509,-1999,2500,-509,0,87.252487182617188,0,-509,-511,2
208085066,-509,-1999,2500,-509,0,87.252487182617188,0,-509,-512,3
208105058,-509,-1999,2500,-509,0,87.252487182617188,0,-509,-514,5
208125050,-512,-1999,2500,-512,0,87.275680541992188,0,-512,-514,2
208145042,-512,-1999,2500,-512,0,87.275680541992188,0,-512,-514,2
208165034,-512,-1999,2500,-512,0,87.275680541992188,0,-512,-514,2
208185026,-512,-1999,2500,-512,0,87.275680541992188,0,-512,-515,3
208205018,-512,-2000,2500,-512,0,87.275680541992188,0,-512,-517,5
208225010,-522,-2000,2500,-522,0,87.307609558105469,0,-522,-518,-4
208245002,-522,-2000,2500,-522,0,87.307609558105469,0,-522,-519,-3
208264994,-522,-1999,2500,-522,0,87.307609558105469,0,-522,-519,-3
208284986,-522,-1999,2500,-522,0,87.307609558105469,0,-522,-519,-3
208304978,-522,-1999,2500,-522,0,87.307609558105469,0,-522,-518,-4
208324970,-510,-1999,2500,-510,0,87.46893310546875,0,-510,-518,8
208344962,-510,-1999,2500,-510,0,87.46893310546875,0,-510,-517,7
208364954,-510,-1999,2500,-510,0,87.46893310546875,0,-510,-516,6
208384946,-510,-1999,2500,-510,0,87.46893310546875,0,-510,-516,6
208404938,-510,-1999,2500,-510,0,87.46893310546875,0,-510,-515,5
208424930,-521,-1999,2500,-521,0,87.489700317382812,0,-521,-516,-5
208444922,-521,-1999,2500,-521,0,87.489700317382812,0,-521,-517,-4
208464914,-521,-1999,2500,-521,0,87.489700317382812,0,-521,-518,-3
208484906,-521,-1999,2500,-521,0,87.489700317382812,0,-521,-518,-3
208504898,-521,-1999,2500,-521,0,87.489700317382812,0,-521,-519,-2
208524890,-521,-1999,2500,-521,0,87.29058837890625,0,-521,-518,-3
208544882,-521,-1999,2500,-521,0,87.29058837890625,0,-521,-519,-2
208564874,-521,-1999,2500,-521,0,87.29058837890625,0,-521,-521,0
208584866,-521,-1999,2500,-521,0,87.29058837890625,0,-521,-523,2
208604858,-521,-1999,2500,-521,0,87.29058837890625,0,-521,-524,3
208624850,-514,-1999,2500,-514,0,87.509346008300781,0,-514,-525,11
208644842,-514,-1999,2500,-514,0,87.509346008300781,0,-514,-526,12
208664834,-514,-1999,2500,-514,0,87.509346008300781,0,-514,-526,12
208684826,-514,-1999,2500,-514,0,87.509346008300781,0,-514,-526,12
208704818,-514,-1999,2500,-514,0,87.509346008300781,0,-514,-527,13
208724810,-501,-1999,2500,-501,0,87.212203979492188,0,-501,-528,27
208744802,-501,-1999,2500,-501,0,87.212203979492188,0,-501,-529,28
208764794,-501,-1999,2500,-501,0,87.212203979492188,0,-501,-529,28
208784786,-501,-1999,2500,-501,0,87.212203979492188,0,-501,-530,29
208804778,-501,-1999,2500,-501,0,87.212203979492188,0,-501,-530,29
208824770,-492,-1999,2500,-492,0,86.918678283691406,0,-492,-530,38
208844762,-492,-1999,2500,-492,0,86.918678283691406,0,-492,-530,38
208864754,-492,-1999,2500,-492,0,86.918678283691406,0,-492,-530,38
208884746,-492,-1999,2500,-492,0,86.918678283691406,0,-492,-530,38
208904738,-492,-1999,2500,-492,0,86.918678283691406,0,-492,-530,38
208924730,-496,-1999,2500,-496,0,86.934326171875,0,-496,-530,34
208944722,-496,-1999,2500,-496,0,86.934326171875,0,-496,-530,34
208964714,-496,-1999,2500,-496,0,86.934326171875,0,-496,-529,33
208984706,-496,-1999,2500,-496,0,86.934326171875,0,-496,-528,32
209004698,-496,-1999,2500,-496,0,86.934326171875,0,-496,-525,29
209024690,-504,-1999,2500,-504,0,86.857192993164062,0,-504,-523,19
209044682,-504,-1999,2500,-504,0,86.857192993164062,0,-504,-520,16
209064674,-504,-1999,2500,-504,0,86.857192993164062,0,-504,-517,13
209084666,-504,-1999,2500,-504,0,86.857192993164062,0,-504,-515,11
209104658,-504,-1999,2500,-504,0,86.857192993164062,0,-504,-513,9
209124650,-528,-1999,2500,-528,0,87.069938659667969,0,-528,-511,-17
209144642,-528,-1999,2500,-528,0,87.069938659667969,0,-528,-511,-17
209164634,-528,-1999,2500,-528,0,87.069938659667969,0,-528,-509,-19
209184626,-528,-1999,2500,-528,0,87.069938659667969,0,-528,-507,-21
209204618,-528,-1999,2500,-528,0,87.069938659667969,0,-528,-505,-23
209224610,-528,-1999,2500,-528,0,87.155105590820312,0,-528,-503,-25
209244602,-528,-1999,2500,-528,0,87.155105590820312,0,-528,-502,-26
209264594,-528,-1999,2500,-528,0,87.155105590820312,0,-528,-501,-27
209284586,-528,-1999,2500,-528,0,87.155105590820312,0,-528,-501,-27
209304578,-528,-1999,2500,-528,0,87.155105590820312,0,-528,-502,-26
209324570,-535,-1999,2500,-535,0,87.290458679199219,0,-535,-503,-32
209344562,-535,-1999,2500,-535,0,87.290458679199219,0,-535,-504,-31
209364554,-535,-1999,2500,-535,0,87.290458679199219,0,-535,-506,-29
209384546,-535,-1999,2500,-535,0,87.290458679199219,0,-535,-508,-27
209404538,-535,-1999,2500,-535,0,87.290458679199219,0,-535,-509,-26
209424530,-521,-1999,2500,-521,0,87.262176513671875,0,-521,-511,-10
209444522,-521,-1999,2500,-521,0,87.262176513671875,0,-521,-513,-8
209464514,-521,-1999,2500,-521,0,87.262176513671875,0,-521,-515,-6
209484506,-521,-1999,2500,-521,0,87.262176513671875,0,-521,-517,-4
209504498,-521,-1999,2500,-521,0,87.262176513671875,0,-521,-520,-1
209524490,-517,-1999,2500,-517,0,87.190010070800781,0,-517,-523,6
209544482,-517,-1999,2500,-517,0,87.190010070800781,0,-517,-525,8
209564474,-517,-1999,2500,-517,0,87.190010070800781,0,-517,-528,11
209584466,-517,-1999,2500,-517,0,87.190010070800781,0,-517,-532,15
209604458,-517,-1999,2500,-517,0,87.190010070800781,0,-517,-534,17
209624450,-501,-1999,2500,-501,0,87.170646667480469,0,-501,-535,34
209644442,-501,-1999,2500,-501,0,87.170646667480469,0,-501,-536,35
209664434,-501,-1999,2500,-501,0,87.170646667480469,0,-501,-536,35
209684426,-501,-1999,2500,-501,0,87.170646667480469,0,-501,-536,35
209704418,-501,-1999,2500,-501,0,87.170646667480469,0,-501,-536,35
209724410,-494,-1999,2500,-494,0,86.871604919433594,0,-494,-535,41
209744402,-494,-1999,2500,-494,0,86.871604919433594,0,-494,-533,39
209764394,-494,-1999,2500,-494,0,86.871604919433594,0,-494,-533,39
209784386,-494,-1999,2500,-494,0,86.871604919433594,0,-494,-532,38
209804378,-494,-1999,2500,-494,0,86.871604919433594,0,-494,-532,38
209824370,-499,-1999,2500,-499,0,87.288108825683594,0,-499,-532,33
209844362,-499,-1999,2500,-499,0,87.288108825683594,0,-499,-532,33
209864354,-499,-1999,2500,-499,0,87.288108825683594,0,-499,-530,31
209884346,-499,-1999,2500,-499,0,87.288108825683594,0,-499,-527,28
209904338,-499,-1999,2500,-499,0,87.288108825683594,0,-499,-525,26
209924330,-523,-1999,2500,-523,0,87.449699401855469,0,-523,-523,0
209944322,-523,-1999,2500,-523,0,87.449699401855469,0,-523,-520,-3
209964314,-523,-1999,2500,-523,0,87.449699401855469,0,-523,-519,-4
209985139,-523,-1999,2500,-523,0,87.449699401855469,0,-523,-517,-6
210005131,-523,-1999,2500,-523,0,87.449699401855469,0,-523,-515,-8
210025123,-525,-1999,2500,-525,0,87.425025939941406,0,-525,-513,-12
210045115,-525,-1999,2500,-525,0,87.425025939941406,0,-525,-511,-14
210065107,-525,-1999,2500,-525,0,87.425025939941406,0,-525,-509,-16
210085099,-525,-1999,2500,-525,0,87.425025939941406,0,-525,-507,-18
210105091,-525,-1999,2500,-525,0,87.425025939941406,0,-525,-505,-20
210125083,-531,-1999,2500,-531,0,87.917060852050781,0,-531,-503,-28
210145075,-531,-1999,2500,-531,0,87.917060852050781,0,-531,-502,-29
210165067,-531,-1999,2500,-531,0,87.917060852050781,0,-531,-501,-30
210185059,-531,-1999,2500,-531,0,87.917060852050781,0,-531,-501,-30
210205051,-531,-1999,2500,-531,0,87.917060852050781,0,-531,-501,-30
210225043,-519,-1999,2500,-519,0,87.569976806640625,0,-519,-502,-17
210245035,-519,-1999,2500,-519,0,87.569976806640625,0,-519,-505,-14
210265027,-519,-1999,2500,-519,0,87.569976806640625,0,-519,-509,-10
210285019,-519,-1999,2500,-519,0,87.569976806640625,0,-519,-514,-5
210305011,-519,-1999,2500,-519,0,87.569976806640625,0,-519,-519,0
210325003,-498,-1999,2500,-498,0,87.619956970214844,0,-498,-524,26
210344995,-498,-1999,2500,-498,0,87.619956970214844,0,-498,-528,30
210364987,-498,-1999,2500,-498,0,87.619956970214844,0,-498,-532,34
210384979,-498,-1999,2500,-498,0,87.619956970214844,0,-498,-534,36
210404971,-498,-1999,2500,-498,0,87.619956970214844,0,-498,-536,38
210424963,-490,-1999,2500,-490,0,87.171150207519531,0,-490,-536,46
210444955,-490,-1999,2500,-490,0,87.171150207519531,0,-490,-536,46
210464947,-490,-1999,2500,-490,0,87.171150207519531,0,-490,-535,45
210484939,-490,-1999,2500,-490,0,87.171150207519531,0,-490,-534,44
210504931,-490,-1999,2500,-490,0,87.171150207519531,0,-490,-534,44
210524923,-502,-1999,2500,-502,0,87.469184875488281,0,-502,-534,32
210544915,-502,-1999,2500,-502,0,87.469184875488281,0,-502,-531,29
210564907,-502,-1999,2500,-502,0,87.469184875488281,0,-502,-528,26
210584899,-502,-1999,2500,-502,0,87.469184875488281,0,-502,-525,23
210604891,-502,-1999,2500,-502,0,87.469184875488281,0,-502,-522,20
210624883,-509,-1999,2500,-509,0,87.623748779296875,0,-509,-520,11
210644875,-509,-1999,2500,-509,0,87.623748779296875,0,-509,-518,9
210664867,-509,-1999,2500,-509,0,87.623748779296875,0,-509,-517,8
210684859,-509,-1999,2500,-509,0,87.623748779296875,0,-509,-515,6
210704851,-509,-1999,2500,-509,0,87.623748779296875,0,-509,-513,4
210724843,-515,-1999,2500,-515,0,87.786087036132812,0,-515,-511,-4
210744835,-515,-1999,2500,-515,0,87.786087036132812,0,-515,-510,-5
210764827,-515,-1999,2500,-515,0,87.786087036132812,0,-515,-509,-6
210784819,-515,-1999,2500,-515,0,87.786087036132812,0,-515,-507,-8
210804811,-515,-1999,2500,-515,0,87.786087036132812,0,-515,-504,-11
210824803,-524,-1999,2500,-524,0,87.536529541015625,0,-524,-500,-24
210844795,-524,-1999,2500,-524,0,87.536529541015625,0,-524,-498,-26
210864787,-524,-1999,2500,-524,0,87.536529541015625,0,-524,-496,-28
210884779,-524,-1999,2500,-524,0,87.536529541015625,0,-524,-495,-29
210904771,-524,-1999,2500,-524,0,87.536529541015625,0,-524,-495,-29
210924763,-531,-1999,2500,-531,0,87.678855895996094,0,-531,-496,-35
210944755,-531,-1999,2500,-531,0,87.678855895996094,0,-531,-499,-32
210964747,-531,-1999,2500,-531,0,87.678855895996094,0,-531,-502,-29
210984739,-531,-1999,2500,-531,0,87.678855895996094,0,-531,-504,-27
211004731,-531,-1999,2500,-531,0,87.678855895996094,0,-531,-505,-26
211024723,-519,-1999,2500,-519,0,87.42584228515625,0,-519,-507,-12
211044715,-519,-1999,2500,-519,0,87.42584228515625,0,-519,-509,-10
211064707,-519,-1999,2500,-519,0,87.42584228515625,0,-519,-509,-10
211084699,-519,-1999,2500,-519,0,87.42584228515625,0,-519,-509,-10
211104691,-519,-1999,2500,-519,0,87.42584228515625,0,-519,-510,-9
211124683,-507,-1999,2500,-507,0,87.276763916015625,0,-507,-511,4
211144675,-507,-1999,2500,-507,0,87.276763916015625,0,-507,-512,5
211164667,-507,-2000,2500,-507,0,87.276763916015625,0,-507,-514,7
211184659,-507,-2000,2500,-507,0,87.276763916015625,0,-507,-516,9
211204651,-507,-2000,2500,-507,0,87.276763916015625,0,-507,-517,10
211224643,-518,-2000,2500,-518,0,87.36407470703125,0,-518,-518,0
211244635,-518,-2000,2500,-518,0,87.36407470703125,0,-518,-520,2
211264627,-518,-2000,2500,-518,0,87.36407470703125,0,-518,-523,5
211284619,-518,-2000,2500,-518,0,87.36407470703125,0,-518,-525,7
211304611,-518,-2000,2500,-518,0,87.36407470703125,0,-518,-527,9
211324603,-503,-1999,2500,-503,0,87.104827880859375,0,-503,-528,25
211344595,-503,-1999,2500,-503,0,87.104827880859375,0,-503,-529,26
211364587,-503,-1999,2500,-503,0,87.104827880859375,0,-503,-529,26
211384579,-503,-1999,2500,-503,0,87.104827880859375,0,-503,-531,28
211404571,-503,-1999,2500,-503,0,87.104827880859375,0,-503,-533,30
211424563,-503,-1999,2500,-503,0,87.293128967285156,0,-503,-535,32
211444555,-503,-1999,2500,-503,0,87.293128967285156,0,-503,-537,34
211464547,-503,-1999,2500,-503,0,87.293128967285156,0,-503,-538,35
211484539,-503,-1999,2500,-503,0,87.293128967285156,0,-503,-539,36
211504531,-503,-1999,2500,-503,0,87.293128967285156,0,-503,-538,35
211524523,-490,-1999,2500,-490,0,87.159027099609375,0,-490,-536,46
211544515,-490,-1999,2500,-490,0,87.159027099609375,0,-490,-533,43
211564507,-490,-1999,2500,-490,0,87.159027099609375,0,-490,-528,38
211584499,-490,-1999,2500,-490,0,87.159027099609375,0,-490,-525,35
211604491,-490,-1999,2500,-490,0,87.159027099609375,0,-490,-523,33
211624483,-507,-1999,2500,-507,0,87.2293701171875,0,-507,-520,13
211644475,-507,-1999,2500,-507,0,87.2293701171875,0,-507,-518,11
211664467,-507,-1999,2500,-507,0,87.2293701171875,0,-507,-516,9
211684459,-507,-1999,2500,-507,0,87.2293701171875,0,-507,-514,7
211704451,-507,-1999,2500,-507,0,87.2293701171875,0,-507,-511,4
211724443,-524,-1999,2500,-524,0,87.52337646484375,0,-524,-508,-16
211744435,-524,-1999,2500,-524,0,87.52337646484375,0,-524,-504,-20
211764427,-524,-1999,2500,-524,0,87.52337646484375,0,-524,-502,-22
211784419,-524,-1999,2500,-524,0,87.52337646484375,0,-524,-500,-24
211804411,-524,-1999,2500,-524,0,87.52337646484375,0,-524,-499,-25
211824403,-530,-1999,2500,-530,0,87.365989685058594,0,-530,-499,-31
211844395,-530,-1999,2500,-530,0,87.365989685058594,0,-530,-498,-32
211864387,-530,-1999,2500,-530,0,87.365989685058594,0,-530,-497,-33
211884379,-530,-1999,2500,-530,0,87.365989685058594,0,-530,-496,-34
211904371,-530,-1999,2500,-530,0,87.365989685058594,0,-530,-495,-35
211924363,-535,-1999,2500,-535,0,87.778221130371094,0,-535,-495,-40
211944355,-535,-1999,2500,-535,0,87.778221130371094,0,-535,-496,-39
211964347,-535,-1999,2500,-535,0,87.778221130371094,0,-535,-498,-37
211984339,-535,-1999,2500,-535,0,87.778221130371094,0,-535,-500,-35
212004331,-535,-1999,2500,-535,0,87.778221130371094,0,-535,-502,-33
212024323,-524,-1999,2500,-524,0,87.522163391113281,0,-524,-506,-18
212044315,-524,-1999,2500,-524,0,87.522163391113281,0,-524,-509,-15
212065140,-524,-1999,2500,-524,0,87.522163391113281,0,-524,-511,-13
212085132,-524,-1999,2500,-524,0,87.522163391113281,0,-524,-515,-9
212105124,-524,-1999,2500,-524,0,87.522163391113281,0,-524,-519,-5
212125116,-500,-1999,2500,-500,0,87.197502136230469,0,-500,-523,23
212145108,-500,-1999,2500,-500,0,87.197502136230469,0,-500,-527,27
212165100,-500,-1999,2500,-500,0,87.197502136230469,0,-500,-532,32
212185092,-500,-1999,2500,-500,0,87.197502136230469,0,-500,-537,37
212205084,-500,-1999,2500,-500,0,87.197502136230469,0,-500,-542,42
212225076,-494,-1999,2500,-494,0,87.291107177734375,0,-494,-546,52
212245068,-494,-1999,2500,-494,0,87.291107177734375,0,-494,-548,54
212265060,-494,-1999,2500,-494,0,87.291107177734375,0,-494,-549,55
212285052,-494,-1999,2500,-494,0,87.291107177734375,0,-494,-549,55
212305044,-494,-1999,2500,-494,0,87.291107177734375,0,-494,-549,55
212325036,-482,-1999,2500,-482,0,87.475357055664062,0,-482,-548,66
212345028,-482,-1999,2500,-482,0,87.475357055664062,0,-482,-548,66
212365020,-482,-1999,2500,-482,0,87.475357055664062,0,-482,-547,65
212385012,-482,-1999,2500,-482,0,87.475357055664062,0,-482,-546,64
212405004,-482,-1999,2500,-482,0,87.475357055664062,0,-482,-544,62
212424996,-496,-1999,2500,-496,0,87.34552001953125,0,-496,-541,45
212444988,-496,-1999,2500,-496,0,87.34552001953125,0,-496,-538,42
212464980,-496,-1999,2500,-496,0,87.34552001953125,0,-496,-535,39
212484972,-496,-1999,2500,-496,0,87.34552001953125,0,-496,-533,37
212504964,-496,-1999,2500,-496,0,87.34552001953125,0,-496,-531,35
212524956,-507,-1999,2500,-507,0,87.700187683105469,0,-507,-528,21
212544948,-507,-1999,2500,-507,0,87.700187683105469,0,-507,-524,17
212564940,-507,-1999,2500,-507,0,87.700187683105469,0,-507,-520,13
212584932,-507,-1999,2500,-507,0,87.700187683105469,0,-507,-517,10
212604924,-507,-1999,2500,-507,0,87.700187683105469,0,-507,-515,8
212624916,-514,-1999,2500,-514,0,87.897018432617188,0,-514,-512,-2
212644908,-514,-1999,2500,-514,0,87.897018432617188,0,-514,-508,-6
212664900,-514,-1999,2500,-514,0,87.897018432617188,0,-514,-505,-9
212684892,-514,-1999,2500,-514,0,87.897018432617188,0,-514,-502,-12
212704884,-514,-1999,2500,-514,0,87.897018432617188,0,-514,-501,-13
212724876,-532,-1999,2500,-532,0,88.023590087890625,0,-532,-500,-32
212744868,-532,-1999,2500,-532,0,88.023590087890625,0,-532,-499,-33
212764860,-532,-1999,2500,-532,0,88.023590087890625,0,-532,-499,-33
212784852,-532,-1999,2500,-532,0,88.023590087890625,0,-532,-499,-33
212804844,-532,-1999,2500,-532,0,88.023590087890625,0,-532,-499,-33
212824836,-518,-1999,2500,-518,0,87.518348693847656,0,-518,-500,-18
212844828,-518,-1999,2500,-518,0,87.518348693847656,0,-518,-500,-18
212864820,-518,-1999,2500,-518,0,87.518348693847656,0,-518,-500,-18
212884812,-518,-1999,2500,-518,0,87.518348693847656,0,-518,-501,-17
212904804,-518,-1999,2500,-518,0,87.518348693847656,0,-518,-503,-15
212924796,-553,-1999,2500,-553,0,87.376914978027344,0,-553,-506,-47
212944788,-553,-1999,2500,-553,0,87.376914978027344,0,-553,-508,-45
212964780,-553,-1999,2500,-553,0,87.376914978027344,0,-553,-509,-44
212984772,-553,-1999,2500,-553,0,87.376914978027344,0,-553,-510,-43
213004764,-553,-1999,2500,-553,0,87.376914978027344,0,-553,-512,-41
213024756,-580,-1999,2500,-580,0,87.160049438476562,0,-580,-514,-66
213044748,-580,-1999,2500,-580,0,87.160049438476562,0,-580,-517,-63
213064740,-580,-1999,2500,-580,0,87.160049438476562,0,-580,-519,-61
213084732,-580,-1999,2500,-580,0,87.160049438476562,0,-580,-522,-58
213104724,-580,-1999,2500,-580,0,87.160049438476562,0,-580,-526,-54
213124716,-614,-1999,2500,-614,0,86.86553955078125,0,-614,-533,-81
213144708,-614,-1999,2500,-614,0,86.86553955078125,0,-614,-539,-75
213164700,-614,-1999,2500,-614,0,86.86553955078125,0,-614,-546,-68
213184692,-614,-1998,2500,-614,0,86.86553955078125,0,-614,-553,-61
213204684,-614,-1997,2500,-614,0,86.86553955078125,0,-614,-560,-54
213224676,-625,-1995,2500,-625,0,86.651725769042969,0,-625,-568,-57
213244668,-625,-1991,2500,-625,0,86.651725769042969,0,-625,-574,-51
213264660,-625,-1986,2500,-625,0,86.651725769042969,0,-625,-580,-45
213284652,-625,-1980,2500,-625,0,86.651725769042969,0,-625,-588,-37
213304644,-625,-1972,2500,-625,0,86.651725769042969,0,-625,-595,-30
213324636,-648,-1962,2500,-648,0,86.569465637207031,0,-648,-603,-45
213344628,-648,-1951,2500,-648,0,86.569465637207031,0,-648,-612,-36
213364620,-648,-1938,2500,-648,0,86.569465637207031,0,-648,-619,-29
213384612,-648,-1922,2500,-648,0,86.569465637207031,0,-648,-626,-22
213404604,-648,-1905,2500,-648,0,86.569465637207031,0,-648,-633,-15
213424596,-666,-1885,2500,-666,0,87.63177490234375,0,-666,-639,-27
213444588,-666,-1864,2500,-666,0,87.63177490234375,0,-666,-644,-22
213464580,-666,-1840,2500,-666,0,87.63177490234375,0,-666,-647,-19
213484572,-666,-1815,2500,-666,0,87.63177490234375,0,-666,-649,-17
213504564,-666,-1788,2500,-666,0,87.63177490234375,0,-666,-653,-13
213524556,-679,-1758,2500,-679,0,89.696624755859375,0,-679,-659,-20
213544548,-679,-1727,2500,-679,0,89.696624755859375,0,-679,-663,-16
213564540,-679,-1695,2500,-679,0,89.696624755859375,0,-679,-667,-12
213584532,-679,-1660,2500,-679,0,89.696624755859375,0,-679,-671,-8
213604524,-679,-1624,2500,-679,0,89.696624755859375,0,-679,-672,-7
213624516,-675,-1586,2500,-675,0,93.332115173339844,0,-675,-671,-4
213644508,-675,-1547,2500,-675,0,93.332115173339844,0,-675,-671,-4
213664500,-675,-1507,2500,-675,0,93.332115173339844,0,-675,-671,-4
213684492,-675,-1466,2500,-675,0,93.332115173339844,0,-675,-672,-3
213704484,-675,-1425,2500,-675,0,93.332115173339844,0,-675,-671,-4
213724476,-636,-1384,2500,-636,0,99.171356201171875,0,-636,-670,34
213744468,-636,-1344,2500,-636,0,99.171356201171875,0,-636,-668,32
213764460,-636,-1304,2500,-636,0,99.171356201171875,0,-636,-664,28
213784452,-636,-1267,2500,-636,0,99.171356201171875,0,-636,-657,21
213804444,-636,-1231,2500,-636,0,99.171356201171875,0,-636,-649,13
213824436,-589,-1198,2500,-589,0,100,0,-589,-641,52
213844428,-589,-1167,2500,-589,0,100,0,-589,-631,42
213864420,-589,-1140,2500,-589,0,100,0,-589,-621,32
213884412,-589,-1116,2500,-589,0,100,0,-589,-608,19
213904404,-589,-1095,2500,-589,0,100,0,-589,-595,6
213924396,-499,-1077,2500,-499,0,98.526321411132812,0,-499,-582,83
213944388,-499,-1062,2500,-499,0,98.526321411132812,0,-499,-567,68
213964380,-499,-1050,2500,-499,0,98.526321411132812,0,-499,-551,52
213984372,-499,-1041,2500,-499,0,98.526321411132812,0,-499,-534,35
214004364,-499,-1035,2500,-499,0,98.526321411132812,0,-499,-517,18
214024356,-490,-1031,2500,-490,0,59.427940368652344,0,-490,-499,9
214044348,-490,-1031,2500,-490,0,59.427940368652344,0,-490,-481,-9
214064340,-490,-1033,2500,-490,0,59.427940368652344,0,-490,-464,-26
214084332,-490,-1037,2500,-490,0,59.427940368652344,0,-490,-445,-45
214104324,-490,-1044,2500,-490,0,59.427940368652344,0,-490,-426,-64
214124316,-578,-1052,2500,-578,0,69.348731994628906,0,-578,-407,-171
214145141,-578,-1061,2500,-578,0,69.348731994628906,0,-578,-388,-190
214165133,-578,-1071,2500,-578,0,69.348731994628906,0,-578,-370,-208
214185125,-578,-1082,2500,-578,0,69.348731994628906,0,-578,-351,-227
214205117,-578,-1094,2500,-578,0,69.348731994628906,0,-578,-332,-246
214225109,-708,-1108,2500,-708,0,70.05718994140625,0,-708,-314,-394
214245101,-708,-1121,2500,-708,0,70.05718994140625,0,-708,-298,-410
214265093,-708,-1135,2500,-708,0,70.05718994140625,0,-708,-283,-425
214285085,-708,-1148,2500,-708,0,70.05718994140625,0,-708,-269,-439
214305077,-708,-1162,2500,-708,0,70.05718994140625,0,-708,-257,-451
214325069,-837,-1176,2500,-837,0,66.7379150390625,0,-837,-247,-590
214345061,-837,-1189,2500,-837,0,66.7379150390625,0,-837,-239,-598
214365053,-837,-1202,2500,-837,0,66.7379150390625,0,-837,-235,-602
214385045,-837,-1215,2500,-837,0,66.7379150390625,0,-837,-232,-605
214405037,-837,-1228,2500,-837,0,66.7379150390625,0,-837,-232,-605
214425029,-966,-1240,2500,-966,0,65.445297241210938,0,-966,-234,-732
214445021,-966,-1252,2500,-966,0,65.445297241210938,0,-966,-236,-730
214465013,-966,-1264,2500,-966,0,65.445297241210938,0,-966,-240,-726
214485005,-966,-1275,2500,-966,0,65.445297241210938,0,-966,-245,-721
214504997,-966,-1286,2500,-966,0,65.445297241210938,0,-966,-253,-713
214524989,-1096,-1297,2500,-1096,0,63.529937744140625,0,-1096,-263,-833
214544981,-1096,-1307,2500,-1096,0,63.529937744140625,0,-1096,-275,-821
214564973,-1096,-1317,2500,-1096,0,63.529937744140625,0,-1096,-289,-807
214584965,-1096,-1327,2500,-1096,0,63.529937744140625,0,-1096,-306,-790
214604957,-1096,-1336,2500,-1096,0,63.529937744140625,0,-1096,-324,-772
214624949,-1227,-1345,2500,-1227,0,62.983261108398438,0,-1227,-345,-882
214644941,-1227,-1353,2500,-1227,0,62.983261108398438,0,-1227,-368,-859
214664933,-1227,-1361,2500,-1227,0,62.983261108398438,0,-1227,-393,-834
214684925,-1227,-1368,2500,-1227,0,62.983261108398438,0,-1227,-421,-806
214704917,-1227,-1375,2500,-1227,0,62.983261108398438,0,-1227,-450,-777
214724909,-1357,-1382,2500,-1357,0,62.268672943115234,0,-1357,-480,-877
214744901,-1357,-1387,2500,-1357,0,62.268672943115234,0,-1357,-513,-844
214764893,-1357,-1393,2500,-1357,0,62.268672943115234,0,-1357,-547,-810
214784885,-1357,-1397,2500,-1357,0,62.268672943115234,0,-1357,-581,-776
214804877,-1357,-1402,2500,-1357,0,62.268672943115234,0,-1357,-617,-740
214824869,-1297,-1406,2500,-1297,0,62.43511962890625,0,-1297,-654,-643
214844861,-1297,-1409,2500,-1297,0,62.43511962890625,0,-1297,-691,-606
214864853,-1297,-1412,2500,-1297,0,62.43511962890625,0,-1297,-729,-568
214884845,-1297,-1415,2500,-1297,0,62.43511962890625,0,-1297,-767,-530
214904837,-1297,-1417,2500,-1297,0,62.43511962890625,0,-1297,-804,-493
214924829,-1166,-1419,2500,-1166,0,62.495758056640625,0,-1166,-842,-324
214944821,-1166,-1420,2500,-1166,0,62.495758056640625,0,-1166,-878,-288
214964813,-1166,-1420,2500,-1166,0,62.495758056640625,0,-1166,-913,-253
214984805,-1166,-1421,2500,-1166,0,62.495758056640625,0,-1166,-947,-219
215004797,-1166,-1421,2500,-1166,0,62.495758056640625,0,-1166,-978,-188
215024789,-1034,-1420,2500,-1034,0,63.834445953369141,0,-1034,-1007,-27
215044781,-1034,-1419,2500,-1034,0,63.834445953369141,0,-1034,-1032,-2
215064773,-1034,-1418,2500,-1034,0,63.834445953369141,0,-1034,-1055,21
215084765,-1034,-1417,2500,-1034,0,63.834445953369141,0,-1034,-1076,42
215104757,-1034,-1415,2500,-1034,0,63.834445953369141,0,-1034,-1094,60
215124749,-931,-1413,2500,-931,0,66.432167053222656,0,-931,-1108,177
215144741,-931,-1411,2500,-931,0,66.432167053222656,0,-931,-1121,190
215164733,-931,-1409,2500,-931,0,66.432167053222656,0,-931,-1131,200
215184725,-931,-1407,2500,-931,0,66.432167053222656,0,-931,-1138,207
215204717,-931,-1404,2500,-931,0,66.432167053222656,0,-931,-1142,211
215224709,-887,-1402,2500,-887,0,69.713150024414062,0,-887,-1144,257
215244701,-887,-1399,2500,-887,0,69.713150024414062,0,-887,-1143,256
215264693,-887,-1397,2500,-887,0,69.713150024414062,0,-887,-1139,252
215284685,-887,-1394,2500,-887,0,69.713150024414062,0,-887,-1132,245
215304677,-887,-1392,2500,-887,0,69.713150024414062,0,-887,-1123,236
215324669,-868,-1390,2500,-868,0,73.720130920410156,0,-868,-1113,245
215344661,-868,-1388,2500,-868,0,73.720130920410156,0,-868,-1100,232
215364653,-868,-1386,2500,-868,0,73.720130920410156,0,-868,-1086,218
215384645,-868,-1384,2500,-868,0,73.720130920410156,0,-868,-1071,203
215404637,-868,-1382,2500,-868,0,73.720130920410156,0,-868,-1054,186
215424629,-848,-1380,2500,-848,0,77.650627136230469,0,-848,-1036,188
215444621,-848,-1379,2500,-848,0,77.650627136230469,0,-848,-1018,170
215464613,-848,-1378,2500,-848,0,77.650627136230469,0,-848,-999,151
215484605,-848,-1377,2500,-848,0,77.650627136230469,0,-848,-980,132
215504597,-848,-1376,2500,-848,0,77.650627136230469,0,-848,-962,114
215524589,-827,-1376,2500,-827,0,81.034980773925781,0,-827,-942,115
215544581,-827,-1377,2500,-827,0,81.034980773925781,0,-827,-921,94
215564573,-827,-1377,2500,-827,0,81.034980773925781,0,-827,-901,74
215584565,-827,-1378,2500,-827,0,81.034980773925781,0,-827,-880,53
215604557,-827,-1380,2500,-827,0,81.034980773925781,0,-827,-859,32
215624549,-777,-1383,2500,-777,0,83.181694030761719,0,-777,-839,62
215644541,-777,-1386,2500,-777,0,83.181694030761719,0,-777,-818,41
215664533,-777,-1389,2500,-777,0,83.181694030761719,0,-777,-799,22
215684525,-777,-1393,2500,-777,0,83.181694030761719,0,-777,-781,4
215704517,-777,-1397,2500,-777,0,83.181694030761719,0,-777,-762,-15
215724509,-740,-1402,2500,-740,0,83.959037780761719,0,-740,-744,4
215744501,-740,-1407,2500,-740,0,83.959037780761719,0,-740,-727,-13
215764493,-740,-1412,2500,-740,0,83.959037780761719,0,-740,-711,-29
215784485,-740,-1418,2500,-740,0,83.959037780761719,0,-740,-694,-46
215804477,-740,-1425,2500,-740,0,83.959037780761719,0,-740,-678,-62
215824469,-701,-1432,2500,-701,0,83.826499938964844,0,-701,-662,-39
215844461,-701,-1441,2500,-701,0,83.826499938964844,0,-701,-647,-54
215864453,-701,-1449,2500,-701,0,83.826499938964844,0,-701,-632,-69
215884445,-701,-1458,2500,-701,0,83.826499938964844,0,-701,-618,-83
215904437,-701,-1467,2500,-701,0,83.826499938964844,0,-701,-605,-96
215924429,-690,-1476,2500,-690,0,82.636283874511719,0,-690,-591,-99
215944421,-690,-1486,2500,-690,0,82.636283874511719,0,-690,-579,-111
215964413,-690,-1496,2500,-690,0,82.636283874511719,0,-690,-568,-122
215984405,-690,-1506,2500,-690,0,82.636283874511719,0,-690,-558,-132
216004397,-690,-1516,2500,-690,0,82.636283874511719,0,-690,-548,-142
216024389,-696,-1527,2500,-696,0,81.4915771484375,0,-696,-539,-157
216044381,-696,-1537,2500,-696,0,81.4915771484375,0,-696,-532,-164
216064373,-696,-1547,2500,-696,0,81.4915771484375,0,-696,-525,-171
216084365,-696,-1557,2500,-696,0,81.4915771484375,0,-696,-519,-177
216104357,-696,-1567,2500,-696,0,81.4915771484375,0,-696,-513,-183
216124349,-699,-1577,2500,-699,0,80.346435546875,0,-699,-509,-190
216144341,-699,-1587,2500,-699,0,80.346435546875,0,-699,-505,-194
216164333,-699,-1597,2500,-699,0,80.346435546875,0,-699,-503,-196
216184325,-699,-1607,2500,-699,0,80.346435546875,0,-699,-501,-198
216204317,-699,-1616,2500,-699,0,80.346435546875,0,-699,-500,-199
216225142,-710,-1625,2500,-710,0,79.043510437011719,0,-710,-501,-209
216245134,-710,-1634,2500,-710,0,79.043510437011719,0,-710,-503,-207
216265126,-710,-1643,2500,-710,0,79.043510437011719,0,-710,-507,-203
216285118,-710,-1651,2500,-710,0,79.043510437011719,0,-710,-511,-199
216305110,-710,-1660,2500,-710,0,79.043510437011719,0,-710,-515,-195
216325102,-705,-1667,2500,-705,0,78.648200988769531,0,-705,-520,-185
216345094,-705,-1675,2500,-705,0,78.648200988769531,0,-705,-524,-181
216365086,-705,-1682,2500,-705,0,78.648200988769531,0,-705,-529,-176
216385078,-705,-1689,2500,-705,0,78.648200988769531,0,-705,-534,-171
216405070,-705,-1695,2500,-705,0,78.648200988769531,0,-705,-541,-164
216425062,-690,-1702,2500,-690,0,77.84283447265625,0,-690,-547,-143
216445054,-690,-1707,2500,-690,0,77.84283447265625,0,-690,-555,-135
216465046,-690,-1713,2500,-690,0,77.84283447265625,0,-690,-563,-127
216485038,-690,-1719,2500,-690,0,77.84283447265625,0,-690,-571,-119
216505030,-690,-1724,2500,-690,0,77.84283447265625,0,-690,-579,-111
216525022,-662,-1729,2500,-662,0,78.07501220703125,0,-662,-588,-74
216545014,-662,-1733,2500,-662,0,78.07501220703125,0,-662,-598,-64
216565006,-662,-1737,2500,-662,0,78.07501220703125,0,-662,-606,-56
216584998,-662,-1741,2500,-662,0,78.07501220703125,0,-662,-613,-49
216604990,-662,-1745,2500,-662,0,78.07501220703125,0,-662,-620,-42
216624982,-632,-1749,2500,-632,0,78.114166259765625,0,-632,-626,-6
216644974,-632,-1753,2500,-632,0,78.114166259765625,0,-632,-632,0
216664966,-632,-1756,2500,-632,0,78.114166259765625,0,-632,-638,6
216684958,-632,-1759,2500,-632,0,78.114166259765625,0,-632,-643,11
216704950,-632,-1762,2500,-632,0,78.114166259765625,0,-632,-647,15
216724942,-602,-1765,2500,-602,0,78.654685974121094,0,-602,-650,48
216744934,-602,-1768,2500,-602,0,78.654685974121094,0,-602,-652,50
216764926,-602,-1771,2500,-602,0,78.654685974121094,0,-602,-655,53
216784918,-602,-1773,2500,-602,0,78.654685974121094,0,-602,-658,56
216804910,-602,-1775,2500,-602,0,78.654685974121094,0,-602,-659,57
216824902,-572,-1778,2500,-572,0,79.339256286621094,0,-572,-658,86
216844894,-572,-1780,2500,-572,0,79.339256286621094,0,-572,-657,85
216864886,-572,-1782,2500,-572,0,79.339256286621094,0,-572,-655,83
216884878,-572,-1784,2500,-572,0,79.339256286621094,0,-572,-652,80
216904870,-572,-1786,2500,-572,0,79.339256286621094,0,-572,-650,78
216924862,-562,-1788,2500,-562,0,80.470596313476562,0,-562,-648,86
216944854,-562,-1791,2500,-562,0,80.470596313476562,0,-562,-645,83
216964846,-562,-1793,2500,-562,0,80.470596313476562,0,-562,-642,80
216984838,-562,-1796,2500,-562,0,80.470596313476562,0,-562,-637,75
217004830,-562,-1798,2500,-562,0,80.470596313476562,0,-562,-631,69
217024822,-545,-1801,2500,-545,0,81.284500122070312,0,-545,-626,81
217044814,-545,-1803,2500,-545,0,81.284500122070312,0,-545,-619,74
217064806,-545,-1806,2500,-545,0,81.284500122070312,0,-545,-611,66
217084798,-545,-1808,2500,-545,0,81.284500122070312,0,-545,-601,56
217104790,-545,-1811,2500,-545,0,81.284500122070312,0,-545,-591,46
217124782,-539,-1813,2500,-539,0,81.9820556640625,0,-539,-582,43
217144774,-539,-1816,2500,-539,0,81.9820556640625,0,-539,-573,34
217164766,-539,-1819,2500,-539,0,81.9820556640625,0,-539,-565,26
217184758,-539,-1821,2500,-539,0,81.9820556640625,0,-539,-556,17
217204750,-539,-1824,2500,-539,0,81.9820556640625,0,-539,-546,7
217224742,-538,-1827,2500,-538,0,82.730499267578125,0,-538,-536,-2
217244734,-538,-1831,2500,-538,0,82.730499267578125,0,-538,-525,-13
217264726,-538,-1834,2500,-538,0,82.730499267578125,0,-538,-516,-22
217284718,-538,-1837,2500,-538,0,82.730499267578125,0,-538,-508,-30
217304710,-538,-1840,2500,-538,0,82.730499267578125,0,-538,-502,-36
217324702,-533,-1844,2500,-533,0,82.844123840332031,0,-533,-496,-37
217344694,-533,-1847,2500,-533,0,82.844123840332031,0,-533,-491,-42
217364686,-533,-1851,2500,-533,0,82.844123840332031,0,-533,-488,-45
217384678,-533,-1854,2500,-533,0,82.844123840332031,0,-533,-485,-48
217404670,-533,-1858,2500,-533,0,82.844123840332031,0,-533,-483,-50
217424662,-522,-1862,2500,-522,0,82.9705810546875,0,-522,-481,-41
217444654,-522,-1866,2500,-522,0,82.9705810546875,0,-522,-481,-41
217464646,-522,-1870,2500,-522,0,82.9705810546875,0,-522,-481,-41
217484638,-522,-1874,2500,-522,0,82.9705810546875,0,-522,-481,-41
217504630,-522,-1878,2500,-522,0,82.9705810546875,0,-522,-480,-42
217524622,-490,-1882,2500,-490,0,82.967033386230469,0,-490,-480,-10
217544614,-490,-1886,2500,-490,0,82.967033386230469,0,-490,-480,-10
217564606,-490,-1889,2500,-490,0,82.967033386230469,0,-490,-481,-9
217584598,-490,-1893,2500,-490,0,82.967033386230469,0,-490,-483,-7
217604590,-490,-1897,2500,-490,0,82.967033386230469,0,-490,-484,-6
217624582,-468,-1900,2500,-468,0,82.776809692382812,0,-468,-485,17
217644574,-468,-1903,2500,-468,0,82.776809692382812,0,-468,-487,19
217664566,-468,-1906,2500,-468,0,82.776809692382812,0,-468,-488,20
217684558,-468,-1909,2500,-468,0,82.776809692382812,0,-468,-490,22
217704550,-468,-1913,2500,-468,0,82.776809692382812,0,-468,-491,23
217724542,-446,-1916,2500,-446,0,82.821968078613281,0,-446,-492,46
217744534,-446,-1918,2500,-446,0,82.821968078613281,0,-446,-492,46
217764526,-446,-1921,2500,-446,0,82.821968078613281,0,-446,-493,47
217784518,-446,-1924,2500,-446,0,82.821968078613281,0,-446,-494,48
217804510,-446,-1926,2500,-446,0,82.821968078613281,0,-446,-495,49
217824502,-431,-1929,2500,-431,0,82.845634460449219,0,-431,-494,63
217844494,-431,-1931,2500,-431,0,82.845634460449219,0,-431,-494,63
217864486,-431,-1933,2500,-431,0,82.845634460449219,0,-431,-493,62
217884478,-431,-1936,2500,-431,0,82.845634460449219,0,-431,-493,62
217904470,-431,-1938,2500,-431,0,82.845634460449219,0,-431,-492,61
217924462,-424,-1940,2500,-424,0,83.2174072265625,0,-424,-492,68
217944454,-424,-1942,2500,-424,0,83.2174072265625,0,-424,-491,67
217964446,-424,-1944,2500,-424,0,83.2174072265625,0,-424,-489,65
217984438,-424,-1946,2500,-424,0,83.2174072265625,0,-424,-487,63
218004430,-424,-1948,2500,-424,0,83.2174072265625,0,-424,-486,62
218024422,-426,-1949,2500,-426,0,83.5823974609375,0,-426,-484,58
218044414,-426,-1951,2500,-426,0,83.5823974609375,0,-426,-481,55
218064406,-426,-1953,2500,-426,0,83.5823974609375,0,-426,-477,51
218084398,-426,-1954,2500,-426,0,83.5823974609375,0,-426,-473,47
218104390,-426,-1956,2500,-426,0,83.5823974609375,0,-426,-470,44
218124382,-408,-1957,2500,-408,0,83.878395080566406,0,-408,-466,58
218144374,-408,-1959,2500,-408,0,83.878395080566406,0,-408,-464,56
218164366,-408,-1960,2500,-408,0,83.878395080566406,0,-408,-461,53
218184358,-408,-1961,2500,-408,0,83.878395080566406,0,-408,-459,51
218204350,-408,-1962,2500,-408,0,83.878395080566406,0,-408,-457,49
218224342,-409,-1964,2500,-409,0,84.196861267089844,0,-409,-454,45
218244334,-409,-1965,2500,-409,0,84.196861267089844,0,-409,-450,41
218264326,-409,-1966,2500,-409,0,84.196861267089844,0,-409,-445,36
218284318,-409,-1967,2500,-409,0,84.196861267089844,0,-409,-439,30
218304310,-409,-1968,2500,-409,0,84.196861267089844,0,-409,-433,24
218325135,-410,-1969,2500,-410,0,84.493385314941406,0,-410,-429,19
218345127,-410,-1971,2500,-410,0,84.493385314941406,0,-410,-425,15
218365119,-410,-1972,2500,-410,0,84.493385314941406,0,-410,-423,13
218385111,-410,-1973,2500,-410,0,84.493385314941406,0,-410,-422,12
218405103,-410,-1974,2500,-410,0,84.493385314941406,0,-410,-420,10
218425095,-401,-1975,2500,-401,0,84.854164123535156,0,-401,-419,18
218445087,-401,-1976,2500,-401,0,84.854164123535156,0,-401,-418,17
218465079,-401,-1976,2500,-401,0,84.854164123535156,0,-401,-417,16
218485071,-401,-1977,2500,-401,0,84.854164123535156,0,-401,-416,15
218505063,-401,-1978,2500,-401,0,84.854164123535156,0,-401,-415,14
218525055,-391,-1979,2500,-391,0,85.218086242675781,0,-391,-413,22
218545047,-391,-1980,2500,-391,0,85.218086242675781,0,-391,-412,21
218565039,-391,-1981,2500,-391,0,85.218086242675781,0,-391,-410,19
218585031,-391,-1981,2500,-391,0,85.218086242675781,0,-391,-409,18
218605023,-391,-1982,2500,-391,0,85.218086242675781,0,-391,-409,18
218625015,-370,-1983,2500,-370,0,84.817001342773438,0,-370,-408,38
218645007,-370,-1984,2500,-370,0,84.817001342773438,0,-370,-408,38
218664999,-370,-1985,2500,-370,0,84.817001342773438,0,-370,-410,40
218684991,-370,-1986,2500,-370,0,84.817001342773438,0,-370,-411,41
218704983,-370,-1986,2500,-370,0,84.817001342773438,0,-370,-413,43
218724975,-363,-1987,2500,-363,0,85.270462036132812,0,-363,-414,51
218744967,-363,-1988,2500,-363,0,85.270462036132812,0,-363,-415,52
218764959,-363,-1989,2500,-363,0,85.270462036132812,0,-363,-415,52
218784951,-363,-1989,2500,-363,0,85.270462036132812,0,-363,-414,51
218804943,-363,-1990,2500,-363,0,85.270462036132812,0,-363,-412,49
218824935,-354,-1990,2500,-354,0,85.027656555175781,0,-354,-412,58
218844927,-354,-1991,2500,-354,0,85.027656555175781,0,-354,-411,57
218864919,-354,-1992,2500,-354,0,85.027656555175781,0,-354,-410,56
218884911,-354,-1992,2500,-354,0,85.027656555175781,0,-354,-409,55
218904903,-354,-1993,2500,-354,0,85.027656555175781,0,-354,-407,53
218924895,-343,-1993,2500,-343,0,85.526176452636719,0,-343,-405,62
218944887,-343,-1993,2500,-343,0,85.526176452636719,0,-343,-402,59
218964879,-343,-1994,2500,-343,0,85.526176452636719,0,-343,-398,55
218984871,-343,-1994,2500,-343,0,85.526176452636719,0,-343,-394,51
219004863,-343,-1995,2500,-343,0,85.526176452636719,0,-343,-391,48
219024855,-358,-1995,2500,-358,0,85.715606689453125,0,-358,-390,32
219044847,-358,-1995,2500,-358,0,85.715606689453125,0,-358,-388,30
219064839,-358,-1996,2500,-358,0,85.715606689453125,0,-358,-386,28
219084831,-358,-1996,2500,-358,0,85.715606689453125,0,-358,-385,27
219104823,-358,-1996,2500,-358,0,85.715606689453125,0,-358,-384,26
219124815,-364,-1997,2500,-364,0,85.572013854980469,0,-364,-385,21
219144807,-364,-1997,2500,-364,0,85.572013854980469,0,-364,-385,21
219164799,-364,-1997,2500,-364,0,85.572013854980469,0,-364,-385,21
219184791,-364,-1997,2500,-364,0,85.572013854980469,0,-364,-386,22
219204783,-364,-1997,2500,-364,0,85.572013854980469,0,-364,-387,23
219224775,-342,-1998,2500,-342,0,85.981765747070312,0,-342,-387,45
219244767,-342,-1998,2500,-342,0,85.981765747070312,0,-342,-386,44
219264759,-342,-1998,2500,-342,0,85.981765747070312,0,-342,-384,42
219284751,-342,-1998,2500,-342,0,85.981765747070312,0,-342,-384,42
219304743,-342,-1998,2500,-342,0,85.981765747070312,0,-342,-383,41
219324735,-343,-1998,2500,-343,0,86.080574035644531,0,-343,-383,40
219344727,-343,-1999,2500,-343,0,86.080574035644531,0,-343,-381,38
219364719,-343,-1999,2500,-343,0,86.080574035644531,0,-343,-379,36
219384711,-343,-1999,2500,-343,0,86.080574035644531,0,-343,-378,35
219404703,-343,-1999,2500,-343,0,86.080574035644531,0,-343,-376,33
219424695,-335,-1999,2500,-335,0,86.0396728515625,0,-335,-374,39
219444687,-335,-1999,2500,-335,0,86.0396728515625,0,-335,-371,36
219464679,-335,-1999,2500,-335,0,86.0396728515625,0,-335,-370,35
219484671,-335,-1999,2500,-335,0,86.0396728515625,0,-335,-367,32
219504663,-335,-1999,2500,-335,0,86.0396728515625,0,-335,-364,29
219524655,-336,-1999,2500,-336,0,86.332664489746094,0,-336,-363,27
219544647,-336,-1999,2500,-336,0,86.332664489746094,0,-336,-361,25
219564639,-336,-1999,2500,-336,0,86.332664489746094,0,-336,-360,24
219584631,-336,-1999,2500,-336,0,86.332664489746094,0,-336,-360,24
219604623,-336,-1999,2500,-336,0,86.332664489746094,0,-336,-362,26
219624615,-338,-1999,2500,-338,0,86.580368041992188,0,-338,-362,24
219644607,-338,-1999,2500,-338,0,86.580368041992188,0,-338,-363,25
219664599,-338,-1999,2500,-338,0,86.580368041992188,0,-338,-363,25
219684591,-338,-1999,2500,-338,0,86.580368041992188,0,-338,-365,27
219704583,-338,-1999,2500,-338,0,86.580368041992188,0,-338,-365,27
219724575,-317,-1999,2500,-317,0,86.241424560546875,0,-317,-367,50
219744567,-317,-1999,2500,-317,0,86.241424560546875,0,-317,-367,50
219764559,-317,-1999,2500,-317,0,86.241424560546875,0,-317,-366,49
219784551,-317,-1999,2500,-317,0,86.241424560546875,0,-317,-364,47
219804543,-317,-1999,2500,-317,0,86.241424560546875,0,-317,-362,45
219824535,-315,-1999,2500,-315,0,86.548393249511719,0,-315,-359,44
219844527,-315,-1999,2500,-315,0,86.548393249511719,0,-315,-355,40
219864519,-315,-1999,2500,-315,0,86.548393249511719,0,-315,-352,37
219884511,-315,-1999,2500,-315,0,86.548393249511719,0,-315,-348,33
219904503,-315,-1998,2500,-315,0,86.548393249511719,0,-315,-345,30
219924495,-331,-1998,2500,-331,0,86.471519470214844,0,-331,-341,10
219944487,-331,-1998,2500,-331,0,86.471519470214844,0,-331,-339,8
219964479,-331,-1998,2500,-331,0,86.471519470214844,0,-331,-337,6
219984471,-331,-1998,2500,-331,0,86.471519470214844,0,-331,-335,4
220004463,-331,-1998,2500,-331,0,86.471519470214844,0,-331,-333,2
220024455,-325,-1998,2500,-325,0,86.616218566894531,0,-325,-332,7
220044447,-325,-1998,2500,-325,0,86.616218566894531,0,-325,-331,6
220064439,-325,-1997,2500,-325,0,86.616218566894531,0,-325,-331,6
220084431,-325,-1997,2500,-325,0,86.616218566894531,0,-325,-332,7
220104423,-325,-1997,2500,-325,0,86.616218566894531,0,-325,-332,7
220124415,-329,-1997,2500,-329,0,86.712562561035156,0,-329,-331,2
220144407,-329,-1997,2500,-329,0,86.712562561035156,0,-329,-332,3
220164399,-329,-1997,2500,-329,0,86.712562561035156,0,-329,-334,5
220184391,-329,-1997,2500,-329,0,86.712562561035156,0,-329,-335,6
220204383,-329,-1997,2500,-329,0,86.712562561035156,0,-329,-337,8
220224375,-320,-1997,2500,-320,0,86.91778564453125,0,-320,-338,18
220244367,-320,-1997,2500,-320,0,86.91778564453125,0,-320,-339,19
220264359,-320,-1996,2500,-320,0,86.91778564453125,0,-320,-340,20
220284351,-320,-1996,2500,-320,0,86.91778564453125,0,-320,-342,22
220304343,-320,-1996,2500,-320,0,86.91778564453125,0,-320,-343,23
220324335,-302,-1996,2500,-302,0,86.626838684082031,0,-302,-343,41
220344327,-302,-1996,2500,-302,0,86.626838684082031,0,-302,-344,42
220364319,-302,-1996,2500,-302,0,86.626838684082031,0,-302,-347,45
220384311,-302,-1996,2500,-302,0,86.626838684082031,0,-302,-350,48
220405136,-302,-1995,2500,-302,0,86.626838684082031,0,-302,-354,52
220425128,-297,-1995,2500,-297,0,86.551177978515625,0,-297,-356,59
220445120,-297,-1995,2500,-297,0,86.551177978515625,0,-297,-358,61
220465112,-297,-1995,2500,-297,0,86.551177978515625,0,-297,-359,62
220485104,-297,-1995,2500,-297,0,86.551177978515625,0,-297,-359,62
220505096,-297,-1994,2500,-297,0,86.551177978515625,0,-297,-358,61
220525088,-283,-1994,2500,-283,0,86.860740661621094,0,-283,-356,73
220545080,-283,-1994,2500,-283,0,86.860740661621094,0,-283,-353,70
220565072,-283,-1994,2500,-283,0,86.860740661621094,0,-283,-350,67
220585064,-283,-1994,2500,-283,0,86.860740661621094,0,-283,-348,65
220605056,-283,-1993,2500,-283,0,86.860740661621094,0,-283,-345,62
220625048,-306,-1993,2500,-306,0,86.948982238769531,0,-306,-342,36
220645040,-306,-1993,2500,-306,0,86.948982238769531,0,-306,-340,34
220665032,-306,-1993,2500,-306,0,86.948982238769531,0,-306,-338,32
220685024,-306,-1993,2500,-306,0,86.948982238769531,0,-306,-337,31
220705016,-306,-1993,2500,-306,0,86.948982238769531,0,-306,-336,30
220725008,-320,-1993,2500,-320,0,86.999130249023438,0,-320,-333,13
220745000,-320,-1992,2500,-320,0,86.999130249023438,0,-320,-330,10
220764992,-320,-1992,2500,-320,0,86.999130249023438,0,-320,-328,8
220784984,-320,-1992,2500,-320,0,86.999130249023438,0,-320,-327,7
220804976,-320,-1992,2500,-320,0,86.999130249023438,0,-320,-327,7
220824968,-321,-1992,2500,-321,0,87.491416931152344,0,-321,-326,5
220844960,-321,-1992,2500,-321,0,87.491416931152344,0,-321,-326,5
220864952,-321,-1991,2500,-321,0,87.491416931152344,0,-321,-328,7
220884944,-321,-1991,2500,-321,0,87.491416931152344,0,-321,-331,10
220904936,-321,-1991,2500,-321,0,87.491416931152344,0,-321,-333,12
220924928,-307,-1991,2500,-307,0,87.219406127929688,0,-307,-335,28
220944920,-307,-1991,2500,-307,0,87.219406127929688,0,-307,-337,30
220964912,-307,-1990,2500,-307,0,87.219406127929688,0,-307,-339,32
220984904,-307,-1990,2500,-307,0,87.219406127929688,0,-307,-340,33
221004896,-307,-1990,2500,-307,0,87.219406127929688,0,-307,-339,32
221024888,-292,-1990,2500,-292,0,86.954200744628906,0,-292,-339,47
221044880,-292,-1990,2500,-292,0,86.954200744628906,0,-292,-339,47
221064872,-292,-1989,2500,-292,0,86.954200744628906,0,-292,-340,48
221084864,-292,-1989,2500,-292,0,86.954200744628906,0,-292,-340,48
221104856,-292,-1989,2500,-292,0,86.954200744628906,0,-292,-340,48
221124848,-299,-1989,2500,-299,0,87.00604248046875,0,-299,-338,39
221144840,-299,-1988,2500,-299,0,87.00604248046875,0,-299,-337,38
221164832,-299,-1988,2500,-299,0,87.00604248046875,0,-299,-336,37
221184824,-299,-1988,2500,-299,0,87.00604248046875,0,-299,-334,35
221204816,-299,-1988,2500,-299,0,87.00604248046875,0,-299,-332,33
221224808,-305,-1988,2500,-305,0,87.047943115234375,0,-305,-330,25
221244800,-305,-1987,2500,-305,0,87.047943115234375,0,-305,-328,23
221264792,-305,-1987,2500,-305,0,87.047943115234375,0,-305,-326,21
221284784,-305,-1987,2500,-305,0,87.047943115234375,0,-305,-325,20
221304776,-305,-1987,2500,-305,0,87.047943115234375,0,-305,-324,19
221324768,-316,-1987,2500,-316,0,87.279098510742188,0,-316,-322,6
221344760,-316,-1987,2500,-316,0,87.279098510742188,0,-316,-320,4
221364752,-316,-1987,2500,-316,0,87.279098510742188,0,-316,-319,3
221384744,-316,-1987,2500,-316,0,87.279098510742188,0,-316,-318,2
221404736,-316,-1986,2500,-316,0,87.279098510742188,0,-316,-317,1
221424728,-320,-1986,2500,-320,0,87.052841186523438,0,-320,-316,-4
221444720,-320,-1986,2500,-320,0,87.052841186523438,0,-320,-315,-5
221464712,-320,-1986,2500,-320,0,87.052841186523438,0,-320,-314,-6
221484704,-320,-1986,2500,-320,0,87.052841186523438,0,-320,-313,-7
221504696,-320,-1986,2500,-320,0,87.052841186523438,0,-320,-313,-7
221524688,-322,-1986,2500,-322,0,87.166671752929688,0,-322,-313,-9
221544680,-322,-1986,2500,-322,0,87.166671752929688,0,-322,-314,-8
221564672,-322,-1986,2500,-322,0,87.166671752929688,0,-322,-316,-6
221584664,-322,-1986,2500,-322,0,87.166671752929688,0,-322,-318,-4
221604656,-322,-1986,2500,-322,0,87.166671752929688,0,-322,-320,-2
221624648,-324,-1986,2500,-324,0,87.082565307617188,0,-324,-321,-3
221644640,-324,-1986,2500,-324,0,87.082565307617188,0,-324,-319,-5
221664632,-324,-1986,2500,-324,0,87.082565307617188,0,-324,-318,-6
221684624,-324,-1986,2500,-324,0,87.082565307617188,0,-324,-319,-5
221704616,-324,-1986,2500,-324,0,87.082565307617188,0,-324,-319,-5
221724608,-318,-1986,2500,-318,0,87.000312805175781,0,-318,-320,2
221744600,-318,-1986,2500,-318,0,87.000312805175781,0,-318,-321,3
221764592,-318,-1986,2500,-318,0,87.000312805175781,0,-318,-321,3
221784584,-318,-1986,2500,-318,0,87.000312805175781,0,-318,-320,2
221804576,-318,-1987,2500,-318,0,87.000312805175781,0,-318,-319,1
221824568,-317,-1989,2500,-317,0,87.053260803222656,0,-317,-318,1
221844560,-317,-1991,2500,-317,0,87.053260803222656,0,-317,-317,0
221864552,-317,-1993,2500,-317,0,87.053260803222656,0,-317,-315,-2
221884544,-317,-1995,2500,-317,0,87.053260803222656,0,-317,-314,-3
221904536,-317,-1997,2500,-317,0,87.053260803222656,0,-317,-315,-2
221924528,-329,-1999,2500,-329,0,87.030075073242188,0,-329,-316,-13
221944520,-329,-1999,2500,-329,0,87.030075073242188,0,-329,-317,-12
221964512,-329,-1999,2500,-329,0,87.030075073242188,0,-329,-320,-9
221984504,-329,-1998,2500,-329,0,87.030075073242188,0,-329,-322,-7
222004496,-329,-1995,2500,-329,0,87.030075073242188,0,-329,-324,-5
222024488,-336,-1991,2500,-336,0,87.2191162109375,0,-336,-326,-10
222044480,-336,-1984,2500,-336,0,87.2191162109375,0,-336,-330,-6
222064472,-336,-1976,2500,-336,0,87.2191162109375,0,-336,-334,-2
222084464,-336,-1966,2500,-336,0,87.2191162109375,0,-336,-339,3
222104456,-336,-1954,2500,-336,0,87.2191162109375,0,-336,-344,8
222124448,-325,-1940,2500,-325,0,87.642654418945312,0,-325,-351,26
222144440,-325,-1923,2500,-325,0,87.642654418945312,0,-325,-359,34
222164432,-325,-1905,2500,-325,0,87.642654418945312,0,-325,-365,40
222184424,-325,-1885,2500,-325,0,87.642654418945312,0,-325,-370,45
222204416,-325,-1862,2500,-325,0,87.642654418945312,0,-325,-374,49
222224408,-304,-1838,2500,-304,0,89.307670593261719,0,-304,-381,77
222244400,-304,-1812,2500,-304,0,89.307670593261719,0,-304,-387,83
222264392,-304,-1784,2500,-304,0,89.307670593261719,0,-304,-389,85
222284384,-304,-1754,2500,-304,0,89.307670593261719,0,-304,-392,88
222304376,-304,-1722,2500,-304,0,89.307670593261719,0,-304,-394,90
222324368,-271,-1689,2500,-271,0,91.730842590332031,0,-271,-394,123
222344360,-271,-1654,2500,-271,0,91.730842590332031,0,-271,-392,121
222364352,-271,-1617,2500,-271,0,91.730842590332031,0,-271,-391,120
222384344,-271,-1579,2500,-271,0,91.730842590332031,0,-271,-389,118
222404336,-271,-1539,2500,-271,0,91.730842590332031,0,-271,-388,117
222424328,-228,-1497,2500,-228,0,96.847694396972656,0,-228,-387,159
222444320,-228,-1455,2500,-228,0,96.847694396972656,0,-228,-384,156
222464312,-228,-1410,2500,-228,0,96.847694396972656,0,-228,-380,152
222485137,-228,-1365,2500,-228,0,96.847694396972656,0,-228,-375,147
222505129,-228,-1320,2500,-228,0,96.847694396972656,0,-228,-370,142
222525121,-189,-1274,2500,-189,0,100,0,-189,-364,175
222545113,-189,-1227,2500,-189,0,100,0,-189,-357,168
222565105,-189,-1183,2500,-189,0,100,0,-189,-347,158
222585097,-189,-1140,2500,-189,0,100,0,-189,-336,147
222605089,-189,-1098,2500,-189,0,100,0,-189,-322,133
222625081,-86,-1059,2500,-86,0,95.541252136230469,0,-86,-307,221
222645073,-86,-1023,2500,-86,0,95.541252136230469,0,-86,-291,205
222665065,-86,-989,2500,-86,0,95.541252136230469,0,-86,-276,190
222685057,-86,-958,2500,-86,0,95.541252136230469,0,-86,-261,175
222705049,-86,-931,2500,-86,0,95.541252136230469,0,-86,-245,159
222725041,-73,-907,2500,-73,0,41.510459899902344,0,-73,-228,155
222745033,-73,-886,2500,-73,0,41.510459899902344,0,-73,-209,136
222765025,-73,-868,2500,-73,0,41.510459899902344,0,-73,-190,117
222785017,-73,-854,2500,-73,0,41.510459899902344,0,-73,-171,98
222805009,-73,-842,2500,-73,0,41.510459899902344,0,-73,-151,78
222825001,-193,-834,2500,-193,0,43.658077239990234,0,-193,-131,-62
222844993,-193,-829,2500,-193,0,43.658077239990234,0,-193,-108,-85
222864985,-193,-826,2500,-193,0,43.658077239990234,0,-193,-86,-107
222884977,-193,-826,2500,-193,0,43.658077239990234,0,-193,-62,-131
222904969,-193,-829,2500,-193,0,43.658077239990234,0,-193,-38,-155
222924961,-324,-834,2500,-324,0,53.932487487792969,0,-324,-16,-308
222944953,-324,-841,2500,-324,0,53.932487487792969,0,-324,5,-329
222964945,-324,-848,2500,-324,0,53.932487487792969,0,-324,25,-349
222984937,-324,-857,2500,-324,0,53.932487487792969,0,-324,43,-367
223004929,-324,-867,2500,-324,0,53.932487487792969,0,-324,59,-383
223024921,-456,-877,2500,-456,0,64.238677978515625,0,-456,75,-531
223044913,-456,-888,2500,-456,0,64.238677978515625,0,-456,92,-548
223064905,-456,-899,2500,-456,0,64.238677978515625,0,-456,108,-564
223084897,-456,-911,2500,-456,0,64.238677978515625,0,-456,121,-577
223104889,-456,-924,2500,-456,0,64.238677978515625,0,-456,133,-589
223124881,-588,-937,2500,-588,0,74.590385437011719,0,-588,142,-730
223144873,-588,-949,2500,-588,0,74.590385437011719,0,-588,150,-738
223164865,-588,-962,2500,-588,0,74.590385437011719,0,-588,156,-744
223184857,-588,-974,2500,-588,0,74.590385437011719,0,-588,159,-747
223204849,-588,-987,2500,-588,0,74.590385437011719,0,-588,161,-749
223224841,-721,-999,2500,-721,0,72.850250244140625,0,-721,162,-883
223244833,-721,-1011,2500,-721,0,72.850250244140625,0,-721,160,-881
223264825,-721,-1023,2500,-721,0,72.850250244140625,0,-721,156,-877
223284817,-721,-1035,2500,-721,0,72.850250244140625,0,-721,149,-870
223304809,-721,-1046,2500,-721,0,72.850250244140625,0,-721,141,-862
223324801,-855,-1056,2500,-855,0,68.343124389648438,0,-855,131,-986
223344793,-855,-1067,2500,-855,0,68.343124389648438,0,-855,121,-976
223364785,-855,-1077,2500,-855,0,68.343124389648438,0,-855,108,-963
223384777,-855,-1086,2500,-855,0,68.343124389648438,0,-855,94,-949
223404769,-855,-1096,2500,-855,0,68.343124389648438,0,-855,77,-932
223424761,-989,-1104,2500,-989,0,63.849872589111328,0,-989,57,-1046
223444753,-989,-1113,2500,-989,0,63.849872589111328,0,-989,36,-1025
223464745,-989,-1121,2500,-989,0,63.849872589111328,0,-989,14,-1003
223484737,-989,-1128,2500,-989,0,63.849872589111328,0,-989,-9,-980
223504729,-989,-1135,2500,-989,0,63.849872589111328,0,-989,-36,-953
223524721,-1123,-1142,2500,-1123,0,60.686977386474609,0,-1123,-65,-1058
223544713,-1123,-1148,2500,-1123,0,60.686977386474609,0,-1123,-96,-1027
223564705,-1123,-1154,2500,-1123,0,60.686977386474609,0,-1123,-128,-995
223584697,-1123,-1159,2500,-1123,0,60.686977386474609,0,-1123,-161,-962
223604689,-1123,-1163,2500,-1123,0,60.686977386474609,0,-1123,-194,-929
223624681,-1104,-1167,2500,-1104,0,58.512569427490234,0,-1104,-228,-876
223644673,-1104,-1170,2500,-1104,0,58.512569427490234,0,-1104,-263,-841
223664665,-1104,-1173,2500,-1104,0,58.512569427490234,0,-1104,-298,-806
223684657,-1104,-1175,2500,-1104,0,58.512569427490234,0,-1104,-334,-770
223704649,-1104,-1177,2500,-1104,0,58.512569427490234,0,-1104,-370,-734
223724641,-1063,-1178,2500,-1063,0,58.578311920166016,0,-1063,-406,-657
223744633,-1063,-1178,2500,-1063,0,58.578311920166016,0,-1063,-441,-622
223764625,-1063,-1179,2500,-1063,0,58.578311920166016,0,-1063,-475,-588
223784617,-1063,-1179,2500,-1063,0,58.578311920166016,0,-1063,-509,-554
223804609,-1063,-1179,2500,-1063,0,58.578311920166016,0,-1063,-541,-522
223824601,-1016,-1178,2500,-1016,0,59.816352844238281,0,-1016,-572,-444
223844593,-1016,-1177,2500,-1016,0,59.816352844238281,0,-1016,-601,-415
223864585,-1016,-1176,2500,-1016,0,59.816352844238281,0,-1016,-629,-387
223884577,-1016,-1174,2500,-1016,0,59.816352844238281,0,-1016,-655,-361
223904569,-1016,-1172,2500,-1016,0,59.816352844238281,0,-1016,-679,-337
223924561,-969,-1170,2500,-969,0,62.39013671875,0,-969,-702,-267
223944553,-969,-1168,2500,-969,0,62.39013671875,0,-969,-724,-245
223964545,-969,-1165,2500,-969,0,62.39013671875,0,-969,-745,-224
223984537,-969,-1162,2500,-969,0,62.39013671875,0,-969,-764,-205
224004529,-969,-1160,2500,-969,0,62.39013671875,0,-969,-781,-188
224024521,-935,-1157,2500,-935,0,66.354972839355469,0,-935,-797,-138
224044513,-935,-1154,2500,-935,0,66.354972839355469,0,-935,-811,-124
224064505,-935,-1152,2500,-935,0,66.354972839355469,0,-935,-823,-112
224084497,-935,-1149,2500,-935,0,66.354972839355469,0,-935,-833,-102
224104489,-935,-1147,2500,-935,0,66.354972839355469,0,-935,-841,-94
224124481,-888,-1144,2500,-888,0,70.238700866699219,0,-888,-848,-40
224144473,-888,-1141,2500,-888,0,70.238700866699219,0,-888,-854,-34
224164465,-888,-1139,2500,-888,0,70.238700866699219,0,-888,-859,-29
224184457,-888,-1136,2500,-888,0,70.238700866699219,0,-888,-863,-25
224204449,-888,-1134,2500,-888,0,70.238700866699219,0,-888,-864,-24
224224441,-825,-1133,2500,-825,0,74.383697509765625,0,-825,-865,40
224244433,-825,-1131,2500,-825,0,74.383697509765625,0,-825,-863,38
224264425,-825,-1130,2500,-825,0,74.383697509765625,0,-825,-860,35
224284417,-825,-1129,2500,-825,0,74.383697509765625,0,-825,-856,31
224304409,-825,-1128,2500,-825,0,74.383697509765625,0,-825,-851,26
224324401,-778,-1127,2500,-778,0,78.034637451171875,0,-778,-845,67
224344393,-778,-1127,2500,-778,0,78.034637451171875,0,-778,-838,60
224364385,-778,-1127,2500,-778,0,78.034637451171875,0,-778,-830,52
224384377,-778,-1127,2500,-778,0,78.034637451171875,0,-778,-822,44
224404369,-778,-1127,2500,-778,0,78.034637451171875,0,-778,-812,34
224424361,-729,-1128,2500,-729,0,80.477523803710938,0,-729,-800,71
224444353,-729,-1129,2500,-729,0,80.477523803710938,0,-729,-788,59
224464345,-729,-1130,2500,-729,0,80.477523803710938,0,-729,-775,46
224484337,-729,-1132,2500,-729,0,80.477523803710938,0,-729,-763,34
224504329,-729,-1133,2500,-729,0,80.477523803710938,0,-729,-750,21
224524321,-696,-1135,2500,-696,0,82.18304443359375,0,-696,-737,41
224544313,-696,-1136,2500,-696,0,82.18304443359375,0,-696,-724,28
224565138,-696,-1138,2500,-696,0,82.18304443359375,0,-696,-710,14
224585130,-696,-1139,2500,-696,0,82.18304443359375,0,-696,-695,-1
224605122,-696,-1141,2500,-696,0,82.18304443359375,0,-696,-680,-16
224625114,-667,-1143,2500,-667,0,83.360885620117188,0,-667,-662,-5
224645106,-667,-1145,2500,-667,0,83.360885620117188,0,-667,-646,-21
224665098,-667,-1147,2500,-667,0,83.360885620117188,0,-667,-628,-39
224685090,-667,-1150,2500,-667,0,83.360885620117188,0,-667,-611,-56
224705082,-667,-1152,2500,-667,0,83.360885620117188,0,-667,-596,-71
224725074,-673,-1156,2500,-673,0,83.602989196777344,0,-673,-580,-93
224745066,-673,-1159,2500,-673,0,83.602989196777344,0,-673,-565,-108
224765058,-673,-1163,2500,-673,0,83.602989196777344,0,-673,-551,-122
224785050,-673,-1167,2500,-673,0,83.602989196777344,0,-673,-537,-136
224805042,-673,-1171,2500,-673,0,83.602989196777344,0,-673,-523,-150
224825034,-694,-1174,2500,-694,0,83.546607971191406,0,-694,-511,-183
224845026,-694,-1178,2500,-694,0,83.546607971191406,0,-694,-499,-195
224865018,-694,-1182,2500,-694,0,83.546607971191406,0,-694,-488,-206
224885010,-694,-1185,2500,-694,0,83.546607971191406,0,-694,-479,-215
224905002,-694,-1189,2500,-694,0,83.546607971191406,0,-694,-469,-225
224924994,-727,-1193,2500,-727,0,82.743049621582031,0,-727,-461,-266
224944986,-727,-1197,2500,-727,0,82.743049621582031,0,-727,-452,-275
224964978,-727,-1202,2500,-727,0,82.743049621582031,0,-727,-444,-283
224984970,-727,-1206,2500,-727,0,82.743049621582031,0,-727,-436,-291
225004962,-727,-1211,2500,-727,0,82.743049621582031,0,-727,-429,-298
225024954,-756,-1215,2500,-756,0,82.179466247558594,0,-756,-423,-333
225044946,-756,-1220,2500,-756,0,82.179466247558594,0,-756,-416,-340
225064938,-756,-1225,2500,-756,0,82.179466247558594,0,-756,-410,-346
225084930,-756,-1231,2500,-756,0,82.179466247558594,0,-756,-405,-351
225104922,-756,-1236,2500,-756,0,82.179466247558594,0,-756,-401,-355
225124914,-780,-1241,2500,-780,0,80.663642883300781,0,-780,-399,-381
225144906,-780,-1247,2500,-780,0,80.663642883300781,0,-780,-398,-382
225164898,-780,-1253,2500,-780,0,80.663642883300781,0,-780,-398,-382
225184890,-780,-1258,2500,-780,0,80.663642883300781,0,-780,-400,-380
225204882,-780,-1264,2500,-780,0,80.663642883300781,0,-780,-404,-376
225224874,-795,-1269,2500,-795,0,79.560432434082031,0,-795,-409,-386
225244866,-795,-1275,2500,-795,0,79.560432434082031,0,-795,-415,-380
225264858,-795,-1281,2500,-795,0,79.560432434082031,0,-795,-421,-374
225284850,-795,-1286,2500,-795,0,79.560432434082031,0,-795,-427,-368
225304842,-795,-1292,2500,-795,0,79.560432434082031,0,-795,-434,-361
225324834,-801,-1298,2500,-801,0,78.171791076660156,0,-801,-440,-361
225344826,-801,-1303,2500,-801,0,78.171791076660156,0,-801,-447,-354
225364818,-801,-1309,2500,-801,0,78.171791076660156,0,-801,-454,-347
225384810,-801,-1314,2500,-801,0,78.171791076660156,0,-801,-463,-338
225404802,-801,-1319,2500,-801,0,78.171791076660156,0,-801,-473,-328
225424794,-807,-1325,2500,-807,0,76.7557373046875,0,-807,-483,-324
225444786,-807,-1329,2500,-807,0,76.7557373046875,0,-807,-491,-316
225464778,-807,-1334,2500,-807,0,76.7557373046875,0,-807,-501,-306
225484770,-807,-1339,2500,-807,0,76.7557373046875,0,-807,-510,-297
225504762,-807,-1344,2500,-807,0,76.7557373046875,0,-807,-519,-288
225524754,-810,-1349,2500,-810,0,76.121734619140625,0,-810,-529,-281
225544746,-810,-1353,2500,-810,0,76.121734619140625,0,-810,-538,-272
225564738,-810,-1358,2500,-810,0,76.121734619140625,0,-810,-548,-262
225584730,-810,-1362,2500,-810,0,76.121734619140625,0,-810,-557,-253
225604722,-810,-1366,2500,-810,0,76.121734619140625,0,-810,-565,-245
225624714,-815,-1371,2500,-815,0,75.781082153320312,0,-815,-574,-241
225644706,-815,-1375,2500,-815,0,75.781082153320312,0,-815,-582,-233
225664698,-815,-1378,2500,-815,0,75.781082153320312,0,-815,-591,-224
225684690,-815,-1382,2500,-815,0,75.781082153320312,0,-815,-599,-216
225704682,-815,-1385,2500,-815,0,75.781082153320312,0,-815,-607,-208
225724674,-802,-1388,2500,-802,0,75.241180419921875,0,-802,-614,-188
225744666,-802,-1391,2500,-802,0,75.241180419921875,0,-802,-622,-180
225764658,-802,-1394,2500,-802,0,75.241180419921875,0,-802,-630,-172
225784650,-802,-1397,2500,-802,0,75.241180419921875,0,-802,-637,-165
225804642,-802,-1399,2500,-802,0,75.241180419921875,0,-802,-642,-160
225824634,-810,-1401,2500,-810,0,75.505134582519531,0,-810,-646,-164
225844626,-810,-1404,2500,-810,0,75.505134582519531,0,-810,-651,-159
225864618,-810,-1406,2500,-810,0,75.505134582519531,0,-810,-655,-155
225884610,-810,-1409,2500,-810,0,75.505134582519531,0,-810,-658,-152
225904602,-810,-1411,2500,-810,0,75.505134582519531,0,-810,-661,-149
225924594,-817,-1413,2500,-817,0,76.100418090820312,0,-817,-664,-153
225944586,-817,-1416,2500,-817,0,76.100418090820312,0,-817,-667,-150
225964578,-817,-1418,2500,-817,0,76.100418090820312,0,-817,-670,-147
225984570,-817,-1420,2500,-817,0,76.100418090820312,0,-817,-673,-144
226004562,-817,-1423,2500,-817,0,76.100418090820312,0,-817,-674,-143
226024554,-822,-1426,2500,-822,0,76.356948852539062,0,-822,-675,-147
226044546,-822,-1428,2500,-822,0,76.356948852539062,0,-822,-676,-146
226064538,-822,-1431,2500,-822,0,76.356948852539062,0,-822,-677,-145
226084530,-822,-1433,2500,-822,0,76.356948852539062,0,-822,-676,-146
226104522,-822,-1436,2500,-822,0,76.356948852539062,0,-822,-676,-146
226124514,-817,-1438,2500,-817,0,77.224655151367188,0,-817,-675,-142
226144506,-817,-1441,2500,-817,0,77.224655151367188,0,-817,-676,-141
226164498,-817,-1444,2500,-817,0,77.224655151367188,0,-817,-677,-140
226184490,-817,-1447,2500,-817,0,77.224655151367188,0,-817,-677,-140
226204482,-817,-1450,2500,-817,0,77.224655151367188,0,-817,-678,-139
226224474,-821,-1453,2500,-821,0,77.468017578125,0,-821,-679,-142
226244466,-821,-1457,2500,-821,0,77.468017578125,0,-821,-680,-141
226264458,-821,-1460,2500,-821,0,77.468017578125,0,-821,-681,-140
226284450,-821,-1463,2500,-821,0,77.468017578125,0,-821,-683,-138
226304442,-821,-1467,2500,-821,0,77.468017578125,0,-821,-685,-136
226324434,-796,-1471,2500,-796,0,77.534194946289062,0,-796,-687,-109
226344426,-796,-1475,2500,-796,0,77.534194946289062,0,-796,-688,-108
226364418,-796,-1478,2500,-796,0,77.534194946289062,0,-796,-688,-108
226384410,-796,-1482,2500,-796,0,77.534194946289062,0,-796,-688,-108
226404402,-796,-1486,2500,-796,0,77.534194946289062,0,-796,-687,-109
226424394,-787,-1490,2500,-787,0,77.712509155273438,0,-787,-686,-101
226444386,-787,-1494,2500,-787,0,77.712509155273438,0,-787,-685,-102
226464378,-787,-1498,2500,-787,0,77.712509155273438,0,-787,-685,-102
226484370,-787,-1502,2500,-787,0,77.712509155273438,0,-787,-684,-103
226504362,-787,-1507,2500,-787,0,77.712509155273438,0,-787,-684,-103
226524354,-807,-1512,2500,-807,0,77.650596618652344,0,-807,-683,-124
226544346,-807,-1517,2500,-807,0,77.650596618652344,0,-807,-682,-125
226564338,-807,-1522,2500,-807,0,77.650596618652344,0,-807,-680,-127
226584330,-807,-1527,2500,-807,0,77.650596618652344,0,-807,-679,-128
226604322,-807,-1532,2500,-807,0,77.650596618652344,0,-807,-678,-129
226624314,-808,-1538,2500,-808,0,77.380348205566406,0,-808,-678,-130
226645139,-808,-1543,2500,-808,0,77.380348205566406,0,-808,-678,-130
226665131,-808,-1549,2500,-808,0,77.380348205566406,0,-808,-677,-131
226685123,-808,-1554,2500,-808,0,77.380348205566406,0,-808,-675,-133
226705115,-808,-1560,2500,-808,0,77.380348205566406,0,-808,-674,-134
226725107,-820,-1565,2500,-820,0,77.45001220703125,0,-820,-674,-146
226745099,-820,-1570,2500,-820,0,77.45001220703125,0,-820,-675,-145
226765091,-820,-1576,2500,-820,0,77.45001220703125,0,-820,-676,-144
226785083,-820,-1582,2500,-820,0,77.45001220703125,0,-820,-678,-142
226805075,-820,-1587,2500,-820,0,77.45001220703125,0,-820,-680,-140
226825067,-832,-1593,2500,-832,0,77.018592834472656,0,-832,-682,-150
226845059,-832,-1599,2500,-832,0,77.018592834472656,0,-832,-685,-147
226865051,-832,-1605,2500,-832,0,77.018592834472656,0,-832,-687,-145
226885043,-832,-1611,2500,-832,0,77.018592834472656,0,-832,-688,-144
226905035,-832,-1617,2500,-832,0,77.018592834472656,0,-832,-689,-143
226925027,-831,-1622,2500,-831,0,76.944801330566406,0,-831,-691,-140
226945019,-831,-1628,2500,-831,0,76.944801330566406,0,-831,-693,-138
226965011,-831,-1633,2500,-831,0,76.944801330566406,0,-831,-695,-136
226985003,-831,-1638,2500,-831,0,76.944801330566406,0,-831,-697,-134
227004995,-831,-1643,2500,-831,0,76.944801330566406,0,-831,-702,-129
227024987,-834,-1648,2500,-834,0,76.728233337402344,0,-834,-706,-128
227044979,-834,-1653,2500,-834,0,76.728233337402344,0,-834,-711,-123
227064971,-834,-1658,2500,-834,0,76.728233337402344,0,-834,-716,-118
227084963,-834,-1663,2500,-834,0,76.728233337402344,0,-834,-722,-112
227104955,-834,-1668,2500,-834,0,76.728233337402344,0,-834,-728,-106
227124947,-820,-1673,2500,-820,0,76.771377563476562,0,-820,-734,-86
227144939,-820,-1678,2500,-820,0,76.771377563476562,0,-820,-740,-80
227164931,-820,-1683,2500,-820,0,76.771377563476562,0,-820,-746,-74
227184923,-820,-1688,2500,-820,0,76.771377563476562,0,-820,-750,-70
227204915,-820,-1693,2500,-820,0,76.771377563476562,0,-820,-754,-66
227224907,-955,-1698,2500,-955,0,66.894821166992188,0,-955,-758,-197
227244899,-955,-1703,2500,-955,0,66.894821166992188,0,-955,-760,-195
227264891,-955,-1708,2500,-955,0,66.894821166992188,0,-955,-764,-191
227284883,-955,-1713,2500,-955,0,66.894821166992188,0,-955,-768,-187
227304875,-955,-1717,2500,-955,0,66.894821166992188,0,-955,-773,-182
227324867,-1089,-1722,2500,-1089,0,56.961650848388672,0,-1089,-779,-310
227344859,-1089,-1726,2500,-1089,0,56.961650848388672,0,-1089,-784,-305
227364851,-1089,-1729,2500,-1089,0,56.961650848388672,0,-1089,-791,-298
227384843,-1089,-1730,2500,-1089,0,56.961650848388672,0,-1089,-800,-289
227404835,-1089,-1730,2500,-1089,0,56.961650848388672,0,-1089,-812,-277
227424827,-1224,-1726,2500,-1224,0,46.99237060546875,0,-1224,-827,-397
227444819,-1224,-1719,2500,-1224,0,46.99237060546875,0,-1224,-845,-379
227464811,-1224,-1709,2500,-1224,0,46.99237060546875,0,-1224,-865,-359
227484803,-1224,-1696,2500,-1224,0,46.99237060546875,0,-1224,-887,-337
227504795,-1224,-1680,2500,-1224,0,46.99237060546875,0,-1224,-911,-313
227524787,-1360,-1660,2500,-1360,0,37.030124664306641,0,-1360,-936,-424
227544779,-1360,-1637,2500,-1360,0,37.030124664306641,0,-1360,-962,-398
227564771,-1360,-1612,2500,-1360,0,37.030124664306641,0,-1360,-989,-371
227584763,-1360,-1583,2500,-1360,0,37.030124664306641,0,-1360,-1016,-344
227604755,-1360,-1551,2500,-1360,0,37.030124664306641,0,-1360,-1043,-317
227624747,-1496,-1517,2500,-1496,0,27.114604949951172,0,-1496,-1070,-426
227644739,-1496,-1480,2500,-1480,0,27.114604949951172,0,-1480,-1096,-384
227664731,-1496,-1441,2500,-1441,0,27.114604949951172,0,-1441,-1119,-322
227684723,-1496,-1400,2500,-1400,0,27.114604949951172,0,-1400,-1141,-259
227704715,-1496,-1357,2500,-1357,0,27.114604949951172,0,-1357,-1163,-194
227724707,-1632,-1314,2500,-1314,0,37.393898010253906,0,-1314,-1182,-132
227744699,-1632,-1270,2500,-1270,0,37.393898010253906,0,-1270,-1200,-70
227764691,-1632,-1226,2500,-1226,0,37.393898010253906,0,-1226,-1215,-11
227784683,-1632,-1182,2500,-1182,0,37.393898010253906,0,-1182,-1228,46
227804675,-1632,-1140,2500,-1140,0,37.393898010253906,0,-1140,-1239,99
227824667,-1771,-1099,2500,-1099,0,47.930233001708984,0,-1099,-1246,147
227844659,-1771,-1060,2500,-1060,0,47.930233001708984,0,-1060,-1251,191
227864651,-1771,-1024,2500,-1024,0,47.930233001708984,0,-1024,-1252,228
227884643,-1771,-991,2500,-991,0,47.930233001708984,0,-991,-1251,260
227904635,-1771,-961,2500,-961,0,47.930233001708984,0,-961,-1248,287
227924627,-1910,-934,2500,-934,0,56.416965484619141,0,-934,-1242,308
227944619,-1910,-911,2500,-911,0,56.416965484619141,0,-911,-1234,323
227964611,-1910,-891,2500,-891,0,56.416965484619141,0,-891,-1223,332
227984603,-1910,-875,2500,-875,0,56.416965484619141,0,-875,-1210,335
228004595,-1910,-863,2500,-863,0,56.416965484619141,0,-863,-1195,332
228024587,-1969,-854,2500,-854,0,37.710987091064453,0,-854,-1178,324
228044579,-1969,-849,2500,-849,0,37.710987091064453,0,-849,-1160,311
228064571,-1969,-846,2500,-846,0,37.710987091064453,0,-846,-1141,295
228084563,-1969,-847,2500,-847,0,37.710987091064453,0,-847,-1121,274
228104555,-1969,-849,2500,-849,0,37.710987091064453,0,-849,-1100,251
228124547,-1908,-854,2500,-854,0,47.706985473632812,0,-854,-1078,224
228144539,-1908,-861,2500,-861,0,47.706985473632812,0,-861,-1056,195
228164531,-1908,-870,2500,-870,0,47.706985473632812,0,-870,-1033,163
228184523,-1908,-881,2500,-881,0,47.706985473632812,0,-881,-1009,128
228204515,-1908,-893,2500,-893,0,47.706985473632812,0,-893,-985,92
228224507,-1985,-905,2500,-905,0,57.702983856201172,0,-905,-961,56
228244499,-1985,-919,2500,-919,0,57.702983856201172,0,-919,-937,18
228264491,-1985,-933,2500,-933,0,57.702983856201172,0,-933,-913,-20
228284483,-1985,-947,2500,-947,0,57.702983856201172,0,-947,-890,-57
228304475,-1985,-961,2500,-961,0,57.702983856201172,0,-961,-867,-94
228324467,-2000,-975,2500,-975,0,67.698982238769531,0,-975,-844,-131
228344459,-2000,-989,2500,-989,0,67.698982238769531,0,-989,-822,-167
228364451,-2000,-1002,2500,-1002,0,67.698982238769531,0,-1002,-802,-200
228384443,-2000,-1014,2500,-1014,0,67.698982238769531,0,-1014,-782,-232
228404435,-2000,-1026,2500,-1026,0,67.698982238769531,0,-1026,-764,-262
228424427,-2000,-1037,2500,-1037,0,77.694976806640625,0,-1037,-746,-291
228444419,-2000,-1048,2500,-1048,0,77.694976806640625,0,-1048,-729,-319
228464411,-2000,-1058,2500,-1058,0,77.694976806640625,0,-1058,-714,-344
228484403,-2000,-1067,2500,-1067,0,77.694976806640625,0,-1067,-701,-366
228504395,-2000,-1075,2500,-1075,0,77.694976806640625,0,-1075,-689,-386
228524387,-1880,-1083,2500,-1083,0,87.690971374511719,0,-1083,-680,-403
228544379,-1880,-1090,2500,-1090,0,87.690971374511719,0,-1090,-671,-419
228564371,-1880,-1097,2500,-1097,0,87.690971374511719,0,-1097,-665,-432
228584363,-1880,-1103,2500,-1103,0,87.690971374511719,0,-1103,-659,-444
228604355,-1880,-1109,2500,-1109,0,87.690971374511719,0,-1109,-654,-455
228624347,-1735,-1114,2500,-1114,0,97.686973571777344,0,-1114,-651,-463
228644339,-1735,-1118,2500,-1118,0,97.686973571777344,0,-1118,-649,-469
228664331,-1735,-1123,2500,-1123,0,97.686973571777344,0,-1123,-648,-475
228684323,-1735,-1127,2500,-1127,0,97.686973571777344,0,-1127,-649,-478
228704315,-1735,-1130,2500,-1130,0,97.686973571777344,0,-1130,-650,-480
228725140,-1591,-1134,2500,-1134,0,100,0,-1134,-652,-482
228745132,-1591,-1137,2500,-1137,0,100,0,-1137,-655,-482
228765124,-1591,-1140,2500,-1140,0,100,0,-1140,-660,-480
228785116,-1591,-1143,2500,-1143,0,100,0,-1143,-667,-476
228805108,-1591,-1145,2500,-1145,0,100,0,-1145,-674,-471
228825100,-1446,-1147,2500,-1147,0,99.657371520996094,0,-1147,-682,-465
228845092,-1446,-1149,2500,-1149,0,99.657371520996094,0,-1149,-690,-459
228865084,-1446,-1151,2500,-1151,0,99.657371520996094,0,-1151,-699,-452
228885076,-1446,-1153,2500,-1153,0,99.657371520996094,0,-1153,-708,-445
228905068,-1446,-1154,2500,-1154,0,99.657371520996094,0,-1154,-717,-437
228925060,-1304,-1155,2500,-1155,0,100,0,-1155,-727,-428
228945052,-1304,-1156,2500,-1156,0,100,0,-1156,-736,-420
228965044,-1304,-1157,2500,-1157,0,100,0,-1157,-745,-412
228985036,-1304,-1159,2500,-1159,0,100,0,-1159,-755,-404
229005028,-1304,-1160,2500,-1160,0,100,0,-1160,-765,-395
229025020,-1163,-1161,2500,-1161,0,99.472915649414062,0,-1161,-775,-386
229045012,-1163,-1161,2500,-1161,0,99.472915649414062,0,-1161,-783,-378
229065004,-1163,-1162,2500,-1162,0,99.472915649414062,0,-1162,-792,-370
229084996,-1163,-1162,2500,-1162,0,99.472915649414062,0,-1162,-801,-361
229104988,-1163,-1162,2500,-1162,0,99.472915649414062,0,-1162,-811,-351
229124980,-1024,-1162,2500,-1024,0,100,0,-1024,-821,-203
229144972,-1024,-1161,2500,-1024,0,100,0,-1024,-832,-192
229164964,-1024,-1161,2500,-1024,0,100,0,-1024,-842,-182
229184956,-1024,-1160,2500,-1024,0,100,0,-1024,-851,-173
229204948,-1024,-1160,2500,-1024,0,100,0,-1024,-860,-164
229224940,-885,-1160,2500,-885,0,99.341148376464844,0,-885,-869,-16
229244932,-885,-1159,2500,-885,0,99.341148376464844,0,-885,-877,-8
229264924,-885,-1159,2500,-885,0,99.341148376464844,0,-885,-884,-1
229284916,-885,-1159,2500,-885,0,99.341148376464844,0,-885,-888,3
229304908,-885,-1159,2500,-885,0,99.341148376464844,0,-885,-890,5
229324900,-747,-1159,2500,-747,0,100,0,-747,-890,143
229344892,-747,-1159,2500,-747,0,100,0,-747,-887,140
229364884,-747,-1159,2500,-747,0,100,0,-747,-882,135
229384876,-747,-1158,2500,-747,0,100,0,-747,-875,128
229404868,-747,-1158,2500,-747,0,100,0,-747,-866,119
229424860,-611,-1158,2500,-611,0,99.254486083984375,0,-611,-856,245
229444852,-611,-1158,2500,-611,0,99.254486083984375,0,-611,-846,235
229464844,-611,-1159,2500,-611,0,99.254486083984375,0,-611,-834,223
229484836,-611,-1159,2500,-611,0,99.254486083984375,0,-611,-821,210
229504828,-611,-1160,2500,-611,0,99.254486083984375,0,-611,-806,195
229524820,-475,-1160,2500,-475,0,100,0,-475,-790,315
229544812,-475,-1161,2500,-475,0,100,0,-475,-770,295
229564804,-475,-1163,2500,-475,0,100,0,-475,-749,274
229584796,-475,-1164,2500,-475,0,100,0,-475,-726,251
229604788,-475,-1166,2500,-475,0,100,0,-475,-703,228
229624780,-340,-1167,2500,-340,0,99.112991333007812,0,-340,-680,340
229644772,-340,-1169,2500,-340,0,99.112991333007812,0,-340,-655,315
229664764,-340,-1171,2500,-340,0,99.112991333007812,0,-340,-630,290
229684756,-340,-1173,2500,-340,0,99.112991333007812,0,-340,-603,263
229704748,-340,-1176,2500,-340,0,99.112991333007812,0,-340,-574,234
229724740,-218,-1179,2500,-218,0,100,0,-218,-545,327
229744732,-218,-1182,2500,-218,0,100,0,-218,-516,298
229764724,-218,-1185,2500,-218,0,100,0,-218,-486,268
229784716,-218,-1188,2500,-218,0,100,0,-218,-454,236
229804708,-218,-1192,2500,-218,0,100,0,-218,-423,205
229824700,-314,-1197,2500,-314,0,98.799774169921875,0,-314,-390,76
229844692,-314,-1201,2500,-314,0,98.799774169921875,0,-314,-359,45
229864684,-314,-1206,2500,-314,0,98.799774169921875,0,-314,-327,13
229884676,-314,-1211,2500,-314,0,98.799774169921875,0,-314,-295,-19
229904668,-314,-1217,2500,-314,0,98.799774169921875,0,-314,-264,-50
229924660,-447,-1223,2500,-447,0,100,0,-447,-234,-213
229944652,-447,-1230,2500,-447,0,100,0,-447,-207,-240
229964644,-447,-1236,2500,-447,0,100,0,-447,-181,-266
229984636,-447,-1243,2500,-447,0,100,0,-447,-156,-291
230004628,-447,-1251,2500,-447,0,100,0,-447,-133,-314
230024620,-579,-1259,2500,-579,0,98.418807983398438,0,-579,-110,-469
230044612,-579,-1267,2500,-579,0,98.418807983398438,0,-579,-89,-490
230064604,-579,-1277,2500,-579,0,98.418807983398438,0,-579,-69,-510
230084596,-579,-1286,2500,-579,0,98.418807983398438,0,-579,-53,-526
230104588,-579,-1297,2500,-579,0,98.418807983398438,0,-579,-40,-539
230124580,-710,-1308,2500,-710,0,98.360183715820312,0,-710,-31,-679
230144572,-710,-1320,2500,-710,0,98.360183715820312,0,-710,-26,-684
230164564,-710,-1332,2500,-710,0,98.360183715820312,0,-710,-24,-686
230184556,-710,-1346,2500,-710,0,98.360183715820312,0,-710,-26,-684
230204548,-710,-1360,2500,-710,0,98.360183715820312,0,-710,-29,-681
230224540,-792,-1374,2500,-792,0,88.823486328125,0,-792,-35,-757
230244532,-792,-1389,2500,-792,0,88.823486328125,0,-792,-44,-748
230264524,-792,-1404,2500,-792,0,88.823486328125,0,-792,-55,-737
230284516,-792,-1420,2500,-792,0,88.823486328125,0,-792,-70,-722
230304508,-792,-1435,2500,-792,0,88.823486328125,0,-792,-88,-704
230324500,-789,-1450,2500,-789,0,79.02996826171875,0,-789,-108,-681
230344492,-789,-1465,2500,-789,0,79.02996826171875,0,-789,-131,-658
230364484,-789,-1480,2500,-789,0,79.02996826171875,0,-789,-157,-632
230384476,-789,-1495,2500,-789,0,79.02996826171875,0,-789,-186,-603
230404468,-789,-1509,2500,-789,0,79.02996826171875,0,-789,-218,-571
230424460,-804,-1523,2500,-804,0,68.98504638671875,0,-804,-251,-553
230444452,-804,-1536,2500,-804,0,68.98504638671875,0,-804,-286,-518
230464444,-804,-1549,2500,-804,0,68.98504638671875,0,-804,-321,-483
230484436,-804,-1562,2500,-804,0,68.98504638671875,0,-804,-356,-448
230504428,-804,-1573,2500,-804,0,68.98504638671875,0,-804,-393,-411
230524420,-862,-1583,2500,-862,0,58.779369354248047,0,-862,-429,-433
230544412,-862,-1593,2500,-862,0,58.779369354248047,0,-862,-465,-397
230564404,-862,-1601,2500,-862,0,58.779369354248047,0,-862,-501,-361
230584396,-862,-1609,2500,-862,0,58.779369354248047,0,-862,-536,-326
230604388,-862,-1615,2500,-862,0,58.779369354248047,0,-862,-570,-292
230624380,-968,-1621,2500,-968,0,48.526100158691406,0,-968,-602,-366
230644372,-968,-1627,2500,-968,0,48.526100158691406,0,-968,-634,-334
230664364,-968,-1631,2500,-968,0,48.526100158691406,0,-968,-664,-304
230684356,-968,-1635,2500,-968,0,48.526100158691406,0,-968,-693,-275
230704348,-968,-1638,2500,-968,0,48.526100158691406,0,-968,-722,-246
230724340,-1096,-1640,2500,-1096,0,38.294757843017578,0,-1096,-750,-346
230744332,-1096,-1642,2500,-1096,0,38.294757843017578,0,-1096,-776,-320
230764324,-1096,-1643,2500,-1096,0,38.294757843017578,0,-1096,-801,-295
230784316,-1096,-1643,2500,-1096,0,38.294757843017578,0,-1096,-826,-270
230805141,-1096,-1643,2500,-1096,0,38.294757843017578,0,-1096,-850,-246
230825133,-1226,-1643,2500,-1226,0,28.067567825317383,0,-1226,-874,-352
230845125,-1226,-1641,2500,-1226,0,28.067567825317383,0,-1226,-896,-330
230865117,-1226,-1640,2500,-1226,0,28.067567825317383,0,-1226,-918,-308
230885109,-1226,-1638,2500,-1226,0,28.067567825317383,0,-1226,-941,-285
230905101,-1226,-1636,2500,-1226,0,28.067567825317383,0,-1226,-961,-265
230925093,-1356,-1633,2500,-1356,0,22.487726211547852,0,-1356,-982,-374
230945085,-1356,-1630,2500,-1356,0,22.487726211547852,0,-1356,-1002,-354
230965077,-1356,-1627,2500,-1356,0,22.487726211547852,0,-1356,-1023,-333
230985069,-1356,-1625,2500,-1356,0,22.487726211547852,0,-1356,-1044,-312
231005061,-1356,-1622,2500,-1356,0,22.487726211547852,0,-1356,-1064,-292
231025053,-1487,-1618,2500,-1487,0,29.066648483276367,0,-1487,-1084,-403
231045045,-1487,-1615,2500,-1487,0,29.066648483276367,0,-1487,-1104,-383
231065037,-1487,-1612,2500,-1487,0,29.066648483276367,0,-1487,-1124,-363
231085029,-1487,-1609,2500,-1487,0,29.066648483276367,0,-1487,-1143,-344
231105021,-1487,-1606,2500,-1487,0,29.066648483276367,0,-1487,-1162,-325
231125013,-1619,-1604,2500,-1604,0,39.176933288574219,0,-1604,-1182,-422
231145005,-1619,-1601,2500,-1601,0,39.176933288574219,0,-1601,-1201,-400
231164997,-1619,-1599,2500,-1599,0,39.176933288574219,0,-1599,-1221,-378
231184989,-1619,-1597,2500,-1597,0,39.176933288574219,0,-1597,-1241,-356
231204981,-1619,-1595,2500,-1595,0,39.176933288574219,0,-1595,-1262,-333
231224973,-1754,-1594,2500,-1594,0,49.518241882324219,0,-1594,-1282,-312
231244965,-1754,-1593,2500,-1593,0,49.518241882324219,0,-1593,-1303,-290
231264957,-1754,-1591,2500,-1591,0,49.518241882324219,0,-1591,-1324,-267
231284949,-1754,-1591,2500,-1591,0,49.518241882324219,0,-1591,-1346,-245
231304941,-1754,-1590,2500,-1590,0,49.518241882324219,0,-1590,-1367,-223
231324933,-1805,-1590,2500,-1590,0,59.798610687255859,0,-1590,-1387,-203
231344925,-1805,-1590,2500,-1590,0,59.798610687255859,0,-1590,-1407,-183
231364917,-1805,-1590,2500,-1590,0,59.798610687255859,0,-1590,-1427,-163
231384909,-1805,-1591,2500,-1591,0,59.798610687255859,0,-1591,-1446,-145
231404901,-1805,-1592,2500,-1592,0,59.798610687255859,0,-1592,-1464,-128
231424893,-1669,-1593,2500,-1593,0,63.593746185302734,0,-1593,-1482,-111
231444885,-1669,-1594,2500,-1594,0,63.593746185302734,0,-1594,-1499,-95
231464877,-1669,-1595,2500,-1595,0,63.593746185302734,0,-1595,-1515,-80
231484869,-1669,-1597,2500,-1597,0,63.593746185302734,0,-1597,-1529,-68
231504861,-1669,-1599,2500,-1599,0,63.593746185302734,0,-1599,-1543,-56
231524853,-1532,-1601,2500,-1532,0,64.701820373535156,0,-1532,-1556,24
231544845,-1532,-1603,2500,-1532,0,64.701820373535156,0,-1532,-1567,35
231564837,-1532,-1605,2500,-1532,0,64.701820373535156,0,-1532,-1578,46
231584829,-1532,-1607,2500,-1532,0,64.701820373535156,0,-1532,-1588,56
231604821,-1532,-1609,2500,-1532,0,64.701820373535156,0,-1532,-1596,64
231624813,-1394,-1612,2500,-1394,0,63.900547027587891,0,-1394,-1604,210
231644805,-1394,-1614,2500,-1394,0,63.900547027587891,0,-1394,-1611,217
231664797,-1394,-1617,2500,-1394,0,63.900547027587891,0,-1394,-1616,222
231684789,-1394,-1619,2500,-1394,0,63.900547027587891,0,-1394,-1619,225
231704781,-1394,-1622,2500,-1394,0,63.900547027587891,0,-1394,-1620,226
231724773,-1256,-1625,2500,-1256,0,63.993473052978516,0,-1256,-1618,362
231744765,-1256,-1628,2500,-1256,0,63.993473052978516,0,-1256,-1615,359
231764757,-1256,-1631,2500,-1256,0,63.993473052978516,0,-1256,-1610,354
231784749,-1256,-1635,2500,-1256,0,63.993473052978516,0,-1256,-1602,346
231804741,-1256,-1638,2500,-1256,0,63.993473052978516,0,-1256,-1593,337
231824733,-1200,-1641,2500,-1200,0,65.423652648925781,0,-1200,-1582,382
231844725,-1200,-1645,2500,-1200,0,65.423652648925781,0,-1200,-1571,371
231864717,-1200,-1649,2500,-1200,0,65.423652648925781,0,-1200,-1557,357
231884709,-1200,-1653,2500,-1200,0,65.423652648925781,0,-1200,-1542,342
231904701,-1200,-1657,2500,-1200,0,65.423652648925781,0,-1200,-1524,324
231924693,-1228,-1661,2500,-1228,0,68.672386169433594,0,-1228,-1504,276
231944685,-1228,-1665,2500,-1228,0,68.672386169433594,0,-1228,-1482,254
231964677,-1228,-1670,2500,-1228,0,68.672386169433594,0,-1228,-1459,231
231984669,-1228,-1675,2500,-1228,0,68.672386169433594,0,-1228,-1435,207
232004661,-1228,-1681,2500,-1228,0,68.672386169433594,0,-1228,-1411,183
232024653,-1266,-1686,2500,-1266,0,71.922836303710938,0,-1266,-1387,121
232044645,-1266,-1691,2500,-1266,0,71.922836303710938,0,-1266,-1362,96
232064637,-1266,-1697,2500,-1266,0,71.922836303710938,0,-1266,-1338,72
232084629,-1266,-1702,2500,-1266,0,71.922836303710938,0,-1266,-1315,49
232104621,-1266,-1708,2500,-1266,0,71.922836303710938,0,-1266,-1293,27
232124613,-1292,-1714,2500,-1292,0,73.900985717773438,0,-1292,-1273,-19
232144605,-1292,-1720,2500,-1292,0,73.900985717773438,0,-1292,-1253,-39
232164597,-1292,-1726,2500,-1292,0,73.900985717773438,0,-1292,-1235,-57
232184589,-1292,-1733,2500,-1292,0,73.900985717773438,0,-1292,-1219,-73
232204581,-1292,-1739,2500,-1292,0,73.900985717773438,0,-1292,-1205,-87
232224573,-1302,-1746,2500,-1302,0,74.090232849121094,0,-1302,-1193,-109
232244565,-1302,-1753,2500,-1302,0,74.090232849121094,0,-1302,-1183,-119
232264557,-1302,-1761,2500,-1302,0,74.090232849121094,0,-1302,-1173,-129
232284549,-1302,-1769,2500,-1302,0,74.090232849121094,0,-1302,-1166,-136
232304541,-1302,-1776,2500,-1302,0,74.090232849121094,0,-1302,-1161,-141
232324533,-1287,-1784,2500,-1287,0,72.527015686035156,0,-1287,-1158,-129
232344525,-1287,-1792,2500,-1287,0,72.527015686035156,0,-1287,-1156,-131
232364517,-1287,-1800,2500,-1287,0,72.527015686035156,0,-1287,-1156,-131
232384509,-1287,-1809,2500,-1287,0,72.527015686035156,0,-1287,-1156,-131
232404501,-1287,-1817,2500,-1287,0,72.527015686035156,0,-1287,-1158,-129
232424493,-1283,-1825,2500,-1283,0,69.762039184570312,0,-1283,-1161,-122
232444485,-1283,-1833,2500,-1283,0,69.762039184570312,0,-1283,-1164,-119
232464477,-1283,-1841,2500,-1283,0,69.762039184570312,0,-1283,-1168,-115
232484469,-1283,-1849,2500,-1283,0,69.762039184570312,0,-1283,-1174,-109
232504461,-1283,-1857,2500,-1283,0,69.762039184570312,0,-1283,-1181,-102
232524453,-1287,-1864,2500,-1287,0,67.530754089355469,0,-1287,-1189,-98
232544445,-1287,-1871,2500,-1287,0,67.530754089355469,0,-1287,-1197,-90
232564437,-1287,-1878,2500,-1287,0,67.530754089355469,0,-1287,-1205,-82
232584429,-1287,-1885,2500,-1287,0,67.530754089355469,0,-1287,-1214,-73
232604421,-1287,-1891,2500,-1287,0,67.530754089355469,0,-1287,-1223,-64
232624413,-1297,-1897,2500,-1297,0,58.815322875976562,0,-1297,-1232,-65
232644405,-1297,-1903,2500,-1297,0,58.815322875976562,0,-1297,-1242,-55
232664397,-1297,-1908,2500,-1297,0,58.815322875976562,0,-1297,-1251,-46
232684389,-1297,-1913,2500,-1297,0,58.815322875976562,0,-1297,-1262,-35
232704381,-1297,-1917,2500,-1297,0,58.815322875976562,0,-1297,-1273,-24
232724373,-1311,-1921,2500,-1311,0,49.996673583984375,0,-1311,-1283,-28
232744365,-1311,-1926,2500,-1311,0,49.996673583984375,0,-1311,-1294,-17
232764357,-1311,-1929,2500,-1311,0,49.996673583984375,0,-1311,-1306,-5
232784349,-1311,-1933,2500,-1311,0,49.996673583984375,0,-1311,-1318,7
232804341,-1311,-1936,2500,-1311,0,49.996673583984375,0,-1311,-1330,19
232824333,-1351,-1939,2500,-1351,0,41.092708587646484,0,-1351,-1341,-10
232844325,-1351,-1942,2500,-1351,0,41.092708587646484,0,-1351,-1351,0
232864317,-1351,-1945,2500,-1351,0,41.092708587646484,0,-1351,-1360,9
232885142,-1351,-1947,2500,-1351,0,41.092708587646484,0,-1351,-1369,18
232905134,-1351,-1949,2500,-1351,0,41.092708587646484,0,-1351,-1377,26
232925126,-1419,-1951,2500,-1419,0,36.029697418212891,0,-1419,-1385,-34
232945118,-1419,-1953,2500,-1419,0,36.029697418212891,0,-1419,-1393,-26
232965110,-1419,-1955,2500,-1419,0,36.029697418212891,0,-1419,-1401,-18
232985102,-1419,-1956,2500,-1419,0,36.029697418212891,0,-1419,-1407,-12
233005094,-1419,-1958,2500,-1419,0,36.029697418212891,0,-1419,-1414,-5
233025086,-1505,-1959,2500,-1505,0,40.839424133300781,0,-1505,-1421,-84
233045078,-1505,-1960,2500,-1505,0,40.839424133300781,0,-1505,-1427,-78
233065070,-1505,-1961,2500,-1505,0,40.839424133300781,0,-1505,-1433,-72
233085062,-1505,-1962,2500,-1505,0,40.839424133300781,0,-1505,-1439,-66
233105054,-1505,-1963,2500,-1505,0,40.839424133300781,0,-1505,-1446,-59
233125046,-1555,-1964,2500,-1555,0,47.102550506591797,0,-1555,-1453,-102
233145038,-1555,-1964,2500,-1555,0,47.102550506591797,0,-1555,-1461,-94
233165030,-1555,-1965,2500,-1555,0,47.102550506591797,0,-1555,-1469,-86
233185022,-1555,-1966,2500,-1555,0,47.102550506591797,0,-1555,-1477,-78
233205014,-1555,-1966,2500,-1555,0,47.102550506591797,0,-1555,-1487,-68
233225006,-1535,-1967,2500,-1535,0,51.900314331054688,0,-1535,-1497,-38
233244998,-1535,-1968,2500,-1535,0,51.900314331054688,0,-1535,-1507,-28
233264990,-1535,-1968,2500,-1535,0,51.900314331054688,0,-1535,-1518,-17
233284982,-1535,-1969,2500,-1535,0,51.900314331054688,0,-1535,-1529,-6
233304974,-1535,-1970,2500,-1535,0,51.900314331054688,0,-1535,-1540,5
233324966,-1465,-1970,2500,-1465,0,53.689342498779297,0,-1465,-1550,85
233344958,-1465,-1971,2500,-1465,0,53.689342498779297,0,-1465,-1561,96
233364950,-1465,-1972,2500,-1465,0,53.689342498779297,0,-1465,-1571,106
233384942,-1465,-1972,2500,-1465,0,53.689342498779297,0,-1465,-1581,116
233404934,-1465,-1973,2500,-1465,0,53.689342498779297,0,-1465,-1590,125
233424926,-1384,-1974,2500,-1384,0,52.839469909667969,0,-1384,-1599,215
233444918,-1384,-1975,2500,-1384,0,52.839469909667969,0,-1384,-1606,222
233464910,-1384,-1975,2500,-1384,0,52.839469909667969,0,-1384,-1611,227
233484902,-1384,-1976,2500,-1384,0,52.839469909667969,0,-1384,-1615,231
233504894,-1384,-1977,2500,-1384,0,52.839469909667969,0,-1384,-1619,235
233524886,-1334,-1978,2500,-1334,0,50.986106872558594,0,-1334,-1622,288
233544878,-1334,-1979,2500,-1334,0,50.986106872558594,0,-1334,-1623,289
233564870,-1334,-1979,2500,-1334,0,50.986106872558594,0,-1334,-1623,289
233584862,-1334,-1980,2500,-1334,0,50.986106872558594,0,-1334,-1621,287
233604854,-1334,-1981,2500,-1334,0,50.986106872558594,0,-1334,-1617,283
233624846,-1321,-1982,2500,-1321,0,49.497524261474609,0,-1321,-1612,291
233644838,-1321,-1983,2500,-1321,0,49.497524261474609,0,-1321,-1605,284
233664830,-1321,-1983,2500,-1321,0,49.497524261474609,0,-1321,-1597,276
233684822,-1321,-1984,2500,-1321,0,49.497524261474609,0,-1321,-1587,266
233704814,-1321,-1985,2500,-1321,0,49.497524261474609,0,-1321,-1576,255
233724806,-1340,-1986,2500,-1340,0,50.096714019775391,0,-1340,-1562,222
233744798,-1340,-1987,2500,-1340,0,50.096714019775391,0,-1340,-1549,209
233764790,-1340,-1987,2500,-1340,0,50.096714019775391,0,-1340,-1535,195
233784782,-1340,-1988,2500,-1340,0,50.096714019775391,0,-1340,-1521,181
233804774,-1340,-1989,2500,-1340,0,50.096714019775391,0,-1340,-1507,167
233824766,-1378,-1990,2500,-1378,0,53.295604705810547,0,-1378,-1493,115
233844758,-1378,-1991,2500,-1378,0,53.295604705810547,0,-1378,-1479,101
233864750,-1378,-1991,2500,-1378,0,53.295604705810547,0,-1378,-1466,88
233884742,-1378,-1992,2500,-1378,0,53.295604705810547,0,-1378,-1454,76
233904734,-1378,-1993,2500,-1378,0,53.295604705810547,0,-1378,-1442,64
233924726,-1400,-1993,2500,-1400,0,56.045711517333984,0,-1400,-1430,30
233944718,-1400,-1994,2500,-1400,0,56.045711517333984,0,-1400,-1419,19
233964710,-1400,-1995,2500,-1400,0,56.045711517333984,0,-1400,-1410,10
233984702,-1400,-1995,2500,-1400,0,56.045711517333984,0,-1400,-1402,2
234004694,-1400,-1996,2500,-1400,0,56.045711517333984,0,-1400,-1396,-4
234024686,-1403,-1996,2500,-1403,0,57.417797088623047,0,-1403,-1391,-12
234044678,-1403,-1997,2500,-1403,0,57.417797088623047,0,-1403,-1387,-16
234064670,-1403,-1997,2500,-1403,0,57.417797088623047,0,-1403,-1385,-18
234084662,-1403,-1998,2500,-1403,0,57.417797088623047,0,-1403,-1384,-19
234104654,-1403,-1998,2500,-1403,0,57.417797088623047,0,-1403,-1385,-18
234124646,-1385,-1998,2500,-1385,0,57.002471923828125,0,-1385,-1387,2
234144638,-1385,-1999,2500,-1385,0,57.002471923828125,0,-1385,-1390,5
234164630,-1385,-1999,2500,-1385,0,57.002471923828125,0,-1385,-1394,9
234184622,-1385,-1999,2500,-1385,0,57.002471923828125,0,-1385,-1398,13
234204614,-1385,-1999,2500,-1385,0,57.002471923828125,0,-1385,-1404,19
234224606,-1238,-1999,2500,-1238,0,0,0,-1238,-1410,172
234244598,-1238,-1999,2500,-1238,0,0,0,-1238,-1417,179
234264590,-1238,-1999,2500,-1238,0,0,0,-1238,-1423,185
234284582,-1238,-1999,2500,-1238,0,0,0,-1238,-1428,190
234304574,-1238,-2000,2500,-1238,0,0,0,-1238,-1432,194
234324566,-1127,-1999,2500,-1127,0,0,0,-1127,-1436,309
234344558,-1127,-1999,2500,-1127,0,0,0,-1127,-1439,312
234364550,-1127,-1999,2500,-1127,0,0,0,-1127,-1441,314
234384542,-1127,-1999,2500,-1127,0,0,0,-1127,-1441,314
234404534,-1127,-1999,2500,-1127,0,0,0,-1127,-1440,313
234424526,-1093,-1999,2500,-1093,0,0,0,-1093,-1438,345
234444518,-1093,-1999,2500,-1093,0,0,0,-1093,-1433,340
234464510,-1093,-1999,2500,-1093,0,0,0,-1093,-1427,334
234484502,-1093,-1999,2500,-1093,0,0,0,-1093,-1419,326
234504494,-1093,-1999,2500,-1093,0,0,0,-1093,-1408,315
234524486,-1122,-1998,2500,-1122,0,0,0,-1122,-1397,275
234544478,-1122,-1998,2500,-1122,0,0,0,-1122,-1384,262
234564470,-1122,-1998,2500,-1122,0,0,0,-1122,-1370,248
234584462,-1122,-1998,2500,-1122,0,0,0,-1122,-1355,233
234604454,-1122,-1998,2500,-1122,0,0,0,-1122,-1340,218
234624446,-1207,-1997,2500,-1207,0,0,0,-1207,-1323,116
234644438,-1207,-1997,2500,-1207,0,0,0,-1207,-1307,100
234664430,-1207,-1997,2500,-1207,0,0,0,-1207,-1291,84
234684422,-1207,-1997,2500,-1207,0,0,0,-1207,-1275,68
234704414,-1207,-1997,2500,-1207,0,0,0,-1207,-1260,53
234724406,-1316,-1996,2500,-1316,0,0,0,-1316,-1247,-69
234744398,-1316,-1996,2500,-1316,0,0,0,-1316,-1235,-81
234764390,-1316,-1996,2500,-1316,0,0,0,-1316,-1224,-92
234784382,-1316,-1996,2500,-1316,0,0,0,-1316,-1216,-100
234804374,-1316,-1996,2500,-1316,0,0,0,-1316,-1209,-107
234824366,-1422,-1995,2500,-1422,0,0,0,-1422,-1204,-218
234844358,-1422,-1995,2500,-1422,0,0,0,-1422,-1202,-220
234864350,-1422,-1995,2500,-1422,0,0,0,-1422,-1202,-220
234884342,-1422,-1995,2500,-1422,0,0,0,-1422,-1205,-217
234904334,-1422,-1995,2500,-1422,0,0,0,-1422,-1211,-211
234924326,-1478,-1995,2500,-1478,0,0,0,-1478,-1218,-260
234944318,-1478,-1994,2500,-1478,0,0,0,-1478,-1229,-249
234964310,-1478,-1994,2500,-1478,0,0,0,-1478,-1241,-237
234985135,-1478,-1994,2500,-1478,0,0,0,-1478,-1256,-222
235005127,-1478,-1994,2500,-1478,0,0,0,-1478,-1273,-205
235025119,-1438,-1994,2500,-1438,0,0,0,-1438,-1292,-146
235045111,-1438,-1994,2500,-1438,0,0,0,-1438,-1313,-125
235065103,-1438,-1994,2500,-1438,0,0,0,-1438,-1334,-104
235085095,-1438,-1994,2500,-1438,0,0,0,-1438,-1357,-81
235105087,-1438,-1994,2500,-1438,0,0,0,-1438,-1381,-57
235125079,-1324,-1994,2500,-1324,0,0,0,-1324,-1404,80
235145071,-1324,-1994,2500,-1324,0,0,0,-1324,-1428,104
235165063,-1324,-1994,2500,-1324,0,0,0,-1324,-1452,128
235185055,-1324,-1994,2500,-1324,0,0,0,-1324,-1475,151
235205047,-1324,-1994,2500,-1324,0,0,0,-1324,-1497,173
235225039,-1172,-1994,2500,-1172,0,0,0,-1172,-1517,345
235245031,-1172,-1994,2500,-1172,0,0,0,-1172,-1536,364
235265023,-1172,-1994,2500,-1172,0,0,0,-1172,-1553,381
235285015,-1172,-1994,2500,-1172,0,0,0,-1172,-1568,396
235305007,-1172,-1994,2500,-1172,0,0,0,-1172,-1581,409
235324999,-1012,-1994,2500,-1012,0,0,0,-1012,-1591,579
235344991,-1012,-1994,2500,-1012,0,0,0,-1012,-1598,586
235364983,-1012,-1994,2500,-1012,0,0,0,-1012,-1602,590
235384975,-1012,-1994,2500,-1012,0,0,0,-1012,-1603,591
235404967,-1012,-1994,2500,-1012,0,0,0,-1012,-1601,589
235424959,-877,-1994,2500,-877,0,0,0,-877,-1597,720
235444951,-877,-1994,2500,-877,0,0,0,-877,-1589,712
235464943,-877,-1994,2500,-877,0,0,0,-877,-1578,701
235484935,-877,-1994,2500,-877,0,0,0,-877,-1564,687
235504927,-877,-1994,2500,-877,0,0,0,-877,-1547,670
235524919,-781,-1994,2500,-781,0,0,0,-781,-1527,746
235544911,-781,-1995,2500,-781,0,0,0,-781,-1505,724
235564903,-781,-1995,2500,-781,0,0,0,-781,-1481,700
235584895,-781,-1995,2500,-781,0,0,0,-781,-1454,673
235604887,-781,-1995,2500,-781,0,0,0,-781,-1425,644
235624879,-732,-1995,2500,-732,0,0,0,-732,-1395,663
235644871,-732,-1995,2500,-732,0,0,0,-732,-1363,631
235664863,-732,-1995,2500,-732,0,0,0,-732,-1330,598
235684855,-732,-1995,2500,-732,0,0,0,-732,-1296,564
235704847,-732,-1995,2500,-732,0,0,0,-732,-1262,530
235724839,-726,-1995,2500,-726,0,0,0,-726,-1228,502
235744831,-726,-1995,2500,-726,0,0,0,-726,-1193,467
235764823,-726,-1995,2500,-726,0,0,0,-726,-1159,433
235784815,-726,-1995,2500,-726,0,0,0,-726,-1125,399
235804807,-726,-1995,2500,-726,0,0,0,-726,-1092,366
235824799,-750,-1995,2500,-750,0,0,0,-750,-1061,311
235844791,-750,-1995,2500,-750,0,0,0,-750,-1030,280
235864783,-750,-1995,2500,-750,0,0,0,-750,-1002,252
235884775,-750,-1995,2500,-750,0,0,0,-750,-974,224
235904767,-750,-1995,2500,-750,0,0,0,-750,-949,199
235924759,-785,-1995,2500,-785,0,0,0,-785,-926,141
235944751,-785,-1995,2500,-785,0,0,0,-785,-905,120
235964743,-785,-1995,2500,-785,0,0,0,-785,-887,102
235984735,-785,-1995,2500,-785,0,0,0,-785,-870,85
236004727,-785,-1995,2500,-785,0,0,0,-785,-857,72
236024719,-815,-1995,2500,-815,0,0,0,-815,-845,30
236044711,-815,-1995,2500,-815,0,0,0,-815,-837,22
236064703,-815,-1995,2500,-815,0,0,0,-815,-830,15
236084695,-815,-1995,2500,-815,0,0,0,-815,-826,11
236104687,-815,-1995,2500,-815,0,0,0,-815,-824,9
236124679,-821,-1995,2500,-821,0,0,0,-821,-825,4
236144671,-821,-1995,2500,-821,0,0,0,-821,-828,7
236164663,-821,-1995,2500,-821,0,0,0,-821,-832,11
236184655,-821,-1995,2500,-821,0,0,0,-821,-839,18
236204647,-821,-1995,2500,-821,0,0,0,-821,-847,26
236224639,-796,-1995,2500,-796,0,0,0,-796,-857,61
236244631,-796,-1995,2500,-796,0,0,0,-796,-869,73
236264623,-796,-1995,2500,-796,0,0,0,-796,-881,85
236284615,-796,-1995,2500,-796,0,0,0,-796,-895,99
236304607,-796,-1995,2500,-796,0,0,0,-796,-909,113
236324599,-737,-1995,2500,-737,0,0,0,-737,-924,187
236344591,-737,-1995,2500,-737,0,0,0,-737,-939,202
236364583,-737,-1995,2500,-737,0,0,0,-737,-954,217
236384575,-737,-1995,2500,-737,0,0,0,-737,-969,232
236404567,-737,-1995,2500,-737,0,0,0,-737,-983,246
236424559,-657,-1995,2500,-657,0,0,0,-657,-998,341
236444551,-657,-1995,2500,-657,0,0,0,-657,-1011,354
236464543,-657,-1995,2500,-657,0,0,0,-657,-1024,367
236484535,-657,-1996,2500,-657,0,0,0,-657,-1035,378
236504527,-657,-1996,2500,-657,0,0,0,-657,-1045,388
236524519,-562,-1996,2500,-562,0,0,0,-562,-1054,492
236544511,-562,-1996,2500,-562,0,0,0,-562,-1062,500
236564503,-562,-1996,2500,-562,0,0,0,-562,-1067,505
236584495,-562,-1996,2500,-562,0,0,0,-562,-1071,509
236604487,-562,-1996,2500,-562,0,0,0,-562,-1073,511
236624479,-468,-1996,2500,-468,0,0,0,-468,-1073,605
236644471,-468,-1996,2500,-468,0,0,0,-468,-1072,604
236664463,-468,-1996,2500,-468,0,0,0,-468,-1068,600
236684455,-468,-1996,2500,-468,0,0,0,-468,-1063,595
236704447,-468,-1996,2500,-468,0,0,0,-468,-1055,587
236724439,-387,-1996,2500,-387,0,0,0,-387,-1046,659
236744431,-387,-1996,2500,-387,0,0,0,-387,-1034,647
236764423,-387,-1996,2500,-387,0,0,0,-387,-1021,634
236784415,-387,-1996,2500,-387,0,0,0,-387,-1006,619
236804407,-387,-1996,2500,-387,0,0,0,-387,-990,603
236824399,-326,-1996,2500,-326,0,0,0,-326,-972,646
236844391,-326,-1996,2500,-326,0,0,0,-326,-952,626
236864383,-326,-1996,2500,-326,0,0,0,-326,-932,606
236884375,-326,-1996,2500,-326,0,0,0,-326,-910,584
236904367,-326,-1996,2500,-326,0,0,0,-326,-888,562
236924359,-289,-1996,2500,-289,0,0,0,-289,-865,576
236944351,-289,-1996,2500,-289,0,0,0,-289,-841,552
236964343,-289,-1996,2500,-289,0,0,0,-289,-816,527
236984335,-289,-1996,2500,-289,0,0,0,-289,-792,503
237004327,-289,-1996,2500,-289,0,0,0,-289,-768,479
237024319,-265,-1996,2500,-265,0,0,0,-265,-743,478
237044311,-265,-1996,2500,-265,0,0,0,-265,-719,454
237065136,-265,-1996,2500,-265,0,0,0,-265,-696,431
237085128,-265,-1996,2500,-265,0,0,0,-265,-673,408
237105120,-265,-1995,2500,-265,0,0,0,-265,-651,386
237125112,-261,-1995,2500,-261,0,0,0,-261,-629,368
237145104,-261,-1995,2500,-261,0,0,0,-261,-608,347
237165096,-261,-1995,2500,-261,0,0,0,-261,-589,328
237185088,-261,-1995,2500,-261,0,0,0,-261,-571,310
237205080,-261,-1995,2500,-261,0,0,0,-261,-555,294
237225072,-265,-1995,2500,-265,0,0,0,-265,-539,274
237245064,-265,-1995,2500,-265,0,0,0,-265,-526,261
237265056,-265,-1995,2500,-265,0,0,0,-265,-513,248
237285048,-265,-1995,2500,-265,0,0,0,-265,-503,238
237305040,-265,-1995,2500,-265,0,0,0,-265,-494,229
237325032,-269,-1995,2500,-269,0,0,0,-269,-486,217
237345024,-269,-1995,2500,-269,0,0,0,-269,-480,211
237365016,-269,-1995,2500,-269,0,0,0,-269,-475,206
237385008,-269,-1995,2500,-269,0,0,0,-269,-472,203
237405000,-269,-1995,2500,-269,0,0,0,-269,-470,201
237424992,-262,-1995,2500,-262,0,0,0,-262,-470,208
237444984,-262,-1995,2500,-262,0,0,0,-262,-471,209
237464976,-262,-1995,2500,-262,0,0,0,-262,-473,211
237484968,-262,-1995,2500,-262,0,0,0,-262,-476,214
237504960,-262,-1995,2500,-262,0,0,0,-262,-481,219
237524952,-239,-1996,2500,-239,0,0,0,-239,-486,247
237544944,-239,-1996,2500,-239,0,0,0,-239,-492,253
237564936,-239,-1996,2500,-239,0,0,0,-239,-499,260
237584928,-239,-1996,2500,-239,0,0,0,-239,-506,267
237604920,-239,-1996,2500,-239,0,0,0,-239,-514,275
237624912,-201,-1996,2500,-201,0,0,0,-201,-522,321
237644904,-201,-1996,2500,-201,0,0,0,-201,-530,329
237664896,-201,-1996,2500,-201,0,0,0,-201,-539,338
237684888,-201,-1996,2500,-201,0,0,0,-201,-547,346
237704880,-201,-1996,2500,-201,0,0,0,-201,-555,354
237724872,-148,-1996,2500,-148,0,0,0,-148,-562,414
237744864,-148,-1996,2500,-148,0,0,0,-148,-569,421
237764856,-148,-1996,2500,-148,0,0,0,-148,-576,428
237784848,-148,-1996,2500,-148,0,0,0,-148,-582,434
237804840,-148,-1996,2500,-148,0,0,0,-148,-587,439
237824832,-89,-1996,2500,-89,0,0,0,-89,-591,502
237844824,-89,-1996,2500,-89,0,0,0,-89,-594,505
237864816,-89,-1996,2500,-89,0,0,0,-89,-596,507
237884808,-89,-1996,2500,-89,0,0,0,-89,-597,508
237904800,-89,-1996,2500,-89,0,0,0,-89,-597,508
237924792,-30,-1996,2500,-30,0,0,0,-30,-596,566
237944784,-30,-1996,2500,-30,0,0,0,-30,-594,564
237964776,-30,-1996,2500,-30,0,0,0,-30,-590,560
237984768,-30,-1996,2500,-30,0,0,0,-30,-585,555
238004760,-30,-1996,2500,-30,0,0,0,-30,-579,549
238024752,19,-1996,2500,19,0,0,0,19,-571,590
238044744,19,-1996,2500,19,0,0,0,19,-563,582
238064736,19,-1996,2500,19,0,0,0,19,-553,572
238084728,19,-1996,2500,19,0,0,0,19,-543,562
238104720,19,-1996,2500,19,0,0,0,19,-531,550
238124712,58,-1996,2500,58,0,0,0,58,-519,577
238144704,58,-1996,2500,58,0,0,0,58,-505,563
238164696,58,-1996,2500,58,0,0,0,58,-491,549
238184688,58,-1996,2500,58,0,0,0,58,-477,535
238204680,58,-1996,2500,58,0,0,0,58,-462,520
238224672,76,-1996,2500,76,0,0,0,76,-446,522
238244664,76,-1996,2500,76,0,0,0,76,-430,506
238264656,76,-1996,2500,76,0,0,0,76,-414,490
238284648,76,-1996,2500,76,0,0,0,76,-398,474
238304640,76,-1996,2500,76,0,0,0,76,-382,458
238324632,78,-1996,2500,78,0,0,0,78,-366,444
238344624,78,-1996,2500,78,0,0,0,78,-350,428
238364616,78,-1996,2500,78,0,0,0,78,-335,413
238384608,78,-1996,2500,78,0,0,0,78,-320,398
238404600,78,-1996,2500,78,0,0,0,78,-306,384
238424592,67,-1996,2500,67,0,0,0,67,-292,359
238444584,67,-1996,2500,67,0,0,0,67,-279,346
238464576,67,-1996,2500,67,0,0,0,67,-267,334
238484568,67,-1996,2500,67,0,0,0,67,-256,323
238504560,67,-1996,2500,67,0,0,0,67,-247,314
238524552,24,-1996,2500,24,0,0,0,24,-238,262
238544544,24,-1996,2500,24,0,0,0,24,-230,254
238564536,24,-1996,2500,24,0,0,0,24,-224,248
238584528,24,-1996,2500,24,0,0,0,24,-218,242
238604520,24,-1996,2500,24,0,0,0,24,-215,239
238624512,-20,-1996,2500,-20,0,0,0,-20,-212,192
238644504,-20,-1996,2500,-20,0,0,0,-20,-211,191
238664496,-20,-1996,2500,-20,0,0,0,-20,-211,191
238684488,-20,-1996,2500,-20,0,0,0,-20,-212,192
238704480,-20,-1996,2500,-20,0,0,0,-20,-215,195
238724472,-55,-1996,2500,-55,0,0,0,-55,-219,164
238744464,-55,-1996,2500,-55,0,0,0,-55,-225,170
238764456,-55,-1996,2500,-55,0,0,0,-55,-232,177
238784448,-55,-1996,2500,-55,0,0,0,-55,-240,185
238804440,-55,-1996,2500,-55,0,0,0,-55,-249,194
238824432,-76,-1996,2500,-76,0,0,0,-76,-259,183
238844424,-76,-1996,2500,-76,0,0,0,-76,-270,194
238864416,-76,-1996,2500,-76,0,0,0,-76,-282,206
238884408,-76,-1996,2500,-76,0,0,0,-76,-295,219
238904400,-76,-1996,2500,-76,0,0,0,-76,-309,233
238924392,-80,-1996,2500,-80,0,0,0,-80,-323,243
238944384,-80,-1996,2500,-80,0,0,0,-80,-338,258
238964376,-80,-1996,2500,-80,0,0,0,-80,-353,273
238984368,-80,-1996,2500,-80,0,0,0,-80,-368,288
239004360,-80,-1996,2500,-80,0,0,0,-80,-383,303
239024352,-64,-1996,2500,-64,0,0,0,-64,-399,335
239044344,-64,-1996,2500,-64,0,0,0,-64,-414,350
239064336,-64,-1996,2500,-64,0,0,0,-64,-428,364
239084328,-64,-1996,2500,-64,0,0,0,-64,-443,379
239104320,-64,-1997,2500,-64,0,0,0,-64,-456,392
239124312,-33,-1997,2500,-33,0,0,0,-33,-469,436
239145137,-33,-1997,2500,-33,0,0,0,-33,-482,449
239165129,-33,-1997,2500,-33,0,0,0,-33,-493,460
239185121,-33,-1997,2500,-33,0,0,0,-33,-503,470
239205113,-33,-1997,2500,-33,0,0,0,-33,-513,480
239225105,8,-1997,2500,8,0,0,0,8,-520,528
239245097,8,-1997,2500,8,0,0,0,8,-527,535
239265089,8,-1997,2500,8,0,0,0,8,-532,540
239285081,8,-1997,2500,8,0,0,0,8,-536,544
239305073,8,-1997,2500,8,0,0,0,8,-539,547
239325065,52,-1997,2500,52,0,0,0,52,-540,592
239345057,52,-1997,2500,52,0,0,0,52,-540,592
239365049,52,-1997,2500,52,0,0,0,52,-538,590
239385041,52,-1997,2500,52,0,0,0,52,-535,587
239405033,52,-1997,2500,52,0,0,0,52,-530,582
239425025,87,-1997,2500,87,0,0,0,87,-524,611
239445017,87,-1997,2500,87,0,0,0,87,-517,604
239465009,87,-1997,2500,87,0,0,0,87,-508,595
239485001,87,-1997,2500,87,0,0,0,87,-499,586
239504993,87,-1997,2500,87,0,0,0,87,-488,575
239524985,108,-1997,2500,108,0,0,0,108,-476,584
239544977,108,-1997,2500,108,0,0,0,108,-463,571
239564969,108,-1997,2500,108,0,0,0,108,-449,557
239584961,108,-1997,2500,108,0,0,0,108,-434,542
239604953,108,-1997,2500,108,0,0,0,108,-419,527
239624945,113,-1997,2500,113,0,0,0,113,-404,517
239644937,113,-1997,2500,113,0,0,0,113,-388,501
239664929,113,-1997,2500,113,0,0,0,113,-372,485
239684921,113,-1997,2500,113,0,0,0,113,-356,469
239704913,113,-1997,2500,113,0,0,0,113,-339,452
239724905,100,-1997,2500,100,0,0,0,100,-324,424
239744897,100,-1997,2500,100,0,0,0,100,-308,408
239764889,100,-1997,2500,100,0,0,0,100,-293,393
239784881,100,-1997,2500,100,0,0,0,100,-278,378
239804873,100,-1997,2500,100,0,0,0,100,-264,364
239824865,72,-1997,2500,72,0,0,0,72,-251,323
239844857,72,-1997,2500,72,0,0,0,72,-239,311
239864849,72,-1997,2500,72,0,0,0,72,-228,300
239884841,72,-1997,2500,72,0,0,0,72,-219,291
239904833,72,-1997,2500,72,0,0,0,72,-210,282
239924825,38,-1997,2500,38,0,0,0,38,-203,241
239944817,38,-1997,2500,38,0,0,0,38,-197,235
239964809,38,-1997,2500,38,0,0,0,38,-192,230
239984801,38,-1997,2500,38,0,0,0,38,-189,227
240004793,38,-1997,2500,38,0,0,0,38,-187,225
240024785,8,-1997,2500,8,0,0,0,8,-187,195
240044777,8,-1997,2500,8,0,0,0,8,-188,196
240064769,8,-1997,2500,8,0,0,0,8,-191,199
240084761,8,-1997,2500,8,0,0,0,8,-195,203
240104753,8,-1997,2500,8,0,0,0,8,-200,208
240124745,-11,-1997,2500,-11,0,0,0,-11,-207,196
240144737,-11,-1997,2500,-11,0,0,0,-11,-215,204
240164729,-11,-1997,2500,-11,0,0,0,-11,-224,213
240184721,-11,-1997,2500,-11,0,0,0,-11,-234,223
240204713,-11,-1997,2500,-11,0,0,0,-11,-246,235
240224705,-11,-1997,2500,-11,0,0,0,-11,-258,247
240244697,-11,-1997,2500,-11,0,0,0,-11,-270,259
240264689,-11,-1997,2500,-11,0,0,0,-11,-284,273
240284681,-11,-1997,2500,-11,0,0,0,-11,-298,287
240304673,-11,-1997,2500,-11,0,0,0,-11,-312,301
240324665,10,-1997,2500,10,0,0,0,10,-326,336
240344657,10,-1997,2500,10,0,0,0,10,-341,351
240364649,10,-1997,2500,10,0,0,0,10,-355,365
240384641,10,-1997,2500,10,0,0,0,10,-370,380
240404633,10,-1997,2500,10,0,0,0,10,-384,394
240424625,50,-1997,2500,50,0,0,0,50,-397,447
240444617,50,-1997,2500,50,0,0,0,50,-410,460
240464609,50,-1997,2500,50,0,0,0,50,-422,472
240484601,50,-1997,2500,50,0,0,0,50,-433,483
240504593,50,-1997,2500,50,0,0,0,50,-443,493
240524585,103,-1997,2500,103,0,0,0,103,-452,555
240544577,103,-1997,2500,103,0,0,0,103,-459,562
240564569,103,-1997,2500,103,0,0,0,103,-466,569
240584561,103,-1997,2500,103,0,0,0,103,-471,574
240604553,103,-1997,2500,103,0,0,0,103,-474,577
240624545,160,-1997,2500,160,0,0,0,160,-475,635
240644537,160,-1997,2500,160,0,0,0,160,-475,635
240664529,160,-1997,2500,160,0,0,0,160,-474,634
240684521,160,-1997,2500,160,0,0,0,160,-470,630
240704513,160,-1997,2500,160,0,0,0,160,-465,625
240724505,215,-1997,2500,215,0,0,0,215,-458,673
240744497,215,-1997,2500,215,0,0,0,215,-450,665
240764489,215,-1997,2500,215,0,0,0,215,-440,655
240784481,215,-1997,2500,215,0,0,0,215,-428,643
240804473,215,-1997,2500,215,0,0,0,215,-415,630
240824465,253,-1997,2500,253,0,0,0,253,-401,654
240844457,253,-1997,2500,253,0,0,0,253,-385,638
240864449,253,-1997,2500,253,0,0,0,253,-368,621
240884441,253,-1997,2500,253,0,0,0,253,-350,603
240904433,253,-1997,2500,253,0,0,0,253,-331,584
240924425,272,-1997,2500,272,0,0,0,272,-311,583
240944417,272,-1997,2500,272,0,0,0,272,-290,562
240964409,272,-1997,2500,272,0,0,0,272,-269,541
240984401,272,-1997,2500,272,0,0,0,272,-248,520
241004393,272,-1997,2500,272,0,0,0,272,-226,498
241024385,267,-1997,2500,267,0,0,0,267,-204,471
241044377,267,-1997,2500,267,0,0,0,267,-183,450
241064369,267,-1997,2500,267,0,0,0,267,-162,429
241084361,267,-1997,2500,267,0,0,0,267,-141,408
241104353,267,-1997,2500,267,0,0,0,267,-121,388
241124345,242,-1997,2500,242,0,0,0,242,-102,344
241144337,242,-1997,2500,242,0,0,0,242,-84,326
241164329,242,-1997,2500,242,0,0,0,242,-66,308
241184321,242,-1997,2500,242,0,0,0,242,-51,293
241204313,242,-1997,2500,242,0,0,0,242,-36,278
241225138,205,-1997,2500,205,0,0,0,205,-23,228
241245130,205,-1997,2500,205,0,0,0,205,-12,217
241265122,205,-1997,2500,205,0,0,0,205,-2,207
241285114,205,-1997,2500,205,0,0,0,205,5,200
241305106,205,-1997,2500,205,0,0,0,205,11,194
241325098,168,-1997,2500,168,0,0,0,168,15,153
241345090,168,-1997,2500,168,0,0,0,168,18,150
241365082,168,-1998,2500,168,0,0,0,168,18,150
241385074,168,-1998,2500,168,0,0,0,168,16,152
241405066,168,-1998,2500,168,0,0,0,168,13,155
241425058,140,-1998,2500,140,0,0,0,140,8,132
241445050,140,-1998,2500,140,0,0,0,140,1,139
241465042,140,-1998,2500,140,0,0,0,140,-7,147
241485034,140,-1998,2500,140,0,0,0,140,-18,158
241505026,140,-1998,2500,140,0,0,0,140,-30,170
241525018,130,-1998,2500,130,0,0,0,130,-43,173
241545010,130,-1998,2500,130,0,0,0,130,-58,188
241565002,130,-1998,2500,130,0,0,0,130,-73,203
241584994,130,-1998,2500,130,0,0,0,130,-90,220
241604986,130,-1998,2500,130,0,0,0,130,-108,238
241624978,146,-1998,2500,146,0,0,0,146,-126,272
241644970,146,-1998,2500,146,0,0,0,146,-145,291
241664962,146,-1998,2500,146,0,0,0,146,-164,310
241684954,146,-1998,2500,146,0,0,0,146,-183,329
241704946,146,-1998,2500,146,0,0,0,146,-202,348
241724938,189,-1998,2500,189,0,0,0,189,-221,410
241744930,189,-1998,2500,189,0,0,0,189,-239,428
241764922,189,-1998,2500,189,0,0,0,189,-257,446
241784914,189,-1998,2500,189,0,0,0,189,-274,463
241804906,189,-1998,2500,189,0,0,0,189,-290,479
241824898,252,-1998,2500,252,0,0,0,252,-305,557
241844890,252,-1998,2500,252,0,0,0,252,-319,571
241864882,252,-1998,2500,252,0,0,0,252,-331,583
241884874,252,-1998,2500,252,0,0,0,252,-341,593
241904866,252,-1998,2500,252,0,0,0,252,-350,602
241924858,328,-1998,2500,328,0,0,0,328,-356,684
241944850,328,-1998,2500,328,0,0,0,328,-361,689
241964842,328,-1998,2500,328,0,0,0,328,-364,692
241984834,328,-1998,2500,328,0,0,0,328,-364,692
242004826,328,-1998,2500,328,0,0,0,328,-362,690
242024818,404,-1998,2500,404,0,0,0,404,-358,762
242044810,404,-1998,2500,404,0,0,0,404,-352,756
242064802,404,-1998,2500,404,0,0,0,404,-343,747
242084794,404,-1998,2500,404,0,0,0,404,-332,736
242104786,404,-1998,2500,404,0,0,0,404,-319,723
242124778,467,-1998,2500,467,0,0,0,467,-305,772
242144770,467,-1998,2500,467,0,0,0,467,-288,755
242164762,467,-1998,2500,467,0,0,0,467,-270,737
242184754,467,-1998,2500,467,0,0,0,467,-250,717
242204746,467,-1998,2500,467,0,0,0,467,-229,696
242224738,507,-1998,2500,507,0,0,0,507,-207,714
242244730,507,-1998,2500,507,0,0,0,507,-183,690
242264722,507,-1998,2500,507,0,0,0,507,-158,665
242284714,507,-1998,2500,507,0,0,0,507,-132,639
242304706,507,-1998,2500,507,0,0,0,507,-106,613
242324698,519,-1998,2500,519,0,0,0,519,-79,598
242344690,519,-1998,2500,519,0,0,0,519,-52,571
242364682,519,-1998,2500,519,0,0,0,519,-24,543
242384674,519,-1998,2500,519,0,0,0,519,3,516
242404666,519,-1998,2500,519,0,0,0,519,30,489
242424658,509,-1998,2500,509,0,0,0,509,57,452
242444650,509,-1998,2500,509,0,0,0,509,83,426
242464642,509,-1998,2500,509,0,0,0,509,109,400
242484634,509,-1998,2500,509,0,0,0,509,133,376
242504626,509,-1998,2500,509,0,0,0,509,157,352
242524618,477,-1998,2500,477,0,0,0,477,179,298
242544610,477,-1998,2500,477,0,0,0,477,199,278
242564602,477,-1998,2500,477,0,0,0,477,218,259
242584594,477,-1998,2500,477,0,0,0,477,235,242
242604586,477,-1998,2500,477,0,0,0,477,250,227
242624578,437,-1998,2500,437,0,0,0,437,263,174
242644570,437,-1998,2500,437,0,0,0,437,274,163
242664562,437,-1998,2500,437,0,0,0,437,283,154
242684554,437,-1998,2500,437,0,0,0,437,289,148
242704546,437,-1998,2500,437,0,0,0,437,293,144
242724538,396,-1998,2500,396,0,0,0,396,295,101
242744530,396,-1998,2500,396,0,0,0,396,294,102
242764522,396,-1999,2500,396,0,0,0,396,291,105
242784514,396,-1999,2500,396,0,0,0,396,286,110
242804506,396,-1999,2500,396,0,0,0,396,278,118
242824498,373,-1999,2500,373,0,0,0,373,268,105
242844490,373,-1999,2500,373,0,0,0,373,257,116
242864482,373,-1999,2500,373,0,0,0,373,243,130
242884474,373,-1999,2500,373,0,0,0,373,227,146
242904466,373,-1999,2500,373,0,0,0,373,210,163
242924458,377,-1999,2500,377,0,0,0,377,191,186
242944450,377,-1999,2500,377,0,0,0,377,171,206
242964442,377,-1999,2500,377,0,0,0,377,150,227
242984434,377,-1999,2500,377,0,0,0,377,127,250
243004426,377,-1999,2500,377,0,0,0,377,104,273
243024418,411,-1999,2500,411,0,0,0,411,81,330
243044410,411,-1999,2500,411,0,0,0,411,57,354
243064402,411,-1999,2500,411,0,0,0,411,33,378
243084394,411,-1999,2500,411,0,0,0,411,9,402
243104386,411,-1999,2500,411,0,0,0,411,-13,424
243124378,475,-1999,2500,475,0,0,0,475,-36,511
243144370,475,-1999,2500,475,0,0,0,475,-58,533
243164362,475,-1999,2500,475,0,0,0,475,-79,554
243184354,475,-1999,2500,475,0,0,0,475,-98,573
243204346,475,-1999,2500,475,0,0,0,475,-117,592
243224338,560,-1999,2500,560,0,0,0,560,-134,694
243244330,560,-1999,2500,560,0,0,0,560,-149,709
243264322,560,-1999,2500,560,0,0,0,560,-163,723
243284314,560,-1999,2500,560,0,0,0,560,-175,735
243305139,560,-1999,2500,560,0,0,0,560,-186,746
243325131,662,-1999,2500,662,0,0,0,662,-195,857
243345123,662,-1999,2500,662,0,0,0,662,-203,865
243365115,662,-1999,2500,662,0,0,0,662,-209,871
243385107,662,-1999,2500,662,0,0,0,662,-214,876
243405099,662,-1999,2500,662,0,0,0,662,-218,880
243425091,764,-1999,2500,764,0,0,0,764,-221,985
243445083,764,-1999,2500,764,0,0,0,764,-222,986
243465075,764,-1999,2500,764,0,0,0,764,-223,987
243485067,764,-1999,2500,764,0,0,0,764,-222,986
243505059,764,-1999,2500,764,0,0,0,764,-221,985
243525051,866,-1999,2500,866,0,0,0,866,-219,1085
243545043,866,-1999,2500,866,0,0,0,866,-216,1082
243565035,866,-1999,2500,866,0,0,0,866,-212,1078
243585027,866,-1999,2500,866,0,0,0,866,-208,1074
243605019,866,-1999,2500,866,0,0,0,866,-204,1070
243625011,957,-1999,2500,957,0,0,0,957,-199,1156
243645003,957,-1999,2500,957,0,0,0,957,-193,1150
243664995,957,-1999,2500,957,0,0,0,957,-187,1144
243684987,957,-1999,2500,957,0,0,0,957,-181,1138
243704979,957,-1999,2500,957,0,0,0,957,-175,1132
243724971,977,-1999,2500,977,0,0,0,977,-168,1145
243744963,977,-1999,2500,977,0,0,0,977,-161,1138
243764955,977,-1999,2500,977,0,0,0,977,-155,1132
243784947,977,-1999,2500,977,0,0,0,977,-148,1125
243804939,977,-1999,2500,977,0,0,0,977,-141,1118
243824931,989,-1999,2500,989,0,0,0,989,-133,1122
243844923,989,-1999,2500,989,0,0,0,989,-126,1115
243864915,989,-1999,2500,989,0,0,0,989,-119,1108
243884907,989,-1999,2500,989,0,0,0,989,-112,1101
243904899,989,-1999,2500,989,0,0,0,989,-105,1094
243924891,999,-1999,2500,999,0,0,0,999,-98,1097
243944883,999,-1999,2500,999,0,0,0,999,-92,1091
243964875,999,-1999,2500,999,0,0,0,999,-85,1084
243984867,999,-1999,2500,999,0,0,0,999,-78,1077
244004859,999,-1999,2500,999,0,0,0,999,-72,1071
244024851,1000,-1999,2500,1000,0,0,0,1000,-65,1065
244044843,1000,-1999,2500,1000,0,0,0,1000,-59,1059
244064835,1000,-1999,2500,1000,0,0,0,1000,-53,1053
244084827,1000,-1999,2500,1000,0,0,0,1000,-47,1047
244104819,1000,-1999,2500,1000,0,0,0,1000,-41,1041
244124811,1000,-1999,2500,1000,0,0,0,1000,-36,1036
244144803,1000,-1999,2500,1000,0,0,0,1000,-30,1030
244164795,1000,-1999,2500,1000,0,0,0,1000,-25,1025
244184787,1000,-1999,2500,1000,0,0,0,1000,-20,1020
244204779,1000,-1999,2500,1000,0,0,0,1000,-15,1015
244224771,1000,-1999,2500,1000,0,0,0,1000,-10,1010
244244763,1000,-1999,2500,1000,0,0,0,1000,-5,1005
244264755,1000,-1999,2500,1000,0,0,0,1000,-1,1001
244284747,1000,-1999,2500,1000,0,0,0,1000,2,998
244304739,1000,-1999,2500,1000,0,0,0,1000,6,994
244324731,1000,-1999,2500,1000,0,0,0,1000,10,990
244344723,1000,-1999,2500,1000,0,0,0,1000,14,986
244364715,1000,-1999,2500,1000,0,0,0,1000,18,982
244384707,1000,-1999,2500,1000,0,0,0,1000,21,979
244404699,1000,-1999,2500,1000,0,0,0,1000,24,976
244424691,1000,-1999,2500,1000,0,0,0,1000,27,973
244444683,1000,-1999,2500,1000,0,0,0,1000,30,970
244464675,1000,-1999,2500,1000,0,0,0,1000,32,968
244484667,1000,-1999,2500,1000,0,0,0,1000,35,965
244504659,1000,-1999,2500,1000,0,0,0,1000,37,963
244524651,995,-1999,2500,995,0,0,0,995,39,956
244544643,995,-1999,2500,995,0,0,0,995,40,955
244564635,995,-1999,2500,995,0,0,0,995,42,953
244584627,995,-1999,2500,995,0,0,0,995,43,952
244604619,995,-1999,2500,995,0,0,0,995,45,950
244624611,993,-1999,2500,993,0,0,0,993,45,948
244644603,993,-1999,2500,993,0,0,0,993,46,947
244664595,993,-1999,2500,993,0,0,0,993,47,946
244684587,993,-1999,2500,993,0,0,0,993,47,946
244704579,993,-1999,2500,993,0,0,0,993,47,946
244724571,995,-1999,2500,995,0,0,0,995,47,948
244744563,995,-1999,2500,995,0,0,0,995,47,948
244764555,995,-1999,2500,995,0,0,0,995,46,949
244784547,995,-1999,2500,995,0,0,0,995,45,950
244804539,995,-1999,2500,995,0,0,0,995,44,951
244824531,1000,-1999,2500,1000,0,0,0,1000,43,957
244844523,1000,-1999,2500,1000,0,0,0,1000,42,958
244864515,1000,-1999,2500,1000,0,0,0,1000,40,960
244884507,1000,-1999,2500,1000,0,0,0,1000,38,962
244904499,1000,-1999,2500,1000,0,0,0,1000,36,964
244924491,1000,-1999,2500,1000,0,0,0,1000,34,966
244944483,1000,-1999,2500,1000,0,0,0,1000,32,968
244964475,1000,-1999,2500,1000,0,0,0,1000,29,971
244984467,1000,-1999,2500,1000,0,0,0,1000,26,974
245004459,1000,-1999,2500,1000,0,0,0,1000,23,977
245024451,1000,-1999,2500,1000,0,0,0,1000,20,980
245044443,1000,-1999,2500,1000,0,0,0,1000,17,983
245064435,1000,-1999,2500,1000,0,0,0,1000,13,987
245084427,1000,-1999,2500,1000,0,0,0,1000,9,991
245104419,1000,-1999,2500,1000,0,0,0,1000,5,995
245124411,1000,-1999,2500,1000,0,0,0,1000,1,999
245144403,1000,-1999,2500,1000,0,0,0,1000,-2,1002
245164395,1000,-1999,2500,1000,0,0,0,1000,-7,1007
245184387,1000,-1999,2500,1000,0,0,0,1000,-11,1011
245204379,1000,-1999,2500,1000,0,0,0,1000,-16,1016
245224371,1000,-1999,2500,1000,0,0,0,1000,-21,1021
245244363,1000,-1999,2500,1000,0,0,0,1000,-27,1027
245264355,1000,-1999,2500,1000,0,0,0,1000,-32,1032
245284347,1000,-1999,2500,1000,0,0,0,1000,-38,1038
245304339,1000,-1999,2500,1000,0,0,0,1000,-33,1033
245324331,1000,-1999,2500,1000,0,0,0,1000,-29,1029
245344323,1000,-1999,2500,1000,0,0,0,1000,-26,1026
245364315,1000,-1999,2500,1000,0,0,0,1000,-23,1023
245385140,1000,-1999,2500,1000,0,0,0,1000,-21,1021
245405132,1000,-1999,2500,1000,0,0,0,1000,-19,1019
245425124,817,-1999,2500,817,0,0,0,817,-17,834
245445116,817,-1999,2500,817,0,0,0,817,-16,833
245465108,817,-1999,2500,817,0,0,0,817,-14,831
245485100,817,-1999,2500,817,0,0,0,817,-13,830
245505092,817,-1999,2500,817,0,0,0,817,-12,829
245525084,708,-1999,2500,708,0,0,0,708,-12,720
245545076,708,-1999,2500,708,0,0,0,708,-11,719
245565068,708,-1999,2500,708,0,0,0,708,-10,718
245585060,708,-1999,2500,708,0,0,0,708,-10,718
245605052,708,-1999,2500,708,0,0,0,708,-9,717
245625044,715,-1999,2500,715,0,0,0,715,-9,724
245645036,715,-1999,2500,715,0,0,0,715,-8,723
245665028,715,-1999,2500,715,0,0,0,715,-8,723
245685020,715,-1999,2500,715,0,0,0,715,-8,723
245705012,715,-1999,2500,715,0,0,0,715,-7,722
245725004,767,-1999,2500,767,0,0,0,767,-7,774
245744996,767,-1999,2500,767,0,0,0,767,-7,774
245764988,767,-1999,2500,767,0,0,0,767,-7,774
245784980,767,-1999,2500,767,0,0,0,767,-6,773
245804972,767,-1999,2500,767,0,0,0,767,-6,773
245824964,815,-1999,2500,815,0,0,0,815,-6,821
245844956,815,-1999,2500,815,0,0,0,815,-6,821
245864948,815,-1999,2500,815,0,0,0,815,-5,820
245884940,815,-1999,2500,815,0,0,0,815,-5,820
245904932,815,-1999,2500,815,0,0,0,815,-5,820
245924924,840,-1999,2500,840,0,0,0,840,-5,845
245944916,840,-1999,2500,840,0,0,0,840,-5,845
245964908,840,-1999,2500,840,0,0,0,840,-4,844
245984900,840,-1999,2500,840,0,0,0,840,-4,844
246004892,840,-1999,2500,840,0,0,0,840,-4,844
246024884,851,-1999,2500,851,0,0,0,851,-4,855
246044876,851,-1999,2500,851,0,0,0,851,-4,855
246064868,851,-1999,2500,851,0,0,0,851,-3,854
246084860,851,-1999,2500,851,0,0,0,851,-3,854
246104852,851,-1999,2500,851,0,0,0,851,-3,854
246124844,855,-1999,2500,855,0,0,0,855,-3,858
246144836,855,-1999,2500,855,0,0,0,855,-3,858
246164828,855,-1999,2500,855,0,0,0,855,-3,858
246184820,855,-1999,2500,855,0,0,0,855,-2,857
246204812,855,-1999,2500,855,0,0,0,855,-2,857
246224804,863,-1999,2500,863,0,0,0,863,-2,865
246244796,863,-1999,2500,863,0,0,0,863,-2,865
246264788,863,-1999,2500,863,0,0,0,863,-2,865
246284780,863,-1999,2500,863,0,0,0,863,-2,865
246304772,863,-1999,2500,863,0,0,0,863,-1,864
246324764,878,-1999,2500,878,0,0,0,878,-1,879
246344756,878,-1999,2500,878,0,0,0,878,-1,879
246364748,878,-1999,2500,878,0,0,0,878,-1,879
246384740,878,-1999,2500,878,0,0,0,878,-1,879
246404732,878,-1999,2500,878,0,0,0,878,-2,880
246424724,897,-1999,2500,897,0,0,0,897,-3,900
246444716,897,-1999,2500,897,0,0,0,897,-3,900
246464708,897,-1999,2500,897,0,0,0,897,-4,901
246484700,897,-1999,2500,897,0,0,0,897,-4,901
246504692,897,-1999,2500,897,0,0,0,897,-4,901
246524684,912,-1999,2500,912,0,0,0,912,-5,917
246544676,912,-1999,2500,912,0,0,0,912,-5,917
246564668,912,-1999,2500,912,0,0,0,912,-5,917
246584660,912,-1999,2500,912,0,0,0,912,-5,917
246604652,912,-1999,2500,912,0,0,0,912,-5,917
246624644,929,-1999,2500,929,0,0,0,929,-5,934
246644636,929,-1999,2500,929,0,0,0,929,-5,934
246664628,929,-1999,2500,929,0,0,0,929,-5,934
246684620,929,-1999,2500,929,0,0,0,929,-5,934
246704612,929,-1999,2500,929,0,0,0,929,-5,934
246724604,953,-1999,2500,953,0,0,0,953,-5,958
246744596,953,-1999,2500,953,0,0,0,953,-5,958
246764588,953,-1999,2500,953,0,0,0,953,-5,958
246784580,953,-1999,2500,953,0,0,0,953,-5,958
246804572,953,-1999,2500,953,0,0,0,953,-4,957
246824564,979,-1999,2500,979,0,0,0,979,-4,983
246844556,979,-1999,2500,979,0,0,0,979,-4,983
246864548,979,-1999,2500,979,0,0,0,979,-4,983
246884540,979,-1999,2500,979,0,0,0,979,-4,983
246904532,979,-1999,2500,979,0,0,0,979,-4,983
246924524,964,-1999,2500,964,0,0,0,964,-4,968
246944516,964,-1999,2500,964,0,0,0,964,-4,968
246964508,964,-1999,2500,964,0,0,0,964,-4,968
246984500,964,-1999,2500,964,0,0,0,964,-4,968
247004492,964,-1999,2500,964,0,0,0,964,-4,968
247024484,980,-1999,2500,980,0,0,0,980,-4,984
247044476,980,-1999,2500,980,0,0,0,980,-4,984
247064468,980,-1999,2500,980,0,0,0,980,-4,984
247084460,980,-1999,2500,980,0,0,0,980,-4,984
247104452,980,-1999,2500,980,0,0,0,980,-4,984
247124444,1000,-1999,2500,1000,0,0,0,1000,-3,1003
247144436,1000,-1999,2500,1000,0,0,0,1000,-3,1003
247164428,1000,-1999,2500,1000,0,0,0,1000,-3,1003
247184420,1000,-1999,2500,1000,0,0,0,1000,-3,1003
247204412,1000,-1999,2500,1000,0,0,0,1000,-3,1003
247224404,979,-1999,2500,979,0,0,0,979,-3,982
247244396,979,-1999,2500,979,0,0,0,979,-3,982
247264388,979,-1999,2500,979,0,0,0,979,-3,982
247284380,979,-1999,2500,979,0,0,0,979,-3,982
247304372,979,-1999,2500,979,0,0,0,979,-3,982
247324364,958,-1999,2500,958,0,0,0,958,-3,961
247344356,958,-1999,2500,958,0,0,0,958,-3,961
247364348,958,-1999,2500,958,0,0,0,958,-3,961
247384340,958,-1999,2500,958,0,0,0,958,-3,961
247404332,958,-1999,2500,958,0,0,0,958,-3,961
247424324,1000,-1999,2500,1000,0,0,0,1000,-3,1003
247444316,1000,-1999,2500,1000,0,0,0,1000,-3,1003
247465141,1000,-1999,2500,1000,0,0,0,1000,-3,1003
247485133,1000,-1999,2500,1000,0,0,0,1000,-3,1003
247505125,1000,-1999,2500,1000,0,0,0,1000,-3,1003
247525117,1000,-1999,2500,1000,0,0,0,1000,-3,1003
247545109,1000,-1999,2500,1000,0,0,0,1000,-3,1003
247565101,1000,-1999,2500,1000,0,0,0,1000,-2,1002
247585093,1000,-1999,2500,1000,0,0,0,1000,-2,1002
247605085,1000,-1999,2500,1000,0,0,0,1000,-2,1002
247625077,1000,-1999,2500,1000,0,0,0,1000,-2,1002
247645069,1000,-1999,2500,1000,0,0,0,1000,-2,1002
247665061,1000,-1999,2500,1000,0,0,0,1000,-2,1002
247685053,1000,-1999,2500,1000,0,0,0,1000,-2,1002
247705045,1000,-1999,2500,1000,0,0,0,1000,-2,1002
247725037,970,-1999,2500,970,0,0,0,970,-2,972
247745029,970,-1999,2500,970,0,0,0,970,-2,972
247765021,970,-1999,2500,970,0,0,0,970,-2,972
247785013,970,-1999,2500,970,0,0,0,970,-2,972
247805005,970,-1999,2500,970,0,0,0,970,-2,972
247824997,934,-1999,2500,934,0,0,0,934,-2,936
247844989,934,-1999,2500,934,0,0,0,934,-2,936
247864981,934,-1999,2500,934,0,0,0,934,-2,936
247884973,934,-1999,2500,934,0,0,0,934,-2,936
247904965,934,-1999,2500,934,0,0,0,934,-2,936
247924957,898,-1999,2500,898,0,0,0,898,-2,900
247944949,898,-1999,2500,898,0,0,0,898,-3,901
247964941,898,-1999,2500,898,0,0,0,898,-3,901
247984933,898,-1999,2500,898,0,0,0,898,-3,901
248004925,898,-1999,2500,898,0,0,0,898,-3,901
248024917,863,-1999,2500,863,0,0,0,863,-3,866
248044909,863,-1999,2500,863,0,0,0,863,-3,866
248064901,863,-1999,2500,863,0,0,0,863,-3,866
248084893,863,-1999,2500,863,0,0,0,863,-3,866
248104885,863,-1999,2500,863,0,0,0,863,-3,866
248124877,827,-1999,2500,827,0,0,0,827,-3,830
248144869,827,-1999,2500,827,0,0,0,827,-3,830
248164861,827,-1999,2500,827,0,0,0,827,-3,830
248184853,827,-1999,2500,827,0,0,0,827,-3,830
248204845,827,-1999,2500,827,0,0,0,827,-3,830
248224837,787,-1999,2500,787,0,0,0,787,-3,790
248244829,787,-1999,2500,787,0,0,0,787,-3,790
248264821,787,-1999,2500,787,0,0,0,787,-3,790
248284813,787,-1999,2500,787,0,0,0,787,-3,790
248304805,787,-1999,2500,787,0,0,0,787,-3,790
248324797,743,-1999,2500,743,0,0,0,743,-3,746
248344789,743,-1999,2500,743,0,0,0,743,-3,746
248364781,743,-1999,2500,743,0,0,0,743,-3,746
248384773,743,-1999,2500,743,0,0,0,743,-3,746
248404765,743,-1999,2500,743,0,0,0,743,-3,746
248424757,698,-1999,2500,698,0,0,0,698,-3,701
248444749,698,-1999,2500,698,0,0,0,698,-3,701
248464741,698,-1999,2500,698,0,0,0,698,-3,701
248484733,698,-1999,2500,698,0,0,0,698,-3,701
248504725,698,-1999,2500,698,0,0,0,698,-3,701
248524717,652,-1999,2500,652,0,0,0,652,-3,655
248544709,652,-1999,2500,652,0,0,0,652,-3,655
248564701,652,-1999,2500,652,0,0,0,652,-3,655
248584693,652,-1999,2500,652,0,0,0,652,-3,655
248604685,652,-1999,2500,652,0,0,0,652,-3,655
248624677,605,-1999,2500,605,0,0,0,605,-3,608
248644669,605,-1999,2500,605,0,0,0,605,-3,608
248664661,605,-1999,2500,605,0,0,0,605,-3,608
248684653,605,-1999,2500,605,0,0,0,605,-3,608
248704645,605,-1999,2500,605,0,0,0,605,-3,608
248724637,559,-1999,2500,559,0,0,0,559,-3,562
248744629,559,-1999,2500,559,0,0,0,559,-3,562
248764621,559,-1999,2500,559,0,0,0,559,-3,562
248784613,559,-1999,2500,559,0,0,0,559,-3,562
248804605,559,-1999,2500,559,0,0,0,559,-3,562
248824597,512,-1999,2500,512,0,0,0,512,-3,515
248844589,512,-1999,2500,512,0,0,0,512,-3,515
248864581,512,-1999,2500,512,0,0,0,512,-3,515
248884573,512,-1999,2500,512,0,0,0,512,-3,515
248904565,512,-1999,2500,512,0,0,0,512,-3,515
248924557,465,-1999,2500,465,0,0,0,465,-3,468
248944549,465,-1999,2500,465,0,0,0,465,-3,468
248964541,465,-1999,2500,465,0,0,0,465,-3,468
248984533,465,-1999,2500,465,0,0,0,465,-3,468
249004525,465,-1999,2500,465,0,0,0,465,-3,468
249024517,416,-1999,2500,416,0,0,0,416,-3,419
249044509,416,-1999,2500,416,0,0,0,416,-3,419
249064501,416,-1999,2500,416,0,0,0,416,-3,419
249084493,416,-1999,2500,416,0,0,0,416,-3,419
249104485,416,-1999,2500,416,0,0,0,416,-3,419
249124477,371,-1999,2500,371,0,0,0,371,-3,374
249144469,371,-1999,2500,371,0,0,0,371,-3,374
249164461,371,-1999,2500,371,0,0,0,371,-3,374
249184453,371,-1999,2500,371,0,0,0,371,-3,374
249204445,371,-1999,2500,371,0,0,0,371,-3,374
249224437,327,-1999,2500,327,0,0,0,327,-3,330
249244429,327,-1999,2500,327,0,0,0,327,-3,330
249264421,327,-1999,2500,327,0,0,0,327,-3,330
249284413,327,-1999,2500,327,0,0,0,327,-3,330
249304405,327,-1999,2500,327,0,0,0,327,-3,330
249324397,282,-1999,2500,282,0,0,0,282,-3,285
249344389,282,-1999,2500,282,0,0,0,282,-3,285
249364381,282,-1999,2500,282,0,0,0,282,-3,285
249384373,282,-1999,2500,282,0,0,0,282,-3,285
249404365,282,-1999,2500,282,0,0,0,282,-3,285
249424357,233,-1999,2500,233,0,0,0,233,-3,236
249444349,233,-1999,2500,233,0,0,0,233,-3,236
249464341,233,-1999,2500,233,0,0,0,233,-3,236
249484333,233,-1999,2500,233,0,0,0,233,-3,236
249504325,233,-1999,2500,233,0,0,0,233,-3,236
249524317,181,-1999,2500,181,0,0,0,181,-3,184
249545142,181,-1999,2500,181,0,0,0,181,-3,184
249565134,181,-1999,2500,181,0,0,0,181,-3,184
249585126,181,-1999,2500,181,0,0,0,181,-3,184
249605118,181,-1999,2500,181,0,0,0,181,-3,184
249625110,129,-1999,2500,129,0,0,0,129,-3,132
249645102,129,-1999,2500,129,0,0,0,129,-3,132
249665094,129,-1999,2500,129,0,0,0,129,-3,132
249685086,129,-1999,2500,129,0,0,0,129,-3,132
249705078,129,-1999,2500,129,0,0,0,129,-3,132
249725070,83,-1999,2500,83,0,0,0,83,-3,86
249745062,83,-1999,2500,83,0,0,0,83,-3,86
249765054,83,-1999,2500,83,0,0,0,83,-3,86
249785046,83,-1999,2500,83,0,0,0,83,-3,86
249805038,83,-1999,2500,83,0,0,0,83,-3,86
249825030,83,-1999,2500,83,0,0,0,83,-3,86
249845022,83,-1999,2500,83,0,0,0,83,-3,86
249865014,83,-1999,2500,83,0,0,0,83,-3,86
249885006,83,-1999,2500,83,0,0,0,83,-3,86
249904998,83,-1999,2500,83,0,0,0,83,-3,86
249924990,83,-1999,2500,83,0,0,0,83,-3,86
249944982,83,-1999,2500,83,0,0,0,83,-3,86
249964974,83,-1999,2500,83,0,0,0,83,-3,86
249984966,83,-1999,2500,83,0,0,0,83,-4,87
250004958,83,-1999,2500,83,0,0,0,83,-4,87
250024950,83,-1999,2500,83,0,0,0,83,-4,87
250044942,83,-1999,2500,83,0,0,0,83,-4,87
250064934,83,-1999,2500,83,0,0,0,83,-4,87
250084926,83,-1999,2500,83,0,0,0,83,-4,87
250104918,83,-1999,2500,83,0,0,0,83,-4,87
250124910,83,-1999,2500,83,0,0,0,83,-4,87
250144902,83,-1999,2500,83,0,0,0,83,-4,87
250164894,83,-1999,2500,83,0,0,0,83,-4,87
250184886,83,-1999,2500,83,0,0,0,83,-4,87
250204878,83,-1999,2500,83,0,0,0,83,-4,87
250224870,83,-1999,2500,83,0,0,0,83,-4,87
250244862,83,-1999,2500,83,0,0,0,83,-4,87
250264854,83,-1999,2500,83,0,0,0,83,-4,87
250284846,83,-1999,2500,83,0,0,0,83,-4,87
250304838,83,-1999,2500,83,0,0,0,83,-4,87
250324830,81,-1999,2500,81,0,0,0,81,-4,85
250344822,81,-1999,2500,81,0,0,0,81,-4,85
250364814,81,-1999,2500,81,0,0,0,81,-4,85
250384806,81,-1999,2500,81,0,0,0,81,-4,85
250404798,81,-1999,2500,81,0,0,0,81,-4,85
250424790,83,-1999,2500,83,0,0,0,83,-4,87
250444782,83,-1999,2500,83,0,0,0,83,-4,87
250464774,83,-1999,2500,83,0,0,0,83,-4,87
250484766,83,-1999,2500,83,0,0,0,83,-4,87
250504758,83,-1999,2500,83,0,0,0,83,-4,87
250524750,83,-1999,2500,83,0,0,0,83,-4,87
250544742,83,-1999,2500,83,0,0,0,83,-4,87
250564734,83,-1999,2500,83,0,0,0,83,-4,87
250584726,83,-1999,2500,83,0,0,0,83,-4,87
250604718,83,-1999,2500,83,0,0,0,83,-4,87
250624710,83,-1999,2500,83,0,0,0,83,-4,87
250644702,83,-1999,2500,83,0,0,0,83,-4,87
250664694,83,-1999,2500,83,0,0,0,83,-4,87
250684686,83,-1999,2500,83,0,0,0,83,-4,87
250704678,83,-1999,2500,83,0,0,0,83,-4,87
250724670,83,-1999,2500,83,0,0,0,83,-4,87
250744662,83,-1999,2500,83,0,0,0,83,-4,87
250764654,83,-1999,2500,83,0,0,0,83,-4,87
250784646,83,-1999,2500,83,0,0,0,83,-4,87
250804638,83,-1999,2500,83,0,0,0,83,-4,87
250824630,83,-1999,2500,83,0,0,0,83,-4,87
250844622,83,-1999,2500,83,0,0,0,83,-4,87
250864614,83,-1999,2500,83,0,0,0,83,-4,87
250884606,83,-1999,2500,83,0,0,0,83,-4,87
250904598,83,-1999,2500,83,0,0,0,83,-4,87
250924590,83,-1999,2500,83,0,0,0,83,-4,87
250944582,83,-1999,2500,83,0,0,0,83,-4,87
250964574,83,-1999,2500,83,0,0,0,83,-4,87
250984566,83,-1999,2500,83,0,0,0,83,-4,87
251004558,83,-1999,2500,83,0,0,0,83,-4,87
251024550,83,-1999,2500,83,0,0,0,83,-4,87
251044542,83,-1999,2500,83,0,0,0,83,-4,87
251064534,83,-1999,2500,83,0,0,0,83,-4,87
251084526,83,-1999,2500,83,0,0,0,83,-4,87
251104518,83,-1999,2500,83,0,0,0,83,-4,87
251124510,83,-1999,2500,83,0,0,0,83,-4,87
251144502,83,-1999,2500,83,0,0,0,83,-4,87
251164494,83,-1999,2500,83,0,0,0,83,-4,87
251184486,83,-1999,2500,83,0,0,0,83,-4,87
251204478,83,-1999,2500,83,0,0,0,83,-4,87
251224470,83,-1999,2500,83,0,0,0,83,-4,87
251244462,83,-1999,2500,83,0,0,0,83,-4,87
251264454,83,-1999,2500,83,0,0,0,83,-4,87
251284446,83,-1999,2500,83,0,0,0,83,-4,87
251304438,83,-1999,2500,83,0,0,0,83,-4,87
251324430,83,-1999,2500,83,0,0,0,83,-4,87
251344422,83,-1999,2500,83,0,0,0,83,-5,88
251364414,83,-1999,2500,83,0,0,0,83,-5,88
251384406,83,-1999,2500,83,0,0,0,83,-5,88
251404398,83,-1999,2500,83,0,0,0,83,-5,88
251424390,83,-1999,2500,83,0,0,0,83,-5,88
251444382,83,-1999,2500,83,0,0,0,83,-5,88
251464374,83,-1999,2500,83,0,0,0,83,-5,88
251484366,83,-1999,2500,83,0,0,0,83,-5,88
251504358,83,-1999,2500,83,0,0,0,83,-5,88
251524350,83,-1999,2500,83,0,0,0,83,-5,88
251544342,83,-1999,2500,83,0,0,0,83,-5,88
251564334,83,-1999,2500,83,0,0,0,83,-5,88
251584326,83,-1999,2500,83,0,0,0,83,-5,88
251604318,83,-1999,2500,83,0,0,0,83,-5,88
251624310,83,-1999,2500,83,0,0,0,83,-5,88
251645135,83,-1999,2500,83,0,0,0,83,-5,88
251665127,83,-1999,2500,83,0,0,0,83,-5,88
251685119,83,-1999,2500,83,0,0,0,83,-5,88
251705111,83,-1999,2500,83,0,0,0,83,-5,88
251725103,83,-1999,2500,83,0,0,0,83,-5,88
251745095,83,-1999,2500,83,0,0,0,83,-5,88
251765087,83,-1999,2500,83,0,0,0,83,-5,88
251785079,83,-1999,2500,83,0,0,0,83,-5,88
251805071,83,-1999,2500,83,0,0,0,83,-5,88
251825063,83,-1999,2500,83,0,0,0,83,-5,88
251845055,83,-1999,2500,83,0,0,0,83,-5,88
251865047,83,-1999,2500,83,0,0,0,83,-5,88
251885039,83,-1999,2500,83,0,0,0,83,-5,88
251905031,83,-1999,2500,83,0,0,0,83,-5,88
251925023,84,-1999,2500,84,0,0,0,84,-5,89
251945015,84,-1999,2500,84,0,0,0,84,-5,89
251965007,84,-1999,2500,84,0,0,0,84,-5,89
251984999,84,-1999,2500,84,0,0,0,84,-5,89
252004991,84,-1999,2500,84,0,0,0,84,-5,89
252024983,84,-1999,2500,84,0,0,0,84,-5,89
252044975,84,-1999,2500,84,0,0,0,84,-5,89
252064967,84,-1999,2500,84,0,0,0,84,-5,89
252084959,84,-1999,2500,84,0,0,0,84,-5,89
252104951,84,-1999,2500,84,0,0,0,84,-5,89
252124943,84,-1999,2500,84,0,0,0,84,-5,89
252144935,84,-1999,2500,84,0,0,0,84,-5,89
252164927,84,-1999,2500,84,0,0,0,84,-5,89
252184919,84,-1999,2500,84,0,0,0,84,-5,89
252204911,84,-1999,2500,84,0,0,0,84,-5,89
252224903,85,-1999,2500,85,0,0,0,85,-5,90
252244895,85,-1999,2500,85,0,0,0,85,-5,90
252264887,85,-1999,2500,85,0,0,0,85,-5,90
252284879,85,-1999,2500,85,0,0,0,85,-5,90
252304871,85,-1999,2500,85,0,0,0,85,-5,90
252324863,85,-1999,2500,85,0,0,0,85,-5,90
252344855,85,-1999,2500,85,0,0,0,85,-5,90
252364847,85,-1999,2500,85,0,0,0,85,-5,90
252384839,85,-1999,2500,85,0,0,0,85,-5,90
252404831,85,-1999,2500,85,0,0,0,85,-5,90
252424823,85,-1999,2500,85,0,0,0,85,-5,90
252444815,85,-1999,2500,85,0,0,0,85,-5,90
252464807,85,-1999,2500,85,0,0,0,85,-5,90
252484799,85,-1999,2500,85,0,0,0,85,-5,90
252504791,85,-1999,2500,85,0,0,0,85,-5,90
252524783,85,-1999,2500,85,0,0,0,85,-5,90
252544775,85,-1999,2500,85,0,0,0,85,-5,90
252564767,85,-1999,2500,85,0,0,0,85,-5,90
252584759,85,-1999,2500,85,0,0,0,85,-5,90
252604751,85,-1999,2500,85,0,0,0,85,-5,90
252624743,85,-1999,2500,85,0,0,0,85,-5,90
252644735,85,-1999,2500,85,0,0,0,85,-5,90
252664727,85,-1999,2500,85,0,0,0,85,-5,90
252684719,85,-1999,2500,85,0,0,0,85,-5,90
252704711,85,-1999,2500,85,0,0,0,85,-5,90
252724703,85,-1999,2500,85,0,0,0,85,-5,90
252744695,85,-1999,2500,85,0,0,0,85,-5,90
252764687,85,-1999,2500,85,0,0,0,85,-5,90
252784679,85,-1999,2500,85,0,0,0,85,-5,90
252804671,85,-1999,2500,85,0,0,0,85,-5,90
252824663,85,-1999,2500,85,0,0,0,85,-5,90
252844655,85,-1999,2500,85,0,0,0,85,-5,90
252864647,85,-1999,2500,85,0,0,0,85,-5,90
252884639,85,-1999,2500,85,0,0,0,85,-5,90
252904631,85,-1999,2500,85,0,0,0,85,-5,90
252924623,86,-1999,2500,86,0,0,0,86,-5,91
252944615,86,-1999,2500,86,0,0,0,86,-5,91
252964607,86,-1999,2500,86,0,0,0,86,-5,91
252984599,86,-1999,2500,86,0,0,0,86,-5,91
253004591,86,-1999,2500,86,0,0,0,86,-5,91
253024583,86,-1999,2500,86,0,0,0,86,-5,91
253044575,86,-1999,2500,86,0,0,0,86,-5,91
253064567,86,-1999,2500,86,0,0,0,86,-5,91
253084559,86,-1999,2500,86,0,0,0,86,-5,91
253104551,86,-1999,2500,86,0,0,0,86,-5,91
253124543,86,-1999,2500,86,0,0,0,86,-5,91
253144535,86,-1999,2500,86,0,0,0,86,-5,91
253164527,86,-1999,2500,86,0,0,0,86,-5,91
253184519,86,-1999,2500,86,0,0,0,86,-5,91
253204511,86,-1999,2500,86,0,0,0,86,-5,91
253224503,86,-1999,2500,86,0,0,0,86,-5,91
253244495,86,-1999,2500,86,0,0,0,86,-5,91
253264487,86,-1999,2500,86,0,0,0,86,-5,91
253284479,86,-1999,2500,86,0,0,0,86,-5,91
253304471,86,-1999,2500,86,0,0,0,86,-5,91
253324463,86,-1999,2500,86,0,0,0,86,-5,91
253344455,86,-1999,2500,86,0,0,0,86,-5,91
253364447,86,-1999,2500,86,0,0,0,86,-5,91
253384439,86,-1999,2500,86,0,0,0,86,-5,91
253404431,86,-1999,2500,86,0,0,0,86,-5,91
253424423,86,-1999,2500,86,0,0,0,86,-5,91
253444415,86,-1999,2500,86,0,0,0,86,-5,91
253464407,86,-1999,2500,86,0,0,0,86,-5,91
253484399,86,-1999,2500,86,0,0,0,86,-5,91
253504391,86,-1999,2500,86,0,0,0,86,-5,91
253524383,86,-1999,2500,86,0,0,0,86,-5,91
253544375,86,-1999,2500,86,0,0,0,86,-5,91
253564367,86,-1999,2500,86,0,0,0,86,-5,91
253584359,86,-1999,2500,86,0,0,0,86,-5,91
253604351,86,-1999,2500,86,0,0,0,86,-5,91
253624343,86,-1999,2500,86,0,0,0,86,-5,91
253644335,86,-1999,2500,86,0,0,0,86,-5,91
253664327,86,-1999,2500,86,0,0,0,86,-5,91
253684319,86,-1999,2500,86,0,0,0,86,-5,91
253704311,86,-1999,2500,86,0,0,0,86,-5,91
253725136,88,-1999,2500,88,0,0,0,88,-5,93
253745128,88,-1999,2500,88,0,0,0,88,-5,93
253765120,88,-1999,2500,88,0,0,0,88,-5,93
253785112,88,-1999,2500,88,0,0,0,88,-5,93
253805104,88,-1999,2500,88,0,0,0,88,-5,93
253825096,88,-1999,2500,88,0,0,0,88,-5,93
253845088,88,-1999,2500,88,0,0,0,88,-5,93
253865080,88,-1999,2500,88,0,0,0,88,-5,93
253885072,88,-1999,2500,88,0,0,0,88,-5,93
253905064,88,-1999,2500,88,0,0,0,88,-5,93
253925056,88,-1999,2500,88,0,0,0,88,-5,93
253945048,88,-1999,2500,88,0,0,0,88,-5,93
253965040,88,-1999,2500,88,0,0,0,88,-5,93
253985032,88,-1999,2500,88,0,0,0,88,-5,93
254005024,88,-1999,2500,88,0,0,0,88,-5,93
254025016,88,-1999,2500,88,0,0,0,88,-5,93
254045008,88,-1999,2500,88,0,0,0,88,-5,93
254065000,88,-1999,2500,88,0,0,0,88,-5,93
254084992,88,-1999,2500,88,0,0,0,88,-5,93
254104984,88,-1999,2500,88,0,0,0,88,-5,93
254124976,88,-1999,2500,88,0,0,0,88,-5,93
254144968,88,-1999,2500,88,0,0,0,88,-5,93
254164960,88,-1999,2500,88,0,0,0,88,-5,93
254184952,88,-1999,2500,88,0,0,0,88,-5,93
254204944,88,-1999,2500,88,0,0,0,88,-5,93
254224936,88,-1999,2500,88,0,0,0,88,-5,93
254244928,88,-1999,2500,88,0,0,0,88,-5,93
254264920,88,-1999,2500,88,0,0,0,88,-5,93
254284912,88,-1999,2500,88,0,0,0,88,-5,93
254304904,88,-1999,2500,88,0,0,0,88,-5,93
254324896,88,-1999,2500,88,0,0,0,88,-5,93
254344888,88,-1999,2500,88,0,0,0,88,-5,93
254364880,88,-1999,2500,88,0,0,0,88,-5,93
254384872,88,-1999,2500,88,0,0,0,88,-5,93
254404864,88,-1999,2500,88,0,0,0,88,-5,93
254424856,88,-1999,2500,88,0,0,0,88,-5,93
254444848,88,-1999,2500,88,0,0,0,88,-5,93
254464840,88,-1999,2500,88,0,0,0,88,-5,93
254484832,88,-1999,2500,88,0,0,0,88,-5,93
254504824,88,-1999,2500,88,0,0,0,88,-5,93
254524816,86,-1999,2500,86,0,0,0,86,-5,91
254544808,86,-1999,2500,86,0,0,0,86,-5,91
254564800,86,-1999,2500,86,0,0,0,86,-5,91
254584792,86,-1999,2500,86,0,0,0,86,-5,91
254604784,86,-1999,2500,86,0,0,0,86,-5,91
254624776,86,-1999,2500,86,0,0,0,86,-5,91
254644768,86,-1999,2500,86,0,0,0,86,-5,91
254664760,86,-1999,2500,86,0,0,0,86,-5,91
254684752,86,-1999,2500,86,0,0,0,86,-5,91
254704744,86,-1999,2500,86,0,0,0,86,-5,91
254724736,86,-1999,2500,86,0,0,0,86,-5,91
254744728,86,-1999,2500,86,0,0,0,86,-5,91
254764720,86,-1999,2500,86,0,0,0,86,-5,91
254784712,86,-1999,2500,86,0,0,0,86,-5,91
254804704,86,-1999,2500,86,0,0,0,86,-5,91
254824696,86,-1999,2500,86,0,0,0,86,-5,91
254844688,86,-1999,2500,86,0,0,0,86,-5,91
254864680,86,-1999,2500,86,0,0,0,86,-5,91
254884672,86,-1999,2500,86,0,0,0,86,-5,91
254904664,86,-1999,2500,86,0,0,0,86,-5,91
254924656,86,-1999,2500,86,0,0,0,86,-5,91
254944648,86,-1999,2500,86,0,0,0,86,-5,91
254964640,86,-1999,2500,86,0,0,0,86,-5,91
254984632,86,-1999,2500,86,0,0,0,86,-5,91
255004624,86,-1999,2500,86,0,0,0,86,-5,91
255024616,86,-1999,2500,86,0,0,0,86,-5,91
255044608,86,-1999,2500,86,0,0,0,86,-5,91
255064600,86,-1999,2500,86,0,0,0,86,-5,91
255084592,86,-1999,2500,86,0,0,0,86,-5,91
255104584,86,-1999,2500,86,0,0,0,86,-5,91
255124576,86,-1999,2500,86,0,0,0,86,-5,91
255144568,86,-1999,2500,86,0,0,0,86,-5,91
255164560,86,-1999,2500,86,0,0,0,86,-5,91
255184552,86,-1999,2500,86,0,0,0,86,-5,91
255204544,86,-1999,2500,86,0,0,0,86,-5,91
255224536,86,-1999,2500,86,0,0,0,86,-5,91
255244528,86,-1999,2500,86,0,0,0,86,-5,91
255264520,86,-1999,2500,86,0,0,0,86,-5,91
255284512,86,-1999,2500,86,0,0,0,86,-5,91
255304504,86,-1999,2500,86,0,0,0,86,-5,91
255324496,86,-1999,2500,86,0,0,0,86,-5,91
255344488,86,-1999,2500,86,0,0,0,86,-5,91
255364480,86,-1999,2500,86,0,0,0,86,-5,91
255384472,86,-1999,2500,86,0,0,0,86,-5,91
255404464,86,-1999,2500,86,0,0,0,86,-5,91
255424456,86,-1999,2500,86,0,0,0,86,-5,91
255444448,86,-1999,2500,86,0,0,0,86,-5,91
255464440,86,-1999,2500,86,0,0,0,86,-5,91
255484432,86,-1999,2500,86,0,0,0,86,-5,91
255504424,86,-1999,2500,86,0,0,0,86,-5,91
255524416,86,-1999,2500,86,0,0,0,86,-5,91
255544408,86,-1999,2500,86,0,0,0,86,-5,91
255564400,86,-1999,2500,86,0,0,0,86,-5,91
255584392,86,-1999,2500,86,0,0,0,86,-5,91
255604384,86,-1999,2500,86,0,0,0,86,-5,91
255624376,86,-1999,2500,86,0,0,0,86,-5,91
255644368,86,-1999,2500,86,0,0,0,86,-5,91
255664360,86,-1999,2500,86,0,0,0,86,-4,90
255684352,86,-1999,2500,86,0,0,0,86,-4,90
255704344,86,-1999,2500,86,0,0,0,86,-4,90
255724336,86,-1999,2500,86,0,100,0,86,-4,90
255744328,86,-1999,2500,86,0,100,0,86,-4,90
255764320,86,-1999,2500,86,0,100,0,86,-4,90
255784312,86,-1999,2500,86,0,100,0,86,-4,90
255805137,86,-1999,2500,86,0,100,0,86,-4,90
255825129,86,-1999,2500,86,0,100,0,86,-4,90
255845121,86,-1999,2500,86,0,100,0,86,-4,90
255865113,86,-1999,2500,86,0,100,0,86,-4,90
255885105,86,-1999,2500,86,0,100,0,86,-4,90
255905097,86,-1999,2500,86,0,100,0,86,-4,90
255925089,86,-1999,2500,86,0,100,0,86,-4,90
255945081,86,-1999,2500,86,0,100,0,86,-4,90
255965073,86,-1999,2500,86,0,100,0,86,-4,90
255985065,86,-1999,2500,86,0,100,0,86,-4,90
256005057,86,-1999,2500,86,0,100,0,86,-4,90
256025049,86,-1999,2500,86,0,100,0,86,-4,90
256045041,86,-1999,2500,86,0,100,0,86,-4,90
256065033,86,-1999,2500,86,0,100,0,86,-4,90
256085025,86,-1999,2500,86,0,100,0,86,-4,90
256105017,86,-1999,2500,86,0,100,0,86,-4,90
256125009,86,-1999,2500,86,0,100,0,86,-4,90
256145001,86,-1999,2500,86,0,100,0,86,-4,90
256164993,86,-1999,2500,86,0,100,0,86,-4,90
256184985,86,-1999,2500,86,0,100,0,86,-4,90
256204977,86,-1999,2500,86,0,100,0,86,-4,90
256224969,86,-1999,2500,86,0,100,0,86,-4,90
256244961,86,-1999,2500,86,0,100,0,86,-4,90
256264953,86,-1999,2500,86,0,100,0,86,-4,90
256284945,86,-1999,2500,86,0,100,0,86,-4,90
256304937,86,-1999,2500,86,0,100,0,86,-4,90
256324929,86,-1999,2500,86,0,100,0,86,-4,90
256344921,86,-1999,2500,86,0,100,0,86,-4,90
256364913,86,-1999,2500,86,0,100,0,86,-4,90
256384905,86,-1999,2500,86,0,100,0,86,-4,90
256404897,86,-1999,2500,86,0,100,0,86,-4,90
256424889,86,-1999,2500,86,0,100,0,86,-4,90
256444881,86,-1999,2500,86,0,100,0,86,-4,90
256464873,86,-1999,2500,86,0,100,0,86,-4,90
256484865,86,-1999,2500,86,0,100,0,86,-4,90
256504857,86,-1999,2500,86,0,100,0,86,-4,90
256524849,86,-1999,2500,86,0,100,0,86,-4,90
256544841,86,-1999,2500,86,0,100,0,86,-4,90
256564833,86,-1999,2500,86,0,100,0,86,-4,90
256584825,86,-1999,2500,86,0,100,0,86,-4,90
256604817,86,-1999,2500,86,0,100,0,86,-4,90
256624809,86,-1999,2500,86,0,100,0,86,-4,90
256644801,86,-1999,2500,86,0,100,0,86,-4,90
256664793,86,-1999,2500,86,0,100,0,86,-4,90
256684785,86,-1999,2500,86,0,100,0,86,-4,90
256704777,86,-1999,2500,86,0,100,0,86,-4,90
256724769,86,-1999,2500,86,0,100,0,86,-4,90
256744761,86,-1999,2500,86,0,100,0,86,-4,90
256764753,86,-1999,2500,86,0,100,0,86,-4,90
256784745,86,-1999,2500,86,0,100,0,86,-4,90
256804737,86,-1999,2500,86,0,100,0,86,-4,90
256824729,86,-1999,2500,86,0,100,0,86,-4,90
256844721,86,-1999,2500,86,0,100,0,86,-4,90
256864713,86,-1999,2500,86,0,100,0,86,-4,90
256884705,86,-1999,2500,86,0,100,0,86,-4,90
256904697,86,-1999,2500,86,0,100,0,86,-4,90
256924689,86,-1999,2500,86,0,100,0,86,-4,90
256944681,86,-1999,2500,86,0,100,0,86,-4,90
256964673,86,-1999,2500,86,0,100,0,86,-4,90
256984665,86,-1999,2500,86,0,100,0,86,-4,90
257004657,86,-1999,2500,86,0,100,0,86,-4,90
257024649,86,-1999,2500,86,0,100,0,86,-4,90
257044641,86,-1999,2500,86,0,100,0,86,-4,90
257064633,86,-1999,2500,86,0,100,0,86,-4,90
257084625,86,-1999,2500,86,0,100,0,86,-4,90
257104617,86,-1999,2500,86,0,100,0,86,-4,90
257124609,86,-1999,2500,86,0,100,0,86,-4,90
257144601,86,-1999,2500,86,0,100,0,86,-4,90
257164593,86,-1999,2500,86,0,100,0,86,-4,90
257184585,86,-1999,2500,86,0,100,0,86,-4,90
257204577,86,-1999,2500,86,0,100,0,86,-4,90
257224569,86,-1999,2500,86,0,100,0,86,-4,90
257244561,86,-1999,2500,86,0,100,0,86,-4,90
257264553,86,-1999,2500,86,0,100,0,86,-4,90
257284545,86,-1999,2500,86,0,100,0,86,-4,90
257304537,86,-1999,2500,86,0,100,0,86,-3,89
257324529,86,-1999,2500,86,0,100,0,86,-3,89
257344521,86,-1999,2500,86,0,100,0,86,-3,89
257364513,86,-1999,2500,86,0,100,0,86,-3,89
257384505,86,-1999,2500,86,0,100,0,86,-3,89
257404497,86,-1999,2500,86,0,100,0,86,-3,89
257424489,86,-1999,2500,86,0,100,0,86,-3,89
257444481,86,-1999,2500,86,0,100,0,86,-3,89
257464473,86,-1999,2500,86,0,100,0,86,-3,89
257484465,86,-1999,2500,86,0,100,0,86,-3,89
257504457,86,-1999,2500,86,0,100,0,86,-3,89
257524449,86,-1999,2500,86,0,100,0,86,-3,89
257544441,86,-1999,2500,86,0,100,0,86,-3,89
257564433,86,-1999,2500,86,0,100,0,86,-3,89
257584425,86,-1999,2500,86,0,100,0,86,-3,89
257604417,86,-1999,2500,86,0,100,0,86,-3,89
257624409,86,-1999,2500,86,0,100,0,86,-3,89
257644401,86,-1999,2500,86,0,100,0,86,-3,89
257664393,86,-1999,2500,86,0,100,0,86,-3,89
257684385,86,-1999,2500,86,0,100,0,86,-3,89
257704377,86,-1999,2500,86,0,100,0,86,-3,89
257724369,86,-1999,2500,86,0,100,0,86,-3,89
257744361,86,-1999,2500,86,0,100,0,86,-3,89
257764353,86,-1999,2500,86,0,100,0,86,-3,89
257784345,86,-1999,2500,86,0,100,0,86,-3,89
257804337,86,-1999,2500,86,0,100,0,86,-3,89
257824329,86,-1999,2500,86,0,100,0,86,-3,89
257844321,86,-1999,2500,86,0,100,0,86,-3,89
257864313,86,-1999,2500,86,0,100,0,86,-3,89
257885138,86,-1999,2500,86,0,100,0,86,-3,89
257905130,86,-1999,2500,86,0,100,0,86,-3,89
257925122,86,-1999,2500,86,0,100,0,86,-3,89
257945114,86,-1999,2500,86,0,100,0,86,-3,89
257965106,86,-1999,2500,86,0,100,0,86,-3,89
257985098,86,-1999,2500,86,0,100,0,86,-3,89
258005090,86,-1999,2500,86,0,100,0,86,-3,89
258025082,86,-1999,2500,86,0,100,0,86,-3,89
258045074,86,-1999,2500,86,0,100,0,86,-3,89
258065066,86,-1999,2500,86,0,100,0,86,-3,89
258085058,86,-1999,2500,86,0,100,0,86,-3,89
258105050,86,-1999,2500,86,0,100,0,86,-3,89
258125042,86,-1999,2500,86,0,100,0,86,-3,89
258145034,86,-1999,2500,86,0,100,0,86,-3,89
