time_us,out_nrc,out_rlc,out_nav,out_rs,out_ae,out_pt
24064537,0,2500,0,1,-1,8.4670806245412678e-05
24084529,0,2500,0,1,-1,8.39101558085531e-05
24104521,0,2500,0,1,-1,8.2912520156241953e-05
24124513,0,2500,0,1,-1,8.2348844443913549e-05
24144505,0,2500,0,1,-1,8.3430029917508364e-05
24164497,0,2500,0,1,-1,8.3489889220800251e-05
24184489,0,2500,0,1,-1,8.3530903793871403e-05
24204481,0,2500,0,1,-1,8.1781887274701148e-05
24224473,0,2500,0,1,-1,8.3077815361320972e-05
24244465,0,2500,0,1,-1,8.4661354776471853e-05
24264457,0,2500,0,1,-1,8.5576823039446026e-05
24284449,0,2500,0,1,-1,8.4789637185167521e-05
24304441,0,2500,0,1,-1,8.4630308265332133e-05
24324433,0,2500,0,1,-1,8.4588558820541948e-05
24344425,0,2500,0,1,-1,8.541800343664363e-05
24364417,0,2500,0,1,-1,8.5247876995708793e-05
24384409,0,2500,0,1,-1,8.5439336544368416e-05
24404401,0,2500,0,1,-1,8.5747815319336951e-05
24424393,0,2500,0,1,-1,8.7641165009699762e-05
24444385,0,2500,0,1,-1,8.887370495358482e-05
24464377,0,2500,0,1,-1,8.8850865722633898e-05
24484369,0,2500,0,1,-1,8.9347893663216382e-05
24504361,0,2500,0,1,-1,8.9889821538235992e-05
24524353,0,2500,0,1,-1,8.9183689851779491e-05
24544345,0,2500,0,1,-1,8.9680972450878471e-05
24564337,0,2500,0,1,-1,9.0587003796827048e-05
24584329,0,2500,0,1,-1,9.3004746304359287e-05
24604321,0,2500,0,1,-1,9.3657661636825651e-05
24624313,0,2500,0,1,-1,9.3188238679431379e-05
24645138,0,2500,0,1,-1,9.5181821961887181e-05
24665130,0,2500,0,1,-1,9.6667929028626531e-05
24685122,0,2500,0,1,-1,9.7034702775999904e-05
24705114,0,2500,0,1,-1,9.7725853265728801e-05
24725106,0,2500,0,1,-1,9.7483884019311517e-05
24745098,0,2500,0,1,-1,9.8357129900250584e-05
24765090,0,2500,0,1,-1,9.8348704341333359e-05
24785082,0,2500,0,1,-1,9.9402823252603412e-05
24805074,0,2500,0,1,-1,9.9751967354677618e-05
24825066,0,2500,0,1,-1,9.946931095328182e-05
24845058,0,2500,0,1,-1,0.0001001269556581974
24865050,0,2500,0,1,-1,0.00010026695963460952
24885042,0,2500,0,1,-1,9.9707896879408509e-05
24905034,0,2500,0,1,-1,9.8612144938670099e-05
24925026,0,2500,0,1,-1,9.8569202236831188e-05
24945018,0,2500,0,1,-1,0.00010129088332178071
24965010,0,2500,0,1,-1,0.00010278970876242965
24985002,0,2500,0,1,-1,0.0001043565061991103
25004994,0,2500,0,1,-1,0.00010622354602674022
25024986,0,2500,0,1,-1,0.00010612667392706499
25044978,0,2500,0,1,-1,0.00010569605365162715
25064970,0,2500,0,1,-1,0.00010762827150756493
25084962,0,2500,0,1,-1,0.0001078723871614784
25104954,0,2500,0,1,-1,0.00010847636440303177
25124946,0,2500,0,1,-1,0.00010954052413580939
25144938,0,2500,0,1,-1,0.00010796639980981126
25164930,0,2500,0,1,-1,0.00010765610204543918
25184922,0,2500,0,1,-1,0.00010949541319860145
25204914,0,2500,0,1,-1,0.00010850312537513673
25224906,0,2500,0,1,-1,0.00010884656512644142
25244898,0,2500,0,1,-1,0.000110437955299858
25264890,0,2500,0,1,-1,0.00011118490510853007
25284882,0,2500,0,1,-1,0.00011273560085101053
25304874,0,2500,0,1,-1,0.00011294462456135079
25324866,0,2500,0,1,-1,0.00011341577192069963
25344858,0,2500,0,1,-1,0.00011566392640816048
25364850,0,2500,0,1,-1,0.00011741893104044721
25384842,0,2500,0,1,-1,0.00011788893607445061
25404834,0,2500,0,1,-1,0.0001214371804962866
25424826,0,2500,0,1,-1,0.00012255179171916097
25444818,0,2500,0,1,-1,0.00012323498958721757
25464810,0,2500,0,1,-1,0.00012519655865617096
25484802,0,2500,0,1,-1,0.00012497328862082213
25504794,0,2500,0,1,-1,0.00012473850802052766
25524786,0,2500,0,1,-1,0.00012426222383510321
25544778,0,2500,0,1,-1,0.00012566809891723096
25564770,0,2500,0,1,-1,0.00012750527821481228
25584762,0,2500,0,1,-1,0.00012858083937317133
25604754,0,2500,0,1,-1,0.00013017628225497901
25624746,0,2500,0,1,-1,0.00013339330325834453
25644738,0,2500,0,1,-1,0.00013495328312274069
25664730,0,2500,0,1,-1,0.00013609747111331671
25684722,0,2500,0,1,-1,0.00013668691099155694
25704714,0,2500,0,1,-1,0.00013664567086379975
25724706,0,2500,0,1,-1,0.00013689558545593172
25744698,0,2500,0,1,-1,0.00013735302491113544
25764690,0,2500,0,1,-1,0.00013839687744621187
25784682,0,2500,0,2,-2,0.00013814058911520988
25804674,0,2500,0,2,-2,0.0001409040269209072
25824666,0,2500,0,2,-2,0.00014064506103750318
25844658,0,2500,0,2,-2,0.00014181513688527048
25864650,0,2500,0,2,-2,0.00014152491348795593
25884642,0,2500,0,2,-2,0.00014341469795908779
25904634,0,2500,0,2,-2,0.00014467356959357858
25924626,0,2500,0,2,-2,0.00014351597928907722
25944618,0,2500,0,2,-2,0.00014303221541922539
25964610,0,2500,0,2,-2,0.00014446447312366217
25984602,0,2500,0,2,-2,0.00014500776887871325
26004594,0,2500,0,2,-2,0.00014641501184087247
26024586,0,2500,0,2,-2,0.00014678041043225676
26044578,0,2500,0,2,-2,0.00014855102926958352
26064570,0,2500,0,2,-2,0.00014902239490766078
26084562,0,2500,0,2,-2,0.00014902239490766078
26104554,0,2500,0,2,-2,0.00014976602687966079
26124546,0,2500,0,2,-2,0.00015093988622538745
26144538,0,2500,0,2,-2,0.00015074339171405882
26164530,0,2500,0,2,-2,0.00015058596909511834
26184522,0,2500,0,2,-2,0.00015050562797114253
26204514,0,2500,0,2,-2,0.00014942184498067945
26224506,0,2500,0,2,-2,0.00015059285215102136
26244498,0,2500,0,2,-2,0.00015009538037702441
26264490,0,2500,0,2,-2,0.00014983344590291381
26284482,0,2500,0,2,-2,0.00014942773850634694
26304474,0,2500,0,2,-2,0.00015028534107841551
26324466,0,2500,0,2,-2,0.00015052170783746988
26344458,0,2500,0,2,-2,0.00015013277879916131
26364450,0,2500,0,2,-2,0.00015146740770433098
26384442,0,2500,0,2,-2,0.00015278825594577938
26404434,0,2500,0,2,-2,0.00015322893159464002
26424426,0,2500,0,2,-2,0.00015348887245636433
26444418,0,2500,0,2,-2,0.00015488473582081497
26464410,0,2500,0,2,-2,0.00015624864317942411
26484402,0,2500,0,2,-2,0.00015488035569433123
26504394,0,2500,0,2,-2,0.00015457520203199238
26524386,0,2500,0,2,-2,0.00015496085688937455
26544378,0,2500,0,2,-2,0.0001550711749587208
26564370,0,2500,0,2,-2,0.00015600514598190784
26584362,0,2500,0,2,-2,0.00015671193250454962
26604354,0,2500,0,2,-2,0.00015772620099596679
26624346,0,2500,0,2,-2,0.00015991795226000249
26644338,0,2500,0,2,-2,0.00016033570864237845
26664330,0,2500,0,2,-2,0.00016120240616146475
26684322,0,2500,0,2,-2,0.00016000073810573667
26704314,0,2500,0,2,-2,0.00016201325342990458
26725139,0,2500,0,2,-2,0.00016288163897115737
26745131,0,2500,0,2,-2,0.0001642900169827044
26765123,0,2500,0,2,-2,0.0001647250319365412
26785115,0,2500,0,2,-2,0.00016558960487600416
26805107,0,2500,0,2,-2,0.00016638223314657807
26825099,0,2500,0,2,-2,0.00016656231309752911
26845091,0,2500,0,2,-2,0.00016840807802509516
26865083,0,2500,0,2,-2,0.00016835647693369538
26885075,0,2500,0,2,-2,0.00016951242287177593
26905067,0,2500,0,2,-2,0.00017018936341628432
26925059,0,2500,0,2,-2,0.00017078666132874787
26945051,0,2500,0,2,-2,0.00017085524450521916
26965043,0,2500,0,2,-2,0.00017170544015243649
26985035,0,2500,0,2,-2,0.00017217938147950917
27005027,0,2500,0,2,-2,0.00017175835091620684
27025019,0,2500,0,2,-2,0.00017296106670983136
27045011,0,2500,0,2,-2,0.00017503040726296604
27065003,0,2500,0,2,-2,0.00017576159734744579
27084995,0,2500,0,2,-2,0.00017445224511902779
27104987,0,2500,0,2,-2,0.0001753284886945039
27124979,0,2500,0,2,-2,0.00017583841690793633
27144971,0,2500,0,2,-2,0.00017666112398728728
27164963,0,2500,0,2,-2,0.00017829847638495266
27184955,0,2500,0,2,-2,0.00017920802929438651
27204947,0,2500,0,2,-2,0.00017904727428685874
27224939,0,2500,0,2,-2,0.00018069396901410073
27244931,0,2500,0,2,-2,0.00018238088523503393
27264923,0,2500,0,2,-2,0.00018281390657648444
27284915,0,2500,0,2,-2,0.00018457973783370107
27304907,0,2500,0,2,-2,0.00018478123820386827
27324899,0,2500,0,2,-2,0.00018674493185244501
27344891,0,2500,0,2,-2,0.00018944359908346087
27364883,0,2500,0,2,-2,0.00019065410015173256
27384875,0,2500,0,2,-2,0.00019258802058175206
27404867,0,2500,0,2,-2,0.00019351598166394979
27424859,0,2500,0,2,-2,0.00019463682838249952
27444851,0,2500,0,2,-2,0.00019677863747347146
27464843,0,2500,0,2,-2,0.00019605863781180233
27484835,0,2500,0,2,-2,0.00019861270266119391
27504827,0,2500,0,2,-2,0.00019931768474634737
27524819,0,2500,0,2,-2,0.00019992415036540478
27544811,0,2500,0,2,-2,0.00020173356460873038
27564803,0,2500,0,2,-2,0.00020336537272669375
27584795,0,2500,0,2,-2,0.00020525121362879872
27604787,0,2500,0,2,-2,0.00020674198458436877
27624779,0,2500,0,2,-2,0.00020951575424987823
27644771,0,2500,0,2,-2,0.00021038485283497721
27664763,0,2500,0,2,-2,0.00021293811732903123
27684755,0,2500,0,2,-2,0.0002043481363216415
27704747,0,2500,0,2,-2,0.00019560629152692854
27724739,0,2500,0,2,-2,0.00018611829727888107
27744731,0,2500,0,2,-2,0.00017734245921019465
27764723,0,2500,0,2,-2,0.00016948139818850905
27784715,0,2500,0,2,-2,0.00016236779629252851
27804707,0,2500,0,2,-2,0.00015485430776607245
27824699,0,2500,0,2,-2,0.00014662819739896804
27844691,0,2500,0,2,-2,0.00013756050611846149
27864683,0,2500,0,2,-2,0.00012952151882927865
27884675,0,2500,0,2,-2,0.00011686540528899059
27904667,0,2500,0,2,-2,0.0001042926887748763
27924659,0,2500,0,2,-2,9.3428127001971006e-05
27944651,0,2500,0,2,-2,8.3134065789636225e-05
27964643,0,2500,0,2,-2,7.3215531301684678e-05
27984635,0,2500,0,2,-2,6.5093940065708011e-05
28004627,0,2500,0,2,-2,5.6653410865692422e-05
28024619,0,2500,0,2,-2,4.9243124522035941e-05
28044611,0,2500,0,2,-2,4.1623035940574482e-05
28064603,0,2500,0,2,-2,3.580377233447507e-05
28084595,0,2500,0,2,-2,2.8664928322541527e-05
28104587,0,2500,0,2,-2,2.0953853891114704e-05
28124579,0,2500,0,2,-2,1.4693426237499807e-05
28144571,0,2500,0,2,-2,7.0412038439826574e-06
28164563,0,2500,0,2,-2,1.8850483911592164e-06
28184555,0,2500,0,2,-2,-3.1301231047109468e-06
28204547,0,2500,0,2,-2,-7.3956334745162167e-06
28224539,0,2500,0,2,-2,-1.1410406841605436e-05
28244531,0,2500,0,2,-2,-1.4409883988264482e-05
28264523,0,2500,0,2,-2,-1.7930105968844146e-05
28284515,0,2500,0,2,-2,-2.1835658117197454e-05
28304507,0,2500,0,2,-2,-2.4972921892185695e-05
28324499,0,2500,0,2,-2,-2.7046464310842566e-05
28344491,0,2500,0,2,-2,-2.8850785383838229e-05
28364483,0,2500,0,2,-2,-3.0362367397174239e-05
28384475,0,2500,0,2,-2,-3.1730334740132093e-05
28404467,0,2500,0,2,-2,-3.2835294405231252e-05
28424459,0,2500,0,2,-2,-3.3612766856094822e-05
28444451,0,2500,0,2,-2,-3.3422660635551438e-05
28464443,0,2500,0,2,-2,-3.3818054362200201e-05
28484435,0,2500,0,2,-2,-3.3147498470498249e-05
28504427,0,2500,0,2,-2,-3.2264277251670137e-05
28524419,0,2500,0,2,-2,-3.2387026294600219e-05
28544411,0,2500,0,3,-3,-3.1037787266541272e-05
28564403,0,2500,0,3,-3,-2.9892667953390628e-05
28584395,0,2500,0,3,-3,-2.8026701329508796e-05
28604387,0,2500,0,3,-3,-2.6308211090508848e-05
28624379,0,2500,0,3,-3,-2.4274049792438745e-05
28644371,0,2500,0,3,-3,-2.2647858713753521e-05
28664363,0,2500,0,3,-3,-2.1268238924676552e-05
28684355,0,2500,0,3,-3,-1.8650836864253506e-05
28704347,0,2500,0,3,-3,-1.7077303709811531e-05
28724339,0,2500,0,3,-3,-1.4671893040940631e-05
28744331,0,2500,0,3,-3,-1.391583737131441e-05
28764323,0,2500,0,3,-3,-1.0666811249393504e-05
28784315,0,2500,0,3,-3,-8.3116092355339788e-06
28805140,0,2500,0,3,-3,-5.5901973610161804e-06
28825132,0,2500,0,3,-3,-3.4748027246678248e-06
28845124,0,2500,0,3,-3,-1.8741241092357086e-06
28865116,0,2500,0,3,-3,-4.6666636990266852e-06
28885108,0,2500,0,3,-3,-6.6122374846599996e-06
28905100,0,2500,0,3,-3,-7.7789109127479605e-06
28925092,0,2500,0,3,-3,-1.0525139259698335e-05
28945084,0,2500,0,3,-3,-1.229374174727127e-05
28965076,0,2500,0,3,-3,-1.3750831385550555e-05
28985068,0,2500,0,3,-3,-1.5664289094274864e-05
29005060,0,2500,0,3,-3,-1.632555722608231e-05
29025052,0,2500,0,3,-3,-1.7869528164737858e-05
29045044,0,2500,0,3,-3,-1.8865950551116839e-05
29065036,0,2500,0,3,-3,-2.2824438929092139e-05
29085028,0,2500,0,3,-3,-2.6830042770598084e-05
29105020,0,2500,0,3,-3,-3.1205978302750736e-05
29125012,0,2500,0,3,-3,-3.4374759707134217e-05
29145004,0,2500,0,3,-3,-3.6671899579232559e-05
29164996,0,2500,0,3,-3,-3.8658017729176208e-05
29184988,0,2500,0,3,-3,-3.8563641282962635e-05
29204980,0,2500,0,3,-3,-3.6169887607684359e-05
29224972,0,2500,0,3,-3,-3.1872925319476053e-05
29244964,0,2500,0,3,-3,-2.4245831809821539e-05
29264956,0,2500,0,3,-3,-1.842853453126736e-05
29284948,0,2500,0,3,-3,-1.0745705367298797e-05
29304940,0,2500,0,3,-3,-2.8523227229015902e-06
29324932,0,2500,0,3,-3,5.8174327932647429e-06
29344924,0,2500,0,3,-3,1.6212523405556567e-05
29364916,0,2500,0,3,-3,2.6310901375836693e-05
29384908,0,2500,0,3,-3,3.7013549444964156e-05
29404900,0,2500,0,3,-3,4.9717611545929685e-05
29424892,0,2500,0,3,-3,6.3430561567656696e-05
29444884,0,2500,0,3,-3,7.7993048762436956e-05
29464876,0,2500,0,3,-3,9.132997365668416e-05
29484868,0,2500,0,3,-3,0.0001059074784279801
29504860,0,2500,0,3,-3,0.00012040184810757637
29524852,0,2500,0,3,-3,0.00013544839748647064
29544844,0,2500,0,3,-3,0.00015184050425887108
29564836,0,2500,0,3,-3,0.00016832260007504374
29584828,0,2500,0,3,-3,0.00018549629021435976
29604820,0,2500,0,3,-3,0.00020247105567250401
29624812,0,2500,0,3,-3,0.00022074863954912871
29644804,0,2500,0,3,-3,0.00023953373602125794
29664796,0,2500,0,3,-3,0.00025790167273953557
29684788,0,2500,0,3,-3,0.00027828372549265623
29704780,0,2500,0,3,-3,0.00030030694324523211
29724772,0,2500,0,3,-3,0.00032232634839601815
29744764,0,2500,0,3,-3,0.00034443900221958756
29764756,0,2500,0,3,-3,0.00036714810994453728
29784748,0,2500,0,3,-3,0.00039007401210255921
29804740,0,2500,0,4,-4,0.00041547967703081667
29824732,0,2500,0,4,-4,0.00043953830027021468
29844724,0,2500,0,4,-4,0.00046410714276134968
29864716,0,2500,0,4,-4,0.00048755851457826793
29884708,0,2500,0,4,-4,0.00051493063801899552
29904700,0,2500,0,4,-4,0.0005429970333352685
29924692,0,2500,0,4,-4,0.00057239359011873603
29944684,0,2500,0,4,-4,0.0006019792053848505
29964676,0,2500,0,4,-4,0.00063314050203189254
29984668,0,2500,0,4,-4,0.00066329049877822399
30004660,0,2500,0,4,-4,0.00069355522282421589
30024652,0,2500,0,4,-4,0.00072612054646015167
30044644,0,2500,0,4,-4,0.00075517094228416681
30064636,0,2500,0,4,-4,0.00078614364610984921
30084628,0,2500,0,4,-4,0.00081858976045623422
30104620,0,2500,0,4,-4,0.00085316802142187953
30124612,0,2500,0,4,-4,0.00088557746494188905
30144604,0,2500,0,4,-4,0.00092028395738452673
30164596,0,2500,0,4,-4,0.00095654424512758851
30184588,0,2500,0,4,-4,0.00099277880508452654
30204580,0,2500,0,4,-4,0.0010306070325896144
30224572,0,2500,0,4,-4,0.0010675541125237942
30244564,0,2500,0,4,-4,0.0011069232132285833
30264556,0,2500,0,4,-4,0.0011457063956186175
30284548,0,2500,0,4,-4,0.0011874230112880468
30304540,0,2500,0,4,-4,0.001229471992701292
30324532,0,2500,0,4,-4,0.001272867782972753
30344524,0,2500,0,4,-4,0.001317076850682497
30364516,0,2500,0,4,-4,0.0013596196658909321
30384508,0,2500,0,4,-4,0.0014030302409082651
30404500,0,2500,0,4,-4,0.0014478894881904125
30424492,0,2500,0,4,-4,0.0014934961218386889
30444484,0,2500,0,4,-4,0.0015378517564386129
30464476,0,2500,0,4,-4,0.0015835403464734554
30484468,0,2500,0,4,-4,0.0016306304605677724
30504460,0,2500,0,4,-4,0.0016794523689895868
30524452,0,2500,0,4,-4,0.0017289841780439019
30544444,0,2500,0,4,-4,0.0017777234315872192
30564436,0,2500,0,4,-4,0.0018281125230714679
30584428,0,2500,0,4,-4,0.0018776851939037442
30604420,0,2500,0,4,-4,0.0019291361095383763
30624412,0,2500,0,4,-4,0.0019820111338049173
30644404,0,2500,0,4,-4,0.0020358823239803314
30664396,0,2500,0,4,-4,0.0020893237087875605
30684388,0,2500,0,4,-4,0.002143162302672863
30704380,0,2500,0,4,-4,0.0021983110345900059
30724372,0,2500,0,4,-4,0.0022536204196512699
30744364,0,2500,0,4,-4,0.0023105114232748747
30764356,0,2500,0,4,-4,0.0023693190887570381
30784348,0,2500,0,4,-4,0.0024280762299895287
30804340,0,2500,0,4,-4,0.0024886580649763346
30824332,0,2500,0,4,-4,0.0025495307054370642
30844324,0,2500,0,4,-4,0.0026111151091754436
30864316,0,2500,0,4,-4,0.002672374015673995
30885141,0,2500,0,4,-4,0.0027340499218553305
30905133,0,2500,0,4,-4,0.0027982699684798717
30925125,0,2500,0,4,-4,0.0028648246079683304
30945117,0,2500,0,5,-5,0.0029312747064977884
30965109,0,2500,0,5,-5,0.0029989767353981733
30985101,0,2500,0,5,-5,0.0030662696808576584
31005093,0,2500,0,5,-5,0.0031334101222455502
31025085,0,2500,0,5,-5,0.0032011803705245256
31045077,0,2500,0,5,-5,0.0032700127921998501
31065069,0,2500,0,5,-5,0.0033353327307850122
31085061,0,2500,0,5,-5,0.0033987073693424463
31105053,0,2500,0,5,-5,0.0034633437171578407
31125045,0,2500,0,5,-5,0.0035271618980914354
31145037,0,2500,0,5,-5,0.0035919919610023499
31165029,0,2500,0,5,-5,0.0036589133087545633
31185021,0,2500,0,5,-5,0.0037273811176419258
31205013,0,2500,0,5,-5,0.0037966868840157986
31225005,0,2500,0,5,-5,0.00386570836417377
31244997,0,2500,0,5,-5,0.0039371689781546593
31264989,0,2500,0,5,-5,0.0040068486705422401
31284981,0,2500,0,5,-5,0.0040763928554952145
31304973,0,2500,0,5,-5,0.0041495300829410553
31324965,0,2500,0,5,-5,0.004223124124109745
31344957,0,2500,0,5,-5,0.0042993496172130108
31364949,0,2500,0,5,-5,0.0043778312392532825
31384941,0,2500,0,5,-5,0.0044593643397092819
31404933,0,2500,0,5,-5,0.0045434469357132912
31424925,0,2500,0,5,-5,0.0046300697140395641
31444917,0,2500,0,5,-5,0.0047186245210468769
31464909,0,2500,0,5,-5,0.004800987895578146
31484901,0,2500,0,5,-5,0.0048880581744015217
31504893,0,2500,0,5,-5,0.0049757352098822594
31524885,0,6499,0,5,-5,0.0050674360245466232
31544877,0,6499,0,5,-5,0.005159829743206501
31564869,0,6499,0,5,-5,0.0052565429359674454
31584861,0,6499,0,5,-5,0.0053567723371088505
31604853,0,6499,0,5,-5,0.0054609044454991817
31624845,0,6499,0,5,-5,0.0055696503259241581
31644837,0,6499,0,5,-5,0.0056827347725629807
31664829,0,6499,0,5,-5,0.0057918368838727474
31684821,0,6499,0,5,-5,0.0059047196991741657
31704813,0,6499,0,5,-5,0.0060214502736926079
31724805,0,6499,0,5,-5,0.0061419098637998104
31744797,0,6499,0,5,-5,0.0062668211758136749
31764789,0,6499,0,5,-5,0.0063968421891331673
31784781,0,6499,0,5,-5,0.0065317773260176182
31804773,0,6499,0,5,-5,0.0066696042194962502
31824765,0,6499,0,5,-5,0.0068128486163914204
31844757,0,6499,0,5,-5,0.0069600427523255348
31864749,0,6499,0,5,-5,0.0071094552986323833
31884741,0,6499,0,5,-5,0.0072697335854172707
31904733,0,6499,0,5,-5,0.0074342121370136738
31924725,0,6499,0,5,-5,0.0076016210950911045
31944717,0,6499,0,5,-5,0.0077740028500556946
31964709,0,6499,0,5,-5,0.0079499091953039169
31984701,0,6499,0,6,-6,0.0081278132274746895
32004693,0,6499,0,6,-6,0.0083103561773896217
32024685,0,6499,0,6,-6,0.0084988260641694069
32044677,0,6499,0,6,-6,0.0086908889934420586
32064669,0,6499,0,6,-6,0.0088858846575021744
32084661,0,6499,0,6,-6,0.0090929446741938591
32104653,0,6499,0,6,-6,0.0093026841059327126
32124645,0,6499,0,6,-6,0.0095149045810103416
32144637,0,6499,0,6,-6,0.0097306752577424049
32164629,0,6499,0,6,-6,0.009947468526661396
32184621,0,6499,0,6,-6,0.010167880915105343
32204613,0,6499,0,6,-6,0.010394527576863766
32224605,0,6499,0,6,-6,0.01062251441180706
32244597,0,6499,0,6,-6,0.010852680541574955
32264589,0,6499,0,6,-6,0.011085948906838894
32284581,0,6499,0,6,-6,0.011329773813486099
32304573,0,6499,0,6,-6,0.011575149372220039
32324565,0,6499,0,6,-6,0.011823608539998531
32344557,0,6499,0,6,-6,0.012074730359017849
32364549,0,6499,0,6,-6,0.012324677780270576
32384541,0,6499,0,6,-6,0.012575556524097919
32404533,0,6499,0,6,-6,0.012829468585550785
32424525,0,6499,0,6,-6,0.013082514517009258
32444517,0,6499,0,6,-6,0.01334022544324398
32464509,0,6499,0,6,-6,0.013599328696727753
32484501,0,6499,0,6,-6,0.013868764974176884
32504493,0,6499,0,6,-6,0.014139996841549873
32524485,0,6499,0,6,-6,0.014414036646485329
32544477,0,6499,0,6,-6,0.014689475297927856
32564469,0,6499,0,6,-6,0.014967488124966621
32584461,0,6499,0,6,-6,0.015246500261127949
32604453,0,6499,0,6,-6,0.015526633709669113
32624445,0,6499,0,6,-6,0.015807047486305237
32644437,0,6499,0,6,-6,0.017185142263770103
32664429,0,6498,0,6,-6,0.024452820420265198
32684421,0,6495,0,6,-6,0.037859689444303513
32704413,0,6489,0,4,-4,0.056709989905357361
32724405,0,6479,0,3,-3,0.080211587250232697
32744397,0,6462,0,2,-2,0.10732540488243103
32764389,0,6439,0,2,-2,0.13707999885082245
32784381,0,6407,0,3,-3,0.16877955198287964
32804373,0,6368,0,4,-4,0.2016865611076355
32824365,0,6321,0,4,-4,0.23521243035793304
32844357,0,6266,0,3,-3,0.26863330602645874
32864349,0,6206,0,4,-4,0.30144822597503662
32884341,0,6142,0,4,-4,0.33297601342201233
32904333,0,6077,0,2,-2,0.36257228255271912
32924325,0,6011,0,0,0,0.38996431231498718
32944317,0,5948,0,-1,1,0.41478100419044495
32965142,0,5889,0,-4,4,0.4369024932384491
32985134,0,5834,0,-6,6,0.45638826489448547
33005126,0,5786,0,-7,7,0.47295176982879639
33025118,0,5744,0,-7,7,0.48677489161491394
33045110,0,5710,0,-8,8,0.49813517928123474
33065102,0,5683,0,-8,8,0.50650316476821899
33085094,0,5665,0,-8,8,0.51219737529754639
33105086,0,5655,0,-7,7,0.51545637845993042
33125078,0,5652,0,-7,7,0.51645570993423462
33145070,0,5655,0,-7,7,0.51542890071868896
33165062,0,5665,0,-9,9,0.51240277290344238
33185054,0,5680,0,-11,11,0.50745302438735962
33205046,0,5701,0,-13,13,0.50078850984573364
33225038,0,5727,0,-14,14,0.49233990907669067
33245030,0,5757,0,-16,16,0.4825204610824585
33265022,0,5791,0,-16,16,0.47134116291999817
33285014,0,5826,0,-17,17,0.45912507176399231
33305006,0,5863,0,-16,16,0.44630977511405945
33324998,0,5899,0,-15,15,0.43313673138618469
33344990,0,5935,0,-13,13,0.41968190670013428
33364982,0,5970,0,-13,13,0.40641692280769348
33384974,0,6003,0,-13,13,0.39329943060874939
33404966,0,6034,0,-12,12,0.38062849640846252
33424958,0,6064,0,-10,10,0.36830726265907288
33444950,0,6091,0,-8,8,0.35643726587295532
33464942,0,6116,0,-6,6,0.34499675035476685
33484934,0,6140,0,-3,3,0.33405128121376038
33504926,0,6162,0,-1,1,0.32386568188667297
33524918,0,6181,0,0,0,0.31453090906143188
33544910,0,6197,0,0,0,0.30634906888008118
33564902,0,6211,0,1,-1,0.29915726184844971
33584894,0,6223,0,2,-2,0.2928183376789093
33604886,0,6233,0,3,-3,0.28714022040367126
33624878,0,6242,0,4,-4,0.28252294659614563
33644870,0,6248,0,5,-5,0.27904775738716125
33664862,0,6252,0,7,-7,0.27657014131546021
33684854,0,6255,0,9,-9,0.27505949139595032
33704846,0,6256,0,10,-10,0.27466580271720886
33724838,0,6255,0,9,-9,0.27539113163948059
33744830,0,6252,0,6,-6,0.27699503302574158
33764822,0,6247,0,3,-3,0.27937054634094238
33784814,0,6242,0,0,0,0.28242459893226624
33804806,0,6236,0,-3,3,0.28581389784812927
33824798,0,6229,0,-6,6,0.28969690203666687
33844790,0,6220,0,-8,8,0.29416978359222412
33864782,0,6211,0,-10,10,0.29916128516197205
33884774,0,6200,0,-13,13,0.304555743932724
33904766,0,6189,0,-16,16,0.31014537811279297
33924758,0,6179,0,-18,18,0.3154771625995636
33944750,0,6169,0,-19,19,0.32002133131027222
33964742,0,6163,0,-20,20,0.32294383645057678
33984734,0,6162,0,-21,21,0.32379141449928284
34004726,0,6165,0,-21,21,0.32231879234313965
34024718,0,6174,0,-20,20,0.31800767779350281
34044710,0,6188,0,-19,19,0.31080761551856995
34064702,0,6207,0,-18,18,0.30104213953018188
34084694,0,6230,0,-16,16,0.28880351781845093
34104686,0,6257,0,-15,15,0.2738412618637085
34124678,0,6287,0,-14,14,0.25661072134971619
34144670,0,6317,0,-13,13,0.23753848671913147
34164662,0,6347,0,-12,12,0.21696217358112335
34184654,0,6376,0,-11,11,0.1952127069234848
34204646,0,6403,0,-11,11,0.17234331369400024
34224638,0,6428,0,-11,11,0.1488415002822876
34244630,0,6449,0,-12,12,0.12522728741168976
34264622,0,6466,0,-14,14,0.10170000046491623
34284614,0,6480,0,-15,15,0.078401900827884674
34304606,0,6489,0,-17,17,0.055890064686536789
34324598,0,6496,0,-19,19,0.034445937722921371
34344590,0,6499,0,-20,20,0.014032665640115738
34364582,0,6499,0,-20,20,-0.0048100855201482773
34384574,0,6498,0,-19,19,-0.021839775145053864
34404566,0,6495,0,-18,18,-0.037306569516658783
34424558,0,6491,0,-16,16,-0.051128298044204712
34444550,0,6487,0,-14,14,-0.063246063888072968
34464542,0,6482,0,-12,12,-0.073726162314414978
34484534,0,6477,0,-11,11,-0.082643523812294006
34504526,0,6473,0,-11,11,-0.089890383183956146
34524518,0,6470,0,-11,11,-0.095597848296165466
34544510,0,6467,0,-10,10,-0.099579669535160065
34564502,0,6466,0,-8,8,-0.10193471610546112
34584494,0,6465,0,-5,5,-0.10261336714029312
34604486,0,6466,0,-1,1,-0.10170722007751465
34624478,0,6467,0,1,-1,-0.099291510879993439
34644470,0,6470,0,3,-3,-0.09548516571521759
34664462,0,6473,0,3,-3,-0.090444795787334442
34684454,0,6476,0,1,-1,-0.084269911050796509
34704446,0,6480,0,-1,1,-0.07709888368844986
34724438,0,6484,0,-2,2,-0.069451779127120972
34744430,0,6487,0,-3,3,-0.061609208583831787
34764422,0,6490,0,-3,3,-0.053422886878252029
34784414,0,6493,0,-3,3,-0.045014642179012299
34804406,0,6495,0,-4,4,-0.03656720370054245
34824398,0,6497,0,-5,5,-0.028183229267597198
34844390,0,6498,0,-5,5,-0.019859988242387772
34864382,0,6499,0,-4,4,-0.01148209348320961
34884374,0,6499,0,-4,4,-0.0033073595259338617
34904366,0,6499,0,-6,6,0.0046725175343453884
34924358,0,6499,0,-8,8,0.012307958677411079
34944350,0,6498,0,-10,10,0.019590487703680992
34964342,0,6497,0,-13,13,0.026229497045278549
34984334,0,6496,0,-15,15,0.032130934298038483
35004326,0,6495,0,-16,16,0.037245895713567734
35024318,0,6494,0,-17,17,0.041656769812107086
35044310,0,6493,0,-19,19,0.045716430991888046
35065135,0,6492,0,-20,20,0.04919729009270668
35085127,0,6491,0,-22,22,0.052234761416912079
35105119,0,6490,0,-24,24,0.054721098393201828
35125111,0,6489,0,-25,25,0.056571345776319504
35145103,0,6489,0,-24,24,0.057362988591194153
35165095,0,6489,0,-22,22,0.057644043117761612
35185087,0,6489,0,-19,19,0.057788610458374023
35205079,0,6489,0,-18,18,0.057777643203735352
35225071,0,6489,0,-18,18,0.057549703866243362
35245063,0,6489,0,-19,19,0.057655934244394302
35265055,0,6489,0,-20,20,0.05784689262509346
35285047,0,6489,0,-21,21,0.057978361845016479
35305039,0,6489,0,-21,21,0.05799972265958786
35325031,0,6489,0,-22,22,0.057913269847631454
35345023,0,6489,0,-22,22,0.057779718190431595
35365015,0,6489,0,-20,20,0.057772547006607056
35385007,0,6489,0,-18,18,0.057448677718639374
35404999,0,6489,0,-16,16,0.056827187538146973
35424991,0,6489,0,-14,14,0.055904943495988846
35444983,0,6490,0,-12,12,0.054709002375602722
35464975,0,6490,0,-10,10,0.05312182754278183
35484967,0,6491,0,-9,9,0.051130864769220352
35504959,0,6492,0,-7,7,0.048873171210289001
35524951,0,6492,0,-5,5,0.046544332057237625
35544943,0,6493,0,-4,4,0.043864846229553223
35564935,0,6494,0,-3,3,0.040707491338253021
35584927,0,6495,0,-1,1,0.03718363493680954
35604919,0,6496,0,1,-1,0.033271048218011856
35624911,0,6497,0,3,-3,0.028834890574216843
35644903,0,6498,0,4,-4,0.024142023175954819
35664895,0,6498,0,5,-5,0.019225357100367546
35684887,0,6499,0,6,-6,0.014036037959158421
35704879,0,6499,0,7,-7,0.0085609834641218185
35724871,-5,6499,-5,8,-13,0.0030630638357251883
35744863,-5,6499,-5,7,-12,-0.0026731190737336874
35764855,-5,6499,-5,7,-12,-0.0085490141063928604
35784847,-5,6499,-5,7,-12,-0.014607897959649563
35804839,-5,6498,-5,7,-12,-0.020700206980109215
35824831,-2,6497,-2,6,-8,-0.026842407882213593
35844823,-2,6496,-2,6,-8,-0.032959464937448502
35864815,-2,6495,-2,7,-9,-0.038767136633396149
35884807,-2,6493,-2,8,-10,-0.044477071613073349
35904799,-2,6491,-2,8,-10,-0.050089523196220398
35924791,0,6490,0,8,-8,-0.055413175374269485
35944783,0,6488,0,9,-9,-0.060458123683929443
35964775,0,6486,0,9,-9,-0.065094418823719025
35984767,0,6484,0,9,-9,-0.069158576428890228
36004759,0,6482,0,10,-10,-0.072796948254108429
36024751,0,6481,0,11,-11,-0.07602277398109436
36044743,0,6479,0,10,-10,-0.078770048916339874
36064735,0,6478,0,10,-10,-0.08090546727180481
36084727,0,6477,0,9,-9,-0.082375369966030121
36104719,0,6477,0,8,-8,-0.083327494561672211
36124711,-1,6477,-1,6,-7,-0.083861395716667175
36144703,-1,6477,-1,4,-5,-0.084101051092147827
36164695,-1,6477,-1,2,-3,-0.083817921578884125
36184687,-1,6477,-1,0,-1,-0.083125047385692596
36204679,-1,6478,-1,0,-1,-0.081980973482131958
36224671,-1,6479,-1,-2,1,-0.080267749726772308
36244663,-1,6480,-1,-3,2,-0.07831176370382309
36264655,-1,6481,-1,-4,3,-0.076095566153526306
36284647,-1,6482,-1,-5,4,-0.073662556707859039
36304639,-1,6483,-1,-5,4,-0.071144863963127136
36324631,-1,6484,-1,-5,4,-0.068686850368976593
36344623,-1,6485,-1,-6,5,-0.066225618124008179
36364615,-1,6486,-1,-5,4,-0.063601307570934296
36384607,-1,6487,-1,-5,4,-0.061004571616649628
36404599,-1,6488,-1,-4,3,-0.058760669082403183
36424591,-2,6489,-2,-4,2,-0.05684400349855423
36444583,-2,6490,-2,-3,1,-0.055139023810625076
36464575,-2,6490,-2,-2,0,-0.053847029805183411
36484567,-2,6490,-2,-1,-1,-0.052800364792346954
36504559,-2,6491,-2,-1,-1,-0.052110049873590469
36524551,-3,6491,-3,0,-3,-0.051764171570539474
36544543,-3,6491,-3,0,-3,-0.05187152698636055
36564535,-3,6491,-3,1,-4,-0.052319157868623734
36584527,-3,6490,-3,2,-5,-0.053157731890678406
36604519,-3,6490,-3,2,-5,-0.054332934319972992
36624511,-5,6489,-5,3,-8,-0.055765300989151001
36644503,-5,6489,-5,4,-9,-0.057418946176767349
36664495,-5,6488,-5,4,-9,-0.059465937316417694
36684487,-5,6487,-5,5,-10,-0.06170012429356575
36704479,-5,6486,-5,4,-9,-0.064191021025180817
36724471,-7,6485,-7,3,-10,-0.066667817533016205
36744463,-7,6484,-7,2,-9,-0.069347292184829712
36764455,-7,6483,-7,1,-8,-0.072044543921947479
36784447,-7,6481,-7,1,-8,-0.074767835438251495
36804439,-7,6480,-7,0,-7,-0.07729814201593399
36824431,-8,6479,-8,0,-8,-0.079645007848739624
36844423,-8,6478,-8,-2,-6,-0.081870123744010925
36864415,-8,6477,-8,-3,-5,-0.08384086936712265
36884407,-8,6476,-8,-3,-5,-0.085745736956596375
36904399,-8,6475,-8,-1,-7,-0.087462805211544037
36924391,-11,6474,-11,0,-11,-0.088919207453727722
36944383,-11,6473,-11,1,-12,-0.090122580528259277
36964375,-11,6473,-11,2,-13,-0.091016635298728943
36984367,-11,6472,-11,4,-15,-0.091798663139343262
37004359,-11,6472,-11,5,-16,-0.092336863279342651
37024351,-13,6472,-13,6,-19,-0.092711068689823151
37044343,-13,6472,-13,6,-19,-0.092836655676364899
37064335,-13,6472,-13,6,-19,-0.09263128787279129
37084327,-13,6472,-13,5,-18,-0.092201709747314453
37104319,-13,6472,-13,3,-16,-0.091612689197063446
37124311,-12,6473,-12,1,-13,-0.090885870158672333
37145136,-12,6473,-12,0,-12,-0.09004490077495575
37165128,-12,6474,-12,-1,-11,-0.089085102081298828
37185120,-12,6474,-12,-3,-9,-0.08797929435968399
37205112,-12,6475,-12,-6,-6,-0.087001226842403412
37225104,-11,6475,-11,-8,-3,-0.086045145988464355
37245096,-11,6476,-11,-11,0,-0.085220120847225189
37265088,-11,6476,-11,-13,2,-0.084555894136428833
37285080,-11,6477,-11,-14,3,-0.084006600081920624
37305072,-11,6477,-11,-15,4,-0.083390772342681885
37325064,-9,6477,-9,-17,8,-0.082826115190982819
37345056,-9,6477,-9,-18,9,-0.082469694316387177
37365048,-9,6478,-9,-19,10,-0.082277342677116394
37385040,-9,6478,-9,-19,10,-0.082231678068637848
37405032,-9,6478,-9,-19,10,-0.082226499915122986
37425024,-9,6477,-9,-19,10,-0.082302555441856384
37445016,-9,6477,-9,-19,10,-0.082541689276695251
37465008,-9,6477,-9,-19,10,-0.0829591304063797
37485000,-9,6477,-9,-19,10,-0.083486728370189667
37504992,-9,6476,-9,-19,10,-0.084345653653144836
37524984,-6,6476,-6,-19,13,-0.085348799824714661
37544976,-6,6475,-6,-18,12,-0.086549252271652222
37564968,-6,6474,-6,-17,11,-0.087796337902545929
37584960,-6,6474,-6,-17,11,-0.088981583714485168
37604952,-6,6473,-6,-17,11,-0.090243317186832428
37624944,-7,6472,-7,-18,11,-0.091570504009723663
37644936,-7,6471,-7,-20,13,-0.092960380017757416
37664928,-7,6471,-7,-21,14,-0.094282373785972595
37684920,-7,6470,-7,-20,13,-0.095474816858768463
37704912,-7,6469,-7,-19,12,-0.096644692122936249
37724904,-7,6468,-7,-18,11,-0.097930222749710083
37744896,-7,6468,-7,-17,10,-0.099169932305812836
37764888,-7,6467,-7,-16,9,-0.10025744885206223
37784880,-7,6466,-7,-15,8,-0.10130610316991806
37804872,-7,6466,-7,-14,7,-0.10225856304168701
37824864,-5,6465,-5,-12,7,-0.10324911773204803
37844856,-5,6464,-5,-10,5,-0.10405668616294861
37864848,-5,6464,-5,-9,4,-0.10464348644018173
37884840,-5,6464,-5,-8,3,-0.10510201007127762
37904832,-5,6463,-5,-8,3,-0.10540352016687393
37924824,-5,6463,-5,-8,3,-0.10573618859052658
37944816,-5,6463,-5,-10,5,-0.10594619810581207
37964808,-5,6463,-5,-11,6,-0.10602203011512756
37984800,-5,6463,-5,-13,8,-0.10610004514455795
38004792,-5,6463,-5,-12,7,-0.1061035543680191
38024784,-4,6463,-4,-12,8,-0.10629192739725113
38044776,-4,6463,-4,-13,9,-0.10643306374549866
38064768,-4,6463,-4,-13,9,-0.10657861083745956
38084760,-4,6463,-4,-12,8,-0.10662057995796204
38104752,-4,6463,-4,-11,7,-0.10644169896841049
38124744,-1,6463,-1,-11,10,-0.10595595836639404
38144736,-1,6464,-1,-10,9,-0.10529392212629318
38164728,-1,6464,-1,-10,9,-0.10457153618335724
38184720,-1,6465,-1,-9,8,-0.10379774868488312
38204712,-1,6465,-1,-8,7,-0.10303894430398941
38224704,3,6466,3,-7,10,-0.1021372526884079
38244696,3,6466,3,-5,8,-0.10115404427051544
38264688,3,6467,3,-5,8,-0.10028376430273056
38284680,3,6467,3,-5,8,-0.099684365093708038
38304672,3,6467,3,-6,9,-0.099364504218101501
38324664,6,6468,6,-5,11,-0.099018171429634094
38344656,6,6468,6,-6,12,-0.098888605833053589
38364648,6,6468,6,-7,13,-0.098834104835987091
38384640,6,6468,6,-8,14,-0.098778516054153442
38404632,6,6468,6,-8,14,-0.098756290972232819
38424624,12,6468,12,-8,20,-0.098772779107093811
38444616,12,6468,12,-9,21,-0.098735317587852478
38464608,12,6468,12,-9,21,-0.098827071487903595
38484600,12,6468,12,-10,22,-0.098862871527671814
38504592,12,6468,12,-11,23,-0.099196106195449829
38524584,17,6467,17,-11,28,-0.099580533802509308
38544576,17,6467,17,-13,30,-0.099994592368602753
38564568,17,6467,17,-13,30,-0.10047190636396408
38584560,17,6466,17,-12,29,-0.10115539282560349
38604552,17,6466,17,-11,28,-0.10204662382602692
38624544,21,6465,21,-10,31,-0.10279565304517746
38644536,21,6465,21,-9,30,-0.10358139872550964
38664528,21,6464,21,-9,30,-0.10448930412530899
38684520,21,6463,21,-7,28,-0.10542584955692291
38704512,21,6463,21,-5,26,-0.10619141161441803
38724504,24,6462,24,-4,28,-0.10693945735692978
38744496,24,6462,24,-3,27,-0.10775305330753326
38764488,24,6461,24,-2,26,-0.10852041840553284
38784480,24,6461,24,0,24,-0.10934784263372421
38804472,24,6460,24,1,23,-0.10996688902378082
38824464,26,6460,26,2,24,-0.1105361133813858
38844456,26,6460,26,3,23,-0.11092423647642136
38864448,26,6459,26,5,21,-0.11115482449531555
38884440,26,6459,26,6,20,-0.11115821450948715
38904432,26,6459,26,7,19,-0.11103659868240356
38924424,25,6460,25,10,15,-0.11095142364501953
38944416,25,6460,25,12,13,-0.1107197180390358
38964408,25,6460,25,14,11,-0.11066602915525436
38984400,25,6460,25,16,9,-0.1104108914732933
39004392,25,6460,25,17,8,-0.11004467308521271
39024384,23,6461,23,18,5,-0.10949651896953583
39044376,23,6461,23,19,4,-0.10902164131402969
39064368,23,6461,23,20,3,-0.10846427083015442
39084360,23,6462,23,20,3,-0.10781648010015488
39104352,23,6462,23,22,1,-0.10716015845537186
39124344,18,6463,18,24,-6,-0.10653639584779739
39144336,18,6463,18,26,-8,-0.10593358427286148
39164328,18,6463,18,27,-9,-0.10539178550243378
39184320,18,6464,18,27,-9,-0.10476432740688324
39204312,18,6464,18,27,-9,-0.10415907204151154
39225137,15,6465,15,28,-13,-0.10347706079483032
39245129,15,6465,15,28,-13,-0.10282669216394424
39265121,15,6465,15,28,-13,-0.1023837998509407
39285113,15,6466,15,28,-13,-0.10209470242261887
39305105,15,6466,15,28,-13,-0.10191436856985092
39325097,14,6466,14,28,-14,-0.10177349299192429
39345089,14,6466,14,29,-15,-0.10186480730772018
39365081,14,6466,14,30,-16,-0.10192058980464935
39385073,14,6466,14,32,-18,-0.10201786458492279
39405065,14,6465,14,34,-20,-0.10240042209625244
39425057,14,6465,14,36,-22,-0.10268422961235046
39445049,14,6465,14,36,-22,-0.1028936356306076
39465041,14,6465,14,35,-21,-0.102930948138237
39485033,14,6465,14,33,-19,-0.10308439284563065
39505025,14,6465,14,31,-17,-0.10339925438165665
39525017,17,6465,17,29,-12,-0.10367856919765472
39545009,17,6464,17,27,-10,-0.10396672040224075
39565001,17,6464,17,24,-7,-0.10424619913101196
39584993,17,6464,17,21,-4,-0.10437753051519394
39604985,17,6464,17,18,-1,-0.1045539379119873
39624977,15,6464,15,16,-1,-0.10475344955921173
39644969,15,6464,15,15,0,-0.104867123067379
39664961,15,6464,15,14,1,-0.10487446933984756
39684953,15,6464,15,14,1,-0.10491567850112915
39704945,15,6464,15,14,1,-0.10498239099979401
39724937,19,6464,19,13,6,-0.10507286339998245
39744929,19,6463,19,13,6,-0.10542556643486023
39764921,19,6463,19,13,6,-0.10590443760156631
39784913,19,6463,19,13,6,-0.10651901364326477
39804905,19,6462,19,13,6,-0.1071302518248558
39824897,24,6462,24,12,12,-0.10782817751169205
39844889,24,6461,24,11,13,-0.10864926129579544
39864881,24,6461,24,9,15,-0.10955609381198883
39884873,24,6460,24,8,16,-0.11050393432378769
39904865,24,6459,24,8,16,-0.11167715489864349
39924857,28,6458,28,7,21,-0.1130531057715416
39944849,28,6457,28,7,21,-0.11461242288351059
39964841,28,6455,28,7,21,-0.11642860621213913
39984833,28,6454,28,8,20,-0.11844335496425629
40004825,28,6452,28,9,19,-0.12058286368846893
40024817,28,6450,28,10,18,-0.12289946526288986
40044809,28,6448,28,12,16,-0.12547628581523895
40064801,28,6446,28,13,15,-0.12840950489044189
40084793,28,6443,28,15,13,-0.1316845715045929
40104785,28,6440,28,16,12,-0.13525538146495819
40124777,29,6437,29,17,12,-0.13923773169517517
40144769,29,6433,29,18,11,-0.14347952604293823
40164761,29,6429,29,19,10,-0.14783874154090881
40184753,29,6424,29,19,10,-0.15223848819732666
40204745,29,6420,29,20,9,-0.15669572353363037
40224737,28,6415,28,21,7,-0.16135241091251373
40244729,28,6410,28,22,6,-0.16612952947616577
40264721,28,6405,28,21,7,-0.17106637358665466
40284713,28,6399,28,22,6,-0.17586895823478699
40304705,28,6394,28,23,5,-0.18056575953960419
40324697,31,6388,31,23,8,-0.18528375029563904
40344689,31,6383,31,24,7,-0.18983767926692963
40364681,31,6378,31,24,7,-0.19399526715278625
40384673,31,6373,31,23,8,-0.1977902352809906
40404665,31,6368,31,22,9,-0.20124129951000214
40424657,33,6365,33,21,12,-0.20414415001869202
40444649,33,6362,33,21,12,-0.20635105669498444
40464641,33,6359,33,20,13,-0.20797738432884216
40484633,33,6358,33,20,13,-0.20899911224842072
40504625,33,6357,33,20,13,-0.20946463942527771
40524617,33,6358,33,20,13,-0.20915126800537109
40544609,33,6359,33,20,13,-0.20805063843727112
40564601,33,6362,33,20,13,-0.20626649260520935
40584593,33,6365,33,21,12,-0.20386505126953125
40604585,33,6369,33,22,11,-0.20098656415939331
40624577,33,6373,33,22,11,-0.19743175804615021
40644569,33,6378,33,23,10,-0.1933169811964035
40664561,33,6384,33,23,10,-0.18884967267513275
40684553,33,6390,33,24,9,-0.18421781063079834
40704545,33,6395,33,27,6,-0.17951318621635437
40724537,29,6401,29,29,0,-0.17450644075870514
40744529,29,6407,29,31,-2,-0.16910955309867859
40764521,29,6413,29,32,-3,-0.16335868835449219
40784513,29,6419,29,34,-5,-0.15756025910377502
40804505,29,6425,29,36,-7,-0.15176267921924591
40824497,25,6430,25,37,-12,-0.14591905474662781
40844489,25,6436,25,37,-12,-0.14022991061210632
40864481,25,6441,25,36,-11,-0.1346881240606308
40884473,25,6445,25,36,-11,-0.12934359908103943
40904465,25,6449,25,37,-12,-0.12415555864572525
40924457,21,6453,21,38,-17,-0.11916973441839218
40944449,21,6457,21,40,-19,-0.11450228840112686
40964441,21,6460,21,41,-20,-0.11016201972961426
40984433,21,6463,21,41,-20,-0.10616032779216766
41004425,21,6465,21,40,-19,-0.10249213129281998
41024417,18,6468,18,39,-21,-0.099254362285137177
41044409,18,6469,18,38,-20,-0.096845634281635284
41064401,18,6470,18,39,-21,-0.095020413398742676
41084393,18,6471,18,39,-21,-0.093818448483943939
41104385,18,6471,18,39,-21,-0.093221388757228851
41124377,19,6471,19,39,-20,-0.092864237725734711
41144369,19,6472,19,38,-19,-0.092807449400424957
41164361,19,6471,19,37,-18,-0.092971682548522949
41184353,19,6471,19,36,-17,-0.093580931425094604
41204345,19,6471,19,35,-16,-0.094328492879867554
41224337,21,6470,21,34,-13,-0.095216818153858185
41244329,21,6469,21,33,-12,-0.09646761417388916
41264321,21,6468,21,31,-10,-0.097985818982124329
41284313,21,6467,21,30,-9,-0.099693663418292999
41305138,21,6466,21,29,-8,-0.10152438282966614
41325130,24,6465,24,28,-4,-0.10328013449907303
41345122,24,6464,24,26,-2,-0.10499989241361618
41365114,24,6463,24,25,-1,-0.10643178969621658
41385106,24,6462,24,24,0,-0.10761475563049316
41405098,24,6461,24,23,1,-0.10855357348918915
41425090,28,6461,28,22,6,-0.1090172603726387
41445082,28,6461,28,21,7,-0.10906266421079636
41465074,28,6461,28,21,7,-0.10868939757347107
41485066,28,6462,28,22,6,-0.10818247497081757
41505058,28,6462,28,21,7,-0.10746569186449051
41525050,27,6463,27,22,5,-0.10630476474761963
41545042,27,6464,27,22,5,-0.10459928214550018
41565034,27,6465,27,22,5,-0.10269027948379517
41585026,27,6467,27,21,6,-0.10046613961458206
41605018,27,6468,27,21,6,-0.097936764359474182
41625010,25,6470,25,22,3,-0.095354035496711731
41645002,25,6472,25,23,2,-0.092513203620910645
41664994,25,6473,25,24,1,-0.089657984673976898
41684986,25,6475,25,25,0,-0.086783252656459808
41704978,25,6477,25,26,-1,-0.083915360271930695
41724970,25,6478,25,25,0,-0.081285670399665833
41744962,25,6479,25,24,1,-0.078823857009410858
41764954,25,6480,25,23,2,-0.076509147882461548
41784946,25,6482,25,20,5,-0.074369624257087708
41804938,25,6482,25,17,8,-0.072434484958648682
41824930,30,6483,30,16,14,-0.070859283208847046
41844922,30,6484,30,14,16,-0.069667600095272064
41864914,30,6484,30,12,18,-0.068780906498432159
41884906,30,6484,30,12,18,-0.068123355507850647
41904898,30,6485,30,13,17,-0.067557662725448608
41924890,34,6485,34,13,21,-0.067169427871704102
41944882,34,6485,34,13,21,-0.066970847547054291
41964874,34,6485,34,13,21,-0.066927365958690643
41984866,34,6485,34,13,21,-0.06689588725566864
42004858,34,6485,34,14,20,-0.06698145717382431
42024850,39,6485,39,16,23,-0.067264892160892487
42044842,39,6485,39,17,22,-0.067798890173435211
42064834,39,6484,39,19,20,-0.068666972219944
42084826,39,6484,39,21,18,-0.069733098149299622
42104818,39,6483,39,23,16,-0.070975981652736664
42124810,37,6483,37,26,11,-0.072205722332000732
42144802,37,6482,37,28,9,-0.073301464319229126
42164794,37,6482,37,31,6,-0.074183352291584015
42184786,37,6481,37,32,5,-0.074903786182403564
42204778,37,6481,37,34,3,-0.075381636619567871
42224770,37,6481,37,36,1,-0.075614355504512787
42244762,37,6481,37,38,-1,-0.075811997056007385
42264754,37,6481,37,39,-2,-0.076031900942325592
42284746,37,6481,37,38,-1,-0.076086908578872681
42304738,37,6481,37,38,-1,-0.076000787317752838
42324730,39,6481,39,37,2,-0.075885079801082611
42344722,39,6481,39,37,2,-0.075662292540073395
42364714,39,6481,39,37,2,-0.075226463377475739
42384706,39,6481,39,37,2,-0.07451464980840683
42404698,39,6482,39,40,-1,-0.07371317595243454
42424690,40,6482,40,42,-2,-0.072743870317935944
42444682,40,6483,40,44,-4,-0.071580156683921814
42464674,40,6483,40,45,-5,-0.070448659360408783
42484666,40,6484,40,45,-5,-0.069258756935596466
42504658,40,6484,40,47,-7,-0.067996792495250702
42524650,37,6485,37,49,-12,-0.066741339862346649
42544642,37,6486,37,51,-14,-0.065565548837184906
42564634,37,6486,37,53,-16,-0.064520999789237976
42584626,37,6486,37,54,-17,-0.063709557056427002
42604618,37,6487,37,53,-16,-0.062844179570674896
42624610,31,6487,31,53,-22,-0.062000364065170288
42644602,31,6487,31,55,-24,-0.061147991567850113
42664594,31,6488,31,57,-26,-0.060432586818933487
42684586,31,6488,31,58,-27,-0.0596584752202034
42704578,31,6488,31,59,-28,-0.058856014162302017
42724570,21,6489,21,61,-40,-0.058140262961387634
42744562,21,6489,21,63,-42,-0.057539656758308411
42764554,21,6489,21,64,-43,-0.057332322001457214
42784546,21,6489,21,63,-42,-0.057342205196619034
42804538,21,6489,21,63,-42,-0.057553429156541824
42824530,15,6489,15,61,-46,-0.057932313531637192
42844522,15,6488,15,61,-46,-0.058528497815132141
42864514,15,6488,15,60,-45,-0.059039797633886337
42884506,15,6488,15,59,-44,-0.059269696474075317
42904498,15,6488,15,57,-42,-0.059358909726142883
42924490,9,6488,9,55,-46,-0.059545140713453293
42944482,9,6488,9,52,-43,-0.059905745089054108
42964474,9,6488,9,48,-39,-0.060357663780450821
42984466,9,6488,9,43,-34,-0.060757197439670563
43004458,9,6487,9,39,-30,-0.061258863657712936
43024450,6,6487,6,36,-30,-0.061672136187553406
43044442,6,6487,6,33,-27,-0.062087882310152054
43064434,6,6487,6,31,-25,-0.062518827617168427
43084426,6,6487,6,29,-23,-0.062778636813163757
43104418,6,6487,6,27,-21,-0.062985703349113464
43124410,5,6486,5,25,-20,-0.06330031156539917
43144402,5,6486,5,24,-19,-0.063745245337486267
43164394,5,6486,5,21,-16,-0.064293384552001953
43184386,5,6486,5,19,-14,-0.064788952469825745
43204378,5,6486,5,16,-11,-0.065073870122432709
43224370,9,6486,9,14,-5,-0.065058432519435883
43244362,9,6486,9,10,-1,-0.064780347049236298
43264354,9,6486,9,7,2,-0.064349986612796783
43284346,9,6486,9,4,5,-0.063813738524913788
43304338,9,6487,9,1,8,-0.063228994607925415
43324330,16,6487,16,-1,17,-0.062488917261362076
43344322,16,6487,16,-3,19,-0.061682857573032379
43364314,16,6487,16,-4,20,-0.060905043035745621
43385139,16,6488,16,-5,21,-0.060282878577709198
43405131,16,6488,16,-5,21,-0.059673584997653961
43425123,16,6488,16,-4,20,-0.058980993926525116
43445115,16,6489,16,-4,20,-0.05807456374168396
43465107,16,6489,16,-3,19,-0.057220909744501114
43485099,16,6489,16,-4,20,-0.056377291679382324
43505091,16,6489,16,-3,19,-0.055522337555885315
43525083,14,6490,14,-3,17,-0.05480479821562767
43545075,14,6490,14,-3,17,-0.054458580911159515
43565067,14,6490,14,-3,17,-0.054143410176038742
43585059,14,6490,14,-2,16,-0.054108493030071259
43605051,14,6490,14,-2,16,-0.053956281393766403
43625043,14,6490,14,-2,16,-0.053651671856641769
43645035,14,6490,14,0,14,-0.053551007062196732
43665027,14,6490,14,2,12,-0.053456488996744156
43685019,14,6490,14,5,9,-0.053358312696218491
43705011,14,6490,14,7,7,-0.053355008363723755
43725003,12,6490,12,10,2,-0.053551286458969116
43744995,12,6490,12,11,1,-0.053784981369972229
43764987,12,6490,12,13,-1,-0.054165378212928772
43784979,12,6490,12,15,-3,-0.054351989179849625
43804971,12,6490,12,16,-4,-0.054522022604942322
43824963,11,6490,11,18,-7,-0.055090811103582382
43844955,11,6489,11,20,-9,-0.055639173835515976
43864947,11,6489,11,22,-11,-0.05613056942820549
43884939,11,6489,11,24,-13,-0.05667843297123909
43904931,11,6489,11,24,-13,-0.057178173214197159
43924923,5,6489,5,24,-19,-0.057533305138349533
43944915,5,6489,5,24,-19,-0.05787866935133934
43964907,5,6489,5,23,-18,-0.058173995465040207
43984899,5,6488,5,23,-18,-0.058497954159975052
44004891,5,6488,5,23,-18,-0.058921732008457184
44024883,3,6488,3,23,-20,-0.059403426945209503
44044875,3,6488,3,22,-19,-0.059787441045045853
44064867,3,6488,3,23,-20,-0.060132462531328201
44084859,3,6488,3,23,-20,-0.060439936816692352
44104851,3,6488,3,23,-20,-0.060648996382951736
44124843,0,6488,0,22,-22,-0.060656145215034485
44144835,0,6488,0,21,-21,-0.060748778283596039
44164827,0,6487,0,21,-21,-0.060886763036251068
44184819,0,6487,0,20,-20,-0.06089719757437706
44204811,0,6487,0,19,-19,-0.060955364257097244
44224803,-4,6487,-4,19,-23,-0.06086503341794014
44244795,-4,6488,-4,18,-22,-0.060630269348621368
44264787,-4,6488,-4,17,-21,-0.060280028730630875
44284779,-4,6488,-4,16,-20,-0.059538517147302628
44304771,-4,6488,-4,17,-21,-0.058620594441890717
44324763,-10,6489,-10,18,-28,-0.057678576558828354
44344755,-10,6489,-10,18,-28,-0.05673348531126976
44364747,-10,6489,-10,18,-28,-0.055837485939264297
44384739,-10,6490,-10,17,-27,-0.054974894970655441
44404731,-10,6490,-10,16,-26,-0.054186455905437469
44424723,-14,6490,-14,16,-30,-0.053396746516227722
44444715,-14,6491,-14,16,-30,-0.052529171109199524
44464707,-14,6491,-14,16,-30,-0.051474187523126602
44484699,-14,6491,-14,14,-28,-0.050411038100719452
44504691,-14,6491,-14,12,-26,-0.049687385559082031
44524683,-18,6492,-18,7,-25,-0.049121975898742676
44544675,-18,6492,-18,2,-20,-0.048949792981147766
44564667,-18,6492,-18,-1,-17,-0.049061015248298645
44584659,-18,6492,-18,-5,-13,-0.049236070364713669
44604651,-18,6492,-18,-9,-9,-0.049325291067361832
44624643,-15,6492,-15,-13,-2,-0.049585487693548203
44644635,-15,6491,-15,-16,1,-0.049976743757724762
44664627,-15,6491,-15,-18,3,-0.050440117716789246
44684619,-15,6491,-15,-19,4,-0.050745055079460144
44704611,-15,6491,-15,-20,5,-0.051115218549966812
44724603,-9,6491,-9,-20,11,-0.051489587873220444
44744595,-9,6491,-9,-20,11,-0.051866933703422546
44764587,-9,6491,-9,-20,11,-0.052284236997365952
44784579,-9,6490,-9,-21,12,-0.052725717425346375
44804571,-9,6490,-9,-22,13,-0.053062200546264648
44824563,-7,6490,-7,-23,16,-0.05323411151766777
44844555,-7,6490,-7,-24,17,-0.053533900529146194
44864547,-7,6490,-7,-24,17,-0.053916096687316895
44884539,-7,6490,-7,-24,17,-0.054498083889484406
44904531,-7,6490,-7,-24,17,-0.054949026554822922
44924523,-7,6490,-7,-24,17,-0.0551748126745224
44944515,-7,6490,-7,-23,16,-0.055227048695087433
44964507,-7,6490,-7,-22,15,-0.055043429136276245
44984499,-7,6490,-7,-21,14,-0.054902426898479462
45004491,-7,6490,-7,-20,13,-0.055045381188392639
45024483,-8,6490,-8,-20,12,-0.055445495992898941
45044475,-8,6489,-8,-18,10,-0.055691305547952652
45064467,-8,6489,-8,-17,9,-0.055788706988096237
45084459,-8,6489,-8,-18,10,-0.055885355919599533
45104451,-8,6489,-8,-20,12,-0.056001234799623489
45124443,-4,6489,-4,-22,18,-0.056064452975988388
45144435,-4,6489,-4,-21,17,-0.056094788014888763
45164427,-4,6489,-4,-20,16,-0.056196626275777817
45184419,-4,6489,-4,-18,14,-0.056219097226858139
45204411,-4,6489,-4,-16,12,-0.056139711290597916
45224403,-5,6489,-5,-15,10,-0.055918134748935699
45244395,-5,6489,-5,-13,8,-0.055550340563058853
45264387,-5,6490,-5,-11,6,-0.055069934576749802
45284379,-5,6490,-5,-9,4,-0.054398778825998306
45304371,-5,6490,-5,-6,1,-0.053874395787715912
45324363,-6,6490,-6,-4,-2,-0.053688205778598785
45344355,-6,6490,-6,-1,-5,-0.053585495799779892
45364347,-6,6490,-6,0,-6,-0.053476035594940186
45384339,-6,6490,-6,1,-7,-0.053337611258029938
45404331,-6,6490,-6,3,-9,-0.053268615156412125
45424323,-6,6490,-6,4,-10,-0.053192321211099625
45444315,-6,6490,-6,5,-11,-0.052979171276092529
45465140,-6,6491,-6,4,-10,-0.052543357014656067
45485132,-6,6491,-6,4,-10,-0.052103273570537567
45505124,-6,6491,-6,3,-9,-0.051611911505460739
45525116,-6,6491,-6,2,-8,-0.051119498908519745
45545108,-6,6491,-6,1,-7,-0.050712630152702332
45565100,-6,6491,-6,1,-7,-0.050141852349042892
45585092,-6,6492,-6,0,-6,-0.049404248595237732
45605084,-6,6492,-6,0,-6,-0.048914339393377304
45625076,-9,6492,-9,-2,-7,-0.048705823719501495
45645068,-9,6492,-9,-3,-6,-0.048640798777341843
45665060,-9,6492,-9,-3,-6,-0.048718541860580444
45685052,-9,6492,-9,-2,-7,-0.048736725002527237
45705044,-9,6492,-9,-1,-8,-0.049053091555833817
45725036,-11,6492,-11,0,-11,-0.049073953181505203
45745028,-11,6492,-11,0,-11,-0.048995625227689743
45765020,-11,6492,-11,0,-11,-0.048879675567150116
45785012,-11,6492,-11,-1,-10,-0.04874107614159584
45805004,-11,6492,-11,-1,-10,-0.048601634800434113
45824996,-10,6492,-10,-2,-8,-0.048459101468324661
45844988,-10,6492,-10,-4,-6,-0.048381626605987549
45864980,-10,6492,-10,-5,-5,-0.048440810292959213
45884972,-10,6492,-10,-6,-4,-0.048530738800764084
45904964,-10,6492,-10,-7,-3,-0.048652812838554382
45924956,-9,6492,-9,-6,-3,-0.048939481377601624
45944948,-9,6492,-9,-6,-3,-0.049422681331634521
45964940,-9,6491,-9,-7,-2,-0.049814466387033463
45984932,-9,6491,-9,-7,-2,-0.050069950520992279
46004924,-9,6491,-9,-7,-2,-0.05048954114317894
46024916,-9,6491,-9,-7,-2,-0.051009505987167358
46044908,-9,6491,-9,-7,-2,-0.051507405936717987
46064900,-9,6491,-9,-8,-1,-0.052107486873865128
46084892,-9,6490,-9,-10,1,-0.052753236144781113
46104884,-9,6490,-9,-13,4,-0.053386978805065155
46124876,-7,6490,-7,-16,9,-0.053909346461296082
46144868,-7,6490,-7,-17,10,-0.05411868542432785
46164860,-7,6490,-7,-18,11,-0.054030928760766983
46184852,-7,6490,-7,-19,12,-0.053930982947349548
46204844,-7,6490,-7,-21,14,-0.053971908986568451
46224836,-7,6490,-7,-23,16,-0.053929939866065979
46244828,-7,6490,-7,-24,17,-0.053783435374498367
46264820,-7,6490,-7,-24,17,-0.053672514855861664
46284812,-7,6490,-7,-24,17,-0.053405962884426117
46304804,-7,6490,-7,-25,18,-0.05307358130812645
46324796,-5,6491,-5,-24,19,-0.052618574351072311
46344788,-5,6491,-5,-24,19,-0.051999449729919434
46364780,-5,6491,-5,-22,17,-0.051384910941123962
46384772,-5,6491,-5,-20,15,-0.050823453813791275
46404764,-5,6491,-5,-17,12,-0.050572320818901062
46424756,-4,6491,-4,-16,12,-0.050646524876356125
46444748,-4,6491,-4,-15,11,-0.050979193300008774
46464740,-4,6491,-4,-15,11,-0.051372505724430084
46484732,-4,6491,-4,-14,10,-0.051897849887609482
46504724,-4,6491,-4,-13,9,-0.052295330911874771
46524716,-4,6490,-4,-12,8,-0.052775334566831589
46544708,-4,6490,-4,-11,7,-0.053209826350212097
46564700,-4,6490,-4,-10,6,-0.053534984588623047
46584692,-4,6490,-4,-9,5,-0.053730230778455734
46604684,-4,6490,-4,-7,3,-0.053977202624082565
46624676,-4,6490,-4,-7,3,-0.054528944194316864
46644668,-4,6490,-4,-6,2,-0.055245738476514816
46664660,-4,6489,-4,-6,2,-0.056010358035564423
46684652,-4,6489,-4,-4,0,-0.056492026895284653
46704644,-4,6489,-4,-4,0,-0.056665483862161636
46724636,-5,6489,-5,-2,-3,-0.056786447763442993
46744628,-5,6489,-5,0,-5,-0.056832224130630493
46764620,-5,6489,-5,0,-5,-0.057071860879659653
46784612,-5,6489,-5,0,-5,-0.057527367025613785
46804604,-5,6489,-5,0,-5,-0.057688705623149872
46824596,-8,6489,-8,0,-8,-0.057695113122463226
46844588,-8,6489,-8,0,-8,-0.057353876531124115
46864580,-8,6489,-8,0,-8,-0.056801501661539078
46884572,-8,6489,-8,1,-9,-0.055945307016372681
46904564,-8,6490,-8,2,-10,-0.055110085755586624
46924556,-10,6490,-10,4,-14,-0.054422695189714432
46944548,-10,6490,-10,4,-14,-0.053691018372774124
46964540,-10,6490,-10,4,-14,-0.052929259836673737
46984532,-10,6491,-10,4,-14,-0.052278313785791397
47004524,-10,6491,-10,3,-13,-0.05179261788725853
47024516,-11,6491,-11,3,-14,-0.05143357440829277
47044508,-11,6491,-11,4,-15,-0.051034960895776749
47064500,-11,6491,-11,5,-16,-0.050566200166940689
47084492,-11,6491,-11,7,-18,-0.050076257437467575
47104484,-11,6491,-11,8,-19,-0.049773611128330231
47124476,-14,6492,-14,8,-22,-0.049502819776535034
47144468,-14,6492,-14,7,-21,-0.049183771014213562
47164460,-14,6492,-14,6,-20,-0.048830054700374603
47184452,-14,6492,-14,5,-19,-0.048564769327640533
47204444,-14,6492,-14,2,-16,-0.048345770686864853
47224436,-13,6492,-13,0,-13,-0.048307862132787704
47244428,-13,6492,-13,-1,-12,-0.048674322664737701
47264420,-13,6492,-13,-3,-10,-0.049368847161531448
47284412,-13,6491,-13,-4,-9,-0.050121430307626724
47304404,-13,6491,-13,-5,-8,-0.050717134028673172
47324396,-13,6491,-13,-6,-7,-0.051216956228017807
47344388,-13,6491,-13,-8,-5,-0.051592033356428146
47364380,-13,6491,-13,-10,-3,-0.051781080663204193
47384372,-13,6491,-13,-13,0,-0.051942020654678345
47404364,-13,6491,-13,-15,2,-0.052299581468105316
47424356,-13,6491,-13,-16,3,-0.052515067160129547
47444348,-13,6490,-13,-17,4,-0.052800968289375305
47464340,-13,6490,-13,-17,4,-0.053183622658252716
47484332,-13,6490,-13,-18,5,-0.053815875202417374
47504324,-13,6490,-13,-19,6,-0.054433878511190414
47524316,-16,6490,-16,-21,5,-0.055091287940740585
47545141,-16,6489,-16,-22,6,-0.055747896432876587
47565133,-16,6489,-16,-22,6,-0.056312154978513718
47585125,-16,6489,-16,-22,6,-0.056888461112976074
47605117,-16,6489,-16,-23,7,-0.057221110910177231
47625109,-16,6489,-16,-23,7,-0.057392187416553497
47645101,-16,6489,-16,-24,8,-0.057590719312429428
47665093,-16,6489,-16,-24,8,-0.05775812640786171
47685085,-16,6489,-16,-24,8,-0.057755164802074432
47705077,-16,6489,-16,-25,9,-0.057840082794427872
47725069,-17,6489,-17,-26,9,-0.057913586497306824
47745061,-17,6489,-17,-27,10,-0.057893335819244385
47765053,-17,6489,-17,-28,11,-0.057686798274517059
47785045,-17,6489,-17,-29,12,-0.057217944413423538
47805037,-17,6489,-17,-30,13,-0.056492257863283157
47825029,-20,6489,-20,-32,12,-0.055504150688648224
47845021,-20,6490,-20,-33,13,-0.054379470646381378
47865013,-20,6490,-20,-34,14,-0.053384963423013687
47885005,-20,6491,-20,-36,16,-0.052428197115659714
47904997,-20,6491,-20,-38,18,-0.051589775830507278
47924989,-21,6491,-21,-40,19,-0.050880040973424911
47944981,-21,6491,-21,-43,22,-0.050332829356193542
47964973,-21,6491,-21,-45,24,-0.050058942288160324
47984965,-21,6491,-21,-46,25,-0.05008377879858017
48004957,-21,6491,-21,-46,25,-0.050082545727491379
48024949,-17,6491,-17,-47,30,-0.050048023462295532
48044941,-17,6491,-17,-49,32,-0.050031367689371109
48064933,-17,6491,-17,-50,33,-0.050076741725206375
48084925,-17,6491,-17,-50,33,-0.050207935273647308
48104917,-17,6491,-17,-50,33,-0.050314925611019135
48124909,-13,6491,-13,-50,37,-0.050305556505918503
48144901,-13,6491,-13,-49,36,-0.050261970609426498
48164893,-13,6491,-13,-48,35,-0.050394389778375626
48184885,-13,6491,-13,-46,33,-0.050826612859964371
48204877,-13,6491,-13,-45,32,-0.051507569849491119
48224869,-8,6491,-8,-43,35,-0.052303832024335861
48244861,-8,6490,-8,-41,33,-0.053052734583616257
48264853,-8,6490,-8,-39,31,-0.053714081645011902
48284845,-8,6490,-8,-38,30,-0.054382331669330597
48304837,-8,6490,-8,-37,29,-0.055152423679828644
48324829,-6,6489,-6,-36,30,-0.05574861541390419
48344821,-6,6489,-6,-34,28,-0.056138541549444199
48364813,-6,6489,-6,-32,26,-0.056588318198919296
48384805,-6,6489,-6,-30,24,-0.056800205260515213
48404797,-6,6489,-6,-27,21,-0.057028919458389282
48424789,-6,6489,-6,-24,18,-0.057313233613967896
48444781,-6,6489,-6,-21,15,-0.057318788021802902
48464773,-6,6489,-6,-20,14,-0.057374533265829086
48484765,-6,6489,-6,-18,12,-0.057427000254392624
48504757,-6,6489,-6,-15,9,-0.057366501539945602
48524749,-4,6489,-4,-13,9,-0.057133380323648453
48544741,-4,6489,-4,-10,6,-0.056931197643280029
48564733,-4,6489,-4,-9,5,-0.056685030460357666
48584725,-4,6489,-4,-8,4,-0.056483760476112366
48604717,-4,6489,-4,-5,1,-0.05635359138250351
48624709,-4,6489,-4,-3,-1,-0.056482519954442978
48644701,-4,6489,-4,-2,-2,-0.056478258222341537
48664693,-4,6489,-4,-1,-3,-0.056394446641206741
48684685,-4,6489,-4,0,-4,-0.056092828512191772
48704677,-4,6489,-4,0,-4,-0.055780638009309769
48724669,-4,6489,-4,1,-5,-0.055513195693492889
48744661,-4,6490,-4,2,-6,-0.05529429018497467
48764653,-4,6490,-4,3,-7,-0.055028241127729416
48784645,-4,6490,-4,2,-6,-0.054690778255462646
48804637,-4,6490,-4,0,-4,-0.054462101310491562
48824629,0,6490,0,-2,2,-0.054231211543083191
48844621,0,6490,0,-4,4,-0.05422612652182579
48864613,0,6490,0,-6,6,-0.054242044687271118
48884605,0,6490,0,-9,9,-0.05423644557595253
48904597,0,6490,0,-10,10,-0.054188955575227737
48924589,3,6490,3,-10,13,-0.054222211241722107
48944581,3,6490,3,-11,14,-0.054157387465238571
48964573,3,6490,3,-11,14,-0.054088056087493896
48984565,3,6490,3,-11,14,-0.053891986608505249
49004557,3,6490,3,-13,16,-0.053599312901496887
49024549,10,6490,10,-14,24,-0.053318217396736145
49044541,10,6490,10,-14,24,-0.05308682844042778
49064533,10,6490,10,-13,23,-0.053035620599985123
49084525,10,6490,10,-13,23,-0.053350087255239487
49104517,10,6490,10,-12,22,-0.05383121594786644
49124509,-6405,6490,-6405,-11,-6394,-0.0542772077023983
49144501,-6405,6490,-6405,-11,-6394,-0.054644640535116196
49164493,-6405,6490,-6405,-15,-6390,-0.055134989321231842
49184485,-6405,6489,-6405,-29,-6376,-0.055589064955711365
49204477,-6405,6489,-6405,-53,-6352,-0.056076880544424057
49224469,-6404,6489,-6404,-91,-6313,-0.056644007563591003
49244461,-6404,6489,-6404,-144,-6260,-0.057147834450006485
49264453,-6404,6489,-6404,-213,-6191,-0.057363312691450119
49284445,-6404,6489,-6404,-297,-6107,-0.057400479912757874
49304437,-6404,6489,-6404,-396,-6008,-0.057339023798704147
49324429,-6403,6489,-6403,-509,-5894,-0.057407233864068985
49344421,-6403,6489,-6403,-634,-5769,-0.057291917502880096
49364413,-6403,6489,-6403,-770,-5633,-0.057144217193126678
49384405,-6403,6489,-6403,-913,-5490,-0.05701233446598053
49404397,-6403,6489,-6403,-1065,-5338,-0.056736800819635391
49424389,-6402,6489,-6402,-1224,-5178,-0.056145891547203064
49444381,-6402,6489,-6402,-1387,-5015,-0.055509097874164581
49464373,-6402,6490,-6402,-1553,-4849,-0.054930448532104492
49484365,-6402,6490,-6402,-1724,-4678,-0.054073616862297058
49504357,-6402,6490,-6402,-1897,-4505,-0.052931476384401321
49524349,-6400,6491,-6400,-2071,-4329,-0.051540914922952652
49544341,-6400,6491,-6400,-2248,-4152,-0.050309654325246811
49564333,-6400,6492,-6400,-2425,-3975,-0.049157291650772095
49584325,-6400,6492,-6400,-2603,-3797,-0.047923143953084946
49604317,-6400,6492,-6400,-2782,-3618,-0.046513780951499939
49625142,-6399,6493,-6399,-2960,-3439,-0.044903036206960678
49645134,-6398,6493,-6398,-3139,-3259,-0.043204985558986664
49665126,-6398,6494,-6398,-3318,-3080,-0.041519712656736374
49685118,-6398,6494,-6398,-3498,-2900,-0.039988260716199875
49705110,-6398,6495,-6398,-3686,-2712,-0.038411159068346024
49725102,-6399,6495,-6399,-3868,-2531,-0.036922678351402283
49745094,-6399,6495,-6399,-4051,-2348,-0.035611655563116074
49765086,-6399,6496,-6399,-4233,-2166,-0.03447449579834938
49785078,-6398,6496,-6398,-4416,-1982,-0.0333748459815979
49805070,-6398,6496,-6398,-4597,-1801,-0.03217422217130661
49825062,-6402,6496,-6402,-4779,-1623,-0.031100744381546974
49845054,-6401,6497,-6401,-4958,-1443,-0.029760560020804405
49865046,-6401,6497,-6401,-5135,-1266,-0.028222838416695595
49885038,-6401,6497,-6401,-5308,-1093,-0.026472730562090874
49905030,-6401,6498,-6401,-5477,-924,-0.024538479745388031
49925022,-6407,6498,-6407,-5639,-768,-0.022399023175239563
49945014,-6406,6498,-6406,-5794,-612,-0.020164741203188896
49965006,-6406,6498,-6406,-5940,-466,-0.017960421741008759
49984998,-6406,6499,-6406,-6076,-330,-0.015550035052001476
50004990,-6406,6499,-6406,-6203,-203,-0.012892563827335835
50024982,-6409,6499,-6409,-6319,-90,-0.010117667727172375
50044974,-6409,6499,-6409,-6425,16,-0.0072547560557723045
50064966,-6409,6499,-6409,-6519,110,-0.0043072039261460304
50084958,-6409,6499,-6409,-6602,193,-0.0012778696836903691
50104950,-6409,6499,-6409,-6673,264,0.0018174427095800638
50124942,-6406,6499,-6406,-6733,327,0.0049840486608445644
50144934,-6406,6499,-6406,-6784,378,0.0079766931012272835
50164926,-6406,6499,-6406,-6824,418,0.011009072884917259
50184918,-6406,6499,-6406,-6854,448,0.014086438342928886
50204910,-6406,6499,-6406,-6875,469,0.017135480418801308
50224902,-6396,6498,-6396,-6889,493,0.020040309056639671
50244894,-6396,6498,-6396,-6895,499,0.022788623347878456
50264886,-6396,6497,-6396,-6895,499,0.025208804756402969
50284878,-6396,6497,-6396,-6889,493,0.027482395991683006
50304870,-6396,6497,-6396,-6878,482,0.029624966904520988
50324862,-6375,6496,-6375,-6863,488,0.031629551202058792
50344854,-6376,6496,-6376,-6843,467,0.033626575022935867
50364846,-6376,6495,-6376,-6820,444,0.035413745790719986
50384838,-6376,6495,-6376,-6794,418,0.037094496190547943
50404830,-6376,6495,-6376,-6766,390,0.038568820804357529
50424822,-6347,6494,-6347,-6736,389,0.039858315140008926
50444814,-6347,6494,-6347,-6705,358,0.040907245129346848
50464806,-6347,6494,-6347,-6672,325,0.04168156161904335
50484798,-6347,6494,-6347,-6640,293,0.042318984866142273
50504790,-6347,6494,-6347,-6606,259,0.042867209762334824
50524782,-6313,6493,-6313,-6573,260,0.04323996976017952
50544774,-6313,6493,-6313,-6539,226,0.04330575093626976
50564766,-6313,6493,-6313,-6505,192,0.042976394295692444
50584758,-6313,6494,-6313,-6472,159,0.042164668440818787
50604750,-6313,6494,-6313,-6440,127,0.041032601147890091
50624742,-6282,6494,-6282,-6410,128,0.039699684828519821
50644734,-6282,6495,-6282,-6381,99,0.03799968957901001
50664726,-6281,6495,-6281,-6353,72,0.036061007529497147
50684718,-6281,6496,-6281,-6326,45,0.033974602818489075
50704710,-6281,6496,-6281,-6301,20,0.031814329326152802
50724702,-6259,6497,-6259,-6278,19,0.029372870922088623
50744694,-6259,6497,-6259,-6256,-3,0.026440208777785301
50764686,-6258,6498,-6258,-6235,-23,0.023194791749119759
50784678,-6258,6498,-6258,-6217,-41,0.019751135259866714
50804670,-6258,6499,-6258,-6200,-58,0.016103304922580719
50824662,-6247,6499,-6247,-6186,-61,0.012512597255408764
50844654,-6247,6499,-6247,-6173,-74,0.008893861435353756
50864646,-6247,6499,-6247,-6160,-87,0.0052485610358417034
50884638,-6247,6499,-6247,-6150,-97,0.0015947436913847923
50904630,-6247,6499,-6247,-6140,-107,-0.0022371981758624315
50924622,-6248,6499,-6248,-6132,-116,-0.0060885888524353504
50944614,-6248,6499,-6248,-6126,-122,-0.010131035000085831
50964606,-6248,6499,-6248,-6121,-127,-0.014347665011882782
50984598,-6249,6498,-6249,-6117,-132,-0.018509641289710999
51004590,-6249,6498,-6249,-6115,-134,-0.022511579096317291
51024582,-6255,6497,-6255,-6115,-140,-0.026451706886291504
51044574,-6255,6497,-6255,-6115,-140,-0.030187532305717468
51064566,-6255,6496,-6255,-6115,-140,-0.033576611429452896
51084558,-6256,6495,-6256,-6116,-140,-0.036587350070476532
51104550,-6256,6494,-6256,-6119,-137,-0.039375342428684235
51124542,-6262,6494,-6262,-6122,-140,-0.041862033307552338
51144534,-6262,6493,-6262,-6125,-137,-0.044082898646593094
51164526,-6263,6493,-6263,-6128,-135,-0.046188976615667343
51184518,-6263,6492,-6263,-6131,-132,-0.047903593629598618
51204510,-6263,6492,-6263,-6136,-127,-0.049406051635742188
51224502,-6268,6491,-6268,-6140,-128,-0.050499323755502701
51244494,-6268,6491,-6268,-6143,-125,-0.051282338798046112
51264486,-6268,6491,-6268,-6148,-120,-0.051619965583086014
51284478,-6268,6491,-6268,-6152,-116,-0.051570098847150803
51304470,-6268,6491,-6268,-6158,-110,-0.05116783082485199
51324462,-6273,6491,-6273,-6163,-110,-0.050525471568107605
51344454,-6273,6491,-6273,-6168,-105,-0.049646906554698944
51364446,-6273,6492,-6273,-6172,-101,-0.048447709530591965
51384438,-6273,6492,-6273,-6175,-98,-0.04701555147767067
51404430,-6272,6493,-6272,-6177,-95,-0.045353148132562637
51424422,-6278,6493,-6278,-6178,-100,-0.043579373508691788
51444414,-6278,6494,-6278,-6180,-98,-0.041315041482448578
51464406,-6278,6495,-6278,-6183,-95,-0.03893042728304863
51484398,-6277,6495,-6277,-6186,-91,-0.036440897732973099
51504390,-6277,6496,-6277,-6190,-87,-0.033702973276376724
51524382,-6284,6496,-6284,-6193,-91,-0.030802277848124504
51544374,-6284,6497,-6284,-6198,-86,-0.027845911681652069
51564366,-6284,6498,-6284,-6202,-82,-0.024784397333860397
51584358,-6284,6498,-6284,-6205,-79,-0.021748250350356102
51604350,-6283,6498,-6283,-6208,-75,-0.018447211012244225
51624342,-6292,6499,-6292,-6210,-82,-0.014891700819134712
51644334,-6292,6499,-6292,-6213,-79,-0.011287479661405087
51664326,-6292,6499,-6292,-6217,-75,-0.0074571864679455757
51684318,-6292,6499,-6292,-6220,-72,-0.0034204183612018824
51704310,-6292,6499,-6292,-6224,-68,0.00059299671556800604
51725135,-6301,6499,-6301,-6227,-74,0.0048923594877123833
51745127,-6301,6499,-6301,-6231,-70,0.0092044072225689888
51765119,-6301,6499,-6301,-6235,-66,0.013464211486279964
51785111,-6301,6498,-6301,-6241,-60,0.017814069986343384
51805103,-6301,6498,-6301,-6247,-54,0.021936127915978432
51825095,-6311,6497,-6311,-6252,-59,0.025979964062571526
51845087,-6311,6497,-6311,-6257,-54,0.030068961903452873
51865079,-6311,6496,-6311,-6264,-47,0.033907897770404816
51885071,-6311,6495,-6311,-6271,-40,0.037781555205583572
51905063,-6312,6494,-6312,-6278,-34,0.041597999632358551
51925055,-6320,6493,-6320,-6284,-36,0.045241069048643112
51945047,-6320,6492,-6320,-6290,-30,0.048816118389368057
51965039,-6321,6491,-6321,-6296,-25,0.052217978984117508
51985031,-6321,6490,-6321,-6303,-18,0.055396445095539093
52005023,-6322,6488,-6322,-6310,-12,0.058299373835325241
52025015,-6326,6488,-6326,-6317,-9,0.060740884393453598
52045007,-6326,6487,-6326,-6322,-4,0.063114844262599945
52064999,-6326,6486,-6326,-6327,1,0.065567895770072937
52084991,-6327,6484,-6327,-6333,6,0.068256929516792297
52104983,-6327,6483,-6327,-6340,13,0.070863924920558929
52124975,-6331,6482,-6331,-6345,14,0.073204562067985535
52144967,-6331,6481,-6331,-6350,19,0.075247503817081451
52164959,-6331,6480,-6331,-6356,25,0.07716090977191925
52184951,-6332,6479,-6332,-6360,28,0.078917063772678375
52204943,-6332,6478,-6332,-6364,32,0.080648645758628845
52224935,-6336,6478,-6336,-6368,32,0.082031063735485077
52244927,-6336,6477,-6336,-6372,36,0.083021752536296844
52264919,-6336,6477,-6336,-6375,39,0.083805188536643982
52284911,-6337,6476,-6337,-6377,40,0.084507733583450317
52304903,-6337,6476,-6337,-6378,41,0.085182420909404755
52324895,-6341,6476,-6341,-6379,38,0.085793972015380859
52344887,-6341,6475,-6341,-6382,41,0.086261555552482605
52364879,-6341,6475,-6341,-6384,43,0.086856633424758911
52384871,-6341,6475,-6341,-6386,45,0.087283387780189514
52404863,-6341,6475,-6341,-6386,45,0.08745245635509491
52424855,-6346,6475,-6346,-6386,40,0.087374739348888397
52444847,-6346,6475,-6346,-6384,38,0.087323471903800964
52464839,-6346,6475,-6346,-6383,37,0.087009944021701813
52484831,-6346,6475,-6346,-6382,36,0.086873725056648254
52504823,-6346,6475,-6346,-6380,34,0.086867377161979675
52524815,-6351,6475,-6351,-6379,28,0.08698621392250061
52544807,-6351,6475,-6351,-6376,25,0.08698667585849762
52564799,-6351,6475,-6351,-6372,21,0.086817421019077301
52584791,-6351,6475,-6351,-6368,17,0.08652910590171814
52604783,-6351,6475,-6351,-6365,14,0.086345873773097992
52624775,-6357,6475,-6357,-6362,5,0.086240671575069427
52644767,-6357,6475,-6357,-6360,3,0.086236447095870972
52664759,-6357,6475,-6357,-6360,3,0.086236461997032166
52684751,-6357,6475,-6357,-6358,1,0.086526118218898773
52704743,-6357,6475,-6357,-6358,1,0.087151341140270233
52724735,-6361,6474,-6361,-6358,-3,0.087793357670307159
52744727,-6361,6474,-6361,-6359,-2,0.088517807424068451
52764719,-6361,6474,-6361,-6360,-1,0.088965855538845062
52784711,-6361,6474,-6361,-6361,0,0.089270502328872681
52804703,-6361,6473,-6361,-6362,1,0.089551366865634918
52824695,-6362,6473,-6362,-6363,1,0.089704990386962891
52844687,-6362,6473,-6362,-6365,3,0.089870363473892212
52864679,-6362,6473,-6362,-6366,4,0.090018078684806824
52884671,-6362,6473,-6362,-6367,5,0.090270213782787323
52904663,-6362,6473,-6362,-6369,7,0.090474285185337067
52924655,-6357,6473,-6357,-6371,14,0.090719304978847504
52944647,-6357,6473,-6357,-6376,19,0.091163523495197296
52964639,-6357,6472,-6357,-6380,23,0.091487236320972443
52984631,-6357,6472,-6357,-6384,27,0.092008106410503387
53004623,-6357,6472,-6357,-6388,31,0.09266122430562973
53024615,-6347,6471,-6347,-6392,45,0.093274801969528198
53044607,-6348,6471,-6348,-6396,48,0.093874454498291016
53064599,-6348,6471,-6348,-6399,51,0.094203151762485504
53084591,-6348,6471,-6348,-6401,53,0.094354391098022461
53104583,-6348,6470,-6348,-6402,54,0.094662614166736603
53124575,-6332,6470,-6332,-6401,69,0.094838701188564301
53144567,-6332,6470,-6332,-6400,68,0.094981931149959564
53164559,-6332,6470,-6332,-6399,67,0.095045037567615509
53184551,-6332,6470,-6332,-6399,67,0.09502052515745163
53204543,-6332,6470,-6332,-6399,67,0.095152720808982849
53224535,-6311,6470,-6311,-6400,89,0.095489390194416046
53244527,-6312,6470,-6312,-6400,88,0.095870330929756165
53264519,-6312,6469,-6312,-6401,89,0.096146799623966217
53284511,-6312,6469,-6312,-6401,89,0.096481874585151672
53304503,-6312,6469,-6312,-6400,88,0.096671357750892639
53324495,-6285,6469,-6285,-6398,113,0.096945665776729584
53344487,-6285,6469,-6285,-6395,110,0.09736257791519165
53364479,-6285,6469,-6285,-6390,105,0.09765905886888504
53384471,-6285,6468,-6285,-6384,99,0.097948826849460602
53404463,-6285,6468,-6285,-6380,95,0.098137803375720978
53424455,-6256,6468,-6256,-6376,120,0.098300114274024963
53444447,-6256,6468,-6256,-6370,114,0.098373465240001678
53464439,-6256,6468,-6256,-6366,110,0.098473288118839264
53484431,-6256,6468,-6256,-6361,105,0.098636522889137268
53504423,-6256,6468,-6256,-6357,101,0.098818652331829071
53524415,-6220,6468,-6220,-6353,133,0.099077463150024414
53544407,-6220,6468,-6220,-6350,130,0.099223487079143524
53564399,-6220,6468,-6220,-6346,126,0.099105112254619598
53584391,-6220,6468,-6220,-6341,121,0.099062442779541016
53604383,-6220,6468,-6220,-6335,115,0.098931126296520233
53624375,-6180,6468,-6180,-6329,149,0.098869383335113525
53644367,-6180,6468,-6180,-6323,143,0.098832659423351288
53664359,-6180,6468,-6180,-6317,137,0.099013447761535645
53684351,-6180,6467,-6180,-6312,132,0.099383585155010223
53704343,-6180,6467,-6180,-6307,127,0.09970441460609436
53724335,-6133,6467,-6133,-6302,169,0.10011039674282074
53744327,-6133,6467,-6133,-6297,164,0.10049434006214142
53764319,-6133,6466,-6133,-6293,160,0.10089625418186188
53784311,-6133,6466,-6133,-6289,156,0.10128246247768402
53805136,-6133,6466,-6133,-6285,152,0.10168784856796265
53825128,-6082,6466,-6082,-6281,199,0.10189472138881683
53845120,-6082,6466,-6082,-6277,195,0.10200539976358414
53865112,-6082,6466,-6082,-6272,190,0.10209202766418457
53885104,-6082,6466,-6082,-6266,184,0.10221963375806808
53905096,-6082,6466,-6082,-6260,178,0.10221946984529495
53925088,-6026,6466,-6026,-6253,227,0.10227715224027634
53945080,-6026,6466,-6026,-6245,219,0.10222230106592178
53965072,-6026,6466,-6026,-6237,211,0.10218875855207443
53985064,-6026,6466,-6026,-6228,202,0.10220733284950256
54005056,-6026,6466,-6026,-6218,192,0.10224192589521408
54025048,-5965,6466,-5965,-6207,242,0.10225017368793488
54045040,-5965,6466,-5965,-6196,231,0.10231964290142059
54065032,-5965,6465,-5965,-6184,219,0.10242195427417755
54085024,-5965,6465,-5965,-6173,208,0.10253132879734039
54105016,-5965,6465,-5965,-6161,196,0.10250671207904816
54125008,-5899,6466,-5899,-6150,251,0.10230954736471176
54145000,-5899,6466,-5899,-6139,240,0.10216915607452393
54164992,-5899,6466,-5899,-6127,228,0.10216473042964935
54184984,-5899,6465,-5899,-6115,216,0.10235793143510818
54204976,-5900,6465,-5900,-6102,202,0.10244523733854294
54224968,-5832,6465,-5832,-6090,258,0.10247187316417694
54244960,-5832,6465,-5832,-6078,246,0.10240040719509125
54264952,-5832,6466,-5832,-6064,232,0.10221189260482788
54284944,-5831,6466,-5831,-6050,219,0.10214877873659134
54304936,-5832,6466,-5832,-6036,204,0.10226146876811981
54324928,-5759,6466,-5759,-6022,263,0.10222923755645752
54344920,-5759,6466,-5759,-6007,248,0.10194249451160431
54364912,-5759,6466,-5759,-5993,234,0.10159006714820862
54384904,-5759,6466,-5759,-5980,221,0.10141795873641968
54404896,-5759,6466,-5759,-5967,208,0.10118594765663147
54424888,-5681,6466,-5681,-5953,272,0.10101377964019775
54444880,-5681,6466,-5681,-5937,256,0.10089902579784393
54464872,-5681,6467,-5681,-5922,241,0.10078079998493195
54484864,-5681,6467,-5681,-5907,226,0.10076183080673218
54504856,-5681,6467,-5681,-5890,209,0.10039263963699341
54524848,-5600,6467,-5600,-5872,272,0.10025931894779205
54544840,-5600,6467,-5600,-5855,255,0.10013604909181595
54564832,-5600,6467,-5600,-5838,238,0.10009180009365082
54584824,-5600,6467,-5600,-5821,221,0.099824413657188416
54604816,-5600,6467,-5600,-5806,206,0.099671438336372375
54624808,-5518,6468,-5518,-5790,272,0.099249102175235748
54644800,-5518,6468,-5518,-5774,256,0.098755672574043274
54664792,-5518,6468,-5518,-5758,240,0.098161108791828156
54684784,-5518,6468,-5518,-5741,223,0.097731053829193115
54704776,-5517,6469,-5517,-5725,208,0.097473599016666412
54724768,-5430,6469,-5430,-5709,279,0.097598224878311157
54744760,-5430,6469,-5430,-5693,263,0.097562767565250397
54764752,-5430,6469,-5430,-5676,246,0.097386673092842102
54784744,-5430,6469,-5430,-5659,229,0.097227729856967926
54804736,-5430,6469,-5430,-5643,213,0.09719037264585495
54824728,-5339,6469,-5339,-5627,288,0.097239941358566284
54844720,-5339,6469,-5339,-5610,271,0.09751620888710022
54864712,-5339,6468,-5339,-5592,253,0.097709156572818756
54884704,-5339,6468,-5339,-5574,235,0.097828559577465057
54904696,-5339,6468,-5339,-5557,218,0.097897492349147797
54924688,-5242,6468,-5242,-5539,297,0.097925879061222076
54944680,-5242,6468,-5242,-5520,278,0.097759999334812164
54964672,-5242,6469,-5242,-5500,258,0.097315430641174316
54984664,-5242,6469,-5242,-5482,240,0.096685126423835754
55004656,-5242,6470,-5242,-5464,222,0.096025541424751282
55024648,-5145,6470,-5145,-5445,300,0.095547519624233246
55044640,-5145,6470,-5145,-5427,282,0.095124185085296631
55064632,-5144,6471,-5144,-5408,264,0.094434164464473724
55084624,-5144,6471,-5144,-5390,246,0.093653209507465363
55104616,-5144,6471,-5144,-5373,229,0.092952042818069458
55124608,-5043,6472,-5043,-5357,314,0.09244653582572937
55144600,-5043,6472,-5043,-5341,298,0.092137515544891357
55164592,-5043,6472,-5043,-5325,282,0.091870009899139404
55184584,-5043,6472,-5043,-5309,266,0.091712050139904022
55204576,-5043,6472,-5043,-5291,248,0.091642789542675018
55224568,-4944,6472,-4944,-5273,329,0.091670364141464233
55244560,-4944,6472,-4944,-5255,311,0.091742552816867828
55264552,-4944,6472,-4944,-5236,292,0.091789871454238892
55284544,-4944,6472,-4944,-5217,273,0.091809667646884918
55304536,-4944,6472,-4944,-5198,254,0.091655425727367401
55324528,-4838,6472,-4838,-5180,342,0.091204717755317688
55344520,-4838,6473,-4838,-5162,324,0.090722620487213135
55364512,-4838,6473,-4838,-5142,304,0.090501993894577026
55384504,-4838,6473,-4838,-5121,283,0.090494915843009949
55404496,-4838,6473,-4838,-5100,262,0.0905580073595047
55424488,-4729,6473,-4729,-5077,348,0.090510807931423187
55444480,-4729,6473,-4729,-5053,324,0.090190686285495758
55464472,-4729,6473,-4729,-5030,301,0.089990302920341492
55484464,-4729,6473,-4729,-5006,277,0.089865893125534058
55504456,-4729,6473,-4729,-4983,254,0.089815907180309296
55524448,-4621,6473,-4621,-4960,339,0.089646346867084503
55544440,-4621,6473,-4621,-4938,317,0.089508771896362305
55564432,-4621,6474,-4621,-4916,295,0.08927154541015625
55584424,-4621,6474,-4621,-4894,273,0.088890694081783295
55604416,-4620,6474,-4620,-4872,252,0.088499397039413452
55624408,-4509,6474,-4509,-4852,343,0.088623873889446259
55644400,-4509,6474,-4509,-4831,322,0.088814496994018555
55664392,-4509,6474,-4509,-4809,300,0.089060656726360321
55684384,-4509,6474,-4509,-4787,278,0.089314199984073639
55704376,-4509,6473,-4509,-4765,256,0.089644148945808411
55724368,-4380,6473,-4380,-4743,363,0.089936010539531708
55744360,-4380,6473,-4380,-4721,341,0.090210683643817902
55764352,-4380,6473,-4380,-4700,320,0.090466424822807312
55784344,-4380,6473,-4380,-4680,300,0.090555012226104736
55804336,-4380,6473,-4380,-4659,279,0.090396389365196228
55824328,-4250,6473,-4250,-4638,388,0.090306766331195831
55844320,-4250,6473,-4250,-4618,368,0.090082988142967224
55864312,-4250,6473,-4250,-4597,347,0.089777223765850067
55885137,-4250,6474,-4250,-4575,325,0.089333660900592804
55905129,-4250,6474,-4250,-4553,303,0.088767550885677338
55925121,-4127,6474,-4127,-4528,401,0.088123925030231476
55945113,-4127,6475,-4127,-4502,375,0.087357133626937866
55965105,-4126,6475,-4126,-4478,352,0.086555249989032745
55985097,-4126,6476,-4126,-4454,328,0.085745714604854584
56005089,-4126,6476,-4126,-4431,305,0.084751978516578674
56025081,-4016,6477,-4016,-4408,392,0.083749867975711823
56045073,-4016,6477,-4016,-4382,366,0.082702718675136566
56065065,-4016,6478,-4016,-4357,341,0.081827066838741302
56085057,-4016,6478,-4016,-4330,314,0.080985561013221741
56105049,-4016,6479,-4016,-4304,288,0.080225542187690735
56125041,-3913,6479,-3913,-4278,365,0.079373680055141449
56145033,-3913,6479,-3913,-4252,339,0.078610703349113464
56165025,-3912,6480,-3912,-4227,315,0.077736146748065948
56185017,-3912,6480,-3912,-4203,291,0.07696349173784256
56205009,-3912,6481,-3912,-4178,266,0.076242744922637939
56225001,-3802,6481,-3802,-4153,351,0.0754743292927742
56244993,-3802,6481,-3802,-4129,327,0.074440017342567444
56264985,-3802,6482,-3802,-4105,303,0.073114022612571716
56284977,-3801,6483,-3801,-4082,281,0.071725174784660339
56304969,-3801,6483,-3801,-4058,257,0.070230655372142792
56324961,-3689,6484,-3689,-4035,346,0.068605348467826843
56344953,-3689,6485,-3689,-4011,322,0.066882103681564331
56364945,-3689,6486,-3689,-3987,298,0.065050862729549408
56384937,-3688,6487,-3688,-3964,276,0.062943533062934875
56404929,-3688,6488,-3688,-3941,253,0.060708306729793549
56424921,-3590,6488,-3590,-3918,328,0.058441456407308578
56444913,-3589,6489,-3589,-3895,306,0.056015681475400925
56464905,-3589,6490,-3589,-3872,283,0.053340375423431396
56484897,-3589,6491,-3589,-3848,259,0.050479661673307419
56504889,-3588,6492,-3588,-3824,236,0.047354243695735931
56524881,-3515,6493,-3515,-3799,284,0.043905608355998993
56544873,-3515,6494,-3515,-3775,260,0.040133945643901825
56564865,-3515,6495,-3515,-3750,235,0.036173570901155472
56584857,-3514,6496,-3514,-3726,212,0.032120179384946823
56604849,-3514,6497,-3514,-3702,188,0.02774009108543396
56624841,-3476,6498,-3476,-3679,203,0.023074189200997353
56644833,-3476,6498,-3476,-3656,180,0.018232829868793488
56664825,-3475,6499,-3475,-3635,160,0.013160798698663712
56684817,-3475,6499,-3475,-3614,139,0.0080114603042602539
56704809,-3475,6499,-3475,-3595,120,0.0030890414491295815
56724801,-3474,6499,-3474,-3576,102,-0.0018256829353049397
56744793,-3474,6499,-3474,-3558,84,-0.0065558231435716152
56764785,-3474,6499,-3474,-3541,67,-0.011084805242717266
56784777,-3474,6499,-3474,-3525,51,-0.015409164130687714
56804769,-3475,6498,-3475,-3510,35,-0.019280673936009407
56824761,-3480,6498,-3480,-3495,15,-0.022754691541194916
56844753,-3480,6497,-3480,-3481,1,-0.025956986472010612
56864745,-3480,6497,-3480,-3470,-10,-0.028795056045055389
56884737,-3481,6496,-3481,-3460,-21,-0.031029803678393364
56904729,-3481,6496,-3481,-3450,-31,-0.033070806413888931
56924721,-3458,6496,-3458,-3441,-17,-0.03465106338262558
56944713,-3458,6495,-3458,-3434,-24,-0.035645738244056702
56964705,-3458,6495,-3458,-3429,-29,-0.036145377904176712
56984697,-3458,6495,-3458,-3424,-34,-0.036246024072170258
57004689,-3458,6495,-3458,-3420,-38,-0.035879015922546387
57024681,-3388,6496,-3388,-3416,28,-0.035027183592319489
57044673,-3388,6496,-3388,-3412,24,-0.033512730151414871
57064665,-3388,6496,-3388,-3409,21,-0.031628340482711792
57084657,-3387,6497,-3387,-3408,21,-0.029467696323990822
57104649,-3387,6497,-3387,-3407,20,-0.02693844772875309
57124641,-3254,6498,-3254,-3408,154,-0.024048220366239548
57144633,-3254,6498,-3254,-3408,154,-0.020731369033455849
57164625,-3254,6499,-3254,-3410,156,-0.016882367432117462
57184617,-3254,6499,-3254,-3411,157,-0.012640954926609993
57204609,-3254,6499,-3254,-3410,156,-0.0080563295632600784
57224601,-3063,6499,-3063,-3409,346,-0.002876711543649435
57244593,-3063,6499,-3063,-3406,343,0.0025815814733505249
57264585,-3063,6499,-3063,-3402,339,0.0080796042457222939
57284577,-3063,6499,-3063,-3395,332,0.013580397702753544
57304569,-3063,6498,-3063,-3387,324,0.019223839044570923
57324561,-2817,6497,-2817,-3378,561,0.02509540319442749
57344553,-2817,6496,-2817,-3365,548,0.030708486214280128
57364545,-2818,6495,-2818,-3350,532,0.03606250137090683
57384537,-2818,6494,-2818,-3332,514,0.041459754109382629
57404529,-2819,6492,-2819,-3312,493,0.046584866940975189
57424521,-2544,6491,-2544,-3290,746,0.051511507481336594
57444513,-2544,6489,-2544,-3267,723,0.056451667100191116
57464505,-2545,6487,-2545,-3240,695,0.061174396425485611
57484497,-2546,6485,-2546,-3211,665,0.06567566841840744
57504489,-2546,6484,-2546,-3179,633,0.069995589554309845
57524481,-2282,6482,-2282,-3144,862,0.073843911290168762
57544473,-2282,6480,-2282,-3105,823,0.077477544546127319
57564465,-2283,6478,-2283,-3063,780,0.080722130835056305
57584457,-2283,6477,-2283,-3018,735,0.083328813314437866
57604449,-2284,6476,-2284,-2972,688,0.085376553237438202
57624441,-2064,6475,-2064,-2925,861,0.087138064205646515
57644433,-2064,6474,-2064,-2876,812,0.088506303727626801
57664425,-2064,6474,-2064,-2826,762,0.089431025087833405
57684417,-2065,6473,-2065,-2773,708,0.09000907838344574
57704409,-2065,6473,-2065,-2719,654,0.090171411633491516
57724401,-1917,6473,-1917,-2663,746,0.090166106820106506
57744393,-1917,6473,-1917,-2606,689,0.089796185493469238
57764385,-1917,6474,-1917,-2549,632,0.089018784463405609
57784377,-1916,6474,-1916,-2493,577,0.088252156972885132
57804369,-1916,6475,-1916,-2437,521,0.087107330560684204
57824361,-1833,6476,-1833,-2381,548,0.085621364414691925
57844353,-1833,6477,-1833,-2326,493,0.083949439227581024
57864345,-1833,6478,-1833,-2271,438,0.082130908966064453
57884337,-1832,6479,-1832,-2219,387,0.080137237906455994
57904329,-1832,6480,-1832,-2167,335,0.078042447566986084
57924321,-1794,6481,-1794,-2117,323,0.075987033545970917
57944313,-1793,6482,-1793,-2069,276,0.073942877352237701
57965138,-1793,6483,-1793,-2023,230,0.071979425847530365
57985130,-1793,6484,-1793,-1980,187,0.070173241198062897
58005122,-1793,6484,-1793,-1939,146,0.068527474999427795
58025114,-1766,6485,-1766,-1900,134,0.066767469048500061
58045106,-1766,6486,-1766,-1865,99,0.065276533365249634
58065098,-1765,6486,-1765,-1834,69,0.064013071358203888
58085090,-1765,6487,-1765,-1806,41,0.063054457306861877
58105082,-1765,6487,-1765,-1780,15,0.0621013343334198
58125074,-1730,6487,-1730,-1758,28,0.06114974245429039
58145066,-1729,6488,-1729,-1738,9,0.060189582407474518
58165058,-1729,6488,-1729,-1720,-9,0.059391114860773087
58185050,-1729,6488,-1729,-1704,-25,0.05864546075463295
58205042,-1729,6489,-1729,-1692,-37,0.058105848729610443
58225034,-1685,6489,-1685,-1682,-3,0.058003947138786316
58245026,-1685,6488,-1685,-1673,-12,0.058274485170841217
58265018,-1685,6488,-1685,-1666,-19,0.058685418218374252
58285010,-1685,6488,-1685,-1660,-25,0.059340797364711761
58305002,-1685,6488,-1685,-1656,-29,0.060161497443914413
58324994,-1619,6487,-1619,-1654,35,0.060933753848075867
58344986,-1619,6487,-1619,-1653,34,0.061734836548566818
58364978,-1619,6487,-1619,-1652,33,0.062767423689365387
58384970,-1619,6486,-1619,-1652,33,0.063812680542469025
58404962,-1620,6486,-1620,-1653,33,0.065033107995986938
58424954,-1537,6485,-1537,-1653,116,0.066121205687522888
58444946,-1538,6485,-1538,-1654,116,0.067205987870693207
58464938,-1538,6484,-1538,-1656,118,0.068372160196304321
58484930,-1538,6484,-1538,-1658,120,0.069442078471183777
58504922,-1538,6483,-1538,-1658,120,0.070546820759773254
58524914,-1451,6483,-1451,-1658,207,0.071469992399215698
58544906,-1451,6483,-1451,-1658,207,0.072298385202884674
58564898,-1451,6482,-1451,-1658,207,0.073084160685539246
58584890,-1451,6482,-1451,-1656,205,0.073798492550849915
58604882,-1451,6481,-1451,-1651,200,0.074520498514175415
58624874,-1367,6481,-1367,-1645,278,0.075286023318767548
58644866,-1367,6481,-1367,-1638,271,0.075999028980731964
58664858,-1367,6480,-1367,-1630,263,0.076614551246166229
58684850,-1367,6480,-1367,-1621,254,0.077051356434822083
58704842,-1367,6480,-1367,-1609,242,0.077679924666881561
58724834,-1289,6480,-1289,-1596,307,0.07810017466545105
58744826,-1289,6480,-1289,-1583,294,0.078343622386455536
58764818,-1289,6479,-1289,-1571,282,0.07873699814081192
58784810,-1289,6479,-1289,-1557,268,0.079262860119342804
58804802,-1289,6479,-1289,-1543,254,0.079561054706573486
58824794,-1218,6479,-1218,-1527,309,0.079671859741210938
58844786,-1218,6479,-1218,-1511,293,0.079838238656520844
58864778,-1218,6479,-1218,-1494,276,0.080049023032188416
58884770,-1218,6479,-1218,-1476,258,0.080223739147186279
58904762,-1218,6478,-1218,-1458,240,0.080436542630195618
58924754,-1159,6478,-1159,-1440,281,0.080752164125442505
58944746,-1159,6478,-1159,-1420,261,0.081137970089912415
58964738,-1159,6478,-1159,-1399,240,0.081657834351062775
58984730,-1159,6478,-1159,-1378,219,0.082285918295383453
59004722,-1159,6477,-1159,-1358,199,0.082978986203670502
59024714,-1109,6477,-1109,-1338,229,0.083777785301208496
59044706,-1109,6476,-1109,-1318,209,0.084734618663787842
59064698,-1110,6476,-1110,-1298,188,0.085687942802906036
59084690,-1110,6475,-1110,-1279,169,0.086565181612968445
59104682,-1110,6475,-1110,-1260,150,0.087636955082416534
59124674,-1060,6474,-1060,-1244,184,0.088527843356132507
59144666,-1060,6473,-1060,-1229,169,0.089508570730686188
59164658,-1060,6473,-1060,-1216,156,0.090471237897872925
59184650,-1060,6472,-1060,-1203,143,0.091480053961277008
59204642,-1060,6472,-1060,-1190,130,0.092439010739326477
59224634,-1008,6471,-1008,-1177,169,0.093143954873085022
59244626,-1008,6471,-1008,-1165,157,0.093726016581058502
59264618,-1008,6471,-1008,-1152,144,0.094125188887119293
59284610,-1008,6470,-1008,-1140,132,0.094569079577922821
59304602,-1008,6470,-1008,-1129,121,0.095197997987270355
59324594,-958,6470,-958,-1118,160,0.095797568559646606
59344586,-958,6469,-958,-1108,150,0.096136465668678284
59364578,-958,6469,-958,-1098,140,0.096248619258403778
59384570,-958,6469,-958,-1088,130,0.09618888795375824
59404562,-958,6470,-958,-1077,119,0.095919169485569
59424554,-916,6470,-916,-1066,150,0.095566548407077789
59444546,-916,6470,-916,-1055,139,0.095259547233581543
59464538,-916,6470,-916,-1044,128,0.094981275498867035
59484530,-916,6470,-916,-1034,118,0.094581387937068939
59504522,-916,6471,-916,-1023,107,0.094230733811855316
59524514,-882,6471,-882,-1014,132,0.093808464705944061
59544506,-882,6471,-882,-1005,123,0.093210965394973755
59564498,-882,6472,-882,-995,113,0.092639796435832977
59584490,-882,6472,-882,-985,103,0.091926850378513336
59604482,-882,6473,-882,-977,95,0.09109603613615036
59624474,-855,6473,-855,-970,115,0.090372495353221893
59644466,-855,6473,-855,-964,109,0.089995384216308594
59664458,-855,6473,-855,-958,103,0.089655682444572449
59684450,-855,6474,-855,-953,98,0.089396059513092041
59704442,-855,6474,-855,-946,91,0.089310474693775177
59724434,-831,6474,-831,-940,109,0.08933769166469574
59744426,-831,6474,-831,-933,102,0.089239165186882019
59764418,-831,6474,-831,-926,95,0.089245527982711792
59784410,-831,6474,-831,-918,87,0.089385859668254852
59804402,-831,6473,-831,-910,79,0.089562267065048218
59824394,-802,6473,-802,-902,100,0.089752309024333954
59844386,-802,6473,-802,-894,92,0.089938513934612274
59864378,-802,6473,-802,-887,85,0.09026847779750824
59884370,-802,6473,-802,-879,77,0.090687818825244904
59904362,-802,6472,-802,-873,71,0.091301277279853821
59924354,-772,6472,-772,-867,95,0.092175193130970001
59944346,-772,6471,-772,-863,91,0.093130618333816528
59964338,-772,6471,-772,-857,85,0.094227597117424011
59984330,-772,6470,-772,-853,81,0.094939030706882477
60004322,-772,6470,-772,-849,77,0.095426663756370544
60024314,-732,6470,-732,-846,114,0.095922201871871948
60045139,-733,6469,-733,-842,109,0.096448637545108795
60065131,-733,6469,-733,-837,104,0.09697539359331131
60085123,-733,6469,-733,-832,99,0.097554139792919159
60105115,-733,6468,-733,-827,94,0.098188996315002441
60125107,-693,6468,-693,-821,128,0.098557226359844208
60145099,-693,6468,-693,-814,121,0.098763123154640198
60165091,-693,6468,-693,-807,114,0.09905628114938736
60185083,-693,6467,-693,-802,109,0.099531486630439758
60205075,-693,6467,-693,-799,106,0.10008647292852402
60225067,-654,6467,-654,-796,142,0.10055091977119446
60245059,-654,6466,-654,-792,138,0.10101141780614853
60265051,-654,6466,-654,-788,134,0.10140515118837357
60285043,-654,6466,-654,-783,129,0.10159175097942352
60305035,-654,6466,-654,-777,123,0.10157069563865662
60325027,-615,6466,-615,-770,155,0.10115952789783478
60345019,-615,6467,-615,-763,148,0.10069924592971802
60365011,-615,6467,-615,-757,142,0.10021986067295074
60385003,-615,6467,-615,-750,135,0.099868074059486389
60404995,-615,6467,-615,-741,126,0.099729329347610474
60424987,-585,6467,-585,-732,147,0.099909469485282898
60444979,-586,6467,-586,-723,137,0.10018899291753769
60464971,-586,6467,-586,-715,129,0.10038613528013229
60484963,-586,6467,-586,-707,121,0.10059598088264465
60504955,-586,6467,-586,-700,114,0.10059545189142227
60524947,-561,6467,-561,-693,132,0.10047682374715805
60544939,-561,6467,-561,-687,126,0.10048239678144455
60564931,-561,6467,-561,-681,120,0.10064211487770081
60584923,-561,6466,-561,-676,115,0.10083751380443573
60604915,-561,6466,-561,-668,107,0.10105806589126587
60624907,-536,6466,-536,-662,126,0.10120228677988052
60644899,-536,6466,-536,-655,119,0.10126902163028717
60664891,-536,6466,-536,-646,110,0.101126529276371
60684883,-536,6466,-536,-635,99,0.10102982819080353
60704875,-536,6466,-536,-624,88,0.10098014771938324
60724867,-511,6466,-511,-614,103,0.10091026872396469
60744859,-511,6466,-511,-602,91,0.10086805373430252
60764851,-511,6466,-511,-591,80,0.10088475793600082
60784843,-511,6467,-511,-582,71,0.10080670565366745
60804835,-511,6466,-511,-575,64,0.10081093013286591
60824827,-488,6466,-488,-569,81,0.10091649740934372
60844819,-488,6466,-488,-564,76,0.10113397240638733
60864811,-488,6466,-488,-558,70,0.10132302343845367
60884803,-488,6466,-488,-554,66,0.10168737918138504
60904795,-488,6466,-488,-550,62,0.10228434950113297
60924787,-465,6465,-465,-546,81,0.10278168320655823
60944779,-465,6465,-465,-543,78,0.10315936803817749
60964771,-466,6465,-466,-539,73,0.10365400463342667
60984763,-466,6464,-466,-535,69,0.10425743460655212
61004755,-466,6464,-466,-531,65,0.10478565096855164
61024747,-442,6464,-442,-527,85,0.10517158359289169
61044739,-442,6463,-442,-523,81,0.10559913516044617
61064731,-442,6463,-442,-519,77,0.10617300868034363
61084723,-442,6463,-442,-514,72,0.10654228925704956
61104715,-442,6463,-442,-509,67,0.10667072981595993
61124707,-421,6463,-421,-503,82,0.10664176195859909
61144699,-421,6463,-421,-497,76,0.10672358423471451
61164691,-421,6463,-421,-492,71,0.10667998343706131
61184683,-421,6463,-421,-487,66,0.10652294009923935
61204675,-421,6463,-421,-485,64,0.10619337111711502
61224667,-405,6463,-405,-483,78,0.10575202852487564
61244659,-405,6464,-405,-481,76,0.10527964681386948
61264651,-405,6464,-405,-479,74,0.10479868948459625
61284643,-405,6464,-405,-476,71,0.10441999882459641
61304635,-405,6464,-405,-473,68,0.10413996875286102
61324627,-388,6465,-388,-470,82,0.10374852269887924
61344619,-388,6465,-388,-467,79,0.10345236212015152
61364611,-388,6465,-388,-463,75,0.1033935472369194
61384603,-388,6465,-388,-458,70,0.10328765958547592
61404595,-388,6465,-388,-454,66,0.10303507000207901
61424587,-364,6465,-364,-449,85,0.10282018780708313
61444579,-364,6465,-364,-446,82,0.10248447209596634
61464571,-364,6466,-364,-442,78,0.10203321278095245
61484563,-364,6466,-364,-440,76,0.10173255950212479
61504555,-364,6466,-364,-437,73,0.10167195647954941
61524547,-348,6466,-348,-434,86,0.10179919749498367
61544539,-348,6466,-348,-431,83,0.10180596262216568
61564531,-348,6466,-348,-428,80,0.10166982561349869
61584523,-348,6466,-348,-427,79,0.10148152709007263
61604515,-348,6466,-348,-425,77,0.10125169903039932
61624507,-329,6466,-329,-422,93,0.10096631199121475
61644499,-329,6467,-329,-418,89,0.10071225464344025
61664491,-329,6467,-329,-415,86,0.10062640905380249
61684483,-329,6467,-329,-412,83,0.10064169764518738
61704475,-329,6467,-329,-409,80,0.10065643489360809
61724467,-312,6467,-312,-406,94,0.10072100907564163
61744459,-312,6466,-312,-403,91,0.10099321603775024
61764451,-312,6466,-312,-398,86,0.10129524022340775
61784443,-312,6466,-312,-392,80,0.10178845375776291
61804435,-312,6466,-312,-385,73,0.10231174528598785
61824427,-295,6465,-295,-378,83,0.10294103622436523
61844419,-295,6465,-295,-372,77,0.10355785489082336
61864411,-295,6464,-295,-366,71,0.10403154045343399
61884403,-295,6464,-295,-360,65,0.10441028326749802
61904395,-295,6464,-295,-356,61,0.10495765507221222
61924387,-283,6463,-283,-352,69,0.10563173145055771
61944379,-283,6463,-283,-350,67,0.10626904666423798
61964371,-283,6462,-283,-348,65,0.10693810880184174
61984363,-283,6462,-283,-345,62,0.10763765871524811
62004355,-283,6462,-283,-341,58,0.10816951841115952
62024347,-266,6461,-266,-336,70,0.10852520912885666
62044339,-266,6461,-266,-330,64,0.10886248201131821
62064331,-266,6461,-266,-326,60,0.10915055871009827
62084323,-266,6461,-266,-322,56,0.10942243039608002
62104315,-266,6460,-266,-319,53,0.1096825897693634
62125140,-251,6460,-251,-316,65,0.1097622737288475
62145132,-251,6460,-251,-313,62,0.10982456803321838
62165124,-251,6460,-251,-311,60,0.11004992574453354
62185116,-251,6460,-251,-309,58,0.11032052338123322
62205108,-251,6460,-251,-307,56,0.11057927459478378
62225100,-234,6460,-234,-307,73,0.11052024364471436
62245092,-234,6460,-234,-307,73,0.11025413870811462
62265084,-234,6460,-234,-306,72,0.10988040268421173
62285076,-234,6461,-234,-303,69,0.10954751074314117
62305068,-234,6461,-234,-299,65,0.10912680625915527
62325060,-220,6461,-220,-296,76,0.10860107839107513
62345052,-220,6462,-220,-292,72,0.10810630023479462
62365044,-220,6462,-220,-287,67,0.10766396671533585
62385036,-220,6462,-220,-281,61,0.107229083776474
62405028,-220,6462,-220,-275,55,0.10677892714738846
62425020,-215,6463,-215,-270,55,0.10620178282260895
62445012,-215,6463,-215,-264,49,0.10541202127933502
62465004,-215,6464,-215,-258,43,0.10458412766456604
62484996,-215,6465,-215,-252,37,0.10353963077068329
62504988,-215,6465,-215,-247,32,0.10268916189670563
62524980,-209,6466,-209,-241,32,0.10196951031684875
62544972,-209,6466,-209,-238,29,0.10111440718173981
62564964,-209,6467,-209,-237,28,0.10038978606462479
62584956,-209,6467,-209,-237,28,0.099855884909629822
62604948,-209,6468,-209,-236,27,0.099228039383888245
62624940,-197,6468,-197,-235,38,0.098695479333400726
62644932,-197,6468,-197,-233,36,0.098358131945133209
62664924,-197,6468,-197,-230,33,0.098334595561027527
62684916,-197,6468,-197,-228,31,0.098504781723022461
62704908,-197,6468,-197,-225,28,0.09870583564043045
62724900,-178,6468,-178,-222,44,0.099094823002815247
62744892,-178,6467,-178,-220,42,0.099463082849979401
62764884,-178,6467,-178,-220,42,0.10017600655555725
62784876,-178,6466,-178,-219,41,0.10099597275257111
62804868,-178,6466,-178,-218,40,0.10198535025119781
62824860,-168,6465,-168,-218,50,0.10308407247066498
62844852,-168,6464,-168,-216,48,0.10427781939506531
62864844,-168,6463,-168,-214,46,0.10549663752317429
62884836,-168,6463,-168,-211,43,0.10659004747867584
62904828,-168,6462,-168,-208,40,0.10755859315395355
62924820,-158,6461,-158,-204,46,0.10860050469636917
62944812,-158,6461,-158,-200,42,0.10944014042615891
62964804,-158,6460,-158,-196,38,0.11014989018440247
62984796,-158,6460,-158,-191,33,0.11097382754087448
63004788,-158,6459,-158,-187,29,0.11155636608600616
63024780,-151,6459,-151,-182,31,0.1117815375328064
63044772,-151,6459,-151,-177,26,0.11183640360832214
63064764,-151,6459,-151,-173,22,0.11188741028308868
63084756,-151,6459,-151,-169,18,0.11176071316003799
63104748,-151,6459,-151,-165,14,0.11128346621990204
63124740,-144,6460,-144,-162,18,0.11063086241483688
63144732,-144,6460,-144,-159,15,0.1097768172621727
63164724,-144,6461,-144,-157,13,0.10899168252944946
63184716,-144,6461,-144,-156,12,0.10837088525295258
63204708,-144,6462,-144,-154,10,0.10806351900100708
63224700,-140,6462,-140,-153,13,0.10764831304550171
63244692,-140,6462,-140,-150,10,0.10732410103082657
63264684,-140,6462,-140,-148,8,0.10679437965154648
63284676,-140,6463,-140,-146,6,0.10616833716630936
63304668,-140,6463,-140,-143,3,0.1055043488740921
63324660,-133,6464,-133,-139,6,0.10479132831096649
63344652,-133,6464,-133,-138,5,0.10415082424879074
63364644,-133,6465,-133,-138,5,0.10363832861185074
63384636,-133,6465,-133,-137,4,0.10327760130167007
63404628,-133,6465,-133,-134,1,0.1031930223107338
63424620,-127,6465,-127,-131,4,0.10311343520879745
63444612,-127,6465,-127,-129,2,0.10292316973209381
63464604,-127,6465,-127,-129,2,0.1025831326842308
63484596,-127,6465,-127,-128,1,0.10237777233123779
63504588,-127,6466,-127,-127,0,0.1021680161356926
63524580,-125,6466,-125,-126,1,0.10192739963531494
63544572,-125,6466,-125,-125,0,0.10191056877374649
63564564,-125,6466,-125,-125,0,0.10198286175727844
63584556,-125,6466,-125,-125,0,0.10204862803220749
63604548,-125,6466,-125,-126,1,0.10223810374736786
63624540,-120,6465,-120,-126,6,0.10252845287322998
63644532,-120,6465,-120,-125,5,0.10299780964851379
63664524,-120,6465,-120,-124,4,0.10350345820188522
63684516,-120,6464,-120,-123,3,0.104091577231884
63704508,-120,6464,-120,-121,1,0.10459782183170319
63724500,-113,6464,-113,-120,7,0.1050555408000946
63744492,-113,6463,-113,-120,7,0.10568005591630936
63764484,-113,6463,-113,-120,7,0.10623811185359955
63784476,-113,6462,-113,-119,6,0.10676772892475128
63804468,-113,6462,-113,-120,7,0.10747479647397995
63824460,-106,6462,-106,-120,14,0.10811828076839447
63844452,-106,6461,-106,-119,13,0.1088566929101944
63864444,-106,6461,-106,-118,12,0.10938295722007751
63884436,-106,6460,-106,-117,11,0.10989898443222046
63904428,-106,6460,-106,-117,11,0.1101415678858757
63924420,-99,6460,-99,-118,19,0.1102437824010849
63944412,-99,6460,-99,-117,18,0.11020412296056747
63964404,-99,6460,-99,-118,19,0.11009661108255386
63984396,-99,6460,-99,-118,19,0.10986661911010742
64004388,-99,6461,-99,-119,20,0.10957866907119751
64024380,-95,6461,-95,-120,25,0.10926158726215363
64044372,-95,6461,-95,-121,26,0.10894224047660828
64064364,-95,6461,-95,-121,26,0.1086668074131012
64084356,-95,6461,-95,-121,26,0.10829100757837296
64104348,-95,6462,-95,-121,26,0.10776326060295105
64124340,-94,6462,-94,-120,26,0.10723420232534409
64144332,-94,6463,-94,-119,25,0.10658352077007294
64164324,-94,6463,-94,-118,24,0.10592219233512878
64184316,-94,6463,-94,-118,24,0.10531830787658691
64205141,-94,6464,-94,-120,26,0.10483492910861969
64225133,-92,6464,-92,-121,29,0.10443869978189468
64245125,-92,6464,-92,-122,30,0.10389351844787598
64265117,-92,6465,-92,-122,30,0.10308437794446945
64285109,-92,6466,-92,-121,29,0.10226632654666901
64305101,-92,6466,-92,-120,28,0.10152044147253036
64325093,-83,6467,-83,-118,35,0.10070430487394333
64345085,-83,6467,-83,-116,33,0.099924199283123016
64365077,-83,6467,-83,-115,32,0.099479004740715027
64385069,-83,6468,-83,-113,30,0.098873719573020935
64405061,-83,6468,-83,-111,28,0.097869135439395905
64425053,-78,6469,-78,-111,33,0.096603378653526306
64445045,-78,6470,-78,-111,33,0.09546227753162384
64465037,-78,6471,-78,-109,31,0.094430886209011078
64485029,-78,6471,-78,-107,29,0.093470066785812378
64505021,-78,6472,-78,-106,28,0.09254445880651474
64525013,-70,6472,-70,-104,34,0.091591343283653259
64545005,-70,6473,-70,-102,32,0.090500630438327789
64564997,-70,6474,-70,-101,31,0.089160561561584473
64584989,-70,6474,-70,-100,30,0.087784357368946075
64604981,-70,6475,-70,-99,29,0.086477562785148621
64624973,-66,6476,-66,-97,31,0.085134334862232208
64644965,-66,6477,-66,-95,29,0.083402767777442932
64664957,-66,6478,-66,-93,27,0.081437833607196808
64684949,-65,6479,-65,-90,25,0.079478226602077484
64704941,-65,6480,-65,-88,23,0.077708251774311066
64724933,-72,6481,-72,-86,14,0.07631249725818634
64744925,-71,6481,-71,-86,15,0.074841134250164032
64764917,-71,6482,-71,-85,14,0.073256455361843109
64784909,-71,6483,-71,-83,12,0.071638353168964386
64804901,-71,6483,-71,-82,11,0.070203855633735657
64824893,-76,6484,-76,-80,4,0.068967454135417938
64844885,-76,6485,-76,-80,4,0.067835606634616852
64864877,-76,6485,-76,-79,3,0.066953837871551514
64884869,-76,6485,-76,-77,1,0.066339217126369476
64904861,-76,6485,-76,-75,-1,0.065748289227485657
64924853,-75,6486,-75,-75,0,0.065307997167110443
64944845,-75,6486,-75,-75,0,0.064884647727012634
64964837,-75,6486,-75,-76,1,0.064430065453052521
64984829,-75,6486,-75,-77,2,0.063897378742694855
65004821,-75,6486,-75,-78,3,0.063476093113422394
65024813,-69,6487,-69,-79,10,0.063125483691692352
65044805,-69,6487,-69,-80,11,0.06267237663269043
65064797,-69,6487,-69,-80,11,0.062413696199655533
65084789,-69,6487,-69,-80,11,0.062217414379119873
65104781,-69,6487,-69,-80,11,0.062033802270889282
65124773,-64,6487,-64,-80,16,0.061995629221200943
65144765,-64,6487,-64,-82,18,0.06197265163064003
65164757,-64,6487,-64,-82,18,0.061986297369003296
65184749,-64,6487,-64,-83,19,0.062055088579654694
65204741,-64,6487,-64,-84,20,0.061995230615139008
65224733,-59,6487,-59,-83,24,0.06183939054608345
65244725,-59,6487,-59,-83,24,0.06170426681637764
65264717,-59,6487,-59,-81,22,0.061343349516391754
65284709,-59,6488,-59,-79,20,0.060744058340787888
65304701,-59,6488,-59,-76,17,0.059922769665718079
65324693,-61,6488,-61,-75,14,0.058937083929777145
65344685,-61,6489,-61,-72,11,0.057840991765260696
65364677,-61,6489,-61,-71,10,0.056706201285123825
65384669,-61,6490,-61,-71,10,0.055338125675916672
65404661,-61,6490,-61,-69,8,0.054185438901185989
65424653,-60,6490,-60,-65,5,0.053079694509506226
65444645,-60,6491,-60,-64,4,0.051958579570055008
65464637,-60,6491,-60,-63,3,0.050882142037153244
65484629,-60,6491,-60,-63,3,0.049854230135679245
65504621,-60,6492,-60,-63,3,0.048733387142419815
65524613,-61,6492,-61,-62,1,0.047484621405601501
65544605,-61,6493,-61,-61,0,0.046188011765480042
65564597,-61,6493,-61,-60,-1,0.044837377965450287
65584589,-61,6493,-61,-59,-2,0.043433573096990585
65604581,-61,6494,-61,-58,-3,0.042082346975803375
65624573,-59,6494,-59,-58,-1,0.040941689163446426
65644565,-59,6494,-59,-57,-2,0.03987899050116539
65664557,-59,6495,-59,-57,-2,0.038748204708099365
65684549,-59,6495,-59,-56,-3,0.037659455090761185
65704541,-59,6495,-59,-55,-4,0.036680389195680618
65724533,-54,6495,-54,-54,0,0.035776648670434952
65744525,-54,6496,-54,-53,-1,0.035054326057434082
65764517,-54,6496,-54,-52,-2,0.034293271601200104
65784509,-54,6496,-54,-51,-3,0.033498425036668777
65804501,-54,6496,-54,-49,-5,0.032832305878400803
65824493,-51,6496,-51,-48,-3,0.032284524291753769
65844485,-51,6496,-51,-46,-5,0.031593684107065201
65864477,-51,6496,-51,-46,-5,0.030812447890639305
65884469,-51,6497,-51,-47,-4,0.029999416321516037
65904461,-51,6497,-51,-48,-3,0.029166601598262787
65924453,-47,6497,-47,-49,2,0.028521936386823654
65944445,-47,6497,-47,-50,3,0.028018796816468239
65964437,-47,6497,-47,-51,4,0.027555204927921295
65984429,-47,6497,-47,-54,7,0.027436114847660065
66004421,-47,6497,-47,-56,9,0.027224045246839523
66024413,-49,6497,-49,-57,8,0.026985421776771545
66044405,-49,6497,-49,-57,8,0.026745010167360306
66064397,-49,6497,-49,-58,9,0.026679160073399544
66084389,-49,6497,-49,-57,8,0.026606863364577293
66104381,-49,6497,-49,-56,7,0.026479290798306465
66124373,-51,6497,-51,-56,5,0.02630777470767498
66144365,-51,6497,-51,-54,3,0.025867484509944916
66164357,-51,6497,-51,-51,0,0.025297559797763824
66184349,-51,6498,-51,-47,-4,0.024748550727963448
66204341,-51,6498,-51,-45,-6,0.024474821984767914
66224333,-49,6498,-49,-42,-7,0.024226861074566841
66244325,-49,6498,-49,-40,-9,0.023932140320539474
66264317,-49,6498,-49,-37,-12,0.023725179955363274
66285142,-49,6498,-49,-36,-13,0.023407705128192902
66305134,-49,6498,-49,-35,-14,0.022829441353678703
66325126,-50,6498,-50,-34,-16,0.022025888785719872
66345118,-50,6498,-50,-32,-18,0.021360447630286217
66365110,-50,6498,-50,-32,-18,0.020752856507897377
66385102,-50,6498,-50,-33,-17,0.020310724154114723
66405094,-50,6498,-50,-34,-16,0.019871426746249199
66425086,-52,6498,-52,-35,-17,0.019485136494040489
66445078,-52,6498,-52,-36,-16,0.019025033339858055
66465070,-52,6498,-52,-36,-16,0.018446838483214378
66485062,-52,6498,-52,-37,-15,0.01762843132019043
66505054,-52,6499,-52,-38,-14,0.016713710501790047
66525046,-49,6499,-49,-42,-7,0.015504981391131878
66545038,-49,6499,-49,-45,-4,0.014360567554831505
66565030,-49,6499,-49,-49,0,0.013241343200206757
66585022,-49,6499,-49,-52,3,0.012394518591463566
66605014,-49,6499,-49,-55,6,0.011712581850588322
66625006,-41,6499,-41,-58,17,0.011090313084423542
66644998,-41,6499,-41,-62,21,0.010678751394152641
66664990,-41,6499,-41,-65,24,0.010344145819544792
66684982,-41,6499,-41,-66,25,0.010017360560595989
66704974,-41,6499,-41,-68,27,0.0096679022535681725
66724966,-34,6499,-34,-69,35,0.0093686068430542946
66744958,-34,6499,-34,-71,37,0.0092226024717092514
66764950,-34,6499,-34,-72,38,0.0090647796168923378
66784942,-34,6499,-34,-73,39,0.008879651315510273
66804934,-34,6499,-34,-73,39,0.0086760800331830978
66824926,-26,6499,-26,-73,47,0.0083957705646753311
66844918,-26,6499,-26,-72,46,0.0079945633187890053
66864910,-26,6499,-26,-71,45,0.007676838431507349
66884902,-26,6499,-26,-71,45,0.0075024580582976341
66904894,-26,6499,-26,-69,43,0.0071986885741353035
66924886,-16,6499,-16,-66,50,0.0068384231999516487
66944878,-16,6499,-16,-63,47,0.0063328738324344158
66964870,-16,6499,-16,-61,45,0.0054115564562380314
66984862,-16,6499,-16,-59,43,0.0043626120314002037
67004854,-16,6499,-16,-55,39,0.003241928294301033
67024846,-13,6499,-13,-51,38,0.0019842230249196291
67044838,-13,6499,-13,-49,36,0.00096710934303700924
67064830,-13,6500,0,-46,46,3.8067410059738904e-05
67084822,-13,6499,0,-44,44,-0.00076281221117824316
67104814,-13,6499,0,-40,40,-0.0012208893895149231
67124806,157,6499,157,-37,194,-0.00083659333176910877
67144798,157,6499,157,-34,191,0.00084808922838419676
67164790,157,6499,157,-32,189,0.0037500811740756035
67184782,157,6499,157,-30,187,0.0076353792101144791
67204774,157,6499,157,-27,184,0.012241857126355171
67224766,6361,6499,6361,-24,6385,0.017397426068782806
67244758,6361,6498,6361,-19,6380,0.022699911147356033
67264750,6361,6497,6361,-9,6370,0.028055004775524139
67284742,6361,6496,6361,11,6350,0.03343016654253006
67304734,6362,6495,6362,43,6319,0.038588162511587143
67324726,6357,6493,6357,90,6267,0.043084383010864258
67344718,6357,6492,6357,152,6205,0.047021850943565369
67364710,6358,6491,6358,229,6129,0.050527386367321014
67384702,6358,6490,6358,322,6036,0.053675398230552673
67404694,6358,6489,6358,429,5929,0.05638379231095314
67424686,6351,6488,6351,549,5802,0.058630324900150299
67444678,6351,6488,6351,680,5671,0.060544062405824661
67464670,6351,6487,6351,821,5530,0.062050294131040573
67484662,6352,6486,6352,970,5382,0.063477098941802979
67504654,6352,6486,6352,1126,5226,0.064866788685321808
67524646,6345,6485,6345,1287,5058,0.066242747008800507
67544638,6345,6485,6345,1453,4892,0.067604392766952515
67564630,6345,6484,6345,1622,4723,0.069034554064273834
67584622,6345,6483,6345,1795,4550,0.07057458907365799
67604614,6346,6483,6346,1971,4375,0.07226090133190155
67624606,6339,6482,6339,2149,4190,0.074037849903106689
67644598,6339,6481,6339,2327,4012,0.075784265995025635
67664590,6339,6480,6339,2507,3832,0.077375985682010651
67684582,6339,6479,6339,2688,3651,0.078840412199497223
67704574,6340,6479,6340,2869,3471,0.08003244549036026
67724566,6333,6478,6333,3052,3281,0.080720722675323486
67744558,6333,6478,6333,3234,3099,0.081191003322601318
67764550,6333,6478,6333,3417,2916,0.081367179751396179
67784542,6333,6478,6333,3600,2733,0.081413865089416504
67804534,6333,6478,6333,3783,2550,0.081528596580028534
67824526,6329,6478,6329,3967,2362,0.081633076071739197
67844518,6329,6478,6329,4151,2178,0.081611156463623047
67864510,6329,6478,6329,4334,1995,0.081251122057437897
67884502,6329,6478,6329,4517,1812,0.080714516341686249
67904494,6329,6479,6329,4698,1631,0.080018922686576843
67924486,6328,6479,6328,4879,1449,0.079409457743167877
67944478,6328,6479,6328,5056,1272,0.079060949385166168
67964470,6328,6479,6328,5230,1098,0.078775666654109955
67984462,6328,6479,6328,5399,929,0.07849401980638504
68004454,6328,6480,6328,5562,766,0.078278303146362305
68024446,6333,6480,6333,5717,616,0.077897123992443085
68044438,6332,6480,6332,5864,468,0.077421426773071289
68064430,6332,6480,6332,6003,329,0.077357940375804901
68084422,6332,6480,6332,6132,200,0.077783271670341492
68104414,6333,6480,6333,6252,81,0.078408241271972656
68124406,6341,6479,6341,6361,-20,0.079415060579776764
68144398,6341,6478,6341,6459,-118,0.080647587776184082
68164390,6341,6478,6341,6546,-205,0.082129254937171936
68184382,6341,6477,6341,6621,-280,0.083877429366111755
68204374,6342,6476,6342,6683,-341,0.085615329444408417
68224366,6346,6475,6346,6736,-390,0.087490074336528778
68244358,6346,6474,6346,6778,-432,0.089343421161174774
68264350,6347,6472,6347,6810,-463,0.091351456940174103
68284342,6347,6471,6347,6833,-486,0.093398608267307281
68304334,6348,6470,6348,6848,-500,0.095460496842861176
68324326,6345,6469,6345,6856,-511,0.097381338477134705
68344318,6345,6468,6345,6858,-513,0.099220462143421173
68364310,6345,6466,6345,6854,-509,0.10088517516851425
68385135,6346,6465,6346,6844,-498,0.10245566815137863
68405127,6346,6464,6346,6830,-484,0.10392039269208908
68425119,6333,6464,6333,6814,-481,0.10529362410306931
68445111,6334,6462,6334,6793,-459,0.106855608522892
68465103,6334,6461,6334,6770,-436,0.10827004909515381
68485095,6334,6461,6334,6744,-410,0.10953673720359802
68505087,6335,6460,6335,6717,-382,0.11062333732843399
68525079,6313,6459,6313,6688,-375,0.11145180463790894
68545071,6313,6459,6313,6659,-346,0.11201338469982147
68565063,6313,6458,6313,6629,-316,0.11241390556097031
68585055,6313,6458,6313,6597,-284,0.11250916868448257
68605047,6313,6458,6313,6565,-252,0.112403504550457
68625039,6283,6459,6283,6532,-249,0.11197888106107712
68645031,6283,6459,6283,6500,-217,0.11120228469371796
68665023,6283,6460,6283,6470,-187,0.11022994667291641
68685015,6283,6461,6283,6441,-158,0.10911434143781662
68705007,6282,6462,6282,6413,-131,0.107775017619133
68724999,6251,6463,6251,6386,-135,0.1059499979019165
68744991,6251,6465,6251,6361,-110,0.10378685593605042
68764983,6250,6466,6250,6338,-88,0.101413294672966
68784975,6250,6468,6250,6316,-66,0.098670601844787598
68804967,6249,6470,6249,6295,-46,0.095664806663990021
68824959,6225,6472,6225,6274,-49,0.092502214014530182
68844951,6224,6474,6224,6254,-30,0.089161902666091919
68864943,6223,6476,6223,6236,-13,0.085592150688171387
68884935,6222,6478,6222,6219,3,0.081813596189022064
68904927,6222,6480,6222,6202,20,0.077652968466281891
68924919,4396,6482,4396,6187,-1791,0.073347225785255432
68944911,4395,6484,4395,6173,-1778,0.069070324301719666
68964903,4395,6486,4395,6158,-1763,0.06488751620054245
68984895,4394,6487,4394,6138,-1744,0.060905084013938904
69004887,4393,6489,4393,6110,-1717,0.057172339409589767
69024879,4346,6490,4346,6071,-1725,0.053684178739786148
69044871,4346,6491,4346,6022,-1676,0.050425194203853607
69064863,4345,6492,4345,5962,-1617,0.047188065946102142
69084855,4345,6493,4345,5892,-1547,0.043995045125484467
69104847,4345,6494,4345,5813,-1468,0.040589671581983566
69124839,4327,6495,4327,5725,-1398,0.036886736750602722
69144831,4327,6496,4327,5630,-1303,0.032921291887760162
69164823,4326,6497,4326,5530,-1204,0.028686754405498505
69184815,4326,6498,4326,5423,-1097,0.023916527628898621
69204807,4326,6498,4326,5314,-988,0.018534913659095764
69224799,4341,6499,4341,5202,-861,0.012440458871424198
69244791,4340,6499,4340,5089,-749,0.0057201385498046875
69264783,4340,6499,4340,4979,-639,-0.0016153985634446144
69284775,4341,6499,4341,4871,-530,-0.0093148518353700638
69304767,4341,6499,4341,4766,-425,-0.01746605709195137
69324759,4387,6497,4387,4666,-279,-0.026068495586514473
69344751,4387,6496,4387,4571,-184,-0.035003665834665298
69364743,4388,6493,4388,4481,-93,-0.044361531734466553
69384735,4390,6490,4390,4398,-8,-0.054081127047538757
69404727,4391,6486,4391,4322,69,-0.06412111222743988
69424719,4453,6481,4453,4255,198,-0.074460238218307495
69444711,4456,6476,4456,4194,262,-0.084992401301860809
69464703,4458,6470,4458,4142,316,-0.095635183155536652
69484695,4462,6463,4462,4097,365,-0.10646520555019379
69504687,4465,6455,4465,4060,405,-0.11740612983703613
69524679,4531,6446,4531,4032,499,-0.12831597030162811
69544671,4535,6437,4535,4010,525,-0.13916981220245361
69564663,4539,6427,4539,3996,543,-0.14996075630187988
69584655,4544,6416,4544,3988,556,-0.16060534119606018
69604647,4549,6405,4549,3987,562,-0.17099609971046448
69624639,4608,6393,4608,3991,617,-0.18109732866287231
69644631,4613,6381,4613,4002,611,-0.19092546403408051
69664623,4619,6369,4619,4017,602,-0.20037150382995605
69684615,4624,6358,4624,4037,587,-0.20926839113235474
69704607,4629,6346,4629,4061,568,-0.21769009530544281
69724599,4671,6335,4671,4087,584,-0.22554992139339447
69744591,4676,6324,4676,4118,558,-0.23283496499061584
69764583,4680,6314,4680,4151,529,-0.2395724356174469
69784575,4685,6304,4685,4186,499,-0.24576392769813538
69804567,4689,6295,4689,4222,467,-0.25137171149253845
69824559,4707,6287,4707,4259,448,-0.25646635890007019
69844551,4710,6279,4710,4295,415,-0.26105603575706482
69864543,4713,6273,4713,4332,381,-0.26503267884254456
69884535,4716,6267,4716,4368,348,-0.26846477389335632
69904527,4718,6262,4718,4403,315,-0.27120381593704224
69924519,4709,6258,4709,4436,273,-0.27323049306869507
69944511,4710,6256,4710,4467,243,-0.27464833855628967
69964503,4711,6254,4711,4497,214,-0.27553808689117432
69984495,4711,6254,4711,4525,186,-0.27591702342033386
70004487,4711,6254,4711,4550,161,-0.27570760250091553
70024479,4670,6255,4670,4572,98,-0.27498626708984375
70044471,4669,6257,4669,4590,79,-0.27382311224937439
70064463,4668,6260,4668,4606,62,-0.2721429169178009
70084455,4666,6264,4666,4619,47,-0.26995179057121277
70104447,4664,6269,4664,4629,35,-0.2672993540763855
70124439,4589,6274,4589,4637,-48,-0.26428323984146118
70144431,4586,6280,4586,4641,-55,-0.26089611649513245
70164423,4584,6286,4584,4643,-59,-0.25724706053733826
70184415,4581,6292,4581,4642,-61,-0.25332793593406677
70204407,4578,6299,4578,4637,-59,-0.24908556044101715
70224399,4466,6306,4466,4630,-164,-0.24469879269599915
70244391,4462,6313,4462,4622,-160,-0.24009515345096588
70264383,4459,6320,4459,4612,-153,-0.23526638746261597
70284375,4456,6328,4456,4600,-144,-0.23028770089149475
70304367,4452,6336,4452,4585,-133,-0.22508600354194641
70324359,4305,6343,4305,4569,-264,-0.21976867318153381
70344351,4301,6351,4301,4551,-250,-0.21437752246856689
70364343,4298,6358,4298,4531,-233,-0.20899273455142975
70384335,4295,6365,4295,4510,-215,-0.20363219082355499
70404327,4292,6372,4292,4488,-196,-0.19835640490055084
70424319,4116,6378,4116,4465,-349,-0.19326102733612061
70444311,4114,6385,4114,4442,-328,-0.18829728662967682
70465136,4111,6390,4111,4418,-307,-0.18354640901088715
70485128,4109,6396,4109,4391,-282,-0.17892433702945709
70505120,4107,6401,4107,4364,-257,-0.17448756098747253
70525112,3920,6406,3920,4334,-414,-0.16996948421001434
70545104,3918,6410,3918,4304,-386,-0.16573670506477356
70565096,3916,6415,3916,4274,-358,-0.16171810030937195
70585088,3914,6419,3914,4242,-328,-0.15776129066944122
70605080,3913,6423,3913,4210,-297,-0.15401817858219147
70625072,3731,6426,3731,4178,-447,-0.15026701986789703
70645064,3729,6430,3729,4145,-416,-0.14669586718082428
70665056,3728,6433,3728,4112,-384,-0.14325940608978271
70685048,3727,6436,3727,4078,-351,-0.14010338485240936
70705040,3726,6438,3726,4045,-319,-0.13720032572746277
70725032,3559,6441,3559,4011,-452,-0.13450855016708374
70745024,3558,6443,3558,3977,-419,-0.13199092447757721
70765016,3558,6445,3558,3942,-384,-0.129768967628479
70785008,3557,6446,3557,3906,-349,-0.12781120836734772
70805000,3556,6448,3556,3869,-313,-0.12615019083023071
70824992,3415,6449,3415,3833,-418,-0.12457685917615891
70844984,3415,6450,3415,3798,-383,-0.12308795005083084
70864976,3414,6451,3414,3763,-349,-0.12165740877389908
70884968,3414,6452,3414,3728,-314,-0.12041372060775757
70904960,3413,6453,3413,3693,-280,-0.11951759457588196
70924952,3303,6454,3303,3657,-354,-0.11894902586936951
70944944,3303,6454,3303,3621,-318,-0.1185624971985817
70964936,3303,6454,3303,3586,-283,-0.11844358593225479
70984928,3303,6454,3303,3551,-248,-0.11854500323534012
71004920,3303,6454,3303,3516,-213,-0.11884211748838425
71024912,3224,6453,3224,3483,-259,-0.11920131742954254
71044904,3224,6453,3224,3451,-227,-0.11983932554721832
71064896,3224,6452,3224,3420,-196,-0.12078621238470078
71084888,3224,6451,3224,3390,-166,-0.12172635644674301
71104880,3225,6451,3225,3362,-137,-0.12266667932271957
71124872,3173,6450,3173,3336,-163,-0.12367669492959976
71144864,3173,6449,3173,3310,-137,-0.12449631094932556
71164856,3173,6448,3173,3284,-111,-0.12537916004657745
71184848,3174,6448,3174,3260,-86,-0.12624795734882355
71204840,3174,6447,3174,3238,-64,-0.12700504064559937
71224832,3134,6447,3134,3218,-84,-0.12760092318058014
71244824,3134,6446,3134,3198,-64,-0.12845930457115173
71264816,3135,6445,3135,3179,-44,-0.12923365831375122
71284808,3135,6445,3135,3161,-26,-0.12997986376285553
71304800,3135,6444,3135,3144,-9,-0.13062697649002075
71324792,3096,6444,3096,3128,-32,-0.13105601072311401
71344784,3096,6443,3096,3113,-17,-0.13138063251972198
71364776,3096,6443,3096,3100,-4,-0.13167831301689148
71384768,3096,6443,3096,3087,9,-0.13173018395900726
71404760,3096,6443,3096,3076,20,-0.13168977200984955
71424752,3047,6443,3047,3064,-17,-0.13146167993545532
71444744,3047,6444,3047,3055,-8,-0.13114316761493683
71464736,3047,6444,3047,3047,0,-0.13048142194747925
71484728,3047,6445,3047,3041,6,-0.12963463366031647
71504720,3046,6446,3046,3035,11,-0.12871810793876648
71524712,2983,6446,2983,3029,-46,-0.12784457206726074
71544704,2983,6447,2983,3024,-41,-0.12685650587081909
71564696,2983,6448,2983,3018,-35,-0.12576347589492798
71584688,2982,6449,2982,3012,-30,-0.12460291385650635
71604680,2982,6450,2982,3008,-26,-0.12319396436214447
71624672,2906,6451,2906,3004,-98,-0.1218077689409256
71644664,2906,6452,2906,2998,-92,-0.12043570727109909
71664656,2906,6453,2906,2993,-87,-0.1192987933754921
71684648,2905,6454,2905,2986,-81,-0.11819563806056976
71704640,2905,6455,2905,2980,-75,-0.11689803004264832
71724632,2821,6456,2821,2973,-152,-0.11567138880491257
71744624,2821,6457,2821,2966,-145,-0.11446993798017502
71764616,2821,6458,2821,2960,-139,-0.11339028924703598
71784608,2820,6458,2820,2954,-134,-0.11241444200277328
71804600,2820,6459,2820,2947,-127,-0.11174777150154114
71824592,2737,6459,2737,2939,-202,-0.11112513393163681
71844584,2737,6460,2737,2930,-193,-0.11044999957084656
71864576,2736,6460,2736,2920,-184,-0.10972254723310471
71884568,2736,6461,2736,2910,-174,-0.10887779295444489
71904560,2736,6462,2736,2899,-163,-0.10803405940532684
71924552,2661,6462,2661,2887,-226,-0.10718895494937897
71944544,2661,6463,2661,2875,-214,-0.10636249184608459
71964536,2661,6463,2661,2864,-203,-0.10568559169769287
71984528,2661,6463,2661,2850,-189,-0.10530147701501846
72004520,2661,6464,2661,2836,-175,-0.10491245239973068
72024512,2591,6464,2591,2821,-230,-0.10452956706285477
72044504,2591,6464,2591,2806,-215,-0.10427140444517136
72064496,2591,6464,2591,2791,-200,-0.10409941524267197
72084488,2591,6464,2591,2775,-184,-0.10400072485208511
72104480,2591,6464,2591,2760,-169,-0.10388652235269547
72124472,2527,6464,2527,2744,-217,-0.10388557612895966
72144464,2527,6465,2527,2726,-199,-0.10377135127782822
72164456,2527,6465,2527,2708,-181,-0.10373323410749435
72184448,2527,6464,2527,2691,-164,-0.10382474958896637
72204440,2527,6464,2527,2674,-147,-0.10393070429563522
72224432,2475,6464,2475,2657,-182,-0.10407558083534241
72244424,2475,6464,2475,2640,-165,-0.10428524762392044
72264416,2475,6464,2475,2624,-149,-0.10449807345867157
72284408,2475,6464,2475,2608,-133,-0.10464847832918167
72304400,2475,6464,2475,2593,-118,-0.10473188757896423
72324392,2433,6464,2433,2578,-145,-0.10481482744216919
72344384,2433,6464,2433,2563,-130,-0.10498723387718201
72364376,2433,6464,2433,2549,-116,-0.10524255782365799
72384368,2433,6463,2433,2536,-103,-0.10546763241291046
72404360,2434,6463,2434,2523,-89,-0.1057504341006279
72424352,2390,6463,2390,2509,-119,-0.10604097694158554
72444344,2390,6463,2390,2497,-107,-0.10626853257417679
72464336,2390,6463,2390,2484,-94,-0.10653561353683472
72484328,2390,6463,2390,2473,-83,-0.10673853754997253
72504320,2390,6462,2390,2461,-71,-0.10701188445091248
72524312,2348,6462,2348,2450,-102,-0.1072804182767868
72545137,2348,6462,2348,2440,-92,-0.10747435688972473
72565129,2348,6462,2348,2429,-81,-0.10751804709434509
72585121,2348,6462,2348,2419,-71,-0.10744477808475494
72605113,2348,6462,2348,2410,-62,-0.10715863108634949
72625105,2308,6462,2308,2401,-93,-0.10684014111757278
72645097,2308,6463,2308,2392,-84,-0.10669615119695663
72665089,2308,6463,2308,2384,-76,-0.10670479387044907
72685081,2308,6463,2308,2376,-68,-0.10662189126014709
72705073,2308,6463,2308,2368,-60,-0.1067076176404953
72725065,2265,6463,2265,2360,-95,-0.10659454762935638
72745057,2265,6463,2265,2351,-86,-0.10638453811407089
72765049,2265,6463,2265,2344,-79,-0.10620640218257904
72785041,2265,6463,2265,2337,-72,-0.10580185055732727
72805033,2265,6463,2265,2331,-66,-0.10538614541292191
72825025,2218,6464,2218,2325,-107,-0.10497809201478958
72845017,2218,6464,2218,2318,-100,-0.10446293652057648
72865009,2218,6464,2218,2311,-93,-0.10389731079339981
72885001,2218,6465,2218,2303,-85,-0.10341975092887878
72904993,2218,6465,2218,2296,-78,-0.1029638946056366
72924985,2169,6465,2169,2289,-120,-0.10260335355997086
72944977,2169,6466,2169,2284,-115,-0.10218645632266998
72964969,2169,6466,2169,2278,-109,-0.10185915231704712
72984961,2169,6466,2169,2271,-102,-0.10156024247407913
73004953,2169,6466,2169,2264,-95,-0.10161449015140533
73024945,2122,6466,2122,2257,-135,-0.10197798907756805
73044937,2123,6465,2123,2250,-127,-0.10248217731714249
73064929,2123,6465,2123,2244,-121,-0.10295478999614716
73084921,2123,6465,2123,2239,-116,-0.10317990183830261
73104913,2123,6465,2123,2232,-109,-0.10334178060293198
73124905,2091,6465,2091,2224,-133,-0.10341622680425644
73144897,2091,6465,2091,2215,-124,-0.10373339056968689
73164889,2091,6464,2091,2207,-116,-0.10431428253650665
73184881,2091,6464,2091,2197,-106,-0.10493791103363037
73204873,2092,6463,2092,2188,-96,-0.1055273711681366
73224865,2067,6463,2067,2179,-112,-0.10600092262029648
73244857,2067,6463,2067,2170,-103,-0.1064813956618309
73264849,2067,6462,2067,2160,-93,-0.10693611949682236
73284841,2067,6462,2067,2150,-83,-0.10738914459943771
73304833,2067,6462,2067,2140,-73,-0.10771548748016357
73324825,2049,6462,2049,2131,-82,-0.10801947116851807
73344817,2049,6461,2049,2122,-73,-0.10838170349597931
73364809,2050,6461,2050,2113,-63,-0.1086440309882164
73384801,2050,6461,2050,2106,-56,-0.108816958963871
73404793,2050,6461,2050,2098,-48,-0.10893744230270386
73424785,2032,6461,2032,2092,-60,-0.10895905643701553
73444777,2032,6461,2032,2085,-53,-0.10878663510084152
73464769,2031,6461,2031,2080,-49,-0.1085871234536171
73484761,2031,6461,2031,2074,-43,-0.10835558921098709
73504753,2031,6461,2031,2067,-36,-0.1081884354352951
73524745,2008,6462,2008,2061,-53,-0.10779204219579697
73544737,2008,6462,2008,2055,-47,-0.10719192773103714
73564729,2008,6462,2008,2049,-41,-0.106773741543293
73584721,2008,6463,2008,2044,-36,-0.10649961233139038
73604713,2008,6463,2008,2041,-33,-0.10623250901699066
73624705,1977,6463,1977,2038,-61,-0.10601978003978729
73644697,1977,6463,1977,2034,-57,-0.10598231852054596
73664689,1977,6463,1977,2031,-54,-0.10594897717237473
73684681,1977,6463,1977,2027,-50,-0.10587657243013382
73704673,1977,6463,1977,2025,-48,-0.10590226948261261
73724665,1952,6463,1952,2021,-69,-0.10593222081661224
73744657,1952,6463,1952,2017,-65,-0.10596717149019241
73764649,1952,6463,1952,2013,-61,-0.10613500326871872
73784641,1953,6463,1953,2008,-55,-0.10634695738554001
73804633,1953,6463,1953,2003,-50,-0.10667375475168228
73824625,1937,6462,1937,1998,-61,-0.10692612826824188
73844617,1937,6462,1937,1993,-56,-0.10698448866605759
73864609,1937,6462,1937,1988,-51,-0.10700729489326477
73884601,1937,6462,1937,1982,-45,-0.1072140634059906
73904593,1937,6462,1937,1977,-40,-0.10750426352024078
73924585,1928,6462,1928,1971,-43,-0.1078108623623848
73944577,1928,6461,1928,1965,-37,-0.10831700265407562
73964569,1928,6461,1928,1960,-32,-0.1089036837220192
73984561,1928,6461,1928,1955,-27,-0.10941846668720245
74004553,1928,6460,1928,1951,-23,-0.11000435799360275
74024545,1924,6460,1924,1947,-23,-0.1105450764298439
74044537,1924,6460,1924,1943,-19,-0.11092133820056915
74064529,1924,6459,1924,1939,-15,-0.1115603893995285
74084521,1924,6459,1924,1936,-12,-0.11222153156995773
74104513,1924,6458,1924,1933,-9,-0.11271905153989792
74124505,1926,6458,1926,1929,-3,-0.11320625990629196
74144497,1926,6458,1926,1925,1,-0.11372344940900803
74164489,1926,6457,1926,1923,3,-0.11400573700666428
74184481,1926,6457,1926,1920,6,-0.11415440589189529
74204473,1926,6457,1926,1918,8,-0.11423167586326599
74224465,1927,6457,1927,1915,12,-0.1141919270157814
74244457,1927,6457,1927,1912,15,-0.11415526270866394
74264449,1927,6457,1927,1909,18,-0.11416096240282059
74284441,1927,6457,1927,1905,22,-0.11405996233224869
74304433,1927,6457,1927,1903,24,-0.11387787759304047
74324425,1927,6457,1927,1902,25,-0.11385898292064667
74344417,1927,6457,1927,1900,27,-0.11389074474573135
74364409,1927,6457,1927,1899,28,-0.11405513435602188
74384401,1927,6457,1927,1898,29,-0.11429769545793533
74404393,1927,6457,1927,1898,29,-0.11428449302911758
74424385,1929,6457,1929,1897,32,-0.11412898451089859
74444377,1929,6457,1929,1898,31,-0.1139538511633873
74464369,1929,6457,1929,1899,30,-0.11381225287914276
74484361,1929,6458,1929,1901,28,-0.11372847855091095
74504353,1929,6458,1929,1903,26,-0.11370762437582016
74524345,1930,6457,1930,1904,26,-0.1138928160071373
74544337,1930,6457,1930,1906,24,-0.11401639878749847
74564329,1930,6457,1930,1908,22,-0.11402031034231186
74584321,1930,6457,1930,1909,21,-0.1139427050948143
74604313,1930,6457,1930,1910,20,-0.11389786005020142
74625138,1937,6457,1937,1911,26,-0.11407182365655899
74645130,1937,6457,1937,1912,25,-0.11431068181991577
74665122,1937,6457,1937,1912,25,-0.11439162492752075
74685114,1937,6457,1937,1913,24,-0.11459980905056
74705106,1937,6457,1937,1914,23,-0.11494442820549011
74725098,1951,6456,1951,1914,37,-0.11518003046512604
74745090,1951,6457,1951,1915,36,-0.11501859128475189
74765082,1951,6457,1951,1916,35,-0.11500032991170883
74785074,1951,6457,1951,1917,34,-0.11491336673498154
74805066,1951,6457,1951,1918,33,-0.11484189331531525
74825058,1969,6457,1969,1920,49,-0.11470752954483032
74845050,1969,6457,1969,1924,45,-0.11477585881948471
74865042,1969,6457,1969,1927,42,-0.11503659933805466
74885034,1969,6456,1969,1930,39,-0.11521641910076141
74905026,1969,6456,1969,1933,36,-0.11549532413482666
74925018,1993,6456,1993,1937,56,-0.11598803848028183
74945010,1993,6455,1993,1940,53,-0.11659891903400421
74965002,1993,6455,1993,1944,49,-0.11716248095035553
74984994,1993,6455,1993,1946,47,-0.11772610247135162
75004986,1993,6454,1993,1949,44,-0.11828909814357758
75024978,2035,6454,2035,1953,82,-0.11897909641265869
75044970,2035,6453,2035,1956,79,-0.11966656148433685
75064962,2035,6452,2035,1960,75,-0.12051833420991898
75084954,2035,6452,2035,1963,72,-0.12105449289083481
75104946,2035,6452,2035,1966,69,-0.12132401019334793
75124938,2091,6452,2091,1970,121,-0.12156642973423004
75144930,2091,6451,2091,1975,116,-0.12185733020305634
75164922,2091,6451,2091,1979,112,-0.12204044312238693
75184914,2091,6451,2091,1983,108,-0.12210719287395477
75204906,2091,6451,2091,1988,103,-0.12221118807792664
75224898,2149,6451,2149,1992,157,-0.12221433222293854
75244890,2149,6451,2149,1997,152,-0.12218789011240005
75264882,2149,6451,2149,2003,146,-0.12206177413463593
75284874,2148,6451,2148,2010,138,-0.12184809893369675
75304866,2148,6451,2148,2017,131,-0.1216139942407608
75324858,2208,6452,2208,2025,183,-0.12150032073259354
75344850,2208,6452,2208,2032,176,-0.12149032205343246
75364842,2208,6452,2208,2039,169,-0.12137812376022339
75384834,2208,6452,2208,2047,161,-0.12118725478649139
75404826,2208,6452,2208,2057,151,-0.12088344246149063
75424818,2279,6452,2279,2067,212,-0.12049823999404907
75444810,2279,6453,2279,2078,201,-0.12007884681224823
75464802,2279,6453,2279,2088,191,-0.11952564120292664
75484794,2279,6454,2279,2097,182,-0.11877030879259109
75504786,2278,6454,2278,2107,171,-0.1180039569735527
75524778,-6136,6455,-6136,2118,-8254,-0.11738026142120361
75544770,-6136,6455,-6136,2128,-8264,-0.11685550957918167
75564762,-6135,6456,-6135,2135,-8270,-0.11623598635196686
75584754,-6135,6456,-6135,2133,-8268,-0.11565776914358139
75604746,-6135,6456,-6135,2119,-8254,-0.11511654406785965
75624738,-6181,6457,-6181,2090,-8271,-0.11469190567731857
75644730,-6181,6457,-6181,2044,-8225,-0.11429443955421448
75664722,-6181,6457,-6181,1981,-8162,-0.11395622789859772
75684714,-6181,6458,-6181,1902,-8083,-0.11364153027534485
75704706,-6181,6458,-6181,1809,-7990,-0.11340013891458511
75724698,-6219,6458,-6219,1702,-7921,-0.11321350187063217
75744690,-6219,6458,-6219,1583,-7802,-0.1132771223783493
75764682,-6219,6458,-6219,1453,-7672,-0.11372833698987961
75784674,-6220,6457,-6220,1312,-7532,-0.1146809384226799
75804666,-6220,6456,-6220,1163,-7383,-0.11586193740367889
75824658,-6247,6455,-6247,1007,-7254,-0.117425337433815
75844650,-6248,6453,-6248,845,-7093,-0.1193702295422554
75864642,-6249,6452,-6249,678,-6927,-0.12150685489177704
75884634,-6249,6450,-6249,506,-6755,-0.12352915108203888
75904626,-6250,6448,-6250,330,-6580,-0.12578526139259338
75924618,-6268,6446,-6268,152,-6420,-0.12835384905338287
75944610,-6269,6444,-6269,-25,-6244,-0.13107217848300934
75964602,-6270,6441,-6270,-205,-6065,-0.13374611735343933
75984594,-6271,6439,-6271,-385,-5886,-0.13647432625293732
76004586,-6271,6437,-6271,-567,-5704,-0.13918362557888031
76024578,-6284,6434,-6284,-748,-5536,-0.14203067123889923
76044570,-6285,6432,-6285,-931,-5354,-0.14465720951557159
76064562,-6286,6429,-6286,-1113,-5173,-0.14704060554504395
76084554,-6286,6427,-6286,-1295,-4991,-0.14913310110569
76104546,-6287,6425,-6287,-1479,-4808,-0.15119248628616333
76124538,-6297,6423,-6297,-1663,-4634,-0.15336692333221436
76144530,-6297,6421,-6297,-1848,-4449,-0.15544320642948151
76164522,-6298,6419,-6298,-2033,-4265,-0.15721426904201508
76184514,-6298,6418,-6298,-2218,-4080,-0.15866193175315857
76204506,-6299,6417,-6299,-2402,-3897,-0.15975233912467957
76224498,-6306,6416,-6306,-2585,-3721,-0.16083084046840668
76244490,-6306,6415,-6306,-2768,-3538,-0.16166609525680542
76264482,-6306,6414,-6306,-2950,-3356,-0.16233949363231659
76284474,-6306,6414,-6306,-3133,-3173,-0.16265738010406494
76304466,-6306,6413,-6306,-3316,-2990,-0.1628900021314621
76324458,-6311,6413,-6311,-3497,-2814,-0.16308929026126862
76344450,-6311,6413,-6311,-3678,-2633,-0.16307653486728668
76364442,-6311,6414,-6311,-3858,-2453,-0.16283248364925385
76384434,-6311,6414,-6311,-4037,-2274,-0.1623363196849823
76404426,-6311,6415,-6311,-4215,-2096,-0.16163341701030731
76424418,-6313,6416,-6313,-4393,-1920,-0.16088809072971344
76444410,-6312,6416,-6312,-4570,-1742,-0.16006654500961304
76464402,-6312,6418,-6312,-4746,-1566,-0.15894381701946259
76484394,-6311,6419,-6311,-4920,-1391,-0.15787278115749359
76504386,-6311,6420,-6311,-5091,-1220,-0.15679846704006195
76524378,-6311,6421,-6311,-5258,-1053,-0.15553726255893707
76544370,-6310,6423,-6310,-5418,-892,-0.15404480695724487
76564362,-6310,6424,-6310,-5572,-738,-0.15218542516231537
76584354,-6309,6426,-6309,-5718,-591,-0.150464728474617
76604346,-6308,6428,-6308,-5854,-454,-0.14854785799980164
76624338,-6306,6430,-6306,-5980,-326,-0.1464620977640152
76644330,-6306,6432,-6306,-6095,-211,-0.14422447979450226
76664322,-6305,6434,-6305,-6199,-106,-0.14166733622550964
76684314,-6304,6437,-6304,-6291,-13,-0.13894064724445343
76705139,-6303,6439,-6303,-6371,68,-0.1361413449048996
76725131,-6297,6442,-6297,-6440,143,-0.13317643105983734
76745123,-6296,6445,-6296,-6498,202,-0.13017028570175171
76765115,-6295,6447,-6295,-6549,254,-0.1269669234752655
76785107,-6294,6450,-6294,-6588,294,-0.12372572720050812
76805099,-6293,6452,-6293,-6616,323,-0.12034343183040619
76825091,-6276,6455,-6276,-6637,361,-0.11710578948259354
76845083,-6275,6457,-6275,-6649,374,-0.11385492980480194
76865075,-6274,6460,-6274,-6653,379,-0.11059848219156265
76885067,-6273,6462,-6273,-6650,377,-0.10732711851596832
76905059,-6272,6464,-6272,-6640,368,-0.10396666824817657
76925051,-6236,6467,-6236,-6625,389,-0.10061927139759064
76945043,-6236,6469,-6236,-6605,369,-0.097218625247478485
76965035,-6235,6471,-6235,-6581,346,-0.093752779066562653
76985027,-6234,6473,-6234,-6552,318,-0.090328522026538849
77005019,-6233,6475,-6233,-6521,288,-0.087091967463493347
77025011,-6176,6477,-6176,-6487,311,-0.084006942808628082
77045003,-6176,6478,-6176,-6452,276,-0.081155166029930115
77064995,-6175,6479,-6175,-6416,241,-0.078655645251274109
77084987,-6175,6481,-6175,-6381,206,-0.076423518359661102
77104979,-6174,6482,-6174,-6345,171,-0.074394576251506805
77124971,-6102,6482,-6102,-6309,207,-0.072439439594745636
77144963,-6102,6483,-6102,-6275,173,-0.070810630917549133
77164955,-6102,6484,-6102,-6241,139,-0.069466948509216309
77184947,-6102,6484,-6102,-6208,106,-0.068276360630989075
77204939,-6101,6485,-6101,-6176,75,-0.067214816808700562
77224931,-6035,6485,-6035,-6146,111,-0.066371351480484009
77244923,-6035,6485,-6035,-6117,82,-0.065884970128536224
77264915,-6035,6486,-6035,-6089,54,-0.065631233155727386
77284907,-6035,6486,-6035,-6064,29,-0.065391466021537781
77304899,-6035,6486,-6035,-6040,5,-0.065395049750804901
77324891,-5983,6485,-5983,-6017,34,-0.065679915249347687
77344883,-5983,6485,-5983,-5996,13,-0.066250480711460114
77364875,-5984,6485,-5984,-5976,-8,-0.066912472248077393
77384867,-5984,6485,-5984,-5957,-27,-0.067707724869251251
77404859,-5984,6484,-5984,-5939,-45,-0.068615414202213287
77424851,-5948,6484,-5948,-5922,-26,-0.069761089980602264
77444843,-5948,6483,-5948,-5905,-43,-0.071171440184116364
77464835,-5948,6482,-5948,-5890,-58,-0.072795785963535309
77484827,-5949,6481,-5949,-5877,-72,-0.074553146958351135
77504819,-5949,6480,-5949,-5866,-83,-0.076522558927536011
77524811,-5925,6480,-5925,-5855,-70,-0.078456245362758636
77544803,-5926,6479,-5926,-5845,-81,-0.080402262508869171
77564795,-5926,6477,-5926,-5836,-90,-0.082403101027011871
77584787,-5927,6476,-5927,-5828,-99,-0.084623679518699646
77604779,-5927,6475,-5927,-5822,-105,-0.086830437183380127
77624771,-5911,6474,-5911,-5815,-96,-0.088856510818004608
77644763,-5912,6473,-5912,-5809,-103,-0.090888932347297668
77664755,-5912,6471,-5912,-5804,-108,-0.093064703047275543
77684747,-5913,6470,-5913,-5800,-113,-0.095302186906337738
77704739,-5913,6469,-5913,-5796,-117,-0.097470492124557495
77724731,-5900,6467,-5900,-5793,-107,-0.0996876060962677
77744723,-5900,6466,-5900,-5790,-110,-0.10189670324325562
77764715,-5901,6464,-5901,-5789,-112,-0.10403099656105042
77784707,-5901,6463,-5901,-5788,-113,-0.1059604212641716
77804699,-5902,6462,-5902,-5787,-115,-0.10780252516269684
77824691,-5888,6460,-5888,-5785,-103,-0.1097363606095314
77844683,-5889,6459,-5889,-5784,-105,-0.11169344186782837
77864675,-5889,6458,-5889,-5782,-107,-0.11367292702198029
77884667,-5890,6456,-5890,-5781,-109,-0.11550118029117584
77904659,-5890,6455,-5890,-5780,-110,-0.11729830503463745
77924651,-5873,6453,-5873,-5778,-95,-0.11907076090574265
77944643,-5874,6452,-5874,-5776,-98,-0.12067911773920059
77964635,-5874,6451,-5874,-5775,-99,-0.12222473323345184
77984627,-5874,6450,-5874,-5774,-100,-0.12361358851194382
78004619,-5875,6449,-5875,-5772,-103,-0.12488630414009094
78024611,-5855,6448,-5855,-5771,-84,-0.12618820369243622
78044603,-5856,6447,-5856,-5769,-87,-0.12739162147045135
78064595,-5856,6446,-5856,-5766,-90,-0.12848639488220215
78084587,-5856,6445,-5856,-5765,-91,-0.12962593138217926
78104579,-5857,6444,-5857,-5764,-93,-0.13073615729808807
78124571,-5832,6443,-5832,-5762,-70,-0.13176696002483368
78144563,-5833,6442,-5833,-5759,-74,-0.13276034593582153
78164555,-5833,6442,-5833,-5756,-77,-0.13368166983127594
78184547,-5833,6441,-5833,-5753,-80,-0.13452933728694916
78204539,-5834,6440,-5834,-5750,-84,-0.13540530204772949
78224531,-5804,6439,-5804,-5747,-57,-0.1363120973110199
78244523,-5804,6439,-5804,-5743,-61,-0.13704308867454529
78264515,-5805,6438,-5805,-5740,-65,-0.13768294453620911
78284507,-5805,6437,-5805,-5735,-70,-0.13828384876251221
78304499,-5805,6437,-5805,-5730,-75,-0.13882720470428467
78324491,-5772,6437,-5772,-5726,-46,-0.13913950324058533
78344483,-5772,6437,-5772,-5721,-51,-0.13927312195301056
78364475,-5772,6436,-5772,-5717,-55,-0.13940589129924774
78384467,-5772,6436,-5772,-5712,-60,-0.13964936137199402
78404459,-5772,6436,-5772,-5708,-64,-0.13984572887420654
78424451,-5736,6436,-5736,-5703,-33,-0.14009761810302734
78444443,-5736,6436,-5736,-5697,-39,-0.14039027690887451
78464435,-5736,6435,-5736,-5690,-46,-0.14073958992958069
78484427,-5736,6435,-5736,-5684,-52,-0.14114272594451904
78504419,-5736,6434,-5736,-5678,-58,-0.14160896837711334
78524411,-5695,6434,-5695,-5673,-22,-0.1419597864151001
78544403,-5695,6434,-5695,-5668,-27,-0.14239709079265594
78564395,-5695,6433,-5695,-5662,-33,-0.14290036261081696
78584387,-5695,6433,-5695,-5656,-39,-0.14327268302440643
78604379,-5695,6433,-5695,-5651,-44,-0.14355908334255219
78624371,-5653,6432,-5653,-5646,-7,-0.14378161728382111
78644363,-5653,6432,-5653,-5640,-13,-0.14396131038665771
78664355,-5653,6432,-5653,-5634,-19,-0.14415672421455383
78684347,-5653,6432,-5653,-5628,-25,-0.14430731534957886
78704339,-5653,6432,-5653,-5621,-32,-0.1443694531917572
78724331,-5607,6432,-5607,-5615,8,-0.14444167912006378
78744323,-5607,6432,-5607,-5608,1,-0.14447146654129028
78764315,-5607,6432,-5607,-5601,-6,-0.1444508284330368
78785140,-5607,6432,-5607,-5592,-15,-0.144339919090271
78805132,-5607,6432,-5607,-5584,-23,-0.14421525597572327
78825124,-5556,6432,-5556,-5575,19,-0.14426292479038239
78845116,-5556,6432,-5556,-5566,10,-0.14437232911586761
78865108,-5556,6432,-5556,-5557,1,-0.14435312151908875
78885100,-5556,6432,-5556,-5548,-8,-0.14439474046230316
78905092,-5556,6432,-5556,-5540,-16,-0.14439618587493896
78925084,-5502,6432,-5502,-5530,28,-0.1442124992609024
78945076,-5502,6432,-5502,-5521,19,-0.14387036859989166
78965068,-5502,6433,-5502,-5512,10,-0.14358766376972198
78985060,-5502,6433,-5502,-5505,3,-0.14314346015453339
79005052,-5502,6433,-5502,-5497,-5,-0.14287197589874268
79025044,-5440,6434,-5440,-5488,48,-0.14259111881256104
79045036,-5439,6434,-5439,-5480,41,-0.14227138459682465
79065028,-5439,6434,-5439,-5470,31,-0.14183886349201202
79085020,-5439,6435,-5439,-5460,21,-0.14126373827457428
79105012,-5439,6435,-5439,-5449,10,-0.14077571034431458
79125004,-5368,6436,-5368,-5438,70,-0.14018100500106812
79144996,-5367,6436,-5367,-5427,60,-0.13950705528259277
79164988,-5367,6437,-5367,-5416,49,-0.13864296674728394
79184980,-5367,6438,-5367,-5405,38,-0.13782069087028503
79204972,-5367,6438,-5367,-5394,27,-0.13717813789844513
79224964,-5285,6439,-5285,-5382,97,-0.13654191792011261
79244956,-5284,6440,-5284,-5371,87,-0.13582278788089752
79264948,-5284,6440,-5284,-5360,76,-0.13496281206607819
79284940,-5284,6441,-5284,-5348,64,-0.13401488959789276
79304932,-5283,6442,-5283,-5338,55,-0.13296288251876831
79324924,-5189,6443,-5189,-5327,138,-0.13187338411808014
79344916,-5189,6444,-5189,-5315,126,-0.13077311217784882
79364908,-5189,6445,-5189,-5303,114,-0.12982207536697388
79384900,-5188,6446,-5188,-5289,101,-0.12890534102916718
79404892,-5188,6446,-5188,-5276,88,-0.12801168859004974
79424884,-5085,6447,-5085,-5262,177,-0.12707214057445526
79444876,-5084,6448,-5084,-5247,163,-0.12607511878013611
79464868,-5084,6449,-5084,-5233,149,-0.12529547512531281
79484860,-5084,6449,-5084,-5219,135,-0.12454021722078323
79504852,-5083,6450,-5083,-5205,122,-0.12370844185352325
79524844,-4970,6450,-4970,-5190,220,-0.12297855317592621
79544836,-4970,6451,-4970,-5175,205,-0.12215450406074524
79564828,-4969,6452,-4969,-5160,191,-0.1211497038602829
79584820,-4969,6453,-4969,-5143,174,-0.12007210403680801
79604812,-4969,6454,-4969,-5126,157,-0.11899428814649582
79624804,-4845,6454,-4845,-5106,261,-0.1179044172167778
79644796,-4844,6455,-4844,-5087,243,-0.11682966351509094
79664788,-4844,6456,-4844,-5067,223,-0.11576331406831741
79684780,-4844,6457,-4844,-5046,202,-0.1146821454167366
79704772,-4843,6458,-4843,-5024,181,-0.11352178454399109
79724764,-4707,6459,-4707,-5003,296,-0.11234108358621597
79744756,-4707,6459,-4707,-4981,274,-0.11131694912910461
79764748,-4707,6460,-4707,-4959,252,-0.11037995666265488
79784740,-4707,6461,-4707,-4936,229,-0.10948408395051956
79804732,-4706,6461,-4706,-4913,207,-0.10869935154914856
79824724,-4562,6462,-4562,-4889,327,-0.10812786966562271
79844716,-4561,6462,-4561,-4867,306,-0.10779207199811935
79864708,-4561,6462,-4561,-4843,282,-0.10734497010707855
79884700,-4561,6463,-4561,-4819,258,-0.10674939304590225
79904692,-4561,6463,-4561,-4794,233,-0.10616384446620941
79924684,-4412,6463,-4412,-4767,355,-0.1056053414940834
79944676,-4412,6464,-4412,-4741,329,-0.10513169318437576
79964668,-4412,6464,-4412,-4714,302,-0.10482846945524216
79984660,-4412,6464,-4412,-4687,275,-0.10449474304914474
80004652,-4412,6464,-4412,-4660,248,-0.10383065789937973
80024644,-4259,6465,-4259,-4633,374,-0.10317331552505493
80044636,-4258,6465,-4258,-4606,348,-0.10259760916233063
80064628,-4258,6466,-4258,-4578,320,-0.10218722373247147
80084620,-4258,6466,-4258,-4550,292,-0.10174566507339478
80104612,-4258,6466,-4258,-4522,264,-0.1012854278087616
80124604,-4106,6466,-4106,-4493,387,-0.10084108263254166
80144596,-4106,6467,-4106,-4464,358,-0.10050412267446518
80164588,-4106,6467,-4106,-4434,328,-0.10048551857471466
80184580,-4106,6467,-4106,-4404,298,-0.10057099908590317
80204572,-4106,6467,-4106,-4374,268,-0.10067179054021835
80224564,-3957,6466,-3957,-4344,387,-0.10094966739416122
80244556,-3957,6466,-3957,-4315,358,-0.10120952129364014
80264548,-3957,6466,-3957,-4284,327,-0.10159572213888168
80284540,-3957,6466,-3957,-4252,295,-0.10189428180456161
80304532,-3957,6465,-3957,-4220,263,-0.10244639962911606
80324524,-3817,6465,-3817,-4188,371,-0.10309048742055893
80344516,-3817,6464,-3817,-4157,340,-0.10389135032892227
80364508,-3817,6464,-3817,-4126,309,-0.10467548668384552
80384500,-3817,6464,-3817,-4095,278,-0.10528626292943954
80404492,-3818,6463,-3818,-4063,245,-0.10592683404684067
80424484,-3682,6463,-3682,-4032,350,-0.10653285682201385
80444476,-3683,6462,-3683,-4001,318,-0.10733845829963684
80464468,-3683,6462,-3683,-3970,287,-0.10807833820581436
80484460,-3683,6461,-3683,-3940,257,-0.10881207138299942
80504452,-3683,6460,-3683,-3910,227,-0.10965891927480698
80524444,-3546,6460,-3546,-3880,334,-0.11029386520385742
80544436,-3546,6460,-3546,-3851,305,-0.11069826781749725
80564428,-3546,6459,-3546,-3821,275,-0.11107318103313446
80584420,-3546,6459,-3546,-3793,247,-0.11143206059932709
80604412,-3546,6459,-3546,-3766,220,-0.11169832199811935
80624404,-3401,6459,-3401,-3738,337,-0.11176564544439316
80644396,-3401,6459,-3401,-3712,311,-0.11186507344245911
80664388,-3401,6459,-3401,-3687,286,-0.11195369064807892
80684380,-3401,6459,-3401,-3661,260,-0.11195316165685654
80704372,-3401,6459,-3401,-3635,234,-0.11192752420902252
80724364,-3241,6459,-3241,-3610,369,-0.11195708811283112
80744356,-3241,6459,-3241,-3585,344,-0.11191422492265701
80764348,-3241,6459,-3241,-3559,318,-0.11173726618289948
80784340,-3241,6459,-3241,-3532,291,-0.11146264523267746
80804332,-3241,6459,-3241,-3504,263,-0.11121847480535507
80824324,-3074,6460,-3074,-3476,402,-0.11075339466333389
80844316,-3074,6460,-3074,-3447,373,-0.11020135879516602
80865141,-3074,6460,-3074,-3419,345,-0.10963267832994461
80885133,-3073,6461,-3073,-3391,318,-0.1089877113699913
80905125,-3073,6461,-3073,-3363,290,-0.10835294425487518
80925117,-2889,6462,-2889,-3334,445,-0.10750086605548859
80945109,-2889,6463,-2889,-3303,414,-0.10655174404382706
80965101,-2888,6463,-2888,-3274,386,-0.10581351816654205
80985093,-2888,6464,-2888,-3245,357,-0.10513633489608765
81005085,-2888,6464,-2888,-3215,327,-0.1044299378991127
81025077,-2692,6465,-2692,-3185,493,-0.10361971706151962
81045069,-2692,6465,-2692,-3154,462,-0.10286328941583633
81065061,-2692,6466,-2692,-3123,431,-0.10222390294075012
81085053,-2691,6466,-2691,-3089,398,-0.10177171975374222
81105045,-2691,6466,-2691,-3057,366,-0.10131493210792542
81125037,-2499,6467,-2499,-3023,524,-0.10076273232698441
81145029,-2499,6467,-2499,-2990,491,-0.10021678358316422
81165021,-2498,6467,-2498,-2955,457,-0.09957500547170639
81185013,-2498,6468,-2498,-2919,421,-0.098961815237998962
81205005,-2498,6468,-2498,-2883,385,-0.098221853375434875
81224997,-2300,6469,-2300,-2846,546,-0.09751303493976593
81244989,-2300,6469,-2300,-2810,510,-0.096916861832141876
81264981,-2300,6469,-2300,-2774,474,-0.096323668956756592
81284973,-2300,6470,-2300,-2739,439,-0.095726825296878815
81304965,-2299,6470,-2299,-2701,402,-0.095196463167667389
81324957,-2100,6470,-2100,-2664,564,-0.094581253826618195
81344949,-2100,6471,-2100,-2627,527,-0.094045549631118774
81364941,-2100,6471,-2100,-2589,489,-0.093604952096939087
81384933,-2100,6471,-2100,-2551,451,-0.093282915651798248
81404925,-2100,6472,-2100,-2512,412,-0.092827469110488892
81424917,-1905,6472,-1905,-2473,568,-0.09235149621963501
81444909,-1905,6472,-1905,-2434,529,-0.091934062540531158
81464901,-1905,6472,-1905,-2396,491,-0.091703571379184723
81484893,-1905,6472,-1905,-2358,453,-0.091552242636680603
81504885,-1905,6472,-1905,-2320,415,-0.0913715660572052
81524877,-1718,6473,-1718,-2280,562,-0.091104291379451752
81544869,-1718,6473,-1718,-2240,522,-0.0909079909324646
81564861,-1718,6473,-1718,-2200,482,-0.090854093432426453
81584853,-1718,6473,-1718,-2161,443,-0.090838193893432617
81604845,-1718,6473,-1718,-2120,402,-0.090967893600463867
81624837,-1535,6473,-1535,-2080,545,-0.091146506369113922
81644829,-1535,6472,-1535,-2040,505,-0.09125082939863205
81664821,-1535,6473,-1535,-2000,465,-0.091134041547775269
81684813,-1535,6473,-1535,-1960,425,-0.091099217534065247
81704805,-1535,6473,-1535,-1919,384,-0.091090947389602661
81724797,-1368,6472,-1368,-1879,511,-0.091260917484760284
81744789,-1368,6472,-1368,-1839,471,-0.091505140066146851
81764781,-1368,6472,-1368,-1799,431,-0.091552816331386566
81784773,-1368,6472,-1368,-1759,391,-0.091357827186584473
81804765,-1368,6472,-1368,-1719,351,-0.091217584908008575
81824757,-1210,6473,-1210,-1678,468,-0.091053962707519531
81844749,-1210,6473,-1210,-1638,428,-0.090862765908241272
81864741,-1210,6473,-1210,-1600,390,-0.090651854872703552
81884733,-1210,6473,-1210,-1562,352,-0.090458452701568604
81904725,-1210,6473,-1210,-1525,315,-0.090167857706546783
81924717,-1059,6473,-1059,-1488,429,-0.0898122638463974
81944709,-1059,6473,-1059,-1453,394,-0.089682027697563171
81964701,-1059,6474,-1059,-1418,359,-0.089441478252410889
81984693,-1059,6474,-1059,-1384,325,-0.089172080159187317
82004685,-1059,6474,-1059,-1351,292,-0.089071884751319885
82024677,-912,6474,-912,-1318,406,-0.08899465948343277
82044669,-912,6474,-912,-1285,373,-0.089054882526397705
82064661,-912,6474,-912,-1251,339,-0.089101254940032959
82084653,-912,6474,-912,-1218,306,-0.08901900053024292
82104645,-912,6474,-912,-1186,274,-0.088837809860706329
82124637,-773,6474,-773,-1154,381,-0.088559456169605255
82144629,-773,6474,-773,-1125,352,-0.088290907442569733
82164621,-773,6474,-773,-1096,323,-0.087881051003932953
82184613,-773,6475,-773,-1068,295,-0.087404437363147736
82204605,-773,6475,-773,-1040,267,-0.087050199508666992
82224597,-635,6475,-635,-1014,379,-0.086546048521995544
82244589,-635,6476,-635,-987,352,-0.085756629705429077
82264581,-635,6476,-635,-960,325,-0.084928810596466064
82284573,-635,6477,-635,-934,299,-0.084107086062431335
82304565,-635,6477,-635,-909,274,-0.083220228552818298
82324557,-498,6478,-498,-883,385,-0.082239754498004913
82344549,-498,6478,-498,-858,360,-0.081219017505645752
82364541,-498,6479,-498,-833,335,-0.080032691359519958
82384533,-498,6479,-498,-807,309,-0.078857384622097015
82404525,-497,6480,-497,-781,284,-0.077847890555858612
82424517,-361,6480,-361,-755,394,-0.077075101435184479
82444509,-361,6481,-361,-729,368,-0.076266780495643616
82464501,-361,6481,-361,-702,341,-0.075502395629882812
82484493,-361,6481,-361,-674,313,-0.07492394745349884
82504485,-361,6482,-361,-647,286,-0.074423752725124359
82524477,-235,6482,-235,-620,385,-0.07414553314447403
82544469,-235,6482,-235,-594,359,-0.073949180543422699
82564461,-235,6482,-235,-568,333,-0.073536805808544159
82584453,-235,6482,-235,-543,308,-0.073173142969608307
82604445,-235,6482,-235,-517,282,-0.072832390666007996
82624437,-116,6482,-116,-492,376,-0.072647735476493835
82644429,-116,6482,-116,-467,351,-0.072713099420070648
82664421,-116,6482,-116,-443,327,-0.073114484548568726
82684413,-116,6482,-116,-418,302,-0.073620721697807312
82704405,-116,6482,-116,-393,277,-0.074054606258869171
82724397,-3,6481,-3,-367,364,-0.074485823512077332
82744389,-3,6481,-3,-343,340,-0.074751056730747223
82764381,-3,6481,-3,-319,316,-0.074856698513031006
82784373,-3,6481,-3,-296,293,-0.074641063809394836
82804365,-3,6482,-3,-273,270,-0.074094243347644806
82824357,106,6482,106,-249,355,-0.073425471782684326
82844349,106,6482,106,-224,330,-0.072799637913703918
82864341,106,6482,106,-199,305,-0.072345241904258728
82884333,106,6483,106,-174,280,-0.071920730173587799
82904325,106,6483,106,-150,256,-0.071346230804920197
82924317,211,6483,211,-126,337,-0.070762127637863159
82945142,211,6483,211,-102,313,-0.070247367024421692
82965134,211,6484,211,-78,289,-0.069839008152484894
82985126,211,6484,211,-53,264,-0.069484710693359375
83005118,211,6484,211,-29,240,-0.069145344197750092
83025110,303,6484,303,-4,307,-0.068617351353168488
83045102,303,6484,303,18,285,-0.06798233836889267
83065094,303,6485,303,41,262,-0.067400351166725159
83085086,303,6485,303,64,239,-0.066994644701480865
83105078,303,6485,303,87,216,-0.06688062846660614
83125070,392,6485,392,111,281,-0.066748276352882385
83145062,392,6485,392,133,259,-0.066670715808868408
83165054,392,6485,392,154,238,-0.066480644047260284
83185046,392,6485,392,174,218,-0.066196821630001068
83205038,392,6485,392,193,199,-0.065796345472335815
83225030,478,6486,478,212,266,-0.065305881202220917
83245022,478,6486,478,230,248,-0.064583234488964081
83265014,478,6486,478,247,231,-0.063819289207458496
83285006,478,6487,478,265,213,-0.063019722700119019
83304998,478,6487,478,281,197,-0.062323331832885742
83324990,562,6487,562,297,265,-0.061716742813587189
83344982,562,6487,562,313,249,-0.061276454478502274
83364974,562,6487,562,330,232,-0.060989644378423691
83384966,562,6488,562,347,215,-0.060556609183549881
83404958,562,6488,562,364,198,-0.060077909380197525
83424950,641,6488,641,381,260,-0.059733513742685318
83444942,641,6488,641,398,243,-0.059494718909263611
83464934,641,6488,641,414,227,-0.05944458395242691
83484926,641,6488,641,431,210,-0.059344962239265442
83504918,641,6488,641,446,195,-0.059116702526807785
83524910,716,6488,716,461,255,-0.058941222727298737
83544902,716,6488,716,475,241,-0.058783441781997681
83564894,716,6488,716,489,227,-0.058621808886528015
83584886,716,6488,716,504,212,-0.058431454002857208
83604878,716,6489,716,520,196,-0.058090329170227051
83624870,786,6489,786,536,250,-0.057661518454551697
83644862,786,6489,786,552,234,-0.057374998927116394
83664854,786,6489,786,566,220,-0.057101208716630936
83684846,786,6489,786,582,204,-0.056928988546133041
83704838,786,6489,786,597,189,-0.056773856282234192
83724830,850,6489,850,613,237,-0.056715812534093857
83744822,850,6489,850,630,220,-0.056576121598482132
83764814,850,6489,850,647,203,-0.056571513414382935
83784806,850,6489,850,666,184,-0.056620918214321136
83804798,850,6489,850,684,166,-0.056867249310016632
83824790,905,6489,905,701,204,-0.057116691023111343
83844782,905,6489,905,718,187,-0.057612314820289612
83864774,905,6489,905,735,170,-0.058157812803983688
83884766,905,6488,905,751,154,-0.058842018246650696
83904758,905,6488,905,766,139,-0.059374496340751648
83924750,957,6488,957,780,177,-0.059794358909130096
83944742,957,6488,957,793,164,-0.060187526047229767
83964734,957,6488,957,806,151,-0.060506202280521393
83984726,957,6488,957,821,136,-0.060607664287090302
84004718,957,6488,957,834,123,-0.060536645352840424
84024710,1005,6488,1005,847,158,-0.060311604291200638
84044702,1005,6488,1005,859,146,-0.060139451175928116
84064694,1005,6488,1005,870,135,-0.060074210166931152
84084686,1005,6488,1005,881,124,-0.059931818395853043
84104678,1005,6488,1005,892,113,-0.059554010629653931
84124670,1053,6488,1053,902,151,-0.058794952929019928
84144662,1053,6489,1053,911,142,-0.058140955865383148
84164654,1053,6489,1053,921,132,-0.057426720857620239
84184646,1053,6489,1053,931,122,-0.05667518824338913
84204638,1053,6489,1053,940,113,-0.055884551256895065
84224630,1090,6490,1090,950,140,-0.054944902658462524
84244622,1090,6490,1090,959,131,-0.053876470774412155
84264614,1090,6490,1090,969,121,-0.052871823310852051
84284606,1090,6491,1090,978,112,-0.05186152458190918
84304598,1090,6491,1090,987,103,-0.05089573934674263
84324590,1117,6491,1117,997,120,-0.050156686455011368
84344582,1117,6492,1117,1006,111,-0.049448732286691666
84364574,1117,6492,1117,1015,102,-0.048796389251947403
84384566,1117,6492,1117,1023,94,-0.0483071468770504
84404558,1117,6492,1117,1031,86,-0.047958835959434509
84424550,1145,6492,1145,1039,106,-0.047566387802362442
84444542,1145,6492,1145,1046,99,-0.047205772250890732
84464534,1145,6492,1145,1053,92,-0.046949662268161774
84484526,1145,6492,1145,1058,87,-0.046707704663276672
84504518,1145,6492,1145,1064,81,-0.046517390757799149
84524510,1173,6493,1173,1071,102,-0.046338737010955811
84544502,1173,6493,1173,1076,97,-0.046231675893068314
84564494,1173,6493,1173,1081,92,-0.046388700604438782
84584486,1173,6492,1173,1087,86,-0.046613931655883789
84604478,1173,6492,1173,1093,80,-0.046880409121513367
84624470,1201,6492,1201,1099,102,-0.047009114176034927
84644462,1201,6492,1201,1105,96,-0.047156449407339096
84664454,1201,6492,1201,1110,91,-0.047266144305467606
84684446,1201,6492,1201,1115,86,-0.047351960092782974
84704438,1201,6492,1201,1119,82,-0.047632880508899689
84724430,1231,6492,1231,1124,107,-0.048041731119155884
84744422,1231,6492,1231,1130,101,-0.048348881304264069
84764414,1231,6492,1231,1136,95,-0.048789341002702713
84784406,1231,6492,1231,1143,88,-0.049430143088102341
84804398,1231,6491,1231,1149,82,-0.050249487161636353
84824390,1258,6491,1258,1155,103,-0.051121126860380173
84844382,1258,6491,1258,1163,95,-0.05209026113152504
84864374,1258,6490,1258,1170,88,-0.052952926605939865
84884366,1258,6490,1258,1176,82,-0.053617522120475769
84904358,1258,6490,1258,1181,77,-0.054300285875797272
84924350,1285,6490,1285,1186,99,-0.054898872971534729
84944342,1286,6490,1286,1192,94,-0.05532059445977211
84964334,1286,6490,1286,1196,90,-0.055407986044883728
84984326,1286,6490,1286,1201,85,-0.055282812565565109
85004318,1285,6490,1285,1207,78,-0.055068682879209518
85024310,1311,6490,1311,1213,98,-0.054654568433761597
85045135,1311,6490,1311,1217,94,-0.054185040295124054
85065127,1311,6490,1311,1222,89,-0.053583025932312012
85085119,1311,6490,1311,1227,84,-0.052888058125972748
85105111,1311,6491,1311,1231,80,-0.052003573626279831
85125103,1326,6491,1326,1236,90,-0.051161862909793854
85145095,1326,6491,1326,1240,86,-0.050362441688776016
85165087,1326,6492,1326,1246,80,-0.049540307372808456
85185079,1326,6492,1326,1250,76,-0.048742137849330902
85205071,1326,6492,1326,1255,71,-0.047726653516292572
85225063,-5660,6492,-5660,1259,-6919,-0.046724375337362289
85245055,-5660,6493,-5660,1262,-6922,-0.045707110315561295
85265047,-5660,6493,-5660,1262,-6922,-0.04486769437789917
85285039,-5660,6493,-5660,1253,-6913,-0.043907675892114639
85305031,-5660,6494,-5660,1230,-6890,-0.042881596833467484
85325023,-5740,6494,-5740,1192,-6932,-0.041944246739149094
85345015,-5740,6494,-5740,1138,-6878,-0.041363954544067383
85365007,-5740,6494,-5740,1068,-6808,-0.040936209261417389
85384999,-5740,6494,-5740,983,-6723,-0.040442030876874924
85404991,-5740,6494,-5740,884,-6624,-0.040131423622369766
85424983,-5811,6494,-5811,771,-6582,-0.040046341717243195
85444975,-5811,6494,-5811,646,-6457,-0.040372118353843689
85464967,-5811,6494,-5811,510,-6321,-0.040992852300405502
85484959,-5811,6494,-5811,365,-6176,-0.041575413197278976
85504951,-5811,6494,-5811,213,-6024,-0.042283304035663605
85524943,-5861,6493,-5861,54,-5915,-0.043126620352268219
85544935,-5861,6493,-5861,-110,-5751,-0.044200856238603592
85564927,-5862,6493,-5862,-280,-5582,-0.045598745346069336
85584919,-5862,6492,-5862,-454,-5408,-0.047048792243003845
85604911,-5862,6492,-5862,-632,-5230,-0.048699364066123962
85624903,-5896,6491,-5896,-812,-5084,-0.050459742546081543
85644895,-5897,6491,-5897,-994,-4903,-0.052193723618984222
85664887,-5897,6490,-5897,-1176,-4721,-0.053852781653404236
85684879,-5897,6489,-5897,-1361,-4536,-0.055737979710102081
85704871,-5897,6489,-5897,-1545,-4352,-0.057511348277330399
85724863,-5924,6488,-5924,-1731,-4193,-0.059116393327713013
85744855,-5924,6488,-5924,-1917,-4007,-0.060572307556867599
85764847,-5925,6487,-5925,-2103,-3822,-0.06203845888376236
85784839,-5925,6486,-5925,-2290,-3635,-0.063421204686164856
85804831,-5925,6486,-5925,-2477,-3448,-0.064384058117866516
85824823,-5947,6486,-5947,-2664,-3283,-0.065129809081554413
85844815,-5947,6485,-5947,-2851,-3096,-0.065726928412914276
85864807,-5947,6485,-5947,-3038,-2909,-0.066196225583553314
85884799,-5948,6485,-5948,-3223,-2725,-0.066568009555339813
85904791,-5948,6485,-5948,-3407,-2541,-0.066726073622703552
85924783,-5962,6485,-5962,-3591,-2371,-0.06661996990442276
85944775,-5962,6485,-5962,-3775,-2187,-0.066531121730804443
85964767,-5962,6485,-5962,-3958,-2004,-0.066122695803642273
85984759,-5962,6486,-5962,-4141,-1821,-0.065535187721252441
86004751,-5961,6486,-5961,-4323,-1638,-0.064751178026199341
86024743,-5967,6486,-5967,-4504,-1463,-0.063928037881851196
86044735,-5967,6487,-5967,-4681,-1286,-0.063007131218910217
86064727,-5967,6487,-5967,-4853,-1114,-0.0618172287940979
86084719,-5967,6488,-5967,-5020,-947,-0.060328397899866104
86104711,-5967,6488,-5967,-5182,-785,-0.058450948446989059
86124703,-5960,6489,-5960,-5337,-623,-0.056209005415439606
86144695,-5960,6490,-5960,-5483,-477,-0.053734157234430313
86164687,-5960,6491,-5960,-5621,-339,-0.05107647180557251
86184679,-5959,6492,-5959,-5748,-211,-0.047968953847885132
86204671,-5959,6493,-5959,-5864,-95,-0.044589821249246597
86224663,-5938,6494,-5938,-5970,32,-0.041165966540575027
86244655,-5938,6495,-5938,-6063,125,-0.037673301994800568
86264647,-5938,6496,-5938,-6144,206,-0.03425680473446846
86284639,-5937,6496,-5937,-6216,279,-0.030675005167722702
86304631,-5937,6497,-5937,-6276,339,-0.027106495574116707
86324623,-5900,6498,-5900,-6326,426,-0.023543491959571838
86344615,-5900,6498,-5900,-6364,464,-0.019852146506309509
86364607,-5900,6499,-5900,-6392,492,-0.016266878694295883
86384599,-5900,6499,-5900,-6411,511,-0.012508651241660118
86404591,-5900,6499,-5900,-6421,521,-0.0086440155282616615
86424583,-5836,6499,-5836,-6422,586,-0.004845235962420702
86444575,-5836,6499,-5836,-6416,580,-0.0010202230187132955
86464567,-5836,6499,-5836,-6405,569,0.00291615747846663
86484559,-5836,6499,-5836,-6390,554,0.0068353037349879742
86504551,-5836,6499,-5836,-6369,533,0.010620191693305969
86524543,-5739,6499,-5739,-6343,604,0.014464782550930977
86544535,-5739,6498,-5739,-6313,574,0.018036726862192154
86564527,-5739,6498,-5739,-6280,541,0.021376237273216248
86584519,-5739,6498,-5739,-6246,507,0.024451246485114098
86604511,-5739,6497,-5739,-6209,470,0.027336439117789268
86624503,-5612,6497,-5612,-6171,559,0.030013682320713997
86644495,-5612,6496,-5612,-6131,519,0.032432325184345245
86664487,-5612,6496,-5612,-6090,478,0.034412555396556854
86684479,-5612,6495,-5612,-6048,436,0.03621375560760498
86704471,-5612,6495,-5612,-6006,394,0.037839319556951523
86724463,-5479,6494,-5479,-5964,485,0.039235152304172516
86744455,-5479,6494,-5479,-5921,442,0.04025740921497345
86764447,-5479,6494,-5479,-5879,400,0.041013021022081375
86784439,-5479,6494,-5479,-5837,358,0.041418112814426422
86804431,-5479,6494,-5479,-5794,315,0.041465185582637787
86824423,-5368,6494,-5368,-5751,383,0.041207943111658096
86844415,-5368,6494,-5368,-5709,341,0.040438596159219742
86864407,-5368,6495,-5368,-5669,301,0.039170678704977036
86884399,-5368,6495,-5368,-5630,262,0.037624221295118332
86904391,-5367,6495,-5367,-5592,225,0.03565622866153717
86924383,-5299,6496,-5299,-5556,257,0.033058870583772659
86944375,-5299,6497,-5299,-5520,221,0.030043071135878563
86964367,-5298,6497,-5298,-5486,188,0.026648778468370438
86984359,-5298,6498,-5298,-5453,155,0.022820582613348961
87004351,-5298,6498,-5298,-5421,123,0.018812673166394234
87024343,-5279,6499,-5279,-5391,112,0.014586521312594414
87044335,-5279,6499,-5279,-5363,84,0.010115255601704121
87064327,-5279,6499,-5279,-5337,58,0.0055486918427050114
87084319,-5279,6499,-5279,-5312,33,0.00061792612541466951
87104311,-5279,6499,-5279,-5289,10,-0.0045572672970592976
87125136,-5295,6499,-5295,-5267,-28,-0.0097788795828819275
87145128,-5296,6499,-5296,-5248,-48,-0.015268530696630478
87165120,-5296,6498,-5296,-5230,-66,-0.021038489416241646
87185112,-5296,6497,-5296,-5214,-82,-0.027249734848737717
87205104,-5297,6496,-5297,-5201,-96,-0.03332187607884407
87225096,-5336,6494,-5336,-5190,-146,-0.039593219757080078
87245088,-5337,6493,-5337,-5179,-158,-0.046026729047298431
87265080,-5338,6490,-5338,-5171,-167,-0.052650518715381622
87285072,-5339,6488,-5339,-5163,-176,-0.059274312108755112
87305064,-5340,6485,-5340,-5158,-182,-0.065915115177631378
87325056,-5392,6482,-5392,-5155,-237,-0.072366051375865936
87345048,-5393,6479,-5393,-5153,-240,-0.078684471547603607
87365040,-5395,6476,-5395,-5154,-241,-0.084894709289073944
87385032,-5396,6473,-5396,-5156,-240,-0.091019466519355774
87405024,-5398,6469,-5398,-5160,-238,-0.096876099705696106
87425016,-5447,6465,-5447,-5165,-282,-0.10251228511333466
87445008,-5448,6462,-5448,-5171,-277,-0.10779742151498795
87465000,-5450,6458,-5450,-5179,-271,-0.11272896081209183
87484992,-5451,6455,-5451,-5187,-264,-0.11737854033708572
87504984,-5452,6451,-5452,-5196,-256,-0.12161630392074585
87524976,-5488,6448,-5488,-5206,-282,-0.12546111643314362
87544968,-5489,6446,-5489,-5218,-271,-0.12896300852298737
87564960,-5490,6443,-5490,-5230,-260,-0.13207252323627472
87584952,-5491,6440,-5491,-5244,-247,-0.13487790524959564
87604944,-5492,6438,-5492,-5257,-235,-0.13738276064395905
87624936,-5505,6436,-5505,-5270,-235,-0.13948673009872437
87644928,-5505,6435,-5505,-5283,-222,-0.1411595493555069
87664920,-5506,6433,-5506,-5296,-210,-0.14271068572998047
87684912,-5506,6432,-5506,-5309,-197,-0.14401881396770477
87704904,-5507,6431,-5507,-5322,-185,-0.1449199765920639
87724896,-5500,6431,-5500,-5334,-166,-0.14529158174991608
87744888,-5500,6431,-5500,-5345,-155,-0.14547084271907806
87764880,-5500,6431,-5500,-5356,-144,-0.14542336761951447
87784872,-5499,6431,-5499,-5366,-133,-0.14493957161903381
87804864,-5499,6432,-5499,-5375,-124,-0.14419923722743988
87824856,-5469,6433,-5469,-5382,-87,-0.14317584037780762
87844848,-5468,6434,-5468,-5389,-79,-0.14196991920471191
87864840,-5468,6435,-5468,-5396,-72,-0.1406843513250351
87884832,-5467,6437,-5467,-5401,-66,-0.13933448493480682
87904824,-5466,6438,-5466,-5405,-61,-0.13775129616260529
87924816,-5414,6440,-5414,-5409,-5,-0.13587604463100433
87944808,-5413,6441,-5413,-5412,-1,-0.13386039435863495
87964800,-5412,6443,-5412,-5415,3,-0.13182897865772247
87984792,-5411,6445,-5411,-5416,5,-0.12979404628276825
88004784,-5411,6447,-5411,-5414,3,-0.12771908938884735
88024776,-5341,6448,-5341,-5412,71,-0.12550164759159088
88044768,-5340,6450,-5340,-5409,69,-0.12333764135837555
88064760,-5339,6452,-5339,-5406,67,-0.12118244916200638
88084752,-5338,6454,-5338,-5402,64,-0.11876524984836578
88104744,-5337,6456,-5337,-5396,59,-0.11613066494464874
88124736,-5251,6458,-5251,-5390,139,-0.11339472979307175
88144728,-5250,6460,-5250,-5383,133,-0.11069807410240173
88164720,-5249,6462,-5249,-5374,125,-0.107979916036129
88184712,-5249,6464,-5249,-5364,115,-0.10520562529563904
88204704,-5248,6465,-5248,-5354,106,-0.10242551565170288
88224696,-5142,6467,-5142,-5343,201,-0.099587462842464447
88244688,-5141,6469,-5141,-5331,190,-0.096834294497966766
88264680,-5140,6471,-5140,-5318,178,-0.094255127012729645
88284672,-5140,6472,-5140,-5305,165,-0.091800600290298462
88304664,-5139,6473,-5139,-5290,151,-0.089493528008460999
88324656,-5019,6475,-5019,-5274,255,-0.087111867964267731
88344648,-5019,6476,-5019,-5257,238,-0.084693439304828644
88364640,-5018,6478,-5018,-5240,222,-0.082240819931030273
88384632,-5018,6479,-5018,-5222,204,-0.079829096794128418
88404624,-5017,6480,-5017,-5203,186,-0.07760920375585556
88424616,-4890,6481,-4890,-5184,294,-0.075416721403598785
88444608,-4890,6482,-4890,-5164,274,-0.073279716074466705
88464600,-4890,6483,-4890,-5145,255,-0.071238353848457336
88484592,-4889,6484,-4889,-5124,235,-0.0694560706615448
88504584,-4889,6485,-4889,-5102,213,-0.0678529292345047
88524576,-4758,6485,-4758,-5081,323,-0.066453620791435242
88544568,-4758,6486,-4758,-5061,303,-0.065416350960731506
88564560,-4758,6486,-4758,-5040,282,-0.064393684267997742
88584552,-4758,6486,-4758,-5018,260,-0.063465520739555359
88604544,-4758,6487,-4758,-4995,237,-0.062682732939720154
88624536,-4636,6487,-4636,-4972,336,-0.062192860990762711
88644528,-4636,6487,-4636,-4947,311,-0.061952404677867889
88664520,-4636,6487,-4636,-4922,286,-0.061757627874612808
88684512,-4636,6487,-4636,-4896,260,-0.061735887080430984
88704504,-4636,6487,-4636,-4869,233,-0.06186574324965477
88724496,-4532,6487,-4532,-4842,310,-0.061979848891496658
88744488,-4532,6487,-4532,-4815,283,-0.062231343239545822
88764480,-4532,6487,-4532,-4787,255,-0.062815509736537933
88784472,-4532,6486,-4532,-4759,227,-0.063751168549060822
88804464,-4532,6486,-4532,-4730,198,-0.064968273043632507
88824456,-4447,6485,-4447,-4703,256,-0.066258102655410767
88844448,-4447,6485,-4447,-4675,228,-0.067732125520706177
88864440,-4447,6484,-4447,-4650,203,-0.069362536072731018
88884432,-4448,6483,-4448,-4626,178,-0.071127839386463165
88904424,-4448,6482,-4448,-4603,155,-0.072956740856170654
88924416,-4382,6481,-4382,-4580,198,-0.074806682765483856
88944408,-4383,6480,-4383,-4557,174,-0.076859831809997559
88964400,-4383,6479,-4383,-4535,152,-0.078885778784751892
88984392,-4384,6478,-4384,-4514,130,-0.081154800951480865
89004384,-4384,6477,-4384,-4494,110,-0.083495654165744781
89024376,-4334,6476,-4334,-4474,140,-0.085764780640602112
89044368,-4334,6474,-4334,-4457,123,-0.088049799203872681
89064360,-4335,6473,-4335,-4439,104,-0.090471014380455017
89084352,-4335,6471,-4335,-4423,88,-0.093020617961883545
89104344,-4336,6470,-4336,-4408,72,-0.095454141497612
89124336,-4301,6468,-4301,-4391,90,-0.097759410738945007
89144328,-4302,6467,-4302,-4375,73,-0.099994704127311707
89164320,-4303,6466,-4303,-4359,56,-0.10216224938631058
89184312,-4303,6464,-4303,-4344,41,-0.10419550538063049
89205137,-4304,6463,-4304,-4328,24,-0.10599161684513092
89225129,-4268,6462,-4268,-4313,45,-0.10772264748811722
89245121,-4269,6461,-4269,-4298,29,-0.10942472517490387
89265113,-4269,6459,-4269,-4284,15,-0.1112772598862648
89285105,-4270,6458,-4270,-4271,1,-0.11313808709383011
89305097,-4271,6456,-4271,-4258,-13,-0.11514201760292053
89325089,-4224,6455,-4224,-4247,23,-0.11695023626089096
89345081,-4224,6454,-4224,-4238,14,-0.11856638640165329
89365073,-4225,6453,-4225,-4229,4,-0.12002591788768768
89385065,-4225,6452,-4225,-4223,-2,-0.12139171361923218
89405057,-4226,6451,-4226,-4216,-10,-0.12257181853055954
89425049,-4169,6450,-4169,-4210,41,-0.12348362058401108
89445041,-4169,6449,-4169,-4204,35,-0.12414352595806122
89465033,-4170,6449,-4170,-4199,29,-0.12467192858457565
89485025,-4170,6449,-4170,-4194,24,-0.12510739266872406
89505017,-4170,6448,-4170,-4187,17,-0.1254403293132782
89525009,-4095,6448,-4095,-4182,87,-0.12568086385726929
89545001,-4095,6448,-4095,-4176,81,-0.12580560147762299
89564993,-4095,6448,-4095,-4169,74,-0.12589949369430542
89584985,-4095,6448,-4095,-4163,68,-0.12590576708316803
89604977,-4095,6448,-4095,-4156,61,-0.12583491206169128
89624969,-3997,6448,-3997,-4149,152,-0.12581905722618103
89644961,-3997,6448,-3997,-4142,145,-0.12568753957748413
89664953,-3997,6448,-3997,-4135,138,-0.1254420280456543
89684945,-3996,6449,-3996,-4128,132,-0.12507966160774231
89704937,-3996,6449,-3996,-4120,124,-0.12485726177692413
89724929,-3882,6449,-3882,-4112,230,-0.12462490051984787
89744921,-3881,6449,-3881,-4102,221,-0.12441416084766388
89764913,-3881,6449,-3881,-4092,211,-0.12411551177501678
89784905,-3881,6450,-3881,-4080,199,-0.12382007390260696
89804897,-3881,6450,-3881,-4068,187,-0.12353262305259705
89824889,-3758,6450,-3758,-4055,297,-0.12330432236194611
89844881,-3758,6450,-3758,-4042,284,-0.12299319356679916
89864873,-3758,6451,-3758,-4027,269,-0.12257635593414307
89884865,-3758,6451,-3758,-4012,254,-0.12211772054433823
89904857,-3758,6452,-3758,-3994,236,-0.12144942581653595
89924849,-3626,6452,-3626,-3975,349,-0.12088353186845779
89944841,-3626,6452,-3626,-3955,329,-0.12034799158573151
89964833,-3626,6453,-3626,-3933,307,-0.11982433497905731
89984825,-3626,6453,-3626,-3911,285,-0.11923372000455856
90004817,-3625,6454,-3625,-3889,264,-0.11848311126232147
90024809,-3482,6455,-3482,-3865,383,-0.11761471629142761
90044801,-3481,6455,-3481,-3840,359,-0.11682721227407455
90064793,-3481,6456,-3481,-3815,334,-0.11605680733919144
90084785,-3481,6456,-3481,-3790,309,-0.11530196666717529
90104777,-3481,6457,-3481,-3763,282,-0.1146225780248642
90124769,-3331,6457,-3331,-3735,404,-0.11399185657501221
90144761,-3331,6458,-3331,-3707,376,-0.11345338076353073
90164753,-3331,6458,-3331,-3678,347,-0.11283127963542938
90184745,-3331,6459,-3331,-3649,318,-0.11208560317754745
90204737,-3331,6459,-3331,-3621,290,-0.11145421862602234
90224729,-3185,6459,-3185,-3592,407,-0.11104326695203781
90244721,-3185,6460,-3185,-3563,378,-0.11076246201992035
90264713,-3185,6460,-3185,-3533,348,-0.11075309664011002
90284705,-3185,6460,-3185,-3503,318,-0.11094381660223007
90304697,-3185,6459,-3185,-3472,287,-0.11119283735752106
90324689,-3043,6459,-3043,-3442,399,-0.11161112785339355
90344681,-3043,6459,-3043,-3411,368,-0.11205071210861206
90364673,-3044,6458,-3044,-3381,337,-0.11269312351942062
90384665,-3044,6458,-3044,-3350,306,-0.11354123055934906
90404657,-3044,6457,-3044,-3319,275,-0.11431004852056503
90424649,-2920,6457,-2920,-3288,368,-0.11492801457643509
90444641,-2920,6456,-2920,-3258,338,-0.11548903584480286
90464633,-2920,6456,-2920,-3227,307,-0.1161918044090271
90484625,-2920,6455,-2920,-3196,276,-0.11692096292972565
90504617,-2921,6454,-2921,-3166,245,-0.1178499311208725
90524609,-6089,6453,-6089,-3137,-2952,-0.11907011270523071
90544601,-6089,6452,-6089,-3108,-2981,-0.12068735063076019
90564593,-6090,6451,-6090,-3085,-3005,-0.12274841964244843
90584585,-6091,6448,-6091,-3072,-3019,-0.12548767030239105
90604577,-6092,6446,-6092,-3071,-3021,-0.12878009676933289
90624569,-6105,6443,-6105,-3087,-3018,-0.13245420157909393
90644561,-6107,6439,-6107,-3122,-2985,-0.13668116927146912
90664553,-6108,6435,-6108,-3175,-2933,-0.14118149876594543
90684545,-6110,6430,-6110,-3246,-2864,-0.1458984762430191
90704537,-6112,6426,-6112,-3333,-2779,-0.15099987387657166
90724529,-6121,6420,-6121,-3435,-2686,-0.1563248336315155
90744521,-6123,6415,-6123,-3552,-2571,-0.16174155473709106
90764513,-6125,6409,-6125,-3680,-2445,-0.16718141734600067
90784505,-6127,6403,-6127,-3817,-2310,-0.17252309620380402
90804497,-6129,6397,-6129,-3964,-2165,-0.17772038280963898
90824489,-6125,6391,-6125,-4117,-2008,-0.18275666236877441
90844481,-6128,6386,-6128,-4277,-1851,-0.1875455379486084
90864473,-6130,6380,-6130,-4442,-1688,-0.19210943579673767
90884465,-6132,6375,-6132,-4610,-1522,-0.19634519517421722
90904457,-6134,6370,-6134,-4777,-1357,-0.20029093325138092
90924449,-6116,6365,-6116,-4944,-1172,-0.20379547774791718
90944441,-6118,6361,-6118,-5109,-1009,-0.20701627433300018
90964433,-6120,6357,-6120,-5268,-852,-0.2099875807762146
90984425,-6121,6353,-6121,-5422,-699,-0.21251803636550903
91004417,-6122,6350,-6122,-5568,-554,-0.21454675495624542
91024409,-6094,6348,-6094,-5706,-388,-0.21603211760520935
91044401,-6095,6347,-6095,-5835,-260,-0.21702784299850464
91064393,-6095,6346,-6095,-5953,-142,-0.2174924910068512
91084385,-6095,6346,-6095,-6060,-35,-0.21740920841693878
91104377,-6095,6347,-6095,-6156,61,-0.21675796806812286
91124369,-6062,6349,-6062,-6240,178,-0.21560209989547729
91144361,-6061,6351,-6061,-6311,250,-0.21401765942573547
91164353,-6060,6354,-6060,-6369,309,-0.21202093362808228
91184345,-6059,6357,-6059,-6416,357,-0.2097046971321106
91204337,-6058,6361,-6058,-6451,393,-0.20706027746200562
91224329,-6020,6364,-6020,-6474,454,-0.20427490770816803
91244321,-6019,6368,-6019,-6488,469,-0.20127461850643158
91264313,-6017,6373,-6017,-6493,476,-0.19799202680587769
91285138,-6015,6377,-6015,-6488,473,-0.19445787370204926
91305130,-6014,6382,-6014,-6475,461,-0.19068832695484161
91325122,-5967,6386,-5967,-6455,488,-0.18676650524139404
91345114,-5965,6392,-5965,-6428,463,-0.18253326416015625
91365106,-5963,6396,-5963,-6397,434,-0.17837309837341309
91385098,-5961,6401,-5961,-6361,400,-0.17422494292259216
91405090,-5959,6406,-5959,-6322,363,-0.17012038826942444
91425082,-5892,6410,-5892,-6280,388,-0.16598306596279144
91445074,-5890,6415,-5890,-6238,348,-0.16176904737949371
91465066,-5888,6419,-5888,-6194,306,-0.15768840909004211
91485058,-5887,6423,-5887,-6150,263,-0.15360389649868011
91505050,-5885,6427,-5885,-6105,220,-0.14955544471740723
91525042,-5801,6431,-5801,-6060,259,-0.14566260576248169
91545034,-5799,6434,-5799,-6016,217,-0.14186401665210724
91565026,-5798,6438,-5798,-5973,175,-0.13820035755634308
91585018,-5797,6441,-5797,-5931,134,-0.13468775153160095
91605010,-5796,6443,-5796,-5891,95,-0.13145270943641663
91625002,-5706,6446,-5706,-5853,147,-0.12844479084014893
91644994,-5705,6448,-5705,-5818,113,-0.12581871449947357
91664986,-5704,6450,-5704,-5786,82,-0.12341395765542984
91684978,-5704,6452,-5704,-5755,51,-0.12121441960334778
91704970,-5703,6453,-5703,-5726,23,-0.1193116158246994
91724962,-5623,6455,-5623,-5700,77,-0.11765024811029434
91744954,-5622,6456,-5622,-5675,53,-0.11638166010379791
91764946,-5622,6456,-5622,-5652,30,-0.11543666571378708
91784938,-5622,6457,-5622,-5632,10,-0.11477559059858322
91804930,-5622,6457,-5622,-5613,-9,-0.11431851983070374
91824922,-5563,6457,-5563,-5595,32,-0.11413773149251938
91844914,-5563,6457,-5563,-5578,15,-0.11421957612037659
91864906,-5563,6457,-5563,-5564,1,-0.11464987695217133
91884898,-5564,6457,-5564,-5552,-12,-0.11503756046295166
91904890,-5564,6456,-5564,-5540,-24,-0.1154901459813118
91924882,-5533,6456,-5533,-5528,-5,-0.11628091335296631
91944874,-5533,6455,-5533,-5518,-15,-0.11728440225124359
91964866,-5534,6454,-5534,-5508,-26,-0.11854519695043564
91984858,-5534,6453,-5534,-5499,-35,-0.12009626626968384
92004850,-5535,6451,-5535,-5490,-45,-0.12180188298225403
92024842,-5525,6450,-5525,-5482,-43,-0.12345580011606216
92044834,-5525,6449,-5525,-5475,-50,-0.12502947449684143
92064826,-5526,6447,-5526,-5469,-57,-0.12666217982769012
92084818,-5526,6446,-5526,-5464,-62,-0.12809301912784576
92104810,-5527,6445,-5527,-5460,-67,-0.12949645519256592
92124802,-5527,6444,-5527,-5456,-71,-0.13118748366832733
92144794,-5528,6442,-5528,-5453,-75,-0.13285334408283234
92164786,-5528,6441,-5528,-5449,-79,-0.13471530377864838
92184778,-5529,6439,-5529,-5448,-81,-0.13670003414154053
92204770,-5530,6437,-5530,-5446,-84,-0.13858766853809357
92224762,-5535,6436,-5535,-5446,-89,-0.14043156802654266
92244754,-5536,6434,-5536,-5446,-90,-0.14226396381855011
92264746,-5536,6432,-5536,-5445,-91,-0.14405354857444763
92284738,-5537,6431,-5537,-5443,-94,-0.14547860622406006
92304730,-5537,6430,-5537,-5440,-97,-0.14682288467884064
92324722,-5541,6428,-5541,-5439,-102,-0.14820736646652222
92344714,-5542,6427,-5542,-5438,-104,-0.14951224625110626
92364706,-5542,6426,-5542,-5439,-103,-0.15063925087451935
92384698,-5542,6425,-5542,-5441,-101,-0.15141354501247406
92404690,-5543,6424,-5543,-5443,-100,-0.15206433832645416
92424682,-5538,6424,-5538,-5446,-92,-0.15255314111709595
92444674,-5538,6424,-5538,-5448,-90,-0.15299707651138306
92464666,-5538,6423,-5538,-5450,-88,-0.15321767330169678
92484658,-5538,6423,-5538,-5449,-89,-0.15323604643344879
92504650,-5538,6423,-5538,-5449,-89,-0.15307286381721497
92524642,-5515,6424,-5515,-5447,-68,-0.15264163911342621
92544634,-5514,6425,-5514,-5445,-69,-0.15197296440601349
92564626,-5514,6425,-5514,-5443,-71,-0.15111036598682404
92584618,-5513,6427,-5513,-5441,-72,-0.14982655644416809
92604610,-5513,6428,-5513,-5440,-73,-0.14824545383453369
92624602,-5467,6430,-5467,-5438,-29,-0.14652998745441437
92644594,-5466,6432,-5466,-5435,-31,-0.14459209144115448
92664586,-5465,6434,-5465,-5432,-33,-0.14219050109386444
92684578,-5464,6436,-5464,-5429,-35,-0.1394866555929184
92704570,-5463,6439,-5463,-5427,-36,-0.13671499490737915
92724562,-5382,6441,-5382,-5423,41,-0.13380073010921478
92744554,-5381,6444,-5381,-5418,37,-0.1306690126657486
92764546,-5380,6447,-5380,-5412,32,-0.12708398699760437
92784538,-5378,6450,-5378,-5406,28,-0.12314239144325256
92804530,-5377,6454,-5377,-5399,22,-0.11895111203193665
92824522,-5256,6457,-5256,-5392,136,-0.11455857753753662
92844514,-5255,6460,-5255,-5384,129,-0.11012455075979233
92864506,-5253,6463,-5253,-5375,122,-0.10564993321895599
92884498,-5252,6466,-5252,-5367,115,-0.10108718276023865
92904490,-5251,6469,-5251,-5359,108,-0.096403218805789948
92924482,-5084,6472,-5084,-5351,267,-0.091355271637439728
92944474,-5083,6475,-5083,-5343,260,-0.086254477500915527
92964466,-5082,6478,-5082,-5335,253,-0.081175334751605988
92984458,-5081,6481,-5081,-5324,243,-0.076132968068122864
93004450,-5080,6483,-5080,-5311,231,-0.071320690214633942
93024442,-4868,6485,-4868,-5297,429,-0.06665404886007309
93044434,-4867,6487,-4867,-5280,413,-0.062000147998332977
93064426,-4867,6489,-4867,-5263,396,-0.057332545518875122
93084418,-4866,6490,-4866,-5244,378,-0.052685242146253586
93104410,-4865,6492,-4865,-5225,360,-0.048525366932153702
93124402,-4617,6493,-4617,-5203,586,-0.044698905199766159
93144394,-4617,6494,-4617,-5179,562,-0.041352435946464539
93164386,-4617,6495,-4617,-5155,538,-0.038667596876621246
93184378,-4616,6495,-4616,-5129,513,-0.036551516503095627
93204370,-4616,6496,-4616,-5101,485,-0.034801635891199112
93224362,-4376,6496,-4376,-5070,694,-0.033262211829423904
93244354,-4376,6496,-4376,-5037,661,-0.032014280557632446
93264346,-4376,6496,-4376,-5002,626,-0.031084205955266953
93284338,-4376,6496,-4376,-4964,588,-0.03057246096432209
93304330,-4376,6496,-4376,-4923,547,-0.030513165518641472
93324322,-4182,6496,-4182,-4881,699,-0.030644919723272324
93344314,-4182,6496,-4182,-4837,655,-0.030970506370067596
93365139,-4182,6496,-4182,-4793,611,-0.031624544411897659
93385131,-4182,6496,-4182,-4749,567,-0.032703239470720291
93405123,-4182,6496,-4182,-4704,522,-0.034303102642297745
93425115,-4054,6495,-4054,-4656,602,-0.036683756858110428
93445107,-4054,6494,-4054,-4608,554,-0.039311446249485016
93465099,-4055,6494,-4055,-4559,504,-0.042210306972265244
93485091,-4055,6493,-4055,-4509,454,-0.045425575226545334
93505083,-4055,6492,-4055,-4460,405,-0.049102619290351868
93525075,-3992,6490,-3992,-4411,419,-0.05299033597111702
93545067,-3992,6489,-3992,-4363,371,-0.056905735284090042
93565059,-3993,6487,-3993,-4317,324,-0.061297398060560226
93585051,-3994,6485,-3994,-4271,277,-0.066150188446044922
93605043,-3995,6483,-3995,-4226,231,-0.071060888469219208
93625035,-3985,6481,-3985,-4183,198,-0.075723700225353241
93645027,-3986,6479,-3986,-4142,156,-0.080304861068725586
93665019,-3987,6476,-3987,-4103,116,-0.084867745637893677
93685011,-3988,6474,-3988,-4066,78,-0.089435167610645294
93705003,-3990,6471,-3990,-4031,41,-0.094025261700153351
93724995,-3995,6468,-3995,-3999,4,-0.098506145179271698
93744987,-3996,6465,-3996,-3971,-25,-0.10283706337213516
93764979,-3997,6462,-3997,-3945,-52,-0.10710136592388153
93784971,-3999,6459,-3999,-3923,-76,-0.11140036582946777
93804963,-4000,6456,-4000,-3903,-97,-0.11571057885885239
93824955,-3995,6453,-3995,-3888,-107,-0.11991152167320251
93844947,-3997,6450,-3997,-3875,-122,-0.12382251024246216
93864939,-3998,6447,-3998,-3866,-132,-0.12773697078227997
93884931,-3999,6443,-3999,-3858,-141,-0.13152995705604553
93904923,-4001,6440,-4001,-3851,-150,-0.13532814383506775
93924915,-3990,6437,-3990,-3847,-143,-0.1391218900680542
93944907,-3991,6433,-3991,-3844,-147,-0.14290182292461395
93964899,-3993,6430,-3993,-3844,-149,-0.1467113196849823
93984891,-3994,6426,-3994,-3846,-148,-0.15038703382015228
94004883,-3996,6422,-3996,-3849,-147,-0.15409086644649506
94024875,-3977,6419,-3977,-3854,-123,-0.15788303315639496
94044867,-3978,6415,-3978,-3859,-119,-0.16174699366092682
94064859,-3980,6410,-3980,-3865,-115,-0.16567413508892059
94084851,-3982,6406,-3982,-3872,-110,-0.1697041392326355
94104843,-3984,6402,-3984,-3879,-105,-0.17372593283653259
94124835,-3965,6397,-3965,-3887,-78,-0.17777056992053986
94144827,-3967,6392,-3967,-3896,-71,-0.18182055652141571
94164819,-3969,6388,-3969,-3905,-64,-0.18588156998157501
94184811,-3971,6383,-3971,-3914,-57,-0.18996922671794891
94204803,-3974,6378,-3974,-3922,-52,-0.19403044879436493
94224795,-3956,6372,-3956,-3930,-26,-0.19818069040775299
94244787,-3959,6367,-3959,-3938,-21,-0.20232336223125458
94264779,-3961,6361,-3961,-3946,-15,-0.20651237666606903
94284771,-3964,6356,-3964,-3952,-12,-0.21078141033649445
94304763,-3966,6350,-3966,-3958,-8,-0.21500071883201599
94324755,-3953,6344,-3953,-3963,10,-0.2191213071346283
94344747,-3955,6338,-3955,-3967,12,-0.22314946353435516
94364739,-3958,6333,-3958,-3971,13,-0.22708187997341156
94384731,-3960,6327,-3960,-3974,14,-0.23092314600944519
94404723,-3963,6321,-3963,-3976,13,-0.23473769426345825
94424715,-3949,6315,-3949,-3978,29,-0.2385966032743454
94444707,-3952,6309,-3952,-3978,26,-0.24242027103900909
94464699,-3954,6304,-3954,-3978,24,-0.24606995284557343
94484691,-3957,6298,-3957,-3977,20,-0.24940462410449982
94504683,-3959,6293,-3959,-3975,16,-0.25248196721076965
94524675,-3939,6289,-3939,-3972,33,-0.25528827309608459
94544667,-3940,6285,-3940,-3970,30,-0.25788605213165283
94564659,-3942,6281,-3942,-3966,24,-0.26019880175590515
94584651,-3944,6277,-3944,-3961,17,-0.26239261031150818
94604643,-3945,6274,-3945,-3955,10,-0.26440060138702393
94624635,-3901,6270,-3901,-3950,49,-0.26624688506126404
94644627,-3902,6268,-3902,-3945,43,-0.26777863502502441
94664619,-3903,6266,-3903,-3939,36,-0.26911142468452454
94684611,-3904,6263,-3904,-3932,28,-0.27033138275146484
94704603,-3905,6262,-3905,-3926,21,-0.27134528756141663
94724595,-3832,6260,-3832,-3919,87,-0.27229022979736328
94744587,-3832,6259,-3832,-3912,80,-0.27311328053474426
94764579,-3833,6257,-3833,-3904,71,-0.27374446392059326
94784571,-3833,6257,-3833,-3896,63,-0.27420768141746521
94804563,-3833,6256,-3833,-3888,55,-0.27447530627250671
94824555,-3731,6256,-3731,-3879,148,-0.27450013160705566
94844547,-3731,6257,-3731,-3869,138,-0.27425432205200195
94864539,-3731,6257,-3731,-3859,128,-0.27380692958831787
94884531,-3730,6259,-3730,-3847,117,-0.2730996310710907
94904523,-3730,6260,-3730,-3834,104,-0.27210095524787903
94924515,-3594,6263,-3594,-3820,226,-0.27068564295768738
94944507,-3592,6266,-3592,-3805,213,-0.26886993646621704
94964499,-3591,6270,-3591,-3789,198,-0.26674208045005798
94984491,-3589,6274,-3589,-3773,184,-0.26428133249282837
95004483,-3587,6278,-3587,-3756,169,-0.26156160235404968
95024475,-3403,6283,-3403,-3738,335,-0.25865408778190613
95044467,-3401,6289,-3401,-3719,318,-0.25544264912605286
95064459,-3399,6294,-3399,-3699,300,-0.25215634703636169
95084451,-3396,6300,-3396,-3678,282,-0.24870555102825165
95104443,-3394,6305,-3394,-3654,260,-0.24523217976093292
95124435,-3162,6310,-3162,-3630,468,-0.2417961061000824
95144427,-3160,6315,-3160,-3605,445,-0.23853297531604767
95164419,-3158,6320,-3158,-3580,422,-0.23539729416370392
95184411,-3156,6325,-3156,-3552,396,-0.23230502009391785
95204403,-3154,6329,-3154,-3523,369,-0.22938054800033569
95224395,-2893,6333,-2893,-3493,600,-0.22654765844345093
95244387,-2892,6338,-2892,-3462,570,-0.2237214595079422
95264379,-2890,6342,-2890,-3430,540,-0.22090865671634674
95284371,-2889,6345,-2889,-3396,507,-0.21826827526092529
95304363,-2888,6348,-2888,-3360,472,-0.21597987413406372
95324355,-2625,6351,-2625,-3323,698,-0.21383991837501526
95344347,-2624,6354,-2624,-3285,661,-0.21180656552314758
95364339,-2623,6357,-2623,-3245,622,-0.21013578772544861
95384331,-2622,6358,-2622,-3204,582,-0.20878344774246216
95404323,-2621,6360,-2621,-3161,540,-0.20746669173240662
95424315,-2382,6362,-2382,-3116,734,-0.20635068416595459
95445140,-2382,6363,-2382,-3069,687,-0.20540004968643188
95465132,-2382,6364,-2382,-3021,639,-0.20473261177539825
95485124,-2381,6364,-2381,-2971,590,-0.20419444143772125
95505116,-2381,6365,-2381,-2919,538,-0.20393426716327667
95525108,-2175,6365,-2175,-2869,694,-0.20401273667812347
95545100,-2175,6364,-2175,-2818,643,-0.20429132878780365
95565092,-2175,6364,-2175,-2767,592,-0.20469141006469727
95585084,-2175,6363,-2175,-2716,541,-0.20524515211582184
95605076,-2175,6362,-2175,-2664,489,-0.20581828057765961
95625068,-2008,6361,-2008,-2611,603,-0.20642943680286407
95645060,-2008,6361,-2008,-2558,550,-0.20709475874900818
95665052,-2009,6359,-2009,-2506,497,-0.20805534720420837
95685044,-2009,6358,-2009,-2453,444,-0.20911876857280731
95705036,-2010,6356,-2010,-2402,392,-0.21037177741527557
95725028,-1864,6354,-1864,-2354,490,-0.21178501844406128
95745020,-1865,6352,-1865,-2306,441,-0.21323083341121674
95765012,-1866,6350,-1866,-2259,393,-0.21480420231819153
95785004,-1866,6348,-1866,-2215,349,-0.21647980809211731
95804996,-1867,6345,-1867,-2171,304,-0.21821330487728119
95824988,-1745,6343,-1745,-2129,384,-0.22002273797988892
95844980,-1745,6340,-1745,-2087,342,-0.22166313230991364
95864972,-1746,6338,-1746,-2047,301,-0.22339227795600891
95884964,-1747,6335,-1747,-2009,262,-0.22514909505844116
95904956,-1747,6333,-1747,-1972,225,-0.22675633430480957
95924948,-1636,6331,-1636,-1937,301,-0.22842326760292053
95944940,-1637,6328,-1637,-1903,266,-0.23010745644569397
95964932,-1637,6326,-1637,-1870,233,-0.23179462552070618
95984924,-1638,6323,-1638,-1839,201,-0.23350031673908234
96004916,-1639,6321,-1639,-1810,171,-0.23509424924850464
96024908,-1527,6319,-1527,-1782,255,-0.23654237389564514
96044900,-1527,6316,-1527,-1754,227,-0.23785722255706787
96064892,-1528,6315,-1528,-1729,201,-0.23901638388633728
96084884,-1528,6313,-1528,-1704,176,-0.24001806974411011
96104876,-1529,6312,-1529,-1680,151,-0.2409520149230957
96124868,-1411,6310,-1411,-1659,248,-0.24176764488220215
96144860,-1411,6309,-1411,-1638,227,-0.24255543947219849
96164852,-1411,6308,-1411,-1619,208,-0.24329380691051483
96184844,-1412,6307,-1412,-1599,187,-0.24396462738513947
96204836,-1412,6306,-1412,-1580,168,-0.2445329874753952
96224828,-1287,6305,-1287,-1561,274,-0.24501384794712067
96244820,-1288,6305,-1288,-1543,255,-0.24532341957092285
96264812,-1288,6305,-1288,-1524,236,-0.24541041254997253
96284804,-1288,6305,-1288,-1506,218,-0.24539348483085632
96304796,-1288,6305,-1288,-1488,200,-0.24535131454467773
96324788,-1165,6305,-1165,-1471,306,-0.24507772922515869
96344780,-1164,6306,-1164,-1453,289,-0.24456731975078583
96364772,-1164,6307,-1164,-1435,271,-0.2440323531627655
96384764,-1164,6308,-1164,-1417,253,-0.24362659454345703
96404756,-1164,6308,-1164,-1398,234,-0.24338547885417938
96424748,-1042,6308,-1042,-1380,338,-0.24340139329433441
96444740,-1042,6308,-1042,-1360,318,-0.24362091720104218
96464732,-1042,6307,-1042,-1341,299,-0.24408304691314697
96484724,-1042,6306,-1042,-1321,279,-0.2446705549955368
96504716,-1042,6305,-1042,-1300,258,-0.24540072679519653
96524708,-935,6303,-935,-1279,344,-0.24633157253265381
96544700,-936,6301,-936,-1258,322,-0.24750575423240662
96564692,-936,6299,-936,-1237,301,-0.24890641868114471
96584684,-936,6297,-936,-1216,280,-0.25051480531692505
96604676,-937,6294,-937,-1194,257,-0.25231149792671204
96624668,-851,6290,-851,-1171,320,-0.25438773632049561
96644660,-851,6287,-851,-1148,297,-0.25656184554100037
96664652,-852,6283,-852,-1126,274,-0.25885286927223206
96684644,-852,6279,-852,-1104,252,-0.26120078563690186
96704636,-853,6275,-853,-1082,229,-0.26368284225463867
96724628,-778,6270,-778,-1061,283,-0.26631775498390198
96744620,-778,6266,-778,-1040,262,-0.26898720860481262
96764612,-779,6261,-779,-1019,240,-0.27163535356521606
96784604,-780,6257,-780,-998,218,-0.2741985023021698
96804596,-780,6252,-780,-977,197,-0.2767179012298584
96824588,-711,6248,-711,-956,245,-0.27918612957000732
96844580,-711,6244,-711,-935,224,-0.28142958879470825
96864572,-711,6240,-711,-915,204,-0.28330704569816589
96884564,-712,6238,-712,-896,184,-0.28482776880264282
96904556,-712,6235,-712,-877,165,-0.28601199388504028
96924548,-637,6234,-637,-859,222,-0.28678753972053528
96944540,-637,6233,-637,-840,203,-0.28721603751182556
96964532,-637,6233,-637,-822,185,-0.28731945157051086
96984524,-637,6234,-637,-804,167,-0.28698262572288513
97004516,-637,6235,-637,-786,149,-0.28633937239646912
97024508,-548,6237,-548,-768,220,-0.28529694676399231
97044500,-548,6239,-548,-751,203,-0.28397998213768005
97064492,-547,6242,-547,-734,187,-0.28244879841804504
97084484,-547,6245,-547,-717,170,-0.28061592578887939
97104476,-547,6249,-547,-700,153,-0.27856928110122681
97124468,-442,6253,-442,-685,243,-0.27634689211845398
97144460,-442,6257,-442,-669,227,-0.27403935790061951
97164452,-442,6261,-442,-654,212,-0.27158355712890625
97184444,-442,6266,-442,-640,198,-0.26893240213394165
97204436,-441,6271,-441,-625,184,-0.26618865132331848
97224428,-328,6275,-328,-610,282,-0.26340678334236145
97244420,-328,6280,-328,-596,268,-0.26063591241836548
97264412,-327,6285,-327,-581,254,-0.25790756940841675
97284404,-327,6289,-327,-566,239,-0.25516802072525024
97304396,-327,6293,-327,-550,223,-0.2525114119052887
97324388,-214,6298,-214,-534,320,-0.24981574714183807
97344380,-213,6302,-213,-517,304,-0.24705339968204498
97364372,-213,6307,-213,-499,286,-0.24429014325141907
97384364,-213,6311,-213,-482,269,-0.24146413803100586
97404356,-213,6315,-213,-464,251,-0.2385827898979187
97424348,-110,6320,-110,-445,335,-0.23558057844638824
97444340,-110,6325,-110,-426,316,-0.23247180879116058
97464332,-110,6329,-110,-407,297,-0.22944308817386627
97484324,-110,6333,-110,-388,278,-0.22651422023773193
97504316,-110,6338,-110,-368,258,-0.22366099059581757
97525141,-26,6341,-26,-347,321,-0.22094015777111053
97545133,-26,6345,-26,-327,301,-0.21828103065490723
97565125,-26,6349,-26,-306,280,-0.21583715081214905
97585117,-26,6352,-26,-285,259,-0.21365295350551605
97605109,-26,6354,-26,-263,237,-0.21166923642158508
97625101,38,6357,38,-241,279,-0.21005776524543762
97645093,38,6358,38,-220,258,-0.2087664008140564
97665085,38,6360,38,-199,237,-0.20787982642650604
97685077,38,6360,38,-178,216,-0.20741881430149078
97705069,38,6360,38,-158,196,-0.20740403234958649
97725061,79,6360,79,-138,217,-0.2077777236700058
97745053,79,6359,79,-119,198,-0.20858220756053925
97765045,79,6357,79,-100,179,-0.2098071277141571
97785037,79,6355,79,-81,160,-0.21147453784942627
97805029,79,6352,79,-63,142,-0.21354974806308746
97825021,96,6348,96,-46,142,-0.216042160987854
97845013,96,6344,96,-30,126,-0.21892254054546356
97865005,96,6340,96,-14,110,-0.22219236195087433
97884997,96,6335,96,0,96,-0.2257983535528183
97904989,96,6329,96,13,83,-0.22973224520683289
97924981,102,6322,102,26,76,-0.23395566642284393
97944973,102,6316,102,38,64,-0.23842252790927887
97964965,102,6308,102,49,53,-0.24308031797409058
97984957,103,6301,103,59,44,-0.24786806106567383
98004949,103,6293,103,69,34,-0.25272876024246216
98024941,101,6285,101,77,24,-0.25761136412620544
98044933,102,6277,102,85,17,-0.26246851682662964
98064925,102,6269,102,91,11,-0.26723232865333557
98084917,102,6261,102,97,5,-0.27183988690376282
98104909,102,6253,102,102,0,-0.27622935175895691
98124901,102,6246,102,107,-5,-0.28034630417823792
98144893,102,6239,102,110,-8,-0.28414511680603027
98164885,102,6233,102,113,-11,-0.28757256269454956
98184877,102,6227,102,116,-14,-0.29056909680366516
98204869,102,6222,102,118,-16,-0.29309356212615967
98224861,106,6219,106,119,-13,-0.29511219263076782
98244853,106,6216,106,119,-13,-0.29660961031913757
98264845,106,6214,106,119,-13,-0.29755893349647522
98284837,106,6213,106,119,-13,-0.29793527722358704
98304829,106,6214,106,119,-13,-0.29772606492042542
98324821,115,6215,115,118,-3,-0.29693278670310974
98344813,115,6218,115,116,-1,-0.29556417465209961
98364805,115,6221,115,115,0,-0.29363080859184265
98384797,115,6226,115,113,2,-0.29113763570785522
98404789,115,6232,115,111,4,-0.28810268640518188
98424781,132,6238,132,110,22,-0.28455033898353577
98444773,132,6245,132,108,24,-0.28052404522895813
98464765,131,6253,131,106,25,-0.27605846524238586
98484757,131,6262,131,104,27,-0.27118071913719177
98504749,131,6271,131,102,29,-0.26594641804695129
98524741,152,6280,152,101,51,-0.26040244102478027
98544733,152,6290,152,99,53,-0.25460612773895264
98564725,152,6300,152,98,54,-0.24860730767250061
98584717,152,6309,152,97,55,-0.2424616813659668
98604709,151,6319,151,96,55,-0.2362201064825058
98624701,173,6328,173,96,77,-0.22993670403957367
98644693,173,6338,173,96,77,-0.22366540133953094
98664685,173,6346,173,96,77,-0.21746382117271423
98684677,173,6355,173,97,76,-0.21138131618499756
98704669,172,6363,172,98,74,-0.20546624064445496
98724661,191,6370,191,99,92,-0.19976463913917542
98744653,191,6377,191,101,90,-0.19432148337364197
98764645,191,6384,191,103,88,-0.189178466796875
98784637,190,6389,190,105,85,-0.18437634408473969
98804629,190,6395,190,108,82,-0.17994442582130432
98824621,204,6399,204,111,93,-0.17590901255607605
98844613,204,6403,204,114,90,-0.17229244112968445
98864605,203,6407,203,117,86,-0.16910667717456818
98884597,203,6410,203,121,82,-0.16635879874229431
98904589,203,6412,203,125,78,-0.16406618058681488
98924581,212,6414,212,129,83,-0.16222704946994781
98944573,212,6416,212,134,78,-0.16084004938602448
98964565,212,6417,212,138,74,-0.1599029153585434
98984557,212,6417,212,142,70,-0.15940067172050476
99004549,212,6417,212,147,65,-0.15932357311248779
99024541,218,6417,218,151,67,-0.15965123474597931
99044533,218,6416,218,156,62,-0.16036659479141235
99064525,218,6415,218,160,58,-0.16143946349620819
99084517,218,6414,218,165,53,-0.16284030675888062
99104509,218,6412,218,169,49,-0.16454055905342102
99124501,224,6410,224,173,51,-0.16650761663913727
99144493,224,6407,224,177,47,-0.16870738565921783
99164485,225,6405,225,181,44,-0.17109823226928711
99184477,225,6402,225,185,40,-0.17364083230495453
99204469,225,6399,225,188,37,-0.17629452049732208
99224461,231,6396,231,192,39,-0.17902036011219025
99244453,231,6392,231,195,36,-0.18178057670593262
99264445,231,6389,231,197,34,-0.18452945351600647
99284437,231,6386,231,200,31,-0.18722556531429291
99304429,231,6383,231,203,28,-0.18982769548892975
99324421,240,6380,240,205,35,-0.19230711460113525
99344413,240,6377,240,207,33,-0.19462858140468597
99364405,241,6374,241,209,32,-0.19675911962985992
99384397,241,6372,241,211,30,-0.19866278767585754
99404389,241,6370,241,212,29,-0.20031046867370605
99424381,251,6368,251,214,37,-0.20167781412601471
99444373,251,6366,251,215,36,-0.20274853706359863
99464365,251,6365,251,216,35,-0.20350003242492676
99484357,251,6365,251,217,34,-0.20392234623432159
99504349,251,6365,251,218,33,-0.20399326086044312
99524341,263,6365,263,219,44,-0.20370829105377197
99544333,263,6366,263,220,43,-0.20306684076786041
99564325,263,6367,263,221,42,-0.20206974446773529
99584317,263,6369,263,222,41,-0.20071598887443542
99605142,262,6371,262,223,39,-0.199008509516716
99625134,274,6374,274,225,49,-0.19695934653282166
99645126,273,6377,273,226,47,-0.19458593428134918
99665118,273,6380,273,227,46,-0.19194008409976959
99685110,273,6384,273,228,45,-0.18887282907962799
99705102,273,6388,273,230,43,-0.18564940989017487
99725094,286,6392,286,231,55,-0.18217815458774567
99745086,285,6396,285,232,53,-0.17848542332649231
99765078,285,6401,285,234,51,-0.17459851503372192
99785070,285,6405,285,236,49,-0.17054331302642822
99805062,285,6410,285,237,48,-0.16634535789489746
99825054,295,6414,295,239,56,-0.16203576326370239
99845046,295,6419,295,241,54,-0.15764252841472626
99865038,294,6423,294,243,51,-0.15323148667812347
99885030,294,6428,294,245,49,-0.14879673719406128
99905022,294,6432,294,248,46,-0.14436222612857819
99925014,302,6436,302,250,52,-0.13995850086212158
99945006,302,6440,302,252,50,-0.13561412692070007
99964998,301,6443,301,255,46,-0.13136215507984161
99984990,301,6447,301,257,44,-0.12722715735435486
100004982,301,6450,301,259,42,-0.12323229759931564
100024974,305,6453,305,262,43,-0.1194005087018013
100044966,305,6456,305,264,41,-0.11575329303741455
100064958,305,6459,305,267,38,-0.11234337836503983
100084950,305,6461,305,269,36,-0.1091577336192131
100104942,305,6463,305,272,33,-0.10621092468500137
100124934,307,6465,307,274,33,-0.1035180538892746
100144926,307,6466,307,276,31,-0.10108762979507446
100164918,307,6468,307,278,29,-0.098933212459087372
100184910,307,6469,307,280,27,-0.09706028550863266
100204902,307,6470,307,282,25,-0.095471955835819244
100224894,308,6471,308,284,24,-0.094168692827224731
100244886,308,6471,308,286,22,-0.093149006366729736
100264878,308,6472,308,288,20,-0.092425964772701263
100284870,308,6472,308,290,18,-0.091974757611751556
100304862,308,6472,308,291,17,-0.091783337295055389
100324854,309,6472,309,293,16,-0.091841556131839752
100344846,309,6472,309,294,15,-0.092133872210979462
100364838,309,6472,309,295,14,-0.09264528751373291
100384830,309,6471,309,296,13,-0.09335608035326004
100404822,309,6471,309,297,12,-0.094246111810207367
100424814,311,6470,311,298,13,-0.095293410122394562
100444806,311,6469,311,298,13,-0.096477396786212921
100464798,311,6468,311,299,12,-0.097773894667625427
100484790,311,6468,311,299,12,-0.099153779447078705
100504782,311,6467,311,300,11,-0.10059372335672379
100524774,314,6466,314,300,14,-0.1020721048116684
100544766,314,6465,314,300,14,-0.10356585681438446
100564758,314,6464,314,300,14,-0.10504783689975739
100584750,314,6463,314,300,14,-0.10649111866950989
100604742,314,6462,314,301,13,-0.10787195712327957
100624734,319,6461,319,301,18,-0.10917118191719055
100644726,319,6460,319,301,18,-0.11036777496337891
100664718,319,6459,319,301,18,-0.11144091188907623
100684710,319,6459,319,300,19,-0.11236866563558578
100704702,319,6458,319,300,19,-0.11313386261463165
100724694,325,6458,325,300,25,-0.11371986567974091
100744686,325,6457,325,300,25,-0.1141173392534256
100764678,325,6457,325,300,25,-0.11431332677602768
100784670,325,6457,325,300,25,-0.1142941489815712
100804662,325,6457,325,301,24,-0.11405554413795471
100824654,330,6458,330,301,29,-0.11358927190303802
100844646,329,6458,329,301,28,-0.11289694160223007
100864638,329,6459,329,301,28,-0.1119772270321846
100884630,329,6460,329,302,27,-0.11083430051803589
100904622,329,6461,329,302,27,-0.10946653783321381
100924614,333,6462,333,303,30,-0.10788195580244064
100944606,333,6463,333,303,30,-0.10608863085508347
100964598,333,6464,333,304,29,-0.10409638285636902
100984590,333,6466,333,305,28,-0.10191802680492401
101004582,333,6467,333,306,27,-0.099565744400024414
101024574,336,6469,336,306,30,-0.097054533660411835
101044566,336,6471,336,307,29,-0.094404660165309906
101064558,336,6472,336,308,28,-0.091638103127479553
101084550,335,6474,335,309,26,-0.088777258992195129
101104542,335,6476,335,310,25,-0.08583667129278183
101124534,336,6477,336,312,24,-0.082833193242549896
101144526,335,6479,335,313,22,-0.079792961478233337
101164518,335,6480,335,314,21,-0.076738305389881134
101184510,335,6482,335,315,20,-0.073690742254257202
101204502,335,6483,335,316,19,-0.070672892034053802
101224494,333,6485,333,317,16,-0.067706659436225891
101244486,333,6486,333,318,15,-0.064812168478965759
101264478,333,6487,333,319,14,-0.062015265226364136
101284470,333,6488,333,320,13,-0.059341378509998322
101304462,333,6489,333,321,12,-0.056801591068506241
101324454,329,6490,329,322,7,-0.054412491619586945
101344446,329,6491,329,323,6,-0.052188970148563385
101364438,329,6491,329,324,5,-0.050146441906690598
101384430,329,6492,329,324,5,-0.048298604786396027
101404422,329,6492,329,325,4,-0.0466591976583004
101424414,324,6493,324,325,-1,-0.045234620571136475
101444406,324,6493,324,326,-2,-0.044029898941516876
101464398,324,6493,324,326,-2,-0.043051589280366898
101484390,324,6494,324,326,-2,-0.042315337806940079
101504382,324,6494,324,326,-2,-0.041809290647506714
101524374,320,6494,320,326,-6,-0.04153747484087944
101544366,320,6494,320,326,-6,-0.041492391377687454
101564358,320,6494,320,326,-6,-0.041670132428407669
101584350,320,6494,320,325,-5,-0.042064148932695389
101604342,320,6494,320,325,-5,-0.042663104832172394
101624334,317,6493,317,324,-7,-0.043456897139549255
101644326,317,6493,317,324,-7,-0.044432152062654495
101664318,317,6493,317,323,-6,-0.0455750972032547
101684310,317,6492,317,323,-6,-0.046881217509508133
101705135,317,6492,317,322,-5,-0.048322346061468124
101725127,315,6491,315,321,-6,-0.049880310893058777
101745119,315,6491,315,320,-5,-0.051535841077566147
101765111,315,6490,315,320,-5,-0.053345326334238052
101785103,315,6490,315,319,-4,-0.055142194032669067
101805095,315,6489,315,318,-3,-0.05697418749332428
101825087,315,6488,315,317,-2,-0.058822862803936005
101845079,315,6488,315,316,-1,-0.060668308287858963
101865071,315,6487,315,315,0,-0.062517479062080383
101885063,315,6486,315,314,1,-0.064319044351577759
101905055,315,6485,315,313,2,-0.066055081784725189
101925047,317,6485,317,312,5,-0.067707732319831848
101945039,317,6484,317,311,6,-0.069258391857147217
101965031,317,6483,317,310,7,-0.070692434906959534
101985023,317,6483,317,309,8,-0.071996212005615234
102005015,317,6482,317,308,9,-0.073157407343387604
102025007,321,6482,321,307,14,-0.074165336787700653
102044999,321,6481,321,306,15,-0.075011678040027618
102064991,321,6481,321,305,16,-0.0757155641913414
102084983,321,6481,321,305,16,-0.076246246695518494
102104975,321,6480,321,304,17,-0.076601840555667877
102124967,324,6480,324,304,20,-0.076781772077083588
102144959,324,6480,324,304,20,-0.076788380742073059
102164951,324,6480,324,304,20,-0.076625622808933258
102184943,324,6481,324,304,20,-0.076295092701911926
102204935,324,6481,324,304,20,-0.075804024934768677
102224927,325,6481,325,304,21,-0.075155533850193024
102244919,325,6482,325,304,21,-0.074361681938171387
102264911,325,6482,325,305,20,-0.073452457785606384
102284903,325,6482,325,305,20,-0.072416059672832489
102304895,325,6483,325,306,19,-0.071264714002609253
102324887,327,6484,327,306,21,-0.070008710026741028
102344879,327,6484,327,307,20,-0.06866290420293808
102364871,327,6485,327,308,19,-0.067240633070468903
102384863,327,6485,327,309,18,-0.065758384764194489
102404855,326,6486,326,309,17,-0.064227290451526642
102424847,326,6487,326,310,16,-0.062662877142429352
102444839,326,6487,326,311,15,-0.06107938289642334
102464831,326,6488,326,312,14,-0.059511084109544754
102484823,326,6489,326,313,13,-0.05795249342918396
102504815,326,6489,326,314,12,-0.056419707834720612
102524807,325,6490,325,315,10,-0.054925043135881424
102544799,324,6490,324,315,9,-0.053481820970773697
102564791,324,6491,324,316,8,-0.052106320858001709
102584783,324,6491,324,317,7,-0.050809703767299652
102604775,324,6492,324,317,7,-0.049606706947088242
102624767,322,6492,322,318,4,-0.048505485057830811
102644759,322,6492,322,319,3,-0.047514721751213074
102664751,322,6492,322,319,3,-0.046643611043691635
102684743,322,6493,322,319,3,-0.045901160687208176
102704735,322,6493,322,320,2,-0.045292440801858902
102724727,319,6493,319,320,-1,-0.044822979718446732
102744719,319,6493,319,320,-1,-0.044496476650238037
102764711,319,6493,319,320,-1,-0.044315304607152939
102784703,319,6493,319,320,-1,-0.044284790754318237
102804695,319,6493,319,320,-1,-0.044401910156011581
102824687,315,6493,315,320,-5,-0.044666152447462082
102844679,315,6493,315,320,-5,-0.0450717993080616
102864671,315,6493,315,320,-5,-0.045618381351232529
102884663,315,6493,315,320,-5,-0.046300459653139114
102904655,315,6492,315,319,-4,-0.047112207859754562
102924647,312,6492,312,319,-7,-0.048042561858892441
102944639,312,6492,312,318,-6,-0.049085516482591629
102964631,312,6491,312,317,-5,-0.050230052322149277
102984623,312,6491,312,317,-5,-0.051465917378664017
103004615,312,6490,312,316,-4,-0.052781008183956146
103024607,310,6490,310,315,-5,-0.054165385663509369
103044599,310,6489,310,314,-4,-0.055603131651878357
103064591,310,6489,310,314,-4,-0.057081162929534912
103084583,310,6488,310,313,-3,-0.058586124330759048
103104575,310,6488,310,312,-2,-0.060103364288806915
103124567,308,6487,308,311,-3,-0.061617102473974228
103144559,308,6487,308,310,-2,-0.063111856579780579
103164551,308,6486,308,309,-1,-0.064574114978313446
103184543,308,6485,308,308,0,-0.065990075469017029
103204535,308,6485,308,307,1,-0.067340731620788574
103224527,307,6484,307,306,1,-0.068616591393947601
103244519,307,6484,307,305,2,-0.069802865386009216
103264511,307,6483,307,305,2,-0.070884205400943756
103284503,307,6483,307,304,3,-0.071853578090667725
103304495,307,6482,307,303,4,-0.072694703936576843
103324487,306,6482,306,302,4,-0.073399163782596588
103344479,306,6482,306,302,4,-0.073955416679382324
103364471,306,6482,306,301,5,-0.074357345700263977
103384463,306,6481,306,300,6,-0.074595898389816284
103404455,306,6481,306,300,6,-0.074664130806922913
103424447,304,6481,304,299,5,-0.074560016393661499
103444439,304,6482,304,299,5,-0.074282847344875336
103464431,304,6482,304,298,6,-0.073829703032970428
103484423,304,6482,304,298,6,-0.073206432163715363
103504415,304,6482,304,298,6,-0.072406947612762451
103524407,302,6483,302,298,4,-0.0714387446641922
103544399,302,6483,302,297,5,-0.070304587483406067
103564391,302,6484,302,297,5,-0.069015301764011383
103584383,302,6485,302,297,5,-0.067573502659797668
103604375,302,6485,302,297,5,-0.065989799797534943
103624367,299,6486,299,297,2,-0.064274400472640991
103644359,299,6487,299,296,3,-0.062437880784273148
103664351,299,6488,299,296,3,-0.060492854565382004
103684343,299,6488,299,296,3,-0.058456514030694962
103704335,299,6489,299,296,3,-0.05633820965886116
103724327,294,6490,294,296,-2,-0.054152738302946091
103744319,294,6491,294,296,-2,-0.051917627453804016
103764311,294,6491,294,296,-2,-0.049649443477392197
103785136,294,6492,294,296,-2,-0.047361493110656738
103805128,294,6493,294,296,-2,-0.045072730630636215
103825120,289,6494,289,295,-6,-0.042800586670637131
103845112,289,6494,289,295,-6,-0.040468838065862656
103865104,289,6495,289,295,-6,-0.038300968706607819
103885096,289,6495,289,295,-6,-0.036198776215314865
103905088,289,6496,289,294,-5,-0.034182045608758926
103925080,283,6496,283,294,-11,-0.032263115048408508
103945072,283,6496,283,294,-11,-0.030457023531198502
103965064,283,6497,283,293,-10,-0.028778873383998871
103985056,283,6497,283,293,-10,-0.027240706607699394
104005048,283,6497,283,292,-9,-0.025856629014015198
104025040,277,6498,277,291,-14,-0.024634638801217079
104045032,277,6498,277,291,-14,-0.023582471534609795
104065024,277,6498,277,290,-13,-0.02272423729300499
104085016,277,6498,277,289,-12,-0.022050779312849045
104105008,277,6498,277,289,-12,-0.021563993766903877
104125000,270,6498,270,288,-18,-0.021267300471663475
104144992,270,6498,270,287,-17,-0.021162634715437889
104164984,270,6498,270,286,-16,-0.021249033510684967
104184976,270,6498,270,285,-15,-0.021524621173739433
104204968,270,6498,270,284,-14,-0.021984323859214783
104224960,264,6498,264,283,-19,-0.022624008357524872
104244952,264,6498,264,282,-18,-0.02343432791531086
104264944,264,6498,264,281,-17,-0.024419713765382767
104284936,264,6497,264,280,-16,-0.025556532666087151
104304928,264,6497,264,279,-15,-0.026833536103367805
104324920,259,2500,259,277,-18,-0.028238637372851372
104344912,259,2500,259,276,-17,-0.029757663607597351
104364904,259,2500,259,275,-16,-0.031372860074043274
104384896,259,2500,259,274,-15,-0.033069770783185959
104404888,259,2500,259,272,-13,-0.034832634031772614
104424880,255,2500,255,271,-16,-0.036642067134380341
104444872,255,2500,255,269,-14,-0.038480214774608612
104464864,255,2500,255,268,-13,-0.040336064994335175
104484856,255,2500,255,267,-12,-0.042179536074399948
104504848,255,2500,255,265,-10,-0.04399171844124794
104524840,251,2500,251,264,-13,-0.045754756778478622
104544832,251,2500,251,263,-12,-0.047453172504901886
104564824,251,2500,251,261,-10,-0.049062673002481461
104584816,251,2500,251,260,-9,-0.050564594566822052
104604808,251,2500,251,258,-7,-0.051941204816102982
104624800,248,2500,248,257,-9,-0.053176037967205048
104644792,248,2500,248,256,-8,-0.054251771420240402
104664784,248,2500,248,254,-6,-0.055154755711555481
104684776,248,2500,248,253,-5,-0.055861994624137878
104704768,248,2500,248,252,-4,-0.056366585195064545
104724760,245,2500,245,251,-6,-0.056659538298845291
104744752,245,2500,245,249,-4,-0.056732617318630219
104764744,245,2500,245,248,-3,-0.056578259915113449
104784736,245,2500,245,247,-2,-0.056186426430940628
104804728,245,2500,245,246,-1,-0.055555809289216995
104824720,242,2500,242,245,-3,-0.054684586822986603
104844712,242,2500,242,244,-2,-0.05357891321182251
104864704,242,2500,242,244,-2,-0.052238650619983673
104884696,242,2500,242,243,-1,-0.050665251910686493
104904688,242,2500,242,242,0,-0.048866461962461472
104924680,237,2500,237,241,-4,-0.046853400766849518
104944672,237,2500,237,241,-4,-0.044640034437179565
104964664,237,2500,237,240,-3,-0.042239714413881302
104984656,237,2500,237,239,-2,-0.039665471762418747
105004648,237,2500,237,239,-2,-0.036930833011865616
105024640,232,2500,232,238,-6,-0.034055337309837341
105044632,232,2500,232,238,-6,-0.031061643734574318
105064624,232,2500,232,237,-5,-0.027968920767307281
105084616,232,2500,232,237,-5,-0.024792194366455078
105104608,232,2500,232,237,-5,-0.021561162546277046
105124600,226,2500,226,236,-10,-0.018296033143997192
105144592,226,2500,226,236,-10,-0.015021900646388531
105164584,226,2500,226,235,-9,-0.011764928698539734
105184576,226,2500,226,235,-9,-0.0085490262135863304
105204568,226,2500,226,234,-8,-0.005396250169724226
105224560,218,2500,218,234,-16,-0.002331939060240984
105244552,218,2500,218,233,-15,0.00062184524722397327
105264544,218,2500,218,233,-15,0.0034410106018185616
105284536,218,2500,218,232,-14,0.006108767818659544
105304528,218,2500,218,232,-14,0.0085977595299482346
105324520,211,2500,211,231,-20,0.010895364917814732
105344512,211,2500,211,230,-19,0.012980163097381592
105364504,211,2500,211,230,-19,0.014839163050055504
105384496,211,2500,211,229,-18,0.016453379765152931
105404488,211,2500,211,228,-17,0.017817093059420586
105424480,203,2500,203,227,-24,0.0189165398478508
105444472,203,2500,203,226,-23,0.01974787749350071
105464464,203,2500,203,225,-22,0.020304076373577118
105484456,203,2500,203,224,-21,0.020586224272847176
105504448,203,2500,203,223,-20,0.020590914413332939
105524440,195,2500,195,222,-27,0.020319683477282524
105544432,195,2500,195,220,-25,0.019780820235610008
105564424,195,2500,195,219,-24,0.018978701904416084
105584416,195,2500,195,217,-22,0.017925648018717766
105604408,195,2500,195,216,-21,0.016630830243229866
105624400,188,2500,188,214,-26,0.015108462423086166
105644392,188,2500,188,213,-25,0.013375532813370228
105664384,188,2500,188,211,-23,0.011451209895312786
105684376,188,2500,188,210,-22,0.009355681948363781
105704368,188,2500,188,208,-20,0.0071050389669835567
105724360,182,2500,182,206,-24,0.0047195069491863251
105744352,182,2500,182,205,-23,0.0022286351304501295
105764344,182,2500,182,203,-21,-0.00035141399712301791
105784336,182,2500,182,201,-19,-0.0029911028686910868
105804328,182,2500,182,199,-17,-0.005663272924721241
105824320,177,2500,177,198,-21,-0.0083459187299013138
105844312,177,2500,177,196,-19,-0.011012200266122818
105865137,177,2500,177,194,-17,-0.013634995557367802
105885129,177,2500,177,192,-15,-0.016185419633984566
105905121,177,2500,177,191,-14,-0.01863526925444603
105925113,173,2500,173,189,-16,-0.021058456972241402
105945105,173,2500,173,187,-14,-0.023231979459524155
105965097,173,2500,173,186,-13,-0.025230277329683304
105985089,173,2500,173,184,-11,-0.027030400931835175
106005081,173,2500,173,183,-10,-0.028612527996301651
106025073,169,2500,169,181,-12,-0.029963353648781776
106045065,169,2500,169,180,-11,-0.031075123697519302
106065057,169,2500,169,178,-9,-0.031957894563674927
106085049,169,2500,169,177,-8,-0.032599721103906631
106105041,169,2500,169,176,-7,-0.033001940697431564
106125033,165,2500,165,175,-10,-0.033171985298395157
106145025,165,2500,165,173,-8,-0.033118076622486115
106165017,165,2500,165,172,-7,-0.032847627997398376
106185009,165,2500,165,171,-6,-0.032373793423175812
106205001,165,2500,165,170,-5,-0.031708728522062302
106224993,161,2500,161,169,-8,-0.03086308017373085
106244985,161,2500,161,169,-8,-0.029851997271180153
106264977,161,2500,161,168,-7,-0.028696225956082344
106284969,161,2500,161,167,-6,-0.027401028200984001
106304961,161,2500,161,166,-5,-0.025977743789553642
106324953,156,2500,156,165,-9,-0.024441730231046677
106344945,156,2500,156,165,-9,-0.022802894935011864
106364937,156,2500,156,164,-8,-0.021072709932923317
106384929,156,2500,156,163,-7,-0.019265532493591309
106404921,156,2500,156,163,-7,-0.017390761524438858
106424913,152,2500,152,162,-10,-0.01546043623238802
106444905,152,2500,152,162,-10,-0.013481592759490013
106464897,152,2500,152,161,-9,-0.011470668949186802
106484889,152,2500,152,160,-8,-0.0094333700835704803
106504881,152,2500,152,160,-8,-0.007373420987278223
106524873,147,2500,147,159,-12,-0.0053020734339952469
106544865,147,2500,147,159,-12,-0.0032239463180303574
106564857,147,2500,147,158,-11,-0.0011445321142673492
106584849,147,2500,147,158,-11,0.00092810590285807848
106604841,147,2500,147,157,-10,0.0029899247456341982
106624833,141,2500,141,156,-15,0.0050349398516118526
106644825,141,2500,141,156,-15,0.0070601934567093849
106664817,141,2500,141,155,-14,0.0090574976056814194
106684809,141,2500,141,155,-14,0.01102725975215435
106704801,141,2500,141,154,-13,0.012962426990270615
106724793,136,2500,136,153,-17,0.014864539727568626
106744785,136,2500,136,153,-17,0.016725979745388031
106764777,136,2500,136,152,-16,0.018545998260378838
106784769,136,2500,136,151,-15,0.020326321944594383
106804761,136,2500,136,150,-14,0.022059740498661995
106824753,129,2500,129,150,-21,0.023745052516460419
106844745,129,2500,129,149,-20,0.025383515283465385
106864737,129,2500,129,148,-19,0.026972122490406036
106884729,129,2500,129,147,-18,0.028517456725239754
106904721,129,2500,129,146,-17,0.030010631307959557
106924713,123,2500,123,145,-22,0.031449217349290848
106944705,123,2500,123,144,-21,0.032834369689226151
106964697,123,2500,123,143,-20,0.034163054078817368
106984689,123,2500,123,142,-19,0.035434212535619736
107004681,123,2500,123,141,-18,0.036645695567131042
107024673,118,2500,118,140,-22,0.037797659635543823
107044665,118,2500,118,138,-20,0.038891449570655823
107064657,118,2500,118,137,-19,0.039921384304761887
107084649,118,2500,118,136,-18,0.040900956839323044
107104641,118,2500,118,135,-17,0.041816793382167816
107124633,112,2500,112,134,-22,0.042666628956794739
107144625,112,2500,112,132,-20,0.043455127626657486
107164617,112,2500,112,131,-19,0.044180609285831451
107184609,112,2500,112,130,-18,0.044841375201940536
107204601,112,2500,112,129,-17,0.045434091240167618
107224593,107,2500,107,127,-20,0.045963391661643982
107244585,107,2500,107,126,-19,0.046424701809883118
107264577,107,2500,107,125,-18,0.046820327639579773
107284569,107,2500,107,124,-17,0.047158226370811462
107304561,107,2500,107,122,-15,0.04742923378944397
107324553,102,2500,102,121,-19,0.047632515430450439
107344545,102,2500,102,120,-18,0.047768224030733109
107364537,102,2500,102,119,-17,0.047834713011980057
107384529,102,2500,102,118,-16,0.047833889722824097
107404521,102,2500,102,117,-15,0.047766979783773422
107424513,97,2500,97,115,-18,0.047632105648517609
107444505,97,2500,97,114,-17,0.047425922006368637
107464497,97,2500,97,113,-16,0.047151446342468262
107484489,97,2500,97,112,-15,0.046815346926450729
107504481,97,2500,97,111,-14,0.046410243958234787
107524473,92,2500,92,110,-18,0.045938946306705475
107544465,92,2500,92,109,-17,0.045397598296403885
107564457,92,2500,92,108,-16,0.044787425547838211
107584449,92,2500,92,107,-15,0.044109638780355453
107604441,92,2500,92,106,-14,0.043365467339754105
107624433,88,2500,88,105,-17,0.042555466294288635
107644425,88,2500,88,104,-16,0.041679009795188904
107664417,88,2500,88,103,-15,0.040733817964792252
107684409,88,2500,88,102,-14,0.03972894698381424
107704401,88,2500,88,101,-13,0.038660548627376556
107724393,83,2500,83,100,-17,0.037525169551372528
107744385,83,2500,83,99,-16,0.036326013505458832
107764377,83,2500,83,98,-15,0.035064082592725754
107784369,83,2500,83,97,-14,0.033737219870090485
107804361,83,2500,83,96,-13,0.032348692417144775
107824353,79,2500,79,95,-16,0.030898559838533401
107844345,79,2500,79,94,-15,0.029387295246124268
107864337,79,2500,79,93,-14,0.027817852795124054
107884329,79,2500,79,93,-14,0.026191286742687225
107904321,79,2500,79,92,-13,0.024508038535714149
107924313,75,2500,75,91,-16,0.022768335416913033
107945138,75,2500,75,90,-15,0.020974699407815933
107965130,75,2500,75,89,-14,0.019124541431665421
107985122,75,2500,75,88,-13,0.017220387235283852
108005114,75,2500,75,87,-12,0.015180956572294235
108025106,72,2500,72,86,-14,0.013171732425689697
108045098,72,2500,72,85,-13,0.011113989166915417
108065090,72,2500,72,84,-12,0.0089976675808429718
108085082,72,2500,72,83,-11,0.0068344241008162498
108105074,72,2500,72,82,-10,0.0046272291801869869
108125066,68,2500,68,81,-13,0.0023752313572913408
108145058,68,2500,68,81,-13,8.16125757410191e-05
108165050,68,2500,68,80,-12,-0.0022519072517752647
108185042,68,2500,68,79,-11,-0.0046237213537096977
108205034,68,2500,68,78,-10,-0.0070359222590923309
108225026,65,2500,65,77,-12,-0.009483027271926403
108245018,65,2500,65,76,-11,-0.01196221262216568
108265010,65,2500,65,76,-11,-0.01447858102619648
108285002,65,2500,65,75,-10,-0.017022870481014252
108304994,65,2500,65,74,-9,-0.019595999270677567
108324986,62,2500,62,73,-11,-0.022194312885403633
108344978,62,2500,62,73,-11,-0.024816056713461876
108364970,62,2500,62,72,-10,-0.027456898242235184
108384962,62,2500,62,71,-9,-0.030115995556116104
108404954,62,2500,62,70,-8,-0.032792188227176666
108424946,58,2500,58,70,-12,-0.035482380539178848
108444938,58,2500,58,69,-11,-0.038184609264135361
108464930,58,2500,58,68,-10,-0.040901836007833481
108484922,58,2500,58,68,-10,-0.043625779449939728
108504914,58,2500,58,67,-9,-0.046355381608009338
108524906,55,2500,55,66,-11,-0.049087770283222198
108544898,55,2500,55,66,-11,-0.051821891218423843
108564890,55,2500,55,65,-10,-0.054553192108869553
108584882,56,2500,56,64,-8,-0.057281795889139175
108604874,56,2500,56,63,-7,-0.060003302991390228
108624866,52,2500,52,63,-11,-0.062718242406845093
108644858,52,2500,52,62,-10,-0.065418452024459839
108664850,52,2500,52,61,-9,-0.068110562860965729
108684842,52,2500,52,61,-9,-0.070785753428936005
108704834,52,2500,52,60,-8,-0.073442190885543823
108724826,49,2500,49,59,-10,-0.076078668236732483
108744818,49,2500,49,59,-10,-0.078692592680454254
108764810,49,2500,49,58,-9,-0.081280641257762909
108784802,49,2500,49,58,-9,-0.083840318024158478
108804794,49,2500,49,57,-8,-0.086368843913078308
108824786,46,2500,46,56,-10,-0.088866539299488068
108844778,46,2500,46,56,-10,-0.091327875852584839
108864770,46,2500,46,55,-9,-0.093752123415470123
108884762,46,2500,46,51,-5,-0.088632121682167053
108904754,46,2500,46,42,4,-0.07324487715959549
108924746,40,2500,40,34,6,-0.060649275779724121
108944738,40,2500,40,28,12,-0.050336476415395737
108964730,40,2500,40,24,16,-0.041893094778060913
108984722,40,2500,40,20,20,-0.034979637712240219
109004714,40,2500,40,16,24,-0.029316157102584839
109024706,29,2500,29,14,15,-0.024673435837030411
109044698,29,2500,29,11,18,-0.02086137980222702
109064690,29,2500,29,10,19,-0.017736604437232018
109084682,29,2500,29,8,21,-0.015147509053349495
109104674,29,2500,29,7,22,-0.013018147088587284
109124666,24,2500,24,6,18,-0.01126350462436676
109144658,24,2500,24,5,19,-0.0098067019134759903
109164650,24,2500,24,5,19,-0.0086017400026321411
109184642,24,2500,24,4,20,-0.0076034422963857651
109204634,24,2500,24,4,20,-0.0067735598422586918
109224626,25,2500,25,3,22,-0.0060820169746875763
109244618,25,2500,25,3,22,-0.0055021070875227451
109264610,25,2500,25,3,22,-0.0050167315639555454
109284602,25,2500,25,3,22,-0.0045962841250002384
109304594,25,2500,25,2,23,-0.0042407023720443249
109324586,29,2500,29,2,27,-0.0039375103078782558
109344578,29,2500,29,2,27,-0.0036783004179596901
109364570,29,2500,29,2,27,-0.0034574973396956921
109384562,29,2500,29,2,27,-0.0032680574804544449
109404554,29,2500,29,2,27,-0.0031038725282996893
109424546,30,2500,30,2,28,-0.0029609997291117907
109444538,30,2500,30,2,28,-0.0028350725769996643
109464530,30,2500,30,2,28,-0.0027253092266619205
109484522,30,2500,30,2,28,-0.0026210565119981766
109504514,30,2500,30,2,28,-0.002526919124647975
109524506,31,2500,31,2,29,-0.0024419208057224751
109544498,31,2500,31,2,29,-0.0023671884555369616
109564490,31,2500,31,2,29,-0.0022986626718193293
109584482,31,2500,31,2,29,-0.0022373746614903212
109604474,31,2500,31,2,29,-0.0021810715552419424
109624466,30,2500,30,2,28,-0.0021301938686519861
109644458,30,2500,30,2,28,-0.0020834547467529774
109664450,30,2500,30,2,28,-0.0020407447591423988
109684442,30,2500,30,2,28,-0.001993297366425395
109704434,30,2500,30,2,28,-0.0019488324178382754
109724426,30,2500,30,2,28,-0.0019070178968831897
109744418,30,2500,30,2,28,-0.0018685373943299055
109764410,30,2500,30,2,28,-0.0018308135913684964
109784402,30,2500,30,2,28,-0.0017974262591451406
109804394,30,2500,30,2,28,-0.0017652675742283463
109824386,31,2500,31,2,29,-0.0017327399691566825
109844378,31,2500,31,2,29,-0.0017033140175044537
109864370,31,2500,31,2,29,-0.0016758452402427793
109884362,31,2500,31,2,29,-0.0016433007549494505
109904354,31,2500,31,2,29,-0.0016143744578585029
109924346,31,2500,31,2,29,-0.001749250921420753
109944338,31,2500,31,2,29,-0.0018744994886219501
109964330,31,2500,31,2,29,-0.0019769531209021807
109984322,31,2500,31,2,29,-0.0020573928486555815
110004314,31,2500,31,2,29,-0.0021219276823103428
110025139,31,2500,31,2,29,-0.0021739143412560225
110045131,31,2500,31,2,29,-0.0022148145362734795
110065123,31,2500,31,3,28,-0.0022499600891023874
110085115,31,2500,31,3,28,-0.00227560312487185
110105107,31,2500,31,3,28,-0.0022939059417694807
110125099,31,2500,31,3,28,-0.0023085919674485922
110145091,31,2500,31,3,28,-0.0023212770465761423
110165083,31,2500,31,3,28,-0.0023304824717342854
110185075,31,2500,31,3,28,-0.0023368753027170897
110205067,31,2500,31,3,28,-0.0023412257432937622
110225059,31,2500,31,3,28,-0.0023463999386876822
110245051,31,2500,31,3,28,-0.0023484509438276291
110265043,31,2500,31,3,28,-0.0023495047353208065
110285035,31,2500,31,3,28,-0.0023493098560720682
110305027,31,2500,31,3,28,-0.0023509387392550707
110325019,31,2500,31,3,28,-0.00235138856805861
110345011,31,2500,31,3,28,-0.0023493603803217411
110365003,31,2500,31,3,28,-0.0023475028574466705
110384995,31,2500,31,3,28,-0.002346723573282361
110404987,31,2500,31,3,28,-0.0023452278692275286
110424979,31,2500,31,3,28,-0.0023439677897840738
110444971,31,2500,31,3,28,-0.0023397079203277826
110464963,31,2500,31,3,28,-0.0023371900897473097
110484955,31,2500,31,3,28,-0.0023333164863288403
110504947,31,2500,31,3,28,-0.0023319839965552092
110524939,31,2500,31,3,28,-0.0023284801281988621
110544931,31,2500,31,3,28,-0.0023242409806698561
110564923,31,2500,31,3,28,-0.0023199652787297964
110584915,31,2500,31,3,28,-0.0023167019244283438
110604907,31,2500,31,3,28,-0.0023142679128795862
110624899,31,2500,31,3,28,-0.0023096411023288965
110644891,31,2500,31,3,28,-0.0023069579619914293
110664883,31,2500,31,3,28,-0.0022999108768999577
110684875,31,2500,31,4,27,-0.0022949716076254845
110704867,31,2500,31,4,27,-0.0022889836691319942
110724859,31,2500,31,4,27,-0.0022829670924693346
110744851,31,2500,31,4,27,-0.002276914194226265
110764843,31,2500,31,4,27,-0.0022707383614033461
110784835,31,2500,31,4,27,-0.0022646589204668999
110804827,31,2500,31,4,27,-0.0022575152106583118
110824819,32,2500,32,4,28,-0.0022528523113578558
110844811,32,2500,32,4,28,-0.0022463565692305565
110864803,32,2500,32,4,28,-0.0022428364027291536
110884795,32,2500,32,4,28,-0.0022348847705870867
110904787,32,2500,32,4,28,-0.0022240995895117521
110924779,32,2500,32,4,28,-0.0022153134923428297
110944771,32,2500,32,4,28,-0.0022056899033486843
110964763,32,2500,32,4,28,-0.0021971391979604959
110984755,32,2500,32,4,28,-0.0021886348258703947
111004747,32,2500,32,4,28,-0.0021801753900945187
111024739,32,2500,32,4,28,-0.0021711932495236397
111044731,32,2500,32,4,28,-0.0021618616301566362
111064723,32,2500,32,4,28,-0.0021535588894039392
111084715,32,2500,32,4,28,-0.0021410989575088024
111104707,32,2500,32,4,28,-0.0021294397301971912
111124699,31,2500,31,4,27,-0.0021174703724682331
111144691,31,2500,31,4,27,-0.002105215797200799
111164683,31,2500,31,4,27,-0.0020946785807609558
111184675,31,2500,31,4,27,-0.0020825655665248632
111204667,31,2500,31,4,27,-0.0020717121660709381
111224659,31,2500,31,4,27,-0.0020622292067855597
111244651,31,2500,31,4,27,-0.0020542177371680737
111264643,31,2500,31,4,27,-0.0020452926401048899
111284635,31,2500,31,4,27,-0.0020363591611385345
111304627,31,2500,31,4,27,-0.0020272638648748398
111324619,31,2500,31,4,27,-0.0020184135064482689
111344611,31,2500,31,4,27,-0.0020095664076507092
111364603,31,2500,31,4,27,-0.00200071488507092
111384595,31,2500,31,5,26,-0.0019922878127545118
111404587,31,2500,31,5,26,-0.0019854479469358921
111424579,30,2500,30,5,25,-0.0019773733802139759
111444571,30,2500,30,5,25,-0.0019697467796504498
111464563,30,2500,30,5,25,-0.0019642945844680071
111484555,30,2500,30,5,25,-0.0019570342265069485
111504547,30,2500,30,5,25,-0.0019500404596328735
111524539,31,2500,31,5,26,-0.0019448965322226286
111544531,31,2500,31,5,26,-0.0019392473623156548
111564523,31,2500,31,5,26,-0.0019337096018716693
111584515,31,2500,31,5,26,-0.0019304570741951466
111604507,31,2500,31,5,26,-0.0019247173331677914
111624499,31,2500,31,5,26,-0.0019219384994357824
111644491,31,2500,31,5,26,-0.0019181331153959036
111664483,31,2500,31,5,26,-0.0019139383221045136
111684475,31,2500,31,5,26,-0.0019115243339911103
111704467,31,2500,31,5,26,-0.0019076613243669271
111724459,31,2500,31,5,26,-0.0019037702586501837
111744451,31,2500,31,5,26,-0.0018984549678862095
111764443,31,2500,31,5,26,-0.0018951477250084281
111784435,31,2500,31,5,26,-0.0018917435081675649
111804427,31,2500,31,5,26,-0.0018881042487919331
111824419,31,2500,31,5,26,-0.0018855594098567963
111844411,31,2500,31,5,26,-0.0018828926840797067
111864403,31,2500,31,5,26,-0.0018809929024428129
111884395,31,2500,31,5,26,-0.0018785246647894382
111904387,31,2500,31,5,26,-0.0018761601531878114
111924379,30,2500,30,5,25,-0.0018747149733826518
111944371,30,2500,30,5,25,-0.00187161925714463
111964363,30,2500,30,5,25,-0.001869164640083909
111984355,30,2500,30,5,25,-0.0018661897629499435
112004347,30,2500,30,5,25,-0.0018639235058799386
112024339,30,2500,30,5,25,-0.0018616886809468269
112044331,30,2500,30,5,25,-0.001860177842900157
112064323,30,2500,30,5,25,-0.001854916219599545
112084315,30,2500,30,5,25,-0.0018521642778068781
112105140,30,2500,30,5,25,-0.0018507909262552857
112125132,31,2500,31,5,26,-0.0018487353809177876
112145124,31,2500,31,5,26,-0.0018486303742974997
112165116,31,2500,31,5,26,-0.0018494656542316079
112185108,31,2500,31,5,26,-0.0018470759969204664
112205100,31,2500,31,5,26,-0.0018451946089044213
112225092,30,2500,30,6,24,-0.0018428765470162034
112245084,30,2500,30,6,24,-0.0018398973625153303
112265076,30,2500,30,6,24,-0.0018424411537125707
112285068,30,2500,30,6,24,-0.0018446785397827625
112305060,30,2500,30,6,24,-0.0018477627309039235
112325052,29,2500,29,6,23,-0.0018514131661504507
112345044,29,2500,29,6,23,-0.0018545569619163871
112365036,29,2500,29,6,23,-0.001856495626270771
112385028,29,2500,29,6,23,-0.0018591707339510322
112405020,29,2500,29,6,23,-0.0018610400147736073
112425012,30,2500,30,6,24,-0.0018633145373314619
112445004,30,2500,30,6,24,-0.0018634927691891789
112464996,30,2500,30,6,24,-0.001869216444902122
112484988,30,2500,30,6,24,-0.0018741247477009892
112504980,30,2500,30,6,24,-0.0018810847541317344
112524972,30,2500,30,6,24,-0.0018842609133571386
112544964,30,2500,30,6,24,-0.0018871083157137036
112564956,30,2500,30,6,24,-0.0018908187048509717
112584948,30,2500,30,6,24,-0.0018950013909488916
112604940,30,2500,30,6,24,-0.0018976717256009579
112624932,29,2500,29,6,23,-0.001900006434880197
112644924,29,2500,29,6,23,-0.0019016750156879425
112664916,29,2500,29,6,23,-0.0019065312808379531
112684908,29,2500,29,6,23,-0.0019116585608571768
112704900,29,2500,29,6,23,-0.0019147844286635518
112724892,29,2500,29,6,23,-0.0019191912142559886
112744884,29,2500,29,6,23,-0.0019224539864808321
112764876,29,2500,29,6,23,-0.0019250164041295648
112784868,29,2500,29,6,23,-0.0019274645019322634
112804860,29,2500,29,6,23,-0.0019299797713756561
112824852,29,2500,29,6,23,-0.0019313639495521784
112844844,29,2500,29,6,23,-0.0019322131993249059
112864836,29,2500,29,6,23,-0.0019381387392058969
112884828,29,2500,29,6,23,-0.0019414470298215747
112904820,29,2500,29,6,23,-0.0019448221428319812
112924812,29,2500,29,6,23,-0.0019481080817058682
112944804,29,2500,29,6,23,-0.0019518333720043302
112964796,29,2500,29,6,23,-0.0019543447997421026
112984788,29,2500,29,6,23,-0.0019567599520087242
113004780,29,2500,29,6,23,-0.0019590663723647594
113024772,28,2500,28,6,22,-0.001959607470780611
113044764,28,2500,28,6,22,-0.0019604433327913284
113064756,28,2500,28,6,22,-0.0019624063279479742
113084748,28,2500,28,7,21,-0.0019640808459371328
113104740,28,2500,28,7,21,-0.0019649176392704248
113124732,28,2500,28,7,21,-0.0019659369718283415
113144724,28,2500,28,7,21,-0.0019667267333716154
113164716,28,2500,28,7,21,-0.0019671518821269274
113184708,28,2500,28,7,21,-0.001967286691069603
113204700,28,2500,28,7,21,-0.0019664040300995111
113224692,29,2500,29,7,22,-0.0019641155377030373
113244684,29,2500,29,7,22,-0.0019626142457127571
113264676,29,2500,29,7,22,-0.001962707145139575
113284668,29,2500,29,7,22,-0.0019624393898993731
113304660,29,2500,29,7,22,-0.0019622433464974165
113324652,29,2500,29,7,22,-0.0019617276266217232
113344644,29,2500,29,7,22,-0.0019598326180130243
113364636,29,2500,29,7,22,-0.0019579792860895395
113384628,29,2500,29,7,22,-0.0019563878886401653
113404620,29,2500,29,7,22,-0.0019539082422852516
113424612,29,2500,29,7,22,-0.0019528052071109414
113444604,29,2500,29,7,22,-0.001952734193764627
113464596,29,2500,29,7,22,-0.001950019272044301
113484588,29,2500,29,7,22,-0.0019491103012114763
113504580,29,2500,29,7,22,-0.0019473843276500702
113524572,28,2500,28,7,21,-0.0019459680188447237
113544564,28,2500,28,7,21,-0.0019454625435173512
113564556,28,2500,28,7,21,-0.0019428530940786004
113584548,28,2500,28,7,21,-0.0019409728702157736
113604540,28,2500,28,7,21,-0.0019393848488107324
113624532,28,2500,28,7,21,-0.0019390770466998219
113644524,28,2500,28,7,21,-0.0019370791269466281
113664516,28,2500,28,7,21,-0.001935154665261507
113684508,28,2500,28,7,21,-0.0019349327776581049
113704500,28,2500,28,7,21,-0.0019328286871314049
113724492,28,2500,28,7,21,-0.0019315900281071663
113744484,28,2500,28,7,21,-0.0019303846638649702
113764476,28,2500,28,7,21,-0.0019307563779875636
113784468,28,2500,28,7,21,-0.001930718426592648
113804460,28,2500,28,7,21,-0.0019294752273708582
113824452,28,2500,28,7,21,-0.0019291642820462584
113844444,28,2500,28,7,21,-0.0019282328430563211
113864436,28,2500,28,7,21,-0.0019273960497230291
113884428,28,2500,28,7,21,-0.0019283267902210355
113904420,28,2500,28,7,21,-0.0019274944206699729
113924412,28,2500,28,7,21,-0.0019270178163424134
113944404,28,2500,28,7,21,-0.0019257585518062115
113964396,28,2500,28,7,21,-0.00192565459292382
113984388,28,2500,28,7,21,-0.0019256817176938057
114004380,28,2500,28,7,21,-0.0019270679913461208
114024372,28,2500,28,7,21,-0.0019276679959148169
114044364,28,2500,28,7,21,-0.0019271173514425755
114064356,28,2500,28,7,21,-0.0019271982600912452
114084348,28,2500,28,7,21,-0.0019302989821881056
114104340,28,2500,28,7,21,-0.001932433107867837
114124332,27,2500,27,7,20,-0.0019333100644871593
114144324,27,2500,27,7,20,-0.0019340184517204762
114164316,27,2500,27,7,20,-0.0019354290561750531
114185141,27,2500,27,7,20,-0.0019362445455044508
114205133,27,2500,27,7,20,-0.0019372187089174986
114225125,27,2500,27,7,20,-0.0019370444351807237
114245117,27,2500,27,7,20,-0.0019356325501576066
114265109,27,2500,27,7,20,-0.0019385914783924818
114285101,27,2500,27,7,20,-0.0019415649585425854
114305093,27,2500,27,7,20,-0.0019434142159298062
114325085,28,2500,28,7,21,-0.001946930424310267
114345077,28,2500,28,7,21,-0.0019486075034365058
114365069,28,2500,28,7,21,-0.0019491289276629686
114385061,28,2500,28,7,21,-0.0019502561772242188
114405053,28,2500,28,8,20,-0.0019511462887749076
114425045,27,2500,27,8,19,-0.0019524684175848961
114445037,27,2500,27,8,19,-0.0019541177898645401
114465029,27,2500,27,8,19,-0.0019581553060561419
114485021,27,2500,27,8,19,-0.0019611187744885683
114505013,27,2500,27,8,19,-0.0019653860945254564
114525005,27,2500,27,8,19,-0.0019687882158905268
114544997,27,2500,27,8,19,-0.0019715658854693174
114564989,27,2500,27,8,19,-0.001973259961232543
114584981,27,2500,27,8,19,-0.0019746983889490366
114604973,27,2500,27,8,19,-0.001974654383957386
114624965,27,2500,27,8,19,-0.001976843224838376
114644957,27,2500,27,8,19,-0.0019782427698373795
114664949,27,2500,27,8,19,-0.0019839275628328323
114684941,27,2500,27,8,19,-0.0019882442429661751
114704933,27,2500,27,8,19,-0.0019914859440177679
114724925,27,2500,27,8,19,-0.0019933073781430721
114744917,27,2500,27,8,19,-0.0019961921498179436
114764909,27,2500,27,8,19,-0.0019993286114186049
114784901,27,2500,27,8,19,-0.0020001104567199945
114804893,27,2500,27,8,19,-0.0020022809039801359
114824885,26,2500,26,8,18,-0.0020047894213348627
114844877,26,2500,26,8,18,-0.0020065684802830219
114864869,26,2500,26,8,18,-0.0020084641873836517
114884861,26,2500,26,8,18,-0.0020119715481996536
114904853,26,2500,26,8,18,-0.0020157943945378065
114924845,26,2500,26,8,18,-0.0020202735904604197
114944837,26,2500,26,8,18,-0.0020241278689354658
114964829,26,2500,26,8,18,-0.0020241162274032831
114984821,26,2500,26,8,18,-0.0020266531500965357
115004813,26,2500,26,8,18,-0.0020265171770006418
115024805,26,2500,26,8,18,-0.0020296336151659489
115044797,26,2500,26,8,18,-0.00202934630215168
115064789,26,2500,26,8,18,-0.0020305975340306759
115084781,26,2500,26,8,18,-0.0020307248923927546
115104773,26,2500,26,8,18,-0.0020326497033238411
115124765,26,2500,26,8,18,-0.0020334797445684671
115144757,26,2500,26,8,18,-0.002034106058999896
115164749,26,2500,26,8,18,-0.0020361356437206268
115184741,26,2500,26,8,18,-0.0020349507685750723
115204733,26,2500,26,8,18,-0.0020353379659354687
115224725,26,2500,26,8,18,-0.0020349402911961079
115244717,26,2500,26,8,18,-0.0020352243445813656
115264709,26,2500,26,8,18,-0.0020346322562545538
115284701,26,2500,26,8,18,-0.0020356932654976845
115304693,26,2500,26,8,18,-0.0020359503105282784
115324685,26,2500,26,8,18,-0.0020357614848762751
115344677,26,2500,26,8,18,-0.0020357088651508093
115364669,26,2500,26,8,18,-0.002035750774666667
115384661,26,2500,26,8,18,-0.002034501638263464
115404653,26,2500,26,8,18,-0.0020336853340268135
115424645,26,2500,26,8,18,-0.0020332925487309694
115444637,26,2500,26,8,18,-0.0020333477295935154
115464629,26,2500,26,8,18,-0.0020318771712481976
115484621,26,2500,26,8,18,-0.0020319072064012289
115504613,26,2500,26,8,18,-0.0020332520361989737
115524605,25,2500,25,8,17,-0.002032512566074729
115544597,25,2500,25,8,17,-0.0020333535503596067
115564589,25,2500,25,8,17,-0.0020323500502854586
115584581,25,2500,25,8,17,-0.0020321181509643793
115604573,25,2500,25,8,17,-0.0020317886956036091
115624565,25,2500,25,8,17,-0.002031930023804307
115644557,25,2500,25,8,17,-0.0020305134821683168
115664549,25,2500,25,8,17,-0.0020288815721869469
115684541,25,2500,25,8,17,-0.0020294988062232733
115704533,25,2500,25,8,17,-0.0020302238408476114
115724525,24,2500,24,8,16,-0.0020296697039157152
115744517,24,2500,24,8,16,-0.0020295388530939817
115764509,24,2500,24,8,16,-0.002029133727774024
115784501,24,2500,24,8,16,-0.0020293898414820433
115804493,24,2500,24,8,16,-0.0020279367454349995
115824485,25,2500,25,8,17,-0.0020270675886422396
115844477,25,2500,25,8,17,-0.0020254489500075579
115864469,25,2500,25,8,17,-0.0020226412452757359
115884461,25,2500,25,8,17,-0.002023451728746295
115904453,25,2500,25,8,17,-0.0020232843235135078
115924445,25,2500,25,8,17,-0.0020228906068950891
115944437,25,2500,25,8,17,-0.0020223860628902912
115964429,25,2500,25,8,17,-0.0020203748717904091
115984421,25,2500,25,8,17,-0.0020187271293252707
116004413,25,2500,25,8,17,-0.0020200912840664387
116024405,25,2500,25,8,17,-0.0020193236414343119
116044397,25,2500,25,8,17,-0.0020186880137771368
116064389,25,2500,25,8,17,-0.0020170481875538826
116084381,25,2500,25,8,17,-0.002017652615904808
116104373,25,2500,25,8,17,-0.0020177911501377821
116124365,24,2500,24,8,16,-0.0020202568266540766
116144357,24,2500,24,8,16,-0.0020187185145914555
116164349,24,2500,24,8,16,-0.0020185713656246662
116184341,24,2500,24,8,16,-0.0020178931299597025
116204333,24,2500,24,8,16,-0.0020172242075204849
116224325,24,2500,24,8,16,-0.0020171005744487047
116244317,24,2500,24,8,16,-0.0020170463249087334
116265142,24,2500,24,8,16,-0.0020152868237346411
116285134,24,2500,24,8,16,-0.0020157208200544119
116305126,24,2500,24,8,16,-0.0020154761150479317
116325118,25,2500,25,8,17,-0.0020155857782810926
116345110,25,2500,25,8,17,-0.0020150502678006887
116365102,25,2500,25,8,17,-0.0020162761211395264
116385094,25,2500,25,8,17,-0.0020165233872830868
116405086,25,2500,25,8,17,-0.0020153690129518509
116425078,24,2500,24,8,16,-0.0020139247644692659
116445070,24,2500,24,8,16,-0.0020112951751798391
116465062,24,2500,24,8,16,-0.0020148311741650105
116485054,24,2500,24,8,16,-0.0020177541300654411
116505046,24,2500,24,8,16,-0.0020186891779303551
116525038,24,2500,24,8,16,-0.002020909683778882
116545030,24,2500,24,8,16,-0.0020217562559992075
116565022,24,2500,24,8,16,-0.0020241362508386374
116585014,24,2500,24,8,16,-0.0020224098116159439
116605006,24,2500,24,8,16,-0.0020226200576871634
116624998,25,2500,25,8,17,-0.0020236936397850513
116644990,25,2500,25,8,17,-0.0020227548666298389
116664982,25,2500,25,8,17,-0.0020235995762050152
116684974,25,2500,25,8,17,-0.0020244652405381203
116704966,25,2500,25,8,17,-0.0020258508156985044
116724958,24,2500,24,8,16,-0.002026022644713521
116744950,24,2500,24,8,16,-0.0020264789927750826
116764942,24,2500,24,8,16,-0.0020251269452273846
116784934,24,2500,24,8,16,-0.0020245648920536041
116804926,24,2500,24,8,16,-0.0020220493897795677
116824918,24,2500,24,8,16,-0.0020217515993863344
116844910,24,2500,24,8,16,-0.0020203827880322933
116864902,24,2500,24,8,16,-0.0020190831273794174
116884894,24,2500,24,8,16,-0.0020194840617477894
116904886,24,2500,24,8,16,-0.0020187054760754108
116924878,25,2500,25,9,16,-0.0020176372490823269
116944870,25,2500,25,9,16,-0.0020170134957879782
116964862,25,2500,25,8,17,-0.0020160975400358438
116984854,25,2500,25,8,17,-0.0020160619169473648
117004846,25,2500,25,9,16,-0.0020157110411673784
117024838,24,2500,24,9,15,-0.002013948280364275
117044830,24,2500,24,9,15,-0.0020115268416702747
117064822,24,2500,24,9,15,-0.0020126120653003454
117084814,24,2500,24,9,15,-0.0020120758563280106
117104806,24,2500,24,9,15,-0.0020110243931412697
117124798,25,2500,25,9,16,-0.0020106805022805929
117144790,25,2500,25,9,16,-0.0020120684057474136
117164782,25,2500,25,9,16,-0.0020105689764022827
117184774,25,2500,25,9,16,-0.0020098516251891851
117204766,25,2500,25,9,16,-0.0020091859623789787
117224758,24,2500,24,9,15,-0.0020086874719709158
117244750,24,2500,24,9,15,-0.0020068413577973843
117264742,24,2500,24,9,15,-0.002004900248721242
117284734,24,2500,24,9,15,-0.0020050960592925549
117304726,24,2500,24,9,15,-0.0020034078042954206
117324718,24,2500,24,9,15,-0.0020014841575175524
117344710,24,2500,24,9,15,-0.0019997318740934134
117364702,24,2500,24,9,15,-0.0019984063692390919
117384694,24,2500,24,9,15,-0.0019966114778071642
117404686,24,2500,24,9,15,-0.0019929443951696157
117424678,24,2500,24,9,15,-0.0019904072396457195
117444670,24,2500,24,9,15,-0.0019871480762958527
117464662,24,2500,24,9,15,-0.0019875529687851667
117484654,24,2500,24,9,15,-0.0019863357301801443
117504646,24,2500,24,9,15,-0.0019831014797091484
117524638,24,2500,24,9,15,-0.001980166882276535
117544630,24,2500,24,9,15,-0.0019790558144450188
117564622,24,2500,24,9,15,-0.0019766949117183685
117584614,24,2500,24,9,15,-0.0019732292275875807
117604606,24,2500,24,9,15,-0.0019720173440873623
117624598,24,2500,24,9,15,-0.0019689823966473341
117644590,24,2500,24,9,15,-0.0019671970512717962
117664582,24,2500,24,9,15,-0.0019628242589533329
117684574,24,2500,24,9,15,-0.0019624142441898584
117704566,24,2500,24,9,15,-0.0019607946742326021
117724558,24,2500,24,9,15,-0.0019575750920921564
117744550,24,2500,24,9,15,-0.0019571676384657621
117764542,24,2500,24,9,15,-0.0019558826461434364
117784534,24,2500,24,9,15,-0.0019551150035113096
117804526,24,2500,24,9,15,-0.0019550444558262825
117824518,24,2500,24,9,15,-0.0019531324505805969
117844510,24,2500,24,9,15,-0.0019528464181348681
117864502,24,2500,24,9,15,-0.0019528083503246307
117884494,24,2500,24,9,15,-0.0019519159104675055
117904486,24,2500,24,9,15,-0.0019501670030876994
117924478,24,2500,24,9,15,-0.0019488735124468803
117944470,24,2500,24,9,15,-0.001948185614310205
117964462,24,2500,24,9,15,-0.0019449834944680333
117984454,24,2500,24,9,15,-0.0019447734812274575
118004446,24,2500,24,9,15,-0.001944268005900085
118024438,24,2500,24,9,15,-0.0019426618237048388
118044430,24,2500,24,9,15,-0.001942442380823195
118064422,24,2500,24,9,15,-0.0019397571450099349
118084414,24,2500,24,9,15,-0.0019392265239730477
118104406,24,2500,24,9,15,-0.0019391325768083334
118124398,24,2500,24,9,15,-0.0019377018325030804
118144390,24,2500,24,9,15,-0.0019371603848412633
118164382,24,2500,24,9,15,-0.0019355370895937085
118184374,24,2500,24,9,15,-0.0019334853859618306
118204366,24,2500,24,9,15,-0.0019315481185913086
118224358,24,2500,24,9,15,-0.0019305113237351179
118244350,24,2500,24,9,15,-0.0019292146898806095
118264342,24,2500,24,9,15,-0.0019281817367300391
118284334,24,2500,24,9,15,-0.0019280858105048537
118304326,24,2500,24,9,15,-0.0019265123410150409
118324318,24,2500,24,9,15,-0.0019241573754698038
118344310,24,2500,24,9,15,-0.0019217716762796044
118365135,24,2500,24,9,15,-0.0019198990194126964
118385127,24,2500,24,9,15,-0.0019167689606547356
118405119,24,2500,24,9,15,-0.001913304440677166
118425111,25,2500,25,9,16,-0.001911623403429985
118445103,25,2500,25,9,16,-0.0019093310693278909
118465095,25,2500,25,9,16,-0.0019086810061708093
118485087,25,2500,25,9,16,-0.0019072589930146933
118505079,25,2500,25,9,16,-0.001906477496959269
118525071,24,2500,24,9,15,-0.001905001699924469
118545063,24,2500,24,9,15,-0.0019033800344914198
118565055,24,2500,24,9,15,-0.0019009154057130218
118585047,24,2500,24,9,15,-0.0018991940887644887
118605039,24,2500,24,9,15,-0.0018967967480421066
118625031,24,2500,24,9,15,-0.0018950199009850621
118645023,24,2500,24,9,15,-0.0018928094068542123
118665015,24,2500,24,9,15,-0.0018927078926935792
118685007,24,2500,24,9,15,-0.0018909276695922017
118704999,24,2500,24,9,15,-0.001888741971924901
118724991,24,2500,24,9,15,-0.0018857258837670088
118744983,24,2500,24,9,15,-0.0018833273788914084
118764975,24,2500,24,9,15,-0.0018799620447680354
118784967,24,2500,24,9,15,-0.0018792577320709825
118804959,24,2500,24,9,15,-0.0018798311939463019
118824951,24,2500,24,9,15,-0.0018773761112242937
118844943,24,2500,24,9,15,-0.0018746700370684266
118864935,24,2500,24,9,15,-0.0018738436046987772
118884927,24,2500,24,9,15,-0.0018734935438260436
118904919,24,2500,24,9,15,-0.0018719237996265292
118924911,24,2500,24,9,15,-0.001868716673925519
118944903,24,2500,24,9,15,-0.0018669402925297618
118964895,24,2500,24,9,15,-0.0018642748473212123
118984887,24,2500,24,9,15,-0.0018626961391419172
119004879,24,2500,24,9,15,-0.0018591654952615499
119024871,24,2500,24,9,15,-0.001856020768173039
119044863,24,2500,24,9,15,-0.00185354333370924
119064855,24,2500,24,9,15,-0.0018507329514250159
119084847,24,2500,24,9,15,-0.0018485159380361438
119104839,24,2500,24,9,15,-0.0018460339633747935
119124831,24,2500,24,9,15,-0.0018438214901834726
119144823,24,2500,24,9,15,-0.0018418187974020839
119164815,24,2500,24,9,15,-0.0018396967789158225
119184807,24,2500,24,9,15,-0.0018359451787546277
119204799,24,2500,24,9,15,-0.0018314599292352796
119224791,24,2500,24,9,15,-0.0018287950661033392
119244783,24,2500,24,9,15,-0.0018250475404784083
119264775,24,2500,24,9,15,-0.0018209960544481874
119284767,24,2500,24,9,15,-0.0018188121030107141
119304759,24,2500,24,9,15,-0.0018161244224756956
119324751,23,2500,23,9,14,-0.0018135327845811844
119344743,23,2500,23,9,14,-0.0018105512717738748
119364735,23,2500,23,9,14,-0.0018088928190991282
119384727,23,2500,23,9,14,-0.0018060362199321389
119404719,23,2500,23,9,14,-0.0018036116380244493
119424711,24,2500,24,9,15,-0.0018015881069004536
119444703,24,2500,24,9,15,-0.0017969440668821335
119464695,24,2500,24,9,15,-0.001794339157640934
119484687,24,2500,24,9,15,-0.0017907801084220409
119504679,24,2500,24,9,15,-0.0017860820516943932
119524671,24,2500,24,9,15,-0.0017823422094807029
119544663,24,2500,24,9,15,-0.0017800753703340888
119564655,24,2500,24,9,15,-0.0017771334387362003
119584647,24,2500,24,9,15,-0.0017739759059622884
119604639,24,2500,24,9,15,-0.0017701663309708238
119624631,24,2500,24,9,15,-0.0017666637431830168
119644623,24,2500,24,9,15,-0.0017616382101550698
119664615,24,2500,24,9,15,-0.0017585994210094213
119684607,24,2500,24,9,15,-0.0017551329219713807
119704599,24,2500,24,9,15,-0.0017517654923722148
119724591,23,2500,23,9,14,-0.0017484377603977919
119744583,23,2500,23,9,14,-0.0017447031568735838
119764575,23,2500,23,9,14,-0.0017406701808795333
119784567,23,2500,23,9,14,-0.0017368335975334048
119804559,23,2500,23,9,14,-0.001730920048430562
119824551,24,2500,24,9,15,-0.0017257662257179618
119844543,24,2500,24,9,15,-0.0017209392972290516
119864535,24,2500,24,9,15,-0.0017167493933811784
119884527,24,2500,24,9,15,-0.0017141683492809534
119904519,24,2500,24,9,15,-0.0017120686825364828
119924511,24,2500,24,9,15,-0.0017097602831199765
119944503,24,2500,24,9,15,-0.0017059792298823595
119964495,24,2500,24,9,15,-0.0017013002652674913
119984487,24,2500,24,9,15,-0.0016994320321828127
120004479,24,2500,24,9,15,-0.0016961194342002273
120024471,24,2500,24,9,15,-0.0016906242817640305
120044463,24,2500,24,9,15,-0.0016879936447367072
120064455,24,6499,0,9,-9,-0.0016841605538502336
120084447,24,6499,0,9,-9,-0.0016825192142277956
120104439,24,6499,0,9,-9,-0.0016792319947853684
120124431,0,6499,0,9,-9,-0.0016783286118879914
120144423,0,6499,0,9,-9,-0.0016758103156462312
120164415,0,6499,0,9,-9,-0.0016733055235818028
120184407,0,6499,0,9,-9,-0.0016704781446605921
120204399,0,6499,0,9,-9,-0.0016670119948685169
120224391,0,6499,0,9,-9,-0.0016634460771456361
120244383,0,6499,0,9,-9,-0.0016603595577180386
120264375,0,6499,0,9,-9,-0.0016568813007324934
120284367,0,6499,0,9,-9,-0.0016568236751481891
120304359,0,6499,0,9,-9,-0.0016542102675884962
120324351,0,6499,0,9,-9,-0.0016524010570719838
120344343,0,6499,0,9,-9,-0.001651030033826828
120364335,0,6499,0,9,-9,-0.0016487766988575459
120384327,0,6499,0,10,-10,-0.0016474185977131128
120404319,0,6499,0,10,-10,-0.0016438369639217854
120424311,0,6499,0,10,-10,-0.0016404320485889912
120445136,0,6499,0,10,-10,-0.0016382347093895078
120465128,0,6499,0,10,-10,-0.0016343005700036883
120485120,0,6499,0,10,-10,-0.0016293717781081796
120505112,0,6499,0,10,-10,-0.0016277550021186471
120525104,0,6499,0,10,-10,-0.0016255701193585992
120545096,0,6499,0,10,-10,-0.0016226688167080283
120565088,0,6499,0,10,-10,-0.0016217345837503672
120585080,0,6499,0,10,-10,-0.001620182185433805
120605072,0,6499,0,10,-10,-0.0016176761128008366
120625064,0,6499,0,10,-10,-0.0016137056518346071
120645056,0,6499,0,10,-10,-0.001609950908459723
120665048,0,6499,0,10,-10,-0.001607871032319963
120685040,0,6499,0,10,-10,-0.0016053235158324242
120705032,0,6499,0,10,-10,-0.0016022318741306663
120725024,0,6499,0,10,-10,-0.0015999325551092625
120745016,0,6499,0,10,-10,-0.0015972511610016227
120765008,0,6499,0,10,-10,-0.0015941971214488149
120785000,0,6499,0,10,-10,-0.0015907150227576494
120804992,0,6499,0,10,-10,-0.001588626648299396
120824984,0,6499,0,10,-10,-0.0015844424488022923
120844976,0,6499,0,10,-10,-0.001581577816978097
120864968,0,6499,0,10,-10,-0.0015811381163075566
120884960,0,6499,0,10,-10,-0.0015788176096975803
120904952,0,6499,0,10,-10,-0.0015771985054016113
120924944,0,6499,0,10,-10,-0.0015748679870739579
120944936,0,6499,0,10,-10,-0.0015719764633104205
120964928,0,6499,0,10,-10,-0.0015692336019128561
120984920,0,6499,0,10,-10,-0.0015663321828469634
121004912,0,6499,0,10,-10,-0.0015623283106833696
121024904,0,6499,0,10,-10,-0.0015596393495798111
121044896,0,6499,0,10,-10,-0.001556015107780695
124104505,0,2500,0,11,-11,-0.0012863854644820094
124124497,0,2500,0,11,-11,-0.0012843211879953742
124144489,0,2500,0,11,-11,-0.0012831633212044835
124164481,0,2500,0,11,-11,-0.0012808839092031121
124184473,0,2500,0,11,-11,-0.0012788346502929926
124204465,0,2500,0,11,-11,-0.0012751837493851781
124224457,0,2500,0,11,-11,-0.0012713234173133969
124244449,0,2500,0,11,-11,-0.0012699771905317903
124264441,0,2500,0,11,-11,-0.0012665833346545696
124284433,0,2500,0,11,-11,-0.0012653747107833624
124304425,0,2500,0,11,-11,-0.0012647586409002542
124324417,0,2500,0,11,-11,-0.0012635743478313088
124344409,0,2500,0,11,-11,-0.0012618971522897482
124364401,0,2500,0,11,-11,-0.0012606335803866386
124384393,0,2500,0,11,-11,-0.0012584123760461807
124404385,0,2500,0,11,-11,-0.0012568790698423982
124424377,0,2500,0,11,-11,-0.001253725728020072
124444369,0,2500,0,11,-11,-0.0012506496859714389
124464361,0,2500,0,11,-11,-0.0012463768944144249
124484353,0,2500,0,11,-11,-0.0012442505685612559
124504345,0,2500,0,11,-11,-0.0012433342635631561
124524337,0,2500,0,11,-11,-0.0012429901398718357
124544329,0,2500,0,11,-11,-0.0012398094404488802
124564321,0,2500,0,11,-11,-0.0012383911525830626
124584313,0,2500,0,11,-11,-0.001237778109498322
124605138,0,2500,0,11,-11,-0.0012359392130747437
124625130,0,2500,0,11,-11,-0.0012344256974756718
124645122,0,2500,0,11,-11,-0.0012321966933086514
124665114,0,2500,0,11,-11,-0.001230703666806221
124685106,0,2500,0,11,-11,-0.0012323060072958469
124705098,0,2500,0,11,-11,-0.0012315340572968125
124725090,0,2500,0,11,-11,-0.0012310595484450459
124745082,0,2500,0,11,-11,-0.0012301217066124082
124765074,0,2500,0,11,-11,-0.0012289355508983135
124785066,0,2500,0,11,-11,-0.0012266866397112608
124805058,0,2500,0,11,-11,-0.0012246993137523532
124825050,0,2500,0,11,-11,-0.0012221216456964612
124845042,0,2500,0,11,-11,-0.0012195798335596919
124865034,0,2500,0,11,-11,-0.0012202587677165866
124885026,0,2500,0,11,-11,-0.0012209709966555238
124905018,0,2500,0,11,-11,-0.0012204126687720418
124925010,0,2500,0,11,-11,-0.0012199437478557229
124945002,0,2500,0,11,-11,-0.0012171455891802907
124964994,0,2500,0,11,-11,-0.0012167770182713866
124984986,0,2500,0,11,-11,-0.0012164112413302064
125004978,0,2500,0,11,-11,-0.0012159826001152396
125024970,0,2500,0,11,-11,-0.0012149333488196135
125044962,0,2500,0,11,-11,-0.0012114050332456827
125064954,0,2500,0,11,-11,-0.0012118570739403367
125084946,0,2500,0,11,-11,-0.001213019946590066
125104938,0,2500,0,11,-11,-0.0012125696521252394
125124930,0,2500,0,11,-11,-0.0012109713861718774
125144922,0,2500,0,11,-11,-0.001209668698720634
125164914,0,2500,0,11,-11,-0.0012083237525075674
125184906,0,2500,0,11,-11,-0.0012082039611414075
125204898,0,2500,0,11,-11,-0.0012072829995304346
125224890,0,2500,0,11,-11,-0.0012056955602020025
125244882,0,2500,0,11,-11,-0.0012047500349581242
125264874,0,2500,0,11,-11,-0.0012072887038812041
125284866,0,2500,0,11,-11,-0.0012087988434359431
125304858,0,2500,0,11,-11,-0.0012098172446712852
125324850,0,2500,0,11,-11,-0.0012098312145099044
125344842,0,2500,0,11,-11,-0.0012105002533644438
125364834,0,2500,0,11,-11,-0.0012100612511858344
125384826,0,2500,0,11,-11,-0.0012104329653084278
125404818,0,2500,0,11,-11,-0.0012093762634322047
125424810,0,2500,0,11,-11,-0.0012082518078386784
125444802,0,2500,0,11,-11,-0.0012064739130437374
125464794,0,2500,0,11,-11,-0.0012036992702633142
125484786,0,2500,0,11,-11,-0.0012016803957521915
125504778,0,2500,0,11,-11,-0.0012011129874736071
125524770,0,2500,0,11,-11,-0.0012006383622065187
125544762,0,2500,0,11,-11,-0.0012005459284409881
125564754,0,2500,0,11,-11,-0.0011998050613328815
125584746,0,2500,0,11,-11,-0.001199771068058908
125604738,0,2500,0,11,-11,-0.0011988958576694131
125624730,0,2500,0,11,-11,-0.0011972737265750766
125644722,0,2500,0,11,-11,-0.0011938278330489993
125664714,0,2500,0,11,-11,-0.0011907318839803338
125684706,0,2500,0,11,-11,-0.0011917384108528495
125704698,0,2500,0,11,-11,-0.001191895455121994
125724690,0,2500,0,11,-11,-0.0011914754286408424
125744682,0,2500,0,11,-11,-0.0011903569102287292
125764674,0,2500,0,11,-11,-0.0011902883416041732
125784666,0,2500,0,11,-11,-0.0011884147534146905
125804658,0,2500,0,11,-11,-0.001187517074868083
125824650,0,2500,0,11,-11,-0.0011841923696920276
125844642,0,2500,0,11,-11,-0.0011827186681330204
125864634,0,2500,0,11,-11,-0.0011805172543972731
125884626,0,2500,0,11,-11,-0.001182322041131556
125904618,0,2500,0,11,-11,-0.001185002620331943
125924610,0,2500,0,11,-11,-0.0011860582744702697
125944602,0,2500,0,11,-11,-0.0011870322050526738
125964594,0,2500,0,11,-11,-0.0011868245201185346
125984586,0,2500,0,11,-11,-0.0011858664220198989
126004578,0,2500,0,11,-11,-0.0011867870343849063
126024570,0,2500,0,11,-11,-0.0011869014706462622
126044562,0,2500,0,11,-11,-0.0011863559484481812
126064554,0,2500,0,11,-11,-0.0011851892340928316
126084546,0,2500,0,11,-11,-0.0011854541953653097
126104538,0,2500,0,11,-11,-0.0011878443183377385
126124530,0,2500,0,11,-11,-0.0011894881026819348
126144522,0,2500,0,11,-11,-0.0011903566773980856
126164514,0,2500,0,11,-11,-0.0011895862407982349
126184506,0,2500,0,11,-11,-0.0011901379330083728
126204498,0,2500,0,11,-11,-0.0011881712125614285
126224490,0,2500,0,11,-11,-0.001186112524010241
126244482,0,2500,0,11,-11,-0.0011853274190798402
126264474,0,2500,0,11,-11,-0.0011835626792162657
126284466,0,2500,0,11,-11,-0.0011842249659821391
126304458,0,2500,0,11,-11,-0.0011848116992041469
126324450,0,2500,0,11,-11,-0.0011838963255286217
126344442,0,2500,0,11,-11,-0.001183429267257452
126364434,0,2500,0,11,-11,-0.0011847229907289147
126384426,0,2500,0,11,-11,-0.0011847111163660884
126404418,0,2500,0,11,-11,-0.0011839953949674964
126424410,0,2500,0,11,-11,-0.0011802597437053919
126444402,0,2500,0,11,-11,-0.0011790983844548464
126464394,0,2500,0,11,-11,-0.00117849325761199
126484386,0,2500,0,11,-11,-0.0011786393588408828
126504378,0,2500,0,11,-11,-0.001178547041490674
126524370,0,2500,0,11,-11,-0.0011779899941757321
126544362,0,2500,0,11,-11,-0.0011783948866650462
126564354,0,2500,0,11,-11,-0.0011781177017837763
126584346,0,2500,0,11,-11,-0.0011771174613386393
126604338,0,2500,0,11,-11,-0.0011764484224840999
126624330,0,2500,0,11,-11,-0.0011749853147193789
126644322,0,2500,0,11,-11,-0.0011721599148586392
126664314,0,2500,0,11,-11,-0.0011698316084221005
126685139,0,2500,0,11,-11,-0.0011688857339322567
126705131,0,2500,0,11,-11,-0.0011689774692058563
126725123,0,2500,0,11,-11,-0.0011678430018946528
126745115,0,2500,0,11,-11,-0.0011661069002002478
126765107,0,2500,0,11,-11,-0.0011644641635939479
126785099,0,2500,0,11,-11,-0.0011629242217168212
126805091,0,2500,0,11,-11,-0.0011597846169024706
126825083,0,2500,0,11,-11,-0.0011595688993111253
126845075,0,2500,0,11,-11,-0.0011572308139875531
126865067,0,2500,0,11,-11,-0.0011579922866076231
126885059,0,2500,0,11,-11,-0.0011571606155484915
126905051,0,2500,0,11,-11,-0.0011564441956579685
126925043,0,2500,0,11,-11,-0.0011565248714759946
126945035,0,2500,0,11,-11,-0.0011559959966689348
126965027,0,2500,0,11,-11,-0.001155189354903996
126985019,0,2500,0,11,-11,-0.0011533680371940136
127005011,0,2500,0,11,-11,-0.0011529326438903809
127025003,0,2500,0,11,-11,-0.0011517973616719246
127044995,0,2500,0,11,-11,-0.0011487681185826659
127064987,0,2500,0,11,-11,-0.0011509654577821493
127084979,0,2500,0,11,-11,-0.0011527779279276729
127104971,0,2500,0,11,-11,-0.0011517918901517987
127124963,0,2500,0,11,-11,-0.0011518129613250494
127144955,0,2500,0,11,-11,-0.0011511372867971659
127164947,0,2500,0,11,-11,-0.0011518178507685661
127184939,0,2500,0,11,-11,-0.0011503191199153662
127204931,0,2500,0,11,-11,-0.0011495747603476048
127224923,0,2500,0,11,-11,-0.0011469423770904541
127244915,0,2500,0,11,-11,-0.0011431273305788636
127264907,0,2500,0,11,-11,-0.0011431892635300756
127284899,0,2500,0,11,-11,-0.0011438482906669378
127304891,0,2500,0,11,-11,-0.0011435295455157757
127324883,0,2500,0,11,-11,-0.0011430344311520457
127344875,0,2500,0,11,-11,-0.001139317755587399
127364867,0,2500,0,11,-11,-0.0011374689638614655
127384859,0,2500,0,11,-11,-0.0011354628950357437
127404851,0,2500,0,11,-11,-0.0011355547467246652
127424843,0,2500,0,11,-11,-0.0011327707907184958
127444835,0,2500,0,11,-11,-0.0011302056955173612
127464827,0,2500,0,11,-11,-0.0011309992987662554
127484819,0,2500,0,11,-11,-0.0011316272430121899
127504811,0,2500,0,11,-11,-0.0011324402876198292
127524803,0,2500,0,11,-11,-0.0011318114120513201
127544795,0,2500,0,11,-11,-0.001131347962655127
127564787,0,2500,0,11,-11,-0.0011312618153169751
127584779,0,2500,0,11,-11,-0.0011310410918667912
127604771,0,2500,0,11,-11,-0.0011305976659059525
127624763,0,2500,0,11,-11,-0.0011296774027869105
127644755,0,2500,0,11,-11,-0.0011261434992775321
127664747,0,2500,0,11,-11,-0.0011242663022130728
127684739,0,2500,0,11,-11,-0.0011398702627047896
127704731,0,2500,0,11,-11,-0.001155039994046092
127724723,0,2500,0,11,-11,-0.0011709828395396471
127744715,0,2500,0,11,-11,-0.0011858234647661448
127764707,0,2500,0,11,-11,-0.0011996767716482282
127784699,0,2500,0,11,-11,-0.0012135044671595097
127804691,0,2500,0,11,-11,-0.0012269949074834585
127824683,0,2500,0,11,-11,-0.0012403251603245735
127844675,0,2500,0,11,-11,-0.0012526251375675201
127864667,0,2500,0,11,-11,-0.0012646731920540333
127884659,0,2500,0,11,-11,-0.0012892899103462696
127904651,0,2500,0,11,-11,-0.0013132790336385369
127924643,0,2500,0,11,-11,-0.0013358215801417828
127944635,0,2500,0,11,-11,-0.0013561181258410215
127964627,0,2500,0,11,-11,-0.0013756679836660624
127984619,0,2500,0,11,-11,-0.0013953301822766662
128004611,0,2500,0,11,-11,-0.0014126010937616229
128024603,0,2500,0,11,-11,-0.0014295713044703007
128044595,0,2500,0,11,-11,-0.0014456234639510512
128064587,0,2500,0,11,-11,-0.0014597179833799601
128084579,0,2500,0,11,-11,-0.0014828935964033008
128104571,0,2500,0,11,-11,-0.0015033275121822953
128124563,0,2500,0,11,-11,-0.0015238556079566479
128144555,0,2500,0,11,-11,-0.0015409314073622227
128164547,0,2500,0,11,-11,-0.0015573224518448114
128184539,0,2500,0,11,-11,-0.0015717966016381979
128204531,0,2500,0,11,-11,-0.0015850533964112401
128224523,0,2500,0,11,-11,-0.0015962788602337241
128244515,0,2500,0,11,-11,-0.0016081315698102117
128264507,0,2500,0,11,-11,-0.0016174240736290812
128284499,0,2500,0,11,-11,-0.0016355522675439715
128304491,0,2500,0,11,-11,-0.0016518851043656468
128324483,0,2500,0,11,-11,-0.0016657180385664105
128344475,0,2500,0,11,-11,-0.0016788156935945153
128364467,0,2500,0,11,-11,-0.0016911268467083573
128384459,0,2500,0,11,-11,-0.0017034318298101425
128404451,0,2500,0,11,-11,-0.0017135913949459791
128424443,0,2500,0,11,-11,-0.00172378309071064
128444435,0,2500,0,11,-11,-0.0017317975871264935
128464427,0,2500,0,11,-11,-0.0017388759879395366
128484419,0,2500,0,11,-11,-0.0017517925007268786
128504411,0,2500,0,11,-11,-0.0017638708231970668
128524403,0,2500,0,11,-11,-0.0017741114133968949
128544395,0,2500,0,11,-11,-0.0017834162572398782
128564387,0,2500,0,11,-11,-0.0017919250531122088
128584379,0,2500,0,11,-11,-0.0017990781925618649
128604371,0,2500,0,11,-11,-0.0018064276082441211
128624363,0,2500,0,11,-11,-0.0018128772499039769
128644355,0,2500,0,11,-11,-0.0018184225773438811
128664347,0,2500,0,11,-11,-0.0018237774493172765
128684339,0,2500,0,11,-11,-0.0018354344647377729
128704331,0,2500,0,11,-11,-0.0018469508504495025
128724323,0,2500,0,11,-11,-0.0018565645441412926
128744315,0,2500,0,11,-11,-0.0018649072153493762
128765140,0,2500,0,11,-11,-0.0018736445344984531
128785132,0,2500,0,11,-11,-0.0018805906875059009
128805124,0,2500,0,11,-11,-0.0018861924763768911
128825116,0,2500,0,11,-11,-0.0018922719173133373
128845108,0,2500,0,11,-11,-0.0018965288763865829
128865100,0,2500,0,11,-11,-0.001920651993714273
128885092,0,2500,0,11,-11,-0.0019424610072746873
128905084,0,2500,0,11,-11,-0.0019634140189737082
128925076,0,2500,0,11,-11,-0.0019829377997666597
128945068,0,2500,0,11,-11,-0.0020021786913275719
128965060,0,2500,0,11,-11,-0.0020210025832056999
128985052,0,2500,0,11,-11,-0.0020392618607729673
129005044,0,2500,0,11,-11,-0.0020571434870362282
129025036,0,2500,0,11,-11,-0.0020728532690554857
129045028,0,2500,0,11,-11,-0.0020887674763798714
129065020,0,2500,0,11,-11,-0.0021156053990125656
129085012,0,2500,0,11,-11,-0.0021420617122203112
129105004,0,2500,0,11,-11,-0.002167021855711937
129124996,0,2500,0,11,-11,-0.0021911293733865023
129144988,0,2500,0,11,-11,-0.0022120184730738401
129164980,0,2500,0,11,-11,-0.0022290442138910294
129184972,0,2500,0,11,-11,-0.0022423160262405872
129204964,0,2500,0,10,-10,-0.0022528828121721745
129224956,0,2500,0,10,-10,-0.0022604309488087893
129244948,0,2500,0,10,-10,-0.0022656142245978117
129264940,0,2500,0,10,-10,-0.0022795491386204958
129284932,0,2500,0,10,-10,-0.0022921403869986534
129304924,0,2500,0,10,-10,-0.0023029160220175982
129324916,0,2500,0,10,-10,-0.002309892326593399
129344908,0,2500,0,10,-10,-0.0023137987591326237
129364900,0,2500,0,10,-10,-0.0023169892374426126
129384892,0,2500,0,10,-10,-0.0023176523391157389
129404884,0,2500,0,10,-10,-0.0023169622290879488
129424876,0,2500,0,10,-10,-0.0023145219311118126
129444868,0,2500,0,10,-10,-0.0023106464650481939
129464860,0,2500,0,10,-10,-0.0023138434626162052
129484852,0,2500,0,10,-10,-0.0023149573244154453
129504844,0,2500,0,10,-10,-0.0023144669830799103
129524836,0,2500,0,10,-10,-0.0023120392579585314
129544828,0,2500,0,10,-10,-0.0023093116469681263
129564820,0,2500,0,10,-10,-0.0023051539901643991
129584812,0,2500,0,10,-10,-0.0023008652497082949
129604804,0,2500,0,10,-10,-0.0022938877809792757
129624796,0,2500,0,10,-10,-0.0022850874811410904
129644788,0,2500,0,10,-10,-0.0022737949620932341
129664780,0,2500,0,10,-10,-0.0022620768286287785
129684772,0,2500,0,10,-10,-0.0022417120635509491
129704764,0,2500,0,10,-10,-0.0022205556742846966
129724756,0,2500,0,10,-10,-0.0021968469955027103
129744748,0,2500,0,10,-10,-0.0021717222407460213
129764740,0,2500,0,10,-10,-0.0021457651164382696
129784732,0,2500,0,10,-10,-0.0021194242872297764
129804724,0,2500,0,10,-10,-0.0020903670229017735
129824716,0,2500,0,10,-10,-0.0020596932154148817
129844708,0,2500,0,10,-10,-0.0020272356923669577
129864700,0,2500,0,10,-10,-0.0019954133313149214
129884692,0,2500,0,10,-10,-0.0019673136994242668
129904684,0,2500,0,10,-10,-0.0019407984800636768
129924676,0,2500,0,10,-10,-0.001915177796036005
129944668,0,2500,0,10,-10,-0.0018902233568951488
129964660,0,2500,0,10,-10,-0.0018646818352863193
129984652,0,2500,0,10,-10,-0.001838856260292232
130004644,0,2500,0,10,-10,-0.001811301102861762
130024636,0,2500,0,10,-10,-0.0017834679456427693
130044628,0,2500,0,10,-10,-0.0017569615738466382
130064620,0,2500,0,10,-10,-0.0017298643942922354
130084612,0,2500,0,10,-10,-0.0017025957349687815
130104604,0,2500,0,10,-10,-0.001675492967478931
130124596,0,2500,0,10,-10,-0.0016454476863145828
130144588,0,2500,0,10,-10,-0.0016138297505676746
130164580,0,2500,0,10,-10,-0.0015806399751454592
130184572,0,2500,0,10,-10,-0.0015480653382837772
130204564,0,2500,0,10,-10,-0.0015147515805438161
130224556,0,2500,0,10,-10,-0.0014810505090281367
130244548,0,2500,0,10,-10,-0.001444405410438776
130264540,0,2500,0,10,-10,-0.0014066402800381184
130284532,0,2500,0,10,-10,-0.0013680594274774194
130304524,0,2500,0,10,-10,-0.0013294450473040342
130324516,0,2500,0,10,-10,-0.0012881869915872812
130344508,0,2500,0,10,-10,-0.0012476113624870777
130364500,0,2500,0,10,-10,-0.0012056112755089998
130384492,0,2500,0,10,-10,-0.0011631164234131575
130404484,0,2500,0,10,-10,-0.0011203434551134706
130424476,0,2500,0,10,-10,-0.0010774113470688462
130444468,0,2500,0,10,-10,-0.0010316461557522416
130464460,0,2500,0,10,-10,-0.00098552566487342119
130484452,0,2500,0,10,-10,-0.00093948969151824713
130504444,0,2500,0,10,-10,-0.00089109432883560658
130524436,0,2500,0,10,-10,-0.00084202358266338706
130544428,0,2500,0,10,-10,-0.00079122488386929035
130564420,0,2500,0,10,-10,-0.00074047636007890105
130584412,0,2500,0,10,-10,-0.00069039466325193644
130604404,0,2500,0,10,-10,-0.00063860602676868439
130624396,0,2500,0,10,-10,-0.00058511254610493779
130644388,0,2500,0,10,-10,-0.00052924634655937552
130664380,0,2500,0,10,-10,-0.00047131034079939127
130684372,0,2500,0,9,-9,-0.00041047800914384425
130704364,0,2500,0,9,-9,-0.00034911296097561717
130724356,0,2500,0,9,-9,-0.00028828185168094933
130744348,0,2500,0,9,-9,-0.00022909870313014835
130764340,0,2500,0,9,-9,-0.00016836669237818569
130784332,0,2500,0,9,-9,-0.00010690871567931026
130804324,0,2500,0,9,-9,-4.4925563997821882e-05
130824316,0,2500,0,9,-9,1.8707851268118247e-05
130845141,0,2500,0,9,-9,8.2199978351127356e-05
130865133,0,2500,0,9,-9,0.00014600371650885791
130885125,0,2500,0,9,-9,0.00021492030646186322
130905117,0,2500,0,9,-9,0.00028352902154438198
130925109,0,2500,0,9,-9,0.00035613178624771535
130945101,0,2500,0,9,-9,0.00042572594247758389
130965093,0,2500,0,9,-9,0.00049468973884359002
130985085,0,2500,0,9,-9,0.00056491600116714835
131005077,0,2500,0,9,-9,0.00063629494979977608
131025069,0,2500,0,9,-9,0.00070764229167252779
131045061,0,2500,0,9,-9,0.00077977095497772098
131065053,0,2500,0,9,-9,0.00083283096319064498
131085045,0,2500,0,9,-9,0.0008886312716640532
131105037,0,2500,0,9,-9,0.0009453663369640708
131125029,0,2500,0,9,-9,0.00099991017486900091
131145021,0,2500,0,9,-9,0.0010546759003773332
131165013,0,2500,0,9,-9,0.0011115636443719268
131185005,0,2500,0,9,-9,0.0011693008709698915
131204997,0,2500,0,9,-9,0.0012273238971829414
131224989,0,2500,0,9,-9,0.001284755882807076
131244981,0,2500,0,9,-9,0.0013454272411763668
131264973,0,2500,0,9,-9,0.0013934012968093157
131284965,0,2500,0,9,-9,0.001443286775611341
131304957,0,2500,0,9,-9,0.0014951068442314863
131324949,0,2500,0,9,-9,0.0015508553478866816
131344941,0,2500,0,9,-9,0.0016071342397481203
131364933,0,2500,0,9,-9,0.0016667394666001201
131384925,0,2500,0,9,-9,0.0017276994185522199
131404917,0,2500,0,9,-9,0.0017915755743160844
131424909,0,2500,0,9,-9,0.0018586846999824047
131444901,0,2500,0,9,-9,0.0019300407730042934
131464893,0,2500,0,9,-9,0.00197800830937922
131484885,0,2500,0,9,-9,0.0020328017417341471
131504877,0,2500,0,9,-9,0.0020919367671012878
131524869,0,6499,0,9,-9,0.002152204280719161
131544861,0,6499,0,9,-9,0.0022160459775477648
131564853,0,6499,0,9,-9,0.0022835815325379372
131584845,0,6499,0,9,-9,0.0023549140896648169
131604837,0,6499,0,9,-9,0.0024314122274518013
131624829,0,6499,0,9,-9,0.0025143970269709826
131644821,0,6499,0,9,-9,0.002602878026664257
131664813,0,6499,0,9,-9,0.0026975474320352077
131684805,0,6499,0,9,-9,0.0028101003263145685
131704797,0,6499,0,9,-9,0.0029274001717567444
131724789,0,6499,0,9,-9,0.003048040671274066
131744781,0,6499,0,9,-9,0.0031761291902512312
131764773,0,6499,0,9,-9,0.0033096557017415762
131784765,0,6499,0,9,-9,0.0034473622217774391
131804757,0,6499,0,9,-9,0.0035915798507630825
131824749,0,6499,0,9,-9,0.0037397861015051603
131844741,0,6499,0,9,-9,0.0038922829553484917
131864733,0,6499,0,9,-9,0.0040490599349141121
131884725,0,6499,0,9,-9,0.0042191054672002792
131904717,0,6499,0,9,-9,0.0043950886465609074
131924709,0,6499,0,9,-9,0.0045765046961605549
131944701,0,6499,0,9,-9,0.0047628800384700298
131964693,0,6499,0,9,-9,0.004952356219291687
131984685,0,6499,0,9,-9,0.0051430007442831993
132004677,0,6499,0,9,-9,0.0053352182731032372
132024669,0,6499,0,9,-9,0.0055315485224127769
132044661,0,6499,0,9,-9,0.0057314434088766575
132064653,0,6499,0,9,-9,0.0059331059455871582
132084645,0,6499,0,9,-9,0.0061498414725065231
132104637,0,6499,0,9,-9,0.006368445698171854
132124629,0,6499,0,9,-9,0.0065887128002941608
132144621,0,6499,0,9,-9,0.0068122069351375103
132164613,0,6499,0,9,-9,0.0070380652323365211
132184605,0,6499,0,9,-9,0.0072629661299288273
132204597,0,6499,0,9,-9,0.0074888975359499454
132224589,0,6499,0,9,-9,0.0077169183641672134
132244581,0,6499,0,9,-9,0.0079497294500470161
132264573,0,6499,0,9,-9,0.0081848278641700745
132284565,0,6499,0,9,-9,0.0084333615377545357
132304557,0,6499,0,9,-9,0.0086839981377124786
132324549,0,6499,0,9,-9,0.0089339604601264
132344541,0,6499,0,9,-9,0.0091851148754358292
132364533,0,6499,0,9,-9,0.0094376029446721077
132384525,0,6499,0,9,-9,0.0096907308325171471
132404517,0,6499,0,9,-9,0.0099476426839828491
132424509,0,6499,0,9,-9,0.010209402069449425
132444501,0,6499,0,9,-9,0.010472383350133896
132464493,0,6499,0,9,-9,0.010734475217759609
132484485,0,6499,0,10,-10,0.011008056811988354
132504477,0,6499,0,10,-10,0.011281963437795639
132524469,0,6499,0,10,-10,0.011557774618268013
132544461,0,6499,0,10,-10,0.01183332409709692
132564453,0,6499,0,10,-10,0.012107801623642445
132584445,0,6499,0,10,-10,0.012383587658405304
132604437,0,6499,0,10,-10,0.012660126201808453
132624429,0,6499,0,10,-10,0.012936915270984173
132644421,0,6499,0,10,-10,0.013217687606811523
132664413,0,6499,0,10,-10,0.013499455526471138
132684405,0,6499,0,9,-9,0.01533808559179306
132704397,0,6498,0,9,-9,0.023073300719261169
132724389,0,6495,0,9,-9,0.036824885755777359
132744381,0,6489,0,8,-8,0.055870864540338516
132764373,0,6479,0,8,-8,0.079469159245491028
132784365,0,6462,0,7,-7,0.10680169612169266
132804357,0,6439,0,5,-5,0.13689614832401276
132824349,0,6407,0,3,-3,0.16887247562408447
132844341,0,6367,0,2,-2,0.20195956528186798
132864333,0,6320,0,2,-2,0.23565737903118134
132884325,0,6266,0,1,-1,0.26907020807266235
132904317,0,6206,0,0,0,0.30141982436180115
132925142,0,6144,0,-2,2,0.33239760994911194
132945134,0,6079,0,-5,5,0.36157137155532837
132965126,0,6014,0,-6,6,0.38881602883338928
132985118,0,5951,0,-6,6,0.41372972726821899
133005110,0,5889,0,-5,5,0.43692925572395325
133025102,0,5834,0,-3,3,0.45643118023872375
133045094,0,5785,0,-2,2,0.473244309425354
133065086,0,5743,0,0,0,0.48730310797691345
133085078,0,5708,0,0,0,0.49856457114219666
133105070,0,5681,0,2,-2,0.50731664896011353
133125062,0,5661,0,3,-3,0.51349711418151855
133145054,0,5649,0,3,-3,0.51718354225158691
133165046,0,5645,0,5,-5,0.51867562532424927
133185038,0,5647,0,7,-7,0.51807945966720581
133205030,0,5654,0,7,-7,0.51561462879180908
133225022,0,5668,0,6,-6,0.51135796308517456
133245014,0,5687,0,4,-4,0.50520932674407959
133265006,0,5712,0,2,-2,0.49738940596580505
133284998,0,5740,0,0,0,0.48818695545196533
133304990,0,5772,0,0,0,0.47768694162368774
133324982,0,5806,0,-2,2,0.46627712249755859
133344974,0,5840,0,-3,3,0.4542229175567627
133364966,0,5876,0,-6,6,0.44175863265991211
133384958,0,5911,0,-8,8,0.42881485819816589
133404950,0,5946,0,-9,9,0.41559210419654846
133424942,0,5981,0,-8,8,0.40223917365074158
133444934,0,6014,0,-8,8,0.38897627592086792
133464926,0,6045,0,-7,7,0.37602850794792175
133484918,0,6075,0,-7,7,0.36341956257820129
133504910,0,6102,0,-7,7,0.35147327184677124
133524902,0,6127,0,-7,7,0.34030172228813171
133544894,0,6149,0,-8,8,0.32992357015609741
133564886,0,6169,0,-8,8,0.32031404972076416
133584878,0,6187,0,-9,9,0.31157678365707397
133604870,0,6202,0,-10,10,0.30382886528968811
133624862,0,6215,0,-10,10,0.29709500074386597
133644854,0,6225,0,-11,11,0.29153090715408325
133664846,0,6234,0,-11,11,0.28695663809776306
133684838,0,6240,0,-12,12,0.28345340490341187
133704830,0,6244,0,-13,13,0.28115382790565491
133724822,0,6246,0,-12,12,0.27993783354759216
133744814,0,6247,0,-11,11,0.27959251403808594
133764806,0,6247,0,-11,11,0.27977016568183899
133784798,0,6245,0,-9,9,0.28055718541145325
133804790,0,6242,0,-9,9,0.28215613961219788
133824782,0,6238,0,-8,8,0.28465715050697327
133844774,0,6232,0,-7,7,0.28777796030044556
133864766,0,6225,0,-6,6,0.29151660203933716
133884758,0,6218,0,-7,7,0.29556581377983093
133904750,0,6209,0,-7,7,0.29997897148132324
133924742,0,6201,0,-6,6,0.30439931154251099
133944734,0,6192,0,-5,5,0.30905532836914062
133964726,0,6182,0,-5,5,0.3139072060585022
133984718,0,6172,0,-5,5,0.31864431500434875
134004710,0,6163,0,-5,5,0.32301747798919678
134024702,0,6156,0,-6,6,0.32645535469055176
134044694,0,6151,0,-7,7,0.32870888710021973
134064686,0,6151,0,-8,8,0.32903259992599487
134084678,0,6155,0,-9,9,0.32699534296989441
134104670,0,6165,0,-10,10,0.32225474715232849
134124662,0,6180,0,-12,12,0.3148714005947113
134144654,0,6200,0,-13,13,0.30470791459083557
134164646,0,6225,0,-14,14,0.29183387756347656
134184638,0,6253,0,-12,12,0.27638855576515198
134204630,0,6283,0,-13,13,0.25858137011528015
134224622,0,6315,0,-13,13,0.23895156383514404
134244614,0,6346,0,-14,14,0.21768690645694733
134264606,0,6376,0,-14,14,0.19513371586799622
134284598,0,6404,0,-14,14,0.17151875793933868
134304590,0,6429,0,-13,13,0.14733526110649109
134324582,0,6450,0,-13,13,0.12312505394220352
134344574,0,6468,0,-13,13,0.099039576947689056
134364566,0,6481,0,-14,14,0.075385011732578278
134384558,0,6491,0,-16,16,0.052297122776508331
134404550,0,6497,0,-16,16,0.02995724231004715
134424542,0,6499,0,-17,17,0.0090211071074008942
134444534,0,6499,0,-18,18,-0.010295813903212547
134464526,0,6497,0,-19,19,-0.028119338676333427
134484518,0,6493,0,-20,20,-0.044504862278699875
134504510,0,6488,0,-20,20,-0.058987729251384735
134524502,0,6483,0,-21,21,-0.071741186082363129
134544494,0,6477,0,-22,22,-0.08270050585269928
134564486,0,6472,0,-23,23,-0.091389819979667664
134584478,0,6468,0,-23,23,-0.09840857982635498
134604470,0,6465,0,-23,23,-0.10367833077907562
134624462,0,6462,0,-25,25,-0.10711175203323364
134644454,0,6461,0,-27,27,-0.10892067104578018
134664446,0,6461,0,-26,26,-0.10920845717191696
134684438,0,6462,0,-25,25,-0.10787410289049149
134704430,0,6464,0,-24,24,-0.10511528700590134
134724422,0,6466,0,-23,23,-0.10130026936531067
134744414,0,6469,0,-22,22,-0.096122168004512787
134764406,0,6473,0,-22,22,-0.089896209537982941
134784398,0,6477,0,-21,21,-0.082860790193080902
134804390,0,6481,0,-21,21,-0.075220927596092224
134824382,0,6485,0,-21,21,-0.0672030970454216
134844374,0,6488,0,-22,22,-0.058614667505025864
134864366,0,6492,0,-22,22,-0.049606703221797943
134884358,0,6494,0,-22,22,-0.040388859808444977
134904350,0,6496,0,-22,22,-0.031178956851363182
134924342,0,6498,0,-22,22,-0.021919146180152893
134944334,0,6499,0,-22,22,-0.012810840271413326
134964326,0,6499,0,-21,21,-0.0038660750724375248
134984318,0,6499,0,-20,20,0.004743209108710289
135004310,0,6499,0,-19,19,0.012786767445504665
135025135,0,6498,0,-18,18,0.02035260945558548
135045127,0,6497,0,-17,17,0.027361920103430748
135065119,0,6496,0,-16,16,0.033714145421981812
135085111,0,6494,0,-15,15,0.039656534790992737
135105103,0,6493,0,-15,15,0.044588081538677216
135125095,0,6492,0,-15,15,0.04899270087480545
135145087,0,6490,0,-16,16,0.052836377173662186
135165079,0,6489,0,-17,17,0.056040331721305847
135185071,0,6488,0,-19,19,0.058875095099210739
135205063,0,6487,0,-20,20,0.061610974371433258
135225055,0,6486,0,-20,20,0.064088612794876099
135245047,0,6485,0,-21,21,0.066339731216430664
135265039,0,6484,0,-21,21,0.068386182188987732
135285031,0,6483,0,-21,21,0.070597603917121887
135305023,0,6482,0,-21,21,0.072794042527675629
135325015,0,6481,0,-21,21,0.075070001184940338
135345007,0,6480,0,-21,21,0.077367492020130157
135364999,0,6479,0,-22,22,0.079497933387756348
135384991,0,6478,0,-21,21,0.081746302545070648
135404983,0,6477,0,-20,20,0.08401847630739212
135424975,0,6475,0,-19,19,0.086418405175209045
135444967,0,6474,0,-19,19,0.089152760803699493
135464959,0,6472,0,-19,19,0.092266634106636047
135484951,0,6470,0,-19,19,0.095358654856681824
135504943,0,6468,0,-19,19,0.098433956503868103
135524935,0,6466,0,-18,18,0.10147076100111008
135544927,0,6464,0,-17,17,0.10423304885625839
135564919,0,6462,0,-17,17,0.10690435022115707
135584911,0,6461,0,-16,16,0.10906673222780228
135604903,0,6460,0,-16,16,0.11096192896366119
135624895,0,6458,0,-16,16,0.11254706233739853
135644887,0,6458,0,-16,16,0.11367306113243103
135664879,0,6457,0,-15,15,0.11426516622304916
135684871,0,6457,0,-15,15,0.11423963308334351
135704863,0,6457,0,-15,15,0.11376076191663742
135724855,-1,6458,-1,-14,13,0.11277298629283905
135744847,-1,6459,-1,-13,12,0.11121039837598801
135764839,-1,6461,-1,-11,10,0.10927778482437134
135784831,-1,6463,-1,-11,10,0.10668836534023285
135804823,-1,6465,-1,-11,10,0.10360470414161682
135824815,1,6467,1,-12,13,0.10001099854707718
135844807,1,6470,1,-13,14,0.095835395157337189
135864799,1,6472,1,-14,15,0.091314323246479034
135884791,1,6475,1,-16,17,0.086509130895137787
135904783,1,6478,1,-17,18,0.081409871578216553
135924775,6,6481,6,-19,25,0.075969308614730835
135944767,6,6483,6,-20,26,0.070241324603557587
135964759,6,6486,6,-22,28,0.064189620316028595
135984751,6,6489,6,-22,28,0.057825244963169098
136004743,6,6491,6,-21,27,0.051312476396560669
136024735,10,6493,10,-21,31,0.044592220336198807
136044727,10,6495,10,-21,31,0.037646759301424026
136064719,10,6496,10,-21,31,0.030767064541578293
136084711,10,6498,10,-21,31,0.023803265765309334
136104703,10,6499,10,-21,31,0.016723690554499626
136124695,14,6499,14,-21,35,0.0095761464908719063
136144687,14,6499,14,-21,35,0.0024364660494029522
136164679,14,6499,14,-21,35,-0.0047966386191546917
136184671,14,6499,14,-22,36,-0.011930413544178009
136204663,14,6498,14,-23,37,-0.018958989530801773
136224655,17,6497,17,-22,39,-0.025876780971884727
136244647,17,6496,17,-22,39,-0.032474525272846222
136264639,17,6495,17,-21,38,-0.038758818060159683
136284631,17,6493,17,-20,37,-0.044599287211894989
136304623,17,6491,17,-19,36,-0.049890473484992981
136324615,17,6490,17,-18,35,-0.054603233933448792
136344607,17,6488,17,-16,33,-0.058741293847560883
136364599,17,6487,17,-15,32,-0.06235639750957489
136384591,17,6486,17,-13,30,-0.065526127815246582
136404583,17,6484,17,-12,29,-0.068207882344722748
136424575,16,6483,16,-11,27,-0.070406198501586914
136444567,16,6483,16,-8,24,-0.072129376232624054
136464559,16,6482,16,-6,22,-0.073262840509414673
136484551,16,6482,16,-4,20,-0.07394716888666153
136504543,16,6482,16,-1,17,-0.074391849339008331
136524535,17,6481,17,1,16,-0.074488438665866852
136544527,17,6482,17,3,14,-0.074139900505542755
136564519,17,6482,17,4,13,-0.073328524827957153
136584511,17,6483,17,5,12,-0.072270028293132782
136604503,17,6483,17,7,10,-0.071043007075786591
136624495,19,6484,19,8,11,-0.069686181843280792
136644487,19,6484,19,9,10,-0.068377546966075897
136664479,19,6485,19,10,9,-0.067028820514678955
136684471,19,6486,19,11,8,-0.065623246133327484
136704463,19,6486,19,12,7,-0.064202062785625458
136724455,20,6487,20,13,7,-0.062855400145053864
136744447,20,6487,20,15,5,-0.061578515917062759
136764439,20,6488,20,16,4,-0.060471154749393463
136784431,20,6488,20,18,2,-0.059499137103557587
136804423,20,6488,20,20,0,-0.058650657534599304
136824415,18,6489,18,21,-3,-0.058067239820957184
136844407,18,6489,18,23,-5,-0.057870727032423019
136864399,18,6489,18,24,-6,-0.057808741927146912
136884391,18,6489,18,25,-7,-0.058036375790834427
136904383,18,6488,18,25,-7,-0.058711975812911987
136924375,18,6488,18,25,-7,-0.059796765446662903
136944367,18,6487,18,25,-7,-0.061178289353847504
136964359,18,6487,18,25,-7,-0.062908433377742767
136984351,18,6486,18,24,-6,-0.064798377454280853
137004343,18,6485,18,23,-5,-0.0668315589427948
137024335,18,6484,18,22,-4,-0.069003976881504059
137044327,18,6483,18,20,-2,-0.07130306214094162
137064319,18,6482,18,19,-1,-0.07365582138299942
137084311,18,6481,18,18,0,-0.076134920120239258
137105136,18,6479,18,17,1,-0.078585304319858551
137125128,21,6478,21,16,5,-0.081011757254600525
137145120,21,6477,21,15,6,-0.083434417843818665
137165112,21,6476,21,14,7,-0.08589327335357666
137185104,21,6474,21,13,8,-0.088166266679763794
137205096,21,6473,21,12,9,-0.090316250920295715
137225088,23,6472,23,11,12,-0.092448137700557709
137245080,23,6470,23,11,12,-0.094611726701259613
137265072,23,6469,23,11,12,-0.096673235297203064
137285064,23,6468,23,11,12,-0.098627112805843353
137305056,23,6467,23,10,13,-0.10051897913217545
137325048,25,6466,25,9,16,-0.1022881492972374
137345040,25,6464,25,9,16,-0.10387291759252548
137365032,25,6464,25,9,16,-0.10527864843606949
137385024,25,6463,25,10,15,-0.10640085488557816
137405016,25,6462,25,11,14,-0.10737113654613495
137425008,25,6462,25,13,12,-0.10796146839857101
137445000,25,6461,25,15,10,-0.1082904189825058
137464992,25,6461,25,17,8,-0.10857436060905457
137484984,25,6461,25,18,7,-0.10883665084838867
137504976,25,6461,25,20,5,-0.10895016044378281
137524968,23,6461,23,22,1,-0.10876669734716415
137544960,23,6461,23,22,1,-0.10831157863140106
137564952,23,6462,23,22,1,-0.10764338821172714
137584944,23,6462,23,23,0,-0.10691904276609421
137604936,23,6463,23,23,0,-0.10607133805751801
137624928,23,6464,23,22,1,-0.10518112033605576
137644920,23,6464,23,22,1,-0.10439731925725937
137664912,23,6464,23,22,1,-0.10389306396245956
137684904,23,6465,23,22,1,-0.10345543920993805
137704896,23,6465,23,22,1,-0.10312650352716446
137724888,23,6465,23,21,2,-0.10294120013713837
137744880,23,6465,23,20,3,-0.10276238620281219
137764872,23,6465,23,19,4,-0.10257148742675781
137784864,23,6465,23,18,5,-0.10257384926080704
137804856,23,6465,23,18,5,-0.10258644819259644
137824848,29,6465,29,18,11,-0.10266364365816116
137844840,29,6465,29,18,11,-0.10279622673988342
137864832,29,6465,29,17,12,-0.1031108945608139
137884824,29,6465,29,17,12,-0.10358399152755737
137904816,29,6464,29,16,13,-0.1040380448102951
137924808,36,6464,36,16,20,-0.10471214354038239
137944800,36,6463,36,16,20,-0.10563047975301743
137964792,36,6463,36,16,20,-0.1067393571138382
137984784,36,6462,36,17,19,-0.10785932093858719
138004776,36,6461,36,18,18,-0.10913150012493134
138024768,38,6460,38,18,20,-0.11056026071310043
138044760,38,6459,38,19,19,-0.11202584207057953
138064752,38,6458,38,18,20,-0.11339712142944336
138084744,38,6457,38,18,20,-0.11482947319746017
138104736,38,6456,38,19,19,-0.11612619459629059
138124728,39,6455,39,20,19,-0.11729485541582108
138144720,39,6454,39,21,18,-0.11851270496845245
138164712,39,6453,39,22,17,-0.11977201700210571
138184704,39,6452,39,24,15,-0.12108612805604935
138204696,39,6451,39,26,13,-0.12253907322883606
138224688,41,6450,41,27,14,-0.12406318634748459
138244680,41,6448,41,29,12,-0.12541237473487854
138264672,41,6447,41,30,11,-0.1265941858291626
138284664,41,6447,41,31,10,-0.1275382936000824
138304656,41,6446,41,32,9,-0.12823657691478729
138324648,41,6446,41,32,9,-0.12875847518444061
138344640,41,6445,41,32,9,-0.12912049889564514
138364632,41,6445,41,32,9,-0.12924695014953613
138384624,41,6445,41,32,9,-0.12913620471954346
138404616,41,6446,41,32,9,-0.1288636326789856
138424608,44,6446,44,33,11,-0.12842589616775513
138444600,44,6446,44,34,10,-0.12791360914707184
138464592,44,6447,44,35,9,-0.12736658751964569
138484584,44,6447,44,37,7,-0.12661582231521606
138504576,44,6448,44,38,6,-0.12587612867355347
138524568,46,6449,46,39,7,-0.12497909367084503
138544560,46,6450,46,40,6,-0.12392149120569229
138564552,46,6450,46,41,5,-0.12294796854257584
138584544,46,6451,46,42,4,-0.12218869477510452
138604536,46,6452,46,43,3,-0.12160210311412811
138624528,47,6452,47,43,4,-0.12118562310934067
138644520,47,6452,47,43,4,-0.12077499181032181
138664512,47,6453,47,43,4,-0.1203240379691124
138684504,47,6453,47,43,4,-0.119847372174263
138704496,47,6453,47,44,3,-0.11938446015119553
138724488,47,6453,47,44,3,-0.11906884610652924
138744480,47,6454,47,44,3,-0.11892297118902206
138764472,47,6454,47,45,2,-0.11889725178480148
138784464,47,6454,47,45,2,-0.11899077892303467
138804456,47,6453,47,44,3,-0.11907937377691269
138824448,46,6453,46,44,2,-0.11931321024894714
138844440,46,6453,46,44,2,-0.1196073517203331
138864432,46,6453,46,44,2,-0.11986680328845978
138884424,46,6453,46,44,2,-0.1201157420873642
138904416,46,6452,46,43,3,-0.12038485705852509
138924408,49,6452,49,42,7,-0.12087854743003845
138944400,49,6452,49,41,8,-0.12159129977226257
138964392,49,6451,49,41,8,-0.12209516018629074
138984384,49,6451,49,41,8,-0.12246315181255341
139004376,49,6451,49,41,8,-0.12281831353902817
139024368,51,6450,51,40,11,-0.12330729514360428
139044360,51,6450,51,39,12,-0.12397827953100204
139064352,51,6449,51,39,12,-0.12465756386518478
139084344,51,6449,51,40,11,-0.12507915496826172
139104336,51,6448,51,40,11,-0.1253952831029892
139124328,51,6448,51,40,11,-0.12561501562595367
139144320,51,6448,51,41,10,-0.12586161494255066
139164312,51,6448,51,42,9,-0.12592959403991699
139185137,51,6448,51,43,8,-0.12590028345584869
139205129,51,6448,51,44,7,-0.12570890784263611
139225121,52,6448,52,45,7,-0.12563124299049377
139245113,52,6448,52,45,7,-0.1257176548242569
139265105,52,6448,52,45,7,-0.12587860226631165
139285097,52,6448,52,46,6,-0.12606017291545868
139305089,52,6448,52,47,5,-0.12626875936985016
139325081,50,6447,50,49,1,-0.12659764289855957
139345073,50,6447,50,52,-2,-0.126739501953125
139365065,50,6447,50,55,-5,-0.1266757994890213
139385057,50,6447,50,57,-7,-0.12660117447376251
139405049,50,6447,50,60,-10,-0.12667624652385712
139425041,48,6447,48,62,-14,-0.12658736109733582
139445033,48,6448,48,64,-16,-0.12617027759552002
139465025,48,6448,48,65,-17,-0.12541089951992035
139485017,48,6449,48,66,-18,-0.12453868985176086
139505009,48,6450,48,66,-18,-0.12367356568574905
139525001,50,6450,50,65,-15,-0.12296344339847565
139544993,50,6451,50,65,-15,-0.12224077433347702
139564985,50,6452,50,65,-15,-0.12134938687086105
139584977,50,6452,50,65,-15,-0.1203843355178833
139604969,50,6453,50,65,-15,-0.11927387118339539
139624961,49,6454,49,64,-15,-0.11810470372438431
139644953,49,6455,49,62,-13,-0.11691305786371231
139664945,49,6456,49,59,-10,-0.11567778885364532
139684937,49,6457,49,57,-8,-0.11439435929059982
139704929,49,6458,49,55,-6,-0.11311285197734833
139724921,49,6459,49,54,-5,-0.11175213754177094
139744913,49,6460,49,54,-5,-0.11050976067781448
139764905,49,6461,49,54,-5,-0.10921397805213928
139784897,49,6462,49,54,-5,-0.10787359625101089
139804889,49,6463,49,54,-5,-0.10663179308176041
139824881,48,6463,48,54,-6,-0.10545933246612549
139844873,48,6464,48,53,-5,-0.1043461486697197
139864865,48,6465,48,51,-3,-0.10337529331445694
139884857,48,6465,48,50,-2,-0.10257367789745331
139904849,48,6466,48,48,0,-0.10192307829856873
139924841,46,6466,46,47,-1,-0.10151047259569168
139944833,46,6466,46,47,-1,-0.10131029784679413
139964825,46,6466,46,46,0,-0.10134550184011459
139984817,46,6466,46,46,0,-0.10175300389528275
140004809,46,6465,46,46,0,-0.10235890001058578
140024801,45,6465,45,45,0,-0.10320349037647247
140044793,45,6464,45,45,0,-0.10450562834739685
140064785,45,6463,45,44,1,-0.10605373233556747
140084777,45,6462,45,44,1,-0.10784950107336044
140104769,45,6460,45,43,2,-0.11001457273960114
140124761,45,6458,45,42,3,-0.11265730112791061
140144753,45,6456,45,41,4,-0.1157134473323822
140164745,45,6453,45,40,5,-0.11921429634094238
140184737,45,6450,45,40,5,-0.12306603789329529
140204729,45,6447,45,39,6,-0.12718772888183594
140224721,49,6443,49,36,13,-0.13164052367210388
140244713,49,6439,49,34,15,-0.13636283576488495
140264705,49,6435,49,32,17,-0.14130119979381561
140284697,49,6430,49,31,18,-0.14628411829471588
140304689,49,6425,49,29,20,-0.151447594165802
140324681,54,6420,54,28,26,-0.15669207274913788
140344673,54,6414,54,27,27,-0.1620408296585083
140364665,54,6409,54,27,27,-0.16743071377277374
140384657,54,6403,54,28,26,-0.17284674942493439
140404649,54,6397,54,29,25,-0.17813469469547272
140424641,60,6391,60,30,30,-0.18317832052707672
140444633,60,6385,60,32,28,-0.18789497017860413
140464625,60,6380,60,34,26,-0.19215936958789825
140484617,60,6375,60,36,24,-0.1957889199256897
140504609,60,6371,60,39,21,-0.19881515204906464
140524601,60,6368,60,41,19,-0.20113654434680939
140544593,60,6366,60,43,17,-0.20285820960998535
140564585,60,6365,60,45,15,-0.20408213138580322
140584577,60,6364,60,46,14,-0.20452666282653809
140604569,60,6364,60,48,12,-0.20440623164176941
140624561,59,6365,59,51,8,-0.20347034931182861
140644553,59,6367,59,54,5,-0.20193162560462952
140664545,59,6370,59,57,2,-0.20002575218677521
140684537,59,6373,59,60,-1,-0.1976105272769928
140704529,59,6377,59,64,-5,-0.19453002512454987
140724521,51,6382,51,67,-16,-0.19081816077232361
140744513,51,6387,51,68,-17,-0.18644824624061584
140764505,51,6393,51,68,-17,-0.18154372274875641
140784497,51,6399,51,67,-16,-0.17614905536174774
140804489,51,6406,51,66,-15,-0.17023782432079315
140824481,43,6412,43,66,-23,-0.16398951411247253
140844473,43,6419,43,67,-24,-0.15757018327713013
140864465,43,6426,43,68,-25,-0.15081016719341278
140884457,43,6432,43,68,-25,-0.14387637376785278
140904449,43,6439,43,68,-25,-0.13673527538776398
140924441,36,6445,36,67,-31,-0.12940740585327148
140944433,36,6451,36,66,-30,-0.12214579433202744
140964425,36,6456,36,65,-29,-0.1151445209980011
140984417,36,6461,36,63,-27,-0.10851127654314041
141004409,36,6465,36,61,-25,-0.10239359736442566
141024401,32,6469,32,59,-27,-0.096627138555049896
141044393,32,6472,32,57,-25,-0.091279372572898865
141064385,32,6475,32,55,-23,-0.08638407289981842
141084377,32,6478,32,54,-22,-0.082137785851955414
141104369,32,6480,32,53,-21,-0.078385815024375916
141124361,28,6481,28,51,-23,-0.075301095843315125
141144353,28,6482,28,47,-19,-0.072812646627426147
141164345,28,6483,28,43,-15,-0.070798330008983612
141184337,28,6484,28,39,-11,-0.069453418254852295
141204329,28,6484,28,35,-7,-0.068596221506595612
141224321,25,6484,25,31,-6,-0.068419650197029114
141244313,25,6484,25,28,-3,-0.068710140883922577
141265138,25,6484,25,24,1,-0.06944950670003891
141285130,25,6483,25,21,4,-0.07057749480009079
141305122,25,6483,25,18,7,-0.072201825678348541
141325114,19,6482,19,16,3,-0.074116185307502747
141345106,19,6481,19,14,5,-0.076290301978588104
141365098,19,6479,19,11,8,-0.078808024525642395
141385090,19,6478,19,9,10,-0.081582389771938324
141405082,19,6476,19,6,13,-0.084534540772438049
141425074,21,6475,21,4,17,-0.087414048612117767
141445066,21,6473,21,2,19,-0.090141698718070984
141465058,21,6472,21,0,21,-0.09274253249168396
141485050,21,6470,21,0,21,-0.095153070986270905
141505042,21,6469,21,0,21,-0.097438797354698181
141525034,27,6467,27,0,27,-0.099473759531974792
141545026,27,6466,27,0,27,-0.101120725274086
141565018,27,6466,27,0,27,-0.10226977616548538
141585010,27,6465,27,1,26,-0.1030922457575798
141605002,27,6465,27,2,25,-0.10371457785367966
141624994,26,6465,26,5,21,-0.10376074910163879
141644986,26,6465,26,7,19,-0.10346268862485886
141664978,26,6465,26,10,16,-0.10297349840402603
141684970,26,6466,26,11,15,-0.10223179310560226
141704962,26,6466,26,15,11,-0.10113243013620377
141724954,21,6467,21,18,3,-0.099708601832389832
141744946,21,6468,21,19,2,-0.097898848354816437
141764938,21,6470,21,19,2,-0.095667943358421326
141784930,21,6471,21,19,2,-0.093099124729633331
141804922,21,6473,21,19,2,-0.090265370905399323
141824914,20,6475,20,20,0,-0.087416991591453552
141844906,20,6476,20,22,-2,-0.084505312144756317
141864898,20,6478,20,23,-3,-0.081486642360687256
141884890,20,6479,20,22,-2,-0.078745216131210327
141904882,20,6481,20,22,-2,-0.076222412288188934
141924874,20,6482,20,21,-1,-0.073621891438961029
141944866,20,6483,20,21,-1,-0.070907332003116608
141964858,20,6484,20,20,0,-0.068237356841564178
141984850,20,6485,20,21,-1,-0.065806105732917786
142004842,20,6486,20,21,-1,-0.063926011323928833
142024834,26,6487,26,22,4,-0.06243843212723732
142044826,26,6487,26,22,4,-0.061348214745521545
142064818,26,6487,26,23,3,-0.060789588838815689
142084810,26,6488,26,24,2,-0.060301240533590317
142104802,26,6488,26,24,2,-0.060155507177114487
142124794,27,6488,27,24,3,-0.06035974994301796
142144786,27,6487,27,24,3,-0.060847785323858261
142164778,27,6487,27,23,4,-0.061579328030347824
142184770,27,6487,27,22,5,-0.062429759651422501
142204762,27,6486,27,22,5,-0.06351315975189209
142224754,26,6486,26,21,5,-0.064660064876079559
142244746,26,6485,26,21,5,-0.065960496664047241
142264738,26,6485,26,21,5,-0.067400507628917694
142284730,26,6484,26,21,5,-0.068768613040447235
142304722,26,6483,26,22,4,-0.070201151072978973
142324714,29,6483,29,22,7,-0.071585044264793396
142344706,29,6482,29,23,6,-0.072873316705226898
142364698,29,6482,29,24,5,-0.074018135666847229
142384690,29,6481,29,24,5,-0.074883505702018738
142404682,29,6481,29,23,6,-0.075812816619873047
142424674,28,6480,28,23,5,-0.07678551971912384
142444666,28,6480,28,23,5,-0.077551044523715973
142464658,28,6480,28,23,5,-0.078294411301612854
142484650,28,6479,28,24,4,-0.079006083309650421
142504642,28,6479,28,25,3,-0.079363614320755005
142524634,24,6479,24,26,-2,-0.07923358678817749
142544626,24,6479,24,27,-3,-0.078877322375774384
142564618,24,6480,24,30,-6,-0.078439109027385712
142584610,24,6480,24,33,-9,-0.077715009450912476
142604602,24,6480,24,36,-12,-0.076713599264621735
142624594,21,6481,21,39,-18,-0.075639180839061737
142644586,21,6482,21,42,-21,-0.074385985732078552
142664578,21,6482,21,43,-22,-0.072915412485599518
142684570,21,6483,21,45,-24,-0.071236461400985718
142704562,21,6484,21,47,-26,-0.069635346531867981
142724554,18,6484,18,49,-31,-0.068081602454185486
142744546,18,6485,18,49,-31,-0.066528104245662689
142764538,18,6486,18,49,-31,-0.065064355731010437
142784530,18,6486,18,46,-28,-0.063632689416408539
142804522,18,6487,18,43,-25,-0.062038440257310867
142824514,21,6488,21,38,-17,-0.06030653789639473
142844506,21,6488,21,34,-13,-0.058932796120643616
142864498,21,6489,21,31,-10,-0.057845842093229294
142884490,21,6489,21,28,-7,-0.056853983551263809
142904482,21,6489,21,25,-4,-0.055921804159879684
142924474,28,6490,28,23,5,-0.055225349962711334
142944466,28,6490,28,21,7,-0.054817095398902893
142964458,28,6490,28,19,9,-0.054664947092533112
142984450,28,6490,28,16,12,-0.054783962666988373
143004442,28,6490,28,13,15,-0.055112026631832123
143024434,31,6489,31,12,19,-0.055621493607759476
143044426,31,6489,31,10,21,-0.05604143813252449
143064418,31,6489,31,10,21,-0.056523632258176804
143084410,31,6489,31,11,20,-0.056866444647312164
143104402,31,6489,31,10,21,-0.057349380105733871
143124394,30,6489,30,10,20,-0.058159030973911285
143144386,30,6488,30,10,20,-0.059312697499990463
143164378,30,6488,30,10,20,-0.060481946915388107
143184370,30,6487,30,10,20,-0.061483230441808701
143204362,30,6487,30,11,19,-0.062629342079162598
143224354,30,6486,30,14,16,-0.063897706568241119
143244346,30,6486,30,16,14,-0.064913980662822723
143264338,30,6485,30,18,12,-0.065822139382362366
143284330,30,6485,30,20,10,-0.066526919603347778
143304322,30,6485,30,22,8,-0.067102223634719849
143324314,31,6485,31,22,9,-0.067538820207118988
143345139,31,6485,31,22,9,-0.067804902791976929
143365131,31,6484,31,22,9,-0.068076349794864655
143385123,31,6484,31,24,7,-0.068275570869445801
143405115,31,6484,31,26,5,-0.068568229675292969
143425107,31,6484,31,27,4,-0.068722918629646301
143445099,31,6484,31,27,4,-0.068654611706733704
143465091,31,6484,31,28,3,-0.068634487688541412
143485083,31,6484,31,28,3,-0.06834905594587326
143505075,31,6485,31,29,2,-0.067904219031333923
143525067,27,6485,27,29,-2,-0.06742403656244278
143545059,27,6485,27,31,-4,-0.066881701350212097
143565051,27,6485,27,34,-7,-0.066353581845760345
143585043,27,6486,27,36,-9,-0.065561622381210327
143605035,27,6486,27,38,-11,-0.06459510326385498
143625027,25,6486,25,40,-15,-0.063553616404533386
143645019,25,6487,25,41,-16,-0.062601149082183838
143665011,25,6487,25,41,-16,-0.061878569424152374
143685003,25,6487,25,40,-15,-0.061247415840625763
143704995,25,6488,25,38,-13,-0.06052422896027565
143724987,18,6488,18,36,-18,-0.059958711266517639
143744979,18,6488,18,34,-16,-0.059413287788629532
143764971,18,6488,18,32,-14,-0.058730542659759521
143784963,18,6489,18,28,-10,-0.058164499700069427
143804955,18,6489,18,26,-8,-0.057801321148872375
143824947,16,6489,16,25,-9,-0.057591304183006287
143844939,16,6489,16,24,-8,-0.057672549039125443
143864931,16,6489,16,23,-7,-0.057960588485002518
143884923,16,6488,16,23,-7,-0.058246400207281113
143904915,16,6488,16,23,-7,-0.058443590998649597
143924907,11,6488,11,24,-13,-0.058699209243059158
143944899,11,6488,11,23,-12,-0.058798164129257202
143964891,11,6488,11,22,-11,-0.05883944034576416
143984883,11,6488,11,21,-10,-0.059071525931358337
144004875,11,6488,11,20,-9,-0.059430424124002457
144024867,5,6488,5,19,-14,-0.05993429571390152
144044859,5,6488,5,18,-13,-0.060516994446516037
144064851,5,6487,5,17,-12,-0.061156351119279861
144084843,5,6487,5,17,-12,-0.061734646558761597
144104835,5,6487,5,17,-12,-0.062425043433904648
144124827,3,6487,3,17,-14,-0.063055031001567841
144144819,3,6486,3,16,-13,-0.063538849353790283
144164811,3,6486,3,14,-11,-0.063961945474147797
144184803,3,6486,3,14,-11,-0.064468562602996826
144204795,3,6486,3,13,-10,-0.064869523048400879
144224787,3,6486,3,12,-9,-0.065099306404590607
144244779,3,6486,3,11,-8,-0.065234601497650146
144264771,3,6486,3,10,-7,-0.065262854099273682
144284763,3,6486,3,11,-8,-0.065211489796638489
144304755,3,6486,3,12,-9,-0.065043918788433075
144324747,1,6486,1,14,-13,-0.065033435821533203
144344739,1,6486,1,16,-15,-0.065142728388309479
144364731,1,6486,1,16,-15,-0.065323404967784882
144384723,1,6486,1,17,-16,-0.065359361469745636
144404715,1,6486,1,18,-17,-0.065215200185775757
144424707,0,6486,0,18,-18,-0.064954511821269989
144444699,0,6486,0,18,-18,-0.064639285206794739
144464691,0,6486,0,18,-18,-0.064252257347106934
144484683,0,6486,0,19,-19,-0.063756927847862244
144504675,0,6487,0,19,-19,-0.06316366046667099
144524667,-2,6487,-2,18,-20,-0.06251109391450882
144544659,-2,6487,-2,17,-19,-0.061953987926244736
144564651,-2,6487,-2,15,-17,-0.061217505484819412
144584643,-2,6488,-2,14,-16,-0.060599103569984436
144604635,-2,6488,-2,13,-15,-0.060054559260606766
144624627,-5,6488,-5,11,-16,-0.059652522206306458
144644619,-5,6488,-5,9,-14,-0.059293419122695923
144664611,-5,6488,-5,7,-12,-0.059031806886196136
144684603,-5,6488,-5,4,-9,-0.058834705501794815
144704595,-5,6488,-5,0,-5,-0.058787420392036438
144724587,-3,6488,-3,-1,-2,-0.058693334460258484
144744579,-3,6488,-3,-2,-1,-0.058599036186933517
144764571,-3,6488,-3,-3,0,-0.058727052062749863
144784563,-3,6488,-3,-4,1,-0.058949708938598633
144804555,-3,6488,-3,-5,2,-0.059390492737293243
144824547,1,6488,1,-6,7,-0.059875249862670898
144844539,1,6488,1,-6,7,-0.060362700372934341
144864531,1,6487,1,-8,9,-0.060798652470111847
144884523,1,6487,1,-9,10,-0.061078865081071854
144904515,1,6487,1,-9,10,-0.061301112174987793
144924507,11,6487,11,-11,22,-0.06130160391330719
144944499,11,6487,11,-12,23,-0.061360776424407959
144964491,11,6487,11,-12,23,-0.061395645141601562
144984483,11,6487,11,-13,24,-0.061790216714143753
145004475,11,6487,11,-14,25,-0.062446124851703644
145024467,19,6486,19,-15,34,-0.063309527933597565
145044459,19,6486,19,-16,35,-0.064319945871829987
145064451,19,6486,19,-18,37,-0.06526290625333786
145084443,19,6485,19,-19,38,-0.06600373238325119
145104435,19,6485,19,-18,37,-0.066548846662044525
145124427,20,6485,20,-16,36,-0.067118659615516663
145144419,20,6485,20,-15,35,-0.067598350346088409
145164411,20,6485,20,-14,34,-0.067894190549850464
145184403,20,6484,20,-13,33,-0.068076945841312408
145204395,20,6484,20,-12,32,-0.068232551217079163
145224387,20,6484,20,-11,31,-0.068236574530601501
145244379,20,6484,20,-9,29,-0.068132266402244568
145264371,20,6485,20,-7,27,-0.067947573959827423
145284363,20,6485,20,-4,24,-0.067807361483573914
145304355,20,6485,20,-2,22,-0.067878656089305878
145324347,21,6485,21,0,21,-0.067886292934417725
145344339,21,6485,21,0,21,-0.067655131220817566
145364331,21,6485,21,2,19,-0.067318961024284363
145384323,21,6485,21,5,16,-0.066900581121444702
145404315,21,6485,21,6,15,-0.066429957747459412
145425140,19,6485,19,8,11,-0.065893501043319702
145445132,19,6486,19,11,8,-0.065402671694755554
145465124,19,6486,19,13,6,-0.064956814050674438
145485116,19,6486,19,16,3,-0.064516052603721619
145505108,19,6486,19,19,0,-0.064138568937778473
145525100,17,6486,17,23,-6,-0.063653483986854553
145545092,17,6487,17,27,-10,-0.063190318644046783
145565084,17,6487,17,31,-14,-0.062873430550098419
145585076,17,6487,17,33,-16,-0.062818467617034912
145605068,17,6487,17,33,-16,-0.062794804573059082
145625060,14,6487,14,34,-20,-0.062844276428222656
145645052,14,6487,14,36,-22,-0.062519960105419159
145665044,14,6487,14,37,-23,-0.06230095773935318
145685036,14,6487,14,36,-22,-0.062121674418449402
145705028,14,6487,14,35,-21,-0.06208198145031929
145725020,13,6487,13,33,-20,-0.062109660357236862
145745012,13,6487,13,31,-18,-0.062247458845376968
145765004,13,6487,13,30,-17,-0.062296904623508453
145784996,13,6487,13,29,-16,-0.062464538961648941
145804988,13,6487,13,29,-16,-0.06279270350933075
145824980,13,6486,13,29,-16,-0.063306860625743866
145844972,13,6486,13,28,-15,-0.063804283738136292
145864964,13,6486,13,27,-14,-0.064351946115493774
145884956,13,6486,13,26,-13,-0.064661502838134766
145904948,13,6486,13,24,-11,-0.064761340618133545
145924940,15,6486,15,22,-7,-0.064732976257801056
145944932,15,6486,15,20,-5,-0.064470104873180389
145964924,15,6486,15,19,-4,-0.064366169273853302
145984916,15,6486,15,16,-1,-0.064287953078746796
146004908,15,6486,15,13,2,-0.064197719097137451
146024900,15,6486,15,10,5,-0.064194880425930023
146044892,15,6486,15,7,8,-0.064440645277500153
146064884,15,6486,15,6,9,-0.064776383340358734
146084876,15,6486,15,4,11,-0.065178319811820984
146104868,15,6486,15,3,12,-0.065593741834163666
146124860,18,6485,18,4,14,-0.065821006894111633
146144852,18,6485,18,6,12,-0.066272921860218048
146164844,18,6485,18,8,10,-0.066792711615562439
146184836,18,6485,18,10,8,-0.067074745893478394
146204828,18,6485,18,12,6,-0.067402675747871399
146224820,14,6485,14,13,1,-0.067734308540821075
146244812,14,6484,14,15,-1,-0.067986376583576202
146264804,14,6484,14,16,-2,-0.068114876747131348
146284796,14,6484,14,16,-2,-0.068101294338703156
146304788,14,6485,14,18,-4,-0.067884519696235657
146324780,9,6485,9,20,-11,-0.067534513771533966
146344772,9,6485,9,22,-13,-0.067176565527915955
146364764,9,6485,9,24,-15,-0.066725887358188629
146384756,9,6485,9,24,-15,-0.066168218851089478
146404748,9,6485,9,23,-14,-0.065758682787418365
146424740,8,6486,8,23,-15,-0.065379835665225983
146444732,8,6486,8,23,-15,-0.064925670623779297
146464724,8,6486,8,23,-15,-0.064459271728992462
146484716,8,6486,8,23,-15,-0.064214050769805908
146504708,8,6486,8,22,-14,-0.064169466495513916
146524700,13,6486,13,20,-7,-0.064057521522045135
146544692,13,6486,13,19,-6,-0.063791602849960327
146564684,13,6486,13,20,-7,-0.063579067587852478
146584676,13,6486,13,19,-6,-0.063474662601947784
146604668,13,6486,13,20,-7,-0.063555948436260223
146624660,11,6486,11,20,-9,-0.063540443778038025
146644652,11,6486,11,19,-8,-0.063429832458496094
146664644,11,6486,11,18,-7,-0.063447870314121246
146684636,11,6486,11,18,-7,-0.063468806445598602
146704628,11,6486,11,18,-7,-0.063408628106117249
146724620,8,6486,8,18,-10,-0.063705690205097198
146744612,8,6486,8,18,-10,-0.064143739640712738
146764604,8,6486,8,18,-10,-0.064608201384544373
146784596,8,6486,8,18,-10,-0.06493716686964035
146804588,8,6486,8,18,-10,-0.065070867538452148
146824580,4,6486,4,18,-14,-0.065179653465747833
146844572,4,6486,4,18,-14,-0.065447479486465454
146864564,4,6485,4,16,-12,-0.06590648740530014
146884556,4,6485,4,15,-11,-0.066123917698860168
146904548,4,6485,4,14,-10,-0.065922074019908905
146924540,4,6485,4,13,-9,-0.065674126148223877
146944532,4,6486,4,14,-10,-0.065515287220478058
146964524,4,6486,4,13,-9,-0.065372064709663391
146984516,4,6486,4,13,-9,-0.065369300544261932
147004508,4,6486,4,13,-9,-0.065349474549293518
147024500,5,6486,5,13,-8,-0.065349005162715912
147044492,5,6486,5,12,-7,-0.065464384853839874
147064484,5,6486,5,12,-7,-0.065488174557685852
147084476,5,6486,5,10,-5,-0.065627977252006531
147104468,5,6485,5,10,-5,-0.065918333828449249
147124460,5,6485,5,9,-4,-0.066047437489032745
147144452,5,6485,5,10,-5,-0.065938226878643036
147164444,5,6485,5,12,-7,-0.065837040543556213
147184436,5,6485,5,13,-8,-0.06564757227897644
147204428,5,6486,5,14,-9,-0.06554035097360611
147224420,2,6485,2,14,-12,-0.06581936776638031
147244412,2,6485,2,14,-12,-0.066171430051326752
147264404,2,6485,2,13,-11,-0.066647723317146301
147284396,2,6485,2,11,-9,-0.066978104412555695
147304388,2,6485,2,11,-9,-0.067337170243263245
147324380,2,6485,2,11,-9,-0.067725613713264465
147344372,2,6484,2,9,-7,-0.068177752196788788
147364364,2,6484,2,9,-7,-0.068471536040306091
147384356,2,6484,2,7,-5,-0.068648770451545715
147404348,2,6484,2,6,-4,-0.068798191845417023
147424340,1,6484,1,5,-4,-0.068860679864883423
147444332,1,6484,1,3,-2,-0.068954147398471832
147464324,1,6484,1,1,0,-0.068827085196971893
147484316,1,6484,1,0,1,-0.068596243858337402
147505141,1,6484,1,-2,3,-0.068345449864864349
147525133,9,6484,9,-3,12,-0.068042457103729248
147545125,9,6485,9,-4,13,-0.067731082439422607
147565117,9,6485,9,-5,14,-0.067528873682022095
147585109,9,6485,9,-6,15,-0.067202962934970856
147605101,9,6485,9,-7,16,-0.066723279654979706
147625093,13,6485,13,-7,20,-0.066068686544895172
147645085,13,6485,13,-7,20,-0.065674424171447754
147665077,13,6486,13,-7,20,-0.065317854285240173
147685069,13,6486,13,-7,20,-0.065039962530136108
147705061,13,6486,13,-5,18,-0.064874574542045593
147725053,15,6486,15,-4,19,-0.064711287617683411
147745045,15,6486,15,-3,18,-0.064433015882968903
147765037,15,6486,15,-2,17,-0.064222157001495361
147785029,15,6486,15,-3,18,-0.06411336362361908
147805021,15,6486,15,-3,18,-0.064145766198635101
147825013,11,6486,11,-2,13,-0.064197391271591187
147845005,11,6486,11,0,11,-0.064324386417865753
147864997,11,6486,11,2,9,-0.064550332725048065
147884989,11,6486,11,5,6,-0.064683452248573303
147904981,11,6486,11,7,4,-0.064787209033966064
147924973,10,6486,10,8,2,-0.064982451498508453
147944965,10,6486,10,9,1,-0.065170876681804657
147964957,10,6486,10,8,2,-0.064942419528961182
147984949,10,6486,10,8,2,-0.064761757850646973
148004941,10,6486,10,7,3,-0.064607389271259308
148024933,12,6486,12,7,5,-0.064414329826831818
148044925,12,6486,12,7,5,-0.063952051103115082
148064917,12,6486,12,8,4,-0.06352967768907547
148084909,12,6486,12,8,4,-0.063348203897476196
148104901,12,6486,12,9,3,-0.063297592103481293
148124893,11,6486,11,11,0,-0.063385337591171265
148144885,11,6486,11,12,-1,-0.063548259437084198
148164877,11,6486,11,14,-3,-0.063660129904747009
148184869,11,6486,11,14,-3,-0.063680768013000488
148204861,11,6486,11,14,-3,-0.063543394207954407
148224853,12,6486,12,13,-1,-0.063259176909923553
148244845,12,6487,12,13,-1,-0.063204295933246613
148264837,12,6486,12,14,-2,-0.063385181128978729
148284829,12,6486,12,14,-2,-0.063582740724086761
148304821,12,6486,12,13,-1,-0.063746482133865356
148324813,15,6486,15,12,3,-0.063901178538799286
148344805,15,6486,15,12,3,-0.063995026051998138
148364797,15,6486,15,12,3,-0.064155653119087219
148384789,15,6486,15,12,3,-0.064423158764839172
148404781,15,6486,15,11,4,-0.064696788787841797
148424773,17,6486,17,10,7,-0.064759865403175354
148444765,17,6486,17,9,8,-0.064746588468551636
148464757,17,6486,17,9,8,-0.064811818301677704
148484749,17,6486,17,9,8,-0.065103702247142792
148504741,17,6486,17,10,7,-0.065318532288074493
148524733,19,6485,19,11,8,-0.065664246678352356
148544725,19,6485,19,11,8,-0.066193118691444397
148564717,19,6485,19,13,6,-0.066743895411491394
148584709,19,6485,19,14,5,-0.067050158977508545
148604701,19,6485,19,16,3,-0.067149318754673004
148624693,14,6485,14,18,-4,-0.067159794270992279
148644685,14,6485,14,19,-5,-0.067039445042610168
148664677,14,6485,14,21,-7,-0.066709354519844055
148684669,14,6485,14,23,-9,-0.066270753741264343
148704661,14,6486,14,25,-11,-0.065643496811389923
148724653,10,6486,10,27,-17,-0.065135449171066284
148744645,10,6486,10,28,-18,-0.064655661582946777
148764637,10,6486,10,28,-18,-0.064175970852375031
148784629,10,6486,10,27,-17,-0.063762836158275604
148804621,10,6486,10,25,-15,-0.063303515315055847
148824613,9,6487,9,22,-13,-0.063079118728637695
148844605,9,6487,9,19,-10,-0.06290271133184433
148864597,9,6487,9,16,-7,-0.062748536467552185
148884589,9,6487,9,12,-3,-0.062661051750183105
148904581,9,6487,9,9,0,-0.062440250068902969
148924573,16,6487,16,6,10,-0.062100015580654144
148944565,16,6487,16,4,12,-0.061798829585313797
148964557,16,6487,16,0,16,-0.06161992996931076
148984549,16,6487,16,-2,18,-0.061425205320119858
149004541,16,6487,16,-4,20,-0.061481978744268417
149024533,27,6487,27,-5,32,-0.061582144349813461
149044525,27,6487,27,-7,34,-0.061815474182367325
149064517,27,500,27,-7,34,-0.062196027487516403
149084509,27,500,27,-8,35,-0.062705039978027344
149104501,27,500,27,-8,35,-0.063119567930698395
149124493,-6404,500,-500,-8,-492,-0.063477791845798492
149144485,-6404,500,-500,-9,-491,-0.063919924199581146
149164477,-6404,500,-500,-10,-490,-0.064439430832862854
149184469,-6404,500,-500,-11,-489,-0.064758375287055969
149204461,-6404,500,-500,-14,-486,-0.064892217516899109
149224453,-6404,500,-500,-19,-481,-0.065124474465847015
149244445,-6404,500,-500,-29,-471,-0.06530383974313736
149264437,-6404,500,-500,-43,-457,-0.06532645970582962
149284429,-6404,500,-500,-61,-439,-0.065215110778808594
149304421,-6404,500,-500,-83,-417,-0.064915329217910767
149324413,-6403,500,-500,-107,-393,-0.064452022314071655
149344405,-6403,500,-500,-133,-367,-0.063849844038486481
149364397,-6403,500,-500,-160,-340,-0.063233666121959686
149384389,-6403,500,-500,-187,-313,-0.062558725476264954
149404381,-6403,500,-500,-216,-284,-0.061665665358304977
149424373,-6402,500,-500,-246,-254,-0.060757841914892197
149444365,-6402,500,-500,-274,-226,-0.059922110289335251
149464357,-6402,500,-500,-303,-197,-0.059149757027626038
149484349,-6402,500,-500,-333,-167,-0.058262471109628677
149504341,-6402,500,-500,-363,-137,-0.057372506707906723
149524333,-6401,500,-500,-391,-109,-0.056162931025028229
149544325,-6401,500,-500,-420,-80,-0.054860569536685944
149564317,-6401,500,-500,-447,-53,-0.053437743335962296
149585142,-6401,500,-500,-472,-28,-0.051870502531528473
149605134,-6401,500,-500,-495,-5,-0.050098545849323273
149625126,-6400,500,-500,-517,17,-0.04803408682346344
149645118,-6400,500,-500,-536,36,-0.045908015221357346
149665110,-6399,500,-500,-552,52,-0.043778989464044571
149685102,-6399,500,-500,-565,65,-0.041727352887392044
149705094,-6399,500,-500,-576,76,-0.039912041276693344
149725086,-6399,500,-500,-584,84,-0.038071621209383011
149745078,-6399,500,-500,-591,91,-0.036160685122013092
149765070,-6399,500,-500,-596,96,-0.034383833408355713
149785062,-6399,500,-500,-598,98,-0.032612990587949753
149805054,-6399,500,-500,-600,100,-0.030930593609809875
149825046,-6398,500,-500,-601,101,-0.029284372925758362
149845038,-6398,500,-500,-602,102,-0.027950191870331764
149865030,-6398,500,-500,-600,100,-0.026859872043132782
149885022,-6398,500,-500,-598,98,-0.025795092806220055
149905014,-6398,500,-500,-596,96,-0.024804074317216873
149925006,-6398,500,-500,-592,92,-0.024251777678728104
149944998,-6398,500,-500,-586,86,-0.023987708613276482
149964990,-6398,500,-500,-580,80,-0.023774459958076477
149984982,-6398,500,-500,-573,73,-0.023273782804608345
150004974,-6398,500,-500,-566,66,-0.02267533540725708
150024966,-6398,500,-500,-558,58,-0.022044707089662552
150044958,-6398,500,-500,-550,50,-0.021565103903412819
150064950,-6398,500,-500,-542,42,-0.021291069686412811
150084942,-6398,500,-500,-533,33,-0.021127808839082718
150104934,-6398,500,-500,-525,25,-0.021040832623839378
150124926,-6398,500,-500,-519,19,-0.020842337980866432
150144918,-6398,500,-500,-513,13,-0.020587671548128128
150164910,-6398,500,-500,-506,6,-0.020115599036216736
150184902,-6398,500,-500,-500,0,-0.019378220662474632
150204894,-6398,500,-500,-495,-5,-0.018628854304552078
150224886,-6398,500,-500,-490,-10,-0.017869103699922562
150244878,-6398,500,-500,-485,-15,-0.017026441171765327
150264870,-6398,500,-500,-481,-19,-0.016399728134274483
150284862,-6398,500,-500,-477,-23,-0.01596301794052124
150304854,-6398,500,-500,-473,-27,-0.015644146129488945
150324846,-6398,500,-500,-469,-31,-0.015488908626139164
150344838,-6398,500,-500,-466,-34,-0.015403780154883862
150364830,-6398,500,-500,-464,-36,-0.01513836532831192
150384822,-6398,500,-500,-463,-37,-0.014593141153454781
150404814,-6398,500,-500,-463,-37,-0.013890568166971207
150424806,-6398,500,-500,-463,-37,-0.013113404624164104
150444798,-6398,500,-500,-463,-37,-0.01216396689414978
150464790,-6398,500,-500,-463,-37,-0.011052221991121769
150484782,-6398,500,-500,-462,-38,-0.0099151087924838066
150504774,-6398,500,-500,-462,-38,-0.0087302429601550102
150524766,-6396,500,-500,-462,-38,-0.0076440679840743542
150544758,-6396,500,-500,-462,-38,-0.0068010883405804634
150564750,-6396,500,-500,-465,-35,-0.0061780861578881741
150584742,-6396,500,-500,-469,-31,-0.0055252816528081894
150604734,-6396,500,-500,-473,-27,-0.0046817660331726074
150624726,-6394,500,-500,-477,-23,-0.0037348722107708454
150644718,-6394,500,-500,-481,-19,-0.0027382401749491692
150664710,-6394,500,-500,-483,-17,-0.0017176955007016659
150684702,-6394,500,-500,-485,-15,-0.00080815597902983427
150704694,-6394,500,-500,-488,-12,-3.8004705857019871e-05
150724686,-6392,500,-500,-490,-10,0.00080051569966599345
150744678,-6392,500,-500,-493,-7,0.0014557845424860716
150764670,-6392,500,-500,-494,-6,0.0019374856492504478
150784662,-6392,500,-500,-494,-6,0.0025258653331547976
150804654,-6392,500,-500,-496,-4,0.0030623350758105516
150824646,-6389,500,-500,-497,-3,0.0034339297562837601
150844638,-6389,500,-500,-497,-3,0.0037784555461257696
150864630,-6389,500,-500,-497,-3,0.004000113345682621
150884622,-6389,500,-500,-498,-2,0.0043809912167489529
150904614,-6389,500,-500,-497,-3,0.0045955637469887733
150924606,-6387,500,-500,-496,-4,0.0047125611454248428
150944598,-6387,500,-500,-496,-4,0.0046506272628903389
150964590,-6387,500,-500,-494,-6,0.0044755288399755955
150984582,-6387,500,-500,-493,-7,0.0043170778080821037
151004574,-6387,500,-500,-493,-7,0.0041695893742144108
151024566,-6385,500,-500,-493,-7,0.0041976151987910271
151044558,-6385,500,-500,-494,-6,0.004267652053385973
151064550,-6385,500,-500,-494,-6,0.0043039456941187382
151084542,-6385,500,-500,-493,-7,0.0044342353940010071
151104534,-6385,500,-500,-494,-6,0.0046046040952205658
151124526,-6384,500,-500,-494,-6,0.005085919052362442
151144518,-6384,500,-500,-494,-6,0.0056295092217624187
151164510,-6384,500,-500,-493,-7,0.0062357569113373756
151184502,-6384,500,-500,-493,-7,0.0069463159888982773
151204494,-6384,500,-500,-492,-8,0.0079396162182092667
151224486,-6382,500,-500,-492,-8,0.0091094179078936577
151244478,-6382,500,-500,-492,-8,0.010368509218096733
151264470,-6382,500,-500,-493,-7,0.011644198559224606
151284462,-6382,500,-500,-494,-6,0.012989631853997707
151304454,-6382,500,-500,-493,-7,0.014076522551476955
151324446,-6380,500,-500,-494,-6,0.015164429321885109
151344438,-6380,500,-500,-494,-6,0.016228977590799332
151364430,-6380,500,-500,-493,-7,0.01709524542093277
151384422,-6380,500,-500,-493,-7,0.017728459089994431
151404414,-6380,500,-500,-493,-7,0.018241140991449356
151424406,-6377,500,-500,-492,-8,0.018644161522388458
151444398,-6377,500,-500,-492,-8,0.018826067447662354
151464390,-6377,500,-500,-492,-8,0.018950056284666061
151484382,-6377,500,-500,-493,-7,0.019172519445419312
151504374,-6377,500,-500,-492,-8,0.019505532458424568
151524366,-6375,500,-500,-492,-8,0.019994627684354782
151544358,-6375,500,-500,-491,-9,0.020486311987042427
151564350,-6375,500,-500,-490,-10,0.020890720188617706
151584342,-6375,500,-500,-489,-11,0.021486416459083557
151604334,-6375,500,-500,-488,-12,0.02224242128431797
151624326,-6373,500,-500,-489,-11,0.022964667528867722
151644318,-6373,500,-500,-489,-11,0.02352021262049675
151664310,-6373,500,-500,-489,-11,0.02403772808611393
151685135,-6373,500,-500,-490,-10,0.024215588346123695
151705127,-6373,500,-500,-490,-10,0.024279875680804253
151725119,-6372,500,-500,-491,-9,0.024524027481675148
151745111,-6372,500,-500,-491,-9,0.024773381650447845
151765103,-6372,500,-500,-489,-11,0.024979317560791969
151785095,-6372,500,-500,-487,-13,0.025457799434661865
151805087,-6372,500,-500,-486,-14,0.025698797777295113
151825079,-6371,500,-500,-485,-15,0.025955561548471451
151845071,-6371,500,-500,-483,-17,0.026341427117586136
151865063,-6371,500,-500,-482,-18,0.026655757799744606
151885055,-6371,500,-500,-480,-20,0.027013415470719337
151905047,-6371,500,-500,-480,-20,0.027360856533050537
151925039,-6371,500,-500,-478,-22,0.027801662683486938
151945031,-6371,500,-500,-477,-23,0.028281766921281815
151965023,-6371,500,-500,-477,-23,0.028578028082847595
151985015,-6371,500,-500,-479,-21,0.029058115556836128
152005007,-6371,500,-500,-482,-18,0.029916735365986824
152024999,-6371,500,-500,-484,-16,0.030843911692500114
152044991,-6371,500,-500,-486,-14,0.031649146229028702
152064983,-6371,500,-500,-488,-12,0.032514180988073349
152084975,-6371,500,-500,-489,-11,0.033145342022180557
152104967,-6371,500,-500,-490,-10,0.033814985305070877
152124959,-6371,500,-500,-490,-10,0.034389935433864594
152144951,-6371,500,-500,-491,-9,0.03494822233915329
152164943,-6371,500,-500,-493,-7,0.035332411527633667
152184935,-6371,500,-500,-494,-6,0.035572890192270279
152204927,-6371,500,-500,-494,-6,0.035873431712388992
152224919,-6371,500,-500,-494,-6,0.036175061017274857
152244911,-6371,500,-500,-496,-4,0.036376871168613434
152264903,-6371,500,-500,-498,-2,0.036704756319522858
152284895,-6371,500,-500,-500,0,0.03707551583647728
152304887,-6371,500,-500,-500,0,0.037330325692892075
152324879,-6371,500,-500,-500,0,0.037566553801298141
152344871,-6371,500,-500,-499,-1,0.03776097297668457
152364863,-6371,500,-500,-497,-3,0.038017261773347855
152384855,-6371,500,-500,-495,-5,0.038187634199857712
152404847,-6371,500,-500,-492,-8,0.038421060889959335
152424839,-6371,500,-500,-491,-9,0.038759976625442505
152444831,-6371,500,-500,-491,-9,0.039112653583288193
152464823,-6371,500,-500,-490,-10,0.039462711662054062
152484815,-6371,500,-500,-489,-11,0.039706174284219742
152504807,-6371,500,-500,-489,-11,0.04011143371462822
152524799,-6371,500,-500,-489,-11,0.040432237088680267
152544791,-6371,500,-500,-490,-10,0.040608827024698257
152564783,-6371,500,-500,-491,-9,0.040677305310964584
152584775,-6371,500,-500,-491,-9,0.040794927626848221
152604767,-6371,500,-500,-490,-10,0.040782719850540161
152624759,-6371,500,-500,-489,-11,0.040619757026433945
152644751,-6371,500,-500,-488,-12,0.040672075003385544
152664743,-6371,500,-500,-488,-12,0.040961839258670807
152684735,-6371,500,-500,-486,-14,0.041348055005073547
152704727,-6371,500,-500,-486,-14,0.042085170745849609
152724719,-6371,500,-500,-485,-15,0.042831804603338242
152744711,-6371,500,-500,-483,-17,0.043411131948232651
152764703,-6371,500,-500,-482,-18,0.043848976492881775
152784695,-6371,500,-500,-482,-18,0.044303532689809799
152804687,-6371,500,-500,-483,-17,0.044431749731302261
152824679,-6369,500,-500,-483,-17,0.044376619160175323
152844671,-6369,500,-500,-483,-17,0.044437665492296219
152864663,-6369,500,-500,-484,-16,0.044504150748252869
152884655,-6369,500,-500,-486,-14,0.044544130563735962
152904647,-6369,500,-500,-488,-12,0.044556431472301483
152924639,-6368,500,-500,-490,-10,0.044413421303033829
152944631,-6368,500,-500,-492,-8,0.04443073645234108
152964623,-6368,500,-500,-496,-4,0.044537760317325592
152984615,-6368,500,-500,-500,0,0.04469916969537735
153004607,-6368,500,-500,-501,1,0.044919203966856003
153024599,-6367,500,-500,-503,3,0.04523003101348877
153044591,-6367,500,-500,-505,5,0.045657835900783539
153064583,-6367,500,-500,-506,6,0.046150319278240204
153084575,-6367,500,-500,-508,8,0.046428781002759933
153104567,-6368,500,-500,-509,9,0.046755116432905197
153124559,-6366,500,-500,-512,12,0.047033999115228653
153144551,-6366,500,-500,-514,14,0.047293011099100113
153164543,-6367,500,-500,-515,15,0.047548931092023849
153184535,-6367,500,-500,-516,16,0.04809291660785675
153204527,-6367,500,-500,-516,16,0.048844877630472183
153224519,-6365,500,-500,-515,15,0.049514204263687134
153244511,-6365,500,-500,-516,16,0.05010644719004631
153264503,-6365,500,-500,-516,16,0.050727128982543945
153284495,-6365,500,-500,-518,18,0.051336601376533508
153304487,-6365,500,-500,-519,19,0.051727965474128723
153324479,-6364,500,-500,-519,19,0.052251409739255905
153344471,-6364,500,-500,-519,19,0.052975930273532867
153364463,-6364,500,-500,-520,20,0.053655814379453659
153384455,-6364,500,-500,-519,19,0.054338164627552032
153404447,-6364,500,-500,-517,17,0.054831255227327347
153424439,-6362,500,-500,-515,15,0.055254586040973663
153444431,-6362,500,-500,-513,13,0.055684294551610947
153464423,-6362,500,-500,-513,13,0.056082539260387421
153484415,-6362,500,-500,-514,14,0.056131049990653992
153504407,-6362,500,-500,-515,15,0.056112445890903473
153524399,-6361,500,-500,-516,16,0.056091904640197754
153544391,-6361,500,-500,-516,16,0.056212790310382843
153564383,-6361,500,-500,-516,16,0.056383725255727768
153584375,-6361,500,-500,-515,15,0.056699637323617935
153604367,-6361,500,-500,-514,14,0.057014919817447662
153624359,-6361,500,-500,-512,12,0.057249214500188828
153644351,-6361,500,-500,-510,10,0.057304397225379944
153664343,-6361,500,-500,-507,7,0.057459346950054169
153684335,-6361,500,-500,-502,2,0.057759370654821396
153704327,-6361,500,-500,-499,-1,0.058131143450737
153724319,-6360,500,-500,-496,-4,0.05865190178155899
153744311,-6360,500,-500,-493,-7,0.059114079922437668
153765136,-6360,500,-500,-490,-10,0.05966346338391304
153785128,-6361,500,-500,-490,-10,0.060310963541269302
153805120,-6361,500,-500,-489,-11,0.061103414744138718
153825112,-6360,500,-500,-489,-11,0.062139924615621567
153845104,-6360,500,-500,-489,-11,0.062820062041282654
153865096,-6360,500,-500,-490,-10,0.063340112566947937
153885088,-6360,500,-500,-490,-10,0.063738115131855011
153905080,-6360,500,-500,-490,-10,0.06410372257232666
153925072,-6360,500,-500,-490,-10,0.064501695334911346
153945064,-6360,500,-500,-491,-9,0.064553834497928619
153965056,-6360,500,-500,-491,-9,0.064558185636997223
153985048,-6360,500,-500,-491,-9,0.064659073948860168
154005040,-6360,500,-500,-492,-8,0.064761526882648468
154025032,-6360,500,-500,-492,-8,0.064613252878189087
154045024,-6360,500,-500,-491,-9,0.064340919256210327
154065016,-6359,500,-500,-490,-10,0.063969485461711884
154085008,-6359,500,-500,-490,-10,0.063441827893257141
154105000,-6359,500,-500,-491,-9,0.062865413725376129
154124992,-6360,500,-500,-493,-7,0.062545865774154663
154144984,-6360,500,-500,-494,-6,0.062622375786304474
154164976,-6360,500,-500,-495,-5,0.062900811433792114
154184968,-6360,500,-500,-497,-3,0.063056118786334991
154204960,-6360,500,-500,-497,-3,0.06318056583404541
154224952,-6361,500,-500,-497,-3,0.06307695060968399
154244944,-6361,500,-500,-498,-2,0.063081808388233185
154264936,-6361,500,-500,-499,-1,0.063168346881866455
154284928,-6361,500,-500,-499,-1,0.062921382486820221
154304920,-6361,500,-500,-501,1,0.06256016343832016
154324912,-6362,500,-500,-503,3,0.062411457300186157
154344904,-6362,500,-500,-505,5,0.062507249414920807
154364896,-6362,500,-500,-506,6,0.062607169151306152
154384888,-6362,500,-500,-506,6,0.062672659754753113
154404880,-6362,500,-500,-506,6,0.062779538333415985
154424872,-6363,500,-500,-505,5,0.062798582017421722
154444864,-6363,500,-500,-506,6,0.062737680971622467
154464856,-6363,500,-500,-505,5,0.063010245561599731
154484848,-6363,500,-500,-505,5,0.063379146158695221
154504840,-6363,500,-500,-505,5,0.063669681549072266
154524832,-6364,500,-500,-507,7,0.063931912183761597
154544824,-6364,500,-500,-509,9,0.06452614814043045
154564816,-6364,500,-500,-509,9,0.064961858093738556
154584808,-6364,500,-500,-508,8,0.065172538161277771
154604800,-6364,500,-500,-506,6,0.0652632936835289
154624792,-6364,500,-500,-505,5,0.065650291740894318
154644784,-6364,500,-500,-505,5,0.066210970282554626
154664776,-6364,500,-500,-503,3,0.066599056124687195
154684768,-6364,500,-500,-501,1,0.066990301012992859
154704760,-6364,500,-500,-499,-1,0.067506939172744751
154724752,-6364,500,-500,-499,-1,0.06781044602394104
154744744,-6364,500,-500,-499,-1,0.068235918879508972
154764736,-6364,500,-500,-499,-1,0.068589985370635986
154784728,-6364,500,-500,-499,-1,0.068709492683410645
154804720,-6364,500,-500,-498,-2,0.068908169865608215
154824712,-6364,500,-500,-497,-3,0.069223523139953613
154844704,-6364,500,-500,-496,-4,0.069609455764293671
154864696,-6364,500,-500,-496,-4,0.070001989603042603
154884688,-6364,500,-500,-496,-4,0.070630483329296112
154904680,-6364,500,-500,-496,-4,0.071416832506656647
154924672,-6363,500,-500,-495,-5,0.072079882025718689
154944664,-6363,500,-500,-493,-7,0.072578392922878265
154964656,-6363,500,-500,-491,-9,0.073096901178359985
154984648,-6363,500,-500,-489,-11,0.073652468621730804
155004640,-6363,500,-500,-489,-11,0.073925100266933441
155024632,-6362,500,-500,-490,-10,0.07386508584022522
155044624,-6362,500,-500,-489,-11,0.073567658662796021
155064616,-6362,500,-500,-489,-11,0.073062792420387268
155084608,-6362,500,-500,-489,-11,0.072695069015026093
155104600,-6362,500,-500,-489,-11,0.072487324476242065
155124592,-6361,500,-500,-489,-11,0.072399631142616272
155144584,-6361,500,-500,-487,-13,0.072348974645137787
155164576,-6361,500,-500,-486,-14,0.072229966521263123
155184568,-6361,500,-500,-485,-15,0.072196170687675476
155204560,-6361,500,-500,-485,-15,0.072190664708614349
155224552,-6360,500,-500,-486,-14,0.07211071252822876
155244544,-6360,500,-500,-486,-14,0.072142273187637329
155264536,-6360,500,-500,-486,-14,0.072042286396026611
155284528,-6360,500,-500,-485,-15,0.07201521098613739
155304520,-6360,500,-500,-483,-17,0.072179004549980164
155324512,-6360,500,-500,-482,-18,0.072490885853767395
155344504,-6360,500,-500,-482,-18,0.072629638016223907
155364496,-6360,500,-500,-482,-18,0.072732150554656982
155384488,-6360,500,-500,-482,-18,0.072872303426265717
155404480,-6360,500,-500,-483,-17,0.073260746896266937
155424472,-6360,500,-500,-484,-16,0.073525398969650269
155444464,-6360,500,-500,-484,-16,0.073779284954071045
155464456,-6360,500,-500,-485,-15,0.074151121079921722
155484448,-6360,500,-500,-486,-14,0.074478834867477417
155504440,-6360,500,-500,-487,-13,0.074644893407821655
155524432,-6359,500,-500,-487,-13,0.074746280908584595
155544424,-6359,500,-500,-488,-12,0.074862152338027954
155564416,-6359,500,-500,-488,-12,0.075154371559619904
155584408,-6359,500,-500,-489,-11,0.075475618243217468
155604400,-6359,500,-500,-490,-10,0.075754225254058838
155624392,-6358,500,-500,-491,-9,0.076018556952476501
155644384,-6358,500,-500,-492,-8,0.076215937733650208
155664376,-6358,500,-500,-495,-5,0.076425649225711823
155684368,-6358,500,-500,-498,-2,0.076476916670799255
155704360,-6358,500,-500,-501,1,0.076526962220668793
155724352,-6358,500,-500,-504,4,0.07656879723072052
155744344,-6358,500,-500,-507,7,0.076428547501564026
155764336,-6358,500,-500,-508,8,0.076109424233436584
155784328,-6357,500,-500,-509,9,0.075802229344844818
155804320,-6357,500,-500,-510,10,0.075507275760173798
155824312,-6357,500,-500,-511,11,0.075223967432975769
155845137,-6357,500,-500,-512,12,0.075192935764789581
155865129,-6357,500,-500,-513,13,0.07532917708158493
155885121,-6357,500,-500,-514,14,0.075677715241909027
155905113,-6357,500,-500,-515,15,0.076032832264900208
155925105,-6357,500,-500,-517,17,0.076076492667198181
155945097,-6357,500,-500,-518,18,0.076016865670681
155965089,-6357,500,-500,-521,21,0.076059259474277496
155985081,-6357,500,-500,-523,23,0.075942233204841614
156005073,-6357,500,-500,-523,23,0.075798377394676208
156025065,-6357,500,-500,-523,23,0.075843818485736847
156045057,-6357,500,-500,-523,23,0.075952693819999695
156065049,-6357,500,-500,-522,22,0.075907103717327118
156085041,-6357,500,-500,-521,21,0.076043017208576202
156105033,-6357,500,-500,-521,21,0.076192036271095276
156125025,-6359,500,-500,-520,20,0.076423533260822296
156145017,-6359,500,-500,-519,19,0.076843172311782837
156165009,-6359,500,-500,-517,17,0.077239342033863068
156185001,-6359,500,-500,-515,15,0.07757771760225296
156204993,-6359,500,-500,-515,15,0.077901639044284821
156224985,-6359,500,-500,-515,15,0.078132957220077515
156244977,-6359,500,-500,-514,14,0.078380964696407318
156264969,-6359,500,-500,-512,12,0.078622594475746155
156284961,-6359,500,-500,-511,11,0.078671306371688843
156304953,-6359,500,-500,-510,10,0.078846193850040436
156324945,-6361,500,-500,-508,8,0.078900262713432312
156344937,-6361,500,-500,-507,7,0.079104311764240265
156364929,-6361,500,-500,-505,5,0.079478472471237183
156384921,-6361,500,-500,-504,4,0.079755626618862152
156404913,-6361,500,-500,-503,3,0.079691410064697266
156424905,-6362,500,-500,-503,3,0.079487241804599762
156444897,-6362,500,-500,-502,2,0.079667732119560242
156464889,-6362,500,-500,-501,1,0.079879514873027802
156484881,-6362,500,-500,-499,-1,0.08006305992603302
156504873,-6362,500,-500,-499,-1,0.080388598144054413
156524865,-6363,500,-500,-498,-2,0.080856144428253174
156544857,-6363,500,-500,-497,-3,0.081416882574558258
156564849,-6363,500,-500,-498,-2,0.081911772489547729
156584841,-6364,500,-500,-498,-2,0.082269653677940369
156604833,-6364,500,-500,-499,-1,0.082699619233608246
156624825,-6364,500,-500,-501,1,0.083115480840206146
156644817,-6364,500,-500,-502,2,0.083571866154670715
156664809,-6364,500,-500,-502,2,0.084037698805332184
156684801,-6364,500,-500,-501,1,0.084514178335666656
156704793,-6364,500,-500,-501,1,0.085028141736984253
156724785,-6365,500,-500,-501,1,0.085561193525791168
156744777,-6365,500,-500,-502,2,0.086013153195381165
156764769,-6365,500,-500,-502,2,0.086373172700405121
156784761,-6365,500,-500,-502,2,0.0866427943110466
156804753,-6365,500,-500,-502,2,0.086939580738544464
156824745,-6364,500,-500,-503,3,0.087105423212051392
156844737,-6364,500,-500,-503,3,0.087157405912876129
156864729,-6364,500,-500,-504,4,0.087129354476928711
156884721,-6364,500,-500,-507,7,0.087096154689788818
156904713,-6364,500,-500,-509,9,0.087021194398403168
156924705,-6364,500,-500,-511,11,0.086815416812896729
156944697,-6364,500,-500,-512,12,0.086691834032535553
156964689,-6363,500,-500,-513,13,0.086389638483524323
156984681,-6363,500,-500,-513,13,0.086077317595481873
157004673,-6363,500,-500,-513,13,0.085548177361488342
157024665,-6364,500,-500,-512,12,0.084766373038291931
157044657,-6363,500,-500,-510,10,0.083730928599834442
157064649,-6363,500,-500,-509,9,0.082612596452236176
157084641,-6363,500,-500,-509,9,0.081931255757808685
157104633,-6363,500,-500,-509,9,0.081475444138050079
157124625,-6364,500,-500,-510,10,0.081088453531265259
157144617,-6364,500,-500,-511,11,0.080814674496650696
157164609,-6363,500,-500,-511,11,0.080419421195983887
157184601,-6363,500,-500,-510,10,0.08009868860244751
157204593,-6363,500,-500,-509,9,0.079941295087337494
157224585,-6364,500,-500,-509,9,0.08000095933675766
157244577,-6364,500,-500,-510,10,0.080105699598789215
157264569,-6364,500,-500,-509,9,0.080228157341480255
157284561,-6364,500,-500,-509,9,0.080354116857051849
157304553,-6364,500,-500,-506,6,0.080479748547077179
157324545,-6364,500,-500,-504,4,0.080766588449478149
157344537,-6364,500,-500,-502,2,0.081216342747211456
157364529,-6364,500,-500,-499,-1,0.081733666360378265
157384521,-6364,500,-500,-497,-3,0.082216441631317139
157404513,-6364,500,-500,-494,-6,0.082675494253635406
157424505,-6363,500,-500,-493,-7,0.083013869822025299
157444497,-6363,500,-500,-493,-7,0.083472765982151031
157464489,-6363,500,-500,-494,-6,0.083941094577312469
157484481,-6364,500,-500,-493,-7,0.084534548223018646
157504473,-6364,500,-500,-493,-7,0.084994710981845856
157524465,-6362,500,-500,-493,-7,0.085356093943119049
157544457,-6363,500,-500,-493,-7,0.085662037134170532
157564449,-6363,500,-500,-494,-6,0.086016491055488586
157584441,-6363,500,-500,-495,-5,0.086439408361911774
157604433,-6363,500,-500,-495,-5,0.086869731545448303
157624425,-6361,500,-500,-496,-4,0.086864098906517029
157644417,-6361,500,-500,-497,-3,0.086805611848831177
157664409,-6361,500,-500,-498,-2,0.086657367646694183
157684401,-6361,500,-500,-498,-2,0.086409255862236023
157704393,-6361,500,-500,-497,-3,0.085984863340854645
157724385,-6361,500,-500,-498,-2,0.085498347878456116
157744377,-6361,500,-500,-499,-1,0.085171923041343689
157764369,-6361,500,-500,-500,0,0.084862485527992249
157784361,-6361,500,-500,-500,0,0.084506742656230927
157804353,-6361,500,-500,-501,1,0.08423236757516861
157824345,-6361,500,-500,-501,1,0.083628222346305847
157844337,-6361,500,-500,-502,2,0.083108291029930115
157864329,-6361,500,-500,-503,3,0.082800321280956268
157884321,-6361,500,-500,-503,3,0.082486048340797424
157904313,-6361,500,-500,-502,2,0.082160584628582001
157925138,-6361,500,-500,-499,-1,0.081902243196964264
157945130,-6361,500,-500,-497,-3,0.081745550036430359
157965122,-6361,500,-500,-495,-5,0.08165266364812851
157985114,-6361,500,-500,-495,-5,0.081331953406333923
158005106,-6361,500,-500,-496,-4,0.080897510051727295
158025098,-6362,500,-500,-496,-4,0.080572828650474548
158045090,-6362,500,-500,-496,-4,0.08039410412311554
158065082,-6362,500,-500,-495,-5,0.080351151525974274
158085074,-6362,500,-500,-497,-3,0.08046819269657135
158105066,-6362,500,-500,-498,-2,0.080611579120159149
158125058,-6364,500,-500,-500,0,0.080846354365348816
158145050,-6364,500,-500,-500,0,0.081062659621238708
158165042,-6364,500,-500,-499,-1,0.081205330789089203
158185034,-6364,500,-500,-500,0,0.081392563879489899
158205026,-6364,500,-500,-500,0,0.081681668758392334
158225018,-6365,500,-500,-500,0,0.081871159374713898
158245010,-6365,500,-500,-499,-1,0.082070797681808472
158265002,-6365,500,-500,-498,-2,0.082080096006393433
158284994,-6365,500,-500,-496,-4,0.082193776965141296
158304986,-6365,500,-500,-494,-6,0.082526281476020813
158324978,-6365,500,-500,-492,-8,0.082847513258457184
158344970,-6366,500,-500,-491,-9,0.083139918744564056
158364962,-6366,500,-500,-491,-9,0.083453141152858734
158384954,-6366,500,-500,-491,-9,0.083761639893054962
158404946,-6366,500,-500,-491,-9,0.084204114973545074
158424938,-6366,500,-500,-491,-9,0.084613002836704254
158444930,-6366,500,-500,-492,-8,0.085151374340057373
158464922,-6367,500,-500,-494,-6,0.085793003439903259
158484914,-6367,500,-500,-496,-4,0.086260266602039337
158504906,-6367,500,-500,-498,-2,0.086548082530498505
158524898,-6367,500,-500,-499,-1,0.086705848574638367
158544890,-6367,500,-500,-500,0,0.086766272783279419
158564882,-6367,500,-500,-501,1,0.086604245007038116
158584874,-6367,500,-500,-503,3,0.0864764004945755
158604866,-6367,500,-500,-504,4,0.086317665874958038
158624858,-6367,500,-500,-503,3,0.085946753621101379
158644850,-6367,500,-500,-502,2,0.08552754670381546
158664842,-6367,500,-500,-502,2,0.084958195686340332
158684834,-6367,500,-500,-502,2,0.084347322583198547
158704826,-6366,500,-500,-502,2,0.083578042685985565
158724818,-6368,500,-500,-502,2,0.082629702985286713
158744810,-6368,500,-500,-502,2,0.081756673753261566
158764802,-6367,500,-500,-501,1,0.081174768507480621
158784794,-6367,500,-500,-501,1,0.080590933561325073
158804786,-6367,500,-500,-501,1,0.079965211451053619
158824778,-6369,500,-500,-501,1,0.079602070152759552
158844770,-6369,500,-500,-500,0,0.079084508121013641
158864762,-6369,500,-500,-500,0,0.078598707914352417
158884754,-6369,500,-500,-502,2,0.07820410281419754
158904746,-6369,500,-500,-503,3,0.078004680573940277
158924738,-6370,500,-500,-504,4,0.077686034142971039
158944730,-6370,500,-500,-505,5,0.077380597591400146
158964722,-6370,500,-500,-505,5,0.077278807759284973
158984714,-6370,500,-500,-506,6,0.07740185409784317
159004706,-6370,500,-500,-507,7,0.077797852456569672
159024698,-6371,500,-500,-506,6,0.078234277665615082
159044690,-6371,500,-500,-505,5,0.078642107546329498
159064682,-6371,500,-500,-503,3,0.078770294785499573
159084674,-6371,500,-500,-501,1,0.078874476253986359
159104666,-6371,500,-500,-499,-1,0.0787692591547966
159124658,-6370,500,-500,-499,-1,0.078926652669906616
159144650,-6370,500,-500,-499,-1,0.079147271811962128
159164642,-6370,500,-500,-498,-2,0.079761713743209839
159184634,-6370,500,-500,-498,-2,0.080224595963954926
159204626,-6370,500,-500,-499,-1,0.080574147403240204
159224618,-6369,500,-500,-501,1,0.080856278538703918
159244610,-6369,500,-500,-503,3,0.081061206758022308
159264602,-6369,500,-500,-506,6,0.08131091296672821
159284594,-6369,500,-500,-508,8,0.081581242382526398
159304586,-6369,500,-500,-510,10,0.081961102783679962
159324578,-6368,500,-500,-510,10,0.082421787083148956
159344570,-6368,500,-500,-511,11,0.082920372486114502
159364562,-6368,500,-500,-512,12,0.083390302956104279
159384554,-6368,500,-500,-512,12,0.083783291280269623
159404546,-6368,500,-500,-512,12,0.084002144634723663
159424538,-6366,500,-500,-511,11,0.083734132349491119
159444530,-6366,500,-500,-510,10,0.083472751080989838
159464522,-6366,500,-500,-509,9,0.083168037235736847
159484514,-6366,500,-500,-508,8,0.082820683717727661
159504506,-6366,500,-500,-508,8,0.082381792366504669
159524498,-6365,500,-500,-510,10,0.081877529621124268
159544490,-6365,500,-500,-511,11,0.081279158592224121
159564482,-6365,500,-500,-512,12,0.080789968371391296
159584474,-6364,500,-500,-513,13,0.080468706786632538
159604466,-6364,500,-500,-513,13,0.080177173018455505
159624458,-6364,500,-500,-513,13,0.080062367022037506
159644450,-6364,500,-500,-513,13,0.080135487020015717
159664442,-6364,500,-500,-513,13,0.08016551285982132
159684434,-6364,500,-500,-513,13,0.080197818577289581
159704426,-6364,500,-500,-514,14,0.080136552453041077
159724418,-6364,500,-500,-516,16,0.080148346722126007
159744410,-6364,500,-500,-517,17,0.080167561769485474
159764402,-6364,500,-500,-517,17,0.080201603472232819
159784394,-6364,500,-500,-517,17,0.080079138278961182
159804386,-6364,500,-500,-515,15,0.079889290034770966
159824378,-6364,500,-500,-512,12,0.079832427203655243
159844370,-6364,500,-500,-511,11,0.079733885824680328
159864362,-6364,500,-500,-509,9,0.079476244747638702
159884354,-6364,500,-500,-507,7,0.078945718705654144
159904346,-6364,500,-500,-504,4,0.078461781144142151
159924338,-6363,500,-500,-504,4,0.078243337571620941
159944330,-6363,500,-500,-503,3,0.07823539525270462
159964322,-6363,500,-500,-500,0,0.078209787607192993
159984314,-6363,500,-500,-498,-2,0.078188106417655945
160005139,-6363,500,-500,-496,-4,0.078291922807693481
160025131,-6363,500,-500,-494,-6,0.078446105122566223
160045123,-6363,500,-500,-493,-7,0.078738942742347717
160065115,-6363,500,-500,-492,-8,0.079034730792045593
160085107,-6363,500,-500,-491,-9,0.079412072896957397
160105099,-6363,500,-500,-490,-10,0.079649843275547028
160125091,-6364,500,-500,-489,-11,0.07969452440738678
160145083,-6364,500,-500,-489,-11,0.079345002770423889
160165075,-6364,500,-500,-490,-10,0.079156674444675446
160185067,-6364,500,-500,-490,-10,0.079091660678386688
160205059,-6364,500,-500,-490,-10,0.0791282057762146
160225051,-6364,500,-500,-490,-10,0.079300351440906525
160245043,-6364,500,-500,-490,-10,0.079460941255092621
160265035,-6364,500,-500,-490,-10,0.079470641911029816
160285027,-6364,500,-500,-489,-11,0.079365231096744537
160305019,-6364,500,-500,-489,-11,0.079351469874382019
160325011,-6365,500,-500,-490,-10,0.079536013305187225
160345003,-6365,500,-500,-491,-9,0.07979854941368103
160364995,-6365,500,-500,-493,-7,0.080099731683731079
160384987,-6365,500,-500,-494,-6,0.080108143389225006
160404979,-6365,500,-500,-494,-6,0.080073274672031403
160424971,-6365,500,-500,-496,-4,0.080006852746009827
160444963,-6365,500,-500,-497,-3,0.07993365079164505
160464955,-6365,500,-500,-497,-3,0.080002970993518829
160484947,-6365,500,-500,-498,-2,0.080161876976490021
160504939,-6365,500,-500,-498,-2,0.080260723829269409
160524931,-6366,500,-500,-499,-1,0.080326855182647705
160544923,-6366,500,-500,-500,0,0.080409236252307892
160564915,-6366,500,-500,-501,1,0.080414570868015289
160584907,-6366,500,-500,-502,2,0.080396726727485657
160604899,-6366,500,-500,-502,2,0.080254130065441132
160624891,-6367,500,-500,-502,2,0.080006569623947144
160644883,-6367,500,-500,-504,4,0.079721733927726746
160664875,-6367,500,-500,-505,5,0.079496882855892181
160684867,-6367,500,-500,-506,6,0.07923184335231781
160704859,-6367,500,-500,-508,8,0.078989520668983459
160724851,-6368,500,-500,-510,10,0.078764840960502625
160744843,-6368,500,-500,-513,13,0.078423842787742615
160764835,-6368,500,-500,-514,14,0.078282460570335388
160784827,-6368,500,-500,-515,15,0.078176356852054596
160804819,-6368,500,-500,-515,15,0.07810637354850769
160824811,-6369,500,-500,-514,14,0.078189648687839508
160844803,-6369,500,-500,-513,13,0.078485466539859772
160864795,-6369,500,-500,-512,12,0.078937627375125885
160884787,-6370,500,-500,-512,12,0.079803101718425751
160904779,-6370,500,-500,-511,11,0.080605156719684601
160924771,-6370,500,-500,-510,10,0.081307671964168549
160944763,-6370,500,-500,-508,8,0.082009904086589813
160964755,-6370,500,-500,-506,6,0.082720935344696045
160984747,-6370,500,-500,-505,5,0.083494432270526886
161004739,-6370,500,-500,-503,3,0.084065400063991547
161024731,-6369,500,-500,-501,1,0.084437765181064606
161044723,-6369,500,-500,-500,0,0.084588654339313507
161064715,-6369,500,-500,-498,-2,0.084639161825180054
161084707,-6369,500,-500,-497,-3,0.084674298763275146
161104699,-6369,500,-500,-497,-3,0.084701389074325562
161124691,-6368,500,-500,-496,-4,0.084634341299533844
161144683,-6368,500,-500,-495,-5,0.084758788347244263
161164675,-6368,500,-500,-494,-6,0.084885887801647186
161184667,-6368,500,-500,-494,-6,0.084966383874416351
161204659,-6368,500,-500,-494,-6,0.085034027695655823
161224651,-6367,500,-500,-494,-6,0.084858663380146027
161244643,-6367,500,-500,-495,-5,0.084462538361549377
161264635,-6367,500,-500,-495,-5,0.083978138864040375
161284627,-6367,500,-500,-495,-5,0.083539150655269623
161304619,-6367,500,-500,-497,-3,0.08310253918170929
161324611,-6366,500,-500,-497,-3,0.08271857351064682
161344603,-6366,500,-500,-497,-3,0.082237653434276581
161364595,-6366,500,-500,-497,-3,0.08170715719461441
161384587,-6366,500,-500,-496,-4,0.081342816352844238
161404579,-6366,500,-500,-495,-5,0.080997496843338013
161424571,-6365,500,-500,-495,-5,0.080822139978408813
161444563,-6365,500,-500,-496,-4,0.080774955451488495
161464555,-6365,500,-500,-496,-4,0.080786272883415222
161484547,-6365,500,-500,-497,-3,0.080765247344970703
161504539,-6365,500,-500,-497,-3,0.080689676105976105
161524531,-6365,500,-500,-496,-4,0.080549076199531555
161544523,-6365,500,-500,-496,-4,0.080262511968612671
161564515,-6365,500,-500,-496,-4,0.080043390393257141
161584507,-6365,500,-500,-497,-3,0.079802475869655609
161604499,-6365,500,-500,-498,-2,0.079692654311656952
161624491,-6364,500,-500,-499,-1,0.079503342509269714
161644483,-6364,500,-500,-500,0,0.079172134399414062
161664475,-6364,500,-500,-502,2,0.078899696469306946
161684467,-6364,500,-500,-505,5,0.078873671591281891
161704459,-6364,500,-500,-507,7,0.079111166298389435
161724451,-6364,500,-500,-507,7,0.079151906073093414
161744443,-6364,500,-500,-507,7,0.079052262008190155
161764435,-6364,500,-500,-506,6,0.079084843397140503
161784427,-6364,500,-500,-504,4,0.079122602939605713
161804419,-6364,500,-500,-503,3,0.079079717397689819
161824411,-6364,500,-500,-502,2,0.078912504017353058
161844403,-6364,500,-500,-502,2,0.078905791044235229
161864395,-6364,500,-500,-502,2,0.079247951507568359
161884387,-6364,500,-500,-502,2,0.079645134508609772
161904379,-6364,500,-500,-503,3,0.080000467598438263
161924371,-6363,500,-500,-504,4,0.080374278128147125
161944363,-6363,500,-500,-505,5,0.081031389534473419
161964355,-6364,500,-500,-507,7,0.081745035946369171
161984347,-6364,500,-500,-507,7,0.082200221717357635
162004339,-6364,500,-500,-507,7,0.08263513445854187
162024331,-6363,500,-500,-508,8,0.083069071173667908
162044323,-6363,500,-500,-508,8,0.083434686064720154
162064315,-6363,500,-500,-508,8,0.083842791616916656
162085140,-6363,500,-500,-508,8,0.084159642457962036
162105132,-6363,500,-500,-508,8,0.084519736468791962
162125124,-6362,500,-500,-508,8,0.084932714700698853
162145116,-6362,500,-500,-508,8,0.085333675146102905
162165108,-6362,500,-500,-508,8,0.085686288774013519
162185100,-6362,500,-500,-507,7,0.085865169763565063
162205092,-6362,500,-500,-505,5,0.085750892758369446
162225084,-6361,500,-500,-503,3,0.085568591952323914
162245076,-6361,500,-500,-500,0,0.085278868675231934
162265068,-6361,500,-500,-499,-1,0.084931828081607819
162285060,-6361,500,-500,-498,-2,0.084666460752487183
162305052,-6361,500,-500,-497,-3,0.084593996405601501
162325044,-6361,500,-500,-498,-2,0.08454073965549469
162345036,-6361,500,-500,-500,0,0.084353819489479065
162365028,-6361,500,-500,-502,2,0.084170550107955933
162385020,-6361,500,-500,-503,3,0.083732336759567261
162405012,-6361,500,-500,-503,3,0.083261169493198395
162425004,-6361,500,-500,-503,3,0.082686953246593475
162444996,-6361,500,-500,-504,4,0.08195938915014267
162464988,-6361,500,-500,-505,5,0.081000670790672302
162484980,-6361,500,-500,-506,6,0.08023369312286377
162504972,-6361,500,-500,-504,4,0.079702921211719513
162524964,-6363,500,-500,-501,1,0.079305261373519897
162544956,-6363,500,-500,-500,0,0.079063907265663147
162564948,-6363,500,-500,-498,-2,0.078655116260051727
162584940,-6362,500,-500,-497,-3,0.077888950705528259
162604932,-6362,500,-500,-496,-4,0.077037781476974487
162624924,-6364,500,-500,-495,-5,0.076375305652618408
162644916,-6364,500,-500,-495,-5,0.075829379260540009
162664908,-6364,500,-500,-495,-5,0.075250826776027679
162684900,-6364,500,-500,-495,-5,0.074788413941860199
162704892,-6364,500,-500,-495,-5,0.074652403593063354
162724884,-6366,500,-500,-495,-5,0.074689358472824097
162744876,-6366,500,-500,-495,-5,0.075017169117927551
162764868,-6366,500,-500,-494,-6,0.075629189610481262
162784860,-6366,500,-500,-494,-6,0.076234631240367889
162804852,-6366,500,-500,-493,-7,0.076776467263698578
162824844,-6367,500,-500,-493,-7,0.077080376446247101
162844836,-6367,500,-500,-492,-8,0.077406123280525208
162864828,-6367,500,-500,-493,-7,0.077764697372913361
162884820,-6367,500,-500,-493,-7,0.078181512653827667
162904812,-6367,500,-500,-495,-5,0.07874472439289093
162924804,-6368,500,-500,-496,-4,0.07957804948091507
162944796,-6368,500,-500,-496,-4,0.080604486167430878
162964788,-6368,500,-500,-497,-3,0.081743627786636353
162984780,-6368,500,-500,-498,-2,0.082565516233444214
163004772,-6368,500,-500,-499,-1,0.08314109593629837
163024764,-6368,500,-500,-499,-1,0.083620712161064148
163044756,-6368,500,-500,-499,-1,0.084121115505695343
163064748,-6368,500,-500,-499,-1,0.084653459489345551
163084740,-6368,500,-500,-497,-3,0.085015244781970978
163104732,-6368,500,-500,-496,-4,0.085482500493526459
163124724,-6368,500,-500,-495,-5,0.085794456303119659
163144716,-6368,500,-500,-493,-7,0.085991270840167999
163164708,-6368,500,-500,-491,-9,0.08601408451795578
163184700,-6368,500,-500,-490,-10,0.086169928312301636
163204692,-6368,500,-500,-490,-10,0.086049363017082214
163224684,-6367,500,-500,-491,-9,0.086080275475978851
163244676,-6367,500,-500,-491,-9,0.086102917790412903
163264668,-6367,500,-500,-492,-8,0.086141429841518402
163284660,-6367,500,-500,-492,-8,0.086044453084468842
163304652,-6367,500,-500,-494,-6,0.085877694189548492
163324644,-6367,500,-500,-496,-4,0.085487551987171173
163344636,-6367,500,-500,-498,-2,0.084983028471469879
163364628,-6366,500,-500,-500,0,0.084243945777416229
163384620,-6366,500,-500,-501,1,0.083737835288047791
163404612,-6366,500,-500,-502,2,0.083388559520244598
163424604,-6367,500,-500,-503,3,0.083185531198978424
163444596,-6367,500,-500,-503,3,0.082840010523796082
163464588,-6367,500,-500,-503,3,0.082503564655780792
163484580,-6367,500,-500,-503,3,0.082120887935161591
163504572,-6367,500,-500,-504,4,0.081637851893901825
163524564,-6368,500,-500,-504,4,0.080940425395965576
163544556,-6367,500,-500,-504,4,0.080370768904685974
163564548,-6367,500,-500,-504,4,0.0799822136759758
163584540,-6367,500,-500,-503,3,0.079648293554782867
163604532,-6367,500,-500,-503,3,0.079433351755142212
163624524,-6368,500,-500,-503,3,0.079299464821815491
163644516,-6368,500,-500,-505,5,0.079565398395061493
163664508,-6368,500,-500,-506,6,0.079825498163700104
163684500,-6368,500,-500,-506,6,0.079899363219738007
163704492,-6368,500,-500,-506,6,0.079779833555221558
163724484,-6368,500,-500,-506,6,0.079966053366661072
163744476,-6368,500,-500,-505,5,0.080387495458126068
163764468,-6368,500,-500,-505,5,0.081077918410301208
163784460,-6368,500,-500,-503,3,0.081675536930561066
163804452,-6368,500,-500,-501,1,0.082376420497894287
163824444,-6368,500,-500,-500,0,0.083061657845973969
163844436,-6368,500,-500,-500,0,0.083566829562187195
163864428,-6368,500,-500,-501,1,0.083823621273040771
163884420,-6368,500,-500,-503,3,0.08430926501750946
163904412,-6368,500,-500,-506,6,0.08465246856212616
163924404,-6366,500,-500,-506,6,0.084710225462913513
163944396,-6366,500,-500,-505,5,0.084856487810611725
163964388,-6367,500,-500,-504,4,0.085087381303310394
163984380,-6367,500,-500,-503,3,0.085407495498657227
164004372,-6367,500,-500,-501,1,0.08580421656370163
164024364,-6366,500,-500,-501,1,0.086010277271270752
164044356,-6366,500,-500,-501,1,0.086074680089950562
164064348,-6366,500,-500,-500,0,0.086046949028968811
164084340,-6366,500,-500,-500,0,0.085760965943336487
164104332,-6366,500,-500,-501,1,0.085499733686447144
164124324,-6365,500,-500,-502,2,0.085278250277042389
164144316,-6365,500,-500,-501,1,0.084957204759120941
164165141,-6365,500,-500,-500,0,0.084541194140911102
164185133,-6365,500,-500,-498,-2,0.084254123270511627
164205125,-6365,500,-500,-496,-4,0.084029629826545715
164225117,-6365,500,-500,-494,-6,0.083556711673736572
164245109,-6365,500,-500,-494,-6,0.082984313368797302
164265101,-6365,500,-500,-494,-6,0.08248583972454071
164285093,-6365,500,-500,-496,-4,0.081909596920013428
164305085,-6365,500,-500,-496,-4,0.081514745950698853
164325077,-6366,500,-500,-498,-2,0.08101634681224823
164345069,-6365,500,-500,-499,-1,0.080110333859920502
164365061,-6365,500,-500,-500,0,0.079263336956501007
164385053,-6365,500,-500,-500,0,0.078612059354782104
164405045,-6365,500,-500,-501,1,0.078144900500774384
164425037,-6367,500,-500,-501,1,0.077861800789833069
164445029,-6367,500,-500,-502,2,0.077771812677383423
164465021,-6367,500,-500,-504,4,0.077561721205711365
164485013,-6367,500,-500,-507,7,0.077208906412124634
164505005,-6367,500,-500,-509,9,0.076876528561115265
164524997,-6369,500,-500,-512,12,0.076871469616889954
164544989,-6369,500,-500,-514,14,0.077143155038356781
164564981,-6369,500,-500,-514,14,0.077556349337100983
164584973,-6369,500,-500,-513,13,0.078137733042240143
164604965,-6369,500,-500,-512,12,0.078921444714069366
164624957,-6370,500,-500,-512,12,0.079539254307746887
164644949,-6370,500,-500,-512,12,0.079689353704452515
164664941,-6370,500,-500,-512,12,0.07960808277130127
164684933,-6370,500,-500,-513,13,0.079500608146190643
164704925,-6370,500,-500,-514,14,0.079362779855728149
164724917,-6370,500,-500,-515,15,0.079213567078113556
164744909,-6370,500,-500,-515,15,0.079123303294181824
164764901,-6370,500,-500,-515,15,0.079213693737983704
164784893,-6370,500,-500,-515,15,0.079145446419715881
164804885,-6370,500,-500,-514,14,0.079221099615097046
164824877,-6371,500,-500,-511,11,0.07964208722114563
164844869,-6371,500,-500,-510,10,0.080033406615257263
164864861,-6371,500,-500,-507,7,0.080276153981685638
164884853,-6371,500,-500,-506,6,0.080327212810516357
164904845,-6371,500,-500,-506,6,0.080341428518295288
164924837,-6371,500,-500,-505,5,0.080195754766464233
164944829,-6371,500,-500,-505,5,0.079959861934185028
164964821,-6371,500,-500,-505,5,0.079659849405288696
164984813,-6371,500,-500,-505,5,0.079193130135536194
165004805,-6371,500,-500,-505,5,0.078997321426868439
165024797,-6372,500,-500,-505,5,0.078944802284240723
165044789,-6372,500,-500,-505,5,0.078838586807250977
165064781,-6372,6480,0,-506,506,0.078444801270961761
165084773,-6372,6480,0,-507,507,0.078238382935523987
165104765,-6372,6480,0,-505,505,0.078395165503025055
165124757,-162,6479,-162,-501,339,0.079228863120079041
165144749,-162,6478,-162,-495,333,0.081076361238956451
165164741,-162,6477,-162,-486,324,0.083776980638504028
165184733,-162,6475,-162,-475,313,0.087205082178115845
165204725,-162,6472,-162,-462,300,0.091241434216499329
165224717,-6373,6470,-6373,-447,-5926,0.095696009695529938
165244709,-6374,6467,-6374,-431,-5943,0.10029628872871399
165264701,-6375,6464,-6375,-418,-5957,0.10478196293115616
165284693,-6376,6461,-6376,-414,-5962,0.10907715559005737
165304685,-6377,6458,-6377,-424,-5953,0.11283216625452042
165324677,-6369,6456,-6369,-449,-5920,0.1160891056060791
165344669,-6370,6454,-6370,-493,-5877,0.11881157755851746
165364661,-6370,6452,-6370,-555,-5815,0.12126780301332474
165384653,-6371,6450,-6371,-634,-5737,0.12377524375915527
165404645,-6372,6448,-6372,-728,-5644,0.12627743184566498
165424637,-6362,6446,-6362,-837,-5525,0.1286480575799942
165444629,-6362,6444,-6362,-957,-5405,0.13088914752006531
165464621,-6363,6442,-6363,-1087,-5276,0.13293623924255371
165484613,-6364,6440,-6364,-1228,-5136,0.13499069213867188
165504605,-6364,6439,-6364,-1377,-4987,0.13687737286090851
165524597,-6354,6437,-6354,-1535,-4819,0.13826142251491547
165544589,-6355,6436,-6355,-1699,-4656,0.13942916691303253
165564581,-6355,6436,-6355,-1868,-4487,0.14039961993694305
165584573,-6355,6435,-6355,-2038,-4317,0.14118193089962006
165604565,-6355,6434,-6355,-2213,-4142,0.14171597361564636
165624557,-6347,6434,-6347,-2389,-3958,0.14210881292819977
165644549,-6347,6434,-6347,-2567,-3780,0.14240241050720215
165664541,-6347,6433,-6347,-2747,-3600,0.14269411563873291
165684533,-6347,6433,-6347,-2928,-3419,0.14272044599056244
165704525,-6347,6434,-6347,-3110,-3237,0.14248780906200409
165724517,-6342,6434,-6342,-3292,-3050,0.14189554750919342
165744509,-6342,6435,-6342,-3475,-2867,0.14082199335098267
165764501,-6341,6436,-6341,-3658,-2683,0.13953760266304016
165784493,-6341,6438,-6341,-3841,-2500,0.13790899515151978
165804485,-6340,6440,-6340,-4023,-2317,0.13584110140800476
165824477,-6340,6442,-6340,-4205,-2135,0.13347508013248444
165844469,-6339,6444,-6339,-4384,-1955,0.13108856976032257
165864461,-6338,6446,-6338,-4564,-1774,0.12872868776321411
165884453,-6338,6448,-6338,-4743,-1595,0.12626311182975769
165904445,-6337,6450,-6337,-4923,-1414,0.12375254184007645
165924437,-6343,6452,-6343,-5101,-1242,0.12117553502321243
165944429,-6342,6454,-6342,-5275,-1067,0.11879261583089828
165964421,-6341,6455,-6341,-5446,-895,0.11652581393718719
165984413,-6341,6457,-6341,-5609,-732,0.11436408758163452
166004405,-6340,6458,-6340,-5764,-576,0.1125236302614212
166024397,-6349,6460,-6349,-5911,-438,0.11086898297071457
166044389,-6349,6460,-6349,-6049,-300,0.10971863567829132
166064381,-6348,6461,-6348,-6177,-171,0.10912847518920898
166084373,-6348,6461,-6348,-6295,-53,0.10876794904470444
166104365,-6348,6461,-6348,-6401,53,0.10874857753515244
166124357,-6354,6461,-6354,-6498,144,0.10883808135986328
166144349,-6354,6461,-6354,-6582,228,0.10906634479761124
166164341,-6354,6460,-6354,-6655,301,0.10974490642547607
166184333,-6354,6460,-6354,-6719,365,0.11063171923160553
166204325,-6354,6459,-6354,-6772,418,0.11149150878190994
166224317,-6353,6458,-6353,-6814,461,0.11238756030797958
166245142,-6353,6458,-6353,-6845,492,0.11327340453863144
166265134,-6353,6457,-6353,-6867,514,0.11411739885807037
166285126,-6354,6457,-6354,-6882,528,0.11504124850034714
166305118,-6354,6456,-6354,-6888,534,0.11596579849720001
166325110,-6342,6455,-6342,-6888,546,0.11678056418895721
166345102,-6343,6455,-6343,-6882,539,0.11747711151838303
166365094,-6343,6454,-6343,-6869,526,0.11809023469686508
166385086,-6343,6454,-6343,-6852,509,0.11862462013959885
166405078,-6343,6453,-6343,-6831,488,0.11905421316623688
166425070,-6321,6453,-6321,-6807,486,0.11926642805337906
166445062,-6321,6453,-6321,-6779,458,0.11928209662437439
166465054,-6321,6453,-6321,-6751,430,0.11907259374856949
166485046,-6321,6454,-6321,-6722,401,0.11874572187662125
166505038,-6321,6454,-6321,-6691,370,0.11824499070644379
166525030,-6292,6455,-6292,-6659,367,0.11754243820905685
166545022,-6292,6455,-6292,-6626,334,0.11660909652709961
166565014,-6292,6456,-6292,-6592,300,0.11535172909498215
166585006,-6291,6457,-6291,-6559,268,0.11389312893152237
166604998,-6291,6459,-6291,-6526,235,0.11230259388685226
166624990,-6262,6460,-6262,-6493,231,0.11053463071584702
166644982,-6261,6461,-6261,-6460,199,0.10854759067296982
166664974,-6260,6463,-6260,-6428,168,0.10623794049024582
166684966,-6260,6465,-6260,-6398,138,0.10375453531742096
166704958,-6259,6466,-6259,-6368,109,0.10100989043712616
166724950,-6236,6468,-6236,-6340,104,0.09798017144203186
166744942,-6235,6470,-6235,-6314,79,0.094840362668037415
166764934,-6235,6472,-6235,-6288,53,0.091593131422996521
166784926,-6234,6474,-6234,-6264,30,0.088268943130970001
166804918,-6233,6476,-6233,-6242,9,0.084656447172164917
166824910,-6220,6478,-6220,-6222,2,0.080817796289920807
166844902,-6219,6480,-6219,-6203,-16,0.076635807752609253
166864894,-6218,6483,-6218,-6185,-33,0.072041846811771393
166884886,-6217,6485,-6217,-6169,-48,0.067363739013671875
166904878,-6217,6487,-6217,-6153,-64,0.062552250921726227
166924870,-6212,6489,-6212,-6140,-72,0.057731039822101593
166944862,-6211,6490,-6211,-6129,-82,0.052899278700351715
166964854,-6211,6492,-6211,-6119,-92,0.047834526747465134
166984846,-6210,6494,-6210,-6111,-99,0.042599119246006012
167004838,-6210,6495,-6210,-6103,-107,0.037226364016532898
167024830,-6206,6496,-6206,-6097,-109,0.031757622957229614
167044822,-6205,6497,-6205,-6093,-112,0.026037117466330528
167064814,-6205,6498,-6205,-6091,-114,0.020433124154806137
167084806,-6205,6499,-6205,-6089,-116,0.014916867017745972
167104798,-6205,6499,-6205,-6090,-115,0.0093739349395036697
167124790,-6198,6499,-6198,-6091,-107,0.0038186819292604923
167144782,-6198,6499,-6198,-6093,-105,-0.0017386577092111111
167164774,-6198,6499,-6198,-6097,-101,-0.0073791127651929855
167184766,-6198,6499,-6198,-6100,-98,-0.012960546649992466
167204758,-6198,6498,-6198,-6104,-94,-0.018332373350858688
167224750,-6188,6498,-6188,-6108,-80,-0.023572454228997231
167244742,-6188,6497,-6188,-6110,-78,-0.028688149526715279
167264734,-6189,6496,-6189,-6112,-77,-0.033636108040809631
167284726,-6189,6495,-6189,-6114,-75,-0.038504160940647125
167304718,-6190,6493,-6190,-6116,-74,-0.043242208659648895
167324710,-6179,6492,-6179,-6118,-61,-0.047844767570495605
167344702,-6179,6491,-6179,-6120,-59,-0.05237356573343277
167364694,-6180,6489,-6180,-6121,-59,-0.056768987327814102
167384686,-6180,6487,-6180,-6123,-57,-0.061041988432407379
167404678,-6181,6486,-6181,-6124,-57,-0.06528414785861969
167424670,-6171,6484,-6171,-6125,-46,-0.069334924221038818
167444662,-6172,6482,-6172,-6126,-46,-0.07312137633562088
167464654,-6172,6480,-6172,-6127,-45,-0.076689541339874268
167484646,-6173,6479,-6173,-6128,-45,-0.079978704452514648
167504638,-6173,6477,-6173,-6130,-43,-0.083005793392658234
167524630,-6166,6476,-6166,-6132,-34,-0.085814923048019409
167544622,-6167,6474,-6167,-6133,-34,-0.088432364165782928
167564614,-6168,6473,-6168,-6134,-34,-0.090831547975540161
167584606,-6168,6472,-6168,-6134,-34,-0.092851303517818451
167604598,-6168,6470,-6168,-6133,-35,-0.094611607491970062
167624590,-6166,6470,-6166,-6130,-36,-0.096058942377567291
167644582,-6166,6469,-6166,-6127,-39,-0.09734952449798584
167664574,-6166,6468,-6166,-6124,-42,-0.0985260009765625
167684566,-6167,6467,-6167,-6120,-47,-0.0998058021068573
167704558,-6167,6466,-6167,-6116,-51,-0.10111518204212189
167724550,-6168,6466,-6168,-6111,-57,-0.1022428423166275
167744542,-6169,6465,-6169,-6107,-62,-0.10312756150960922
167764534,-6169,6465,-6169,-6102,-67,-0.10367174446582794
167784526,-6169,6464,-6169,-6098,-71,-0.10428065061569214
167804518,-6169,6464,-6169,-6094,-75,-0.10489527136087418
167824510,-6174,6463,-6174,-6091,-83,-0.10545985400676727
167844502,-6174,6463,-6174,-6087,-87,-0.10585023462772369
167864494,-6174,6463,-6174,-6084,-90,-0.10598483681678772
167884486,-6174,6463,-6174,-6080,-94,-0.1058821827173233
167904478,-6174,6463,-6174,-6076,-98,-0.10573883354663849
167924470,-6183,6463,-6183,-6071,-112,-0.10556630790233612
167944462,-6183,6463,-6183,-6066,-117,-0.10531944036483765
167964454,-6183,6464,-6183,-6062,-121,-0.10510599613189697
167984446,-6183,6464,-6183,-6058,-125,-0.10463487356901169
168004438,-6183,6464,-6183,-6054,-129,-0.10421659052371979
168024430,-6193,6465,-6193,-6052,-141,-0.10369996726512909
168044422,-6193,6465,-6193,-6049,-144,-0.102981336414814
168064414,-6193,6466,-6193,-6047,-146,-0.10206460207700729
168084406,-6193,6466,-6193,-6045,-148,-0.10111311823129654
168104398,-6192,6467,-6192,-6044,-148,-0.10006840527057648
168124390,-6205,6468,-6205,-6044,-161,-0.099014423787593842
168144382,-6204,6468,-6204,-6045,-159,-0.097957625985145569
168164374,-6204,6469,-6204,-6047,-157,-0.096845664083957672
168184366,-6204,6470,-6204,-6049,-155,-0.095783434808254242
168204358,-6204,6470,-6204,-6051,-153,-0.094579890370368958
168224350,-6217,6471,-6217,-6055,-162,-0.093426883220672607
168244342,-6217,6472,-6217,-6058,-159,-0.092110075056552887
168264334,-6216,6473,-6216,-6062,-154,-0.090639524161815643
168284326,-6216,6474,-6216,-6065,-151,-0.089129254221916199
168304318,-6216,6475,-6216,-6069,-147,-0.08750607818365097
168324310,-6230,6476,-6230,-6072,-158,-0.085846245288848877
168345135,-6229,6476,-6229,-6076,-153,-0.084251917898654938
168365127,-6229,6477,-6229,-6080,-149,-0.082820400595664978
168385119,-6229,6478,-6229,-6084,-145,-0.081376515328884125
168405111,-6228,6479,-6228,-6090,-138,-0.07996174693107605
168425103,-6243,6479,-6243,-6094,-149,-0.078788891434669495
168445095,-6243,6480,-6243,-6099,-144,-0.077625975012779236
168465087,-6243,6480,-6243,-6105,-138,-0.076530434191226959
168485079,-6243,6481,-6243,-6111,-132,-0.075514800846576691
168505071,-6243,6481,-6243,-6118,-125,-0.074715681374073029
168525063,-6260,6482,-6260,-6123,-137,-0.073971889913082123
168545055,-6260,6482,-6260,-6129,-131,-0.073282487690448761
168565047,-6260,6482,-6260,-6135,-125,-0.072575494647026062
168585039,-6260,6483,-6260,-6142,-118,-0.071742385625839233
168605031,-6259,6483,-6259,-6148,-111,-0.070747435092926025
168625023,-6277,6484,-6277,-6153,-124,-0.06966729462146759
168645015,-6277,6484,-6277,-6158,-119,-0.068366289138793945
168665007,-6277,6485,-6277,-6163,-114,-0.067213796079158783
168684999,-6277,6485,-6277,-6168,-109,-0.065898865461349487
168704991,-6276,6486,-6276,-6173,-103,-0.064379565417766571
168724983,-6295,6487,-6295,-6179,-116,-0.062799952924251556
168744975,-6295,6487,-6295,-6186,-109,-0.061385620385408401
168764967,-6295,6488,-6295,-6192,-103,-0.060139797627925873
168784959,-6295,6488,-6295,-6196,-99,-0.059159386903047562
168804951,-6295,6489,-6295,-6200,-95,-0.058054458349943161
168824943,-6314,6489,-6314,-6204,-110,-0.05691898986697197
168844935,-6313,6489,-6313,-6207,-106,-0.055809751152992249
168864927,-6313,6490,-6313,-6211,-102,-0.054615236818790436
168884919,-6313,6490,-6313,-6215,-98,-0.053249578922986984
168904911,-6313,6491,-6313,-6219,-94,-0.051748074591159821
168924903,-6331,6491,-6331,-6223,-108,-0.050146777182817459
168944895,-6331,6492,-6331,-6227,-104,-0.048565242439508438
168964887,-6331,6492,-6331,-6229,-102,-0.047183312475681305
168984879,-6331,6493,-6331,-6232,-99,-0.045677576214075089
169004871,-6331,6493,-6331,-6236,-95,-0.044209882616996765
169024863,-6348,6494,-6348,-6240,-108,-0.042747899889945984
169044855,-6348,6494,-6348,-6243,-105,-0.041460961103439331
169064847,-6348,6494,-6348,-6246,-102,-0.04025137796998024
169084839,-6348,6495,-6348,-6251,-97,-0.039054937660694122
169104831,-6347,6495,-6347,-6256,-91,-0.037859734147787094
169124823,-6362,6495,-6362,-6262,-100,-0.036825522780418396
169144815,-6362,6495,-6362,-6268,-94,-0.035786572843790054
169164807,-6362,6496,-6362,-6273,-89,-0.034619521349668503
169184799,-6362,6496,-6362,-6278,-84,-0.033504113554954529
169204791,-6361,6496,-6361,-6284,-77,-0.032311134040355682
169224783,-6368,6496,-6368,-6290,-78,-0.031155847012996674
169244775,-6367,6497,-6367,-6296,-71,-0.030070120468735695
169264767,-6367,6497,-6367,-6302,-65,-0.028857456520199776
169284759,-6367,6497,-6367,-6307,-60,-0.02740156278014183
169304751,-6367,6497,-6367,-6313,-54,-0.025952007621526718
169324743,-6363,6498,-6363,-6318,-45,-0.024705968797206879
169344735,-6363,6498,-6363,-6322,-41,-0.02338043600320816
169364727,-6363,6498,-6363,-6327,-36,-0.021902740001678467
169384719,-6363,6498,-6363,-6330,-33,-0.020428620278835297
169404711,-6363,6498,-6363,-6332,-31,-0.019038915634155273
169424703,-6346,6498,-6346,-6337,-9,-0.017634496092796326
169444695,-6346,6499,-6346,-6340,-6,-0.016414452344179153
169464687,-6346,6499,-6346,-6342,-4,-0.015285591594874859
169484679,-6346,6499,-6346,-6343,-3,-0.014354606159031391
169504671,-6346,6499,-6346,-6344,-2,-0.013332178816199303
169524663,-6316,6499,-6316,-6345,29,-0.012406677938997746
169544655,-6316,6499,-6316,-6345,29,-0.011703033931553364
169564647,-6316,6499,-6316,-6346,30,-0.01121180597692728
169584639,-6316,6499,-6316,-6345,29,-0.010964239947497845
169604631,-6316,6499,-6316,-6342,26,-0.010890740901231766
169624623,-6279,6499,-6279,-6340,61,-0.010958789847791195
169644615,-6279,6499,-6279,-6338,59,-0.011186880059540272
169664607,-6279,6499,-6279,-6335,56,-0.011660294607281685
169684599,-6279,6499,-6279,-6333,54,-0.012320038862526417
169704591,-6279,6499,-6279,-6330,51,-0.013270373456180096
169724583,-6240,6499,-6240,-6327,87,-0.014356229454278946
169744575,-6240,6499,-6240,-6324,84,-0.015615093521773815
169764567,-6240,6499,-6240,-6320,80,-0.016898363828659058
169784559,-6240,6498,-6240,-6315,75,-0.018027782440185547
169804551,-6241,6498,-6241,-6310,69,-0.019132388755679131
169824543,-6204,6498,-6204,-6304,100,-0.020504843443632126
169844535,-6204,6498,-6204,-6298,94,-0.022257670760154724
169864527,-6204,6498,-6204,-6292,88,-0.024127677083015442
169884519,-6204,6497,-6204,-6287,83,-0.026317205280065536
169904511,-6204,6497,-6204,-6280,76,-0.028566719964146614
169924503,-6173,6496,-6173,-6274,101,-0.030896168202161789
169944495,-6173,6496,-6173,-6267,94,-0.03323967382311821
169964487,-6173,6495,-6173,-6261,88,-0.035530585795640945
169984479,-6173,6495,-6173,-6253,80,-0.03766385093331337
170004471,-6173,6494,-6173,-6245,72,-0.039819441735744476
170024463,-6144,6494,-6144,-6237,93,-0.041970692574977875
170044455,-6144,6493,-6144,-6228,84,-0.043973449617624283
170064447,-6145,6493,-6145,-6219,74,-0.045786608010530472
170084439,-6145,6492,-6145,-6210,65,-0.047499742358922958
170104431,-6145,6492,-6145,-6201,56,-0.049065064638853073
170124423,-6114,6491,-6114,-6190,76,-0.050562996417284012
170144415,-6114,6491,-6114,-6180,66,-0.052013102918863297
170164407,-6114,6490,-6114,-6170,56,-0.053403474390506744
170184399,-6115,6490,-6115,-6161,46,-0.054667223244905472
170204391,-6115,6489,-6115,-6152,37,-0.055850248783826828
170224383,-6078,6489,-6078,-6142,64,-0.057104106992483139
170244375,-6078,6488,-6078,-6132,54,-0.058267664164304733
170264367,-6078,6488,-6078,-6123,45,-0.059362426400184631
170284359,-6079,6488,-6079,-6114,35,-0.060219265520572662
170304351,-6079,6487,-6079,-6104,25,-0.061019990593194962
170324343,-6034,6487,-6034,-6094,60,-0.061580054461956024
170344335,-6034,6487,-6034,-6085,51,-0.062210198491811752
170364327,-6034,6487,-6034,-6078,44,-0.06286352127790451
170384319,-6034,6486,-6034,-6071,37,-0.063534379005432129
170404311,-6034,6486,-6034,-6065,31,-0.064194105565547943
170425136,-5981,6486,-5981,-6058,77,-0.064732179045677185
170445128,-5981,6486,-5981,-6051,70,-0.065067388117313385
170465120,-5981,6486,-5981,-6044,63,-0.065473549067974091
170485112,-5982,6485,-5982,-6035,53,-0.065882153809070587
170505104,-5982,6485,-5982,-6027,45,-0.066238224506378174
170525096,-5922,6485,-5922,-6018,96,-0.066567867994308472
170545088,-5922,6485,-5922,-6009,87,-0.066812269389629364
170565080,-5922,6485,-5922,-6000,78,-0.067151710391044617
170585072,-5922,6485,-5922,-5990,68,-0.067378625273704529
170605064,-5922,6485,-5922,-5982,60,-0.06758706271648407
170625056,-5858,6485,-5858,-5973,115,-0.067731700837612152
170645048,-5858,6485,-5858,-5963,105,-0.067935720086097717
170665040,-5858,6484,-5858,-5952,94,-0.068300142884254456
170685032,-5858,6484,-5858,-5942,84,-0.068694263696670532
170705024,-5858,6484,-5858,-5931,73,-0.069181367754936218
170725016,-5789,6484,-5789,-5921,132,-0.069584250450134277
170745008,-5789,6484,-5789,-5912,123,-0.069895364344120026
170765000,-5789,6484,-5789,-5902,113,-0.070158161222934723
170784992,-5789,6483,-5789,-5892,103,-0.070345774292945862
170804984,-5789,6483,-5789,-5882,93,-0.070473857223987579
170824976,-5713,6483,-5713,-5872,159,-0.070601053535938263
170844968,-5713,6483,-5713,-5860,147,-0.070478692650794983
170864960,-5713,6483,-5713,-5848,135,-0.070280760526657104
170884952,-5713,6484,-5713,-5836,123,-0.069942578673362732
170904944,-5713,6484,-5713,-5824,111,-0.069640316069126129
170924936,-5632,6484,-5632,-5811,179,-0.069404751062393188
170944928,-5632,6484,-5632,-5797,165,-0.069321535527706146
170964920,-5632,6484,-5632,-5783,151,-0.069450102746486664
170984912,-5632,6484,-5632,-5770,138,-0.06962449848651886
171004904,-5632,6484,-5632,-5756,124,-0.06994473934173584
171024896,-5544,6483,-5544,-5743,199,-0.07038261741399765
171044888,-5544,6483,-5544,-5729,185,-0.070737987756729126
171064880,-5544,6483,-5544,-5716,172,-0.070925123989582062
171084872,-5544,6483,-5544,-5702,158,-0.07088499516248703
171104864,-5544,6483,-5544,-5688,144,-0.070646472275257111
171124856,-5450,6484,-5450,-5674,224,-0.070115603506565094
171144848,-5450,6484,-5450,-5659,209,-0.069550782442092896
171164840,-5450,6484,-5450,-5644,194,-0.069068804383277893
171184832,-5450,6484,-5450,-5628,178,-0.068632937967777252
171204824,-5450,6484,-5450,-5611,161,-0.068221516907215118
171224816,-5348,6484,-5348,-5594,246,-0.067990131676197052
171244808,-5348,6485,-5348,-5578,230,-0.067876957356929779
171264800,-5348,6485,-5348,-5562,214,-0.067593418061733246
171284792,-5348,6485,-5348,-5545,197,-0.067343644797801971
171304784,-5348,6485,-5348,-5527,179,-0.067075729370117188
171324776,-5239,6485,-5239,-5507,268,-0.067062720656394958
171344768,-5239,6485,-5239,-5488,249,-0.066916786134243011
171364760,-5239,6485,-5239,-5470,231,-0.066599138081073761
171384752,-5239,6485,-5239,-5451,212,-0.066376157104969025
171404744,-5239,6485,-5239,-5431,192,-0.066086389124393463
171424736,-5125,6485,-5125,-5411,286,-0.065916240215301514
171444728,-5125,6485,-5125,-5390,265,-0.06589200347661972
171464720,-5125,6485,-5125,-5369,244,-0.065923728048801422
171484712,-5125,6485,-5125,-5348,223,-0.066008523106575012
171504704,-5126,6485,-5126,-5327,201,-0.066073000431060791
171524696,-5010,6485,-5010,-5305,295,-0.066173985600471497
171544688,-5010,6485,-5010,-5284,274,-0.066306762397289276
171564680,-5010,6485,-5010,-5262,252,-0.066580325365066528
171584672,-5010,6485,-5010,-5241,231,-0.066948100924491882
171604664,-5010,6485,-5010,-5220,210,-0.067282326519489288
171624656,-4893,6485,-4893,-5198,305,-0.06746654212474823
171644648,-4893,6485,-4893,-5175,282,-0.067630447447299957
171664640,-4893,6485,-4893,-5153,260,-0.067880675196647644
171684632,-4893,6484,-4893,-5130,237,-0.068191468715667725
171704624,-4893,6484,-4893,-5107,214,-0.06857077032327652
171724616,-4780,6484,-4780,-5084,304,-0.06883528083562851
171744608,-4781,6484,-4781,-5062,281,-0.069206103682518005
171764600,-4781,6484,-4781,-5040,259,-0.06968427449464798
171784592,-4781,6483,-4781,-5017,236,-0.070212572813034058
171804584,-4781,6483,-4781,-4994,213,-0.070684067904949188
171824576,-4671,6483,-4671,-4972,301,-0.071202188730239868
171844568,-4671,6483,-4671,-4950,279,-0.07176024466753006
171864560,-4671,6483,-4671,-4928,257,-0.072296574711799622
171884552,-4672,6482,-4672,-4906,234,-0.072773084044456482
171904544,-4672,6482,-4672,-4883,211,-0.073242276906967163
171924536,-4557,6482,-4557,-4862,305,-0.07368159294128418
171944528,-4557,6482,-4557,-4841,284,-0.074048347771167755
171964520,-4557,6482,-4557,-4820,263,-0.074397861957550049
171984512,-4558,6481,-4558,-4797,239,-0.074926726520061493
172004504,-4558,6481,-4558,-4774,216,-0.07538333535194397
172024496,-4444,6481,-4444,-4749,305,-0.075918026268482208
172044488,-4444,6481,-4444,-4724,280,-0.076429806649684906
172064480,-4444,6480,-4444,-4699,255,-0.076777189970016479
172084472,-4444,6480,-4444,-4673,229,-0.077068686485290527
172104464,-4444,6480,-4444,-4648,204,-0.077411189675331116
172124456,-4335,6480,-4335,-4623,288,-0.077822685241699219
172144448,-4335,6480,-4335,-4598,263,-0.078286692500114441
172164440,-4335,6479,-4335,-4575,240,-0.078970663249492645
172184432,-4335,6479,-4335,-4552,217,-0.079647302627563477
172204424,-4335,6479,-4335,-4529,194,-0.080212250351905823
172224416,-4224,6478,-4224,-4507,283,-0.080829046666622162
172244408,-4224,6478,-4224,-4485,261,-0.081400498747825623
172264400,-4225,6478,-4225,-4464,239,-0.081955969333648682
172284392,-4225,6477,-4225,-4444,219,-0.082316666841506958
172304384,-4225,6477,-4225,-4425,200,-0.082639820873737335
172324376,-4108,6477,-4108,-4406,298,-0.083088867366313934
172344368,-4108,6477,-4108,-4388,280,-0.083498388528823853
172364360,-4108,6477,-4108,-4369,261,-0.083733558654785156
172384352,-4108,6477,-4108,-4349,241,-0.083891578018665314
172404344,-4108,6477,-4108,-4329,221,-0.083947762846946716
172424336,-3985,6477,-3985,-4307,322,-0.083785533905029297
172444328,-3985,6477,-3985,-4284,299,-0.083529263734817505
172464320,-3985,6477,-3985,-4261,276,-0.083286918699741364
172484312,-3985,6477,-3985,-4239,254,-0.082879520952701569
172505137,-3985,6477,-3985,-4215,230,-0.082326076924800873
172525129,-3853,6478,-3853,-4192,339,-0.081752076745033264
172545121,-3853,6478,-3853,-4168,315,-0.081135891377925873
172565113,-3853,6478,-3853,-4143,290,-0.080549418926239014
172585105,-3853,6479,-3853,-4118,265,-0.080025635659694672
172605097,-3853,6479,-3853,-4093,240,-0.079649612307548523
172625089,-3717,6479,-3717,-4070,353,-0.079364180564880371
172645081,-3717,6479,-3717,-4047,330,-0.079202987253665924
172665073,-3716,6479,-3716,-4024,308,-0.078993193805217743
172685065,-3716,6479,-3716,-4000,284,-0.078703410923480988
172705057,-3716,6480,-3716,-3977,261,-0.078218579292297363
172725049,-3582,6480,-3582,-3953,371,-0.077667228877544403
172745041,-3582,6480,-3582,-3929,347,-0.077178187668323517
172765033,-3582,6480,-3582,-3904,322,-0.076614417135715485
172785025,-3582,6481,-3582,-3878,296,-0.076152443885803223
172805017,-3582,6481,-3582,-3853,271,-0.075694158673286438
172825009,-3443,6481,-3443,-3827,384,-0.075052730739116669
172845001,-3442,6482,-3442,-3802,360,-0.074412986636161804
172864993,-3442,6482,-3442,-3777,335,-0.073807746171951294
172884985,-3442,6482,-3442,-3751,309,-0.07319844514131546
172904977,-3442,6482,-3442,-3723,281,-0.072711549699306488
172924969,-3304,6483,-3304,-3696,392,-0.072189375758171082
172944961,-3304,6483,-3304,-3669,365,-0.071663700044155121
172964953,-3304,6483,-3304,-3641,337,-0.07134941965341568
172984945,-3304,6483,-3304,-3612,308,-0.07103932648897171
173004937,-3304,6483,-3304,-3584,280,-0.070875607430934906
173024929,-3172,6483,-3172,-3555,383,-0.070794299244880676
173044921,-3172,6483,-3172,-3527,355,-0.070412345230579376
173064913,-3171,6484,-3171,-3500,329,-0.069884352385997772
173084905,-3171,6484,-3171,-3472,301,-0.069545052945613861
173104897,-3171,6484,-3171,-3445,274,-0.069236405193805695
173124889,-3043,6484,-3043,-3417,374,-0.068757787346839905
173144881,-3043,6484,-3043,-3388,345,-0.068365156650543213
173164873,-3043,6484,-3043,-3360,317,-0.068138912320137024
173184865,-3043,6484,-3043,-3332,289,-0.068121269345283508
173204857,-3043,6484,-3043,-3305,262,-0.068097569048404694
173224849,-2921,6484,-2921,-3279,358,-0.068048946559429169
173244841,-2921,6485,-2921,-3252,331,-0.067945480346679688
173264833,-2921,6485,-2921,-3226,305,-0.06755635142326355
173284825,-2921,6485,-2921,-3199,278,-0.067150555551052094
173304817,-2921,6485,-2921,-3172,251,-0.066840715706348419
173324809,-2804,6485,-2804,-3145,341,-0.066546216607093811
173344801,-2804,6485,-2804,-3118,314,-0.066268526017665863
173364793,-2804,6485,-2804,-3092,288,-0.066032588481903076
173384785,-2804,6485,-2804,-3066,262,-0.065792582929134369
173404777,-2804,6486,-2804,-3041,237,-0.065639898180961609
173424769,-2689,6485,-2689,-3016,327,-0.065666347742080688
173444761,-2689,6485,-2689,-2991,302,-0.065737307071685791
173464753,-2689,6485,-2689,-2966,277,-0.065832674503326416
173484745,-2689,6485,-2689,-2941,252,-0.065981626510620117
173504737,-2689,6485,-2689,-2915,226,-0.066034980118274689
173524729,-2580,6485,-2580,-2890,310,-0.0660390704870224
173544721,-2580,6485,-2580,-2867,287,-0.066048741340637207
173564713,-2580,6485,-2580,-2844,264,-0.066266238689422607
173584705,-2580,6485,-2580,-2821,241,-0.066591173410415649
173604697,-2580,6485,-2580,-2798,218,-0.066972017288208008
173624689,-2481,6485,-2481,-2773,292,-0.067128896713256836
173644681,-2481,6485,-2481,-2750,269,-0.067051023244857788
173664673,-2481,6485,-2481,-2728,247,-0.066748842597007751
173684665,-2481,6485,-2481,-2705,224,-0.066457882523536682
173704657,-2481,6485,-2481,-2682,201,-0.06612994521856308
173724649,-2386,6485,-2386,-2660,274,-0.065692082047462463
173744641,-2386,6486,-2386,-2639,253,-0.06534285843372345
173764633,-2386,6486,-2386,-2619,233,-0.064810551702976227
173784625,-2386,6486,-2386,-2600,214,-0.064317665994167328
173804617,-2386,6486,-2386,-2581,195,-0.06399267166852951
173824609,-2285,6486,-2285,-2562,277,-0.063835695385932922
173844601,-2285,6486,-2285,-2542,257,-0.06363968551158905
173864593,-2285,6486,-2285,-2522,237,-0.063404269516468048
173884585,-2285,6487,-2285,-2502,217,-0.063213080167770386
173904577,-2285,6487,-2285,-2481,196,-0.063055813312530518
173924569,-2182,6487,-2182,-2461,279,-0.062975846230983734
173944561,-2182,6487,-2182,-2442,260,-0.062933862209320068
173964553,-2182,6487,-2182,-2424,242,-0.06281571090221405
173984545,-2182,6487,-2182,-2404,222,-0.062494184821844101
174004537,-2182,6487,-2182,-2384,202,-0.062181536108255386
174024529,-2084,6487,-2084,-2365,281,-0.061868350952863693
174044521,-2084,6487,-2084,-2346,262,-0.061558056622743607
174064513,-2084,6487,-2084,-2327,243,-0.06143227219581604
174084505,-2084,6487,-2084,-2309,225,-0.06119319424033165
174104497,-2084,6487,-2084,-2291,207,-0.060975808650255203
174124489,-1993,6487,-1993,-2273,280,-0.06088702380657196
174144481,-1993,6487,-1993,-2254,261,-0.060852412134408951
174164473,-1993,6487,-1993,-2235,242,-0.060855768620967865
174184465,-1993,6488,-1993,-2216,223,-0.060762427747249603
174204457,-1993,6488,-1993,-2197,204,-0.060613606125116348
174224449,-1909,6488,-1909,-2178,269,-0.060444556176662445
174244441,-1909,6488,-1909,-2160,251,-0.060444023460149765
174264433,-1909,6488,-1909,-2143,234,-0.06041615828871727
174284425,-1909,6488,-1909,-2123,214,-0.060323111712932587
174304417,-1909,6488,-1909,-2103,194,-0.060402087867259979
174324409,-1827,6488,-1827,-2083,256,-0.060364812612533569
174344401,-1827,6488,-1827,-2063,236,-0.060094643384218216
174364393,-1827,6488,-1827,-2045,218,-0.05959608405828476
174384385,-1827,6488,-1827,-2027,200,-0.059093352407217026
174404377,-1827,6488,-1827,-2011,184,-0.058759640902280807
174424369,-1743,6488,-1743,-1995,252,-0.058554701507091522
174444361,-1743,6488,-1743,-1981,238,-0.05828474834561348
174464353,-1743,6489,-1743,-1966,223,-0.05791962519288063
174484345,-1743,6489,-1743,-1949,206,-0.057608112692832947
174504337,-1743,6489,-1743,-1931,188,-0.057385139167308807
174524329,-1661,6489,-1661,-1914,253,-0.057063080370426178
174544321,-1661,6489,-1661,-1897,236,-0.056779965758323669
174564313,-1661,6489,-1661,-1881,220,-0.056604839861392975
174585138,-1661,6489,-1661,-1864,203,-0.056727875024080276
174605130,-1661,6489,-1661,-1847,186,-0.056779477745294571
174625122,-1589,6489,-1589,-1830,241,-0.056501850485801697
174645114,-1589,6489,-1589,-1814,225,-0.056095082312822342
174665106,-1589,6489,-1589,-1798,209,-0.055843479931354523
174685098,-1589,6489,-1589,-1782,193,-0.055667437613010406
174705090,-1589,6489,-1589,-1765,176,-0.055740930140018463
174725082,-1520,6489,-1520,-1748,228,-0.055875536054372787
174745074,-1520,6489,-1520,-1732,212,-0.056085921823978424
174765066,-1520,6489,-1520,-1716,196,-0.056245259940624237
174785058,-1520,6489,-1520,-1700,180,-0.056457147002220154
174805050,-1520,6489,-1520,-1684,164,-0.056733205914497375
174825042,-1461,6489,-1461,-1668,207,-0.05696403980255127
174845034,-1461,6489,-1461,-1652,191,-0.057124417275190353
174865026,-1461,6489,-1461,-1638,177,-0.057303119450807571
174885018,-1461,6489,-1461,-1623,162,-0.057558290660381317
174905010,-1461,6489,-1461,-1609,148,-0.057522222399711609
174925002,-1403,6489,-1403,-1594,191,-0.057364445179700851
174944994,-1403,6489,-1403,-1579,176,-0.057348642498254776
174964986,-1403,6489,-1403,-1564,161,-0.05738816037774086
174984978,-1403,6489,-1403,-1550,147,-0.057214576750993729
175004970,-1403,6489,-1403,-1537,134,-0.05719301849603653
175024962,-1344,6489,-1344,-1524,180,-0.057144809514284134
175044954,-1344,6489,-1344,-1510,166,-0.057308051735162735
175064946,-1344,6489,-1344,-1498,154,-0.05766194686293602
175084938,-1344,6489,-1344,-1485,141,-0.057989355176687241
175104930,-1344,6488,-1344,-1474,130,-0.058224629610776901
175124922,-1285,6488,-1285,-1462,177,-0.058219704777002335
175144914,-1285,6489,-1285,-1451,166,-0.058159708976745605
175164906,-1285,6489,-1285,-1441,156,-0.058113299310207367
175184898,-1285,6489,-1285,-1431,146,-0.057948499917984009
175204890,-1285,6489,-1285,-1421,136,-0.057721659541130066
175224882,-1225,6489,-1225,-1409,184,-0.057374440133571625
175244874,-1225,6489,-1225,-1397,172,-0.056985143572092056
175264866,-1225,6489,-1225,-1386,161,-0.056611932814121246
175284858,-1225,6489,-1225,-1374,149,-0.055972609668970108
175304850,-1225,6490,-1225,-1363,138,-0.055390633642673492
175324842,-1170,6490,-1170,-1352,182,-0.054857168346643448
175344834,-1170,6490,-1170,-1341,171,-0.054245587438344955
175364826,-1170,6490,-1170,-1328,158,-0.053740397095680237
175384818,-1170,6490,-1170,-1315,145,-0.053370226174592972
175404810,-1170,6490,-1170,-1303,133,-0.05300719290971756
175424802,-1115,6490,-1115,-1290,175,-0.052739892154932022
175444794,-1115,6491,-1115,-1277,162,-0.052451428025960922
175464786,-1115,6491,-1115,-1264,149,-0.052150215953588486
175484778,-1115,6491,-1115,-1252,137,-0.051930546760559082
175504770,-1115,6491,-1115,-1240,125,-0.051754627376794815
175524762,-1064,6491,-1064,-1228,164,-0.0515274778008461
175544754,-1064,6491,-1064,-1217,153,-0.051332153379917145
175564746,-1064,6491,-1064,-1206,142,-0.051148656755685806
175584738,-1064,6491,-1064,-1194,130,-0.05085378885269165
175604730,-1064,6491,-1064,-1184,120,-0.050602976232767105
175624722,-1015,6491,-1015,-1174,159,-0.050279971212148666
175644714,-1015,6491,-1015,-1165,150,-0.049842830747365952
175664706,-1015,6492,-1015,-1157,142,-0.0495750792324543
175684698,-1015,6491,-1015,-1148,133,-0.049804616719484329
175704690,-1015,6491,-1015,-1139,124,-0.050223883241415024
175724682,-965,6491,-965,-1130,165,-0.050615262240171432
175744674,-965,6491,-965,-1121,156,-0.050899412482976913
175764666,-965,6491,-965,-1111,146,-0.051182691007852554
175784658,-965,6491,-965,-1100,135,-0.05153203010559082
175804650,-966,6491,-966,-1091,125,-0.051978807896375656
175824642,-922,6491,-922,-1082,160,-0.052542522549629211
175844634,-922,6490,-922,-1072,150,-0.053166870027780533
175864626,-922,6490,-922,-1061,139,-0.053851056843996048
175884618,-922,6490,-922,-1051,129,-0.054546475410461426
175904610,-922,6490,-922,-1040,118,-0.055171545594930649
175924602,-886,6489,-886,-1030,144,-0.055698256939649582
175944594,-886,6489,-886,-1020,134,-0.056155342608690262
175964586,-886,6489,-886,-1009,123,-0.056743107736110687
175984578,-886,6489,-886,-998,112,-0.057190537452697754
176004570,-886,6489,-886,-987,101,-0.057557936757802963
176024562,-857,6489,-857,-976,119,-0.057819638401269913
176044554,-857,6489,-857,-964,107,-0.057990264147520065
176064546,-857,6489,-857,-952,95,-0.057990938425064087
176084538,-857,6489,-857,-942,85,-0.057794347405433655
176104530,-857,6489,-857,-932,75,-0.057601656764745712
176124522,-823,6489,-823,-922,99,-0.057513706386089325
176144514,-823,6489,-823,-913,90,-0.057444911450147629
176164506,-823,6489,-823,-904,81,-0.05743793398141861
176184498,-823,6489,-823,-895,72,-0.057246346026659012
176204490,-823,6489,-823,-887,64,-0.056857157498598099
176224482,-788,6489,-788,-881,93,-0.056525714695453644
176244474,-788,6489,-788,-877,89,-0.056132864207029343
176264466,-788,6489,-788,-874,86,-0.055651914328336716
176284458,-788,6490,-788,-871,83,-0.055017139762639999
176304450,-788,6490,-788,-867,79,-0.054551348090171814
176324442,-747,6490,-747,-862,115,-0.054238136857748032
176344434,-747,6490,-747,-857,110,-0.053723350167274475
176364426,-747,6490,-747,-852,105,-0.053167250007390976
176384418,-747,6491,-747,-846,99,-0.052597150206565857
176404410,-747,6491,-747,-841,94,-0.052037939429283142
176424402,-709,6491,-709,-836,127,-0.051580715924501419
176444394,-709,6491,-709,-830,121,-0.051091603934764862
176464386,-709,6491,-709,-824,115,-0.050665449351072311
176484378,-709,6491,-709,-818,109,-0.050113718956708908
176504370,-709,6492,-709,-811,102,-0.049399223178625107
176524362,-671,6492,-671,-805,134,-0.048666559159755707
176544354,-671,6492,-671,-799,128,-0.048364244401454926
176564346,-671,6492,-671,-794,123,-0.048015870153903961
176584338,-671,6492,-671,-788,117,-0.047788012772798538
176604330,-671,6492,-671,-782,111,-0.047509759664535522
176624322,-633,6492,-633,-776,143,-0.047272421419620514
176644314,-633,6492,-633,-768,135,-0.046984221786260605
176665139,-633,6492,-633,-761,128,-0.046689815819263458
176685131,-633,6492,-633,-752,119,-0.046590846031904221
176705123,-633,6492,-633,-743,110,-0.046645138412714005
176725115,-597,6492,-597,-734,137,-0.04654490202665329
176745107,-597,6492,-597,-726,129,-0.046447571367025375
176765099,-597,6492,-597,-717,120,-0.046620242297649384
176785091,-597,6492,-597,-708,111,-0.046961169689893723
176805083,-597,6492,-597,-700,103,-0.047607928514480591
176825075,-565,6492,-565,-693,128,-0.048482004553079605
176845067,-565,6491,-565,-685,120,-0.049633990973234177
176865059,-566,6491,-566,-678,112,-0.050861191004514694
176885051,-566,6491,-566,-670,104,-0.052188925445079803
176905043,-566,6490,-566,-663,97,-0.053486134856939316
176925035,-540,6490,-540,-655,115,-0.054777991026639938
176945027,-540,6489,-540,-649,109,-0.055779524147510529
176965019,-540,6489,-540,-642,102,-0.056817013770341873
176985011,-540,6489,-540,-635,95,-0.05780518427491188
177005003,-540,6488,-540,-627,87,-0.058662336319684982
177024995,-517,6488,-517,-619,102,-0.059683423489332199
177044987,-517,6488,-517,-611,94,-0.060548745095729828
177064979,-517,6487,-517,-602,85,-0.061310134828090668
177084971,-517,6487,-517,-594,77,-0.061914838850498199
177104963,-517,6487,-517,-586,69,-0.062396906316280365
177124955,-498,6487,-498,-578,80,-0.062676534056663513
177144947,-498,6487,-498,-569,71,-0.062896482646465302
177164939,-498,6487,-498,-561,63,-0.062960565090179443
177184931,-498,6487,-498,-554,56,-0.062819711863994598
177204923,-498,6487,-498,-549,51,-0.062466826289892197
177224915,-479,6487,-479,-544,65,-0.062187228351831436
177244907,-479,6487,-479,-540,61,-0.061969410628080368
177264899,-479,6487,-479,-536,57,-0.061695516109466553
177284891,-479,6487,-479,-532,53,-0.061170745640993118
177304883,-479,6488,-479,-528,49,-0.060545679181814194
177324875,-456,6488,-456,-524,68,-0.060084253549575806
177344867,-456,6488,-456,-520,64,-0.059645805507898331
177364859,-456,6488,-456,-516,60,-0.059169411659240723
177384851,-456,6488,-456,-513,57,-0.058702711015939713
177404843,-456,6489,-456,-509,53,-0.058128133416175842
177424835,-432,6489,-432,-506,74,-0.057423185557126999
177444827,-432,6489,-432,-504,72,-0.056817896664142609
177464819,-432,6489,-432,-503,71,-0.056149847805500031
177484811,-432,6490,-432,-500,68,-0.055449929088354111
177504803,-432,6490,-432,-498,66,-0.054833117872476578
177524795,-406,6490,-406,-496,90,-0.054470915347337723
177544787,-406,6490,-406,-493,87,-0.05436604842543602
177564779,-406,6490,-406,-490,84,-0.054209418594837189
177584771,-406,6490,-406,-486,80,-0.054002352058887482
177604763,-406,6490,-406,-483,77,-0.053762644529342651
177624755,-384,6490,-384,-480,96,-0.05376477912068367
177644747,-384,6490,-384,-478,94,-0.05384569987654686
177664739,-384,6490,-384,-475,91,-0.053907554596662521
177684731,-384,6490,-384,-471,87,-0.054189030081033707
177704723,-384,6490,-384,-468,84,-0.05452381819486618
177724715,-364,6490,-364,-463,99,-0.054857920855283737
177744707,-364,6490,-364,-457,93,-0.055392008274793625
177764699,-364,6489,-364,-450,86,-0.056057825684547424
177784691,-364,6489,-364,-444,80,-0.056704089045524597
177804683,-364,6489,-364,-438,74,-0.057507313787937164
177824675,-351,6488,-351,-433,82,-0.058450587093830109
177844667,-351,6488,-351,-427,76,-0.059190332889556885
177864659,-351,6488,-351,-421,70,-0.059653084725141525
177884651,-351,6488,-351,-416,65,-0.059975273907184601
177904643,-351,6488,-351,-411,60,-0.060211583971977234
177924635,-343,6488,-343,-406,63,-0.060623716562986374
177944627,-343,6487,-343,-400,57,-0.06091824546456337
177964619,-343,6487,-343,-395,52,-0.061060894280672073
177984611,-343,6487,-343,-391,48,-0.061248376965522766
178004603,-343,6487,-343,-388,45,-0.061404943466186523
178024595,-326,6487,-326,-383,57,-0.061401937156915665
178044587,-326,6487,-326,-379,53,-0.061296474188566208
178064579,-326,6487,-326,-374,48,-0.061300590634346008
178084571,-326,6487,-326,-369,43,-0.061113782227039337
178104563,-326,6487,-326,-363,37,-0.061018913984298706
178124555,-307,6487,-307,-358,51,-0.060935687273740768
178144547,-307,6488,-307,-352,45,-0.060722198337316513
178164539,-307,6488,-307,-349,42,-0.060402393341064453
178184531,-307,6488,-307,-346,39,-0.060030203312635422
178204523,-307,6488,-307,-343,36,-0.059735570102930069
178224515,-289,6488,-289,-341,52,-0.059552531689405441
178244507,-289,6488,-289,-338,49,-0.059474769979715347
178264499,-289,6488,-289,-336,47,-0.059487912803888321
178284491,-289,6488,-289,-335,46,-0.059577099978923798
178304483,-289,6488,-289,-332,43,-0.059566479176282883
178324475,-275,6488,-275,-329,54,-0.059449296444654465
178344467,-275,6488,-275,-328,53,-0.059353604912757874
178364459,-275,6488,-275,-326,51,-0.059099491685628891
178384451,-275,6488,-275,-324,49,-0.05879274383187294
178404443,-275,6488,-275,-322,47,-0.058482442051172256
178424435,-257,6488,-257,-320,63,-0.058261122554540634
178444427,-257,6488,-257,-318,61,-0.058261379599571228
178464419,-257,6488,-257,-316,59,-0.058289069682359695
178484411,-257,6488,-257,-313,56,-0.058382421731948853
178504403,-257,6488,-257,-310,53,-0.058516200631856918
178524395,-242,6488,-242,-307,65,-0.058513924479484558
178544387,-242,6488,-242,-305,63,-0.058478973805904388
178564379,-242,6488,-242,-301,59,-0.058512654155492783
178584371,-242,6488,-242,-298,56,-0.058721847832202911
178604363,-242,6488,-242,-295,53,-0.059151437133550644
178624355,-230,6488,-230,-294,64,-0.059682633727788925
178644347,-230,6488,-230,-293,63,-0.060301922261714935
178664339,-230,6487,-230,-291,61,-0.060900062322616577
178684331,-230,6487,-230,-288,58,-0.061551269143819809
178704323,-230,6487,-230,-285,55,-0.06240636482834816
178724315,-218,6486,-218,-282,64,-0.063355565071105957
178745140,-218,6486,-218,-279,61,-0.064187660813331604
178765132,-218,6486,-218,-276,58,-0.064803607761859894
178785124,-218,6486,-218,-272,54,-0.065228067338466644
178805116,-218,6486,-218,-268,50,-0.065382055938243866
178825108,-210,6486,-210,-264,54,-0.065480194985866547
178845100,-210,6486,-210,-260,50,-0.065473355352878571
178865092,-210,6486,-210,-255,45,-0.0656261146068573
178885084,-210,6485,-210,-250,40,-0.06587710976600647
178905076,-210,6485,-210,-246,36,-0.066260188817977905
178925068,-200,6485,-200,-242,42,-0.066530101001262665
178945060,-200,6485,-200,-239,39,-0.0666465163230896
178965052,-200,6485,-200,-236,36,-0.066704995930194855
178985044,-200,6485,-200,-234,34,-0.066824272274971008
179005036,-200,6485,-200,-231,31,-0.066938132047653198
179025028,-191,6485,-191,-228,37,-0.067015647888183594
179045020,-191,6485,-191,-225,34,-0.06693895161151886
179065012,-191,6485,-191,-223,32,-0.066597923636436462
179085004,-191,6485,-191,-222,31,-0.066282644867897034
179104996,-191,6485,-191,-221,30,-0.066167019307613373
179124988,-179,6485,-179,-218,39,-0.066168040037155151
179144980,-179,6485,-179,-217,38,-0.065961003303527832
179164972,-179,6485,-179,-216,37,-0.065692216157913208
179184964,-179,6486,-179,-215,36,-0.065416969358921051
179204956,-179,6486,-179,-213,34,-0.065209150314331055
179224948,-165,6486,-165,-210,45,-0.065026089549064636
179244940,-165,6486,-165,-208,43,-0.064878195524215698
179264932,-165,6486,-165,-206,41,-0.064864099025726318
179284924,-165,6486,-165,-204,39,-0.064986705780029297
179304916,-165,6486,-165,-203,38,-0.065086789429187775
179324908,-151,6486,-151,-201,50,-0.064994923770427704
179344900,-151,6486,-151,-200,49,-0.064805589616298676
179364892,-151,6486,-151,-198,47,-0.064807094633579254
179384884,-151,6486,-151,-197,46,-0.065002106130123138
179404876,-151,6486,-151,-196,45,-0.065183766186237335
179424868,-139,6486,-139,-196,57,-0.065328299999237061
179444860,-139,6486,-139,-196,57,-0.065463803708553314
179464852,-139,6485,-139,-196,57,-0.065657928586006165
179484844,-139,6485,-139,-195,56,-0.065762773156166077
179504836,-139,6485,-139,-193,54,-0.06587664783000946
179524828,-128,6485,-128,-191,63,-0.065975978970527649
179544820,-128,6485,-128,-190,62,-0.065962404012680054
179564812,-128,6485,-128,-188,60,-0.06601269543170929
179584804,-128,6485,-128,-186,58,-0.065882019698619843
179604796,-128,6485,-128,-183,55,-0.065686479210853577
179624788,-121,6486,-121,-181,60,-0.065526232123374939
179644780,-121,6486,-121,-178,57,-0.065470196306705475
179664772,-121,6486,-121,-174,53,-0.06540660560131073
179684764,-121,6486,-121,-172,51,-0.065204791724681854
179704756,-121,6486,-121,-168,47,-0.065072983503341675
179724748,-115,6486,-115,-163,48,-0.065139554440975189
179744740,-115,6486,-115,-160,45,-0.065134152770042419
179764732,-115,6486,-115,-156,41,-0.06529621034860611
179784724,-115,6485,-115,-153,38,-0.065735571086406708
179804716,-115,6485,-115,-151,36,-0.06613236665725708
179824708,-109,6485,-109,-149,40,-0.066565074026584625
179844700,-109,6485,-109,-146,37,-0.067109152674674988
179864692,-109,6485,-109,-143,34,-0.067558653652667999
179884684,-109,6485,-109,-140,31,-0.067821763455867767
179904676,-109,6485,-109,-137,28,-0.067935764789581299
179924668,-102,6484,-102,-134,32,-0.068074382841587067
179944660,-102,6484,-102,-131,29,-0.068164095282554626
179964652,-102,6484,-102,-128,26,-0.068322993814945221
179984644,-102,6484,-102,-126,24,-0.068441480398178101
180004636,-102,6484,-102,-124,22,-0.068700909614562988
180024628,-97,6484,-97,-121,24,-0.069154843688011169
180044620,-97,6484,-97,-118,21,-0.069639094173908234
180064612,-97,6484,-97,-115,18,-0.069928929209709167
180084604,-97,6484,-97,-111,14,-0.069961413741111755
180104596,-97,6484,-97,-107,10,-0.069852478802204132
180124588,-94,6484,-94,-104,10,-0.069696269929409027
180144580,-94,6484,-94,-103,9,-0.069429084658622742
180164572,-94,6484,-94,-101,7,-0.069332070648670197
180184564,-94,6484,-94,-101,7,-0.069292820990085602
180204556,-94,6484,-94,-99,5,-0.069146543741226196
180224548,-91,6484,-91,-97,6,-0.068899177014827728
180244540,-91,6484,-91,-96,5,-0.068715222179889679
180264532,-91,6484,-91,-96,5,-0.068544492125511169
180284524,-91,6484,-91,-96,5,-0.068501695990562439
180304516,-91,6484,-91,-96,5,-0.068508580327033997
180324508,-89,6484,-89,-96,7,-0.068463906645774841
180344500,-89,6484,-89,-95,6,-0.068373106420040131
180364492,-89,6484,-89,-95,6,-0.068258151412010193
180384484,-89,6484,-89,-95,6,-0.06819579005241394
180404476,-89,6484,-89,-95,6,-0.068151414394378662
180424468,-83,6484,-83,-95,12,-0.068273544311523438
180444460,-83,6484,-83,-95,12,-0.068522490561008453
180464452,-83,6484,-83,-95,12,-0.068768635392189026
180484444,-83,6484,-83,-95,12,-0.06891217827796936
180504436,-83,6484,-83,-96,13,-0.069240644574165344
180524428,-72,6484,-72,-95,23,-0.069765836000442505
180544420,-72,6483,-72,-94,22,-0.070293441414833069
180564412,-72,6483,-72,-95,23,-0.070843465626239777
180584404,-72,6483,-72,-96,24,-0.071442946791648865
180604396,-72,6483,-72,-96,24,-0.07181461900472641
180624388,-65,6483,-65,-95,30,-0.071975015103816986
180644380,-65,6483,-65,-94,29,-0.071947716176509857
180664372,-65,6483,-65,-93,28,-0.0722036212682724
180684364,-65,6482,-65,-91,26,-0.072637952864170074
180704356,-65,6482,-65,-89,24,-0.073134183883666992
180724348,-59,6482,-59,-87,28,-0.073548555374145508
180744340,-59,6482,-59,-85,26,-0.073923118412494659
180764332,-59,6482,-59,-84,25,-0.074077382683753967
180784324,-59,6482,-59,-84,25,-0.074291810393333435
180804316,-59,6481,-59,-83,24,-0.074629612267017365
180825141,-56,6481,-56,-84,28,-0.074752107262611389
180845133,-56,6481,-56,-84,28,-0.074740715324878693
180865125,-56,6481,-56,-84,28,-0.074846327304840088
180885117,-56,6481,-56,-83,27,-0.074918597936630249
180905109,-56,6481,-56,-80,24,-0.075068511068820953
180925101,-49,6481,-49,-77,28,-0.075014188885688782
180945093,-49,6481,-49,-75,26,-0.074938908219337463
180965085,-49,6481,-49,-73,24,-0.074688144028186798
180985077,-49,6481,-49,-71,22,-0.074474044144153595
181005069,-49,6482,-49,-68,19,-0.074175558984279633
181025061,-43,6482,-43,-65,22,-0.074018537998199463
181045053,-43,6482,-43,-63,20,-0.07394062727689743
181065045,-43,6482,-43,-62,19,-0.074139565229415894
181085037,-43,6482,-43,-61,18,-0.074341379106044769
181105029,-43,6482,-43,-61,18,-0.074388056993484497
181125021,-39,6482,-39,-61,22,-0.074246130883693695
181145013,-39,6482,-39,-60,21,-0.073778636753559113
181165005,-39,6482,-39,-59,20,-0.073407292366027832
181184997,-39,6482,-39,-57,18,-0.073087505996227264
181204989,-39,6482,-39,-56,17,-0.072917424142360687
181224981,-38,6482,-38,-55,17,-0.072667576372623444
181244973,-38,6482,-38,-54,16,-0.072463743388652802
181264965,-38,6482,-38,-53,15,-0.072501480579376221
181284957,-38,6482,-38,-51,13,-0.072607330977916718
181304949,-38,6482,-38,-49,11,-0.072769314050674438
181324941,-38,6482,-38,-48,10,-0.073039650917053223
181344933,-38,6482,-38,-46,8,-0.073295921087265015
181364925,-38,6482,-38,-46,8,-0.073349945247173309
181384917,-38,6482,-38,-46,8,-0.073305502533912659
181404909,-38,6482,-38,-46,8,-0.073300562798976898
181424901,-33,6482,-33,-48,15,-0.073160476982593536
181444893,-33,6482,-33,-49,16,-0.07300124317407608
181464885,-33,6482,-33,-50,17,-0.072758868336677551
181484877,-33,6482,-33,-49,16,-0.07251846045255661
181504869,-33,6482,-33,-49,16,-0.072372235357761383
181524861,-30,6483,-30,-49,19,-0.072264783084392548
181544853,-30,6483,-30,-49,19,-0.072196289896965027
181564845,-30,6483,-30,-48,18,-0.071986690163612366
181584837,-30,6483,-30,-47,17,-0.071762360632419586
181604829,-30,6483,-30,-47,17,-0.071545399725437164
181624821,-28,6483,-28,-47,19,-0.071508631110191345
181644813,-28,6483,-28,-48,20,-0.071421638131141663
181664805,-28,6483,-28,-49,21,-0.071266151964664459
181684797,-28,6483,-28,-49,21,-0.071055583655834198
181704789,-28,6483,-28,-47,19,-0.070954807102680206
181724781,-26,6483,-26,-45,19,-0.070826336741447449
181744773,-26,6483,-26,-43,17,-0.070716530084609985
181764765,-26,6483,-26,-41,15,-0.070711426436901093
181784757,-26,6483,-26,-40,14,-0.070924088358879089
181804749,-26,6483,-26,-38,12,-0.071337029337882996
181824741,-30,6483,-30,-37,7,-0.071842163801193237
181844733,-30,6483,-30,-37,7,-0.072330750524997711
181864725,-30,6482,-30,-35,5,-0.072830714285373688
181884717,-30,6482,-30,-34,4,-0.073383323848247528
181904709,-30,6482,-30,-33,3,-0.073958292603492737
181924701,-30,6481,-30,-33,3,-0.074685536324977875
181944693,-30,6481,-30,-34,4,-0.075337328016757965
181964685,-30,6481,-30,-34,4,-0.075921721756458282
181984677,-30,6480,-30,-34,4,-0.076635129749774933
182004669,-30,6480,-30,-35,5,-0.077327102422714233
182024661,-27,6480,-27,-35,8,-0.077949509024620056
182044653,-27,6480,-27,-35,8,-0.078389503061771393
182064645,-27,6479,-27,-35,8,-0.078963465988636017
182084637,-27,6479,-27,-36,9,-0.079312048852443695
182104629,-27,6479,-27,-36,9,-0.079473696649074554
182124621,-23,6479,-23,-36,13,-0.079501062631607056
182144613,-23,6479,-23,-36,13,-0.079413272440433502
182164605,-23,6479,-23,-36,13,-0.079458191990852356
182184597,-23,6479,-23,-36,13,-0.079522579908370972
182204589,-23,6479,-23,-35,12,-0.079636842012405396
182224581,-19,6479,-19,-34,15,-0.079719580709934235
182244573,-19,6479,-19,-34,15,-0.079673066735267639
182264565,-19,6479,-19,-34,15,-0.079580962657928467
182284557,-19,6479,-19,-35,16,-0.079351708292961121
182304549,-19,6479,-19,-35,16,-0.079124748706817627
182324541,-11,6479,-11,-35,24,-0.078997589647769928
182344533,-11,6479,-11,-35,24,-0.078907914459705353
182364525,-11,6479,-11,-34,23,-0.078536249697208405
182384517,-11,6480,-11,-33,22,-0.078165285289287567
182404509,-11,6480,-11,-32,21,-0.077926605939865112
182424501,-4,6480,-4,-31,27,-0.077809900045394897
182444493,-4,6480,-4,-29,25,-0.07776264101266861
182464485,-4,6480,-4,-28,24,-0.077933654189109802
182484477,-4,6480,-4,-27,23,-0.078023552894592285
182504469,-4,6480,-4,-26,22,-0.078061170876026154
182524461,-3,6480,-3,-25,22,-0.07809746265411377
182544453,-3,6480,-3,-24,21,-0.078039512038230896
182564445,-3,6480,-3,-23,20,-0.077858507633209229
182584437,-3,6480,-3,-23,20,-0.077858902513980865
182604429,-3,6480,-3,-21,18,-0.077758096158504486
182624421,-2,6480,-2,-21,19,-0.077767066657543182
182644413,-2,6480,-2,-20,18,-0.077678687870502472
182664405,-2,6480,-2,-19,17,-0.077603802084922791
182684397,-2,6480,-2,-18,16,-0.077555827796459198
182704389,-2,6480,-2,-17,15,-0.077592924237251282
182724381,1,6480,1,-16,17,-0.077578537166118622
182744373,1,6480,1,-14,15,-0.077459774911403656
182764365,1,6480,1,-12,13,-0.07741893082857132
182784357,1,6480,1,-11,12,-0.077563732862472534
182804349,1,6480,1,-10,11,-0.077701106667518616
182824341,0,6480,0,-9,9,-0.077997058629989624
182844333,0,6480,0,-7,7,-0.078367806971073151
182864325,0,6479,0,-4,4,-0.07872387021780014
182884317,0,6479,0,-1,1,-0.079045809805393219
182905142,0,6479,0,0,0,-0.079114764928817749
182925134,-5,6479,-5,1,-6,-0.078989788889884949
182945126,-5,6479,-5,3,-8,-0.079048626124858856
182965118,-5,6479,-5,4,-9,-0.07927975058555603
182985110,-5,6479,-5,6,-11,-0.079340264201164246
183005102,-5,6479,-5,7,-12,-0.079192362725734711
183025094,-6,6479,-6,5,-11,-0.079145088791847229
183045086,-6,6479,-6,5,-11,-0.079231984913349152
183065078,-6,6479,-6,4,-10,-0.079434946179389954
183085070,-6,6479,-6,5,-11,-0.079569876194000244
183105062,-6,6479,-6,5,-11,-0.079760745167732239
183125054,-7,6479,-7,6,-13,-0.079944513738155365
183145046,-7,6479,-7,7,-14,-0.080299176275730133
183165038,-7,6478,-7,7,-14,-0.080695487558841705
183185030,-7,6478,-7,7,-14,-0.080965593457221985
183205022,-7,6478,-7,8,-15,-0.081006944179534912
183225014,-11,6478,-11,8,-19,-0.08084675669670105
183245006,-11,6478,-11,9,-20,-0.080713056027889252
183264998,-11,6478,-11,10,-21,-0.080631621181964874
183284990,-11,6478,-11,10,-21,-0.080566577613353729
183304982,-11,6479,-11,10,-21,-0.080398343503475189
183324974,-11,6479,-11,10,-21,-0.080142810940742493
183344966,-11,6479,-11,12,-23,-0.07980811595916748
183364958,-11,6479,-11,14,-25,-0.079457119107246399
183384950,-11,6479,-11,16,-27,-0.079158470034599304
183404942,-11,6479,-11,16,-27,-0.07877398282289505
183424934,-13,6479,-13,15,-28,-0.07846822589635849
183444926,-13,6480,-13,15,-28,-0.078173071146011353
183464918,-13,6480,-13,15,-28,-0.077837616205215454
183484910,-13,6480,-13,14,-27,-0.077494464814662933
183504902,-13,6480,-13,13,-26,-0.077160276472568512
183524894,-16,6480,-16,12,-28,-0.076977670192718506
183544886,-16,6480,-16,10,-26,-0.076869890093803406
183564878,-16,6480,-16,9,-25,-0.07683245837688446
183584870,-16,6481,-16,6,-22,-0.076441548764705658
183604862,-16,6481,-16,3,-19,-0.075955934822559357
183624854,-15,6481,-15,1,-16,-0.075584173202514648
183644846,-15,6481,-15,-1,-14,-0.07549712061882019
183664838,-15,6481,-15,-3,-12,-0.07567393034696579
183684830,-15,6481,-15,-6,-9,-0.075935453176498413
183704822,-15,6481,-15,-9,-6,-0.076301082968711853
183724814,-9,6480,-9,-11,2,-0.076866820454597473
183744806,-9,6480,-9,-13,4,-0.077256269752979279
183764798,-9,6480,-9,-14,5,-0.077521324157714844
183784790,-9,6480,-9,-15,6,-0.07781963050365448
183804782,-9,6480,-9,-17,8,-0.078203596174716949
183824774,-5,6479,-5,-18,13,-0.078760802745819092
183844766,-5,6479,-5,-20,15,-0.079459123313426971
183864758,-5,6479,-5,-22,17,-0.080039769411087036
183884750,-5,6478,-5,-25,20,-0.080577239394187927
183904742,-5,6478,-5,-26,21,-0.081148304045200348
183924734,-1,6478,-1,-28,27,-0.081777989864349365
183944726,-1,6477,-1,-30,29,-0.082333207130432129
183964718,-1,6477,-1,-31,30,-0.082784891128540039
183984710,-1,6477,-1,-31,30,-0.08289279043674469
184004702,-1,6477,-1,-32,31,-0.082925580441951752
184024694,1,6477,1,-34,35,-0.082870692014694214
184044686,1,6477,1,-34,35,-0.082718737423419952
184064678,1,6477,1,-33,34,-0.082488395273685455
184084670,1,6478,1,-34,35,-0.082131475210189819
184104662,1,6478,1,-34,35,-0.081891678273677826
184124654,4,6478,4,-33,37,-0.081571295857429504
184144646,4,6478,4,-32,36,-0.081313170492649078
184164638,4,6478,4,-32,36,-0.081110738217830658
184184630,4,6478,4,-32,36,-0.080855630338191986
184204622,4,6478,4,-31,35,-0.080667898058891296
184224614,5,6478,5,-29,34,-0.0805806964635849
184244606,5,6478,5,-28,33,-0.080475136637687683
184264598,5,6479,5,-26,31,-0.08037363737821579
184284590,5,6479,5,-25,30,-0.080258831381797791
184304582,5,6479,5,-24,29,-0.080014027655124664
184324574,7,6479,7,-22,29,-0.079888194799423218
184344566,7,6479,7,-20,27,-0.080048218369483948
184364558,7,6479,7,-19,26,-0.080268941819667816
184384550,7,6478,7,-18,25,-0.080644398927688599
184404542,7,6478,7,-15,22,-0.081101462244987488
184424534,11,6478,11,-12,23,-0.081454925239086151
184444526,11,6478,11,-9,20,-0.081869833171367645
184464518,11,6478,11,-7,18,-0.082268893718719482
184484510,11,6477,11,-4,15,-0.082592189311981201
184504502,11,6477,11,-2,13,-0.08295624703168869
184524494,11,6477,11,0,11,-0.083261542022228241
184544486,11,6477,11,1,10,-0.08362579345703125
184564478,11,6477,11,2,9,-0.083929508924484253
184584470,11,6476,11,3,8,-0.084224551916122437
184604462,11,6476,11,4,7,-0.08436361700296402
184624454,12,6476,12,5,7,-0.084533728659152985
184644446,12,6476,12,7,5,-0.084694556891918182
184664438,12,6476,12,9,3,-0.084883451461791992
184684430,12,6476,12,11,1,-0.085072793066501617
184704422,12,6476,12,11,1,-0.085222184658050537
184724414,11,6476,11,11,0,-0.085504412651062012
184744406,11,6476,11,11,0,-0.085791051387786865
184764398,11,6476,11,10,1,-0.085907682776451111
184784390,11,6475,11,9,2,-0.085995942354202271
184804382,11,6475,11,7,4,-0.086105950176715851
184824374,13,6475,13,6,7,-0.086094580590724945
184844366,13,6475,13,4,9,-0.086133703589439392
184864358,13,6475,13,2,11,-0.086113028228282928
184884350,13,6476,13,1,12,-0.085817724466323853
184904342,13,6476,13,0,13,-0.085411839187145233
184924334,14,6476,14,0,14,-0.084794379770755768
184944326,14,6477,14,-2,16,-0.084123268723487854
184964318,14,6477,14,-3,17,-0.083221264183521271
184984310,14,6477,14,-4,18,-0.082583539187908173
185005135,14,6478,14,-5,19,-0.082070648670196533
185025127,12,6478,12,-5,17,-0.081763587892055511
185045119,12,6478,12,-4,16,-0.081476427614688873
185065111,12,6478,12,-2,14,-0.081216961145401001
185085103,12,6478,12,-1,13,-0.080991290509700775
185105095,12,6478,12,0,12,-0.080806218087673187
185125087,10,6478,10,2,8,-0.080465227365493774
185145079,10,6479,10,2,8,-0.080225877463817596
185165071,10,6479,10,2,8,-0.080240517854690552
185185063,10,6478,10,2,8,-0.080552525818347931
185205055,10,6478,10,2,8,-0.080827407538890839
185225047,8,6478,8,2,6,-0.081120952963829041
185245039,8,6478,8,3,5,-0.081442944705486298
185265031,8,6478,8,5,3,-0.081566721200942993
185285023,8,6478,8,8,0,-0.081979386508464813
185305015,8,6477,8,9,-1,-0.082590319216251373
185325007,11,6477,11,9,2,-0.083197370171546936
185344999,11,6477,11,9,2,-0.083681024610996246
185364991,11,6476,11,10,1,-0.084155209362506866
185384983,11,6476,11,10,1,-0.084496699273586273
185404975,11,6476,11,10,1,-0.084857180714607239
185424967,10,6476,10,11,-1,-0.085311867296695709
185444959,10,6476,10,11,-1,-0.085763387382030487
185464951,10,6475,10,12,-2,-0.086191117763519287
185484943,10,6475,10,15,-5,-0.086322285234928131
185504935,10,6475,10,18,-8,-0.086144693195819855
185524927,7,6475,7,20,-13,-0.086163707077503204
185544919,7,6475,7,22,-15,-0.086160168051719666
185564911,7,6475,7,23,-16,-0.086049795150756836
185584903,7,6476,7,23,-16,-0.085906825959682465
185604895,7,6476,7,24,-17,-0.085814572870731354
185624887,5,6476,5,23,-18,-0.085578709840774536
185644879,5,6476,5,22,-17,-0.085376620292663574
185664871,5,6476,5,21,-16,-0.085259050130844116
185684863,5,6476,5,19,-14,-0.085348509252071381
185704855,5,6476,5,18,-13,-0.085462585091590881
185724847,4,6476,4,18,-14,-0.085540249943733215
185744839,4,6476,4,19,-15,-0.085488550364971161
185764831,4,6476,4,20,-16,-0.085308782756328583
185784823,4,6476,4,21,-17,-0.084948152303695679
185804815,4,6476,4,20,-16,-0.084674008190631866
185824807,4,6476,4,19,-15,-0.084372833371162415
185844799,4,6477,4,16,-12,-0.084120221436023712
185864791,4,6477,4,15,-11,-0.083914510905742645
185884783,4,6477,4,14,-10,-0.083794690668582916
185904775,4,6477,4,13,-9,-0.083647303283214569
185924767,5,6477,5,12,-7,-0.083586156368255615
185944759,5,6477,5,11,-6,-0.083504073321819305
185964751,5,6477,5,11,-6,-0.083422727882862091
185984743,5,6477,5,9,-4,-0.083339080214500427
186004735,5,6477,5,8,-3,-0.083191253244876862
186024727,5,6477,5,6,-1,-0.08300984650850296
186044719,5,6477,5,4,1,-0.082851804792881012
186064711,5,6477,5,2,3,-0.082883261144161224
186084703,5,6477,5,0,5,-0.083165824413299561
186104695,5,6477,5,-1,6,-0.083489783108234406
186124687,8,6477,8,-3,11,-0.083885461091995239
186144679,8,6476,8,-5,13,-0.0843333899974823
186164671,8,6476,8,-8,16,-0.084474377334117889
186184663,8,6476,8,-10,18,-0.084555566310882568
186204655,8,6476,8,-12,20,-0.084798999130725861
186224647,13,6476,13,-12,25,-0.084936141967773438
186244639,13,6476,13,-12,25,-0.085018426179885864
186264631,13,6476,13,-11,24,-0.08495716005563736
186284623,13,6476,13,-9,22,-0.084800459444522858
186304615,13,6476,13,-8,21,-0.084510542452335358
186324607,15,6476,15,-7,22,-0.084213428199291229
186344599,15,6477,15,-6,21,-0.083922281861305237
186364591,15,6477,15,-4,19,-0.083671778440475464
186384583,15,6477,15,-2,17,-0.083593912422657013
186404575,15,6477,15,0,15,-0.083594344556331635
186424567,16,6477,16,0,16,-0.08372940868139267
186444559,16,6477,16,0,16,-0.083885699510574341
186464551,16,6477,16,0,16,-0.083969831466674805
186484543,16,6477,16,0,16,-0.083960987627506256
186504535,16,6477,16,0,16,-0.083842024207115173
186524527,14,6477,14,-1,15,-0.083798721432685852
186544519,14,6477,14,-2,16,-0.083958499133586884
186564511,14,6477,14,-3,17,-0.08409823477268219
186584503,14,6476,14,-3,17,-0.084261074662208557
186604495,14,6476,14,-3,17,-0.084346435964107513
186624487,15,6476,15,-3,18,-0.084610812366008759
186644479,15,6476,15,-2,17,-0.08469720184803009
186664471,15,6476,15,-1,16,-0.084591098129749298
186684463,15,6476,15,0,15,-0.084590502083301544
186704455,15,6476,15,2,13,-0.084761418402194977
186724447,18,6476,18,5,13,-0.085062973201274872
186744439,18,6476,18,8,10,-0.08526979386806488
186764431,18,6476,18,11,7,-0.08551788330078125
186784423,18,6476,18,13,5,-0.085721738636493683
186804415,18,6476,18,15,3,-0.085668720304965973
186824407,22,6476,22,17,5,-0.08565964549779892
186844399,22,6476,22,19,3,-0.085690326988697052
186864391,22,6476,22,21,1,-0.085736572742462158
186884383,22,6476,22,21,1,-0.085786983370780945
186904375,22,6475,22,20,2,-0.086036346852779388
186924367,25,6475,25,18,7,-0.086209520697593689
186944359,25,6475,25,16,9,-0.086233571171760559
186964351,25,6475,25,14,11,-0.086192592978477478
186984343,25,6475,25,12,13,-0.086245693266391754
187004335,25,6475,25,11,14,-0.086150184273719788
187024327,30,6475,30,11,19,-0.085973523557186127
187044319,30,6476,30,13,17,-0.085909239947795868
187064311,30,6475,30,15,15,-0.086078040301799774
187085136,30,6475,30,16,14,-0.086318641901016235
187105128,30,6475,30,17,13,-0.086503565311431885
187125120,35,6475,35,18,17,-0.086661092936992645
187145112,35,6475,35,19,16,-0.086756803095340729
187165104,35,6475,35,18,17,-0.086801938712596893
187185096,35,6475,35,18,17,-0.086715541779994965
187205088,35,6475,35,18,17,-0.086600922048091888
187225080,40,6475,40,18,22,-0.086572326719760895
187245072,40,6475,40,19,21,-0.086439244449138641
187265064,40,6475,40,19,21,-0.086328878998756409
187285056,40,6475,40,20,20,-0.086377151310443878
187305048,40,6475,40,20,20,-0.086559146642684937
187325040,43,6475,43,19,24,-0.086754553020000458
187345032,43,6475,43,19,24,-0.086973361670970917
187365024,43,6475,43,19,24,-0.087200820446014404
187385016,43,6475,43,19,24,-0.087349683046340942
187405008,43,6475,43,21,22,-0.087340883910655975
187425000,44,6475,44,23,21,-0.087394841015338898
187444992,44,6475,44,25,19,-0.087208747863769531
187464984,44,6475,44,26,18,-0.086989931762218475
187484976,44,6475,44,28,16,-0.08678022027015686
187504968,44,6475,44,32,12,-0.086649492383003235
187524960,43,6475,43,35,8,-0.086463168263435364
187544952,43,6475,43,38,5,-0.086340852081775665
187564944,43,6475,43,39,4,-0.086358070373535156
187584936,43,6475,43,40,3,-0.086675025522708893
187604928,43,6475,43,40,3,-0.087227068841457367
187624920,42,6475,42,41,1,-0.087619990110397339
187644912,42,6474,42,42,0,-0.087993636727333069
187664904,42,6474,42,42,0,-0.088228709995746613
187684896,42,6474,42,43,-1,-0.088283322751522064
187704888,42,6474,42,44,-2,-0.08839792013168335
187724880,37,6474,37,45,-8,-0.088562116026878357
187744872,37,6474,37,48,-11,-0.088666319847106934
187764864,37,6474,37,50,-13,-0.088711515069007874
187784856,37,6474,37,50,-13,-0.08891761302947998
187804848,37,6474,37,51,-14,-0.089012406766414642
187824840,34,6474,34,51,-17,-0.088766872882843018
187844832,34,6474,34,51,-17,-0.088395118713378906
187864824,34,6474,34,50,-16,-0.087988272309303284
187884816,34,6475,34,49,-15,-0.087620317935943604
187904808,34,6475,34,48,-14,-0.08731485903263092
187924800,32,6475,32,47,-15,-0.086962759494781494
187944792,32,6475,32,46,-14,-0.086753927171230316
187964784,32,6475,32,46,-14,-0.086648061871528625
187984776,32,6475,32,46,-14,-0.086442999541759491
188004768,32,6475,32,46,-14,-0.086266249418258667
188024760,31,6475,31,45,-14,-0.085983484983444214
188044752,31,6476,31,44,-13,-0.085456840693950653
188064744,31,6476,31,43,-12,-0.084839947521686554
188084736,31,6476,31,43,-12,-0.084354452788829803
188104728,31,6477,31,41,-10,-0.084039047360420227
188124720,27,6477,27,40,-13,-0.083809159696102142
188144712,27,6477,27,39,-12,-0.08356156200170517
188164704,27,6477,27,39,-12,-0.083337448537349701
188184696,27,6477,27,38,-11,-0.083241090178489685
188204688,27,6477,27,39,-12,-0.083212435245513916
188224680,28,6477,28,40,-12,-0.083185084164142609
188244672,28,6477,28,42,-14,-0.083173073828220367
188264664,28,6477,28,43,-15,-0.083246298134326935
188284656,28,6477,28,44,-16,-0.083465620875358582
188304648,28,6477,28,46,-18,-0.083597064018249512
188324640,22,6477,22,47,-25,-0.083837881684303284
188344632,22,6476,22,46,-24,-0.084378719329833984
188364624,22,6476,22,45,-23,-0.085004672408103943
188384616,22,6476,22,44,-22,-0.085730187594890594
188404608,22,6475,22,42,-20,-0.08654620498418808
188424600,23,6475,23,38,-15,-0.087201505899429321
188444592,23,6475,23,34,-11,-0.087706923484802246
188464584,23,6474,23,30,-7,-0.088021181523799896
188484576,23,6474,23,27,-4,-0.088247522711753845
188504568,23,6474,23,25,-2,-0.088428974151611328
188524560,26,6474,26,25,1,-0.088577993214130402
188544552,26,6474,26,24,2,-0.08866717666387558
188564544,26,6474,26,23,3,-0.088851392269134521
188584536,26,6474,26,22,4,-0.089087732136249542
188604528,26,6474,26,24,2,-0.089151464402675629
188624520,23,6474,23,25,-2,-0.089183509349822998
188644512,23,6474,23,26,-3,-0.089340366423130035
188664504,23,6473,23,28,-5,-0.089583024382591248
188684496,23,6473,23,29,-6,-0.089758671820163727
188704488,23,6473,23,30,-7,-0.089788585901260376
188724480,21,6473,21,31,-10,-0.08973819762468338
188744472,21,6473,21,31,-10,-0.089494168758392334
188764464,21,6474,21,32,-11,-0.089188419282436371
188784456,21,6474,21,33,-12,-0.089191995561122894
188804448,21,6474,21,34,-13,-0.089402258396148682
188824440,18,6473,18,34,-16,-0.089528076350688934
188844432,18,6473,18,34,-16,-0.089473851025104523
188864424,18,6474,18,35,-17,-0.089279122650623322
188884416,18,6474,18,36,-18,-0.089071586728096008
188904408,18,6474,18,38,-20,-0.088696256279945374
188924400,13,6474,13,40,-27,-0.088400661945343018
188944392,13,6474,13,40,-27,-0.088003620505332947
188964384,13,6475,13,41,-28,-0.087596334517002106
188984376,13,6475,13,42,-29,-0.087333358824253082
189004368,13,6475,13,42,-29,-0.087365522980690002
189024360,5,6475,5,41,-36,-0.087528802454471588
189044352,5,6475,5,40,-35,-0.087725989520549774
189064344,5,6474,5,38,-33,-0.087842546403408051
189084336,5,6474,5,36,-31,-0.087919279932975769
189104328,5,6474,5,33,-28,-0.088032476603984833
189124320,3,6474,3,31,-28,-0.088276796042919159
189144312,3,6474,3,29,-26,-0.088607184588909149
189165137,3,6474,3,28,-25,-0.088822461664676666
189185129,3,6474,3,26,-23,-0.088879704475402832
189205121,3,6474,3,24,-21,-0.088698320090770721
189225113,3,6474,3,20,-17,-0.088602133095264435
189245105,3,6474,3,16,-13,-0.088694110512733459
189265097,3,6474,3,13,-10,-0.089068934321403503
189285089,3,6474,3,11,-8,-0.089470714330673218
189305081,3,6473,3,9,-6,-0.089839726686477661
189325073,3,6473,3,7,-4,-0.089994356036186218
189345065,3,6473,3,6,-3,-0.090056851506233215
189365057,3,6473,3,4,-1,-0.090021029114723206
189385049,3,6473,3,3,0,-0.089982904493808746
189405041,3,6473,3,3,0,-0.089932963252067566
189425033,3,6473,3,4,-1,-0.089884944260120392
189445025,3,6473,3,4,-1,-0.089877255260944366
189465017,3,6473,3,5,-2,-0.089869365096092224
189485009,3,6473,3,5,-2,-0.089909687638282776
189505001,3,6473,3,6,-3,-0.089743778109550476
189524993,-1,6473,-1,8,-9,-0.089530780911445618
189544985,-1,6474,-1,11,-12,-0.0893373042345047
189564977,-1,6474,-1,13,-14,-0.089178159832954407
189584969,-1,6474,-1,14,-15,-0.089132234454154968
189604961,-1,6474,-1,13,-14,-0.089080549776554108
189624953,-6,6474,-6,13,-19,-0.089169375598430634
189644945,-6,6474,-6,14,-20,-0.089432984590530396
189664937,-6,6473,-6,13,-19,-0.089609518647193909
189684929,-6,6473,-6,11,-17,-0.089699670672416687
189704921,-6,6473,-6,9,-15,-0.089764975011348724
189724913,-6,6473,-6,8,-14,-0.0899544358253479
189744905,-6,6473,-6,8,-14,-0.089909635484218597
189764897,-6,6473,-6,7,-13,-0.0896773561835289
189784889,-6,6474,-6,7,-13,-0.08936154842376709
189804881,-6,6474,-6,8,-14,-0.08889462798833847
189824873,-4,6474,-4,9,-13,-0.088515982031822205
189844865,-4,6474,-4,9,-13,-0.088451750576496124
189864857,-4,6474,-4,10,-14,-0.088384687900543213
189884849,-4,6474,-4,11,-15,-0.088219456374645233
189904841,-4,6474,-4,11,-15,-0.087934188544750214
189924833,-7,6474,-7,9,-16,-0.08784736692905426
189944825,-7,6474,-7,8,-15,-0.087944313883781433
189964817,-7,6474,-7,6,-13,-0.088115513324737549
189984809,-7,6474,-7,3,-10,-0.088165678083896637
190004801,-7,6474,-7,2,-9,-0.08810095489025116
190024793,-9,6474,-9,1,-10,-0.087896384298801422
190044785,-9,6475,-9,0,-9,-0.087666630744934082
190064777,-9,6475,-9,-1,-8,-0.087534219026565552
190084769,-9,6475,-9,-2,-7,-0.087549865245819092
190104761,-9,6475,-9,-3,-6,-0.087481006979942322
190124753,-12,6475,-12,-3,-9,-0.087243326008319855
190144745,-12,6475,-12,-4,-8,-0.087110385298728943
190164737,-12,6475,-12,-5,-7,-0.087113335728645325
190184729,-12,6475,-12,-5,-7,-0.087260931730270386
190204721,-12,6475,-12,-5,-7,-0.087393157184123993
190224713,-11,6475,-11,-5,-6,-0.0876002237200737
190244705,-11,6474,-11,-5,-6,-0.088032685220241547
190264697,-11,6474,-11,-5,-6,-0.088571794331073761
190284689,-11,6474,-11,-7,-4,-0.089108727872371674
190304681,-11,6473,-11,-8,-3,-0.089694201946258545
190324673,-10,6473,-10,-9,-1,-0.090202972292900085
190344665,-10,6473,-10,-8,-2,-0.090654484927654266
190364657,-10,6473,-10,-8,-2,-0.091086767613887787
190384649,-10,6472,-10,-9,-1,-0.091402254998683929
190404641,-10,6472,-10,-9,-1,-0.091216742992401123
190424633,-9,6473,-9,-9,0,-0.091024808585643768
190444625,-9,6473,-9,-9,0,-0.090866804122924805
190464617,-9,6473,-9,-10,1,-0.090784616768360138
190484609,-9,6473,-9,-11,2,-0.090584225952625275
190504601,-9,6473,-9,-12,3,-0.090194001793861389
190524593,-7,6473,-7,-12,5,-0.089839555323123932
190544585,-7,6473,-7,-13,6,-0.089558407664299011
190564577,-7,6474,-7,-14,7,-0.089375831186771393
190584569,-7,6474,-7,-16,9,-0.089211054146289825
190604561,-7,6474,-7,-18,11,-0.088967368006706238
190624553,-1,6474,-1,-20,19,-0.088697992265224457
190644545,-1,6474,-1,-22,21,-0.088533960282802582
190664537,-1,6474,-1,-23,22,-0.088548935949802399
190684529,-1,6474,-1,-22,21,-0.088591821491718292
190704521,-1,6474,-1,-21,20,-0.088637389242649078
190724513,1,6474,1,-21,22,-0.088799864053726196
190744505,1,6474,1,-20,21,-0.088926635682582855
190764497,1,6474,1,-20,21,-0.089016474783420563
190784489,1,6474,1,-18,19,-0.089152686297893524
190804481,1,6474,1,-17,18,-0.089257553219795227
190824473,2,6474,2,-16,18,-0.089423097670078278
190844465,2,6473,2,-16,18,-0.089599281549453735
190864457,2,6473,2,-16,18,-0.089882455766201019
190884449,2,6473,2,-15,17,-0.090014532208442688
190904441,2,6473,2,-15,17,-0.090132072567939758
190924433,4,6473,4,-16,20,-0.090263143181800842
190944425,4,6473,4,-15,19,-0.090300090610980988
190964417,4,6473,4,-16,20,-0.090205185115337372
190984409,4,6473,4,-18,22,-0.090058028697967529
191004401,4,6473,4,-19,23,-0.089925177395343781
191024393,6,6473,6,-20,26,-0.08990536630153656
191044385,6,6473,6,-19,25,-0.089927263557910919
191064377,6,6473,6,-17,23,-0.090036891400814056
191084369,6,6473,6,-16,22,-0.090046659111976624
191104361,6,6473,6,-14,20,-0.09001835435628891
191124353,3,6473,3,-14,17,-0.090029552578926086
191144345,3,6473,3,-13,16,-0.090191476047039032
191164337,3,6473,3,-11,14,-0.090338431298732758
191184329,3,6473,3,-10,13,-0.090380087494850159
191204321,3,6473,3,-9,12,-0.090411342680454254
191224313,6,6473,6,-7,13,-0.0903354212641716
191245138,6,6473,6,-6,12,-0.09021332859992981
191265130,6,6473,6,-7,13,-0.090342126786708832
191285122,6,6473,6,-7,13,-0.090498991310596466
191305114,6,6473,6,-6,12,-0.090563014149665833
191325106,13,6473,13,-5,18,-0.090470045804977417
191345098,13,6473,13,-5,18,-0.090168893337249756
191365090,13,6473,13,-3,16,-0.089803099632263184
191385082,13,6473,13,-2,15,-0.08959430456161499
191405074,13,6474,13,-2,15,-0.089404381811618805
191425066,22,6474,22,-4,26,-0.089250080287456512
191445058,22,6474,22,-5,27,-0.089084252715110779
191465050,22,6474,22,-7,29,-0.088670715689659119
191485042,22,6474,22,-9,31,-0.088052168488502502
191505034,22,6474,22,-11,33,-0.087843596935272217
191525026,21,6475,21,-14,35,-0.087526291608810425
191545018,21,6475,21,-15,36,-0.087155789136886597
191565010,21,6475,21,-16,37,-0.087075769901275635
191585002,21,6475,21,-15,36,-0.087268024682998657
191604994,21,6475,21,-13,34,-0.087629631161689758
191624986,16,6474,16,-11,27,-0.087961591780185699
191644978,16,6474,16,-8,24,-0.088188864290714264
191664970,16,6474,16,-6,22,-0.088535845279693604
191684962,16,6474,16,-3,19,-0.08880731463432312
191704954,16,6474,16,0,16,-0.08906545490026474
191724946,17,6474,17,0,17,-0.089283563196659088
191744938,17,6473,17,1,16,-0.089513778686523438
191764930,17,6473,17,0,17,-0.089784540235996246
191784922,17,6473,17,0,17,-0.089832611382007599
191804914,17,6473,17,0,17,-0.089839905500411987
191824906,16,6473,16,0,16,-0.089799255132675171
191844898,16,6473,16,0,16,-0.089672096073627472
191864890,16,6473,16,0,16,-0.08977624773979187
191884882,16,6473,16,2,14,-0.09015481173992157
191904874,16,6473,16,5,11,-0.090546019375324249
191924866,14,6473,14,8,6,-0.090949267148971558
191944858,14,6472,14,10,4,-0.091184839606285095
191964850,14,6473,14,12,2,-0.091158062219619751
191984842,14,6473,14,14,0,-0.091107606887817383
192004834,14,6473,14,15,-1,-0.091068863868713379
192024826,14,6472,14,15,-1,-0.091242663562297821
192044818,14,6472,14,16,-2,-0.091597884893417358
192064810,14,6472,14,17,-3,-0.092055276036262512
192084802,14,6472,14,18,-4,-0.092377476394176483
192104794,14,6472,14,18,-4,-0.092611081898212433
192124786,14,6472,14,16,-2,-0.092645451426506042
192144778,14,6472,14,15,-1,-0.092469662427902222
192164770,14,6472,14,15,-1,-0.092401899397373199
192184762,14,6472,14,15,-1,-0.092417024075984955
192204754,14,6472,14,15,-1,-0.092395193874835968
192224746,11,6472,11,16,-5,-0.092211946845054626
192244738,11,6472,11,17,-6,-0.091967910528182983
192264730,11,6472,11,17,-6,-0.091708056628704071
192284722,11,6472,11,17,-6,-0.091382816433906555
192304714,11,6473,11,17,-6,-0.090951539576053619
192324706,10,6473,10,19,-9,-0.090529218316078186
192344698,10,6473,10,21,-11,-0.090130813419818878
192364690,10,6473,10,23,-13,-0.089655309915542603
192384682,10,6474,10,24,-14,-0.089121200144290924
192404674,10,6474,10,25,-15,-0.088619023561477661
192424666,12,6474,12,27,-15,-0.088209375739097595
192444658,12,6474,12,27,-15,-0.087878264486789703
192464650,12,6475,12,25,-13,-0.087582528591156006
192484642,12,6475,12,24,-12,-0.087156027555465698
192504634,12,6475,12,23,-11,-0.086739107966423035
192524626,12,6475,12,22,-10,-0.086490899324417114
192544618,12,6475,12,21,-9,-0.086454294621944427
192564610,12,6475,12,20,-8,-0.086617998778820038
192584602,12,6475,12,18,-6,-0.086767859756946564
192604594,12,6475,12,17,-5,-0.087130457162857056
192624586,13,6475,13,16,-3,-0.08747728168964386
192644578,13,6475,13,15,-2,-0.087691530585289001
192664570,13,6474,13,13,0,-0.087752886116504669
192684562,13,6474,13,13,0,-0.08788597583770752
192704554,13,6474,13,12,1,-0.087988995015621185
192724546,12,6474,12,12,0,-0.088249437510967255
192744538,12,6474,12,11,1,-0.088624149560928345
192764530,12,6474,12,10,2,-0.089037217199802399
192784522,12,6474,12,9,3,-0.089407950639724731
192804514,12,6473,12,8,4,-0.089816153049468994
192824506,14,6473,14,6,8,-0.09039575606584549
192844498,14,6473,14,4,10,-0.090979799628257751
192864490,14,6472,14,4,10,-0.091558359563350677
192884482,14,6472,14,3,11,-0.092039763927459717
192904474,14,6472,14,2,12,-0.092404782772064209
192924466,17,6472,17,1,16,-0.092641569674015045
192944458,17,6472,17,0,17,-0.092698827385902405
192964450,17,6472,17,-1,18,-0.092487923800945282
192984442,17,6472,17,-1,18,-0.092268563807010651
193004434,17,6472,17,-1,18,-0.09209635853767395
193024426,23,6472,23,-1,24,-0.091957740485668182
193044418,23,6472,23,0,23,-0.092100344598293304
193064410,23,6472,23,0,23,-0.09237295389175415
193084402,23,6472,23,1,22,-0.092389665544033051
193104394,23,6472,23,1,22,-0.092321760952472687
193124386,24,6472,24,2,22,-0.092395380139350891
193144378,24,6472,24,3,21,-0.092341698706150055
193164370,24,6472,24,5,19,-0.092224307358264923
193184362,24,6472,24,7,17,-0.0918988436460495
193204354,24,6472,24,9,15,-0.091560438275337219
193224346,20,6472,20,10,10,-0.091318145394325256
193244338,20,6473,20,11,9,-0.091171540319919586
193264330,20,6473,20,12,8,-0.091101735830307007
193284322,20,6473,20,14,6,-0.091019138693809509
193304314,20,6473,20,15,5,-0.090883441269397736
193325139,18,6473,18,16,2,-0.090571098029613495
193345131,18,6473,18,18,0,-0.090227514505386353
193365123,18,6473,18,20,-2,-0.090215042233467102
193385115,18,6473,18,21,-3,-0.090299636125564575
193405107,18,6473,18,22,-4,-0.090197741985321045
193425099,13,6473,13,23,-10,-0.090032011270523071
193445091,13,6473,13,25,-12,-0.090054512023925781
193465083,13,6473,13,27,-14,-0.090247571468353271
193485075,13,6473,13,28,-15,-0.090122230350971222
193505067,13,6473,13,28,-15,-0.089955940842628479
193525059,9,6473,9,27,-18,-0.0898270383477211
193545051,9,6473,9,26,-17,-0.089769303798675537
193565043,9,6473,9,25,-16,-0.089838080108165741
193585035,9,6473,9,26,-17,-0.089917346835136414
193605027,9,6473,9,27,-18,-0.08973810076713562
193625019,1,6473,1,27,-26,-0.089489445090293884
193645011,1,6474,1,28,-27,-0.089049950242042542
193665003,1,6474,1,28,-27,-0.088539041578769684
193684995,1,6474,1,28,-27,-0.088204480707645416
193704987,1,6474,1,28,-27,-0.088100135326385498
193724979,0,6474,0,28,-28,-0.08822912722826004
193744971,0,6474,0,27,-27,-0.088306166231632233
193764963,0,6474,0,25,-25,-0.088466331362724304
193784955,0,6474,0,23,-23,-0.088630624115467072
193804947,0,6474,0,22,-22,-0.08880171924829483
193824939,-2,6474,-2,22,-24,-0.088950037956237793
193844931,-2,6474,-2,23,-25,-0.08905860036611557
193864923,-2,6473,-2,22,-24,-0.089544542133808136
193884915,-2,6473,-2,21,-23,-0.089882820844650269
193904907,-2,6473,-2,20,-22,-0.090062282979488373
193924899,-7,6473,-7,17,-24,-0.090222686529159546
193944891,-7,6473,-7,16,-23,-0.090400286018848419
193964883,-7,6473,-7,15,-22,-0.090541869401931763
193984875,-7,6473,-7,14,-21,-0.090784884989261627
194004867,-7,6473,-7,14,-21,-0.090989358723163605
194024859,-10,6473,-10,14,-24,-0.091115698218345642
194044851,-10,6472,-10,14,-24,-0.091347247362136841
194064843,-10,6472,-10,14,-24,-0.09162149578332901
194084835,-10,6472,-10,12,-22,-0.091800890862941742
194104827,-10,6472,-10,10,-20,-0.091902494430541992
194124819,-12,6472,-12,8,-20,-0.092017553746700287
194144811,-12,6472,-12,5,-17,-0.09214378148317337
194164803,-12,6472,-12,3,-15,-0.092001810669898987
194184795,-12,6472,-12,0,-12,-0.09175582230091095
194204787,-12,6472,-12,0,-12,-0.091368995606899261
194224779,-8,6473,-8,0,-8,-0.091071955859661102
194244771,-8,6473,-8,1,-9,-0.090747855603694916
194264763,-8,6473,-8,2,-10,-0.090647071599960327
194284755,-8,6473,-8,1,-9,-0.090658590197563171
194304747,-8,6473,-8,0,-8,-0.090772904455661774
194324739,-2,6473,-2,0,-2,-0.090988025069236755
194344731,-2,6473,-2,0,-2,-0.091028980910778046
194364723,-2,6473,-2,-1,-1,-0.090994305908679962
194384715,-2,6473,-2,-2,0,-0.090801268815994263
194404707,-2,6473,-2,-3,1,-0.090362980961799622
194424699,-1,6473,-1,-3,2,-0.090044759213924408
194444691,-1,6473,-1,-3,2,-0.089907243847846985
194464683,-1,6473,-1,-5,4,-0.089996270835399628
194484675,-1,6473,-1,-6,5,-0.089937493205070496
194504667,-1,6473,-1,-7,6,-0.089781768620014191
194524659,-2,6474,-2,-7,5,-0.089319698512554169
194544651,-2,6474,-2,-7,5,-0.089019536972045898
194564643,-2,6474,-2,-8,6,-0.088876806199550629
194584635,-2,6474,-2,-9,7,-0.088720522820949554
194604627,-2,6474,-2,-9,7,-0.088655464351177216
194624619,-1,6474,-1,-11,10,-0.088633432984352112
194644611,-1,6474,-1,-12,11,-0.088517874479293823
194664603,-1,6474,-1,-12,11,-0.088464587926864624
194684595,-1,6474,-1,-11,10,-0.088571242988109589
194704587,-1,6474,-1,-10,9,-0.088593229651451111
194724579,-2,6474,-2,-9,7,-0.088773280382156372
194744571,-2,6474,-2,-9,7,-0.088923953473567963
194764563,-2,6474,-2,-7,5,-0.089074261486530304
194784555,-2,6474,-2,-6,4,-0.089333653450012207
194804547,-2,6473,-2,-6,4,-0.089579164981842041
194824539,-2,6473,-2,-6,4,-0.089796252548694611
194844531,-2,6473,-2,-5,3,-0.090178929269313812
194864523,-2,6473,-2,-4,2,-0.09062948077917099
194884515,-2,6473,-2,-3,1,-0.090980216860771179
194904507,-2,6472,-2,-3,1,-0.091658584773540497
194924499,-2,6472,-2,-3,1,-0.092276968061923981
194944491,-2,6471,-2,-3,1,-0.093148127198219299
194964483,-2,6471,-2,-2,0,-0.093938007950782776
194984475,-2,6471,-2,-1,-1,-0.094232402741909027
195004467,-2,6471,-2,0,-2,-0.094480454921722412
195024459,0,6470,0,0,0,-0.094693198800086975
195044451,0,6470,0,0,0,-0.094790399074554443
195064443,0,6470,0,2,-2,-0.094696119427680969
195084435,0,6471,0,5,-5,-0.094386160373687744
195104427,0,6471,0,6,-6,-0.094222486019134521
195124419,4,6471,4,7,-3,-0.094019867479801178
195144411,4,6471,4,8,-4,-0.093538574874401093
195164403,4,6471,4,10,-6,-0.092997416853904724
195184395,4,6472,4,11,-7,-0.092331685125827789
195204387,4,6472,4,11,-7,-0.091586612164974213
195224379,3,6473,3,10,-7,-0.091056697070598602
195244371,3,6473,3,9,-6,-0.090604923665523529
195264363,3,6473,3,9,-6,-0.090366646647453308
195284355,3,6473,3,9,-6,-0.090207859873771667
195304347,3,6473,3,9,-6,-0.090064160525798798
195324339,-2,6473,-2,9,-11,-0.089816644787788391
195344331,-2,6473,-2,8,-10,-0.089556790888309479
195364323,-2,6474,-2,7,-9,-0.089386358857154846
195384315,-2,6474,-2,6,-8,-0.089196830987930298
195405140,-2,6474,-2,6,-8,-0.088991351425647736
195425132,-5,6474,-5,6,-11,-0.088932693004608154
195445124,-5,6474,-5,7,-12,-0.088833123445510864
195465116,-5,6474,-5,7,-12,-0.08877195417881012
195485108,-5,6474,-5,8,-13,-0.088518783450126648
195505100,-5,6474,-5,8,-13,-0.088443055748939514
195525092,-6,6474,-6,7,-13,-0.088450595736503601
195545084,-6,6474,-6,6,-12,-0.088476173579692841
195565076,-6,6474,-6,4,-10,-0.088566906750202179
195585068,-6,6474,-6,2,-8,-0.088742010295391083
195605060,-6,6474,-6,1,-7,-0.088945984840393066
195625052,-7,6474,-7,0,-7,-0.089158080518245697
195645044,-7,6473,-7,-1,-6,-0.089505463838577271
195665036,-7,6473,-7,-1,-6,-0.089875862002372742
195685028,-7,6473,-7,-1,-6,-0.090417958796024323
195705020,-7,6473,-7,-3,-4,-0.091101646423339844
195725012,-13,6472,-13,-3,-10,-0.091692715883255005
195745004,-13,6472,-13,-3,-10,-0.092133007943630219
195764996,-13,6472,-13,-3,-10,-0.092617496848106384
195784988,-13,6471,-13,-3,-10,-0.093258067965507507
195804980,-13,6471,-13,-4,-9,-0.09389515221118927
195824972,-16,6471,-16,-4,-12,-0.094415262341499329
195844964,-16,6470,-16,-5,-11,-0.094696827232837677
195864956,-16,6470,-16,-7,-9,-0.094812668859958649
195884948,-16,6470,-16,-8,-8,-0.094770327210426331
195904940,-16,6470,-16,-10,-6,-0.094838172197341919
195924932,-15,6470,-15,-10,-5,-0.094844795763492584
195944924,-15,6470,-15,-11,-4,-0.094804614782333374
195964916,-15,6470,-15,-11,-4,-0.094631798565387726
195984908,-15,6471,-15,-11,-4,-0.094222418963909149
196004900,-15,6471,-15,-11,-4,-0.093785680830478668
196024892,-14,6471,-14,-10,-4,-0.093304842710494995
196044884,-14,6472,-14,-11,-3,-0.092848986387252808
196064876,-14,6472,-14,-11,-3,-0.092247419059276581
196084868,-14,6472,-14,-12,-2,-0.091472871601581573
196104860,-14,6473,-14,-13,-1,-0.090796858072280884
196124852,-9,6473,-9,-13,4,-0.090376220643520355
196144844,-9,6473,-9,-14,5,-0.090104401111602783
196164836,-9,6473,-9,-14,5,-0.089928232133388519
196184828,-9,6473,-9,-14,5,-0.089811056852340698
196204820,-9,6473,-9,-15,6,-0.089589260518550873
196224812,-5,6474,-5,-16,11,-0.089278712868690491
196244804,-5,6474,-5,-16,11,-0.088949896395206451
196264796,-5,6474,-5,-16,11,-0.088567368686199188
196284788,-5,6474,-5,-16,11,-0.088066190481185913
196304780,-5,6475,-5,-15,10,-0.087605841457843781
196324772,-8,6475,-8,-16,8,-0.087350070476531982
196344764,-8,6475,-8,-16,8,-0.087460078299045563
196364756,-8,6474,-8,-17,9,-0.087887443602085114
196384748,-8,6474,-8,-17,9,-0.088276803493499756
196404740,-8,6474,-8,-18,10,-0.088669054210186005
196424732,-12,6474,-12,-18,6,-0.08911065012216568
196444724,-12,6474,-12,-18,6,-0.089459322392940521
196464716,-12,6473,-12,-17,5,-0.089745357632637024
196484708,-12,6473,-12,-17,5,-0.090032264590263367
196504700,-12,6473,-12,-16,4,-0.090209990739822388
196524692,-12,6473,-12,-15,3,-0.090439960360527039
196544684,-12,6473,-12,-14,2,-0.090674661099910736
196564676,-12,6473,-12,-13,1,-0.090912483632564545
196584668,-12,6473,-12,-12,0,-0.09106212854385376
196604660,-12,6472,-12,-12,0,-0.091215223073959351
196624652,-13,6473,-13,-12,-1,-0.09110608696937561
196644644,-13,6473,-13,-12,-1,-0.090958371758460999
196664636,-13,6473,-13,-12,-1,-0.090822629630565643
196684628,-13,6473,-13,-12,-1,-0.090848907828330994
196704620,-13,6473,-13,-12,-1,-0.090971015393733978
196724612,-15,6472,-15,-12,-3,-0.0912490114569664
196744604,-15,6472,-15,-12,-3,-0.091423436999320984
196764596,-15,6472,-15,-11,-4,-0.091548793017864227
196784588,-15,6472,-15,-10,-5,-0.091605544090270996
196804580,-15,6472,-15,-9,-6,-0.091644734144210815
196824572,-14,6472,-14,-9,-5,-0.091549180448055267
196844564,-14,6472,-14,-9,-5,-0.091481052339076996
196864556,-14,6472,-14,-8,-6,-0.091561734676361084
196884548,-14,6472,-14,-7,-7,-0.091659493744373322
196904540,-14,6472,-14,-6,-8,-0.091574095189571381
196924532,-11,6472,-11,-5,-6,-0.091583669185638428
196944524,-11,6472,-11,-6,-5,-0.09148716926574707
196964516,-11,6472,-11,-7,-4,-0.091434657573699951
196984508,-11,6472,-11,-8,-3,-0.091445326805114746
197004500,-11,6472,-11,-8,-3,-0.091260224580764771
197024492,-8,6472,-8,-8,0,-0.091192156076431274
197044484,-8,6473,-8,-6,-2,-0.091171763837337494
197064476,-8,6473,-8,-4,-4,-0.090910822153091431
197084468,-8,6473,-8,-3,-5,-0.090498074889183044
197104460,-8,6473,-8,-2,-6,-0.090067841112613678
197124452,-9,6473,-9,-2,-7,-0.089774630963802338
197144444,-9,6473,-9,-3,-6,-0.089526236057281494
197164436,-9,6474,-9,-3,-6,-0.089342616498470306
197184428,-9,6474,-9,-2,-7,-0.08911440521478653
197204420,-9,6474,-9,-1,-8,-0.089127771556377411
197224412,-9,6474,-9,0,-9,-0.089206933975219727
197244404,-9,6474,-9,0,-9,-0.089002117514610291
197264396,-9,6474,-9,0,-9,-0.08848949521780014
197284388,-9,6474,-9,0,-9,-0.087997496128082275
197304380,-9,6475,-9,0,-9,-0.08754672110080719
197324372,-7,6475,-7,0,-7,-0.087092481553554535
197344364,-7,6475,-7,0,-7,-0.086765646934509277
197364356,-7,6475,-7,0,-7,-0.086607612669467926
197384348,-7,6475,-7,0,-7,-0.086466133594512939
197404340,-7,6475,-7,-1,-6,-0.086428336799144745
197424332,-8,6475,-8,-1,-7,-0.086516134440898895
197444324,-8,6475,-8,-1,-7,-0.086693838238716125
197464316,-8,6475,-8,-2,-6,-0.087011218070983887
197485141,-8,6475,-8,-3,-5,-0.087429739534854889
197505133,-8,6474,-8,-5,-3,-0.08804590255022049
197525125,-5,6474,-5,-6,1,-0.088744625449180603
197545117,-5,6473,-5,-6,1,-0.089489556849002838
197565109,-5,6473,-5,-7,2,-0.090226471424102783
197585101,-5,6473,-5,-8,3,-0.090836875140666962
197605093,-5,6472,-5,-10,5,-0.091313004493713379
197625085,-4,6472,-4,-11,7,-0.091731540858745575
197645077,-4,6472,-4,-12,8,-0.092186138033866882
197665069,-4,6472,-4,-12,8,-0.092787876725196838
197685061,-4,6471,-4,-12,8,-0.093450725078582764
197705053,-4,6471,-4,-13,9,-0.09403141587972641
197725045,-5,6471,-5,-12,7,-0.094371356070041656
197745037,-5,6470,-5,-12,7,-0.094656534492969513
197765029,-5,6470,-5,-10,5,-0.094823457300662994
197785021,-5,6470,-5,-9,4,-0.094861589372158051
197805013,-5,6470,-5,-8,3,-0.094876848161220551
197825005,-6,6470,-6,-6,0,-0.094901211559772491
197844997,-6,6470,-6,-4,-2,-0.094949521124362946
197864989,-6,6470,-6,-3,-3,-0.095152571797370911
197884981,-6,6470,-6,0,-6,-0.095402441918849945
197904973,-6,6470,-6,1,-7,-0.095437601208686829
197924965,-9,6470,-9,3,-12,-0.095506757497787476
197944957,-9,6470,-9,4,-13,-0.095679573714733124
197964949,-9,6470,-9,6,-15,-0.095485188066959381
197984941,-9,6470,-9,8,-17,-0.094980500638484955
198004933,-9,6471,-9,9,-18,-0.094308890402317047
198024925,-14,6471,-14,10,-24,-0.093811273574829102
198044917,-14,6471,-14,10,-24,-0.093300774693489075
198064909,-14,6471,-14,11,-25,-0.092971570789813995
198084901,-14,6472,-14,12,-26,-0.092498824000358582
198104893,-14,6472,-14,13,-27,-0.09200594574213028
198124885,-18,6472,-18,14,-32,-0.091542840003967285
198144877,-18,6473,-18,14,-32,-0.090986303985118866
198164869,-18,6473,-18,14,-32,-0.090364865958690643
198184861,-18,6473,-18,13,-31,-0.089909859001636505
198204853,-18,6473,-18,12,-30,-0.08961128443479538
198224845,-23,6473,-23,12,-35,-0.08961380273103714
198244837,-23,6473,-23,10,-33,-0.08965776115655899
198264829,-23,6473,-23,8,-31,-0.089883096516132355
198284821,-23,6473,-23,6,-29,-0.090011000633239746
198304813,-23,6473,-23,4,-27,-0.090096823871135712
198324805,-29,6473,-29,2,-31,-0.090295694768428802
198344797,-29,6473,-29,0,-29,-0.090688958764076233
198364789,-29,6472,-29,-2,-27,-0.091255791485309601
198384781,-29,6472,-29,-5,-24,-0.091702871024608612
198404773,-29,6472,-29,-7,-22,-0.092026412487030029
198424765,-28,6472,-28,-8,-20,-0.092331618070602417
198444757,-28,6472,-28,-10,-18,-0.092644095420837402
198464749,-28,6471,-28,-10,-18,-0.092973247170448303
198484741,-28,6471,-28,-9,-19,-0.093347467482089996
198504733,-28,6471,-28,-10,-18,-0.0936727374792099
198524725,-28,6471,-28,-11,-17,-0.09381326287984848
198544717,-28,6471,-28,-11,-17,-0.093976967036724091
198564709,-28,6471,-28,-11,-17,-0.094134196639060974
198584701,-28,6471,-28,-12,-16,-0.094159059226512909
198604693,-28,6471,-28,-14,-14,-0.094275735318660736
198624685,-25,6471,-25,-17,-8,-0.094425559043884277
198644677,-25,6471,-25,-20,-5,-0.094460912048816681
198664669,-25,6470,-25,-22,-3,-0.094561107456684113
198684661,-25,6471,-25,-24,-1,-0.094313554465770721
198704653,-25,6471,-25,-26,1,-0.093906894326210022
198724645,-22,6471,-22,-30,8,-0.093198351562023163
198744637,-22,6472,-22,-34,12,-0.092451564967632294
198764629,-22,6472,-22,-37,15,-0.091810829937458038
198784621,-22,6473,-22,-39,17,-0.09109148383140564
198804613,-22,6473,-22,-40,18,-0.090514644980430603
198824605,-16,6473,-16,-42,26,-0.090013310313224792
198844597,-16,6474,-16,-44,28,-0.089414477348327637
198864589,-16,6474,-16,-45,29,-0.088915124535560608
198884581,-16,6474,-16,-47,31,-0.088536068797111511
198904573,-16,6474,-16,-47,31,-0.08821927011013031
198924565,-11,6474,-11,-47,36,-0.087897069752216339
198944557,-11,6475,-11,-46,35,-0.087610684335231781
198964549,-11,6475,-11,-44,33,-0.087360270321369171
198984541,-11,6475,-11,-42,31,-0.087238878011703491
199004533,-11,6475,-11,-40,29,-0.087220251560211182
199024525,-7,6475,-7,-39,32,-0.087153390049934387
199044517,-7,6475,-7,-37,30,-0.087317869067192078
199064509,-7,6475,-7,-34,27,-0.087639570236206055
199084501,-7,6474,-7,-31,24,-0.087966255843639374
199104493,-7,6474,-7,-28,21,-0.088102348148822784
199124485,-8,6474,-8,-27,19,-0.088464356958866119
199144477,-8,6474,-8,-26,18,-0.089112848043441772
199164469,-8,6473,-8,-25,17,-0.089844994246959686
199184461,-8,6473,-8,-25,17,-0.09067980945110321
199204453,-8,6472,-8,-26,18,-0.09164758026599884
199224445,-12,6472,-12,-27,15,-0.09267125278711319
199244437,-12,6471,-12,-26,14,-0.093695811927318573
199264429,-12,6470,-12,-25,13,-0.094534799456596375
199284421,-12,6470,-12,-23,11,-0.095126405358314514
199304413,-12,6470,-12,-21,9,-0.095310389995574951
199324405,-14,6470,-14,-21,7,-0.095413908362388611
199344397,-14,6470,-14,-21,7,-0.095466911792755127
199364389,-14,6470,-14,-22,8,-0.095260336995124817
199384381,-14,6470,-14,-23,9,-0.095006301999092102
199404373,-14,6470,-14,-23,9,-0.094738855957984924
199424365,-17,6470,-17,-22,5,-0.094593651592731476
199444357,-17,6471,-17,-22,5,-0.094414010643959045
199464349,-17,6471,-17,-21,4,-0.094173386693000793
199484341,-17,6471,-17,-20,3,-0.093867070972919464
199504333,-17,6471,-17,-20,3,-0.093365289270877838
199524325,-22,6472,-22,-19,-3,-0.092751964926719666
199544317,-22,6472,-22,-19,-3,-0.092171743512153625
199565142,-22,6472,-22,-18,-4,-0.091640688478946686
199585134,-22,6472,-22,-16,-6,-0.091228187084197998
199605126,-22,6473,-22,-15,-7,-0.090855181217193604
199625118,-22,6473,-22,-13,-9,-0.090375691652297974
199645110,-22,6473,-22,-12,-10,-0.090042740106582642
199665102,-22,6473,-22,-11,-11,-0.090104632079601288
199685094,-22,6473,-22,-12,-10,-0.09021412581205368
199705086,-22,6473,-22,-11,-11,-0.090334929525852203
199725078,-25,6473,-25,-10,-15,-0.090321950614452362
199745070,-25,6473,-25,-10,-15,-0.090374700725078583
199765062,-25,6473,-25,-10,-15,-0.090410269796848297
199785054,-25,6473,-25,-9,-16,-0.090359508991241455
199805046,-25,6473,-25,-10,-15,-0.090268656611442566
199825038,-30,6473,-30,-10,-20,-0.090394951403141022
199845030,-30,6473,-30,-9,-21,-0.090496063232421875
199865022,-30,6473,-30,-9,-21,-0.090445168316364288
199885014,-30,6473,-30,-9,-21,-0.090332850813865662
199905006,-30,6473,-30,-10,-20,-0.09006887674331665
199924998,-31,6473,-31,-11,-20,-0.089858852326869965
199944990,-31,6473,-31,-11,-20,-0.089779764413833618
199964982,-31,6473,-31,-12,-19,-0.089745096862316132
199984974,-31,6473,-31,-12,-19,-0.089797303080558777
200004966,-31,6473,-31,-13,-18,-0.090018764138221741
200024958,-30,6473,-30,-14,-16,-0.090334758162498474
200044950,-30,6473,-30,-17,-13,-0.090831786394119263
200064942,-30,6472,-30,-20,-10,-0.091225825250148773
200084934,-30,6472,-30,-22,-8,-0.091363705694675446
200104926,-30,6472,-30,-23,-7,-0.091184690594673157
200124918,-31,6473,-31,-23,-8,-0.091111771762371063
200144910,-31,6472,-31,-23,-8,-0.091187633574008942
200164902,-31,6472,-31,-25,-6,-0.09148455411195755
200184894,-31,6472,-31,-26,-5,-0.091982603073120117
200204886,-31,6472,-31,-26,-5,-0.092444375157356262
200224878,-30,6472,-30,-26,-4,-0.092739395797252655
200244870,-30,6471,-30,-26,-4,-0.092875994741916656
200264862,-30,6471,-30,-27,-3,-0.092902772128582001
200284854,-30,6471,-30,-27,-3,-0.09288518875837326
200304846,-30,6472,-30,-28,-2,-0.092648260295391083
200324838,-28,6472,-28,-29,1,-0.092511363327503204
200344830,-28,6472,-28,-31,3,-0.092652827501296997
200364822,-28,6471,-28,-33,5,-0.09303583949804306
200384814,-28,6471,-28,-35,7,-0.093382507562637329
200404806,-28,6471,-28,-36,8,-0.093664065003395081
200424798,-28,6471,-28,-38,10,-0.093959003686904907
200444790,-28,6471,-28,-39,11,-0.094343550503253937
200464782,-28,6470,-28,-40,12,-0.094717361032962799
200484774,-28,6470,-28,-41,13,-0.0949539914727211
200504766,-28,6470,-28,-43,15,-0.095128834247589111
200524758,-27,6470,-27,-44,17,-0.0950651615858078
200544750,-27,6470,-27,-45,18,-0.094839774072170258
200564742,-27,6470,-27,-46,19,-0.094715580344200134
200584734,-27,6470,-27,-46,19,-0.094632834196090698
200604726,-27,6470,-27,-47,20,-0.094608031213283539
200624718,-19,6470,-19,-47,28,-0.094518281519412994
200644710,-19,6471,-19,-48,29,-0.094406202435493469
200664702,-19,6471,-19,-48,29,-0.094426155090332031
200684694,-19,6471,-19,-47,28,-0.094448864459991455
200704686,-19,6471,-19,-45,26,-0.094297558069229126
200724678,-13,6471,-13,-43,30,-0.09416496753692627
200744670,-13,6471,-13,-42,29,-0.094106033444404602
200764662,-13,6471,-13,-41,28,-0.094175837934017181
200784654,-13,6471,-13,-40,27,-0.094182245433330536
200804646,-13,6471,-13,-38,25,-0.09402330219745636
200824638,-10,6471,-10,-37,27,-0.094055280089378357
200844630,-10,6471,-10,-36,26,-0.094221010804176331
200864622,-10,6471,-10,-37,27,-0.094210408627986908
200884614,-10,6471,-10,-39,29,-0.093735493719577789
200904606,-10,6471,-10,-41,31,-0.093198619782924652
200924598,-9,6472,-9,-43,34,-0.092709735035896301
200944590,-9,6472,-9,-44,35,-0.092288076877593994
200964582,-9,6472,-9,-44,35,-0.091809719800949097
200984574,-9,6472,-9,-43,34,-0.091398023068904877
201004566,-9,6473,-9,-41,32,-0.090945705771446228
201024558,-6,6473,-6,-39,33,-0.090523526072502136
201044550,-6,6473,-6,-38,32,-0.090162910521030426
201064542,-6,6473,-6,-35,29,-0.089649468660354614
201084534,-6,6474,-6,-34,28,-0.089272342622280121
201104526,-6,6474,-6,-32,26,-0.088814698159694672
201124518,-5,6474,-5,-29,24,-0.088201902806758881
201144510,-5,6475,-5,-27,22,-0.087452545762062073
201164502,-5,6475,-5,-25,20,-0.086726516485214233
201184494,-5,6475,-5,-23,18,-0.086193203926086426
201204486,-5,6476,-5,-22,17,-0.085851430892944336
201224478,-2,6476,-2,-22,20,-0.085838459432125092
201244470,-2,6476,-2,-22,20,-0.085932247340679169
201264462,-2,6475,-2,-22,20,-0.086254797875881195
201284454,-2,6475,-2,-23,21,-0.086493074893951416
201304446,-2,6475,-2,-24,22,-0.086785778403282166
201324438,0,6475,0,-25,25,-0.087175548076629639
201344430,0,6474,0,-26,26,-0.087819911539554596
201364422,0,6474,0,-25,25,-0.088676467537879944
201384414,0,6474,0,-22,22,-0.089450500905513763
201404406,0,6473,0,-19,19,-0.090177185833454132
201424398,-1,6473,-1,-15,14,-0.090867809951305389
201444390,-1,6472,-1,-12,11,-0.091588139533996582
201464382,-1,6472,-1,-10,9,-0.09212280809879303
201484374,-1,6472,-1,-9,8,-0.092641517519950867
201504366,-1,6471,-1,-8,7,-0.093043483793735504
201524358,-2,6471,-2,-7,5,-0.093477390706539154
201544350,-2,6471,-2,-6,4,-0.093705929815769196
201564342,-2,6471,-2,-5,3,-0.093694701790809631
201584334,-2,6471,-2,-4,2,-0.093637846410274506
201604326,-2,6471,-2,-3,1,-0.09354884922504425
201624318,0,6471,0,-4,4,-0.093494504690170288
201644310,0,6471,0,-4,4,-0.093333117663860321
201665135,0,6471,0,-4,4,-0.093083389103412628
201685127,0,6472,0,-4,4,-0.092793621122837067
201705119,0,6472,0,-4,4,-0.092501431703567505
201725111,0,6472,0,-3,3,-0.092240013182163239
201745103,0,6472,0,-3,3,-0.091922849416732788
201765095,0,6472,0,-4,4,-0.091571427881717682
201785087,0,6472,0,-5,5,-0.091352552175521851
201805079,0,6472,0,-5,5,-0.091288939118385315
201825071,-5,6472,-5,-6,1,-0.091270305216312408
201845063,-5,6473,-5,-5,0,-0.091115891933441162
201865055,-5,6473,-5,-4,-1,-0.090988494455814362
201885047,-5,6473,-5,-4,-1,-0.090933471918106079
201905039,-5,6473,-5,-3,-2,-0.090833902359008789
201925031,-7,6473,-7,-3,-4,-0.09043198823928833
201945023,-7,6473,-7,-2,-5,-0.089911587536334991
201965015,-7,6473,-7,-2,-5,-0.089501433074474335
201985007,-7,6474,-7,-1,-6,-0.089132428169250488
202004999,-7,6474,-7,-2,-5,-0.088859759271144867
202024991,-4,6474,-4,-2,-2,-0.088695250451564789
202044983,-4,6474,-4,-2,-2,-0.088725648820400238
202064975,-4,6474,-4,-1,-3,-0.088916599750518799
202084967,-4,6474,-4,0,-4,-0.089293666183948517
202104959,-4,6473,-4,2,-6,-0.089581653475761414
202124951,-2,6473,-2,5,-7,-0.089714683592319489
202144943,-2,6473,-2,7,-9,-0.089847095310688019
202164935,-2,6473,-2,8,-10,-0.090084001421928406
202184927,-2,6473,-2,9,-11,-0.090242974460124969
202204919,-2,6473,-2,9,-11,-0.090531401336193085
202224911,-7,6473,-7,9,-16,-0.090778030455112457
202244903,-7,6473,-7,9,-16,-0.090889260172843933
202264895,-7,6473,-7,9,-16,-0.09098341315984726
202284887,-7,6472,-7,9,-16,-0.091375678777694702
202304879,-7,6472,-7,8,-15,-0.09185076504945755
202324871,-11,6472,-11,7,-18,-0.092356421053409576
202344863,-11,6472,-11,7,-18,-0.092612810432910919
202364855,-11,6472,-11,7,-18,-0.09284384548664093
202384847,-11,6471,-11,8,-19,-0.092978961765766144
202404839,-11,6471,-11,9,-20,-0.093154318630695343
202424831,-14,6471,-14,10,-24,-0.0933271124958992
202444823,-14,6471,-14,10,-24,-0.093582861125469208
202464815,-14,6471,-14,12,-26,-0.093838274478912354
202484807,-14,6471,-14,14,-28,-0.094064079225063324
202504799,-14,6471,-14,15,-29,-0.0943116694688797
202524791,-16,6470,-16,16,-32,-0.094503767788410187
202544783,-16,6470,-16,15,-31,-0.094630531966686249
202564775,-16,6470,-16,15,-31,-0.094641886651515961
202584767,-16,6471,-16,14,-30,-0.09447963535785675
202604759,-16,6471,-16,14,-30,-0.094217151403427124
202624751,-18,6471,-18,14,-32,-0.093789644539356232
202644743,-18,6471,-18,13,-31,-0.093281276524066925
202664735,-18,6472,-18,11,-29,-0.092739664018154144
202684727,-18,6472,-18,10,-28,-0.092073522508144379
202704719,-18,6473,-18,8,-26,-0.091164186596870422
202724711,-19,6473,-19,7,-26,-0.090290725231170654
202744703,-19,6474,-19,5,-24,-0.089460894465446472
202764695,-19,6474,-19,3,-22,-0.088790223002433777
202784687,-19,6474,-19,0,-19,-0.088433362543582916
202804679,-19,6474,-19,-2,-17,-0.088365964591503143
202824671,-22,6474,-22,-5,-17,-0.088475219905376434
202844663,-22,6474,-22,-7,-15,-0.088867701590061188
202864655,-22,6474,-22,-9,-13,-0.089180625975131989
202884647,-22,6474,-22,-8,-14,-0.089347675442695618
202904639,-22,6473,-22,-8,-14,-0.089505702257156372
202924631,-29,6473,-29,-8,-21,-0.089550308883190155
202944623,-29,6473,-29,-9,-20,-0.089599683880805969
202964615,-29,6474,-29,-11,-18,-0.089446380734443665
202984607,-29,6474,-29,-12,-17,-0.089213654398918152
203004599,-29,6474,-29,-13,-16,-0.08874250203371048
203024591,-33,6474,-33,-14,-19,-0.08823588490486145
203044583,-33,6474,-33,-15,-18,-0.087807685136795044
203064575,-33,6475,-33,-16,-17,-0.087390363216400146
203084567,-33,6475,-33,-17,-16,-0.087104879319667816
203104559,-33,6475,-33,-17,-16,-0.087121739983558655
203124551,-32,6475,-32,-17,-15,-0.087438046932220459
203144543,-32,6474,-32,-16,-16,-0.087876103818416595
203164535,-32,6474,-32,-16,-16,-0.088406868278980255
203184527,-32,6474,-32,-17,-15,-0.088933035731315613
203204519,-32,6474,-32,-18,-14,-0.089410476386547089
203224511,-28,6473,-28,-19,-9,-0.089908093214035034
203244503,-28,6473,-28,-20,-8,-0.090562060475349426
203264495,-28,6472,-28,-21,-7,-0.091408185660839081
203284487,-28,6472,-28,-23,-5,-0.092269547283649445
203304479,-28,6472,-28,-23,-5,-0.092775858938694
203324471,-24,6471,-24,-25,1,-0.092872187495231628
203344463,-24,6471,-24,-27,3,-0.092861652374267578
203364455,-24,6471,-24,-29,5,-0.092879198491573334
203384447,-24,6471,-24,-30,6,-0.093156918883323669
203404439,-24,6471,-24,-29,5,-0.093764990568161011
203424431,-22,6471,-22,-29,7,-0.09418303519487381
203444423,-22,6471,-22,-29,7,-0.094401732087135315
203464415,-22,6471,-22,-30,8,-0.094463936984539032
203484407,-22,6471,-22,-29,7,-0.094481557607650757
203504399,-22,6470,-22,-28,6,-0.094679161906242371
203524391,-19,6470,-19,-26,7,-0.094859696924686432
203544383,-19,6470,-19,-25,6,-0.094756945967674255
203564375,-19,6470,-19,-23,4,-0.094771809875965118
203584367,-19,6470,-19,-21,2,-0.094968162477016449
203604359,-19,6470,-19,-20,1,-0.095048993825912476
203624351,-21,6470,-21,-19,-2,-0.094951026141643524
203644343,-21,6470,-21,-17,-4,-0.094689302146434784
203664335,-21,6471,-21,-16,-5,-0.094219163060188293
203684327,-21,6471,-21,-15,-6,-0.093639634549617767
203704319,-21,6471,-21,-13,-8,-0.09301331639289856
203724311,-22,6472,-22,-12,-10,-0.092488765716552734
203745136,-22,6472,-22,-12,-10,-0.092098422348499298
203765128,-22,6472,-22,-13,-9,-0.091627612709999084
203785120,-22,6473,-22,-13,-9,-0.091173402965068817
203805112,-22,6473,-22,-13,-9,-0.090931251645088196
203825104,-18,6473,-18,-13,-5,-0.09074295312166214
203845096,-18,6473,-18,-13,-5,-0.090623289346694946
203865088,-18,6473,-18,-14,-4,-0.090715035796165466
203885080,-18,6473,-18,-14,-4,-0.090954013168811798
203905072,-18,6472,-18,-15,-3,-0.091266825795173645
203925064,-20,6472,-20,-15,-5,-0.091645948588848114
203945056,-20,6472,-20,-15,-5,-0.091874450445175171
203965048,-20,6472,-20,-15,-5,-0.092132799327373505
203985040,-20,6472,-20,-15,-5,-0.09231904149055481
204005032,-20,6472,-20,-16,-4,-0.092566505074501038
204025024,-24,6472,-24,-16,-8,-0.092688031494617462
204045016,-24,6472,-24,-17,-7,-0.092779576778411865
204065008,-24,6471,-24,-16,-8,-0.093112200498580933
204085000,-24,6471,-24,-16,-8,-0.09348548948764801
204104992,-24,6471,-24,-15,-9,-0.093864299356937408
204124984,-25,6471,-25,-15,-10,-0.094065919518470764
204144976,-25,6471,-25,-15,-10,-0.09409671276807785
204164968,-25,6471,-25,-16,-9,-0.094132125377655029
204184960,-25,6471,-25,-18,-7,-0.094015069305896759
204204952,-25,6471,-25,-20,-5,-0.094060748815536499
204224944,-22,6471,-22,-21,-1,-0.094231553375720978
204244936,-22,6471,-22,-21,-1,-0.094439789652824402
204264928,-22,6470,-22,-22,0,-0.094585709273815155
204284920,-22,6470,-22,-23,1,-0.094780005514621735
204304912,-22,6470,-22,-24,2,-0.094814933836460114
204324904,-22,6470,-22,-24,2,-0.094659231603145599
204344896,-22,6471,-22,-23,1,-0.094457410275936127
204364888,-22,6471,-22,-21,-1,-0.094269514083862305
204384880,-22,6471,-22,-20,-2,-0.094202518463134766
204404872,-22,6471,-22,-19,-3,-0.094200380146503448
204424864,-21,6471,-21,-19,-2,-0.094209522008895874
204444856,-21,6471,-21,-20,-1,-0.094055309891700745
204464848,-21,6471,-21,-20,-1,-0.094023138284683228
204484840,-21,6471,-21,-20,-1,-0.093718133866786957
204504832,-21,6471,-21,-20,-1,-0.093139789998531342
204524824,-20,6472,-20,-20,0,-0.092475570738315582
204544816,-20,6472,-20,-20,0,-0.091825947165489197
204564808,-20,6472,-20,-20,0,-0.091259308159351349
204584800,-20,6473,-20,-19,-1,-0.090713828802108765
204604792,-20,6473,-20,-19,-1,-0.090424366295337677
204624784,-21,6473,-21,-19,-2,-0.09020763635635376
204644776,-21,6473,-21,-18,-3,-0.089957371354103088
204664768,-21,6473,-21,-18,-3,-0.089579999446868896
204684760,-21,6474,-21,-18,-3,-0.089143723249435425
204704752,-21,6474,-21,-19,-2,-0.089001446962356567
204724744,-20,6474,-20,-19,-1,-0.088648848235607147
204744736,-20,6474,-20,-19,-1,-0.08826754242181778
204764728,-20,6474,-20,-19,-1,-0.087939627468585968
204784720,-20,6475,-20,-19,-1,-0.087664961814880371
204804712,-20,6475,-20,-19,-1,-0.087591879069805145
204824704,-20,6474,-20,-19,-1,-0.08773832768201828
204844696,-20,6474,-20,-19,-1,-0.087916985154151917
204864688,-20,6474,-20,-18,-2,-0.087823957204818726
204884680,-20,6475,-20,-15,-5,-0.0877213254570961
204904672,-20,6474,-20,-13,-7,-0.087740376591682434
204924664,-21,6475,-21,-12,-9,-0.087661407887935638
204944656,-21,6475,-21,-13,-8,-0.087645657360553741
204964648,-21,6474,-21,-14,-7,-0.087815031409263611
204984640,-21,6474,-21,-13,-8,-0.088029399514198303
205004632,-21,6474,-21,-12,-9,-0.0883360356092453
205024624,-28,6474,-28,-12,-16,-0.088579438626766205
205044616,-28,6474,-28,-11,-17,-0.089064352214336395
205064608,-28,6474,-28,-11,-17,-0.089395441114902496
205084600,-28,6473,-28,-11,-17,-0.089665666222572327
205104592,-28,6473,-28,-10,-18,-0.089923299849033356
205124584,-32,6473,-32,-9,-23,-0.090384423732757568
205144576,-32,6473,-32,-8,-24,-0.090881183743476868
205164568,-32,6472,-32,-9,-23,-0.09129401296377182
205184560,-32,6472,-32,-10,-22,-0.091663524508476257
205204552,-32,6472,-32,-11,-21,-0.091995254158973694
205224544,-30,6472,-30,-13,-17,-0.092119231820106506
205244536,-30,6472,-30,-16,-14,-0.092298686504364014
205264528,-30,6472,-30,-19,-11,-0.092567592859268188
205284520,-30,6472,-30,-20,-10,-0.09279526025056839
205304512,-30,6471,-30,-20,-10,-0.09303361177444458
205324504,-29,6471,-29,-20,-9,-0.093313694000244141
205344496,-29,6471,-29,-21,-8,-0.093414410948753357
205364488,-29,6471,-29,-22,-7,-0.093329392373561859
205384480,-29,6471,-29,-23,-6,-0.093147546052932739
205404472,-29,6471,-29,-24,-5,-0.093047827482223511
205424464,-23,6471,-23,-25,2,-0.092943467199802399
205444456,-23,6472,-23,-27,4,-0.092615269124507904
205464448,-23,6472,-23,-28,5,-0.09226381778717041
205484440,-23,6472,-23,-30,7,-0.091917663812637329
205504432,-23,6472,-23,-33,10,-0.091938458383083344
205524424,-20,6472,-20,-35,15,-0.092090792953968048
205544416,-20,6472,-20,-36,16,-0.092435695230960846
205564408,-20,6472,-20,-37,17,-0.092645622789859772
205584400,-20,6471,-20,-38,18,-0.092875473201274872
205604392,-20,6471,-20,-39,19,-0.092891015112400055
205624384,-18,6471,-18,-41,23,-0.092956587672233582
205644376,-18,6471,-18,-42,24,-0.092960767447948456
205664368,-18,6472,-18,-44,26,-0.092771813273429871
205684360,-18,6472,-18,-46,28,-0.09236503392457962
205704352,-18,6472,-18,-48,30,-0.092048823833465576
205724344,-19,6472,-19,-48,29,-0.091797441244125366
205744336,-19,6472,-19,-49,30,-0.091468513011932373
205764328,-19,6473,-19,-48,29,-0.091017857193946838
205784320,-19,6473,-19,-47,28,-0.09064251184463501
205804312,-19,6473,-19,-47,28,-0.090287722647190094
205825137,-15,6473,-15,-46,31,-0.089928746223449707
205845129,-15,6473,-15,-45,30,-0.08955720067024231
205865121,-15,6474,-15,-43,28,-0.089363239705562592
205885113,-15,6474,-15,-42,27,-0.089115738868713379
205905105,-15,6474,-15,-41,26,-0.088896088302135468
205925097,-13,6474,-13,-40,27,-0.08888428658246994
205945089,-13,6474,-13,-38,25,-0.088880576193332672
205965081,-13,6474,-13,-37,24,-0.088948190212249756
205985073,-13,6474,-13,-35,22,-0.089002549648284912
206005065,-13,6474,-13,-34,21,-0.089015096426010132
206025057,-10,6474,-10,-31,21,-0.08914339542388916
206045049,-10,6474,-10,-29,19,-0.089300401508808136
206065041,-10,6473,-10,-26,16,-0.089561678469181061
206085033,-10,6473,-10,-24,14,-0.090028025209903717
206105025,-10,6473,-10,-21,11,-0.090320929884910583
206125017,-13,6473,-13,-19,6,-0.090431436896324158
206145009,-13,6473,-13,-17,4,-0.090698935091495514
206165001,-13,6473,-13,-15,2,-0.091106630861759186
206184993,-13,6472,-13,-15,2,-0.091765716671943665
206204985,-13,6472,-13,-13,0,-0.092405512928962708
206224977,-14,6471,-14,-13,-1,-0.093094751238822937
206244969,-14,6471,-14,-14,0,-0.093914501368999481
206264961,-14,6470,-14,-15,1,-0.094667837023735046
206284953,-14,6470,-14,-16,2,-0.095387183129787445
206304945,-14,6470,-14,-17,3,-0.095768608152866364
206324937,-13,6470,-13,-16,3,-0.095956355333328247
206344929,-13,6470,-13,-16,3,-0.096088729798793793
206364921,-13,6469,-13,-16,3,-0.096207611262798309
206384913,-13,6469,-13,-16,3,-0.096396416425704956
206404905,-13,6469,-13,-16,3,-0.09674622118473053
206424897,-16,6469,-16,-16,0,-0.096994765102863312
206444889,-16,6469,-16,-17,1,-0.097018465399742126
206464881,-16,6469,-16,-18,2,-0.097169354557991028
206484873,-16,6469,-16,-19,3,-0.097097665071487427
206504865,-16,6469,-16,-19,3,-0.097015827894210815
206524857,-17,6469,-17,-21,4,-0.096902348101139069
206544849,-17,6469,-17,-21,4,-0.096790485084056854
206564841,-17,6469,-17,-22,5,-0.096791073679924011
206584833,-17,6469,-17,-22,5,-0.096629172563552856
206604825,-17,6469,-17,-22,5,-0.096375346183776855
206624817,-19,6470,-19,-22,3,-0.095914915204048157
206644809,-19,6470,-19,-22,3,-0.095310002565383911
206664801,-19,6470,-19,-22,3,-0.094676457345485687
206684793,-19,6471,-19,-22,3,-0.094037756323814392
206704785,-19,6471,-19,-21,2,-0.093362033367156982
206724777,-16,6472,-16,-22,6,-0.092815175652503967
206744769,-16,6472,-16,-22,6,-0.092205360531806946
206764761,-16,6472,-16,-22,6,-0.091479122638702393
206784753,-16,6473,-16,-22,6,-0.090477935969829559
206804745,-16,6473,-16,-23,7,-0.089534863829612732
206824737,-11,6474,-11,-24,13,-0.088379338383674622
206844729,-11,6475,-11,-25,14,-0.087256930768489838
206864721,-11,6475,-11,-27,16,-0.086368642747402191
206884713,-11,6476,-11,-29,18,-0.085624359548091888
206904705,-11,6476,-11,-31,20,-0.085193470120429993
206924697,-11,6476,-11,-31,20,-0.085014112293720245
206944689,-11,6476,-11,-30,19,-0.084918178617954254
206964681,-11,6476,-11,-28,17,-0.084879711270332336
206984673,-11,6476,-11,-27,16,-0.085069537162780762
207004665,-11,6476,-11,-25,14,-0.085393071174621582
207024657,-15,6476,-15,-24,9,-0.085900194942951202
207044649,-15,6475,-15,-23,8,-0.086513452231884003
207064641,-15,6475,-15,-21,6,-0.087273284792900085
207084633,-15,6474,-15,-21,6,-0.087916620075702667
207104625,-15,6474,-15,-21,6,-0.088652610778808594
207124617,-3041,6474,-3041,-22,-3019,-0.08922605961561203
207144609,-3041,6473,-3041,-23,-3018,-0.089901231229305267
207164601,-3041,6473,-3041,-27,-3014,-0.090759463608264923
207184593,-3042,6472,-3042,-39,-3003,-0.091834321618080139
207204585,-3042,6471,-3042,-63,-2979,-0.09303448349237442
207224577,-3123,6471,-3123,-102,-3021,-0.094421669840812683
207244569,-3123,6470,-3123,-157,-2966,-0.095879293978214264
207264561,-3123,6469,-3123,-227,-2896,-0.097290053963661194
207284553,-3124,6468,-3124,-313,-2811,-0.098560556769371033
207304545,-3124,6467,-3124,-412,-2712,-0.099644429981708527
207324537,-3196,6467,-3196,-523,-2673,-0.10078603774309158
207344529,-3196,6466,-3196,-646,-2550,-0.10193008929491043
207364521,-3197,6465,-3197,-779,-2418,-0.10327218472957611
207384513,-3197,6464,-3197,-922,-2275,-0.1048351377248764
207404505,-3198,6463,-3198,-1073,-2125,-0.10644573718309402
207424497,-3212,6462,-3212,-1230,-1982,-0.10812865942716599
207444489,-3212,6460,-3212,-1393,-1819,-0.1097361296415329
207464481,-3212,6459,-3212,-1558,-1654,-0.11135807633399963
207484473,-3213,6458,-3213,-1725,-1488,-0.1128087118268013
207504465,-3213,6457,-3213,-1893,-1320,-0.11413133144378662
207524457,-3174,6456,-3174,-2060,-1114,-0.11526940017938614
207544449,-3174,6456,-3174,-2224,-950,-0.11621797829866409
207564441,-3175,6455,-3175,-2384,-791,-0.11691723763942719
207584433,-3175,6455,-3175,-2538,-637,-0.11748375743627548
207604425,-3175,6454,-3175,-2684,-491,-0.11777053028345108
207624417,-3106,6455,-3106,-2822,-284,-0.11768755316734314
207644409,-3106,6455,-3106,-2950,-156,-0.11746945977210999
207664401,-3106,6455,-3106,-3068,-38,-0.11704599857330322
207684393,-3106,6456,-3106,-3175,69,-0.11624468863010406
207704385,-3106,6456,-3106,-3271,165,-0.11535412818193436
207724377,-3016,6457,-3016,-3356,340,-0.11409337073564529
207744369,-3016,6458,-3016,-3430,414,-0.11256763339042664
207764361,-3015,6460,-3015,-3491,476,-0.11088762432336807
207784353,-3015,6461,-3015,-3541,526,-0.10921183228492737
207804345,-3015,6462,-3015,-3579,564,-0.10750798135995865
207824337,-2912,6463,-2912,-3608,696,-0.10571445524692535
207844329,-2912,6464,-2912,-3626,714,-0.10391812771558762
207864321,-2912,6466,-2912,-3634,722,-0.10226946324110031
207884313,-2911,6466,-2911,-3632,721,-0.1008114293217659
207905138,-2911,6467,-2911,-3621,710,-0.09936552494764328
207925130,-2807,6468,-2807,-3601,794,-0.097836382687091827
207945122,-2807,6469,-2807,-3574,767,-0.096185095608234406
207965114,-2807,6470,-2807,-3538,731,-0.09471602737903595
207985106,-2806,6471,-2806,-3497,691,-0.093801409006118774
208005098,-2806,6471,-2806,-3453,647,-0.092945471405982971
208025090,-2705,6472,-2705,-3405,700,-0.09220847487449646
208045082,-2705,6472,-2705,-3355,650,-0.091456413269042969
208065074,-2705,6473,-2705,-3303,598,-0.090805500745773315
208085066,-2705,6473,-2705,-3249,544,-0.090301968157291412
208105058,-2705,6473,-2705,-3193,488,-0.08985535055398941
208125050,-2616,6474,-2616,-3137,521,-0.089296683669090271
208145042,-2616,6474,-2616,-3082,466,-0.088853582739830017
208165034,-2616,6474,-2616,-3029,413,-0.088745042681694031
208185026,-2616,6474,-2616,-2976,360,-0.089006602764129639
208205018,-2616,6474,-2616,-2924,308,-0.089449785649776459
208225010,-2549,6473,-2549,-2871,322,-0.090028360486030579
208245002,-2549,6473,-2549,-2820,271,-0.090714134275913239
208264994,-2549,6472,-2549,-2770,221,-0.091486930847167969
208284986,-2549,6472,-2549,-2723,174,-0.09254775196313858
208304978,-2549,6471,-2549,-2679,130,-0.093675665557384491
208324970,-2516,6470,-2516,-2637,121,-0.09483792632818222
208344962,-2516,6470,-2516,-2598,82,-0.096089176833629608
208364954,-2516,6469,-2516,-2562,46,-0.097475707530975342
208384946,-2517,6468,-2517,-2530,13,-0.0988583043217659
208404938,-2517,6467,-2517,-2500,-17,-0.10017719864845276
208424930,-2491,6466,-2491,-2475,-16,-0.10161123424768448
208444922,-2491,6465,-2491,-2451,-40,-0.10330016911029816
208464914,-2492,6464,-2492,-2430,-62,-0.10474734008312225
208484906,-2492,6463,-2492,-2410,-82,-0.10612059384584427
208504898,-2492,6462,-2492,-2392,-100,-0.10741565376520157
208524890,-2473,6461,-2473,-2377,-96,-0.10864370316267014
208544882,-2474,6460,-2474,-2366,-108,-0.1100224182009697
208564874,-2474,6459,-2474,-2357,-117,-0.11145047098398209
208584866,-2474,6458,-2474,-2350,-124,-0.11280679702758789
208604858,-2475,6457,-2475,-2344,-131,-0.11399881541728973
208624850,-2454,6457,-2454,-2340,-114,-0.11490724980831146
208644842,-2455,6456,-2455,-2337,-118,-0.11585146188735962
208664834,-2455,6455,-2455,-2337,-118,-0.1166205033659935
208684826,-2455,6455,-2455,-2337,-118,-0.11712438613176346
208704818,-2455,6455,-2455,-2339,-116,-0.11758367717266083
208724810,-2417,6454,-2417,-2342,-75,-0.1178886741399765
208744802,-2417,6454,-2417,-2345,-72,-0.11793316155672073
208764794,-2417,6454,-2417,-2349,-68,-0.11785120517015457
208784786,-2417,6455,-2417,-2355,-62,-0.11773036420345306
208804778,-2417,6455,-2417,-2360,-57,-0.11742167919874191
208824770,-2361,6455,-2361,-2365,4,-0.11699913442134857
208844762,-2361,6455,-2361,-2370,9,-0.11662629991769791
208864754,-2361,6456,-2361,-2375,14,-0.11614324152469635
208884746,-2361,6456,-2361,-2379,18,-0.1154937818646431
208904738,-2361,6457,-2361,-2382,21,-0.11481592804193497
208924730,-2287,6457,-2287,-2384,97,-0.11416701972484589
208944722,-2287,6458,-2287,-2385,98,-0.11348319798707962
208964714,-2287,6458,-2287,-2386,99,-0.11266347765922546
208984706,-2287,6459,-2287,-2386,99,-0.11162105202674866
209004698,-2286,6460,-2286,-2385,99,-0.11049383878707886
209024690,-2199,6461,-2199,-2383,184,-0.10929987579584122
209044682,-2199,6462,-2199,-2380,181,-0.10815288871526718
209064674,-2198,6462,-2198,-2376,178,-0.10692600160837173
209084666,-2198,6463,-2198,-2372,174,-0.10576776415109634
209104658,-2198,6464,-2198,-2368,170,-0.10471130162477493
209124650,-2099,6465,-2099,-2362,263,-0.10371389240026474
209144642,-2099,6465,-2099,-2355,256,-0.1029379814863205
209164634,-2099,6466,-2099,-2345,246,-0.10199136286973953
209184626,-2099,6466,-2099,-2334,235,-0.10094056278467178
209204618,-2098,6467,-2098,-2321,223,-0.099908791482448578
209224610,-2006,6468,-2006,-2308,302,-0.099010705947875977
209244602,-2006,6468,-2006,-2293,287,-0.09825906902551651
209264594,-2006,6468,-2006,-2278,272,-0.097730152308940887
209284586,-2006,6469,-2006,-2263,257,-0.097481459379196167
209304578,-2006,6469,-2006,-2245,239,-0.097386054694652557
209324570,-1921,6469,-1921,-2227,306,-0.097319230437278748
209344562,-1921,6469,-1921,-2207,286,-0.097195595502853394
209364554,-1921,6469,-1921,-2186,265,-0.09714527428150177
209384546,-1921,6469,-1921,-2164,243,-0.097241893410682678
209404538,-1921,6469,-1921,-2142,221,-0.097232095897197723
209424530,-1854,6469,-1854,-2119,265,-0.097258463501930237
209444522,-1854,6469,-1854,-2096,242,-0.097346432507038116
209464514,-1854,6469,-1854,-2073,219,-0.097619369626045227
209484506,-1854,6468,-1854,-2050,196,-0.097999274730682373
209504498,-1854,6468,-1854,-2026,172,-0.098546057939529419
209524490,-1798,6468,-1798,-2003,205,-0.0991482213139534
209544482,-1798,6467,-1798,-1980,182,-0.099694967269897461
209564474,-1798,6467,-1798,-1957,159,-0.10028673708438873
209584466,-1799,6466,-1799,-1933,134,-0.10096487402915955
209604458,-1799,6466,-1799,-1911,112,-0.10143999755382538
209624450,-1750,6466,-1750,-1890,140,-0.10170882940292358
209644442,-1750,6466,-1750,-1870,120,-0.101884625852108
209664434,-1750,6466,-1750,-1851,101,-0.10201919078826904
209684426,-1750,6466,-1750,-1832,82,-0.10218264907598495
209704418,-1750,6466,-1750,-1816,66,-0.10222864896059036
209724410,-1697,6466,-1697,-1801,104,-0.10199885070323944
209744402,-1697,6466,-1697,-1787,90,-0.1018126904964447
209764394,-1697,6466,-1697,-1773,76,-0.10176023840904236
209784386,-1697,6466,-1697,-1761,64,-0.10152975469827652
209804378,-1697,6466,-1697,-1748,51,-0.10148923844099045
209824370,-1637,6466,-1637,-1735,98,-0.10142971575260162
209844362,-1637,6466,-1637,-1724,87,-0.10127675533294678
209864354,-1637,6466,-1637,-1712,75,-0.10092971473932266
209884346,-1637,6467,-1637,-1700,63,-0.10048701614141464
209904338,-1637,6467,-1637,-1689,52,-0.10014026612043381
209924330,-1577,6467,-1577,-1679,102,-0.09981827437877655
209944322,-1577,6467,-1577,-1671,94,-0.099363453686237335
209964314,-1577,6468,-1577,-1663,86,-0.099075034260749817
209985139,-1577,6468,-1577,-1656,79,-0.098778344690799713
210005131,-1576,6468,-1576,-1650,74,-0.098330236971378326
210025123,-1508,6468,-1508,-1645,137,-0.097927317023277283
210045115,-1508,6469,-1508,-1638,130,-0.097449623048305511
210065107,-1508,6469,-1508,-1632,124,-0.096987240016460419
210085099,-1508,6469,-1508,-1626,118,-0.096518099308013916
210105091,-1508,6470,-1508,-1618,110,-0.0960649773478508
210125083,-1437,6470,-1437,-1611,174,-0.095589838922023773
210145075,-1437,6470,-1437,-1603,166,-0.095118828117847443
210165067,-1437,6470,-1437,-1595,158,-0.09476509690284729
210185059,-1437,6470,-1437,-1586,149,-0.094619914889335632
210205051,-1437,6471,-1437,-1577,140,-0.094445221126079559
210225043,-1367,6471,-1367,-1567,200,-0.094365082681179047
210245035,-1367,6470,-1367,-1557,190,-0.094622962176799774
210265027,-1367,6470,-1367,-1546,179,-0.095192141830921173
210285019,-1367,6470,-1367,-1535,168,-0.095884747803211212
210305011,-1368,6469,-1368,-1524,156,-0.096564777195453644
210325003,-1309,6469,-1309,-1512,203,-0.097112521529197693
210344995,-1309,6468,-1309,-1498,189,-0.097717329859733582
210364987,-1309,6468,-1309,-1483,174,-0.09807170182466507
210384979,-1309,6468,-1309,-1467,158,-0.098242364823818207
210404971,-1309,6468,-1309,-1450,141,-0.098249860107898712
210424963,-1256,6468,-1256,-1434,178,-0.098214231431484222
210444955,-1256,6468,-1256,-1418,162,-0.098004333674907684
210464947,-1256,6468,-1256,-1403,147,-0.097857058048248291
210484939,-1256,6468,-1256,-1388,132,-0.09773380309343338
210504931,-1256,6468,-1256,-1374,118,-0.097707785665988922
210524923,-1203,6469,-1203,-1359,156,-0.097609639167785645
210544915,-1203,6469,-1203,-1346,143,-0.097225219011306763
210564907,-1203,6469,-1203,-1332,129,-0.096752166748046875
210584899,-1203,6469,-1203,-1318,115,-0.096213214099407196
210604891,-1203,6470,-1203,-1304,101,-0.095627903938293457
210624883,-1142,6470,-1142,-1289,147,-0.095135249197483063
210644875,-1142,6470,-1142,-1274,132,-0.094747103750705719
210664867,-1142,6471,-1142,-1260,118,-0.094468288123607635
210684859,-1142,6471,-1142,-1247,105,-0.0941009521484375
210704851,-1142,6471,-1142,-1235,93,-0.093605779111385345
210724843,-1085,6471,-1085,-1223,138,-0.093243762850761414
210744835,-1085,6471,-1085,-1213,128,-0.093098029494285583
210764827,-1085,6471,-1085,-1204,119,-0.092869341373443604
210784819,-1085,6472,-1085,-1195,110,-0.092406295239925385
210804811,-1085,6472,-1085,-1184,99,-0.091816738247871399
210824803,-1027,6473,-1027,-1174,147,-0.091152817010879517
210844795,-1027,6473,-1027,-1163,136,-0.090643174946308136
210864787,-1027,6473,-1027,-1152,125,-0.090240441262722015
210884779,-1027,6473,-1027,-1141,114,-0.089948832988739014
210904771,-1027,6473,-1027,-1130,103,-0.089883074164390564
210924763,-968,6473,-968,-1120,152,-0.090049944818019867
210944755,-968,6473,-968,-1111,143,-0.090437397360801697
210964747,-968,6473,-968,-1102,134,-0.090780273079872131
210984739,-968,6473,-968,-1093,125,-0.090923629701137543
211004731,-968,6473,-968,-1085,117,-0.090949423611164093
211024723,-912,6473,-912,-1077,165,-0.091058626770973206
211044715,-912,6472,-912,-1067,155,-0.091222964227199554
211064707,-912,6473,-912,-1058,146,-0.091096945106983185
211084699,-912,6473,-912,-1048,136,-0.090965621173381805
211104691,-912,6473,-912,-1038,126,-0.090979166328907013
211124683,-860,6473,-860,-1028,168,-0.091058023273944855
211144675,-860,6473,-860,-1019,159,-0.091052509844303131
211164667,-860,6473,-860,-1009,149,-0.091131500899791718
211184659,-860,6472,-860,-999,139,-0.091309048235416412
211204651,-860,6472,-860,-988,128,-0.091360531747341156
211224643,-810,6472,-810,-977,167,-0.091424264013767242
211244635,-810,6472,-810,-964,154,-0.091631360352039337
211264627,-810,6472,-810,-952,142,-0.091990597546100616
211284619,-810,6472,-810,-940,130,-0.09218965470790863
211304611,-810,6472,-810,-929,119,-0.0923333540558815
211324603,-765,6472,-765,-917,152,-0.092404752969741821
211344595,-765,6472,-765,-904,139,-0.09241814911365509
211364587,-765,6472,-765,-891,126,-0.09242480993270874
211384579,-765,6472,-765,-877,112,-0.092596724629402161
211404571,-765,6472,-765,-863,98,-0.092826202511787415
211424563,-720,6471,-720,-850,130,-0.093063980340957642
211444555,-720,6471,-720,-836,116,-0.093297988176345825
211464547,-720,6471,-720,-822,102,-0.093452736735343933
211484539,-720,6471,-720,-810,90,-0.093439280986785889
211504531,-720,6471,-720,-799,79,-0.093230180442333221
211524523,-680,6471,-680,-788,108,-0.09285273402929306
211544515,-680,6472,-680,-779,99,-0.092258967459201813
211564507,-680,6472,-680,-771,91,-0.091450832784175873
211584499,-680,6473,-680,-765,85,-0.090911097824573517
211604491,-680,6473,-680,-758,78,-0.090415529906749725
211624483,-632,6473,-632,-751,119,-0.089927211403846741
211644475,-632,6474,-632,-744,112,-0.089378230273723602
211664467,-632,6474,-632,-736,104,-0.089042775332927704
211684459,-632,6474,-632,-728,96,-0.08859928697347641
211704451,-632,6474,-632,-720,88,-0.087968498468399048
211724443,-583,6475,-583,-713,130,-0.08723226934671402
211744435,-583,6475,-583,-706,123,-0.086534067988395691
211764427,-583,6475,-583,-698,115,-0.086078591644763947
211784419,-583,6476,-583,-691,108,-0.085657931864261627
211804411,-583,6476,-583,-683,100,-0.085371620953083038
211824403,-539,6476,-539,-674,135,-0.085182361304759979
211844395,-539,6476,-539,-665,126,-0.084976069629192352
211864387,-539,6476,-539,-659,120,-0.08464764803647995
211884379,-539,6476,-539,-653,114,-0.084368340671062469
211904371,-539,6476,-539,-644,105,-0.084158353507518768
211924363,-497,6477,-497,-635,138,-0.084091149270534515
211944355,-497,6476,-497,-627,130,-0.084173813462257385
211964347,-498,6476,-498,-618,120,-0.084415331482887268
211984339,-498,6476,-498,-608,110,-0.084688402712345123
212004331,-498,6476,-498,-599,101,-0.085057817399501801
212024323,-455,6476,-455,-590,135,-0.085550449788570404
212044315,-455,6475,-455,-581,126,-0.085965447127819061
212065140,-455,6475,-455,-572,117,-0.08626333624124527
212085132,-455,6475,-455,-563,108,-0.086797386407852173
212105124,-455,6475,-455,-554,99,-0.087460190057754517
212125116,-418,6474,-418,-544,126,-0.088033005595207214
212145108,-418,6474,-418,-535,117,-0.088626839220523834
212165100,-418,6474,-418,-526,108,-0.089443475008010864
212185092,-418,6473,-418,-517,99,-0.090301439166069031
212205084,-418,6473,-418,-508,90,-0.091088533401489258
212225076,-386,6472,-386,-501,115,-0.091660797595977783
212245068,-386,6472,-386,-492,106,-0.091950215399265289
212265060,-386,6472,-386,-484,98,-0.091996066272258759
212285052,-386,6472,-386,-476,90,-0.091988556087017059
212305044,-386,6472,-386,-468,82,-0.091846242547035217
212325036,-352,6472,-352,-461,109,-0.091685645282268524
212345028,-352,6472,-352,-453,101,-0.091529890894889832
212365020,-352,6472,-352,-447,95,-0.091348148882389069
212385012,-352,6473,-352,-441,89,-0.090985506772994995
212405004,-352,6473,-352,-436,84,-0.090510100126266479
212424996,-316,6473,-316,-430,114,-0.0899934321641922
212444988,-316,6474,-316,-423,107,-0.089330136775970459
212464980,-316,6474,-316,-416,100,-0.088730312883853912
212484972,-316,6474,-316,-408,92,-0.088220074772834778
212504964,-316,6475,-316,-401,85,-0.087601408362388611
212524956,-277,6475,-277,-395,118,-0.087036058306694031
212544948,-277,6475,-277,-388,111,-0.086169183254241943
212564940,-277,6476,-277,-382,105,-0.085273087024688721
212584932,-277,6476,-277,-376,99,-0.084688194096088409
212604924,-277,6477,-277,-370,93,-0.084122806787490845
212624916,-239,6477,-239,-364,125,-0.083390600979328156
212644908,-239,6477,-239,-358,119,-0.082565903663635254
212664900,-239,6478,-239,-352,113,-0.081925474107265472
212684892,-239,6478,-239,-345,106,-0.0813731849193573
212704884,-239,6478,-239,-337,98,-0.08096611499786377
212724876,-201,6478,-201,-329,128,-0.080627188086509705
212744868,-201,6479,-201,-320,119,-0.080351062119007111
212764860,-201,6479,-201,-310,109,-0.080176554620265961
212784852,-201,6479,-201,-299,98,-0.080072730779647827
212804844,-201,6479,-201,-289,88,-0.080015242099761963
212824836,-167,6479,-167,-280,113,-0.080003686249256134
212844828,-167,6479,-167,-272,105,-0.079876825213432312
212864820,-167,6479,-167,-264,97,-0.079825453460216522
212884812,-167,6479,-167,-254,87,-0.079963356256484985
212904804,-167,6479,-167,-245,78,-0.080197140574455261
212924796,-140,6478,-140,-236,96,-0.080505043268203735
212944788,-140,6478,-140,-226,86,-0.080763846635818481
212964780,-140,6478,-140,-217,77,-0.080987758934497833
212984772,-140,6478,-140,-209,69,-0.081071227788925171
213004764,-140,6478,-140,-201,61,-0.081143543124198914
213024756,-115,6478,-115,-193,78,-0.081468343734741211
213044748,-115,6478,-115,-184,69,-0.081687182188034058
213064740,-115,6478,-115,-177,62,-0.081741027534008026
213084732,-115,6478,-115,-171,56,-0.081952378153800964
213104724,-115,6477,-115,-164,49,-0.082352690398693085
213124716,-90,6477,-90,-158,68,-0.082986190915107727
213144708,-90,6477,-90,-153,63,-0.083588771522045135
213164700,-90,6477,-90,-148,58,-0.084084734320640564
213184692,-90,6476,-90,-143,53,-0.084486193954944611
213204684,-90,6476,-90,-137,47,-0.08489575982093811
213224676,-65,6476,-65,-132,67,-0.085139177739620209
213244668,-65,6476,-65,-126,61,-0.084925353527069092
213264660,-65,6476,-65,-121,56,-0.08461453765630722
213284652,-65,6476,-65,-115,50,-0.084409013390541077
213304644,-65,6477,-65,-109,44,-0.084096804261207581
213324636,-45,6477,-45,-102,57,-0.083759665489196777
213344628,-45,6477,-45,-96,51,-0.083413094282150269
213364620,-45,6477,-45,-90,45,-0.08278433233499527
213384612,-45,6478,-45,-85,40,-0.082038454711437225
213404604,-45,6478,-45,-81,36,-0.081377990543842316
213424596,-26,6478,-26,-76,50,-0.080708608031272888
213444588,-26,6479,-26,-72,46,-0.079870037734508514
213464580,-26,6479,-26,-68,42,-0.07872086763381958
213484572,-26,6480,-26,-64,38,-0.077469237148761749
213504564,-26,6481,-26,-60,34,-0.076455652713775635
213524556,-7,6481,-7,-57,50,-0.075833052396774292
213544548,-7,6481,-7,-54,47,-0.075128458440303802
213564540,-7,6481,-7,-51,44,-0.07451215386390686
213584532,-7,6482,-7,-47,40,-0.073912829160690308
213604524,-7,6482,-7,-44,37,-0.073193080723285675
213624516,16,6482,16,-42,58,-0.072382472455501556
213644508,16,6483,16,-40,56,-0.071769677102565765
213664500,16,6483,16,-38,54,-0.071388803422451019
213684492,16,6483,16,-36,52,-0.071383409202098846
213704484,16,6483,16,-34,50,-0.071581043303012848
213724476,40,6483,40,-30,70,-0.071998573839664459
213744468,40,6482,40,-28,68,-0.072574399411678314
213764460,40,6482,40,-26,66,-0.073344171047210693
213784452,40,6482,40,-24,64,-0.074126459658145905
213804444,40,6481,40,-22,62,-0.074991822242736816
213824436,61,6481,61,-19,80,-0.07586100697517395
213844428,61,6480,61,-16,77,-0.076849780976772308
213864420,61,6480,61,-13,74,-0.077796511352062225
213884412,61,6479,61,-8,69,-0.078805506229400635
213904404,61,6479,61,-2,63,-0.080115474760532379
213924396,82,6478,82,2,80,-0.081285081803798676
213944388,82,6478,82,6,76,-0.08218596875667572
213964380,82,6477,82,10,72,-0.082805067300796509
213984372,82,6477,82,13,69,-0.083098523318767548
214004364,82,6477,82,16,66,-0.083392404019832611
214024356,99,6477,99,20,79,-0.08356514573097229
214044348,99,6477,99,24,75,-0.083646640181541443
214064340,99,6477,99,29,70,-0.083662256598472595
214084332,99,6477,99,36,63,-0.083430416882038116
214104324,99,6477,99,42,57,-0.08304169774055481
214124316,116,6477,116,48,68,-0.082760937511920929
214145141,116,6477,116,53,63,-0.082486175000667572
214165133,116,6478,116,58,58,-0.082074053585529327
214185125,116,6478,116,63,53,-0.081403627991676331
214205117,116,6478,116,68,48,-0.080554664134979248
214225109,131,6479,131,74,57,-0.079828575253486633
214245101,131,6479,131,79,52,-0.078958339989185333
214265093,131,6480,131,85,46,-0.078124560415744781
214285085,130,6480,130,90,40,-0.077219001948833466
214305077,130,6481,130,95,35,-0.076304294168949127
214325069,145,6481,145,100,45,-0.075364992022514343
214345061,145,6481,145,104,41,-0.074688948690891266
214365053,145,6482,145,108,37,-0.074339725077152252
214385045,145,6482,145,112,33,-0.074298538267612457
214405037,145,6482,145,116,29,-0.074255652725696564
214425029,157,6482,157,118,39,-0.07427021861076355
214445021,157,6482,157,121,36,-0.074022598564624786
214465013,157,6482,157,125,32,-0.073785707354545593
214485005,157,6482,157,128,29,-0.073640741407871246
214504997,157,6482,157,131,26,-0.073538206517696381
214524989,176,6482,176,133,43,-0.073490619659423828
214544981,176,6482,176,136,40,-0.073526255786418915
214564973,176,6482,176,139,37,-0.073583096265792847
214584965,176,6482,176,142,34,-0.07365475594997406
214604957,176,6482,176,146,30,-0.073751568794250488
214624949,187,6482,187,150,37,-0.073815613985061646
214644941,187,6482,187,152,35,-0.073839433491230011
214664933,187,6482,187,154,33,-0.074094690382480621
214684925,187,6482,187,156,31,-0.074403785169124603
214704917,187,6481,187,157,30,-0.074937149882316589
214724909,198,6481,198,159,39,-0.07545045018196106
214744901,198,6481,198,161,37,-0.075940623879432678
214764893,198,6481,198,161,37,-0.076205193996429443
214784885,198,6481,198,163,35,-0.076460622251033783
214804877,198,6480,198,165,33,-0.07662007212638855
214824869,208,6480,208,166,42,-0.076860368251800537
214844861,208,6480,208,169,39,-0.077209524810314178
214864853,208,6480,208,172,36,-0.077470704913139343
214884845,208,6480,208,175,33,-0.077491879463195801
214904837,208,6480,208,178,30,-0.077386774122714996
214924829,219,6480,219,181,38,-0.077313430607318878
214944821,219,6480,219,182,37,-0.077260956168174744
214964813,219,6480,219,184,35,-0.077171720564365387
214984805,219,6480,219,186,33,-0.077068626880645752
215004797,219,6480,219,189,30,-0.077014133334159851
215024789,231,6480,231,193,38,-0.076800160109996796
215044781,231,6481,231,195,36,-0.076298609375953674
215064773,231,6481,231,198,33,-0.075747348368167877
215084765,231,6481,231,201,30,-0.075056985020637512
215104757,231,6482,231,204,27,-0.074376434087753296
215124749,238,6482,238,207,31,-0.073622524738311768
215144741,238,6482,238,209,29,-0.073015429079532623
215164733,238,6482,238,212,26,-0.072570517659187317
215184725,238,6482,238,214,24,-0.072394497692584991
215204717,238,6483,238,217,21,-0.072245381772518158
215224709,-6040,6483,-6040,221,-6261,-0.072198748588562012
215244701,-6040,6483,-6040,225,-6265,-0.07223125547170639
215264693,-6040,6483,-6040,223,-6263,-0.072051532566547394
215284685,-6040,6483,-6040,213,-6253,-0.071795001626014709
215304677,-6040,6483,-6040,191,-6231,-0.071455270051956177
215324669,-6084,6483,-6084,156,-6240,-0.071105606853961945
215344661,-6084,6483,-6084,104,-6188,-0.071021236479282379
215364653,-6084,6483,-6084,35,-6119,-0.071030192077159882
215384645,-6084,6483,-6084,-49,-6035,-0.071235895156860352
215404637,-6084,6483,-6084,-149,-5935,-0.071408413350582123
215424629,-6123,6483,-6123,-262,-5861,-0.07160639762878418
215444621,-6123,6483,-6123,-388,-5735,-0.071982443332672119
215464613,-6123,6482,-6123,-523,-5600,-0.072635717689990997
215484605,-6123,6482,-6123,-667,-5456,-0.073516510426998138
215504597,-6123,6481,-6123,-819,-5304,-0.074522338807582855
215524589,-6149,6481,-6149,-977,-5172,-0.07562766969203949
215544581,-6149,6480,-6149,-1140,-5009,-0.076642081141471863
215564573,-6149,6480,-6149,-1309,-4840,-0.077558703720569611
215584565,-6149,6480,-6149,-1480,-4669,-0.078441023826599121
215604557,-6149,6479,-6149,-1653,-4496,-0.07942827045917511
215624549,-6166,6479,-6166,-1828,-4338,-0.080239944159984589
215644541,-6166,6478,-6166,-2005,-4161,-0.080960318446159363
215664533,-6166,6478,-6166,-2183,-3983,-0.081747636198997498
215684525,-6167,6477,-6167,-2364,-3803,-0.082423113286495209
215704517,-6167,6477,-6167,-2547,-3620,-0.08290824294090271
215724509,-6178,6477,-6178,-2730,-3448,-0.083353139460086823
215744501,-6178,6477,-6178,-2913,-3265,-0.083793230354785919
215764493,-6178,6477,-6178,-3098,-3080,-0.084135398268699646
215784485,-6178,6476,-6178,-3281,-2897,-0.0842113196849823
215804477,-6178,6476,-6178,-3463,-2715,-0.084220215678215027
215824469,-6187,6477,-6187,-3643,-2544,-0.08407873660326004
215844461,-6187,6477,-6187,-3824,-2363,-0.083896830677986145
215864453,-6187,6477,-6187,-4004,-2183,-0.083614662289619446
215884445,-6187,6477,-6187,-4185,-2002,-0.083126083016395569
215904437,-6187,6477,-6187,-4365,-1822,-0.082503169775009155
215924429,-6192,6478,-6192,-4543,-1649,-0.081733644008636475
215944421,-6192,6478,-6192,-4720,-1472,-0.080835625529289246
215964413,-6192,6479,-6192,-4896,-1296,-0.079939357936382294
215984405,-6191,6479,-6191,-5067,-1124,-0.078854560852050781
216004397,-6191,6480,-6191,-5233,-958,-0.077499069273471832
216024389,-6192,6481,-6192,-5393,-799,-0.07590794563293457
216044381,-6191,6482,-6191,-5546,-645,-0.074123255908489227
216064373,-6191,6483,-6191,-5690,-501,-0.072119578719139099
216084365,-6191,6484,-6191,-5826,-365,-0.069872371852397919
216104357,-6190,6485,-6190,-5951,-239,-0.067199729382991791
216124349,-6183,6486,-6183,-6065,-118,-0.064349167048931122
216144341,-6183,6487,-6183,-6170,-13,-0.061277449131011963
216164333,-6183,6488,-6183,-6263,80,-0.058194085955619812
216184325,-6182,6490,-6182,-6343,161,-0.054819345474243164
216204317,-6182,6491,-6182,-6414,232,-0.051330320537090302
216225142,-6157,6492,-6157,-6474,317,-0.047827698290348053
216245134,-6157,6493,-6157,-6522,365,-0.044339872896671295
216265126,-6156,6494,-6156,-6561,405,-0.040939792990684509
216285118,-6156,6495,-6156,-6590,434,-0.037474755197763443
216305110,-6156,6496,-6156,-6611,455,-0.033706404268741608
216325102,-6106,6497,-6106,-6623,517,-0.030157551169395447
216345094,-6106,6497,-6106,-6628,522,-0.026624631136655807
216365086,-6105,6498,-6105,-6625,520,-0.023137351498007774
216385078,-6105,6498,-6105,-6616,511,-0.019778605550527573
216405070,-6105,6499,-6105,-6602,497,-0.016565693542361259
216425062,-6026,6499,-6026,-6583,557,-0.013519713655114174
216445054,-6026,6499,-6026,-6559,533,-0.010801427997648716
216465046,-6026,6499,-6026,-6533,507,-0.0082694310694932938
216485038,-6026,6499,-6026,-6502,476,-0.0059823114424943924
216505030,-6026,6499,-6026,-6468,442,-0.0037965429946780205
216525022,-5926,6499,-5926,-6433,507,-0.0019823629409074783
216545014,-5926,6499,-5926,-6396,470,-0.00044154457282274961
216565006,-5926,6499,-5926,-6358,432,0.00091395474737510085
216584998,-5926,6499,-5926,-6319,393,0.0021337743382900953
216604990,-5926,6499,-5926,-6279,353,0.0030231054406613111
216624982,-5825,6499,-5825,-6238,413,0.003674426581710577
216644974,-5825,6499,-5825,-6197,372,0.0039457562379539013
216664966,-5825,6499,-5825,-6157,332,0.0038125684950500727
216684958,-5825,6499,-5825,-6118,293,0.0032904134131968021
216704950,-5825,6499,-5825,-6079,254,0.0025998975615948439
216724942,-5744,6499,-5744,-6040,296,0.0016687163151800632
216744934,-5744,6499,-5744,-6003,259,0.00043922199984081089
216764926,-5744,6499,-5744,-5966,222,-0.001323107979260385
216784918,-5744,6499,-5744,-5931,187,-0.0035288180224597454
216804910,-5744,6499,-5744,-5897,153,-0.005930017214268446
216824902,-5699,6499,-5699,-5865,166,-0.0086609292775392532
216844894,-5700,6499,-5700,-5835,135,-0.011643841862678528
216864886,-5700,6499,-5700,-5806,106,-0.014983777888119221
216884878,-5700,6498,-5700,-5778,78,-0.018576862290501595
216904870,-5700,6498,-5700,-5752,52,-0.022643182426691055
216924862,-5694,6497,-5694,-5727,33,-0.027147591114044189
216944854,-5694,6496,-5694,-5702,8,-0.031831588596105576
216964846,-5694,6495,-5694,-5679,-15,-0.036636978387832642
216984838,-5695,6494,-5695,-5656,-39,-0.041517231613397598
217004830,-5695,6492,-5695,-5637,-58,-0.046441104263067245
217024822,-5714,6491,-5714,-5620,-94,-0.051557544618844986
217044814,-5715,6489,-5715,-5604,-111,-0.05677468329668045
217064806,-5716,6487,-5716,-5591,-125,-0.061955705285072327
217084798,-5717,6485,-5717,-5580,-137,-0.066933892667293549
217104790,-5718,6483,-5718,-5570,-148,-0.071905575692653656
217124782,-5746,6480,-5746,-5564,-182,-0.077001407742500305
217144774,-5747,6478,-5747,-5559,-188,-0.08202759176492691
217164766,-5748,6475,-5748,-5555,-193,-0.08695637434720993
217184758,-5749,6472,-5749,-5553,-196,-0.091670140624046326
217204750,-5750,6470,-5750,-5552,-198,-0.096034333109855652
217224742,-5772,6467,-5772,-5552,-220,-0.1000257283449173
217244734,-5773,6465,-5773,-5554,-219,-0.10378352552652359
217264726,-5774,6462,-5774,-5557,-217,-0.10736550390720367
217284718,-5775,6460,-5775,-5562,-213,-0.11095474660396576
217304710,-5776,6457,-5776,-5568,-208,-0.11440389603376389
217324702,-5788,6455,-5788,-5575,-213,-0.11762057989835739
217344694,-5789,6452,-5789,-5582,-207,-0.12067829817533493
217364686,-5790,6450,-5790,-5589,-201,-0.12356623262166977
217384678,-5791,6448,-5791,-5597,-194,-0.1262499988079071
217404670,-5792,6446,-5792,-5605,-187,-0.12882080674171448
217424662,-5793,6444,-5793,-5612,-181,-0.13104462623596191
217444654,-5793,6442,-5793,-5619,-174,-0.13314832746982574
217464646,-5794,6440,-5794,-5627,-167,-0.13499902188777924
217484638,-5795,6439,-5795,-5634,-161,-0.13657654821872711
217504630,-5795,6438,-5795,-5640,-155,-0.13788701593875885
217524622,-5786,6437,-5786,-5647,-139,-0.13893742859363556
217544614,-5786,6436,-5786,-5654,-132,-0.13988175988197327
217564606,-5787,6435,-5787,-5661,-126,-0.14078432321548462
217584598,-5787,6434,-5787,-5667,-120,-0.14170676469802856
217604590,-5787,6434,-5787,-5674,-113,-0.14240030944347382
217624582,-5770,6433,-5770,-5680,-90,-0.1429571658372879
217644574,-5770,6433,-5770,-5686,-84,-0.14344426989555359
217664566,-5770,6432,-5770,-5692,-78,-0.14383271336555481
217684558,-5770,6432,-5770,-5696,-74,-0.14410386979579926
217704550,-5770,6432,-5770,-5698,-72,-0.14413352310657501
217724542,-5745,6432,-5745,-5700,-45,-0.14395947754383087
217744534,-5745,6433,-5745,-5701,-44,-0.14362901449203491
217764526,-5745,6433,-5745,-5701,-44,-0.14313843846321106
217784518,-5745,6434,-5745,-5701,-44,-0.14260478317737579
217804510,-5744,6434,-5744,-5701,-43,-0.14194843173027039
217824502,-5711,6435,-5711,-5699,-12,-0.14106185734272003
217844494,-5711,6436,-5711,-5697,-14,-0.14012019336223602
217864486,-5710,6437,-5710,-5694,-16,-0.13908982276916504
217884478,-5710,6438,-5710,-5691,-19,-0.13800927996635437
217904470,-5709,6439,-5709,-5686,-23,-0.13679040968418121
217924462,-5666,6440,-5666,-5680,14,-0.13549739122390747
217944454,-5665,6441,-5665,-5673,8,-0.13401395082473755
217964446,-5665,6443,-5665,-5666,1,-0.13226728141307831
217984438,-5664,6444,-5664,-5658,-6,-0.13041715323925018
218004430,-5663,6446,-5663,-5650,-13,-0.12864577770233154
218024422,-5608,6447,-5608,-5641,33,-0.12663652002811432
218044414,-5607,6449,-5607,-5631,24,-0.12432750314474106
218064406,-5606,6451,-5606,-5621,15,-0.12196943163871765
218084398,-5606,6453,-5606,-5611,5,-0.11966987699270248
218104390,-5605,6455,-5605,-5602,-3,-0.11731553822755814
218124382,-5536,6457,-5536,-5592,56,-0.1149168387055397
218144374,-5535,6458,-5535,-5583,48,-0.11238473653793335
218164366,-5534,6460,-5534,-5573,39,-0.10988059639930725
218184358,-5533,6462,-5533,-5564,31,-0.10757595300674438
218204350,-5533,6463,-5533,-5554,21,-0.10534469783306122
218224342,-5451,6465,-5451,-5544,93,-0.10318110138177872
218244334,-5450,6466,-5450,-5533,83,-0.10100621730089188
218264326,-5449,6468,-5449,-5523,74,-0.098735250532627106
218284318,-5449,6469,-5449,-5514,65,-0.096411533653736115
218304310,-5448,6471,-5448,-5502,54,-0.094083279371261597
218325135,-5355,6472,-5355,-5490,135,-0.091979056596755981
218345127,-5354,6473,-5354,-5478,124,-0.090153656899929047
218365119,-5354,6474,-5354,-5466,112,-0.088650137186050415
218385111,-5354,6475,-5354,-5454,100,-0.087214112281799316
218405103,-5353,6476,-5353,-5444,91,-0.085874699056148529
218425095,-5253,6476,-5253,-5433,180,-0.084635533392429352
218445087,-5253,6477,-5253,-5422,169,-0.083486065268516541
218465079,-5253,6477,-5253,-5411,158,-0.082485906779766083
218485071,-5253,6478,-5253,-5400,147,-0.081433802843093872
218505063,-5252,6479,-5252,-5390,138,-0.08034980297088623
218525055,-5160,6479,-5160,-5378,218,-0.079439930617809296
218545047,-5160,6479,-5160,-5364,204,-0.078683018684387207
218565039,-5160,6480,-5160,-5350,190,-0.078038983047008514
218585031,-5159,6480,-5159,-5335,176,-0.077439986169338226
218605023,-5159,6480,-5159,-5319,160,-0.077108509838581085
218625015,-5073,6480,-5073,-5302,229,-0.076830103993415833
218645007,-5073,6480,-5073,-5284,211,-0.076774701476097107
218664999,-5073,6480,-5073,-5265,192,-0.077117912471294403
218684991,-5073,6480,-5073,-5247,174,-0.077532768249511719
218704983,-5073,6480,-5073,-5229,156,-0.078174158930778503
218724975,-5001,6479,-5001,-5210,209,-0.078851290047168732
218744967,-5001,6479,-5001,-5190,189,-0.079621881246566772
218764959,-5001,6479,-5001,-5170,169,-0.08034680038690567
218784951,-5001,6478,-5001,-5151,150,-0.08106096088886261
218804943,-5001,6478,-5001,-5131,130,-0.081866897642612457
218824935,-4940,6477,-4940,-5113,173,-0.082879886031150818
218844927,-4941,6477,-4941,-5094,153,-0.084053687751293182
218864919,-4941,6476,-4941,-5076,135,-0.085468076169490814
218884911,-4941,6475,-4941,-5059,118,-0.086912631988525391
218904903,-4942,6474,-4942,-5042,100,-0.088420838117599487
218924895,-4887,6473,-4887,-5024,137,-0.089899986982345581
218944887,-4888,6472,-4888,-5008,120,-0.091233700513839722
218964879,-4888,6472,-4888,-4991,103,-0.092509336769580841
218984871,-4888,6471,-4888,-4975,87,-0.093794889748096466
219004863,-4889,6470,-4889,-4960,71,-0.09520576149225235
219024855,-4833,6469,-4833,-4944,111,-0.096852429211139679
219044847,-4834,6468,-4834,-4929,95,-0.098472468554973602
219064839,-4834,6467,-4834,-4914,80,-0.0999598428606987
219084831,-4834,6466,-4834,-4899,65,-0.10143990069627762
219104823,-4835,6465,-4835,-4885,50,-0.10291992127895355
219124815,-4781,6464,-4781,-4873,92,-0.10435092449188232
219144807,-4781,6463,-4781,-4861,80,-0.1057024821639061
219164799,-4782,6462,-4782,-4849,67,-0.10713569819927216
219184791,-4782,6461,-4782,-4837,55,-0.10866986960172653
219204783,-4783,6460,-4783,-4826,43,-0.11007271707057953
219224775,-4730,6459,-4730,-4816,86,-0.11138204485177994
219244767,-4731,6458,-4731,-4806,75,-0.11260652542114258
219264759,-4731,6458,-4731,-4796,65,-0.11364064365625381
219284751,-4731,6457,-4731,-4785,54,-0.11461178958415985
219304743,-4732,6456,-4732,-4775,43,-0.11556138843297958
219324735,-4670,6456,-4670,-4764,94,-0.11639224737882614
219344727,-4670,6455,-4670,-4752,82,-0.11705824732780457
219364719,-4671,6455,-4671,-4740,69,-0.1177346259355545
219384711,-4671,6454,-4671,-4728,57,-0.11853691935539246
219404703,-4671,6453,-4671,-4717,46,-0.11930815875530243
219424695,-4599,6453,-4599,-4706,107,-0.11995676159858704
219444687,-4599,6452,-4599,-4695,96,-0.12051240354776382
219464679,-4599,6452,-4599,-4684,85,-0.12102378159761429
219484671,-4600,6452,-4600,-4675,75,-0.12149883806705475
219504663,-4600,6451,-4600,-4665,65,-0.12188051640987396
219524655,-4515,6451,-4515,-4654,139,-0.12233006954193115
219544647,-4515,6451,-4515,-4644,129,-0.12276718765497208
219564639,-4515,6450,-4515,-4635,120,-0.12306230515241623
219584631,-4515,6450,-4515,-4624,109,-0.12340740859508514
219604623,-4515,6450,-4515,-4613,98,-0.1237746998667717
219624615,-4419,6450,-4419,-4601,182,-0.12390629202127457
219644607,-4419,6450,-4419,-4590,171,-0.12389304488897324
219664599,-4419,6450,-4419,-4578,159,-0.12395564466714859
219684591,-4419,6450,-4419,-4564,145,-0.12407802045345306
219704583,-4419,6449,-4419,-4549,130,-0.12429819256067276
219724575,-4323,6449,-4323,-4534,211,-0.12477295845746994
219744567,-4323,6449,-4323,-4519,196,-0.12495793402194977
219764559,-4323,6449,-4323,-4504,181,-0.12497460842132568
219784551,-4323,6449,-4323,-4489,166,-0.12491863965988159
219804543,-4323,6449,-4323,-4473,150,-0.12474818527698517
219824535,-4214,6449,-4214,-4456,242,-0.12442876398563385
219844527,-4214,6450,-4214,-4439,225,-0.1240461990237236
219864519,-4214,6450,-4214,-4421,207,-0.1235157772898674
219884511,-4213,6450,-4213,-4402,189,-0.1230231449007988
219904503,-4213,6451,-4213,-4383,170,-0.1225675567984581
219924495,-4087,6451,-4087,-4363,276,-0.12211474031209946
219944487,-4087,6451,-4087,-4343,256,-0.12191836535930634
219964479,-4087,6451,-4087,-4323,236,-0.12168378382921219
219984471,-4087,6452,-4087,-4303,216,-0.1214928925037384
220004463,-4087,6452,-4087,-4282,195,-0.12136176228523254
220024455,-3953,6452,-3953,-4262,309,-0.12111608684062958
220044447,-3953,6452,-3953,-4241,288,-0.1209038645029068
220064439,-3953,6452,-3953,-4220,267,-0.12087667733430862
220084431,-3953,6452,-3953,-4199,246,-0.12100757658481598
220104423,-3953,6452,-3953,-4179,226,-0.12103118747472763
220124415,-3822,6452,-3822,-4158,336,-0.12103256583213806
220144407,-3822,6452,-3822,-4137,315,-0.12127672135829926
220164399,-3822,6451,-3822,-4116,294,-0.1216169148683548
220184391,-3822,6451,-3822,-4094,272,-0.1218993216753006
220204383,-3822,6451,-3822,-4072,250,-0.12209692597389221
220224375,-3692,6451,-3692,-4050,358,-0.12222075462341309
220244367,-3692,6451,-3692,-4027,335,-0.12226612865924835
220264359,-3692,6451,-3692,-4003,311,-0.12227290123701096
220284351,-3692,6451,-3692,-3979,287,-0.12261085212230682
220304343,-3693,6450,-3693,-3954,261,-0.12296765297651291
220324335,-3566,6450,-3566,-3927,361,-0.12330062687397003
220344327,-3567,6450,-3567,-3900,333,-0.12380979955196381
220364319,-3567,6449,-3567,-3873,306,-0.12470589578151703
220384311,-3567,6448,-3567,-3845,278,-0.12581130862236023
220405136,-3568,6447,-3568,-3817,249,-0.12683384120464325
220425128,-3448,6446,-3448,-3790,342,-0.12785732746124268
220445120,-3448,6446,-3448,-3762,314,-0.12881806492805481
220465112,-3448,6445,-3448,-3732,284,-0.12981238961219788
220485104,-3449,6444,-3449,-3704,255,-0.13060903549194336
220505096,-3449,6444,-3449,-3675,226,-0.13133285939693451
220525088,-3329,6443,-3329,-3646,317,-0.13192346692085266
220545080,-3329,6443,-3329,-3619,290,-0.13225528597831726
220565072,-3330,6442,-3330,-3591,261,-0.13268262147903442
220585064,-3330,6442,-3330,-3564,234,-0.13309653103351593
220605056,-3330,6442,-3330,-3538,208,-0.13352106511592865
220625048,-3201,6441,-3201,-3513,312,-0.1340487003326416
220645040,-3201,6441,-3201,-3489,288,-0.1345718652009964
220665032,-3201,6440,-3201,-3464,263,-0.1352275162935257
220685024,-3201,6440,-3201,-3440,239,-0.13589689135551453
220705016,-3202,6439,-3202,-3418,216,-0.13649354875087738
220725008,-3068,6439,-3068,-3394,326,-0.1368614137172699
220745000,-3068,6439,-3068,-3370,302,-0.13710635900497437
220764992,-3068,6438,-3068,-3346,278,-0.13750046491622925
220784984,-3068,6438,-3068,-3322,254,-0.13810206949710846
220804976,-3068,6437,-3068,-3298,230,-0.13867358863353729
220824968,-2930,6437,-2930,-3274,344,-0.13917256891727448
220844960,-2930,6436,-2930,-3250,320,-0.1396355926990509
220864952,-2930,6436,-2930,-3227,297,-0.14019079506397247
220884944,-2930,6435,-2930,-3203,273,-0.14074817299842834
220904936,-2930,6435,-2930,-3179,249,-0.14133824408054352
220924928,-2795,6434,-2795,-3154,359,-0.14194586873054504
220944920,-2796,6434,-2796,-3128,332,-0.14260734617710114
220964912,-2796,6433,-2796,-3103,307,-0.14318786561489105
220984904,-2796,6433,-2796,-3077,281,-0.14365750551223755
221004896,-2796,6432,-2796,-3050,254,-0.14395718276500702
221024888,-6190,6432,-6190,-3024,-3166,-0.14430645108222961
221044880,-6190,6431,-6190,-2999,-3191,-0.14497809112071991
221064872,-6190,6430,-6190,-2978,-3212,-0.14606602489948273
221084864,-6191,6429,-6191,-2967,-3224,-0.14749602973461151
221104856,-6191,6427,-6191,-2969,-3222,-0.14932705461978912
221124848,-6201,6425,-6201,-2987,-3214,-0.15152162313461304
221144840,-6202,6422,-6202,-3022,-3180,-0.1542399525642395
221164832,-6203,6419,-6203,-3075,-3128,-0.1574733704328537
221184824,-6205,6415,-6205,-3145,-3060,-0.16104972362518311
221204816,-6206,6411,-6206,-3231,-2975,-0.16499467194080353
221224808,-6210,6407,-6210,-3332,-2878,-0.16917173564434052
221244800,-6212,6402,-6212,-3446,-2766,-0.17349895834922791
221264792,-6214,6397,-6214,-3573,-2641,-0.17797456681728363
221284784,-6216,6392,-6216,-3710,-2506,-0.18250326812267303
221304776,-6218,6386,-6218,-3855,-2363,-0.18719637393951416
221324768,-6209,6380,-6209,-4007,-2202,-0.19190594553947449
221344760,-6212,6374,-6212,-4166,-2046,-0.19654186069965363
221364752,-6214,6369,-6214,-4330,-1884,-0.20101223886013031
221384744,-6216,6363,-6216,-4497,-1719,-0.20530162751674652
221404736,-6218,6358,-6218,-4666,-1552,-0.20932139456272125
221424728,-6198,6353,-6198,-4836,-1362,-0.2130020409822464
221444720,-6200,6348,-6200,-5004,-1196,-0.21639184653759003
221464712,-6201,6344,-6201,-5169,-1032,-0.21940870583057404
221484704,-6203,6340,-6203,-5330,-873,-0.22195720672607422
221504696,-6204,6337,-6204,-5484,-720,-0.22394593060016632
221524688,-6174,6335,-6174,-5631,-543,-0.22542037069797516
221544680,-6174,6334,-6174,-5770,-404,-0.22640401124954224
221564672,-6175,6333,-6175,-5898,-277,-0.2268339991569519
221584664,-6174,6333,-6174,-6016,-158,-0.22673159837722778
221604656,-6174,6334,-6174,-6123,-51,-0.22607457637786865
221624648,-6141,6336,-6141,-6217,76,-0.224895179271698
221644640,-6140,6338,-6140,-6299,159,-0.22324392199516296
221664632,-6139,6341,-6139,-6369,230,-0.22121265530586243
221684624,-6137,6345,-6137,-6427,290,-0.21879874169826508
221704616,-6136,6348,-6136,-6473,337,-0.2161484956741333
221724608,-6101,6352,-6101,-6508,407,-0.21313381195068359
221744600,-6099,6357,-6099,-6532,433,-0.20989291369915009
221764592,-6097,6361,-6097,-6545,448,-0.20644044876098633
221784584,-6095,6366,-6095,-6549,454,-0.20265381038188934
221804576,-6093,6372,-6093,-6544,451,-0.19852204620838165
221824568,-6050,6377,-6050,-6531,481,-0.19428882002830505
221844560,-6048,6383,-6048,-6512,464,-0.18997102975845337
221864552,-6046,6388,-6046,-6486,440,-0.18565256893634796
221884544,-6044,6393,-6044,-6454,410,-0.18133953213691711
221904536,-6042,6398,-6042,-6418,376,-0.17700186371803284
221924528,-5979,6403,-5979,-6378,399,-0.17253813147544861
221944520,-5977,6408,-5977,-6336,359,-0.16793979704380035
221964512,-5975,6413,-5975,-6292,317,-0.16335374116897583
221984504,-5973,6418,-5973,-6247,274,-0.15879401564598083
222004496,-5971,6422,-5971,-6202,231,-0.15422742068767548
222024488,-5889,6427,-5889,-6157,268,-0.14974260330200195
222044480,-5888,6431,-5888,-6113,225,-0.14545084536075592
222064472,-5886,6435,-5886,-6070,184,-0.14136385917663574
222084464,-5885,6438,-5885,-6029,144,-0.13736154139041901
222104456,-5884,6442,-5884,-5989,105,-0.13356944918632507
222124448,-5793,6445,-5793,-5951,158,-0.13012824952602386
222144440,-5792,6447,-5792,-5916,124,-0.12699677050113678
222164432,-5791,6450,-5791,-5882,91,-0.12401657551527023
222184424,-5790,6452,-5790,-5851,61,-0.12123322486877441
222204416,-5789,6454,-5789,-5820,31,-0.1187952384352684
222224408,-5704,6455,-5704,-5792,88,-0.11687038093805313
222244400,-5704,6456,-5704,-5768,64,-0.11517685651779175
222264392,-5703,6458,-5703,-5744,41,-0.1134263277053833
222284384,-5703,6459,-5703,-5722,19,-0.11214780062437057
222304376,-5703,6459,-5703,-5701,-2,-0.11109805852174759
222324368,-5634,6460,-5634,-5681,47,-0.11017075181007385
222344360,-5634,6461,-5634,-5663,29,-0.10938725620508194
222364352,-5634,6461,-5634,-5645,11,-0.108977310359478
222384344,-5634,6461,-5634,-5628,-6,-0.10891073197126389
222404336,-5634,6461,-5634,-5615,-19,-0.1092238649725914
222424328,-5585,6460,-5585,-5602,17,-0.10974595695734024
222444320,-5585,6460,-5585,-5590,5,-0.11041125655174255
222464312,-5586,6459,-5586,-5579,-7,-0.11111290752887726
222485137,-5586,6459,-5586,-5570,-16,-0.11208739876747131
222505129,-5586,6458,-5586,-5561,-25,-0.11323055624961853
222525121,-5560,6457,-5560,-5552,-8,-0.11451591551303864
222545113,-5560,6456,-5560,-5544,-16,-0.11610174179077148
222565105,-5561,6455,-5561,-5537,-24,-0.11755955964326859
222585097,-5561,6454,-5561,-5531,-30,-0.11902948468923569
222605089,-5562,6453,-5562,-5526,-36,-0.12028680741786957
222625081,-5550,6451,-5550,-5522,-28,-0.12171424925327301
222645073,-5551,6450,-5551,-5517,-34,-0.1232488602399826
222665065,-5552,6449,-5552,-5513,-39,-0.12507648766040802
222685057,-5552,6447,-5552,-5510,-42,-0.12726180255413055
222705049,-5553,6445,-5553,-5508,-45,-0.12938490509986877
222725041,-5549,6443,-5549,-5505,-44,-0.13138265907764435
222745033,-5550,6442,-5550,-5502,-48,-0.13326114416122437
222765025,-5551,6440,-5551,-5501,-50,-0.135186567902565
222785017,-5551,6438,-5551,-5500,-51,-0.13716039061546326
222805009,-5552,6437,-5552,-5499,-53,-0.13898099958896637
222825001,-5548,6435,-5548,-5499,-49,-0.14062632620334625
222844993,-5548,6434,-5548,-5498,-50,-0.14201116561889648
222864985,-5549,6433,-5549,-5497,-52,-0.14316658675670624
222884977,-5549,6432,-5549,-5494,-55,-0.14409743249416351
222904969,-5549,6431,-5549,-5490,-59,-0.14479714632034302
222924961,-5539,6431,-5539,-5486,-53,-0.14548017084598541
222944953,-5539,6430,-5539,-5483,-56,-0.14628270268440247
222964945,-5540,6429,-5540,-5480,-60,-0.14705492556095123
222984937,-5540,6429,-5540,-5478,-62,-0.14791733026504517
223004929,-5540,6428,-5540,-5476,-64,-0.14868439733982086
223024921,-5520,6427,-5520,-5475,-45,-0.14909455180168152
223044913,-5520,6428,-5520,-5476,-44,-0.14895559847354889
223064905,-5519,6428,-5519,-5475,-44,-0.14846095442771912
223084897,-5519,6429,-5519,-5473,-46,-0.14789451658725739
223104889,-5519,6429,-5519,-5470,-49,-0.14726373553276062
223124881,-5479,6430,-5479,-5466,-13,-0.14642073214054108
223144873,-5478,6431,-5478,-5463,-15,-0.14536844193935394
223164865,-5478,6432,-5478,-5460,-18,-0.14425218105316162
223184857,-5477,6433,-5477,-5456,-21,-0.14289098978042603
223204849,-5477,6435,-5477,-5452,-25,-0.14113494753837585
223224841,-5406,6437,-5406,-5447,41,-0.13902431726455688
223244833,-5405,6439,-5405,-5441,36,-0.13672633469104767
223264825,-5404,6441,-5404,-5434,30,-0.1342436820268631
223284817,-5403,6443,-5403,-5427,24,-0.13161219656467438
223304809,-5402,6446,-5402,-5421,19,-0.12867185473442078
223324801,-5293,6449,-5293,-5415,122,-0.12530726194381714
223344793,-5291,6452,-5291,-5408,117,-0.1215355172753334
223364785,-5290,6455,-5290,-5400,110,-0.11758308112621307
223384777,-5289,6458,-5289,-5391,102,-0.11331529915332794
223404769,-5287,6461,-5287,-5382,95,-0.10904847085475922
223424761,-5133,6464,-5133,-5373,240,-0.10478440672159195
223444753,-5132,6467,-5132,-5362,230,-0.10028441250324249
223464745,-5131,6470,-5131,-5350,219,-0.09546024352312088
223484737,-5129,6473,-5129,-5337,208,-0.090659946203231812
223504729,-5128,6475,-5128,-5322,194,-0.086027078330516815
223524721,-4922,6478,-4922,-5306,384,-0.081441931426525116
223544713,-4921,6480,-4921,-5290,369,-0.077090799808502197
223564705,-4920,6482,-4920,-5273,353,-0.072456210851669312
223584697,-4919,6485,-4919,-5255,336,-0.067485734820365906
223604689,-4918,6487,-4918,-5235,317,-0.062336709350347519
223624681,-4661,6489,-4661,-5215,554,-0.057190608233213425
223644673,-4661,6491,-4661,-5194,533,-0.052133996039628983
223664665,-4660,6492,-4660,-5172,512,-0.047171078622341156
223684657,-4659,6494,-4659,-5148,489,-0.042348690330982208
223704649,-4659,6495,-4659,-5121,462,-0.037751801311969757
223724641,-4351,6496,-4351,-5093,742,-0.033226486295461655
223744633,-4350,6497,-4350,-5064,714,-0.028888117522001266
223764625,-4350,6497,-4350,-5030,680,-0.02482052706182003
223784617,-4350,6498,-4350,-4994,644,-0.020959597080945969
223804609,-4350,6499,-4350,-4954,604,-0.017426710575819016
223824601,-4026,6499,-4026,-4912,886,-0.014316328801214695
223844593,-4026,6499,-4026,-4869,843,-0.011574964970350266
223864585,-4026,6499,-4026,-4824,798,-0.0092215267941355705
223884577,-4026,6499,-4026,-4776,750,-0.007258441299200058
223904569,-4026,6499,-4026,-4727,701,-0.0057289162650704384
223924561,-3734,6499,-3734,-4675,941,-0.0049270661547780037
223944553,-3734,6499,-3734,-4621,887,-0.0049528335221111774
223964545,-3734,6499,-3734,-4565,831,-0.0056470050476491451
223984537,-3734,6499,-3734,-4507,773,-0.0068268929608166218
224004529,-3734,6499,-3734,-4448,714,-0.0087468000128865242
224024521,-3526,6499,-3526,-4386,860,-0.01123438123613596
224044513,-3526,6499,-3526,-4322,796,-0.014181634411215782
224064505,-3526,6499,-3526,-4257,731,-0.01731070876121521
224084497,-3526,6498,-3526,-4190,664,-0.021012667566537857
224104489,-3526,6497,-3526,-4125,599,-0.025200914591550827
224124481,-3428,6497,-3428,-4060,632,-0.029810439795255661
224144473,-3428,6496,-3428,-3997,569,-0.034892436116933823
224164465,-3429,6494,-3429,-3936,507,-0.040399510413408279
224184457,-3429,6493,-3429,-3874,445,-0.046206258237361908
224204449,-3430,6491,-3430,-3814,384,-0.052037600427865982
224224441,-3415,6489,-3415,-3755,340,-0.057984575629234314
224244433,-3416,6486,-3416,-3698,282,-0.063912227749824524
224264425,-3417,6484,-3417,-3644,227,-0.069727614521980286
224284417,-3418,6481,-3418,-3593,175,-0.075706154108047485
224304409,-3420,6478,-3420,-3545,125,-0.081788070499897003
224324401,-3435,6474,-3435,-3500,65,-0.087742112576961517
224344393,-3437,6471,-3437,-3459,22,-0.09372025728225708
224364385,-3438,6467,-3438,-3422,-16,-0.099660791456699371
224384377,-3440,6463,-3440,-3388,-52,-0.10557256639003754
224404369,-3442,6459,-3442,-3358,-84,-0.1112200990319252
224424361,-3461,6455,-3461,-3331,-130,-0.11653359234333038
224444353,-3462,6452,-3462,-3307,-155,-0.12155647575855255
224464345,-3464,6448,-3464,-3287,-177,-0.12641257047653198
224484337,-3466,6444,-3466,-3271,-195,-0.13131234049797058
224504329,-3467,6439,-3467,-3259,-208,-0.13617680966854095
224524321,-3469,6435,-3469,-3251,-218,-0.14087428152561188
224544313,-3471,6431,-3471,-3246,-225,-0.14540456235408783
224565138,-3472,6427,-3472,-3244,-228,-0.14986664056777954
224585130,-3474,6422,-3474,-3246,-228,-0.15422774851322174
224605122,-3476,6418,-3476,-3249,-227,-0.15839506685733795
224625114,-3460,6414,-3460,-3256,-204,-0.1625647246837616
224645106,-3461,6410,-3461,-3264,-197,-0.16645792126655579
224665098,-3463,6406,-3463,-3274,-189,-0.17027284204959869
224685090,-3465,6401,-3465,-3285,-180,-0.17409668862819672
224705082,-3467,6397,-3467,-3297,-170,-0.17793333530426025
224725074,-3441,6392,-3441,-3309,-132,-0.18175879120826721
224745066,-3442,6388,-3442,-3321,-121,-0.18558061122894287
224765058,-3444,6383,-3444,-3334,-110,-0.18938806653022766
224785050,-3446,6379,-3446,-3347,-99,-0.19322530925273895
224805042,-3448,6374,-3448,-3360,-88,-0.19707761704921722
224825034,-3420,6369,-3420,-3372,-48,-0.20093555748462677
224845026,-3422,6364,-3422,-3385,-37,-0.20480041205883026
224865018,-3424,6358,-3424,-3397,-27,-0.20870286226272583
224885010,-3426,6353,-3426,-3408,-18,-0.21267533302307129
224905002,-3429,6348,-3429,-3419,-10,-0.21664895117282867
224924994,-3403,6342,-3403,-3429,26,-0.22060735523700714
224944986,-3406,6336,-3406,-3437,31,-0.22454182803630829
224964978,-3408,6331,-3408,-3445,37,-0.2284548282623291
224984970,-3411,6325,-3411,-3452,41,-0.23240259289741516
225004962,-3413,6319,-3413,-3457,44,-0.23634141683578491
225024954,-3386,6313,-3386,-3462,76,-0.24027448892593384
225044946,-3389,6307,-3389,-3465,76,-0.24416397511959076
225064938,-3392,6301,-3392,-3467,75,-0.24804028868675232
225084930,-3394,6294,-3394,-3468,74,-0.25186887383460999
225104922,-3397,6288,-3397,-3468,71,-0.2556932270526886
225124914,-3368,6282,-3368,-3467,99,-0.2594989538192749
225144906,-3371,6276,-3371,-3465,94,-0.26322036981582642
225164898,-3373,6269,-3373,-3463,90,-0.26681676506996155
225184890,-3376,6263,-3376,-3459,83,-0.27038389444351196
225204882,-3379,6257,-3379,-3455,76,-0.27395361661911011
225224874,-3341,6251,-3341,-3451,110,-0.27737751603126526
225244866,-3343,6245,-3343,-3445,102,-0.28061556816101074
225264858,-3346,6240,-3346,-3440,94,-0.28358018398284912
225284850,-3348,6235,-3348,-3433,85,-0.28630340099334717
225304842,-3350,6230,-3350,-3426,76,-0.28877735137939453
225324834,-3293,6226,-3293,-3417,124,-0.290965735912323
225344826,-3294,6223,-3294,-3408,114,-0.29282453656196594
225364818,-3295,6220,-3295,-3399,104,-0.29436865448951721
225384810,-3297,6217,-3297,-3390,93,-0.29585185647010803
225404802,-3298,6215,-3298,-3379,81,-0.29709520936012268
225424794,-3202,6213,-3202,-3368,166,-0.29803368449211121
225444786,-3203,6212,-3203,-3357,154,-0.29850104451179504
225464778,-3203,6212,-3203,-3346,143,-0.29863831400871277
225484770,-3202,6212,-3202,-3334,132,-0.29838129878044128
225504762,-3202,6214,-3202,-3320,118,-0.29767274856567383
225524754,-3061,6216,-3061,-3304,243,-0.29664555191993713
225544746,-3060,6218,-3060,-3289,229,-0.29525336623191833
225564738,-3059,6222,-3059,-3272,213,-0.29342442750930786
225584730,-3057,6226,-3057,-3255,198,-0.29113155603408813
225604722,-3055,6231,-3055,-3235,180,-0.28844654560089111
225624714,-2856,6236,-2856,-3215,359,-0.28544318675994873
225644706,-2853,6243,-2853,-3195,342,-0.28206047415733337
225664698,-2851,6249,-2851,-3174,323,-0.27838701009750366
225684690,-2848,6256,-2848,-3152,304,-0.27437567710876465
225704682,-2845,6264,-2845,-3130,285,-0.26995629072189331
225724674,-2585,6272,-2585,-3106,521,-0.26532602310180664
225744666,-2582,6280,-2582,-3080,498,-0.26053133606910706
225764658,-2579,6288,-2579,-3053,474,-0.25567063689231873
225784650,-2576,6297,-2576,-3024,448,-0.25053012371063232
225804642,-2573,6305,-2573,-2995,422,-0.24512222409248352
225824634,-2258,6314,-2258,-2964,706,-0.23970016837120056
225844626,-2256,6322,-2256,-2931,675,-0.23438601195812225
225864618,-2253,6330,-2253,-2896,643,-0.22917792201042175
225884610,-2251,6337,-2251,-2859,608,-0.22404706478118896
225904602,-2249,6344,-2249,-2820,571,-0.21910817921161652
225924594,-1909,6350,-1909,-2779,870,-0.21453872323036194
225944586,-1907,6356,-1907,-2736,829,-0.21034654974937439
225964578,-1906,6361,-1906,-2691,785,-0.206544429063797
225984570,-1905,6366,-1905,-2644,739,-0.203025221824646
226004562,-1903,6370,-1903,-2593,690,-0.19971190392971039
226024554,-1584,6374,-1584,-2541,957,-0.19688618183135986
226044546,-1584,6377,-1584,-2487,903,-0.19448773562908173
226064538,-1583,6379,-1583,-2431,848,-0.19252096116542816
226084530,-1583,6381,-1583,-2373,790,-0.1909504234790802
226104522,-1582,6383,-1582,-2314,732,-0.1898512989282608
226124514,-1321,6383,-1321,-2252,931,-0.18923227488994598
226144506,-1321,6383,-1321,-2189,868,-0.18922346830368042
226164498,-1321,6383,-1321,-2125,804,-0.18975771963596344
226184490,-1321,6382,-1321,-2060,739,-0.19067664444446564
226204482,-1321,6380,-1321,-1994,673,-0.19213567674160004
226224474,-1132,6378,-1132,-1928,796,-0.19397211074829102
226244466,-1132,6375,-1132,-1861,729,-0.19605454802513123
226264458,-1133,6372,-1133,-1794,661,-0.19852077960968018
226284450,-1133,6368,-1133,-1727,594,-0.20125932991504669
226304442,-1134,6364,-1134,-1661,527,-0.20424164831638336
226324434,-1009,6360,-1009,-1596,587,-0.20741263031959534
226344426,-1010,6356,-1010,-1532,522,-0.21055270731449127
226364418,-1011,6352,-1011,-1471,460,-0.21368665993213654
226384410,-1011,6347,-1011,-1412,401,-0.21670092642307281
226404402,-1012,6343,-1012,-1354,342,-0.21963450312614441
226424394,-922,6339,-922,-1300,378,-0.22250382602214813
226444386,-922,6335,-922,-1248,326,-0.22531579434871674
226464378,-923,6331,-923,-1197,274,-0.22811703383922577
226484370,-923,6327,-923,-1149,226,-0.23090732097625732
226504362,-924,6323,-924,-1103,179,-0.23348286747932434
226524354,-847,6319,-847,-1059,212,-0.23591619729995728
226544346,-847,6316,-847,-1018,171,-0.23810049891471863
226564338,-848,6313,-848,-981,133,-0.24005626142024994
226584330,-848,6310,-848,-947,99,-0.24187321960926056
226604322,-849,6308,-849,-916,67,-0.24360151588916779
226624314,-775,6305,-775,-886,111,-0.24532601237297058
226645139,-776,6302,-776,-860,84,-0.246882364153862
226665131,-776,6300,-776,-836,60,-0.24825252592563629
226685123,-776,6298,-776,-815,39,-0.24950455129146576
226705115,-776,6296,-776,-796,20,-0.25080052018165588
226725107,-704,6294,-704,-780,76,-0.2520926296710968
226745099,-704,6292,-704,-766,62,-0.25336167216300964
226765091,-704,6290,-704,-753,49,-0.25461593270301819
226785083,-705,6288,-705,-741,36,-0.25593364238739014
226805075,-705,6286,-705,-730,25,-0.25728824734687805
226825067,-631,6283,-631,-721,90,-0.25870448350906372
226845059,-632,6281,-632,-712,80,-0.26017618179321289
226865051,-632,6278,-632,-704,72,-0.26167914271354675
226885043,-632,6276,-632,-697,65,-0.26312518119812012
226905035,-632,6273,-632,-691,59,-0.26464739441871643
226925027,-553,6270,-553,-685,132,-0.26627326011657715
226945019,-553,6267,-553,-681,128,-0.26800909638404846
226965011,-554,6264,-554,-677,123,-0.26975661516189575
226985003,-554,6261,-554,-673,119,-0.27159595489501953
227004995,-554,6258,-554,-670,116,-0.27364686131477356
227024987,-468,6254,-468,-666,198,-0.27569499611854553
227044979,-468,6251,-468,-662,194,-0.27768486738204956
227064971,-468,6247,-468,-657,189,-0.27952918410301208
227084963,-468,6244,-468,-652,184,-0.28132086992263794
227104955,-469,6241,-469,-645,176,-0.2830536961555481
227124947,-375,6238,-375,-638,263,-0.28460285067558289
227144939,-375,6235,-375,-631,256,-0.2860119640827179
227164931,-376,6234,-376,-622,246,-0.28704765439033508
227184923,-376,6232,-376,-612,236,-0.28769540786743164
227204915,-376,6232,-376,-602,226,-0.28799453377723694
227224907,-272,6232,-272,-590,318,-0.28796491026878357
227244899,-272,6232,-272,-577,305,-0.28764969110488892
227264891,-272,6234,-272,-563,291,-0.2870715856552124
227284883,-272,6235,-272,-548,276,-0.28629037737846375
227304875,-272,6237,-272,-533,261,-0.2852691113948822
227324867,-158,6239,-158,-517,359,-0.28393736481666565
227344859,-157,6242,-157,-500,343,-0.28234043717384338
227364851,-157,6245,-157,-483,326,-0.28048896789550781
227384843,-157,6249,-157,-466,309,-0.27846181392669678
227404835,-157,6253,-157,-447,290,-0.27621185779571533
227424827,-39,6257,-39,-427,388,-0.27381694316864014
227444819,-39,6262,-39,-407,368,-0.27135223150253296
227464811,-39,6266,-39,-385,346,-0.26875698566436768
227484803,-39,6271,-39,-363,324,-0.26606175303459167
227504795,-39,6275,-39,-340,301,-0.26336583495140076
227524787,73,6280,73,-317,390,-0.26063227653503418
227544779,73,6284,73,-294,367,-0.25794938206672668
227564771,73,6289,73,-270,343,-0.25542321801185608
227584763,73,6293,73,-245,318,-0.2530139684677124
227604755,73,6296,73,-221,294,-0.25081858038902283
227624747,183,6299,183,-196,379,-0.24882315099239349
227644739,182,6302,182,-171,353,-0.24685972929000854
227664731,182,6305,182,-147,329,-0.24501104652881622
227684723,182,6308,182,-122,304,-0.2432696521282196
227704715,182,6311,182,-97,279,-0.24168413877487183
227724707,274,6313,274,-71,345,-0.24020364880561829
227744699,274,6315,274,-45,319,-0.23889197409152985
227764691,274,6317,274,-19,293,-0.23771347105503082
227784683,274,6318,274,6,268,-0.23666998744010925
227804675,274,6320,274,32,242,-0.23569746315479279
227824667,344,6321,344,58,286,-0.23478043079376221
227844659,344,6323,344,83,261,-0.23387753963470459
227864651,343,6324,343,107,236,-0.23290391266345978
227884643,343,6325,343,131,212,-0.23200978338718414
227904635,343,6326,343,155,188,-0.23130370676517487
227924627,395,6327,395,177,218,-0.23067446053028107
227944619,395,6328,395,198,197,-0.2300412505865097
227964611,395,6329,395,219,176,-0.22938986122608185
227984603,395,6330,395,238,157,-0.22888191044330597
228004595,395,6331,395,257,138,-0.22849448025226593
228024587,430,6331,430,276,154,-0.22818060219287872
228044579,430,6331,430,293,137,-0.22799354791641235
228064571,430,6331,430,309,121,-0.22793388366699219
228084563,430,6331,430,324,106,-0.2280815988779068
228104555,430,6331,430,338,92,-0.22844770550727844
228124547,449,6330,449,351,98,-0.22904779016971588
228144539,449,6329,449,364,85,-0.2298642098903656
228164531,449,6327,449,375,74,-0.2309049665927887
228184523,449,6325,449,386,63,-0.23212258517742157
228204515,449,6323,449,396,53,-0.23355850577354431
228224507,454,6321,454,405,49,-0.23521573841571808
228244499,454,6318,454,413,41,-0.23706847429275513
228264491,454,6315,454,420,34,-0.23910337686538696
228284483,454,6311,454,427,27,-0.24130555987358093
228304475,455,6307,455,432,23,-0.24367703497409821
228324467,450,6303,450,437,13,-0.24619919061660767
228344459,450,6299,450,442,8,-0.24886105954647064
228364451,451,6295,451,445,6,-0.251636803150177
228384443,451,6290,451,448,3,-0.254495769739151
228404435,451,6285,451,451,0,-0.25742015242576599
228424427,446,6280,446,453,-7,-0.26037445664405823
228444419,446,6275,446,454,-8,-0.26333090662956238
228464411,446,6270,446,455,-9,-0.26626154780387878
228484403,447,6266,447,455,-8,-0.26910609006881714
228504395,447,6261,447,455,-8,-0.27183705568313599
228524387,443,6256,443,455,-12,-0.27441784739494324
228544379,443,6252,443,454,-11,-0.27681446075439453
228564371,443,6248,443,453,-10,-0.27898353338241577
228584363,443,6245,443,451,-8,-0.28088217973709106
228604355,444,6242,444,450,-6,-0.282481849193573
228624347,440,6240,440,448,-8,-0.28375530242919922
228644339,440,6238,440,446,-6,-0.28468868136405945
228664331,440,6237,440,444,-4,-0.28526043891906738
228684323,440,6236,440,441,-1,-0.28544414043426514
228704315,440,6237,440,439,1,-0.28522920608520508
228725140,439,6238,439,436,3,-0.28460755944252014
228745132,438,6240,438,434,4,-0.28358307480812073
228765124,438,6242,438,431,7,-0.28215786814689636
228785116,438,6246,438,428,10,-0.28024592995643616
228805108,438,6250,438,425,13,-0.27800804376602173
228825100,438,6255,438,423,15,-0.27538961172103882
228845092,438,6260,438,420,18,-0.27241668105125427
228865084,437,6265,437,417,20,-0.26914048194885254
228885076,437,6272,437,415,22,-0.26555138826370239
228905068,437,6278,437,412,25,-0.26167479157447815
228925060,437,6285,437,410,27,-0.25754266977310181
228945052,436,6292,436,408,28,-0.25319194793701172
228965044,436,6300,436,405,31,-0.24865953624248505
228985036,435,6307,435,403,32,-0.24397985637187958
229005028,435,6314,435,401,34,-0.23918724060058594
229025020,434,6322,434,400,34,-0.23432089388370514
229045012,434,6329,434,398,36,-0.22941732406616211
229065004,433,6336,433,396,37,-0.22454904019832611
229084996,433,6343,433,395,38,-0.21972021460533142
229104988,432,6350,432,394,38,-0.21496626734733582
229124980,429,6356,429,393,36,-0.21031865477561951
229144972,429,6362,429,392,37,-0.20581409335136414
229164964,429,6368,429,392,37,-0.20148292183876038
229184956,428,6373,428,391,37,-0.19735457003116608
229204948,428,6378,428,391,37,-0.19345614314079285
229224940,423,6383,423,391,32,-0.18981136381626129
229244932,423,6387,423,391,32,-0.18644079566001892
229264924,423,6391,423,392,31,-0.18338556587696075
229284916,423,6394,423,392,31,-0.18063746392726898
229304908,423,6397,423,392,31,-0.17820601165294647
229324900,418,6399,418,392,26,-0.17609550058841705
229344892,418,6401,418,393,25,-0.17431235313415527
229364884,418,6403,418,393,25,-0.17285396158695221
229384876,417,6404,417,393,24,-0.1717190146446228
229404868,417,6405,417,394,23,-0.17090088129043579
229424860,414,6405,414,394,20,-0.17039152979850769
229444852,414,6406,414,394,20,-0.17017911374568939
229464844,414,6406,414,394,20,-0.17026327550411224
229484836,414,6405,414,395,19,-0.17061226069927216
229504828,414,6404,414,395,19,-0.17120946943759918
229524820,413,6404,413,395,18,-0.17203155159950256
229544812,413,6402,413,395,18,-0.17305858433246613
229564804,413,6401,413,394,19,-0.17426307499408722
229584796,413,6400,413,394,19,-0.17561721801757812
229604788,413,6398,413,394,19,-0.1770915687084198
229624780,414,6396,414,394,20,-0.17865906655788422
229644772,414,6394,414,394,20,-0.18029396235942841
229664764,414,6392,414,393,21,-0.18196758627891541
229684756,415,6390,415,393,22,-0.18362915515899658
229704748,415,6388,415,393,22,-0.18527063727378845
229724740,418,6386,418,393,25,-0.18686309456825256
229744732,418,6384,418,393,25,-0.18838727474212646
229764724,418,6383,418,392,26,-0.18981367349624634
229784716,418,6381,418,392,26,-0.19111524522304535
229804708,418,6380,418,392,26,-0.1922684907913208
229824700,422,6379,422,392,30,-0.19325095415115356
229844692,422,6378,422,391,31,-0.19404643774032593
229864684,422,6377,422,391,31,-0.19463834166526794
229884676,422,6376,422,391,31,-0.1950002908706665
229904668,422,6376,422,391,31,-0.19512325525283813
229924660,427,6376,427,391,36,-0.19500152766704559
229944652,427,6377,427,391,36,-0.1946302056312561
229964644,427,6378,427,391,36,-0.19400356709957123
229984636,427,6379,427,392,35,-0.19311635196208954
230004628,427,6380,427,392,35,-0.19196473062038422
230024620,431,6382,431,392,39,-0.1905553936958313
230044612,431,6384,431,392,39,-0.18889769911766052
230064604,431,6386,431,393,38,-0.18699546158313751
230084596,430,6389,430,393,37,-0.18486273288726807
230104588,430,6392,430,394,36,-0.18250443041324615
230124580,433,6395,433,395,38,-0.17993941903114319
230144572,432,6398,432,396,36,-0.17718653380870819
230164564,432,6401,432,396,36,-0.1742636114358902
230184556,432,6404,432,397,35,-0.17118769884109497
230204548,432,6408,432,398,34,-0.16797544062137604
230224540,432,6412,432,399,33,-0.16464510560035706
230244532,431,6415,431,400,31,-0.16122160851955414
230264524,431,6419,431,401,30,-0.15772342681884766
230284516,431,6422,431,402,29,-0.15417902171611786
230304508,431,6426,431,403,28,-0.15060177445411682
230324500,428,6429,428,404,24,-0.14701329171657562
230344492,428,6433,428,405,23,-0.14343512058258057
230364484,428,6436,428,406,22,-0.13988661766052246
230384476,428,6439,428,406,22,-0.13638852536678314
230404468,427,6442,427,407,20,-0.13295744359493256
230424460,422,6445,422,408,14,-0.12961241602897644
230444452,422,6448,422,408,14,-0.12637335062026978
230464444,422,6450,422,409,13,-0.12325616925954819
230484436,422,6453,422,409,13,-0.12028151005506516
230504428,422,6455,422,410,12,-0.11745668202638626
230524420,415,6457,415,410,5,-0.11479157209396362
230544412,414,6459,414,410,4,-0.11229740828275681
230564404,414,6460,414,411,3,-0.10998432338237762
230584396,414,6462,414,411,3,-0.10785669833421707
230604388,414,6463,414,411,3,-0.10592032223939896
230624380,407,6464,407,411,-4,-0.10417971760034561
230644372,407,6465,407,411,-4,-0.1026352271437645
230664364,407,6466,407,410,-3,-0.1012890636920929
230684356,407,6467,407,410,-3,-0.10014504939317703
230704348,407,6468,407,410,-3,-0.099189847707748413
230724340,401,6468,401,409,-8,-0.098421469330787659
230744332,401,6468,401,409,-8,-0.097831472754478455
230764324,401,6469,401,408,-7,-0.097412370145320892
230784316,401,6469,401,407,-6,-0.097154811024665833
230805141,401,6469,401,406,-5,-0.097044326364994049
230825133,396,6469,396,406,-10,-0.097071714699268341
230845125,396,6469,396,405,-9,-0.097225189208984375
230865117,396,6469,396,404,-8,-0.097517624497413635
230885109,396,6468,396,403,-7,-0.097920946776866913
230905101,396,6468,396,401,-5,-0.098387986421585083
230925093,394,6468,394,400,-6,-0.098916195333003998
230945085,394,6467,394,399,-5,-0.099492251873016357
230965077,394,6467,394,398,-4,-0.10009776800870895
230985069,394,6467,394,397,-3,-0.10071470588445663
231005061,394,6466,394,395,-1,-0.10132773220539093
231025053,393,6466,393,394,-1,-0.10191994905471802
231045045,393,6465,393,393,0,-0.10247407108545303
231065037,393,6465,393,391,2,-0.10299719870090485
231085029,393,6465,393,390,3,-0.10345125943422318
231105021,393,6465,393,389,4,-0.10381986945867538
231125013,394,6464,394,387,7,-0.10409291833639145
231145005,394,6464,394,386,8,-0.1042599156498909
231164997,394,6464,394,384,10,-0.10431079566478729
231184989,394,6464,394,383,11,-0.10423561930656433
231204981,394,6464,394,382,12,-0.10402602702379227
231224973,395,6465,395,381,14,-0.10367272049188614
231244965,395,6465,395,380,15,-0.10317330062389374
231264957,395,6465,395,379,16,-0.10254369676113129
231284949,395,6466,395,378,17,-0.10176070779561996
231304941,395,6466,395,377,18,-0.10082212835550308
231324933,395,6467,395,376,19,-0.099729098379611969
231344925,395,6468,395,376,19,-0.098486855626106262
231364917,395,6469,395,375,20,-0.097100362181663513
231384909,395,6470,395,375,20,-0.095575876533985138
231404901,395,6471,395,375,20,-0.093915492296218872
231424893,394,6472,394,375,19,-0.092130713164806366
231444885,394,6473,394,375,19,-0.090234532952308655
231464877,394,6474,394,375,19,-0.088250815868377686
231484869,394,6475,394,375,19,-0.08617747575044632
231504861,394,6477,394,375,19,-0.08402455598115921
231524853,391,6478,391,375,16,-0.081807367503643036
231544845,391,6479,391,376,15,-0.079540342092514038
231564837,391,6480,391,376,15,-0.077240139245986938
231584829,391,6481,391,376,15,-0.074923478066921234
231604821,391,6482,391,377,14,-0.07260487973690033
231624813,386,6483,386,377,9,-0.070302553474903107
231644805,386,6484,386,378,8,-0.068030282855033875
231664797,386,6485,386,378,8,-0.065802663564682007
231684789,386,6486,386,378,8,-0.063636936247348785
231704781,386,6487,386,379,7,-0.061546489596366882
231724773,380,6488,380,379,1,-0.059547562152147293
231744765,380,6489,380,379,1,-0.057650644332170486
231764757,380,6489,380,379,1,-0.05587223544716835
231784749,380,6490,380,379,1,-0.054220765829086304
231804741,380,6490,380,380,0,-0.052706863731145859
231824733,373,6491,373,380,-7,-0.051336675882339478
231844725,373,6491,373,379,-6,-0.05011855810880661
231864717,373,6492,373,379,-6,-0.049060311168432236
231884709,373,6492,373,379,-6,-0.048163667321205139
231904701,373,6492,373,379,-6,-0.047437004745006561
231924693,366,6492,366,378,-12,-0.046875797212123871
231944685,366,6492,366,378,-12,-0.046483501791954041
231964677,366,6493,366,377,-11,-0.04625711590051651
231984669,366,6493,366,377,-11,-0.046195022761821747
232004661,366,6493,366,376,-10,-0.046293649822473526
232024653,360,6492,360,375,-15,-0.046547360718250275
232044645,360,6492,360,374,-14,-0.046947311609983444
232064637,360,6492,360,373,-13,-0.047485761344432831
232084629,360,6492,360,372,-12,-0.048156190663576126
232104621,360,6492,360,371,-11,-0.04894527792930603
232124613,355,6491,355,370,-15,-0.049841731786727905
232144605,355,6491,355,369,-14,-0.050834674388170242
232164597,355,6491,355,368,-13,-0.051909882575273514
232184589,355,6490,355,366,-11,-0.053054094314575195
232204581,355,6490,355,365,-10,-0.054250169545412064
232224573,352,6489,352,364,-12,-0.055483754724264145
232244565,352,6489,352,362,-10,-0.056743841618299484
232264557,352,6489,352,361,-9,-0.058010969310998917
232284549,352,6488,352,359,-7,-0.059274818748235703
232304541,352,6488,352,358,-6,-0.060515925288200378
232324533,350,6487,350,357,-7,-0.061720900237560272
232344525,350,6487,350,355,-5,-0.062873706221580505
232364517,350,6486,350,354,-4,-0.063959240913391113
232384509,350,6486,350,352,-2,-0.064966492354869843
232404501,350,6485,350,351,-1,-0.065878085792064667
232424493,348,6485,348,349,-1,-0.066683955490589142
232444485,348,6485,348,348,0,-0.067372702062129974
232464477,348,6485,348,346,2,-0.067937277257442474
232484469,348,6484,348,345,3,-0.068371914327144623
232504461,348,6484,348,344,4,-0.068670116364955902
232524453,347,6484,347,343,4,-0.068824231624603271
232544445,347,6484,347,342,5,-0.068838596343994141
232564437,347,6484,347,341,6,-0.068709000945091248
232584429,347,6484,347,340,7,-0.068439677357673645
232604421,347,6484,347,339,8,-0.068035602569580078
232624413,345,6485,345,338,7,-0.067501537501811981
232644405,345,6485,345,337,8,-0.066843792796134949
232664397,345,6485,345,336,9,-0.06607065349817276
232684389,345,6486,345,336,9,-0.065196707844734192
232704381,345,6486,345,335,10,-0.064225517213344574
232724373,342,6487,342,335,7,-0.063166595995426178
232744365,342,6487,342,335,7,-0.062030564993619919
232764357,342,6487,342,334,8,-0.060827355831861496
232784349,342,6488,342,334,8,-0.059574108570814133
232804341,342,6488,342,334,8,-0.058281358331441879
232824333,338,6489,338,334,4,-0.056962721049785614
232844325,338,6489,338,334,4,-0.055629171431064606
232864317,338,6490,338,334,4,-0.054294105619192123
232885142,338,6490,338,334,4,-0.052981670945882797
232905134,338,6491,338,334,4,-0.051692117005586624
232925126,332,6491,332,333,-1,-0.050441086292266846
232945118,332,6492,332,333,-1,-0.049238625913858414
232965110,332,6492,332,333,-1,-0.048049218952655792
232985102,332,6492,332,333,-1,-0.046984642744064331
233005094,332,6493,332,333,-1,-0.046000421047210693
233025086,327,6493,327,333,-6,-0.045107647776603699
233045078,327,6493,327,332,-5,-0.044314365833997726
233065070,327,6493,327,332,-5,-0.04365231841802597
233085062,327,6493,327,332,-5,-0.043102432042360306
233105054,327,6494,327,331,-4,-0.042671207338571548
233125046,321,6494,321,331,-10,-0.042361743748188019
233145038,321,6494,321,330,-9,-0.042176250368356705
233165030,321,6494,321,329,-8,-0.04211774468421936
233185022,321,6494,321,329,-8,-0.04218757152557373
233205014,321,6494,321,328,-7,-0.042383670806884766
233225006,316,6494,316,327,-11,-0.042702469974756241
233244998,316,6493,316,326,-10,-0.043141897767782211
233264990,316,6493,316,325,-9,-0.043716773390769958
233284982,316,6493,316,324,-8,-0.044401783496141434
233304974,316,6493,316,324,-8,-0.045191667973995209
233324966,311,6493,311,323,-12,-0.046079028397798538
233344958,311,6492,311,321,-10,-0.047055508941411972
233364950,311,6492,311,320,-9,-0.048111163079738617
233384942,311,6492,311,319,-8,-0.049235831946134567
233404934,311,6491,311,318,-7,-0.050420742481946945
233424926,308,6491,308,317,-9,-0.051654938608407974
233444918,308,6490,308,316,-8,-0.052924506366252899
233464910,308,6490,308,315,-7,-0.054232362657785416
233484902,308,6489,308,313,-5,-0.05555402860045433
233504894,308,6489,308,312,-4,-0.056878041476011276
233524886,306,6488,306,311,-5,-0.05818963423371315
233544878,306,6488,306,310,-4,-0.059478014707565308
233564870,306,6488,306,309,-3,-0.060730867087841034
233584862,306,6487,306,307,-1,-0.061936162412166595
233604854,306,6487,306,306,0,-0.063083283603191376
233624846,303,6486,303,305,-2,-0.064160056412220001
233644838,303,6486,303,304,-1,-0.0651564821600914
233664830,303,6485,303,303,0,-0.06607518345117569
233684822,303,6485,303,302,1,-0.06689346581697464
233704814,303,6485,303,301,2,-0.067602306604385376
233724806,301,6484,301,300,1,-0.068196378648281097
233744798,301,6484,301,299,2,-0.068669594824314117
233764790,301,6484,301,298,3,-0.069012664258480072
233784782,301,6484,301,298,3,-0.069224342703819275
233804774,301,6484,301,297,4,-0.069300219416618347
233824766,299,6484,299,296,3,-0.069235056638717651
233844758,299,6484,299,296,3,-0.069029219448566437
233864750,299,6484,299,295,4,-0.068680725991725922
233884742,299,6484,299,295,4,-0.06818651407957077
233904734,299,6485,299,294,5,-0.067548692226409912
233924726,295,6485,295,294,1,-0.066772699356079102
233944718,295,6485,295,293,2,-0.065862998366355896
233964710,295,6486,295,293,2,-0.064823798835277557
233984702,295,6486,295,293,2,-0.063661321997642517
234004694,295,6487,295,292,3,-0.062381424009799957
234024686,292,6487,292,292,0,-0.060994144529104233
234044678,292,6488,292,292,0,-0.059509173035621643
234064670,292,6489,292,291,1,-0.05793379619717598
234084662,292,6489,292,291,1,-0.056279741227626801
234104654,292,6490,292,291,1,-0.054558336734771729
234124646,287,6490,287,291,-4,-0.052782762795686722
234144638,287,6491,287,290,-3,-0.050965510308742523
234164630,287,6492,287,290,-3,-0.049121420830488205
234184622,287,6492,287,290,-3,-0.047263260930776596
234204614,287,6493,287,289,-2,-0.045400861650705338
234224606,281,6493,281,289,-8,-0.043552085757255554
234244598,281,6494,281,289,-8,-0.041730478405952454
234264590,281,6494,281,288,-7,-0.039946053177118301
234284582,281,6495,281,288,-7,-0.038217008113861084
234304574,281,6495,281,287,-6,-0.036554258316755295
234324566,275,6496,275,287,-12,-0.034970525652170181
234344558,275,6496,275,286,-11,-0.033473260700702667
234364550,275,6496,275,285,-10,-0.0320780910551548
234384542,275,6496,275,285,-10,-0.030794966965913773
234404534,275,6497,275,284,-9,-0.029631517827510834
234424526,267,6497,267,283,-16,-0.02859543077647686
234444518,267,6497,267,283,-16,-0.027694737538695335
234464510,267,6497,267,282,-15,-0.026934556663036346
234484502,267,6497,267,281,-14,-0.02632170170545578
234504494,267,6497,267,280,-13,-0.025857262313365936
234524486,260,6497,260,279,-19,-0.025544015690684319
234544478,260,6497,260,278,-18,-0.025383418425917625
234564470,260,6497,260,278,-18,-0.025374637916684151
234584462,260,6497,260,276,-16,-0.025513831526041031
234604454,260,6497,260,275,-15,-0.025796923786401749
234624446,254,6497,254,274,-20,-0.026223896071314812
234644438,254,6497,254,273,-19,-0.026783101260662079
234664430,254,6497,254,272,-18,-0.027469456195831299
234684422,254,6497,254,271,-17,-0.028278345242142677
234704414,254,6497,254,269,-15,-0.029193297028541565
234724406,248,2500,248,268,-20,-0.030207911506295204
234744398,248,2500,248,267,-19,-0.031309071928262711
234764390,248,2500,248,265,-17,-0.032484866678714752
234784382,248,2500,248,264,-16,-0.03372037410736084
234804374,248,2500,248,262,-14,-0.03500550240278244
234824366,243,2500,243,261,-18,-0.036324705928564072
234844358,243,2500,243,259,-16,-0.037664338946342468
234864350,243,2500,243,258,-15,-0.039008226245641708
234884342,243,2500,243,257,-14,-0.040345355868339539
234904334,243,2500,243,255,-12,-0.04165639728307724
234924326,238,2500,238,254,-16,-0.042928218841552734
234944318,238,2500,238,252,-14,-0.044146779924631119
234964310,238,2500,238,251,-13,-0.045299336314201355
234985135,238,2500,238,249,-11,-0.04636542871594429
235005127,238,2500,238,248,-10,-0.047333914786577225
235025119,233,2500,233,246,-13,-0.048192828893661499
235045111,233,2500,233,245,-12,-0.048956751823425293
235065103,233,2500,233,243,-10,-0.049569938331842422
235085095,233,2500,233,242,-9,-0.050036955624818802
235105087,233,2500,233,241,-8,-0.050349678844213486
235125079,230,2500,230,239,-9,-0.050501257181167603
235145071,230,2500,230,238,-8,-0.050485212355852127
235165063,230,2500,230,237,-7,-0.050295162945985794
235185055,230,2500,230,236,-6,-0.049927640706300735
235205047,230,2500,230,234,-4,-0.049379073083400726
235225039,226,2500,226,233,-7,-0.048649802803993225
235245031,226,2500,226,232,-6,-0.047737713903188705
235265023,226,2500,226,231,-5,-0.046658113598823547
235285015,226,2500,226,230,-4,-0.045402582734823227
235305007,226,2500,226,229,-3,-0.043977558612823486
235324999,221,2500,221,228,-7,-0.042389258742332458
235344991,221,2500,221,227,-6,-0.040644150227308273
235364983,221,2500,221,226,-5,-0.038757018744945526
235384975,221,2500,221,225,-4,-0.03674018383026123
235404967,221,2500,221,225,-4,-0.03460465744137764
235424959,215,2500,215,224,-9,-0.032362952828407288
235444951,215,2500,215,223,-8,-0.030032392591238022
235464943,215,2500,215,223,-8,-0.027639884501695633
235484935,215,2500,215,222,-7,-0.025188853964209557
235504927,215,2500,215,221,-6,-0.022699166089296341
235524919,209,2500,209,221,-12,-0.02018815279006958
235544911,209,2500,209,220,-11,-0.01767154224216938
235564903,209,2500,209,220,-11,-0.015168990008533001
235584895,209,2500,209,219,-10,-0.012697712518274784
235604887,209,2500,209,218,-9,-0.010275763459503651
235624879,202,2500,202,218,-16,-0.0079214470461010933
235644871,202,2500,202,217,-15,-0.0056502367369830608
235664863,202,2500,202,217,-15,-0.003485438646748662
235684855,202,2500,202,216,-14,-0.0014350772835314274
235704847,202,2500,202,215,-13,0.00048987544141709805
235724839,195,2500,195,215,-20,0.0022725954186171293
235744831,195,2500,195,214,-19,0.0039049133192747831
235764823,195,2500,195,213,-18,0.0053737708367407322
235784815,195,2500,195,212,-17,0.0066717215813696384
235804807,195,2500,195,211,-16,0.007789192721247673
235824799,188,2500,188,210,-22,0.0087205097079277039
235844791,188,2500,188,209,-21,0.009462110698223114
235864783,188,2500,188,208,-20,0.010010913014411926
235884775,188,2500,188,207,-19,0.010374493896961212
235904767,188,2500,188,206,-18,0.010544774122536182
235924759,180,2500,180,205,-25,0.010518011637032032
235944751,180,2500,180,204,-24,0.010297637432813644
235964743,180,2500,180,202,-22,0.0098912687972187996
235984735,180,2500,180,201,-21,0.0093047525733709335
236004727,180,2500,180,200,-20,0.0085455821827054024
236024719,174,2500,174,198,-24,0.0076222773641347885
236044711,174,2500,174,197,-23,0.0065451245754957199
236064703,174,2500,174,195,-21,0.0053259613923728466
236084695,174,2500,174,194,-20,0.0039856056682765484
236104687,174,2500,174,192,-18,0.0025327538605779409
236124679,168,2500,168,191,-23,0.00098276638891547918
236144671,168,2500,168,189,-21,-0.00064665032550692558
236164663,168,2500,168,188,-20,-0.0023410979192703962
236184655,168,2500,168,186,-18,-0.0040778457187116146
236204647,168,2500,168,184,-16,-0.0058410218916833401
236224639,162,2500,162,183,-21,-0.0076115266419947147
236244631,162,2500,162,181,-19,-0.0093701044097542763
236264623,162,2500,162,180,-18,-0.011095502413809299
236284615,162,2500,162,178,-16,-0.012762416154146194
236304607,162,2500,162,177,-15,-0.01435793936252594
236324599,158,2500,158,175,-17,-0.015862660482525826
236344591,158,2500,158,173,-15,-0.017260234802961349
236364583,158,2500,158,172,-14,-0.018534084782004356
236384575,158,2500,158,171,-13,-0.019662026315927505
236404567,158,2500,158,169,-11,-0.020627770572900772
236424559,154,2500,154,168,-14,-0.021419886499643326
236444551,154,2500,154,166,-12,-0.022027216851711273
236464543,154,2500,154,165,-11,-0.022441847249865532
236484535,154,2500,154,164,-10,-0.022656084969639778
236504527,154,2500,154,162,-8,-0.022673394531011581
236524519,149,2500,149,161,-12,-0.022498518228530884
236544511,149,2500,149,160,-11,-0.022135168313980103
236564503,149,2500,149,159,-10,-0.021587643772363663
236584495,149,2500,149,158,-9,-0.020866811275482178
236604487,149,2500,149,157,-8,-0.019982544705271721
236624479,145,2500,145,156,-11,-0.018942868337035179
236644471,145,2500,145,155,-10,-0.017758885398507118
236664463,145,2500,145,154,-9,-0.016444375738501549
236684455,145,2500,145,153,-8,-0.015006216242909431
236704447,145,2500,145,152,-7,-0.013457340188324451
236724439,139,2500,139,151,-12,-0.011812608689069748
236744431,139,2500,139,150,-11,-0.010080168023705482
236764423,139,2500,139,149,-10,-0.0082709388807415962
236784415,139,2500,139,149,-10,-0.0063963714055716991
236804407,139,2500,139,148,-9,-0.0044649951159954071
236824399,134,2500,134,147,-13,-0.0024888888001441956
236844391,134,2500,134,146,-12,-0.00047690427163615823
236864383,134,2500,134,146,-12,0.0015633160946890712
236884375,134,2500,134,145,-11,0.0036269500851631165
236904367,134,2500,134,144,-10,0.0057009323500096798
236924359,129,2500,129,144,-15,0.0077824406325817108
236944351,129,2500,129,143,-14,0.0098596848547458649
236964343,129,2500,129,142,-13,0.011930732987821102
236984335,129,2500,129,142,-13,0.013986743055284023
237004327,129,2500,129,141,-12,0.016024349257349968
237024319,123,2500,123,140,-17,0.018038293346762657
237044311,123,2500,123,139,-16,0.020024519413709641
237065136,123,2500,123,139,-16,0.021981028839945793
237085128,123,2500,123,138,-15,0.023902447894215584
237105120,123,2500,123,137,-14,0.025784865021705627
237125112,117,2500,117,136,-19,0.027698714286088943
237145104,117,2500,117,135,-18,0.02949238009750843
237165096,117,2500,117,135,-18,0.031237343326210976
237185088,117,2500,117,134,-17,0.032932113856077194
237205080,117,2500,117,133,-16,0.034574393182992935
237225072,112,2500,112,132,-20,0.036160670220851898
237245064,112,2500,112,131,-19,0.037690777331590652
237265056,112,2500,112,130,-18,0.039154209196567535
237285048,112,2500,112,129,-17,0.040556810796260834
237305040,112,2500,112,128,-16,0.041898742318153381
237325032,106,2500,106,127,-21,0.043178383260965347
237345024,106,2500,106,126,-20,0.044394463300704956
237365016,106,2500,106,125,-19,0.045544248074293137
237385008,106,2500,106,124,-18,0.046623889356851578
237405000,106,2500,106,123,-17,0.047631736844778061
237424992,101,2500,101,122,-21,0.048567317426204681
237444984,101,2500,101,121,-20,0.04942895844578743
237464976,101,2500,101,120,-19,0.050208184868097305
237484968,101,2500,101,119,-18,0.050913911312818527
237504960,101,2500,101,118,-17,0.051545724272727966
237524952,95,2500,95,116,-21,0.052104216068983078
237544944,95,2500,95,115,-20,0.052587214857339859
237564936,95,2500,95,114,-19,0.052999887615442276
237584928,95,2500,95,113,-18,0.053340688347816467
237604920,95,2500,95,112,-17,0.053610578179359436
237624912,91,2500,91,111,-20,0.053810324519872665
237644904,91,2500,91,110,-19,0.053940329700708389
237664896,91,2500,91,109,-18,0.053994476795196533
237684888,91,2500,91,107,-16,0.053982187062501907
237704880,91,2500,91,106,-15,0.053899984806776047
237724872,85,2500,85,105,-20,0.053749769926071167
237744864,85,2500,85,104,-19,0.053529463708400726
237764856,85,2500,85,103,-18,0.053242109715938568
237784848,85,2500,85,102,-17,0.052889883518218994
237804840,85,2500,85,101,-16,0.052468713372945786
237824832,81,2500,81,100,-19,0.051977895200252533
237844824,81,2500,81,98,-17,0.051421131938695908
237864816,81,2500,81,97,-16,0.050798047333955765
237884808,81,2500,81,96,-15,0.050114929676055908
237904800,81,2500,81,95,-14,0.04936334490776062
237924792,77,2500,77,94,-17,0.048545174300670624
237944784,77,2500,77,93,-16,0.047661673277616501
237964776,77,2500,77,92,-15,0.046711660921573639
237984768,77,2500,77,91,-14,0.045697029680013657
238004760,77,2500,77,90,-13,0.044613953679800034
238024752,73,2500,73,89,-16,0.043467063456773758
238044744,73,2500,73,88,-15,0.042253453284502029
238064736,73,2500,73,87,-14,0.040975362062454224
238084728,73,2500,73,86,-13,0.039639085531234741
238104720,73,2500,73,85,-12,0.038238029927015305
238124712,69,2500,69,84,-15,0.036773551255464554
238144704,69,2500,69,83,-14,0.0352461077272892
238164696,69,2500,69,82,-13,0.033655866980552673
238184688,69,2500,69,82,-13,0.032004784792661667
238204680,69,2500,69,81,-12,0.03029228001832962
238224672,65,2500,65,80,-15,0.02852141484618187
238244664,65,2500,65,79,-14,0.026691125705838203
238264656,65,2500,65,78,-13,0.024803120642900467
238284648,65,2500,65,77,-12,0.02286277711391449
238304640,65,2500,65,76,-11,0.020866688340902328
238324632,61,2500,61,76,-15,0.018813995644450188
238344624,61,2500,61,75,-14,0.016708513721823692
238364616,61,2500,61,74,-13,0.014551660045981407
238384608,61,2500,61,73,-12,0.012344986200332642
238404600,61,2500,61,72,-11,0.010087328031659126
238424592,58,2500,58,71,-13,0.0077830157242715359
238444584,58,2500,58,71,-13,0.0054336399771273136
238464576,58,2500,58,70,-12,0.0030376750510185957
238484568,58,2500,58,69,-11,0.00060292205307632685
238504560,58,2500,58,68,-10,-0.0018718361388891935
238524552,54,2500,54,67,-13,-0.0043856529518961906
238544544,54,2500,54,67,-13,-0.0069367466494441032
238564536,54,2500,54,66,-12,-0.0095230592414736748
238584528,54,2500,54,65,-11,-0.012143470346927643
238604520,54,2500,54,64,-10,-0.014795121736824512
238624512,51,2500,51,63,-12,-0.017476173117756844
238644504,51,2500,51,63,-12,-0.020182181149721146
238664496,51,2500,51,62,-11,-0.022914566099643707
238684488,51,2500,51,61,-10,-0.025666104629635811
238704480,51,2500,51,60,-9,-0.028440037742257118
238724472,47,2500,47,59,-12,-0.03123246505856514
238744464,47,2500,47,59,-12,-0.034040790051221848
238764456,47,2500,47,58,-11,-0.036863408982753754
238784448,47,2500,47,57,-10,-0.039695609360933304
238804440,47,2500,47,56,-9,-0.042538084089756012
238824432,45,2500,45,56,-11,-0.045387245714664459
238844424,45,2500,45,55,-10,-0.048240076750516891
238864416,45,2500,45,54,-9,-0.051092226058244705
238884408,45,2500,45,53,-8,-0.053943648934364319
238904400,45,2500,45,53,-8,-0.056790515780448914
238924392,41,2500,41,52,-11,-0.059631723910570145
238944384,41,2500,41,51,-10,-0.062465250492095947
238964376,41,2500,41,51,-10,-0.065288729965686798
238984368,41,2500,41,50,-9,-0.06809987872838974
239004360,41,2500,41,49,-8,-0.07089310884475708
239024352,38,2500,38,49,-11,-0.07366875559091568
239044344,38,2500,38,48,-10,-0.076423607766628265
239064336,38,2500,38,47,-9,-0.079155504703521729
239084328,38,2500,38,47,-9,-0.08185867965221405
239104320,38,2500,38,46,-8,-0.084533356130123138
239124312,34,2500,34,45,-11,-0.087176568806171417
239145137,34,2500,34,45,-11,-0.089786559343338013
239165129,34,2500,34,44,-10,-0.092359371483325958
239185121,34,2500,34,43,-9,-0.094893656671047211
239205113,34,2500,34,43,-9,-0.097487859427928925
239225105,30,2500,30,42,-12,-0.099936828017234802
239245097,30,2500,30,41,-11,-0.10233831405639648
239265089,30,2500,30,41,-11,-0.1047038659453392
239285081,30,2500,30,40,-10,-0.10701940208673477
239305073,30,2500,30,39,-9,-0.10928191989660263
239325065,27,2500,27,39,-12,-0.11149024963378906
239345057,27,2500,27,38,-11,-0.11364362388849258
239365049,27,2500,27,37,-10,-0.11573684960603714
239385041,27,2500,27,37,-10,-0.11776777356863022
239405033,27,2500,27,31,-4,-0.10117898881435394
239425025,22,2500,22,26,-4,-0.083218634128570557
239445017,22,2500,22,21,1,-0.068521536886692047
239465009,22,2500,22,17,5,-0.056497521698474884
239485001,22,2500,22,14,8,-0.04665762186050415
239504993,22,2500,22,12,10,-0.038602910935878754
239524985,9,2500,9,10,-1,-0.032009653747081757
239544977,9,2500,9,8,1,-0.026606464758515358
239564969,9,2500,9,7,2,-0.02217884361743927
239584961,9,2500,9,6,3,-0.018552444875240326
239604953,9,2500,9,5,4,-0.0155811607837677
239624945,4,2500,4,4,0,-0.013143804855644703
239644937,4,2500,4,4,0,-0.011131599545478821
239664929,4,2500,4,3,1,-0.0094701573252677917
239684921,4,2500,4,3,1,-0.0081019699573516846
239704913,4,2500,4,3,1,-0.0069725289940834045
239724905,6,2500,6,2,4,-0.0060400199145078659
239744897,6,2500,6,2,4,-0.0052631818689405918
239764889,6,2500,6,2,4,-0.0046188561245799065
239784881,6,2500,6,2,4,-0.0040814443491399288
239804873,6,2500,6,2,4,-0.003631537314504385
239824865,10,2500,10,1,9,-0.0032559824176132679
239844857,10,2500,10,1,9,-0.0029387243557721376
239864849,10,2500,10,1,9,-0.0026640379801392555
239884841,10,2500,10,1,9,-0.0024300739169120789
239904833,10,2500,10,1,9,-0.0022305846214294434
239924825,13,2500,13,1,12,-0.0020605276804417372
239944817,13,2500,13,1,12,-0.0019133439054712653
239964809,13,2500,13,1,12,-0.0017846159171313047
239984801,13,2500,13,1,12,-0.0016722545260563493
240004793,13,2500,13,1,12,-0.0015753873158246279
240024785,15,2500,15,1,14,-0.0014888596488162875
240044777,15,2500,15,1,14,-0.0014119266998022795
240064769,15,2500,15,1,14,-0.0013448441168293357
240084761,15,2500,15,1,14,-0.0012721585808321834
240104753,15,2500,15,1,14,-0.0012060273438692093
240124745,16,2500,16,1,15,-0.0011472727637737989
240144737,16,2500,16,1,15,-0.0010917464969679713
240164729,16,2500,16,1,15,-0.0010402658954262733
240184721,16,2500,16,1,15,-0.00099136901553720236
240204713,16,2500,16,1,15,-0.00094591669039800763
240224705,16,2500,16,1,15,-0.00090391258709132671
240244697,16,2500,16,1,15,-0.00086347229080274701
240264689,16,2500,16,1,15,-0.00082705519162118435
240284681,16,2500,16,1,15,-0.000783864117693156
240304673,16,2500,16,1,15,-0.00074161088559776545
240324665,18,2500,18,1,17,-0.00070158939342945814
240344657,18,2500,18,1,17,-0.00066303549101576209
240364649,18,2500,18,1,17,-0.00062751868972554803
240384641,18,2500,18,1,17,-0.0005938467220403254
240404633,18,2500,18,1,17,-0.00056029664119705558
240424625,19,2500,19,1,18,-0.00052721402607858181
240444617,19,2500,19,1,18,-0.00049705873243510723
240464609,19,2500,19,1,18,-0.00059854990104213357
240484601,19,2500,19,2,17,-0.00073272106237709522
240504593,19,2500,19,2,17,-0.00083813944365829229
240524585,19,2500,19,2,17,-0.00092369370395317674
240544577,19,2500,19,2,17,-0.00099056365434080362
240564569,19,2500,19,2,17,-0.0010437374003231525
240584561,19,2500,19,2,17,-0.0010859024478122592
240604553,19,2500,19,2,17,-0.0011158257257193327
240624545,19,2500,19,2,17,-0.0011392871383577585
240644537,19,2500,19,2,17,-0.0011564828455448151
240664529,19,2500,19,2,17,-0.0011693609412759542
240684521,19,2500,19,2,17,-0.001172989490441978
240704513,19,2500,19,2,17,-0.0011737573659047484
240724505,21,2500,21,2,19,-0.0011713970452547073
240744497,21,2500,21,2,19,-0.0011699929600581527
240764489,21,2500,21,2,19,-0.0011647285427898169
240784481,21,2500,21,2,19,-0.0011612451635301113
240804473,21,2500,21,2,19,-0.0011562268482521176
240824465,21,2500,21,2,19,-0.0011505181901156902
240844457,21,2500,21,2,19,-0.0011421747040003538
240864449,21,2500,21,2,19,-0.0011365246027708054
240884441,21,2500,21,2,19,-0.0011266506044194102
240904433,21,2500,21,2,19,-0.0011179739376530051
240924425,22,2500,22,2,20,-0.0011102311545982957
240944417,22,2500,22,2,20,-0.0011025825515389442
240964409,22,2500,22,2,20,-0.001093014026992023
240984401,22,2500,22,2,20,-0.0010858363239094615
241004393,22,2500,22,2,20,-0.0010777887655422091
241024385,23,2500,23,2,21,-0.0010712563525885344
241044377,23,2500,23,2,21,-0.0010642179986461997
241064369,23,2500,23,2,21,-0.0010563967516645789
241084361,23,2500,23,2,21,-0.0010492182336747646
241104353,23,2500,23,2,21,-0.001040056231431663
241124345,23,2500,23,2,21,-0.0010321434820070863
241144337,23,2500,23,2,21,-0.0010232599452137947
241164329,23,2500,23,2,21,-0.0010152965551242232
241184321,23,2500,23,2,21,-0.0010068195406347513
241204313,23,2500,23,2,21,-0.0009997515007853508
241225138,23,2500,23,2,21,-0.00099208380561321974
241245130,23,2500,23,2,21,-0.00098658294882625341
241265122,23,2500,23,2,21,-0.00098330248147249222
241285114,23,2500,23,3,20,-0.0009788052411749959
241305106,23,2500,23,3,20,-0.00097652996191754937
241325098,24,2500,24,3,21,-0.00097473477944731712
241345090,24,2500,24,3,21,-0.00097174843540415168
241365082,24,2500,24,3,21,-0.00097147520864382386
241385074,24,2500,24,3,21,-0.00096922332886606455
241405066,24,2500,24,3,21,-0.00096775434212759137
241425058,24,2500,24,3,21,-0.00096556008793413639
241445050,24,2500,24,3,21,-0.00096301065059378743
241465042,24,2500,24,3,21,-0.0009631725843064487
241485034,24,2500,24,3,21,-0.00096263992600142956
241505026,24,2500,24,3,21,-0.0009632032597437501
241525018,24,2500,24,3,21,-0.00096143112750723958
241545010,24,2500,24,3,21,-0.00096063589444383979
241565002,24,2500,24,3,21,-0.00095997395692393184
241584994,24,2500,24,3,21,-0.00095928739756345749
241604986,24,2500,24,3,21,-0.00095945864450186491
241624978,25,2500,25,3,22,-0.00095786870224401355
241644970,25,2500,25,3,22,-0.00095647323178127408
241664962,25,2500,25,3,22,-0.00095723959384486079
241684954,25,2500,25,3,22,-0.0009574747527949512
241704946,25,2500,25,3,22,-0.00095713394694030285
241724938,25,2500,25,3,22,-0.00095777027308940887
241744930,25,2500,25,3,22,-0.00095872033853083849
241764922,25,2500,25,3,22,-0.00095776730449870229
241784914,25,2500,25,3,22,-0.00095797982066869736
241804906,25,2500,25,3,22,-0.00095775449881330132
241824898,25,2500,25,3,22,-0.00095791218336671591
241844890,25,2500,25,3,22,-0.00095740222604945302
241864882,25,2500,25,3,22,-0.00095612771110609174
241884874,25,2500,25,3,22,-0.00095626525580883026
241904866,25,2500,25,3,22,-0.00095527846133336425
241924858,25,2500,25,4,21,-0.00095425697509199381
241944850,25,2500,25,4,21,-0.00095427513588219881
241964842,25,2500,25,4,21,-0.00095325213624164462
241984834,25,2500,25,4,21,-0.00095123890787363052
242004826,25,2500,25,4,21,-0.00095013965619727969
242024818,26,2500,26,4,22,-0.00094768597045913339
242044810,26,2500,26,4,22,-0.00094596348935738206
242064802,26,2500,26,4,22,-0.00094290048582479358
242084794,26,2500,26,4,22,-0.00094034161884337664
242104786,26,2500,26,4,22,-0.00093543081311509013
242124778,25,2500,25,4,21,-0.00093129160813987255
242144770,25,2500,25,4,21,-0.00092503154883161187
242164762,25,2500,25,4,21,-0.00091921765124425292
242184754,25,2500,25,4,21,-0.00091397855430841446
242204746,25,2500,25,4,21,-0.00090771971736103296
242224738,25,2500,25,4,21,-0.00090228923363611102
242244730,25,2500,25,4,21,-0.00089672132162377238
242264722,25,2500,25,4,21,-0.00089155347086489201
242284714,25,2500,25,4,21,-0.00088769104331731796
242304706,25,2500,25,4,21,-0.00088340544607490301
242324698,25,2500,25,4,21,-0.00087854254525154829
242344690,25,2500,25,4,21,-0.00087378191528841853
242364682,25,2500,25,4,21,-0.00086863851174712181
242384674,25,2500,25,4,21,-0.00086277502123266459
242404666,25,2500,25,4,21,-0.00085867277812212706
242424658,25,2500,25,4,21,-0.00085267750546336174
242444650,25,2500,25,4,21,-0.0008489845204167068
242464642,25,2500,25,4,21,-0.00084236514521762729
242484634,25,2500,25,4,21,-0.00083774368977174163
242504626,25,2500,25,4,21,-0.00083437480498105288
242524618,26,2500,26,4,22,-0.00083096383605152369
242544610,26,2500,26,4,22,-0.00082810805179178715
242564602,26,2500,26,4,22,-0.00082491431385278702
242584594,26,2500,26,4,22,-0.0008215019479393959
242604586,26,2500,26,4,22,-0.00081758672604337335
242624578,26,2500,26,4,22,-0.00081323279300704598
242644570,26,2500,26,4,22,-0.00080884969793260098
242664562,26,2500,26,4,22,-0.00080499763134866953
242684554,26,2500,26,5,21,-0.00080285040894523263
242704546,26,2500,26,5,21,-0.00080151081783697009
242724538,25,2500,25,5,20,-0.00080058223102241755
242744530,25,2500,25,5,20,-0.00079831352923065424
242764522,25,2500,25,5,20,-0.00079794420162215829
242784514,25,2500,25,5,20,-0.00079625996295362711
242804506,25,2500,25,5,20,-0.00079220626503229141
242824498,25,2500,25,5,20,-0.00079173868289217353
242844490,25,2500,25,5,20,-0.00078981352271512151
242864482,25,2500,25,5,20,-0.00078842462971806526
242884474,25,2500,25,5,20,-0.00078753568232059479
242904466,25,2500,25,5,20,-0.0007868165266700089
242924458,25,2500,25,5,20,-0.0007877194439060986
242944450,25,2500,25,5,20,-0.00078827701508998871
242964442,25,2500,25,5,20,-0.0007876239251345396
242984434,25,2500,25,5,20,-0.00078605249291285872
243004426,25,2500,25,5,20,-0.00078571675112470984
243024418,25,2500,25,5,20,-0.00078465061960741878
243044410,25,2500,25,5,20,-0.00078428152482956648
243064402,25,2500,25,5,20,-0.00078376586316153407
243084394,25,2500,25,5,20,-0.00078474334441125393
243104386,25,2500,25,5,20,-0.00078559358371421695
243124378,25,2500,25,5,20,-0.0007849083049222827
243144370,25,2500,25,5,20,-0.0007852420094422996
243164362,25,2500,25,5,20,-0.00078656699042767286
243184354,25,2500,25,5,20,-0.00078724417835474014
243204346,25,2500,25,5,20,-0.00078873260645195842
243224338,25,2500,25,5,20,-0.00078715966083109379
243244330,25,2500,25,5,20,-0.00078611919889226556
243264322,25,2500,25,5,20,-0.00078587600728496909
243284314,25,2500,25,5,20,-0.00078729842789471149
243305139,25,2500,25,5,20,-0.00078964856220409274
243325131,25,2500,25,5,20,-0.0007903334335424006
243345123,25,2500,25,5,20,-0.00079075596295297146
243365115,25,2500,25,5,20,-0.00079072004882618785
243385107,25,2500,25,5,20,-0.00079006236046552658
243405099,25,2500,25,5,20,-0.00078804721124470234
243425091,25,2500,25,5,20,-0.00078708032378926873
243445083,25,2500,25,5,20,-0.00078658340498805046
243465075,25,2500,25,5,20,-0.00079050997737795115
243485067,25,2500,25,5,20,-0.00079499668208882213
243505059,25,2500,25,5,20,-0.00079812452895566821
243525051,25,2500,25,5,20,-0.00080083362990990281
243545043,25,2500,25,5,20,-0.00080465991050004959
243565035,25,2500,25,5,20,-0.00080665829591453075
243585027,25,2500,25,5,20,-0.00080741778947412968
243605019,25,2500,25,5,20,-0.00080881675239652395
243625011,25,2500,25,5,20,-0.00081024382961913943
243645003,25,2500,25,5,20,-0.00081184681039303541
243664995,25,2500,25,5,20,-0.00081819994375109673
243684987,25,2500,25,5,20,-0.00082247168757021427
243704979,25,2500,25,5,20,-0.00082720402861014009
243724971,25,2500,25,5,20,-0.00083195482147857547
243744963,25,2500,25,6,19,-0.00083572743460536003
243764955,25,2500,25,6,19,-0.00084085972048342228
243784947,25,2500,25,6,19,-0.00084490742301568389
243804939,25,2500,25,6,19,-0.00084668869385495782
243824931,25,2500,25,6,19,-0.00084846507525071502
243844923,25,2500,25,6,19,-0.00084881106158718467
243864915,25,2500,25,6,19,-0.00085417239461094141
243884907,25,2500,25,6,19,-0.00085793936159461737
243904899,25,2500,25,6,19,-0.00086162210209295154
243924891,25,2500,25,6,19,-0.00086484861094504595
243944883,25,2500,25,6,19,-0.00086697872029617429
243964875,25,2500,25,6,19,-0.00086864264449104667
243984867,25,2500,25,6,19,-0.00087164063006639481
244004859,25,2500,25,6,19,-0.00087184802396222949
244024851,24,2500,24,6,18,-0.00087292306125164032
244044843,24,2500,24,6,18,-0.0008757038158364594
244064835,24,2500,24,6,18,-0.00088178744772449136
244084827,24,2500,24,6,18,-0.00088620290625840425
244104819,24,2500,24,6,18,-0.00088985014008358121
244124811,25,2500,25,6,19,-0.00089383573504164815
244144803,25,2500,25,6,19,-0.00089619331993162632
244164795,25,2500,25,6,19,-0.00090003869263455272
244184787,25,2500,25,6,19,-0.00090142950648441911
244204779,25,2500,25,6,19,-0.00090314866974949837
244224771,24,2500,24,6,18,-0.0009052376844920218
244244763,24,2500,24,6,18,-0.00090638309484347701
244264755,24,2500,24,6,18,-0.00090810999972745776
244284747,24,2500,24,6,18,-0.00091133615933358669
244304739,24,2500,24,6,18,-0.00091211550170555711
244324731,24,2500,24,6,18,-0.00091199565213173628
244344723,24,2500,24,6,18,-0.00091213628184050322
244364715,24,2500,24,6,18,-0.00091300706844776869
244384707,24,2500,24,6,18,-0.00091257289750501513
244404699,24,2500,24,6,18,-0.00091306405374780297
244424691,24,2500,24,6,18,-0.00091325904941186309
244444683,24,2500,24,6,18,-0.00091339158825576305
244464675,24,2500,24,6,18,-0.00091206654906272888
244484667,24,2500,24,6,18,-0.00091211363906040788
244504659,24,2500,24,6,18,-0.00091302901273593307
244524651,24,2500,24,6,18,-0.0009131415281444788
244544643,24,2500,24,6,18,-0.00091314321616664529
244564635,24,2500,24,6,18,-0.00091284845257177949
244584627,24,2500,24,6,18,-0.00091058615362271667
244604619,24,2500,24,6,18,-0.00090954074403271079
244624611,24,2500,24,6,18,-0.00090888229897245765
244644603,24,2500,24,6,18,-0.00090767687652260065
244664595,24,2500,24,6,18,-0.0009068606304936111
244684587,24,2500,24,6,18,-0.00090894609456881881
244704579,24,2500,24,6,18,-0.0009088341030292213
244724571,24,2500,24,6,18,-0.00090885721147060394
244744563,24,2500,24,6,18,-0.00090901029761880636
244764555,24,2500,24,6,18,-0.00090798473684117198
244784547,24,2500,24,6,18,-0.0009052450186572969
244804539,24,2500,24,6,18,-0.00090506859123706818
244824531,24,2500,24,6,18,-0.00090341409668326378
244844523,24,2500,24,6,18,-0.00090388557873666286
244864515,24,2500,24,6,18,-0.0009028484346345067
244884507,24,2500,24,6,18,-0.00090456416364759207
244904499,24,2500,24,6,18,-0.00090400257613509893
244924491,23,2500,23,6,17,-0.00090539822122082114
244944483,23,2500,23,6,17,-0.00090665178140625358
244964475,23,2500,23,6,17,-0.00090628245379775763
244984467,23,2500,23,6,17,-0.00090673216618597507
245004459,23,2500,23,6,17,-0.00090437021572142839
245024451,23,2500,23,6,17,-0.00090371584519743919
245044443,23,2500,23,6,17,-0.00090278580319136381
245064435,23,2500,23,6,17,-0.00090338964946568012
245084427,23,2500,23,6,17,-0.00090676464606076479
245104419,23,2500,23,6,17,-0.00090866157552227378
245124411,23,2500,23,6,17,-0.00090990366879850626
245144403,23,2500,23,6,17,-0.00090993288904428482
245164395,23,2500,23,6,17,-0.00091013481141999364
245184387,23,2500,23,6,17,-0.00091281201457604766
245204379,23,2500,23,6,17,-0.00091283448273316026
245224371,23,2500,23,6,17,-0.00091332406736910343
245244363,23,2500,23,6,17,-0.00091388856526464224
245264355,23,2500,23,6,17,-0.00091322878142818809
245284347,23,2500,23,6,17,-0.00091645115753635764
245304339,23,2500,23,6,17,-0.00091780751245096326
245324331,23,2500,23,6,17,-0.00091749889543280005
245344323,23,2500,23,6,17,-0.00091866927687078714
245364315,23,2500,23,6,17,-0.0009198572370223701
245385140,23,2500,23,6,17,-0.00092054961714893579
245405132,23,2500,23,6,17,-0.00092021835735067725
245425124,23,2500,23,6,17,-0.00092044123448431492
245445116,23,2500,23,6,17,-0.00092072918778285384
245465108,23,2500,23,6,17,-0.00092450325610116124
245485100,23,2500,23,6,17,-0.00092669954756274819
245505092,23,2500,23,6,17,-0.00092754361685365438
245525084,23,2500,23,6,17,-0.00092877575661987066
245545076,23,2500,23,6,17,-0.00093070307048037648
245565068,23,2500,23,6,17,-0.00093201588606461883
245585060,23,2500,23,6,17,-0.00093388010282069445
245605052,23,2500,23,6,17,-0.00093524216208606958
245625044,23,2500,23,6,17,-0.00093611225020140409
245645036,23,2500,23,6,17,-0.00093634199583902955
245665028,23,2500,23,6,17,-0.00094006577273830771
245685020,23,2500,23,6,17,-0.00094409688608720899
245705012,23,2500,23,6,17,-0.00094702665228396654
245725004,23,2500,23,6,17,-0.00095007446361705661
245744996,23,2500,23,6,17,-0.00095338060054928064
245764988,23,2500,23,6,17,-0.00095497863367199898
245784980,23,2500,23,6,17,-0.00095566501840949059
245804972,23,2500,23,6,17,-0.00095708516892045736
245824964,23,2500,23,6,17,-0.00095790659543126822
245844956,23,2500,23,6,17,-0.00095768342725932598
245864948,23,2500,23,6,17,-0.00095970660913735628
245884940,23,2500,23,6,17,-0.00096370460232719779
245904932,23,2500,23,6,17,-0.00096591166220605373
245924924,22,2500,22,6,16,-0.00096945813857018948
245944916,22,2500,22,6,16,-0.00097237236332148314
245964908,22,2500,22,6,16,-0.00097349460702389479
245984900,22,2500,22,7,15,-0.00097470596665516496
246004892,22,2500,22,7,15,-0.00097435159841552377
246024884,22,2500,22,7,15,-0.0009732729522511363
246044876,22,2500,22,7,15,-0.00097178935538977385
246064868,22,2500,22,7,15,-0.00097383081447333097
246084860,22,2500,22,7,15,-0.00097680545877665281
246104852,22,2500,22,6,16,-0.0009774740319699049
246124844,22,2500,22,7,15,-0.00097760604694485664
246144836,22,2500,22,7,15,-0.00097775552421808243
246164828,22,2500,22,7,15,-0.00097887020092457533
246184820,22,2500,22,7,15,-0.00097682233899831772
246204812,22,2500,22,7,15,-0.00097558379638940096
246224804,23,2500,23,7,16,-0.00097387115238234401
246244796,23,2500,23,7,16,-0.00097260228358209133
246264788,23,2500,23,7,16,-0.00097053201170638204
246284780,23,2500,23,7,16,-0.0009695701883174479
246304772,23,2500,23,7,16,-0.00097016611834987998
246324764,22,2500,22,7,15,-0.0009681637748144567
246344756,22,2500,22,7,15,-0.00096714182291179895
246364748,22,2500,22,7,15,-0.00096605625003576279
246384740,22,2500,22,7,15,-0.00096458190819248557
246404732,22,2500,22,7,15,-0.00096378638409078121
246424724,22,2500,22,7,15,-0.00096256536198779941
246444716,22,2500,22,7,15,-0.00095838063862174749
246464708,22,2500,22,7,15,-0.00095812504878267646
246484700,22,2500,22,7,15,-0.00095834920648485422
246504692,22,2500,22,7,15,-0.00095821631839498878
246524684,23,2500,23,7,16,-0.00095673074247315526
246544676,23,2500,23,7,16,-0.00095471937675029039
246564668,23,2500,23,7,16,-0.00095306464936584234
246584660,23,2500,23,7,16,-0.00095434044487774372
246604652,23,2500,23,7,16,-0.00095235707703977823
246624644,22,2500,22,7,15,-0.00095109146786853671
246644636,22,2500,22,7,15,-0.00095065322238951921
246664628,22,2500,22,7,15,-0.000949465436860919
246684620,22,2500,22,7,15,-0.00094950920902192593
246704612,22,2500,22,6,16,-0.00095125759253278375
246724604,22,2500,22,6,16,-0.00095007900381460786
246744596,22,2500,22,6,16,-0.00094948941841721535
246764588,22,2500,22,6,16,-0.00094800896476954222
246784580,22,2500,22,7,15,-0.00094847887521609664
246804572,22,2500,22,7,15,-0.00094658817397430539
246824564,22,2500,22,7,15,-0.00094593636458739638
246844556,22,2500,22,7,15,-0.00094582670135423541
246864548,22,2500,22,7,15,-0.00094382342649623752
246884540,22,2500,22,7,15,-0.00094457727391272783
246904532,22,2500,22,6,16,-0.00094536086544394493
246924524,22,2500,22,6,16,-0.00094628531951457262
246944516,22,2500,22,6,16,-0.00094475643709301949
246964508,22,2500,22,6,16,-0.00094436178915202618
246984500,22,2500,22,6,16,-0.00094340444775298238
247004492,22,2500,22,6,16,-0.00094313418958336115
247024484,22,2500,22,6,16,-0.00094296829774975777
247044476,22,2500,22,6,16,-0.00094091938808560371
247064468,22,2500,22,6,16,-0.00093892950098961592
247084460,22,2500,22,6,16,-0.00093938293866813183
247104452,22,2500,22,6,16,-0.00094047136371955276
247124444,22,2500,22,6,16,-0.00094018923118710518
247144436,22,2500,22,6,16,-0.00093956023920327425
247164428,22,2500,22,6,16,-0.0009386480669490993
247184420,22,2500,22,6,16,-0.0009384712902829051
247204412,22,2500,22,6,16,-0.00093644007574766874
247224404,22,2500,22,6,16,-0.00093546492280438542
247244396,22,2500,22,6,16,-0.00093354488490149379
247264388,22,2500,22,6,16,-0.00093212357023730874
247284380,22,2500,22,6,16,-0.00093191140331327915
247304372,22,2500,22,6,16,-0.00092947896337136626
247324364,23,2500,23,6,17,-0.00092797959223389626
247344356,23,2500,23,6,17,-0.00092598388437181711
247364348,23,2500,23,6,17,-0.00092403835151344538
247384340,23,2500,23,6,17,-0.00092071626568213105
247404332,23,2500,23,6,17,-0.00091775215696543455
247424324,22,2500,22,6,16,-0.0009156371233984828
247444316,22,2500,22,6,16,-0.00091369962319731712
247465141,22,2500,22,6,16,-0.00091171014355495572
247485133,22,2500,22,6,16,-0.00091106438776478171
247505125,22,2500,22,6,16,-0.00090836727758869529
247525117,23,2500,23,6,17,-0.00090485642431303859
247545109,23,2500,23,6,17,-0.00090199714759364724
247565101,23,2500,23,6,17,-0.00090113526675850153
247585093,23,2500,23,6,17,-0.00089876772835850716
247605085,23,2500,23,6,17,-0.00089684058912098408
247625077,22,2500,22,6,16,-0.00089389493223279715
247645069,22,2500,22,6,16,-0.00089180230861529708
247665061,22,2500,22,6,16,-0.00089084386127069592
247685053,22,2500,22,6,16,-0.00088999373838305473
247705045,22,2500,22,6,16,-0.00088955124374479055
247725037,23,2500,23,6,17,-0.00089034618576988578
247745029,23,2500,23,6,17,-0.00088877021335065365
247765021,23,2500,23,6,17,-0.00088705093367025256
247785013,23,2500,23,6,17,-0.00088602432515472174
247805005,23,2500,23,6,17,-0.00088312721345573664
247824997,22,2500,22,6,16,-0.00088228128151968122
247844989,22,2500,22,6,16,-0.0008805476245470345
247864981,22,2500,22,6,16,-0.00087948300642892718
247884973,22,2500,22,6,16,-0.00087833002908155322
247904965,22,2500,22,6,16,-0.00087820511544123292
247924957,22,2500,22,6,16,-0.00087756157154217362
247944949,22,2500,22,6,16,-0.00087785755749791861
247964941,22,2500,22,6,16,-0.00087726919446140528
247984933,22,2500,22,6,16,-0.0008769576670601964
248004925,22,2500,22,6,16,-0.00087444810196757317
248024917,22,2500,22,6,16,-0.00087485299445688725
248044909,22,2500,22,6,16,-0.00087404076475650072
248064901,22,2500,22,6,16,-0.00087483634706586599
248084893,22,2500,22,6,16,-0.00087526516290381551
248104885,22,2500,22,6,16,-0.00087601493578404188
248124877,22,2500,22,6,16,-0.00087549258023500443
248144869,22,2500,22,6,16,-0.00087511457968503237
248164861,22,2500,22,6,16,-0.00087324815103784204
248184853,22,2500,22,6,16,-0.00087029789574444294
248204845,22,2500,22,6,16,-0.00086845294572412968
248224837,23,2500,23,6,17,-0.00086634029867127538
248244829,23,2500,23,6,17,-0.00086407869821414351
248264821,23,2500,23,6,17,-0.00086295505752786994
248284813,23,2500,23,6,17,-0.0008608392090536654
248304805,23,2500,23,6,17,-0.00085977371782064438
248324797,22,2500,22,6,16,-0.00085702497744932771
248344789,22,2500,22,6,16,-0.00085383770056068897
248364781,22,2500,22,6,16,-0.00085031968774273992
248384773,22,2500,22,6,16,-0.00084876822074875236
248404765,22,2500,22,6,16,-0.00084676843835040927
248424757,22,2500,22,6,16,-0.00084490474546328187
248444749,22,2500,22,6,16,-0.00084231287473812699
248464741,22,2500,22,6,16,-0.00083812751108780503
248484733,22,2500,22,6,16,-0.0008364884415641427
248504725,22,2500,22,6,16,-0.00083467422518879175
248524717,23,2500,23,6,17,-0.00083364301826804876
248544709,23,2500,23,6,17,-0.00083104666555300355
248564701,23,2500,23,6,17,-0.00082735071191564202
248584693,23,2500,23,6,17,-0.00082395743811503053
248604685,23,2500,23,6,17,-0.00082004227442666888
248624677,22,2500,22,6,16,-0.00081752595724537969
248644669,22,2500,22,6,16,-0.0008156177937053144
248664661,22,2500,22,6,16,-0.00081312539987266064
248684653,22,2500,22,6,16,-0.00081207306357100606
248704645,22,2500,22,6,16,-0.00081001012586057186
248724637,23,2500,23,6,17,-0.00080682471161708236
248744629,23,2500,23,6,17,-0.00080505135701969266
248764621,23,2500,23,6,17,-0.00080249522579833865
248784613,23,2500,23,6,17,-0.0008003140683285892
248804605,23,2500,23,6,17,-0.00080096226884052157
248824597,22,2500,22,6,16,-0.00079932378139346838
248844589,22,2500,22,6,16,-0.00079656415618956089
248864581,22,2500,22,6,16,-0.00079486262984573841
248884573,22,2500,22,6,16,-0.00079339562216773629
248904565,22,2500,22,6,16,-0.00079007336171343923
248924557,22,2500,22,6,16,-0.00078746589133515954
248944549,22,2500,22,6,16,-0.00078318547457456589
248964541,22,2500,22,6,16,-0.00078070710878819227
248984533,22,2500,22,6,16,-0.00077879335731267929
249004525,22,2500,22,6,16,-0.00077514257282018661
249024517,23,2500,23,6,17,-0.00077166437404230237
249044509,23,2500,23,6,17,-0.00076740438817068934
249064501,23,2500,23,6,17,-0.00076403288403525949
249084493,23,2500,23,6,17,-0.00076258654007688165
249104485,23,2500,23,6,17,-0.00076158548472449183
249124477,23,2500,23,6,17,-0.00075876567279919982
249144469,23,2500,23,6,17,-0.00075641268631443381
249164461,23,2500,23,6,17,-0.0007537895580753684
249184453,23,2500,23,6,17,-0.00075156887760385871
249204445,23,2500,23,6,17,-0.00074921461055055261
249224437,22,2500,22,6,16,-0.00074749038321897388
249244429,22,2500,22,6,16,-0.00074422487523406744
249264421,22,2500,22,6,16,-0.00074181868694722652
249284413,22,2500,22,6,16,-0.00073885289020836353
249304405,22,2500,22,6,16,-0.00073768734000623226
249324397,22,2500,22,6,16,-0.00073438172694295645
249344389,22,2500,22,6,16,-0.00073179736500605941
249364381,22,2500,22,6,16,-0.00072792713763192296
249384373,22,2500,22,6,16,-0.00072628108318895102
249404365,22,2500,22,6,16,-0.0007223414140753448
249424357,23,2500,23,6,17,-0.00071922637289389968
249444349,23,2500,23,6,17,-0.00071675918297842145
249464341,23,2500,23,6,17,-0.00071366602787747979
249484333,23,2500,23,6,17,-0.00071229692548513412
249504325,23,2500,23,6,17,-0.00071135594043880701
249524317,23,2500,23,6,17,-0.00070954678812995553
249545142,23,2500,23,6,17,-0.00070666306419298053
249565134,23,2500,23,6,17,-0.00070613774005323648
249585126,23,2500,23,6,17,-0.00070399302057921886
249605118,23,2500,23,6,17,-0.00070081534795463085
249625110,23,2500,23,6,17,-0.00069936004001647234
249645102,23,2500,23,6,17,-0.00069576769601553679
249665094,23,2500,23,6,17,-0.00069473794428631663
249685086,23,2500,23,6,17,-0.0006934061530046165
249705078,23,2500,23,6,17,-0.00069382059155032039
249725070,23,2500,23,6,17,-0.00069338746834546328
249745062,23,2500,23,6,17,-0.00069241825258359313
249765054,23,2500,23,6,17,-0.00069057202199473977
249785046,23,2500,23,6,17,-0.00068817700957879424
249805038,23,2500,23,6,17,-0.00068782689049839973
249825030,23,2500,23,6,17,-0.00068570818984881043
249845022,23,2500,23,6,17,-0.00068233639467507601
249865014,23,2500,23,6,17,-0.000681451172567904
249885006,23,2500,23,6,17,-0.00067945662885904312
249904998,23,2500,23,6,17,-0.00067933229729533195
249924990,23,2500,23,6,17,-0.00067828927421942353
249944982,23,2500,23,6,17,-0.00067698047496378422
249964974,23,2500,23,6,17,-0.00067572452826425433
249984966,23,2500,23,6,17,-0.0006747454172000289
250004958,23,2500,23,6,17,-0.00067381112603470683
250024950,23,2500,23,6,17,-0.00066931959008798003
250044942,23,2500,23,6,17,-0.0006667214329354465
250064934,23,2500,23,6,17,-0.00066368770785629749
250084926,23,2500,23,6,17,-0.00066112069180235267
250104918,23,2500,23,6,17,-0.00065858080051839352
250124910,23,2500,23,6,17,-0.00065513432491570711
250144902,23,2500,23,6,17,-0.00065057672327384353
250164894,23,2500,23,6,17,-0.00064626772655174136
250184886,23,2500,23,6,17,-0.00064267561538144946
250204878,23,2500,23,6,17,-0.00063914241036400199
250224870,23,2500,23,6,17,-0.0006351306801661849
250244862,23,2500,23,6,17,-0.00063026393763720989
250264854,23,2500,23,6,17,-0.00062629336025565863
250284846,23,2500,23,6,17,-0.0006212368025444448
250304838,23,2500,23,6,17,-0.00061723729595541954
250324830,23,2500,23,6,17,-0.00061356829246506095
250344822,23,2500,23,6,17,-0.00060852227034047246
250364814,23,2500,23,6,17,-0.00060461292741820216
250384806,23,2500,23,6,17,-0.00060083612333983183
250404798,23,2500,23,6,17,-0.00059388572117313743
250424790,23,2500,23,6,17,-0.00059016002342104912
250444782,23,2500,23,6,17,-0.00058685109252110124
250464774,23,2500,23,6,17,-0.00058302289107814431
250484766,23,2500,23,6,17,-0.00057923642452806234
250504758,23,2500,23,6,17,-0.00057528266916051507
250524750,22,2500,22,6,16,-0.00057211407693102956
250544742,22,2500,22,6,16,-0.00056781840976327658
250564734,22,2500,22,6,16,-0.00056402914924547076
250584726,22,2500,22,6,16,-0.00056080549256876111
250604718,22,2500,22,6,16,-0.0005572997615672648
250624710,22,2500,22,6,16,-0.00055280671222135425
250644702,22,2500,22,7,15,-0.00054778793128207326
250664694,22,2500,22,7,15,-0.000541920424439013
250684686,22,2500,22,7,15,-0.00053937052143737674
250704678,22,2500,22,7,15,-0.00053692760411649942
250724670,23,2500,23,7,16,-0.0005329131381586194
250744662,23,2500,23,7,16,-0.00053063145605847239
250764654,23,2500,23,7,16,-0.00052717846119776368
250784646,23,2500,23,7,16,-0.000524225237313658
250804638,23,2500,23,7,16,-0.0005217270809225738
250824630,23,2500,23,7,16,-0.00051884871209040284
250844622,23,2500,23,7,16,-0.00051423633703961968
250864614,23,2500,23,7,16,-0.00051020149840041995
250884606,23,2500,23,7,16,-0.0005070353508926928
250904598,23,2500,23,7,16,-0.00050592073239386082
250924590,23,2500,23,7,16,-0.00050355069106444716
250944582,23,2500,23,7,16,-0.00050157873192802072
250964574,23,2500,23,7,16,-0.00049845798639580607
250984566,23,2500,23,7,16,-0.00049423688324168324
251004558,23,2500,23,7,16,-0.00048984336899593472
251024550,22,2500,22,7,15,-0.00048737172619439662
251044542,22,2500,22,7,15,-0.00048388753202743828
251064534,22,2500,22,7,15,-0.00048118765698745847
251084526,22,2500,22,7,15,-0.00047845690278336406
251104518,22,2500,22,7,15,-0.0004763228353112936
251124510,22,2500,22,7,15,-0.00047465009265579283
251144502,22,2500,22,7,15,-0.00047308616922236979
251164494,22,2500,22,7,15,-0.00047071557492017746
251184486,22,2500,22,7,15,-0.00046797210234217346
251204478,22,2500,22,7,15,-0.00046435193507932127
251224470,22,2500,22,7,15,-0.00046243486576713622
251244462,22,2500,22,7,15,-0.00045824743574485183
251264454,22,2500,22,7,15,-0.00045600679004564881
251284446,22,2500,22,7,15,-0.00045141708687879145
251304438,22,2500,22,7,15,-0.00044847765821032226
251324430,23,2500,23,7,16,-0.00044643782894127071
251344422,23,2500,23,7,16,-0.00044521989184431732
251364414,23,2500,23,7,16,-0.00044315171544440091
251384406,23,2500,23,7,16,-0.00044117524521425366
251404398,23,2500,23,7,16,-0.00043679983355104923
251424390,23,2500,23,7,16,-0.00043434239341877401
251444382,23,2500,23,7,16,-0.00043043110053986311
251464374,23,2500,23,7,16,-0.00042723160004243255
251484366,23,2500,23,7,16,-0.00042534439126029611
251504358,23,2500,23,7,16,-0.00042279250919818878
251524350,23,2500,23,7,16,-0.00042099040001630783
251544342,23,2500,23,7,16,-0.00041780230822041631
251564334,23,2500,23,7,16,-0.00041543616680428386
251584326,23,2500,23,7,16,-0.00041295253322459757
251604318,23,2500,23,7,16,-0.00041025265818461776
251624310,23,2500,23,7,16,-0.00040852365782484412
251645135,23,2500,23,7,16,-0.00040604168316349387
251665127,23,2500,23,7,16,-0.00040312233613803983
251685119,23,2500,23,7,16,-0.0004022735811304301
251705111,23,2500,23,7,16,-0.00039977513370104134
251725103,23,2500,23,7,16,-0.00039839136297814548
251745095,23,2500,23,7,16,-0.00039638340240344405
251765087,23,2500,23,7,16,-0.00039232836570590734
251785079,23,2500,23,7,16,-0.00039145431946963072
251805071,23,2500,23,7,16,-0.00038904318353161216
251825063,23,2500,23,7,16,-0.0003863818128593266
251845055,23,2500,23,7,16,-0.00038418243639171124
251865047,23,2500,23,7,16,-0.00038348283851519227
251885039,23,2500,23,7,16,-0.00038264424074441195
251905031,23,2500,23,7,16,-0.00038140892866067588
251925023,23,2500,23,7,16,-0.00038199423579499125
251945015,23,2500,23,7,16,-0.00038058284553699195
251965007,23,2500,23,7,16,-0.00038049640716053545
251984999,23,2500,23,7,16,-0.00037885340861976147
252004991,23,2500,23,7,16,-0.00037749714101664722
252024983,22,2500,22,7,15,-0.00037555949529632926
252044975,22,2500,22,7,15,-0.00037564616650342941
252064967,22,2500,22,7,15,-0.00037738584796898067
252084959,22,2500,22,7,15,-0.00037722458364441991
252104951,22,2500,22,7,15,-0.00037731521297246218
252124943,22,2500,22,7,15,-0.00037656893255189061
252144935,22,2500,22,7,15,-0.00037588374107144773
252164927,22,2500,22,7,15,-0.0003745454887393862
252184919,22,2500,22,7,15,-0.00037240271922200918
