time_us,in_us,in_ms,in_la,in_ln,in_gx,in_gy,in_yw,in_ys,in_pt,in_e2,in_pa,in_po,in_na,in_no,in_dm,out_lad,out_nrc,out_nbr,out_ber,out_xte,out_tbc,out_l1d,out_xti,out_enu,out_exi
35704879,35704879,35704,-353618671,1491649465,28.642242431640625,-3.0043323040008545,-0.10644601285457611,35391,0.0085609834641218185,1.0294740200042725,-353618671,1491649465,-353529335,1491637914,0,-0.0099991867318749428,-5,-0.10506200790405273,-0.00055258843349292874,-0,35398,103.13017272949219,0,0,0
35804839,35804839,35804,-353618411,1491649431,28.592800140380859,-3.0073580741882324,-0.10764047503471375,35384,-0.020700206980109215,1.029504656791687,-353618671,1491649465,-353529075,1491637880,0,-0.004310795571655035,-2,-0.10503244400024414,-0.0002386337291682139,0.0034257769584655762,35398,102.95522308349609,6.6522247266220802e-08,-0.00055258843349292874,0
35904799,35904799,35904,-353618154,1491649398,28.525070190429688,-3.0070512294769287,-0.10669923573732376,35389,-0.050089523196220398,1.0295032262802124,-353618671,1491649465,-353528818,1491637847,0,-0.00036853252095170319,0,-0.10505056381225586,-2.0448876966838725e-05,0.0013376474380493164,35398,102.71390533447266,9.2557911557378247e-08,-0.0002386337291682139,6.6522247266220802e-08
36004759,36004759,36004,-353617898,1491649364,28.445789337158203,-2.9951238632202148,-0.10621288418769836,35392,-0.072796948254108429,1.029512882232666,-353618671,1491649465,-353528562,1491637814,0,-0.0011554209049791098,0,-0.10496997833251953,-6.4290710724890232e-05,0.0094468593597412109,35398,102.42708587646484,2.7694431992131285e-07,-2.0448876966838725e-05,9.2557911557378247e-08
36104719,36104719,36104,-353617644,1491649331,28.356729507446289,-2.9827728271484375,-0.10680046677589417,35389,-0.083327494561672211,1.0295150279998779,-353618671,1491649465,-353528308,1491637781,0,-0.0027820561081171036,-1,-0.10495758056640625,-0.00015528892981819808,0.010841250419616699,35398,102.10528564453125,4.8921367579168873e-07,-6.4290710724890232e-05,2.7694431992131285e-07
36204679,36204679,36204,-353617391,1491649298,28.2769775390625,-2.9753763675689697,-0.10696692764759064,35388,-0.081980973482131958,1.0295121669769287,-353618671,1491649465,-353528055,1491637748,0,-0.001744805253110826,-1,-0.1049346923828125,-9.7665935754776001e-05,0.013378620147705078,35398,101.81848907470703,7.5190212101006182e-07,-0.00015528892981819808,4.8921367579168873e-07
36304639,36304639,36304,-353617139,1491649266,28.201168060302734,-2.9670329093933105,-0.10641791671514511,35391,-0.071144863963127136,1.0295126438140869,-353618671,1491649465,-353527803,1491637716,0,-0.0027810819447040558,-1,-0.1049799919128418,-0.00015609050751663744,0.0081735849380493164,35398,101.54538726806641,9.1282163339201361e-07,-9.7665935754776001e-05,7.5190212101006182e-07
36404599,36404599,36404,-353616887,1491649233,28.126535415649414,-2.9558258056640625,-0.10621587932109833,35392,-0.058760669082403183,1.0295083522796631,-353618671,1491649465,-353527551,1491637683,0,-0.0042831553146243095,-2,-0.10494709014892578,-0.00024103645409923047,0.011848688125610352,35398,101.27539825439453,1.1467175227153348e-06,-0.00015609050751663744,9.1282163339201361e-07
36504559,36504559,36504,-353616637,1491649201,28.064353942871094,-2.9470405578613281,-0.1062077209353447,35392,-0.052110049873590469,1.029512882232666,-353618671,1491649465,-353527301,1491637651,0,-0.0061286627314984798,-3,-0.10497236251831055,-0.00034566028625704348,0.0089592933654785156,35398,101.0506591796875,1.3239693998912117e-06,-0.00024103645409923047,1.1467175227153348e-06
36604519,36604519,36604,-353616386,1491649168,28.013795852661133,-2.9363327026367188,-0.10572125017642975,35395,-0.054332934319972992,1.0295106172561646,-353618671,1491649465,-353527050,1491637618,0,-0.0087280096486210823,-5,-0.10492897033691406,-0.00049316324293613434,0.013750076293945312,35398,100.86659240722656,1.5964992599037942e-06,-0.00034566028625704348,1.3239693998912117e-06
36704479,36704479,36704,-353616137,1491649136,27.988567352294922,-2.92677903175354,-0.10559334605932236,35395,-0.064191021025180817,1.0295256376266479,-353618671,1491649465,-353526801,1491637586,0,-0.013306684792041779,-7,-0.10494422912597656,-0.00075257150456309319,0.012006998062133789,35398,100.77318572998047,1.8347013792663347e-06,-0.00049316324293613434,1.5964992599037942e-06
36804439,36804439,36804,-353615887,1491649104,27.979690551757812,-2.924243688583374,-0.10565447062253952,35395,-0.07729814201593399,1.0295102596282959,-353618671,1491649465,-353526551,1491637554,0,-0.014755680225789547,-8,-0.10496997833251953,-0.00083479046588763595,0.0091400146484375,35398,100.74062347412109,2.016085090872366e-06,-0.00075257150456309319,1.8347013792663347e-06
36904399,36904399,36904,-353615637,1491649072,27.980588912963867,-2.918299674987793,-0.1049809455871582,35399,-0.087462805211544037,1.029512882232666,-353618671,1491649465,-353526301,1491637521,0,-0.019183842465281487,-11,-0.10500669479370117,-0.0010852996492758393,0.0059921741485595703,35398,100.74160766601562,2.134998794645071e-06,-0.00083479046588763595,2.016085090872366e-06
37004359,37004359,37004,-353615387,1491649040,27.991962432861328,-2.9150264263153076,-0.10539837926626205,35397,-0.092336863279342651,1.0295165777206421,-353618671,1491649465,-353526051,1491637489,0,-0.022428924217820168,-13,-0.10503244400024414,-0.0012683910317718983,0.0031330585479736328,35398,100.78090667724609,2.197149569838075e-06,-0.0010852996492758393,2.134998794645071e-06
37104319,37104319,37104,-353615137,1491649007,28.011655807495117,-2.9178056716918945,-0.10552181303501129,35396,-0.091612689197063446,1.0295161008834839,-353618671,1491649465,-353525801,1491637457,0,-0.020852183923125267,-12,-0.10496807098388672,-0.0011783916270360351,0.0093164443969726562,35398,100.85207366943359,2.3818301997380331e-06,-0.0012683910317718983,2.197149569838075e-06
37205112,37205112,37205,-353614885,1491648975,28.037191390991211,-2.924649715423584,-0.1054488867521286,35396,-0.087001226842403412,1.0295077562332153,-353618671,1491649465,-353525549,1491637424,0,-0.019274771213531494,-11,-0.1050257682800293,-0.0010882405331358314,0.0038809776306152344,35398,100.94557189941406,2.458722747178399e-06,-0.0011783916270360351,2.3818301997380331e-06
37305072,37305072,37305,-353614632,1491648942,28.07957649230957,-2.9321324825286865,-0.10502060502767563,35399,-0.083390772342681885,1.0294979810714722,-353618671,1491649465,-353525296,1491637391,0,-0.017002839595079422,-9,-0.10500383377075195,-0.00095850892830640078,0.0063371658325195312,35398,101.09931182861328,2.5840377020358574e-06,-0.0010882405331358314,2.458722747178399e-06
37405032,37405032,37405,-353614379,1491648910,28.126079559326172,-2.9387638568878174,-0.10511265695095062,35398,-0.082226499915122986,1.0295047760009766,-353618671,1491649465,-353525043,1491637359,0,-0.016896970570087433,-9,-0.10505867004394531,-0.00095095956930890679,0.0001659393310546875,35398,101.26740264892578,2.5873137019516435e-06,-0.00095850892830640078,2.5840377020358574e-06
37504992,37504992,37504,-353614124,1491648877,28.183420181274414,-2.9543769359588623,-0.10466636717319489,35401,-0.084345653653144836,1.0295066833496094,-353618671,1491649465,-353524788,1491637326,0,-0.010883856564760208,-6,-0.1050567626953125,-0.0006112743285484612,0.00039529800415039062,35398,101.47744750976562,2.5951014777092496e-06,-0.00095095956930890679,2.5873137019516435e-06
37604952,37604952,37604,-353613869,1491648844,28.2503662109375,-2.9577400684356689,-0.10395106673240662,35405,-0.090243317186832428,1.0294897556304932,-353618671,1491649465,-353524533,1491637293,0,-0.013157504610717297,-7,-0.10505437850952148,-0.00073722883826121688,0.00062513351440429688,35398,101.71712493896484,2.6073880690091755e-06,-0.0006112743285484612,2.5951014777092496e-06
37704912,37704912,37704,-353613613,1491648811,28.326881408691406,-2.9666159152984619,-0.10466308146715164,35401,-0.096644692122936249,1.02949059009552,-353618671,1491649465,-353524277,1491637260,0,-0.012791811488568783,-7,-0.10506248474121094,-0.00071480037877336144,-0.00025177001953125,35398,101.99295043945312,2.6024529233836802e-06,-0.00073722883826121688,2.6073880690091755e-06
37804872,37804872,37804,-353613357,1491648777,28.40595817565918,-2.9780950546264648,-0.10447611659765244,35402,-0.10225856304168701,1.0295027494430542,-353618671,1491649465,-353524021,1491637227,0,-0.009380558505654335,-5,-0.10498142242431641,-0.00052271585445851088,0.0079045295715332031,35398,102.27886199951172,2.7569592475629179e-06,-0.00071480037877336144,2.6024529233836802e-06
37904832,37904832,37904,-353613099,1491648744,28.496936798095703,-2.9887111186981201,-0.10472657531499863,35400,-0.10540352016687393,1.0294909477233887,-353618671,1491649465,-353523763,1491637193,0,-0.0094689223915338516,-5,-0.10502243041992188,-0.00052595318993553519,0.0043101310729980469,35398,102.60684204101562,2.8409381229721475e-06,-0.00052271585445851088,2.7569592475629179e-06
38004792,38004792,38004,-353612841,1491648711,28.587713241577148,-3.000983715057373,-0.10534337162971497,35397,-0.1061035543680191,1.0294861793518066,-353618671,1491649465,-353523505,1491637160,0,-0.0082659423351287842,-4,-0.10504913330078125,-0.00045767091796733439,0.0012369155883789062,35398,102.93472290039062,2.8649615160247777e-06,-0.00052595318993553519,2.8409381229721475e-06
38104752,38104752,38104,-353612584,1491648677,28.669750213623047,-3.0161159038543701,-0.1060151606798172,35393,-0.10644169896841049,1.0294798612594604,-353618671,1491649465,-353523248,1491637127,0,-0.0029378989711403847,-1,-0.10497856140136719,-0.00016219707322306931,0.0083041191101074219,35398,103.23255157470703,3.0257790513132932e-06,-0.00045767091796733439,2.8649615160247777e-06
38204712,38204712,38204,-353612327,1491648644,28.763265609741211,-3.0409247875213623,-0.10607535392045975,35393,-0.10303894430398941,1.0294822454452515,-353618671,1491649465,-353522991,1491637093,0,0.0058384845033288002,3,-0.10501003265380859,0.0003212687443010509,0.0057535171508789062,35398,103.57490539550781,3.1368333566206275e-06,-0.00016219707322306931,3.0257790513132932e-06
38304672,38304672,38304,-353612070,1491648610,28.851102828979492,-3.0572805404663086,-0.10605340451002121,35393,-0.099364504218101501,1.0294747352600098,-353618671,1491649465,-353522734,1491637060,0,0.01154971681535244,6,-0.10493993759155273,0.00063358416082337499,0.012818336486816406,35398,103.89385986328125,3.3834928672149545e-06,0.0003212687443010509,3.1368333566206275e-06
38404632,38404632,38404,-353611812,1491648576,28.937602996826172,-3.079880952835083,-0.10657457262277603,35390,-0.098756290972232819,1.0294612646102905,-353618671,1491649465,-353522476,1491637027,0,0.021084532141685486,12,-0.10487937927246094,0.0011531232157722116,0.018807411193847656,35398,104.21043395996094,3.7442991924763191e-06,0.00063358416082337499,3.3834928672149545e-06
38504592,38504592,38504,-353611554,1491648542,29.020044326782227,-3.1019961833953857,-0.10676879435777664,35389,-0.099196106195449829,1.0294530391693115,-353618671,1491649465,-353522218,1491636993,0,0.030318092554807663,17,-0.10483407974243164,0.0016533208545297384,0.024147987365722656,35398,104.51239013671875,4.2062220018124208e-06,0.0011531232157722116,3.7442991924763191e-06
38604552,38604552,38604,-353611295,1491648508,29.108757019042969,-3.1200032234191895,-0.10638385266065598,35391,-0.10204662382602692,1.0294625759124756,-353618671,1491649465,-353521959,1491636960,0,0.036672953516244888,21,-0.10478305816650391,0.0019937111064791679,0.029069900512695312,35398,104.83512878417969,4.7605835788999684e-06,0.0016533208545297384,4.2062220018124208e-06
38704512,38704512,38704,-353611035,1491648473,29.19471549987793,-3.1349875926971436,-0.10650064796209335,35390,-0.10619141161441803,1.0294530391693115,-353618671,1491649465,-353521698,1491636926,0,0.042501751333475113,24,-0.10466814041137695,0.0023037404753267765,0.041346549987792969,35398,105.14690399169922,5.5467221500293817e-06,0.0019937111064791679,4.7605835788999684e-06
38804472,38804472,38804,-353610775,1491648439,29.293703079223633,-3.1484668254852295,-0.10612894594669342,35392,-0.10996688902378082,1.029454231262207,-353618671,1491649465,-353521438,1491636893,0,0.04519277811050415,26,-0.10462713241577148,0.0024413010105490685,0.045223236083984375,35398,105.50450897216797,6.403654879250098e-06,0.0023037404753267765,5.5467221500293817e-06
38904432,38904432,38904,-353610513,1491648404,29.396583557128906,-3.1530373096466064,-0.10532986372709274,35397,-0.11103659868240356,1.0294396877288818,-353618671,1491649465,-353521176,1491636859,0,0.04303138330578804,25,-0.10453367233276367,0.002316461643204093,0.055260658264160156,35398,105.87256622314453,7.4471463449299335e-06,0.0024413010105490685,6.403654879250098e-06
39004392,39004392,39004,-353610251,1491648369,29.498298645019531,-3.1561896800994873,-0.10512930899858475,35398,-0.11004467308521271,1.029441237449646,-353618671,1491649465,-353520914,1491636825,0,0.040063172578811646,23,-0.10444068908691406,0.0021493001841008663,0.0652923583984375,35398,106.23593902587891,8.6758500401629135e-06,0.002316461643204093,7.4471463449299335e-06
39104352,39104352,39104,-353609987,1491648335,29.602523803710938,-3.1546995639801025,-0.10492591559886932,35399,-0.10716015845537186,1.0294309854507446,-353618671,1491649465,-353520650,1491636791,0,0.032109584659337997,18,-0.10445117950439453,0.0017166199395433068,0.064161300659179688,35398,106.60649108886719,9.8790724223363213e-06,0.0021493001841008663,8.6758500401629135e-06
39204312,39204312,39204,-353609723,1491648300,29.706768035888672,-3.1546800136566162,-0.10484157502651215,35400,-0.10415907204151154,1.0294272899627686,-353618671,1491649465,-353520386,1491636757,0,0.026662321761250496,15,-0.10437679290771484,0.0014204559847712517,0.0720672607421875,35398,106.97768402099609,1.12258658191422e-05,0.0017166199395433068,9.8790724223363213e-06
39305105,39305105,39305,-353609453,1491648265,29.820497512817383,-3.1626169681549072,-0.10534296184778214,35397,-0.10191436856985092,1.029415488243103,-353618671,1491649465,-353520116,1491636722,0,0.024266056716442108,14,-0.10437250137329102,0.0012878812849521637,0.072784423828125,35398,107.38567352294922,1.2581436749314889e-05,0.0014204559847712517,1.12258658191422e-05
39405065,39405065,39405,-353609184,1491648230,29.937313079833984,-3.1762759685516357,-0.10585794597864151,35394,-0.10240042209625244,1.0294077396392822,-353618671,1491649465,-353519847,1491636687,0,0.025406429544091225,14,-0.10435914993286133,0.0013431372353807092,0.074550628662109375,35398,107.80681610107422,1.396392508468125e-05,0.0012878812849521637,1.2581436749314889e-05
39505025,39505025,39505,-353608913,1491648194,30.054914474487305,-3.1921322345733643,-0.10556519776582718,35396,-0.10339925438165665,1.0294028520584106,-353618671,1491649465,-353519576,1491636652,0,0.029124850407242775,17,-0.10427951812744141,0.0015336726792156696,0.083232879638671875,35399,108.23158264160156,1.5501362213399261e-05,0.0013431372353807092,1.396392508468125e-05
39604985,39604985,39604,-353608641,1491648159,30.163330078125,-3.2005033493041992,-0.1048036515712738,35400,-0.1045539379119873,1.0293900966644287,-353618671,1491649465,-353519304,1491636617,0,0.027023229748010635,15,-0.10429239273071289,0.0014179050922393799,0.081839561462402344,35399,108.62081146240234,1.7007645510602742e-05,0.0015336726792156696,1.5501362213399261e-05
39704945,39704945,39704,-353608367,1491648123,30.211265563964844,-3.2130553722381592,-0.10573197156190872,35395,-0.10498239099979401,1.0294029712677002,-353618671,1491649465,-353519030,1491636581,0,0.032459087669849396,19,-0.10425424575805664,0.0017003775574266911,0.086451530456542969,35399,108.7962646484375,1.8596247173263691e-05,0.0014179050922393799,1.7007645510602742e-05
39804905,39804905,39804,-353608094,1491648087,30.163263320922852,-3.2198851108551025,-0.10600733011960983,35393,-0.1071302518248558,1.0293848514556885,-353618671,1491649465,-353518757,1491636546,0,0.041123148053884506,24,-0.10418844223022461,0.0021575856953859329,0.093039512634277344,35399,108.62791442871094,2.030855648627039e-05,0.0017003775574266911,1.8596247173263691e-05
39904865,39904865,39904,-353607822,1491648051,30.007574081420898,-3.2141401767730713,-0.10530576854944229,35397,-0.11167715489864349,1.0293765068054199,-353618671,1491649465,-353518485,1491636511,0,0.049192618578672409,28,-0.10410976409912109,0.002594254445284605,0.10068321228027344,35399,108.07137298583984,2.2171083401190117e-05,0.0021575856953859329,2.030855648627039e-05
40004825,40004825,40004,-353607552,1491648016,29.792625427246094,-3.1911306381225586,-0.10478053241968155,35400,-0.12058286368846893,1.029367208480835,-353618671,1491649465,-353518215,1491636476,0,0.049120277166366577,28,-0.104095458984375,0.0026091292966157198,0.10138320922851562,35399,107.29724884033203,2.4060091163846664e-05,0.002594254445284605,2.2171083401190117e-05
40104785,40104785,40104,-353607286,1491647980,29.569282531738281,-3.1650230884552002,-0.10420262068510056,35403,-0.13525538146495819,1.0293663740158081,-353618671,1491649465,-353517949,1491636441,0,0.049901813268661499,29,-0.10396099090576172,0.0026706843636929989,0.11524677276611328,35399,106.49205017089844,2.6223646273138002e-05,0.0026091292966157198,2.4060091163846664e-05
40204745,40204745,40204,-353607022,1491647946,29.376676559448242,-3.1429939270019531,-0.10521852225065231,35398,-0.15669572353363037,1.0293557643890381,-353618671,1491649465,-353517685,1491636407,0,0.048690624535083771,28,-0.10396099090576172,0.0026229610666632652,0.11413669586181641,35399,105.79785919189453,2.838042018993292e-05,0.0026706843636929989,2.6223646273138002e-05
40304705,40304705,40304,-353606761,1491647911,29.228122711181641,-3.1303377151489258,-0.10523172467947006,35398,-0.18056575953960419,1.0293426513671875,-353618671,1491649465,-353517424,1491636374,0,0.052841555327177048,31,-0.10383272171020508,0.0028610066510736942,0.12621212005615234,35399,105.26408386230469,3.0777471692999825e-05,0.0026229610666632652,2.838042018993292e-05
40404665,40404665,40404,-353606501,1491647877,29.130863189697266,-3.1253848075866699,-0.10521785169839859,35398,-0.20124129951000214,1.0293442010879517,-353618671,1491649465,-353517164,1491636340,0,0.056672904640436172,33,-0.10380029678344727,0.0030786318238824606,0.12923526763916016,35399,104.91588592529297,3.3240085031138733e-05,0.0028610066510736942,3.0777471692999825e-05
40504625,40504625,40504,-353606242,1491647843,29.103599548339844,-3.121082067489624,-0.10518813133239746,35398,-0.20946463942527771,1.0293205976486206,-353618671,1491649465,-353516905,1491636306,0,0.05645940825343132,33,-0.10376214981079102,0.0030699225608259439,0.13326644897460938,35399,104.81717681884766,3.5781904443865642e-05,0.0030786318238824606,3.3240085031138733e-05
40604585,40604585,40604,-353605983,1491647809,29.17173957824707,-3.1258344650268555,-0.10505905002355576,35399,-0.20098656415939331,1.029295802116394,-353618671,1491649465,-353516646,1491636273,0,0.05596093088388443,33,-0.10370969772338867,0.0030357388313859701,0.13840198516845703,35399,105.06159973144531,3.8415535527747124e-05,0.0030699225608259439,3.5781904443865642e-05
40704545,40704545,40704,-353605723,1491647775,29.308269500732422,-3.1294333934783936,-0.1038694903254509,35405,-0.17951318621635437,1.0292762517929077,-353618671,1491649465,-353516386,1491636239,0,0.049735646694898605,29,-0.10368776321411133,0.0026855701580643654,0.14139556884765625,35399,105.54911041259766,4.1093702748185024e-05,0.0030357388313859701,3.8415535527747124e-05
40804505,40804505,40804,-353605461,1491647740,29.467185974121094,-3.1336174011230469,-0.10404752194881439,35404,-0.15176267921924591,1.0292623043060303,-353618671,1491649465,-353516123,1491636205,0,0.043711751699447632,25,-0.10359668731689453,0.002347676083445549,0.15151500701904297,35399,106.1165771484375,4.3948195525445044e-05,0.0026855701580643654,4.1093702748185024e-05
40904465,40904465,40904,-353605198,1491647706,29.621101379394531,-3.13893723487854,-0.10373794287443161,35406,-0.12415555864572525,1.0292520523071289,-353618671,1491649465,-353515860,1491636171,0,0.036939326673746109,21,-0.10360193252563477,0.0019737102556973696,0.15144252777099609,35399,106.66667938232422,4.6786608436377719e-05,0.002347676083445549,4.3948195525445044e-05
41004425,41004425,41004,-353604933,1491647672,29.751255035400391,-3.1453788280487061,-0.10412025451660156,35404,-0.10249213129281998,1.029234766960144,-353618671,1491649465,-353515595,1491636137,0,0.032114442437887192,18,-0.1036229133605957,0.0017084483988583088,0.14934349060058594,35399,107.13259124755859,4.9573507567401975e-05,0.0019737102556973696,4.6786608436377719e-05
41104385,41104385,41104,-353604667,1491647637,29.869365692138672,-3.1584439277648926,-0.10443085432052612,35402,-0.093221388757228851,1.0292233228683472,-353618671,1491649465,-353515329,1491636103,0,0.033652033656835556,19,-0.10356712341308594,0.0017831635195761919,0.15527534484863281,35399,107.55812835693359,5.2459636208368465e-05,0.0017084483988583088,4.9573507567401975e-05
41204345,41204345,41204,-353604400,1491647602,29.989009857177734,-3.1758711338043213,-0.10482220351696014,35400,-0.094328492879867554,1.0292255878448486,-353618671,1491649465,-353515062,1491636068,0,0.037296075373888016,21,-0.10353946685791016,0.0019683379214257002,0.15897369384765625,35399,107.99075317382812,5.5402670113835484e-05,0.0017831635195761919,5.2459636208368465e-05
41305138,41305138,41305,-353604131,1491647568,30.111110687255859,-3.1970062255859375,-0.10505718737840652,35399,-0.10152438282966614,1.0292158126831055,-353618671,1491649465,-353514793,1491636033,0,0.041190829128026962,24,-0.10361242294311523,0.0021650108974426985,0.15161705017089844,35399,108.43354034423828,5.8199169870931655e-05,0.0019683379214257002,5.5402670113835484e-05
41405098,41405098,41405,-353603859,1491647532,30.233612060546875,-3.2182791233062744,-0.1047237291932106,35400,-0.10855357348918915,1.0292184352874756,-353618671,1491649465,-353514521,1491635998,0,0.047845110297203064,28,-0.10354328155517578,0.0025045028887689114,0.15930366516113281,35399,108.8778076171875,6.1124286730773747e-05,0.0021650108974426985,5.8199169870931655e-05
41505058,41505058,41505,-353603586,1491647496,30.371845245361328,-3.2279462814331055,-0.10415864735841751,35404,-0.10746569186449051,1.0292040109634399,-353618671,1491649465,-353514248,1491635963,0,0.046058446168899536,27,-0.10348320007324219,0.0024000462144613266,0.16599464416503906,35399,109.37370300292969,6.4158441091421992e-05,0.0025045028887689114,6.1124286730773747e-05
41605018,41605018,41605,-353603311,1491647461,30.502283096313477,-3.2394402027130127,-0.10408101975917816,35404,-0.097936764359474182,1.0292007923126221,-353618671,1491649465,-353513973,1491635927,0,0.043652012944221497,25,-0.10354185104370117,0.0022649411112070084,0.16035652160644531,35399,109.84253692626953,6.7077024141326547e-05,0.0024000462144613266,6.4158441091421992e-05
41704978,41704978,41704,-353603034,1491647425,30.629539489746094,-3.2508261203765869,-0.10509277880191803,35398,-0.083915360271930695,1.0291953086853027,-353618671,1491649465,-353513696,1491635892,0,0.043043136596679688,25,-0.10351371765136719,0.0022240863181650639,0.16308403015136719,35399,110.29999542236328,7.0032940129749477e-05,0.0022649411112070084,6.7077024141326547e-05
41804938,41804938,41804,-353602756,1491647388,30.73625373840332,-3.2750096321105957,-0.10501972585916519,35399,-0.072434484958648682,1.0291800498962402,-353618671,1491649465,-353513418,1491635856,0,0.05283491313457489,30,-0.10343122482299805,0.0027204409707337618,0.17251968383789062,35399,110.68915557861328,7.3148883529938757e-05,0.0022240863181650639,7.0032940129749477e-05
41904898,41904898,41904,-353602477,1491647352,30.844329833984375,-3.2967157363891602,-0.10569582879543304,35395,-0.067557662725448608,1.0291848182678223,-353618671,1491649465,-353513139,1491635820,0,0.059249922633171082,34,-0.10343837738037109,0.0030399519018828869,0.17193222045898438,35399,111.08223724365234,7.6243231887929142e-05,0.0027204409707337618,7.3148883529938757e-05
42004858,42004858,42004,-353602197,1491647315,30.947788238525391,-3.3178920745849609,-0.10460153222084045,35401,-0.06698145717382431,1.0291756391525269,-353618671,1491649465,-353512859,1491635783,0,0.066676177084445953,39,-0.10339212417602539,0.0034094192087650299,0.17798995971679688,35399,111.45868682861328,7.9435783845838159e-05,0.0030399519018828869,7.6243231887929142e-05
42104818,42104818,42104,-353601915,1491647278,31.053506851196289,-3.323638916015625,-0.10412371158599854,35404,-0.070975981652736664,1.0291802883148193,-353618671,1491649465,-353512577,1491635747,0,0.064400702714920044,37,-0.10334157943725586,0.0032819169573485851,0.18346977233886719,35399,111.83730316162109,8.2715487224049866e-05,0.0034094192087650299,7.9435783845838159e-05
42204778,42204778,42204,-353601634,1491647241,31.14982795715332,-3.3315160274505615,-0.10533701628446579,35397,-0.075381636619567871,1.0291754007339478,-353618671,1491649465,-353512296,1491635711,0,0.064234718680381775,37,-0.10328292846679688,0.0032633629161864519,0.18995475769042969,35399,112.18327331542969,8.6100641055963933e-05,0.0032819169573485851,8.2715487224049866e-05
42304738,42304738,42304,-353601353,1491647204,31.226606369018555,-3.3442819118499756,-0.10549557954072952,35396,-0.076000787317752838,1.0291814804077148,-353618671,1491649465,-353512015,1491635674,0,0.068007417023181915,39,-0.10324382781982422,0.0034464821219444275,0.19498252868652344,35399,112.46151733398438,8.9566798123996705e-05,0.0032633629161864519,8.6100641055963933e-05
42404698,42404698,42404,-353601072,1491647167,31.28935432434082,-3.3510787487030029,-0.10486666858196259,35400,-0.07371317595243454,1.0291910171508789,-353618671,1491649465,-353511734,1491635638,0,0.069382607936859131,40,-0.10318374633789062,0.0035091224126517773,0.20147514343261719,35399,112.68753051757812,9.3141192337498069e-05,0.0034464821219444275,8.9566798123996705e-05
42504658,42504658,42504,-353600792,1491647131,31.347347259521484,-3.3487632274627686,-0.10475077480077744,35400,-0.067996792495250702,1.0291829109191895,-353618671,1491649465,-353511454,1491635602,0,0.063944891095161438,37,-0.1031956672668457,0.003228210611268878,0.19991874694824219,35399,112.89314270019531,9.6681513241492212e-05,0.0035091224126517773,9.3141192337498069e-05
42604618,42604618,42604,-353600512,1491647094,31.390161514282227,-3.3358652591705322,-0.1037338599562645,35406,-0.062844179570674896,1.0291852951049805,-353618671,1491649465,-353511174,1491635565,0,0.054065383970737457,31,-0.10314798355102539,0.0027258866466581821,0.20587539672851562,35399,113.04069519042969,0.00010032256250269711,0.003228210611268878,9.6681513241492212e-05
42704578,42704578,42704,-353600232,1491647058,31.426204681396484,-3.311394214630127,-0.10219661146402359,35415,-0.058856014162302017,1.029180645942688,-353618671,1491649465,-353510894,1491635529,0,0.036230757832527161,21,-0.10315847396850586,0.0018247702391818166,0.20432090759277344,35399,113.15982818603516,0.00010393231059424579,0.0027258866466581821,0.00010032256250269711
42804538,42804538,42804,-353599951,1491647021,31.455883026123047,-3.2959086894989014,-0.10243862867355347,35414,-0.057553429156541824,1.0291855335235596,-353618671,1491649465,-353510613,1491635493,0,0.025866637006402016,15,-0.10309600830078125,0.0013016294687986374,0.21083259582519531,35399,113.25973510742188,0.00010765381739474833,0.0018247702391818166,0.00010393231059424579
42904498,42904498,42904,-353599670,1491646985,31.489341735839844,-3.2839300632476807,-0.1033928170800209,35408,-0.059358909726142883,1.0291732549667358,-353618671,1491649465,-353510332,1491635457,0,0.01586223766207695,9,-0.10311412811279297,0.00079739256761968136,0.20833015441894531,35399,113.37444305419922,0.00011132743384223431,0.0013016294687986374,0.00010765381739474833
43004458,43004458,43004,-353599389,1491646950,31.523443222045898,-3.2836649417877197,-0.10287704318761826,35411,-0.061258863657712936,1.0291922092437744,-353618671,1491649465,-353510051,1491635420,0,0.01111938152462244,6,-0.10323333740234375,0.00055837212130427361,0.19521141052246094,35399,113.49580383300781,0.00011476603685878217,0.00079739256761968136,0.00011132743384223431
43104418,43104418,43104,-353599108,1491646914,31.556333541870117,-3.2844173908233643,-0.10309892147779465,35410,-0.062985703349113464,1.0291867256164551,-353618671,1491649465,-353509770,1491635384,0,0.0091037731617689133,5,-0.10325098037719727,0.0004566835705190897,0.19271659851074219,35399,113.61323547363281,0.00011815718607977033,0.00055837212130427361,0.00011476603685878217
43204378,43204378,43204,-353598826,1491646878,31.589462280273438,-3.3001556396484375,-0.10424111783504486,35403,-0.065073870122432709,1.0291906595230103,-353618671,1491649465,-353509488,1491635347,0,0.015853261575102806,9,-0.10329818725585938,0.00079440034460276365,0.18764114379882812,35399,113.73706817626953,0.00012145542859798297,0.0004566835705190897,0.00011815718607977033
43304338,43304338,43304,-353598544,1491646841,31.620582580566406,-3.3201899528503418,-0.10385256260633469,35405,-0.063228994607925415,1.029181957244873,-353618671,1491649465,-353509206,1491635311,0,0.027439264580607414,16,-0.10324382781982422,0.0013735420070588589,0.19322776794433594,35399,113.85537719726562,0.00012484834587667137,0.00079440034460276365,0.00012145542859798297
43405131,43405131,43405,-353598261,1491646805,31.644559860229492,-3.325432300567627,-0.10248865932226181,35413,-0.059673584997653961,1.0291942358016968,-353618671,1491649465,-353508923,1491635274,0,0.028080673888325691,16,-0.10329818725585938,0.0014045716961845756,0.18717575073242188,35399,113.94272613525391,0.00012813378998544067,0.0013735420070588589,0.00012484834587667137
43505091,43505091,43505,-353597973,1491646768,31.682247161865234,-3.3231184482574463,-0.10280498862266541,35411,-0.055522337555885315,1.0291929244995117,-353618671,1491649465,-353508635,1491635237,0,0.023942232131958008,14,-0.10331058502197266,0.0011961702257394791,0.18539810180664062,35399,114.07608032226562,0.00013138292706571519,0.0014045716961845756,0.00012813378998544067
43605051,43605051,43605,-353597687,1491646731,31.712823867797852,-3.3286716938018799,-0.10276184976100922,35412,-0.053956281393766403,1.0291807651519775,-353618671,1491649465,-353508349,1491635200,0,0.0254844781011343,14,-0.10330820083618164,0.0012719845399260521,0.18552589416503906,35399,114.18705749511719,0.0001346311328234151,0.0011961702257394791,0.00013138292706571519
43705011,43705011,43705,-353597400,1491646694,31.757200241088867,-3.3271431922912598,-0.10240577906370163,35414,-0.053355008363723755,1.0291899442672729,-353618671,1491649465,-353508062,1491635163,0,0.021544847637414932,12,-0.10331344604492188,0.0010738681303337216,0.18470191955566406,35399,114.34453582763672,0.00013786046474706382,0.0012719845399260521,0.0001346311328234151
43804971,43804971,43804,-353597112,1491646657,31.793502807617188,-3.3272950649261475,-0.10226403176784515,35415,-0.054522022604942322,1.0292016267776489,-353618671,1491649465,-353507774,1491635126,0,0.019041309133172035,11,-0.10332584381103516,0.00094801082741469145,0.18294525146484375,35399,114.473876953125,0.00014105546870268881,0.0010738681303337216,0.00013786046474706382
43904931,43904931,43904,-353596823,1491646620,31.84234619140625,-3.3178894519805908,-0.10201498866081238,35416,-0.057178173214197159,1.0291874408721924,-353618671,1491649465,-353507485,1491635089,0,0.0095950011163949966,5,-0.10334587097167969,0.0004769966471940279,0.18025970458984375,35399,114.64434051513672,0.00014419888611882925,0.00094801082741469145,0.00014105546870268881
44004891,44004891,44004,-353596535,1491646583,31.885873794555664,-3.3168079853057861,-0.10215955227613449,35415,-0.058921732008457184,1.0291918516159058,-353618671,1491649465,-353507197,1491635051,0,0.0053861048072576523,3,-0.10338115692138672,0.00026739889290183783,0.17672920227050781,35399,114.79897308349609,0.00014727658708579838,0.0004769966471940279,0.00014419888611882925
44104851,44104851,44104,-353596245,1491646546,31.920137405395508,-3.3113958835601807,-0.10172876715660095,35418,-0.060648996382951736,1.0291990041732788,-353618671,1491649465,-353506907,1491635014,0,-0.00075182790169492364,0,-0.10340738296508789,-3.7286314181983471e-05,0.17311477661132812,35399,114.91900634765625,0.00015028819325380027,0.00026739889290183783,0.00014727658708579838
44204811,44204811,44204,-353595956,1491646509,31.951536178588867,-3.3045384883880615,-0.1010674461722374,35421,-0.060955364257097244,1.0291901826858521,-353618671,1491649465,-353506618,1491634976,0,-0.0079236514866352081,-4,-0.10344982147216797,-0.00039259379263967276,0.16862297058105469,35399,115.0283203125,0.00015321887622121722,-3.7286314181983471e-05,0.00015028819325380027
44304771,44304771,44304,-353595669,1491646473,31.975080490112305,-3.2940328121185303,-0.10089161247014999,35422,-0.058620594441890717,1.029208779335022,-353618671,1491649465,-353506331,1491634939,0,-0.017692647874355316,-10,-0.10353279113769531,-0.0008760098135098815,0.158782958984375,35399,115.10832977294922,0.00015597662422806025,-0.00039259379263967276,0.00015321887622121722
44404731,44404731,44404,-353595382,1491646437,31.983564376831055,-3.2848832607269287,-0.100237637758255,35426,-0.054186455905437469,1.0292092561721802,-353618671,1491649465,-353506044,1491634902,0,-0.02562638558447361,-14,-0.10361480712890625,-0.0012685343390330672,0.14894676208496094,35399,115.13519287109375,0.00015856292156968266,-0.0008760098135098815,0.00015597662422806025
44504691,44504691,44504,-353595096,1491646401,31.988046646118164,-3.2777435779571533,-0.10117762535810471,35421,-0.049687385559082031,1.0292145013809204,-353618671,1491649465,-353505759,1491634865,0,-0.031961638480424881,-18,-0.10369348526000977,-0.0015819530235603452,0.13979148864746094,35399,115.1485595703125,0.00016098997730296105,-0.0012685343390330672,0.00015856292156968266
44604651,44604651,44604,-353594810,1491646365,31.987470626831055,-3.2882299423217773,-0.10277489572763443,35412,-0.049325291067361832,1.029202938079834,-353618671,1491649465,-353505473,1491634828,0,-0.026891732588410378,-15,-0.10376882553100586,-0.0013309954665601254,0.13088226318359375,35399,115.15032958984375,0.00016326231707353145,-0.0015819530235603452,0.00016098997730296105
44704611,44704611,44704,-353594525,1491646329,31.993589401245117,-3.3070998191833496,-0.10148290544748306,35419,-0.051115218549966812,1.0292024612426758,-353618671,1491649465,-353505188,1491634791,0,-0.016883721575140953,-9,-0.10383701324462891,-0.00083544442895799875,0.12289047241210938,35399,115.17906188964844,0.00016539536591153592,-0.0013309954665601254,0.00016326231707353145
44804571,44804571,44804,-353594240,1491646292,31.99598503112793,-3.313575267791748,-0.10192068666219711,35417,-0.053062200546264648,1.029211163520813,-353618671,1491649465,-353504903,1491634755,0,-0.012308450415730476,-7,-0.10380315780639648,-0.00060899194795638323,0.12585830688476562,35399,115.18997192382812,0.00016757972480263561,-0.00083544442895799875,0.00016539536591153592
44904531,44904531,44904,-353593955,1491646256,31.992055892944336,-3.3152432441711426,-0.10170391947031021,35418,-0.054949026554822922,1.029206395149231,-353618671,1491649465,-353504618,1491634718,0,-0.012389224953949451,-7,-0.10387134552001953,-0.00061305973213165998,0.1178741455078125,35399,115.17659759521484,0.00016962575318757445,-0.00060899194795638323,0.00016757972480263561
45004491,45004491,45004,-353593669,1491646220,31.990478515625,-3.3147273063659668,-0.10173940658569336,35418,-0.055045381188392639,1.0292161703109741,-353618671,1491649465,-353504332,1491634681,0,-0.014135085046291351,-8,-0.10394716262817383,-0.00069948600139468908,0.10897064208984375,35399,115.17078399658203,0.0001715173275442794,-0.00061305973213165998,0.00016962575318757445
45104451,45104451,45104,-353593384,1491646183,31.990318298339844,-3.3251025676727295,-0.10241004079580307,35414,-0.056001234799623489,1.0292245149612427,-353618671,1491649465,-353504047,1491634644,0,-0.007443262729793787,-4,-0.10393714904785156,-0.00036832527257502079,0.11000251770019531,35399,115.17405700683594,0.00017342675710096955,-0.00069948600139468908,0.0001715173275442794
45204411,45204411,45204,-353593099,1491646147,31.994577407836914,-3.3259835243225098,-0.10193084180355072,35416,-0.056139711290597916,1.0292245149612427,-353618671,1491649465,-353503762,1491634607,0,-0.0085625136271119118,-5,-0.10400629043579102,-0.00042365374974906445,0.10200309753417969,35399,115.18955230712891,0.00017519709945190698,-0.00036832527257502079,0.00017342675710096955
45304371,45304371,45304,-353592813,1491646110,32.000877380371094,-3.3233139514923096,-0.1019926518201828,35416,-0.053874395787715912,1.0292174816131592,-353618671,1491649465,-353503476,1491634570,0,-0.010590767487883568,-6,-0.1040034294128418,-0.00052390957716852427,0.10212516784667969,35399,115.21099853515625,0.00017696923168841749,-0.00042365374974906445,0.00017519709945190698
45404331,45404331,45404,-353592527,1491646074,32.002250671386719,-3.3262424468994141,-0.10258560627698898,35413,-0.053268615156412125,1.0292161703109741,-353618671,1491649465,-353503190,1491634533,0,-0.010386033914983273,-6,-0.1040797233581543,-0.00051375501789152622,0.093210220336914062,35399,115.21697998046875,0.00017858657520264387,-0.00052390957716852427,0.00017696923168841749
45505124,45505124,45505,-353592241,1491646037,32.001758575439453,-3.325345516204834,-0.10173887759447098,35418,-0.051611911505460739,1.0292184352874756,-353618671,1491649465,-353502904,1491634496,0,-0.010863466188311577,-6,-0.10407733917236328,-0.00053738139104098082,0.09333038330078125,35399,115.21488952636719,0.00018020668358076364,-0.00051375501789152622,0.00017858657520264387
45605084,45605084,45605,-353591952,1491646000,32.004634857177734,-3.31793212890625,-0.10196303576231003,35416,-0.048914339393377304,1.0292327404022217,-353618671,1491649465,-353502615,1491634459,0,-0.016055332496762276,-9,-0.104095458984375,-0.00079415517393499613,0.090745925903320312,35399,115.22238922119141,0.00018178120080847293,-0.00053738139104098082,0.00018020668358076364
45705044,45705044,45705,-353591663,1491645964,32.019443511962891,-3.31648850440979,-0.10203413665294647,35416,-0.049053091555833817,1.0292273759841919,-353618671,1491649465,-353502326,1491634421,0,-0.020393645390868187,-11,-0.104217529296875,-0.0010082867229357362,0.07706451416015625,35398,115.27461242675781,0.00018311772146262228,-0.00079415517393499613,0.00018178120080847293
45805004,45805004,45805,-353591374,1491645927,32.026664733886719,-3.3229484558105469,-0.10253062099218369,35413,-0.048601634800434113,1.0292284488677979,-353618671,1491649465,-353502037,1491634384,0,-0.017207657918334007,-10,-0.10423612594604492,-0.0008505603764206171,0.074483871459960938,35398,115.30271148681641,0.00018440917483530939,-0.0010082867229357362,0.00018311772146262228
45904964,45904964,45904,-353591084,1491645890,32.040851593017578,-3.3273370265960693,-0.10221336781978607,35415,-0.048652812838554382,1.0292413234710693,-353618671,1491649465,-353501747,1491634347,0,-0.015909876674413681,-9,-0.10426187515258789,-0.00078605650924146175,0.071033477783203125,35398,115.35486602783203,0.00018564025231171399,-0.0008505603764206171,0.00018440917483530939
46004924,46004924,46004,-353590794,1491645853,32.054569244384766,-3.3310642242431641,-0.10227073729038239,35415,-0.05048954114317894,1.0292375087738037,-353618671,1491649465,-353501457,1491634309,0,-0.015509163960814476,-9,-0.10431289672851562,-0.00076592504046857357,0.065456390380859375,35398,115.40511322021484,0.00018677418120205402,-0.00078605650924146175,0.00018564025231171399
46104884,46104884,46104,-353590503,1491645815,32.075675964355469,-3.3374567031860352,-0.10188677906990051,35417,-0.053386978805065155,1.0292501449584961,-353618671,1491649465,-353501166,1491634271,0,-0.012486010789871216,-7,-0.10429239273071289,-0.00061621144413948059,0.067996978759765625,35398,115.48265838623047,0.0001879513292806223,-0.00076592504046857357,0.00018677418120205402
46204844,46204844,46204,-353590212,1491645778,32.089443206787109,-3.3399100303649902,-0.1021258682012558,35415,-0.053971908986568451,1.029240608215332,-353618671,1491649465,-353500875,1491634234,0,-0.012507086619734764,-7,-0.1043248176574707,-0.00061698484933003783,0.063678741455078125,35398,115.53260040283203,0.00018905324395745993,-0.00061621144413948059,0.0001879513292806223
46304804,46304804,46304,-353589921,1491645741,32.09857177734375,-3.3475258350372314,-0.10181479901075363,35417,-0.05307358130812645,1.0292476415634155,-353618671,1491649465,-353500584,1491634196,0,-0.0095199989154934883,-5,-0.10438299179077148,-0.00046948576346039772,0.057186126708984375,35398,115.56794738769531,0.00019004249770659953,-0.00061698484933003783,0.00018905324395745993
46404764,46404764,46404,-353589630,1491645703,32.103546142578125,-3.3495442867279053,-0.10157696902751923,35419,-0.050572320818901062,1.0292490720748901,-353618671,1491649465,-353500293,1491634159,0,-0.007646649144589901,-4,-0.10433673858642578,-0.00037703983252868056,0.061923980712890625,35398,115.58641052246094,0.00019111354777123779,-0.00046948576346039772,0.00019004249770659953
46504724,46504724,46504,-353589341,1491645666,32.101963043212891,-3.3516888618469238,-0.10188062489032745,35417,-0.052295330911874771,1.0292457342147827,-353618671,1491649465,-353500004,1491634121,0,-0.0071026347577571869,-4,-0.10438108444213867,-0.000350230373442173,0.057178497314453125,35398,115.58156585693359,0.00019210255413781852,-0.00037703983252868056,0.00019111354777123779
46604684,46604684,46604,-353589053,1491645629,32.099498748779297,-3.3502049446105957,-0.10211950540542603,35415,-0.053977202624082565,1.0292658805847168,-353618671,1491649465,-353499716,1491634084,0,-0.008104030042886734,-4,-0.10439252853393555,-0.00039964128518477082,0.05553436279296875,35398,115.57223510742188,0.00019306319882161915,-0.000350230373442173,0.00019210255413781852
46704644,46704644,46704,-353588766,1491645592,32.090812683105469,-3.34840989112854,-0.10116348415613174,35421,-0.056665483862161636,1.0292564630508423,-353618671,1491649465,-353499429,1491634047,0,-0.0087533611804246902,-5,-0.10439729690551758,-0.0004317804123274982,0.054779052734375,35398,115.54063415527344,0.00019401103782001883,-0.00039964128518477082,0.00019306319882161915
46804604,46804604,46804,-353588479,1491645555,32.081859588623047,-3.3382346630096436,-0.10200726985931396,35416,-0.057688705623149872,1.0292607545852661,-353618671,1491649465,-353499142,1491634010,0,-0.014622298069298267,-8,-0.10440206527709961,-0.00072150252526625991,0.054019927978515625,35398,115.50496673583984,0.00019494602747727185,-0.0004317804123274982,0.00019401103782001883
46904564,46904564,46904,-353588193,1491645519,32.062751770019531,-3.3341312408447266,-0.10281378775835037,35411,-0.055110085755586624,1.0292701721191406,-353618671,1491649465,-353498856,1491633973,0,-0.017481299117207527,-10,-0.10447835922241211,-0.00086309300968423486,0.04510498046875,35398,115.43539428710938,0.00019572718883864582,-0.00072150252526625991,0.00019494602747727185
47004524,47004524,47004,-353587907,1491645482,32.049774169921875,-3.3299551010131836,-0.10178710520267487,35417,-0.05179261788725853,1.0292561054229736,-353618671,1491649465,-353498570,1491633936,0,-0.019202478229999542,-11,-0.1044764518737793,-0.00094846426509320736,0.045230865478515625,35398,115.38762664794922,0.00019651085312943906,-0.00086309300968423486,0.00019572718883864582
47104484,47104484,47104,-353587621,1491645446,32.028499603271484,-3.3223552703857422,-0.10216352343559265,35415,-0.049773611128330231,1.0292749404907227,-353618671,1491649465,-353498285,1491633899,0,-0.024177363142371178,-14,-0.10455656051635742,-0.0011950016487389803,0.036014556884765625,35398,115.30903625488281,0.00019713526125997305,-0.00094846426509320736,0.00019651085312943906
47204444,47204444,47204,-353587335,1491645409,32.015880584716797,-3.3218328952789307,-0.10195887833833694,35416,-0.048345770686864853,1.0292791128158569,-353618671,1491649465,-353497999,1491633862,0,-0.023643352091312408,-13,-0.10455513000488281,-0.0011690652463585138,0.0361328125,35398,115.26389312744141,0.00019776196859311312,-0.0011950016487389803,0.00019713526125997305
47304404,47304404,47304,-353587049,1491645373,32.002719879150391,-3.3229680061340332,-0.1023997962474823,35414,-0.050717134028673172,1.0292658805847168,-353618671,1491649465,-353497713,1491633825,0,-0.023625437170267105,-13,-0.10463190078735352,-0.0011686502257362008,0.0272216796875,35398,115.21743011474609,0.00019823430920951068,-0.0011690652463585138,0.00019776196859311312
47404364,47404364,47404,-353586763,1491645336,31.986909866333008,-3.3213889598846436,-0.10151073336601257,35419,-0.052299581468105316,1.0292667150497437,-353618671,1491649465,-353497427,1491633788,0,-0.023545760661363602,-13,-0.10463047027587891,-0.0011652845423668623,0.02733612060546875,35398,115.16055297851562,0.00019870886171702296,-0.0011686502257362008,0.00019823430920951068
47504324,47504324,47504,-353586478,1491645299,31.97361946105957,-3.3120913505554199,-0.1017054095864296,35418,-0.054433878511190414,1.0292776823043823,-353618671,1491649465,-353497142,1491633751,0,-0.028321204707026482,-16,-0.10462236404418945,-0.0014022407121956348,0.028308868408203125,35398,115.10976409912109,0.00019920052727684379,-0.0011652845423668623,0.00019870886171702296
47605117,47605117,47605,-353586192,1491645263,31.969226837158203,-3.3150777816772461,-0.10194697231054306,35416,-0.057221110910177231,1.0292903184890747,-353618671,1491649465,-353496856,1491633714,0,-0.027727946639060974,-16,-0.10469961166381836,-0.0013730404898524284,0.01938629150390625,35398,115.09522247314453,0.00019953740411438048,-0.0014022407121956348,0.00019920052727684379
47705077,47705077,47705,-353585901,1491645226,31.973461151123047,-3.3136470317840576,-0.10062935203313828,35424,-0.057840082794427872,1.0292814970016479,-353618671,1491649465,-353496565,1491633677,0,-0.029541997238993645,-17,-0.10473155975341797,-0.0014626843621954322,0.015224456787109375,35398,115.10977172851562,0.0001998018124140799,-0.0013730404898524284,0.00019953740411438048
47805037,47805037,47805,-353585613,1491645189,31.977846145629883,-3.3065998554229736,-0.10039342194795609,35425,-0.056492257863283157,1.0292887687683105,-353618671,1491649465,-353496277,1491633639,0,-0.035037364810705185,-20,-0.10477113723754883,-0.0017345753731206059,0.011203765869140625,35398,115.12279510498047,0.00019999637152068317,-0.0014626843621954322,0.0001998018124140799
47904997,47904997,47904,-353585323,1491645152,31.97389030456543,-3.3040633201599121,-0.10060831904411316,35424,-0.051589775830507278,1.0292835235595703,-353618671,1491649465,-353495987,1491633602,0,-0.036871243268251419,-21,-0.10479640960693359,-0.0018256024923175573,0.00791168212890625,35398,115.10776519775391,0.00020013378525618464,-0.0017345753731206059,0.00019999637152068317
48004957,48004957,48004,-353585034,1491645115,31.96990966796875,-3.3149757385253906,-0.10208805650472641,35416,-0.050082545727491379,1.0292884111404419,-353618671,1491649465,-353495698,1491633564,0,-0.030733777210116386,-17,-0.1048431396484375,-0.0015218525659292936,0.003009796142578125,35398,115.09761810302734,0.00020018607028760016,-0.0018256024923175573,0.00020013378525618464
48104917,48104917,48104,-353584744,1491645078,31.975284576416016,-3.3295459747314453,-0.10175751149654388,35417,-0.050314925611019135,1.0292990207672119,-353618671,1491649465,-353495408,1491633527,0,-0.022492211312055588,-13,-0.10486841201782227,-0.0011135154636576772,-0.00026702880859375,35398,115.12215423583984,0.00020018142822664231,-0.0015218525659292936,0.00020018607028760016
48204877,48204877,48204,-353584455,1491645041,31.978403091430664,-3.3432555198669434,-0.10204729437828064,35416,-0.051507569849491119,1.0292903184890747,-353618671,1491649465,-353495119,1491633490,0,-0.014508578926324844,-8,-0.10488700866699219,-0.00071817071875557303,-0.002689361572265625,35398,115.13836669921875,0.00020013473113067448,-0.0011135154636576772,0.00020018142822664231
48304837,48304837,48304,-353584165,1491645004,31.985048294067383,-3.3514578342437744,-0.1020938977599144,35416,-0.055152423679828644,1.0292965173721313,-353618671,1491649465,-353494829,1491633452,0,-0.010902777314186096,-6,-0.10494041442871094,-0.00053955928888171911,-0.00846099853515625,35398,115.16508483886719,0.00019998785865027457,-0.00071817071875557303,0.00020013473113067448
48404797,48404797,48404,-353583875,1491644966,31.986082077026367,-3.3501319885253906,-0.10163569450378418,35418,-0.057028919458389282,1.0292891263961792,-353618671,1491649465,-353494539,1491633415,0,-0.010721135884523392,-6,-0.10488748550415039,-0.00053055549506098032,-0.002681732177734375,35398,115.16826629638672,0.00019994130707345903,-0.00053955928888171911,0.00019998785865027457
48504757,48504757,48504,-353583588,1491644929,31.979131698608398,-3.3553934097290039,-0.10261057317256927,35413,-0.057366501539945602,1.029291033744812,-353618671,1491649465,-353494252,1491633377,0,-0.0076685873791575432,-4,-0.10492134094238281,-0.00037956959567964077,-0.005947113037109375,35398,115.14546966552734,0.00019983804668299854,-0.00053055549506098032,0.00019994130707345903
48604717,48604717,48604,-353583301,1491644892,31.965370178222656,-3.3543977737426758,-0.10206012427806854,35416,-0.05635359138250351,1.0293045043945312,-353618671,1491649465,-353493965,1491633340,0,-0.0075023174285888672,-4,-0.10492753982543945,-0.00037149901618249714,-0.006679534912109375,35398,115.09609985351562,0.00019972202426288277,-0.00037956959567964077,0.00019983804668299854
48704677,48704677,48704,-353583015,1491644855,31.94426155090332,-3.350785493850708,-0.103127121925354,35410,-0.055780638009309769,1.0293127298355103,-353618671,1491649465,-353493679,1491633303,0,-0.008358389139175415,-4,-0.10492658615112305,-0.00041416534804739058,-0.0065765380859375,35398,115.01956176757812,0.00019960771896876395,-0.00037149901618249714,0.00019972202426288277
48804637,48804637,48804,-353582730,1491644818,31.919532775878906,-3.3586969375610352,-0.10363955795764923,35407,-0.054462101310491562,1.0293021202087402,-353618671,1491649465,-353493394,1491633267,0,-0.0010606811847537756,0,-0.10489082336425781,-5.2596573368646204e-05,-0.0030517578125,35398,114.93445587158203,0.00019955463358201087,-0.00041416534804739058,0.00019960771896876395
48904597,48904597,48904,-353582445,1491644781,31.896240234375,-3.3682811260223389,-0.10461549460887909,35401,-0.054188955575227737,1.0293107032775879,-353618671,1491649465,-353493109,1491633230,0,0.0066062365658581257,3,-0.10488367080688477,0.00032781338086351752,-0.002101898193359375,35398,114.8551025390625,0.00019951805006712675,-5.2596573368646204e-05,0.00019955463358201087
49004557,49004557,49004,-353582161,1491644744,31.870529174804688,-3.3819317817687988,-0.10482235252857208,35400,-0.053599312901496887,1.0293021202087402,-353618671,1491649465,-353492825,1491633193,0,0.017100326716899872,10,-0.10486984252929688,0.00084918813081458211,-0.000335693359375,35398,114.76869201660156,0.00019951220019720495,0.00032781338086351752,0.00019951805006712675
67204774,67204774,67204,-353611725,1491641793,-29.006711959838867,12.156272888183594,2.732764720916748,15657,0.012241857126355171,1.0323926210403442,-353611725,1491641793,-353612290,1491630250,0,19.761232376098633,6360,-1.630744457244873,1.5707999467849731,0,26657,112.62554931640625,0,-0.001174086588434875,0.00019951220019720495
67304734,67304734,67304,-353611985,1491641928,-28.918647766113281,12.173261642456055,2.7351279258728027,15671,0.038588162511587143,1.0323946475982666,-353611985,1491641928,-353612290,1491630250,0,19.714351654052734,6356,-1.6028108596801758,1.5707999467849731,0,26817,112.35834503173828,0,1.9076981544494629,0
67404694,67404694,67404,-353612244,1491642061,-28.835058212280273,12.095749855041504,2.7486257553100586,15748,0.05638379231095314,1.0324164628982544,-353612244,1491642061,-353612290,1491630250,0,19.647064208984375,6351,-1.5755720138549805,1.5707999467849731,0,26973,111.97486114501953,0,1.9372156858444214,0
67504654,67504654,67504,-353612502,1491642192,-28.858762741088867,11.777508735656738,2.760612964630127,15817,0.064866788685321808,1.0324258804321289,-353612502,1491642192,-353612290,1491630250,0,19.584373474121094,6344,-1.5490317344665527,1.5707999467849731,-0,27124,111.61756896972656,0,1.9632071256637573,0
67604614,67604614,67604,-353612760,1491642319,-28.964427947998047,11.242196083068848,2.7691922187805176,15866,0.07226090133190155,1.0324413776397705,-353612760,1491642319,-353612290,1491630250,0,19.52165412902832,6338,-1.5230803489685059,1.5707999467849731,-0,27273,111.26010894775391,0,1.980038046836853,0
67704574,67704574,67704,-353613019,1491642437,-29.127138137817383,10.535708427429199,2.7772259712219238,15912,0.08003244549036026,1.0324701070785522,-353613019,1491642437,-353612290,1491630250,0,19.461563110351562,6333,-1.4975781440734863,1.5707999467849731,-0,27419,110.91763305664062,0,1.9887510538101196,0
67804534,67804534,67804,-353613279,1491642548,-29.331968307495117,9.7864065170288086,2.7870864868164062,15968,0.081528596580028534,1.0324872732162476,-353613279,1491642548,-353612290,1491630250,0,19.42854118347168,6329,-1.4725027084350586,1.5707999467849731,-0,27563,110.72941589355469,0,1.9910870790481567,0
67904494,67904494,67904,-353613542,1491642650,-29.576505661010742,9.0103044509887695,2.7993338108062744,16039,0.080018922686576843,1.0325125455856323,-353613542,1491642650,-353612290,1491630250,0,19.42668342590332,6328,-1.4476151466369629,1.5707999467849731,-0,27706,110.71882629394531,0,1.9911192655563354,0
68004454,68004454,68004,-353613807,1491642743,-29.873985290527344,8.2001228332519531,2.8141450881958008,16123,0.078278303146362305,1.0325456857681274,-353613807,1491642743,-353612290,1491630250,0,19.464664459228516,6333,-1.4229855537414551,1.5707999467849731,-0,27847,110.935302734375,0,1.9896892309188843,0
68104414,68104414,68104,-353614075,1491642827,-30.209144592285156,7.3224058151245117,2.8346776962280273,16241,0.078408241271972656,1.0325628519058228,-353614075,1491642827,-353612290,1491630250,0,19.530601501464844,6340,-1.3984909057617188,1.5707999467849731,-0,27987,111.31109619140625,0,1.9864994287490845,0
68204374,68204374,68204,-353614347,1491642900,-30.526355743408203,6.1405239105224609,2.8699924945831299,16443,0.085615329444408417,1.0325700044631958,-353614347,1491642900,-353612290,1491630250,0,19.564476013183594,6346,-1.3739843368530273,1.5707999467849731,-0,28128,111.504150390625,0,1.9809057712554932,0
68304334,68304334,68304,-353614620,1491642958,-30.760082244873047,4.5193600654602051,2.9226455688476562,16745,0.095460496842861176,1.0325865745544434,-353614620,1491642958,-353612290,1491630250,0,19.534616470336914,6344,-1.3496484756469727,1.5707999467849731,-0,28267,111.33397674560547,0,1.9661139249801636,0
68405127,68405127,68405,-353614896,1491642995,-30.809635162353516,2.5349583625793457,2.9868295192718506,17113,0.10392039269208908,1.0326027870178223,-353614896,1491642995,-353612290,1491630250,0,19.423679351806641,6333,-1.3251338005065918,1.5707999467849731,-0,28407,110.70170593261719,0,1.9378235340118408,0
68505087,68505087,68505,-353615174,1491643008,-30.612457275390625,0.46001139283180237,3.0518817901611328,17485,0.11062333732843399,1.0326342582702637,-353615174,1491643008,-353612290,1491630250,0,19.236543655395508,6312,-1.3003945350646973,1.5707999467849731,-0,28549,109.63516998291016,0,1.8985520601272583,0
68605047,68605047,68605,-353615448,1491643000,-30.197956085205078,-1.3815045356750488,3.1093459129333496,17815,0.112403504550457,1.0326452255249023,-353615448,1491643000,-353612290,1491630250,0,18.993778228759766,6283,-1.2759337425231934,1.5707999467849731,-0,28689,108.25157165527344,0,1.8562240600585938,0
68705007,68705007,68705,-353615718,1491642973,-29.702522277832031,-2.8502094745635986,-3.1269829273223877,18084,0.107775017619133,1.0326507091522217,-353615718,1491642973,-353612290,1491630250,0,18.748371124267578,6252,-1.2517032623291016,1.5707999467849731,-0,28828,106.85291290283203,0,1.819942831993103,0
68804967,68804967,68804,-353615984,1491642934,-29.280490875244141,-3.9016242027282715,-3.0936849117279053,18275,0.095664806663990021,1.0326836109161377,-353615984,1491642934,-353612290,1491630250,0,18.560083389282227,6225,-1.2277979850769043,1.5707999467849731,-0,28965,105.77980804443359,0,1.7942236661911011,0
68904927,68904927,68904,-353616247,1491642884,-28.982730865478516,-4.5456695556640625,-3.0735962390899658,18390,0.077652968466281891,1.0326904058456421,-353616247,1491642884,-353631360,1491627500,0,9.4339122772216797,4397,-2.4487471580505371,0.53727245330810547,0,21970,105.05553436279297,0,1.7813253402709961,0
69004887,69004887,69004,-353616507,1491642830,-28.765678405761719,-4.9014787673950195,-3.0633673667907715,18449,0.057172339409589767,1.0326989889144897,-353616507,1491642830,-353631360,1491627500,0,9.2826519012451172,4347,-2.4419384002685547,0.53088194131851196,0,22009,104.49418640136719,0,0.53727245330810547,0
69104847,69104847,69104,-353616765,1491642773,-28.567731857299805,-5.0739760398864746,-3.0636062622070312,18447,0.040589671581983566,1.0327223539352417,-353616765,1491642773,-353631360,1491627500,0,9.2268590927124023,4327,-2.4351329803466797,0.53068065643310547,0,22048,103.90172576904297,0,0.53088194131851196,0
69204807,69204807,69204,-353617022,1491642716,-28.369260787963867,-5.0266246795654297,-3.0712592601776123,18403,0.018534913659095764,1.0327223539352417,-353617022,1491642716,-353631360,1491627500,0,9.2765426635742188,4341,-2.4281995296478271,0.53802758455276489,0,22088,103.17230987548828,0,0.53068065643310547,0
69304767,69304767,69304,-353617275,1491642663,-28.133140563964844,-4.7396707534790039,-3.0800981521606445,18353,-0.01746605709195137,1.0327250957489014,-353617275,1491642663,-353631360,1491627500,0,9.4241304397583008,4386,-2.421109676361084,0.55357736349105835,0,22128,102.16411590576172,0,0.53802758455276489,0
69404727,69404727,69404,-353617524,1491642614,-27.834239959716797,-4.2850246429443359,-3.0880422592163086,18307,-0.06412111222743988,1.0327303409576416,-353617524,1491642614,-353631360,1491627500,0,9.6227350234985352,4451,-2.4138648509979248,0.57497906684875488,0,22170,100.84825897216797,0,0.55357736349105835,0
69504687,69504687,69504,-353617770,1491642571,-27.451759338378906,-3.7271454334259033,-3.0964565277099609,18259,-0.11740612983703613,1.0327358245849609,-353617770,1491642571,-353631360,1491627500,0,9.8326349258422852,4527,-2.4063634872436523,0.60028356313705444,0,22213,99.206298828125,0,0.57497906684875488,0
69604647,69604647,69604,-353618013,1491642535,-27.012294769287109,-3.161759614944458,-3.1057746410369873,18206,-0.17099609971046448,1.0327351093292236,-353618013,1491642535,-353631360,1491627500,0,10.019062042236328,4603,-2.3985717296600342,0.62650227546691895,0,22257,97.391029357910156,0,0.60028356313705444,0
69704607,69704607,69704,-353618250,1491642505,-26.563375473022461,-2.7010111808776855,-3.1135127544403076,18161,-0.21769009530544281,1.0327228307723999,-353618250,1491642505,-353631360,1491627500,0,10.147769927978516,4666,-2.3906359672546387,0.6496233344078064,0,22303,95.613571166992188,0,0.62650227546691895,0
69804567,69804567,69804,-353618484,1491642480,-26.171756744384766,-2.4589049816131592,-3.1161034107208252,18147,-0.25137171149253845,1.0326950550079346,-353618484,1491642480,-353631360,1491627500,0,10.197386741638184,4703,-2.3824796676635742,0.6654353141784668,0,22350,94.133445739746094,0,0.6496233344078064,0
69904527,69904527,69904,-353618715,1491642455,-25.883506774902344,-2.500476598739624,-3.1099402904510498,18182,-0.27120381593704224,1.0326724052429199,-353618715,1491642455,-353631360,1491627500,0,10.159157752990723,4707,-2.3742713928222656,0.67101508378982544,0,22397,93.1199951171875,0,0.6654353141784668,0
70004487,70004487,70004,-353618945,1491642428,-25.722259521484375,-2.8925132751464844,-3.0910589694976807,18290,-0.27570760250091553,1.0326372385025024,-353618945,1491642428,-353631360,1491627500,0,10.017841339111328,4671,-2.3660001754760742,0.66361117362976074,0,22444,92.691619873046875,0,0.67101508378982544,0
70104447,70104447,70104,-353619173,1491642395,-25.681985855102539,-3.6503088474273682,-3.0587646961212158,18475,-0.2672993540763855,1.0326075553894043,-353619173,1491642395,-353631360,1491627500,0,9.7669649124145508,4591,-2.3578395843505859,0.64256387948989868,0,22491,92.89117431640625,0,0.66361117362976074,0
70204407,70204407,70204,-353619403,1491642351,-25.710391998291016,-4.7417664527893066,-3.0148732662200928,18727,-0.24908556044101715,1.0325857400894165,-353619403,1491642351,-353631360,1491627500,0,9.4025373458862305,4469,-2.34979248046875,0.60941958427429199,0,22537,93.621299743652344,0,0.64256387948989868,0
70304367,70304367,70304,-353619632,1491642293,-25.747631072998047,-6.0701804161071777,-2.9642961025238037,19016,-0.22508600354194641,1.0325422286987305,-353619632,1491642293,-353631360,1491627500,0,8.9410810470581055,4308,-2.3420820236206055,0.5679815411567688,0,22581,94.729621887207031,0,0.60941958427429199,0
70404327,70404327,70404,-353619863,1491642219,-25.741462707519531,-7.510256290435791,-2.9119389057159424,19316,-0.19835640490055084,1.0325101613998413,-353619863,1491642219,-353631360,1491627500,0,8.4163217544555664,4119,-2.3346478939056396,0.52306729555130005,0,22624,96.022994995117188,0,0.5679815411567688,0
70505120,70505120,70505,-353620093,1491642130,-25.683353424072266,-8.9195127487182617,-2.8628828525543213,19597,-0.17448756098747253,1.0324954986572266,-353620093,1491642130,-353631360,1491627500,0,7.8846983909606934,3922,-2.3275852203369141,0.4797508716583252,0,22664,97.360191345214844,0,0.52306729555130005,0
70605080,70605080,70605,-353620324,1491642024,-25.581693649291992,-10.201435089111328,-2.819108247756958,19848,-0.15401817858219147,1.0324702262878418,-353620324,1491642024,-353631360,1491627500,0,7.3903651237487793,3733,-2.3208773136138916,0.44126230478286743,0,22703,98.623016357421875,0,0.4797508716583252,0
70705040,70705040,70705,-353620555,1491641904,-25.468791961669922,-11.332497596740723,-2.7818436622619629,20062,-0.13720032572746277,1.0324532985687256,-353620555,1491641904,-353631360,1491627500,0,6.9571690559387207,3560,-2.3144679069519043,0.40847307443618774,0,22739,99.824447631835938,0,0.44126230478286743,0
70805000,70805000,70805,-353620785,1491641773,-25.357694625854492,-12.285250663757324,-2.751429557800293,20236,-0.12615019083023071,1.0324251651763916,-353620785,1491641773,-353631360,1491627500,0,6.6019225120544434,3416,-2.3083028793334961,0.38213652372360229,0,22774,100.90125274658203,0,0.40847307443618774,0
70904960,70904960,70904,-353621016,1491641632,-25.272739410400391,-13.067588806152344,-2.7270336151123047,20376,-0.11951759457588196,1.0324200391769409,-353621016,1491641632,-353631360,1491627500,0,6.3330793380737305,3304,-2.302255392074585,0.36213284730911255,0,22809,101.88352203369141,0,0.38213652372360229,0
71004920,71004920,71004,-353621245,1491641483,-25.212900161743164,-13.693979263305664,-2.7065994739532471,20493,-0.11884211748838425,1.0323964357376099,-353621245,1491641483,-353631360,1491627500,0,6.1415648460388184,3224,-2.2963995933532715,0.34763655066490173,0,22843,102.74469757080078,0,0.36213284730911255,0
71104880,71104880,71104,-353621475,1491641328,-25.181175231933594,-14.196437835693359,-2.6893970966339111,20591,-0.12266667932271957,1.0323953628540039,-353621475,1491641328,-353631360,1491627500,0,6.0180320739746094,3172,-2.2905192375183105,0.33771830797195435,0,22876,103.51655578613281,0,0.34763655066490173,0
71204840,71204840,71204,-353621703,1491641168,-25.150823593139648,-14.628891944885254,-2.6742353439331055,20678,-0.12700504064559937,1.0323731899261475,-353621703,1491641168,-353631360,1491627500,0,5.9248776435852051,3134,-2.2847256660461426,0.33005192875862122,0,22910,104.19184112548828,0,0.33771830797195435,0
71304800,71304800,71304,-353621931,1491641004,-25.097864151000977,-15.036561965942383,-2.6587183475494385,20767,-0.13062697649002075,1.032379150390625,-353621931,1491641004,-353631360,1491627500,0,5.8340005874633789,3096,-2.2788805961608887,0.32294219732284546,0,22943,104.77069091796875,0,0.33005192875862122,0
71404760,71404760,71404,-353622156,1491640837,-25.010498046875,-15.458877563476562,-2.641674280166626,20865,-0.13168977200984955,1.0323699712753296,-353622156,1491640837,-353631360,1491627500,0,5.7213306427001953,3047,-2.2731013298034668,0.31487223505973816,0,22976,105.28964996337891,0,0.32294219732284546,0
71504720,71504720,71504,-353622381,1491640665,-24.887527465820312,-15.916662216186523,-2.6241483688354492,20965,-0.12871810793876648,1.0323514938354492,-353622381,1491640665,-353631360,1491627500,0,5.5792760848999023,2984,-2.2673039436340332,0.30529940128326416,0,23009,105.78946685791016,0,0.31487223505973816,0
71604680,71604680,71604,-353622603,1491640489,-24.733978271484375,-16.402374267578125,-2.6066091060638428,21066,-0.12319396436214447,1.0323272943496704,-353622603,1491640489,-353631360,1491627500,0,5.4111247062683105,2907,-2.2616128921508789,0.2944146990776062,0,23042,106.2779541015625,0,0.30529940128326416,0
71704640,71704640,71704,-353622824,1491640307,-24.552158355712891,-16.895349502563477,-2.5888640880584717,21167,-0.11689803004264832,1.0323320627212524,-353622824,1491640307,-353631360,1491627500,0,5.2267951965332031,2822,-2.2559962272644043,0.28287374973297119,0,23074,106.72669219970703,0,0.2944146990776062,0
71804600,71804600,71804,-353623043,1491640120,-24.360294342041016,-17.366434097290039,-2.5721569061279297,21263,-0.11174777150154114,1.0323103666305542,-353623043,1491640120,-353631360,1491627500,0,5.0462017059326172,2737,-2.2504744529724121,0.27178728580474854,0,23106,107.13177490234375,0,0.28287374973297119,0
71904560,71904560,71904,-353623261,1491639928,-24.179927825927734,-17.801723480224609,-2.5568737983703613,21351,-0.10803405940532684,1.0323023796081543,-353623261,1491639928,-353631360,1491627500,0,4.8861422538757324,2661,-2.2449913024902344,0.26197853684425354,0,23137,107.52326965332031,0,0.27178728580474854,0
72004520,72004520,72004,-353623476,1491639731,-24.001243591308594,-18.203224182128906,-2.5420384407043457,21436,-0.10491245239973068,1.0323023796081543,-353623476,1491639731,-353631360,1491627500,0,4.7385454177856445,2591,-2.2396693229675293,0.25305017828941345,0,23168,107.87136077880859,0,0.26197853684425354,0
72104480,72104480,72104,-353623691,1491639530,-23.827840805053711,-18.582351684570312,-2.5273492336273193,21520,-0.10388652235269547,1.0322877168655396,-353623691,1491639530,-353631360,1491627500,0,4.6045622825622559,2527,-2.2342863082885742,0.2449677586555481,0,23199,108.20683288574219,0,0.25305017828941345,0
72204440,72204440,72204,-353623903,1491639326,-23.671348571777344,-18.912330627441406,-2.5151424407958984,21590,-0.10393070429563522,1.0322740077972412,-353623903,1491639326,-353631360,1491627500,0,4.4974427223205566,2475,-2.2289900779724121,0.23849946260452271,0,23229,108.49910736083984,0,0.2449677586555481,0
72304400,72304400,72304,-353624115,1491639117,-23.527729034423828,-19.20751953125,-2.5035989284515381,21656,-0.10473188757896423,1.0322675704956055,-353624115,1491639117,-353631360,1491627500,0,4.4114503860473633,2433,-2.2236695289611816,0.23327513039112091,0,23259,108.76316070556641,0,0.23849946260452271,0
72404360,72404360,72404,-353624325,1491638906,-23.371183395385742,-19.496679306030273,-2.4903178215026855,21732,-0.1057504341006279,1.0322564840316772,-353624325,1491638906,-353631360,1491627500,0,4.3224978446960449,2390,-2.2183289527893066,0.2280031144618988,0,23290,108.98988342285156,0,0.23327513039112091,0
72504320,72504320,72504,-353624534,1491638691,-23.213077545166016,-19.777873992919922,-2.4783933162689209,21800,-0.10701188445091248,1.0322540998458862,-353624534,1491638691,-353631360,1491627500,0,4.2366523742675781,2348,-2.2129826545715332,0.22294752299785614,0,23321,109.20606994628906,0,0.2280031144618988,0
72605113,72605113,72605,-353624743,1491638472,-23.054595947265625,-20.048789978027344,-2.4671621322631836,21865,-0.10715863108634949,1.0322470664978027,-353624743,1491638472,-353631360,1491627500,0,4.1567273139953613,2308,-2.2075562477111816,0.21826067566871643,0,23352,109.40885925292969,0,0.22294752299785614,0
72705073,72705073,72705,-353624951,1491638249,-22.890998840332031,-20.332250595092773,-2.4549713134765625,21935,-0.1067076176404953,1.0322381258010864,-353624951,1491638249,-353631360,1491627500,0,4.0705795288085938,2265,-2.2021126747131348,0.21321110427379608,0,23383,109.638916015625,0,0.21826067566871643,0
72805033,72805033,72805,-353625158,1491638023,-22.714302062988281,-20.623340606689453,-2.4429526329040527,22003,-0.10538614541292191,1.0322414636611938,-353625158,1491638023,-353631360,1491627500,0,3.9769701957702637,2218,-2.1966042518615723,0.20780088007450104,0,23414,109.8646240234375,0,0.21321110427379608,0
72904993,72904993,72904,-353625363,1491637792,-22.534368515014648,-20.913541793823242,-2.4318423271179199,22067,-0.1029638946056366,1.0322173833847046,-353625363,1491637792,-353631360,1491627500,0,3.8809607028961182,2169,-2.1911945343017578,0.20228771865367889,0,23446,110.09270477294922,0,0.20780088007450104,0
73004953,73004953,73004,-353625567,1491637559,-22.35078239440918,-21.193454742431641,-2.4215288162231445,22126,-0.10161449015140533,1.0322284698486328,-353625567,1491637559,-353631360,1491627500,0,3.7898366451263428,2122,-2.1856660842895508,0.19710028171539307,0,23477,110.29903411865234,0,0.20228771865367889,0
73104913,73104913,73104,-353625769,1491637322,-22.197542190551758,-21.434946060180664,-2.4130134582519531,22175,-0.10334178060293198,1.0322074890136719,-353625769,1491637322,-353631360,1491627500,0,3.7279486656188965,2091,-2.1801877021789551,0.19348256289958954,0,23509,110.50043487548828,0,0.19710028171539307,0
73204873,73204873,73204,-353625970,1491637083,-22.054109573364258,-21.661386489868164,-2.404604434967041,22223,-0.1055273711681366,1.0322145223617554,-353625970,1491637083,-353631360,1491627500,0,3.6796669960021973,2067,-2.1745777130126953,0.19060024619102478,0,23541,110.69821929931641,0,0.19348256289958954,0
73304833,73304833,73304,-353626170,1491636842,-21.921728134155273,-21.875123977661133,-2.3959836959838867,22273,-0.10771548748016357,1.032196044921875,-353626170,1491636842,-353631360,1491627500,0,3.6450140476226807,2049,-2.1688222885131836,0.18843623995780945,0,23574,110.89981842041016,0,0.19060024619102478,0
73404793,73404793,73404,-353626368,1491636598,-21.783895492553711,-22.084356307983398,-2.3869941234588623,22324,-0.10893744230270386,1.0322020053863525,-353626368,1491636598,-353631360,1491627500,0,3.6100194454193115,2032,-2.1630511283874512,0.18629410862922668,0,23607,111.08315277099609,0,0.18843623995780945,0
73504753,73504753,73504,-353626564,1491636354,-21.625673294067383,-22.301015853881836,-2.3772697448730469,22380,-0.1081884354352951,1.0321897268295288,-353626564,1491636354,-353631360,1491627500,0,3.5657041072845459,2008,-2.1571059226989746,0.18371579051017761,0,23641,111.24166107177734,0,0.18629410862922668,0
73604713,73604713,73604,-353626757,1491636108,-21.443758010864258,-22.524898529052734,-2.3665943145751953,22441,-0.10623250901699066,1.0321820974349976,-353626757,1491636108,-353631360,1491627500,0,3.5066967010498047,1977,-2.151176929473877,0.18043385446071625,0,23675,111.36843872070312,0,0.18371579051017761,0
73704673,73704673,73704,-353626948,1491635861,-21.263759613037109,-22.728364944458008,-2.3581194877624512,22489,-0.10590226948261261,1.0321722030639648,-353626948,1491635861,-353631360,1491627500,0,3.4588556289672852,1952,-2.1451096534729004,0.17780457437038422,0,23710,111.45592498779297,0,0.18043385446071625,0
73804633,73804633,73804,-353627137,1491635611,-21.097860336303711,-22.906047821044922,-2.3504819869995117,22533,-0.10667375475168228,1.0321621894836426,-353627137,1491635611,-353631360,1491627500,0,3.4283897876739502,1937,-2.1390032768249512,0.17612271010875702,0,23745,111.51808166503906,0,0.17780457437038422,0
73904593,73904593,73904,-353627325,1491635360,-20.941293716430664,-23.075586318969727,-2.3426060676574707,22578,-0.10750426352024078,1.032158374786377,-353627325,1491635360,-353631360,1491627500,0,3.411191463470459,1928,-2.1326251029968262,0.17511934041976929,0,23781,111.58784484863281,0,0.17612271010875702,0
74004553,74004553,74004,-353627511,1491635107,-20.788370132446289,-23.235103607177734,-2.3347914218902588,22623,-0.11000435799360275,1.0321570634841919,-353627511,1491635107,-353631360,1491627500,0,3.4020531177520752,1924,-2.1261196136474609,0.17455403506755829,0,23819,111.64562225341797,0,0.17511934041976929,0
74104513,74104513,74104,-353627696,1491634853,-20.641033172607422,-23.383527755737305,-2.3270063400268555,22668,-0.11271905153989792,1.0321334600448608,-353627696,1491634853,-353631360,1491627500,0,3.4061071872711182,1926,-2.1192898750305176,0.17469020187854767,0,23858,111.69243621826172,0,0.17455403506755829,0
74204473,74204473,74204,-353627879,1491634597,-20.488903045654297,-23.541725158691406,-2.3193292617797852,22712,-0.11423167586326599,1.0321358442306519,-353627879,1491634597,-353631360,1491627500,0,3.4080524444580078,1928,-2.1122860908508301,0.17468523979187012,0,23898,111.75936889648438,0,0.17469020187854767,0
74304433,74304433,74304,-353628061,1491634339,-20.324062347412109,-23.707416534423828,-2.311821460723877,22755,-0.11387787759304047,1.0321334600448608,-353628061,1491634339,-353631360,1491627500,0,3.4074294567108154,1927,-2.104952335357666,0.17455330491065979,0,23940,111.82252502441406,0,0.17468523979187012,0
74404393,74404393,74404,-353628242,1491634079,-20.154109954833984,-23.876771926879883,-2.3030412197113037,22805,-0.11428449302911758,1.0321120023727417,-353628242,1491634079,-353631360,1491627500,0,3.4104933738708496,1929,-2.0972433090209961,0.17460526525974274,0,23984,111.89012145996094,0,0.17455330491065979,0
74504353,74504353,74504,-353628421,1491633817,-19.974952697753906,-24.053728103637695,-2.2942318916320801,22856,-0.11370762437582016,1.0321184396743774,-353628421,1491633817,-353631360,1491627500,0,3.4120464324951172,1929,-2.0892500877380371,0.17456889152526855,0,24030,111.96414184570312,0,0.17460526525974274,0
74604313,74604313,74604,-353628599,1491633553,-19.799325942993164,-24.226968765258789,-2.2871139049530029,22896,-0.11389786005020142,1.032099723815918,-353628599,1491633553,-353631360,1491627500,0,3.4264020919799805,1937,-2.0807771682739258,0.17518618702888489,0,24078,112.04307556152344,0,0.17456889152526855,0
74705106,74705106,74705,-353628778,1491633282,-19.628631591796875,-24.402671813964844,-2.2792723178863525,22941,-0.11494442820549011,1.0320883989334106,-353628778,1491633282,-353631360,1491627500,0,3.4532346725463867,1951,-2.0717854499816895,0.17640738189220428,0,24130,112.14684295654297,0,0.17518618702888489,0
74805066,74805066,74805,-353628954,1491633012,-19.44932746887207,-24.578533172607422,-2.2705700397491455,22991,-0.11484189331531525,1.0320898294448853,-353628954,1491633012,-353631360,1491627500,0,3.486330509185791,1969,-2.0622491836547852,0.17796880006790161,0,24184,112.23868560791016,0,0.17640738189220428,0
74905026,74905026,74905,-353629129,1491632738,-19.271339416503906,-24.755237579345703,-2.2639508247375488,23029,-0.11549532413482666,1.0320686101913452,-353629129,1491632738,-353631360,1491627500,0,3.5320639610290527,1992,-2.0521140098571777,0.18015964329242706,0,24243,112.34293365478516,0,0.17796880006790161,0
75004986,75004986,75004,-353629302,1491632463,-19.117086410522461,-24.912927627563477,-2.2578322887420654,23064,-0.11828909814357758,1.0320669412612915,-353629302,1491632463,-353631360,1491627500,0,3.6120645999908447,2035,-2.0412073135375977,0.18410585820674896,0,24305,112.45191955566406,0,0.18015964329242706,0
75104946,75104946,75104,-353629475,1491632185,-18.971263885498047,-25.068601608276367,-2.2506649494171143,23105,-0.12132401019334793,1.0320594310760498,-353629475,1491632185,-353631360,1491627500,0,3.7206196784973145,2091,-2.0291299819946289,0.18948878347873688,0,24374,112.57881164550781,0,0.18410585820674896,0
75204906,75204906,75204,-353629646,1491631906,-18.80010986328125,-25.244705200195312,-2.2415285110473633,23157,-0.12221118807792664,1.0320626497268677,-353629646,1491631906,-353631360,1491627500,0,3.8323128223419189,2149,-2.0158963203430176,0.19501031935214996,0,24451,112.71517181396484,0,0.18948878347873688,0
75304866,75304866,75304,-353629815,1491631625,-18.59947395324707,-25.434713363647461,-2.2322232723236084,23211,-0.1216139942407608,1.032051682472229,-353629815,1491631625,-353631360,1491627500,0,3.9498765468597412,2208,-2.0013427734375,0.20085497200489044,0,24534,112.83602905273438,0,0.19501031935214996,0
75404826,75404826,75404,-353629982,1491631341,-18.387763977050781,-25.626180648803711,-2.2239210605621338,23258,-0.12088344246149063,1.0320290327072144,-353629982,1491631341,-353631360,1491627500,0,4.0915074348449707,2279,-1.9852418899536133,0.20795431733131409,0,24626,112.94654846191406,0,0.20085497200489044,0
75504786,75504786,75504,-353630146,1491631058,-18.153400421142578,-25.827093124389648,-2.2143180370330811,23313,-0.1180039569735527,1.0320205688476562,-353631360,1491627500,-353654670,1491642150,0,-17.834892272949219,-6136,2.9819011688232422,-1.1178301572799683,34.908226013183594,15975,113.04719543457031,0,0.20795431733131409,0
75604746,75604746,75604,-353630308,1491630773,-17.871366500854492,-26.049100875854492,-2.2063493728637695,23359,-0.11511654406785965,1.0320060253143311,-353631360,1491627500,-353654670,1491642150,0,-18.183914184570312,-6182,2.9527702331542969,-1.1583067178726196,31.783239364624023,15915,113.12411499023438,0,-1.1178301572799683,0
75704706,75704706,75704,-353630466,1491630486,-17.627079010009766,-26.22431755065918,-2.2098517417907715,23339,-0.11340013891458511,1.0320152044296265,-353631360,1491627500,-353654670,1491642150,0,-18.479091644287109,-6219,2.9240767955780029,-1.1965123414993286,28.662406921386719,15855,113.1517333984375,0,-1.1583067178726196,0
75804666,75804666,75804,-353630623,1491630199,-17.579206466674805,-26.259441375732422,-2.2139813899993896,23315,-0.11586193740367889,1.0319969654083252,-353631360,1491627500,-353654670,1491642150,0,-18.691713333129883,-6247,2.895695686340332,-1.2267711162567139,25.546651840209961,15794,113.16069030761719,0,-1.1965123414993286,0
75904626,75904626,75904,-353630780,1491629912,-17.707132339477539,-26.15709114074707,-2.2126743793487549,23323,-0.12578526139259338,1.0319879055023193,-353631360,1491627500,-353654670,1491642150,0,-18.832254409790039,-6267,2.8676064014434814,-1.2496920824050903,22.43089485168457,15733,113.11247253417969,0,-1.2267711162567139,0
76004586,76004586,76004,-353630939,1491629627,-17.928342819213867,-25.965976715087891,-2.2082560062408447,23348,-0.13918362557888031,1.0319792032241821,-353631360,1491627500,-353654670,1491642150,0,-18.925712585449219,-6283,2.839813232421875,-1.2682845592498779,19.321144104003906,15672,112.99459075927734,0,-1.2496920824050903,0
76104546,76104546,76104,-353631100,1491629345,-18.20097541809082,-25.729818344116211,-2.2035505771636963,23375,-0.15119248628616333,1.0319783687591553,-353631360,1491627500,-353654670,1491642150,0,-18.996343612670898,-6296,2.8122425079345703,-1.2844791412353516,16.225471496582031,15610,112.86068725585938,0,-1.2682845592498779,0
76204506,76204506,76204,-353631264,1491629065,-18.540262222290039,-25.441295623779297,-2.201416015625,23387,-0.15975233912467957,1.031964898109436,-353631360,1491627500,-353654670,1491642150,0,-19.04765510559082,-6305,2.7847216129302979,-1.297907829284668,13.130728721618652,15549,112.73004913330078,0,-1.2844791412353516,0
76304466,76304466,76304,-353631432,1491628789,-18.982255935668945,-25.090051651000977,-2.2042591571807861,23371,-0.1628900021314621,1.0319563150405884,-353631360,1491627500,-353654670,1491642150,0,-19.086271286010742,-6311,2.7572813034057617,-1.3074182271957397,10.047990798950195,15488,112.663818359375,0,-1.297907829284668,0
76404426,76404426,76404,-353631604,1491628517,-19.590612411499023,-24.626447677612305,-2.216742992401123,23299,-0.16163341701030731,1.0319268703460693,-353631360,1491627500,-353654670,1491642150,0,-19.105220794677734,-6313,2.7300574779510498,-1.3103337287902832,6.9772582054138184,15427,112.68756103515625,0.00012386338494252414,-1.3074182271957397,0
76504386,76504386,76504,-353631783,1491628252,-20.399343490600586,-24.02110481262207,-2.2367091178894043,23185,-0.15679846704006195,1.0319217443466187,-353631360,1491627500,-353654670,1491642150,0,-19.107532501220703,-6311,2.7029800415039062,-1.3053643703460693,3.9275367259979248,15366,112.85203552246094,0.00019345467444509268,-1.3103337287902832,0.00012386338494252414
76604346,76604346,76604,-353631970,1491627993,-21.399726867675781,-23.264286041259766,-2.2657790184020996,23019,-0.14854785799980164,1.0318957567214966,-353631360,1491627500,-353654670,1491642150,0,-19.097929000854492,-6307,2.6760106086730957,-1.2927024364471436,0.88567018508911133,15304,113.19403076171875,0.00020909728482365608,-1.3053643703460693,0.00019345467444509268
76705139,76705139,76705,-353632168,1491627744,-22.608068466186523,-22.292196273803711,-2.3083295822143555,22775,-0.1361413449048996,1.0318862199783325,-353631360,1491627500,-353654670,1491642150,0,-19.056722640991211,-6298,2.649402379989624,-1.2705534696578979,-2.131258487701416,15243,113.69656372070312,0.00017160479910671711,-1.2927024364471436,0.00020909728482365608
76805099,76805099,76805,-353632380,1491627505,-24.036037445068359,-20.952199935913086,-2.3669924736022949,22439,-0.12034343183040619,1.0318672657012939,-353631360,1491627500,-353654670,1491642150,0,-18.919033050537109,-6276,2.6230416297912598,-1.2355086803436279,-5.138481616973877,15182,114.18382263183594,8.1606740423012525e-05,-1.2705534696578979,0.00017160479910671711
76905059,76905059,76905,-353632605,1491627285,-25.553426742553711,-19.212318420410156,-2.4381237030029297,22031,-0.10396666824817657,1.0318431854248047,-353631360,1491627500,-353654670,1491642150,0,-18.639608383178711,-6237,2.5974729061126709,-1.1888033151626587,-8.0582132339477539,15122,114.48469543457031,-5.9227029851172119e-05,-1.2355086803436279,8.1606740423012525e-05
77005019,77005019,77005,-353632844,1491627085,-26.959917068481445,-17.142080307006836,-2.5146393775939941,21593,-0.087091967463493347,1.0318434238433838,-353631360,1491627500,-353654670,1491642150,0,-18.200309753417969,-6177,2.5726087093353271,-1.1353374719619751,-10.887450218200684,15063,114.40610504150391,-5.9227029851172119e-05,-1.1888033151626587,-5.9227029851172119e-05
77104979,77104979,77104,-353633096,1491626910,-28.082466125488281,-14.976166725158691,-2.5880351066589355,21172,-0.074394576251506805,1.0318291187286377,-353631360,1491627500,-353654670,1491642150,0,-17.665149688720703,-6103,2.5484728813171387,-1.0830452442169189,-13.580722808837891,15005,113.96938323974609,-5.9227029851172119e-05,-1.1353374719619751,-5.9227029851172119e-05
77204939,77204939,77204,-353633356,1491626757,-28.889488220214844,-13.070294380187988,-2.6487236022949219,20824,-0.067214816808700562,1.0318114757537842,-353631360,1491627500,-353654670,1491642150,0,-17.193254470825195,-6035,2.5253200531005859,-1.0411404371261597,-16.136880874633789,14950,113.54805755615234,-5.9227029851172119e-05,-1.0830452442169189,-5.9227029851172119e-05
77304899,77304899,77304,-353633623,1491626623,-29.473295211791992,-11.502997398376465,-2.6980805397033691,20542,-0.065395049750804901,1.0317877531051636,-353631360,1491627500,-353654670,1491642150,0,-16.839204788208008,-5983,2.5032238960266113,-1.0104724168777466,-18.575082778930664,14897,113.29700469970703,-5.9227029851172119e-05,-1.0411404371261597,-5.9227029851172119e-05
77404859,77404859,77404,-353633893,1491626505,-29.873516082763672,-10.263398170471191,-2.7363138198852539,20323,-0.068615414202213287,1.0317947864532471,-353631360,1491627500,-353654670,1491642150,0,-16.597278594970703,-5948,2.4820876121520996,-0.99043285846710205,-20.899255752563477,14845,113.11407470703125,-5.9227029851172119e-05,-1.0104724168777466,-5.9227029851172119e-05
77504819,77504819,77504,-353634166,1491626399,-30.114450454711914,-9.2914705276489258,-2.7654170989990234,20156,-0.076522558927536011,1.0317714214324951,-353631360,1491627500,-353654670,1491642150,0,-16.439315795898438,-5925,2.4613971710205078,-0.97946739196777344,-23.141716003417969,14793,112.855712890625,-5.9227029851172119e-05,-0.99043285846710205,-5.9227029851172119e-05
77604779,77604779,77604,-353634440,1491626302,-30.229328155517578,-8.5057945251464844,-2.789053201675415,20020,-0.086830437183380127,1.0317608118057251,-353631360,1491627500,-353654670,1491642150,0,-16.331914901733398,-5911,2.4408442974090576,-0.97503221035003662,-25.316543579101562,14743,112.45442199707031,-5.9227029851172119e-05,-0.97946739196777344,-5.9227029851172119e-05
77704739,77704739,77704,-353634713,1491626213,-30.244148254394531,-7.8242969512939453,-2.8093171119689941,19904,-0.097470492124557495,1.0317624807357788,-353631360,1491627500,-353654670,1491642150,0,-16.240818023681641,-5899,2.4202723503112793,-0.97447454929351807,-27.421663284301758,14693,111.86946868896484,-5.9227029851172119e-05,-0.97503221035003662,-5.9227029851172119e-05
77804699,77804699,77804,-353634984,1491626131,-30.223209381103516,-7.167912483215332,-2.8301193714141846,19785,-0.10780252516269684,1.0317533016204834,-353631360,1491627500,-353654670,1491642150,0,-16.149419784545898,-5887,2.399864673614502,-0.97459161281585693,-29.460075378417969,14643,111.23107147216797,-5.9227029851172119e-05,-0.97447454929351807,-5.9227029851172119e-05
77904659,77904659,77904,-353635254,1491626057,-30.194072723388672,-6.4703831672668457,-2.8526124954223633,19656,-0.11729830503463745,1.0317350625991821,-353631360,1491627500,-353654670,1491642150,0,-16.037076950073242,-5872,2.3797259330749512,-0.97296732664108276,-31.428779602050781,14594,110.57932281494141,-5.9227029851172119e-05,-0.97459161281585693,-5.9227029851172119e-05
78004619,78004619,78004,-353635524,1491625990,-30.174541473388672,-5.7292079925537109,-2.8771600723266602,19516,-0.12488630414009094,1.0317312479019165,-353631360,1491627500,-353654670,1491642150,0,-15.910919189453125,-5855,2.359931468963623,-0.96929681301116943,-33.340934753417969,14546,109.98507690429688,-5.9227029851172119e-05,-0.97296732664108276,-5.9227029851172119e-05
78104579,78104579,78104,-353635793,1491625932,-30.179508209228516,-4.9040141105651855,-2.9054369926452637,19354,-0.13073615729808807,1.0317062139511108,-353631360,1491627500,-353654670,1491642150,0,-15.757638931274414,-5832,2.3408527374267578,-0.96182692050933838,-35.175304412841797,14498,109.48992156982422,-5.9227029851172119e-05,-0.96929681301116943,-5.9227029851172119e-05
78204539,78204539,78204,-353636062,1491625883,-30.200933456420898,-3.9943909645080566,-2.936173677444458,19177,-0.13540530204772949,1.031694769859314,-353631360,1491627500,-353654670,1491642150,0,-15.576183319091797,-5804,2.3225011825561523,-0.95058870315551758,-36.936965942382812,14451,109.09095001220703,-5.9227029851172119e-05,-0.96182692050933838,-5.9227029851172119e-05
78304499,78304499,78304,-353636331,1491625844,-30.221399307250977,-3.0449008941650391,-2.968163013458252,18994,-0.13882720470428467,1.0316798686981201,-353631360,1491627500,-353654670,1491642150,0,-15.378767967224121,-5772,2.3049607276916504,-0.93704617023468018,-38.617835998535156,14405,108.77032470703125,-5.9227029851172119e-05,-0.95058870315551758,-5.9227029851172119e-05
78404459,78404459,78404,-353636601,1491625816,-30.249628067016602,-2.0424354076385498,-3.0020096302032471,18800,-0.13984572887420654,1.0316630601882935,-353631360,1491627500,-353654670,1491642150,0,-15.16214656829834,-5736,2.2884728908538818,-0.92053681612014771,-40.214916229248047,14360,108.57014465332031,-5.9227029851172119e-05,-0.93704617023468018,-5.9227029851172119e-05
78504419,78504419,78504,-353636871,1491625799,-30.26399040222168,-0.99776321649551392,-3.0368735790252686,18600,-0.14160896837711334,1.0316319465637207,-353631360,1491627500,-353654670,1491642150,0,-14.922298431396484,-5695,2.2729487419128418,-0.90160071849822998,-41.723133087158203,14316,108.43382263183594,-5.9227029851172119e-05,-0.92053681612014771,-5.9227029851172119e-05
78604379,78604379,78604,-353637141,1491625793,-30.26109504699707,0.028030343353748322,-3.0709185600280762,18405,-0.14355908334255219,1.0316315889358521,-353631360,1491627500,-353654670,1491642150,0,-14.681371688842773,-5653,2.2584478855133057,-0.88221859931945801,-43.142478942871094,14273,108.3646240234375,-5.9227029851172119e-05,-0.90160071849822998,-5.9227029851172119e-05
78704339,78704339,78704,-353637411,1491625799,-30.240846633911133,1.0540475845336914,-3.1052083969116211,18209,-0.1443694531917572,1.0316046476364136,-353631360,1491627500,-353654670,1491642150,0,-14.429168701171875,-5607,2.2450776100158691,-0.86167418956756592,-44.464881896972656,14231,108.35782623291016,-5.9227029851172119e-05,-0.88221859931945801,-5.9227029851172119e-05
78805132,78805132,78805,-353637681,1491625815,-30.203582763671875,2.1041750907897949,-3.1399362087249756,18010,-0.14421525597572327,1.031588077545166,-353631360,1491627500,-353654670,1491642150,0,-14.156703948974609,-5556,2.2327463626861572,-0.83929234743118286,-45.706501007080078,14190,108.42076873779297,-5.9227029851172119e-05,-0.86167418956756592,-5.9227029851172119e-05
78905092,78905092,78905,-353637955,1491625843,-30.151809692382812,3.1530239582061768,3.1084487438201904,17810,-0.14439618587493896,1.0315631628036499,-353631360,1491627500,-353654670,1491642150,0,-13.873805999755859,-5502,2.2214875221252441,-0.81591236591339111,-46.871482849121094,14149,108.56198120117188,-5.9227029851172119e-05,-0.83929234743118286,-5.9227029851172119e-05
79005052,79005052,79005,-353638227,1491625884,-30.067224502563477,4.2225627899169922,3.0726113319396973,17604,-0.14287197589874268,1.0315494537353516,-353631360,1491627500,-353654670,1491642150,0,-13.55936336517334,-5440,2.2114849090576172,-0.79058295488357544,-47.921283721923828,14111,108.72690582275391,-5.9227029851172119e-05,-0.81591236591339111,-5.9227029851172119e-05
79105012,79105012,79105,-353638499,1491625936,-29.953561782836914,5.325904369354248,3.0359442234039307,17394,-0.14077571034431458,1.0315308570861816,-353631360,1491627500,-353654670,1491642150,0,-13.210644721984863,-5368,2.202625036239624,-0.7630012035369873,-48.882221221923828,14073,108.94565582275391,-5.9227029851172119e-05,-0.79058295488357544,-5.9227029851172119e-05
79204972,79204972,79204,-353638769,1491626001,-29.797866821289062,6.4485902786254883,2.9981453418731689,17178,-0.13717813789844513,1.0315015316009521,-353631360,1491627500,-353654670,1491642150,0,-12.823943138122559,-5285,2.1950008869171143,-0.73346728086471558,-49.727981567382812,14037,109.17588043212891,-5.9227029851172119e-05,-0.7630012035369873,-5.9227029851172119e-05
79304932,79304932,79304,-353639039,1491626078,-29.599323272705078,7.5939121246337891,2.9597620964050293,16958,-0.13296288251876831,1.031502366065979,-353631360,1491627500,-353654670,1491642150,0,-12.397993087768555,-5190,2.1884801387786865,-0.70197230577468872,-50.476791381835938,14002,109.42755889892578,-5.9227029851172119e-05,-0.73346728086471558,-5.9227029851172119e-05
79404892,79404892,79404,-353639305,1491626168,-29.36163330078125,8.7110233306884766,2.922987699508667,16747,-0.12801168859004974,1.031480073928833,-353631360,1491627500,-353654670,1491642150,0,-11.949081420898438,-5085,2.1832308769226074,-0.66995328664779663,-51.100273132324219,13969,109.67337036132812,-5.9227029851172119e-05,-0.70197230577468872,-5.9227029851172119e-05
79504852,79504852,79504,-353639570,1491626271,-29.089914321899414,9.8037233352661133,2.8856892585754395,16533,-0.12370844185352325,1.0314692258834839,-353631360,1491627500,-353654670,1491642150,0,-11.477828979492188,-4970,2.1791648864746094,-0.63736790418624878,-51.613651275634766,13938,109.92731475830078,-5.9227029851172119e-05,-0.66995328664779663,-5.9227029851172119e-05
79604812,79604812,79604,-353639832,1491626385,-28.781101226806641,10.858442306518555,2.8498973846435547,16328,-0.11899428814649582,1.0314366817474365,-353631360,1491627500,-353654670,1491642150,0,-10.989319801330566,-4845,2.1760571002960205,-0.60477030277252197,-52.022933959960938,13909,110.15579986572266,-5.9227029851172119e-05,-0.63736790418624878,-5.9227029851172119e-05
79704772,79704772,79704,-353640089,1491626510,-28.426374435424805,11.875055313110352,2.8147838115692139,16127,-0.11352178454399109,1.03143310546875,-353631360,1491627500,-353654670,1491642150,0,-10.479063987731934,-4708,2.1738178730010986,-0.57206284999847412,-52.317962646484375,13882,110.31970977783203,-5.9227029851172119e-05,-0.60477030277252197,-5.9227029851172119e-05
79804732,79804732,79804,-353640342,1491626645,-28.038303375244141,12.830387115478516,2.7810766696929932,15934,-0.10869935154914856,1.0314220190048218,-353631360,1491627500,-353654670,1491642150,0,-9.9630298614501953,-4562,2.1723010540008545,-0.5401337742805481,-52.511894226074219,13857,110.41786193847656,-5.9227029851172119e-05,-0.57206284999847412,-5.9227029851172119e-05
79904692,79904692,79904,-353640590,1491626790,-27.636489868164062,13.694578170776367,2.7491059303283691,15751,-0.10616384446620941,1.0314091444015503,-353631360,1491627500,-353654670,1491642150,0,-9.4602365493774414,-4413,2.1715545654296875,-0.50997680425643921,-52.599655151367188,13834,110.44989776611328,-5.9227029851172119e-05,-0.5401337742805481,-5.9227029851172119e-05
80004652,80004652,80004,-353640834,1491626944,-27.225549697875977,14.485608100891113,2.719677209854126,15582,-0.10383065789937973,1.0313935279846191,-353631360,1491627500,-353654670,1491642150,0,-8.9666051864624023,-4259,2.1715364456176758,-0.48109129071235657,-52.594394683837891,13813,110.43517303466797,-5.9227029851172119e-05,-0.50997680425643921,-5.9227029851172119e-05
80104612,80104612,80104,-353641075,1491627105,-26.818996429443359,15.18407154083252,2.6937398910522461,15433,-0.1012854278087616,1.031376838684082,-353631360,1491627500,-353654670,1491642150,0,-8.5002012252807617,-4106,2.1719744205474854,-0.45444649457931519,-52.517353057861328,13793,110.36264038085938,-5.9227029851172119e-05,-0.48109129071235657,-5.9227029851172119e-05
80204572,80204572,80204,-353641312,1491627274,-26.433404922485352,15.792338371276855,2.6704604625701904,15300,-0.10067179054021835,1.0313676595687866,-353631360,1491627500,-353654670,1491642150,0,-8.063359260559082,-3957,2.1731617450714111,-0.42989692091941833,-52.355373382568359,13775,110.26431274414062,-5.9227029851172119e-05,-0.45444649457931519,-5.9227029851172119e-05
80304532,80304532,80304,-353641545,1491627449,-26.083463668823242,16.302406311035156,2.6499216556549072,15182,-0.10244639962911606,1.0313576459884644,-353631360,1491627500,-353654670,1491642150,0,-7.6685442924499512,-3817,2.1749694347381592,-0.40801739692687988,-52.124610900878906,13759,110.14752960205078,-5.9227029851172119e-05,-0.42989692091941833,-5.9227029851172119e-05
80404492,80404492,80404,-353641776,1491627629,-25.754232406616211,16.742410659790039,2.630018949508667,15068,-0.10592683404684067,1.031349778175354,-353631360,1491627500,-353654670,1491642150,0,-7.3022665977478027,-3682,2.177152156829834,-0.3880062997341156,-51.843303680419922,13744,110.00035095214844,-5.9227029851172119e-05,-0.40801739692687988,-5.9227029851172119e-05
80504452,80504452,80504,-353642004,1491627813,-25.433952331542969,17.150871276855469,2.6111781597137451,14960,-0.10965891927480698,1.0313366651535034,-353631360,1491627500,-353654670,1491642150,0,-6.9426875114440918,-3545,2.1798210144042969,-0.36848264932632446,-51.514446258544922,13729,109.85158538818359,-5.9227029851172119e-05,-0.3880062997341156,-5.9227029851172119e-05
80604412,80604412,80604,-353642229,1491628002,-25.114957809448242,17.546768188476562,2.5918862819671631,14850,-0.11169832199811935,1.031319260597229,-353631360,1491627500,-353654670,1491642150,0,-6.5765066146850586,-3401,2.1831109523773193,-0.3486570417881012,-51.129966735839844,13716,109.71210479736328,-5.9227029851172119e-05,-0.36848264932632446,-5.9227029851172119e-05
80704372,80704372,80704,-353642452,1491628195,-24.783519744873047,17.956497192382812,2.5727429389953613,14740,-0.11192752420902252,1.0313122272491455,-353631360,1491627500,-353654670,1491642150,0,-6.1882667541503906,-3241,2.1869504451751709,-0.32763975858688354,-50.703014373779297,13703,109.59565734863281,-5.9227029851172119e-05,-0.3486570417881012,-5.9227029851172119e-05
80804332,80804332,80804,-353642672,1491628393,-24.459861755371094,18.349208831787109,2.5545973777770996,14636,-0.11121847480535507,1.0313057899475098,-353631360,1491627500,-353654670,1491642150,0,-5.7973904609680176,-3074,2.1914477348327637,-0.30653113126754761,-50.220436096191406,13692,109.49730682373047,-5.9227029851172119e-05,-0.32763975858688354,-5.9227029851172119e-05
80905125,80905125,80905,-353642889,1491628595,-24.122020721435547,18.75865364074707,2.5347650051116943,14523,-0.10835294425487518,1.0312999486923218,-353631360,1491627500,-353654670,1491642150,0,-5.3810181617736816,-2889,2.1965558528900146,-0.28406903147697449,-49.690315246582031,13682,109.42588806152344,-5.9227029851172119e-05,-0.30653113126754761,-5.9227029851172119e-05
81005085,81005085,81005,-353643105,1491628804,-23.790225982666016,19.163339614868164,2.5166785717010498,14419,-0.1044299378991127,1.0312943458557129,-353631360,1491627500,-353654670,1491642150,0,-4.9535670280456543,-2692,2.2024681568145752,-0.26103103160858154,-49.098567962646484,13674,109.39362335205078,-5.9227029851172119e-05,-0.28406903147697449,-5.9227029851172119e-05
81105045,81105045,81105,-353643319,1491629016,-23.497238159179688,19.530332565307617,2.5002508163452148,14325,-0.10131493210792542,1.031282901763916,-353631360,1491627500,-353654670,1491642150,0,-4.5479555130004883,-2499,2.2089545726776123,-0.23917464911937714,-48.472423553466797,13666,109.41387939453125,-5.9227029851172119e-05,-0.26103103160858154,-5.9227029851172119e-05
81205005,81205005,81205,-353643530,1491629233,-23.210786819458008,19.874568939208984,2.4828534126281738,14225,-0.098221853375434875,1.0312711000442505,-353631360,1491627500,-353654670,1491642150,0,-4.143669605255127,-2300,2.2159411907196045,-0.2175319492816925,-47.790660858154297,13660,109.42472839355469,-5.9227029851172119e-05,-0.23917464911937714,-5.9227029851172119e-05
81304965,81304965,81304,-353643739,1491629455,-22.949199676513672,20.194278717041016,2.4684009552001953,14142,-0.095196463167667389,1.0312541723251343,-353631360,1491627500,-353654670,1491642150,0,-3.7482395172119141,-2100,2.2235546112060547,-0.19640816748142242,-47.058349609375,13656,109.46781158447266,-5.9227029851172119e-05,-0.2175319492816925,-5.9227029851172119e-05
81404925,81404925,81404,-353643946,1491629680,-22.711126327514648,20.474620819091797,2.454686164855957,14064,-0.092827469110488892,1.0312545299530029,-353631360,1491627500,-353654670,1491642150,0,-3.3735654354095459,-1905,2.2314302921295166,-0.17650604248046875,-46.291641235351562,13652,109.49889373779297,-5.9227029851172119e-05,-0.19640816748142242,-5.9227029851172119e-05
81504885,81504885,81504,-353644152,1491629908,-22.502504348754883,20.721185684204102,2.4412784576416016,13987,-0.0913715660572052,1.0312557220458984,-353631360,1491627500,-353654670,1491642150,0,-3.0197627544403076,-1718,2.2396142482757568,-0.15776869654655457,-45.495620727539062,13649,109.54133605957031,-5.9227029851172119e-05,-0.17650604248046875,-5.9227029851172119e-05
81604845,81604845,81604,-353644355,1491630138,-22.318859100341797,20.940832138061523,2.4297842979431152,13921,-0.090967893600463867,1.0312457084655762,-353631360,1491627500,-353654670,1491642150,0,-2.681774377822876,-1535,2.2481212615966797,-0.13991740345954895,-44.668224334716797,13648,109.59514617919922,-5.9227029851172119e-05,-0.15776869654655457,-5.9227029851172119e-05
81704805,81704805,81704,-353644557,1491630371,-22.17547607421875,21.111307144165039,2.4205775260925293,13868,-0.091090947389602661,1.0312271118164062,-353631360,1491627500,-353654670,1491642150,0,-2.377920389175415,-1368,2.2568490505218506,-0.12392476201057434,-43.811504364013672,13647,109.64130401611328,-5.9227029851172119e-05,-0.13991740345954895,-5.9227029851172119e-05
81804765,81804765,81804,-353644758,1491630605,-22.051239013671875,21.252635955810547,2.411463737487793,13816,-0.091217584908008575,1.0312334299087524,-353631360,1491627500,-353654670,1491642150,0,-2.0939674377441406,-1210,2.2655994892120361,-0.10903486609458923,-42.941623687744141,13647,109.67011260986328,-5.9227029851172119e-05,-0.12392476201057434,-5.9227029851172119e-05
81904725,81904725,81904,-353644956,1491630839,-21.940744400024414,21.365434646606445,2.4029419422149658,13767,-0.090167857706546783,1.0312315225601196,-353631360,1491627500,-353654670,1491642150,0,-1.8278603553771973,-1060,2.2743422985076904,-0.095136106014251709,-42.0565185546875,13648,109.66697692871094,-5.9227029851172119e-05,-0.10903486609458923,-5.9227029851172119e-05
82004685,82004685,82004,-353645153,1491631074,-21.841035842895508,21.467874526977539,2.3940415382385254,13716,-0.089071884751319885,1.0312193632125854,-353631360,1491627500,-353654670,1491642150,0,-1.5686397552490234,-912,2.2831997871398926,-0.081610709428787231,-41.15826416015625,13650,109.66828918457031,-5.9227029851172119e-05,-0.095136106014251709,-5.9227029851172119e-05
82104645,82104645,82104,-353645348,1491631309,-21.757038116455078,21.546445846557617,2.3874828815460205,13679,-0.088837809860706329,1.0312142372131348,-353631360,1491627500,-353654670,1491642150,0,-1.3264049291610718,-773,2.2920610904693604,-0.068996638059616089,-40.249839782714844,13652,109.65177917480469,-5.9227029851172119e-05,-0.081610709428787231,-5.9227029851172119e-05
82204605,82204605,82204,-353645543,1491631545,-21.683504104614258,21.62115478515625,2.3802459239959717,13637,-0.087050199508666992,1.0312091112136841,-353631360,1491627500,-353654670,1491642150,0,-1.0883370637893677,-635,2.301037073135376,-0.056597262620925903,-39.333343505859375,13654,109.653564453125,-5.9227029851172119e-05,-0.068996638059616089,-5.9227029851172119e-05
82304565,82304565,82304,-353645736,1491631781,-21.607536315917969,21.689289093017578,2.3738551139831543,13601,-0.083220228552818298,1.0312180519104004,-353631360,1491627500,-353654670,1491642150,0,-0.85186994075775146,-498,2.3100073337554932,-0.04429897665977478,-38.406688690185547,13657,109.63381195068359,-5.9227029851172119e-05,-0.056597262620925903,-5.9227029851172119e-05
82404525,82404525,82404,-353645929,1491632018,-21.54279899597168,21.758432388305664,2.3688578605651855,13572,-0.077847890555858612,1.0312067270278931,-353631360,1491627500,-353654670,1491642150,0,-0.61704802513122559,-361,2.3191356658935547,-0.032079160213470459,-37.471965789794922,13661,109.64613342285156,-5.9227029851172119e-05,-0.04429897665977478,-5.9227029851172119e-05
82504485,82504485,82504,-353646122,1491632255,-21.499259948730469,21.803985595703125,2.3647294044494629,13548,-0.074423752725124359,1.0312072038650513,-353631360,1491627500,-353654670,1491642150,0,-0.40294307470321655,-235,2.3282127380371094,-0.020944952964782715,-36.537246704101562,13665,109.652587890625,-5.9227029851172119e-05,-0.032079160213470459,-5.9227029851172119e-05
82604445,82604445,82604,-353646314,1491632493,-21.471261978149414,21.835962295532227,2.360595703125,13525,-0.072832390666007996,1.0312000513076782,-353631360,1491627500,-353654670,1491642150,0,-0.19956967234611511,-116,2.3374016284942627,-0.010371983051300049,-35.589363098144531,13670,109.66384124755859,-5.9227029851172119e-05,-0.020944952964782715,-5.9227029851172119e-05
82704405,82704405,82704,-353646506,1491632732,-21.457632064819336,21.855831146240234,2.3566699028015137,13502,-0.074054606258869171,1.0312002897262573,-353631360,1491627500,-353654670,1491642150,0,-0.0066971108317375183,-3,2.3466534614562988,-0.00034800171852111816,-34.633399963378906,13675,109.68038177490234,-5.9227029851172119e-05,-0.010371983051300049,-5.9227029851172119e-05
82804365,82804365,82804,-353646698,1491632971,-21.454410552978516,21.874996185302734,2.3537521362304688,13486,-0.074094243347644806,1.0311980247497559,-353631360,1491627500,-353654670,1491642150,0,0.18206746876239777,106,2.3559455871582031,0.0094573795795440674,-33.677448272705078,13680,109.72129058837891,-5.9227029851172119e-05,-0.00034800171852111816,-5.9227029851172119e-05
82904325,82904325,82904,-353646890,1491633210,-21.463592529296875,21.885032653808594,2.3520269393920898,13476,-0.071346230804920197,1.0311909914016724,-353631360,1491627500,-353654670,1491642150,0,0.36115765571594238,211,2.3652253150939941,0.018752604722976685,-32.721481323242188,13686,109.76996612548828,-5.9227029851172119e-05,0.0094573795795440674,-5.9227029851172119e-05
83005118,83005118,83005,-353647083,1491633449,-21.49102783203125,21.871749877929688,2.3520441055297852,13476,-0.069145344197750092,1.0311992168426514,-353631360,1491627500,-353654670,1491642150,0,0.51952773332595825,303,2.3743836879730225,0.026968866586685181,-31.770606994628906,13692,109.80484771728516,-5.9227029851172119e-05,0.018752604722976685,-5.9227029851172119e-05
83105078,83105078,83105,-353647279,1491633692,-21.545570373535156,21.856960296630859,2.3504352569580078,13467,-0.06688062846660614,1.0311881303787231,-353631360,1491627500,-353654670,1491642150,0,0.67140114307403564,392,2.3838443756103516,0.034824013710021973,-30.802639007568359,13698,109.90410614013672,-5.9227029851172119e-05,0.026968866586685181,-5.9227029851172119e-05
83205038,83205038,83205,-353647474,1491633933,-21.60394287109375,21.842050552368164,2.349423885345459,13461,-0.065796345472335815,1.0311912298202515,-353631360,1491627500,-353654670,1491642150,0,0.81950092315673828,478,2.3931818008422852,0.042467713356018066,-29.845752716064453,13704,110.01298522949219,-5.9227029851172119e-05,0.034824013710021973,-5.9227029851172119e-05
83304998,83304998,83304,-353647671,1491634176,-21.667959213256836,21.822887420654297,2.3491289615631104,13459,-0.062323331832885742,1.0312037467956543,-353631360,1491627500,-353654670,1491642150,0,0.96398371458053589,562,2.4025418758392334,0.049909651279449463,-28.88287353515625,13710,110.1256103515625,-5.9227029851172119e-05,0.042467713356018066,-5.9227029851172119e-05
83404958,83404958,83404,-353647868,1491634417,-21.735164642333984,21.798982620239258,2.3490369319915771,13458,-0.060077909380197525,1.0312037467956543,-353631360,1491627500,-353654670,1491642150,0,1.1013168096542358,641,2.4116992950439453,0.056970745325088501,-27.936141967773438,13717,110.23466491699219,-5.9227029851172119e-05,0.049909651279449463,-5.9227029851172119e-05
83504918,83504918,83504,-353648066,1491634659,-21.819814682006836,21.769001007080078,2.3509109020233154,13469,-0.059116702526807785,1.0312002897262573,-353631360,1491627500,-353654670,1491642150,0,1.229913592338562,716,2.4209120273590088,0.063551649451255798,-26.986415863037109,13723,110.37305450439453,-5.9227029851172119e-05,0.056970745325088501,-5.9227029851172119e-05
83604878,83604878,83604,-353648264,1491634901,-21.903739929199219,21.729486465454102,2.3518414497375488,13475,-0.058090329170227051,1.0311957597732544,-353631360,1491627500,-353654670,1491642150,0,1.3527525663375854,786,2.4300251007080078,0.069837033748626709,-26.036674499511719,13730,110.48631286621094,-5.9227029851172119e-05,0.063551649451255798,-5.9227029851172119e-05
83704838,83704838,83704,-353648464,1491635142,-21.996164321899414,21.682323455810547,2.3551347255706787,13493,-0.056773856282234192,1.0312020778656006,-353631360,1491627500,-353654670,1491642150,0,1.464898943901062,850,2.4389371871948242,0.07555745542049408,-25.105194091796875,13736,110.60289764404297,-5.9227029851172119e-05,0.069837033748626709,-5.9227029851172119e-05
83804798,83804798,83804,-353648663,1491635382,-22.106184005737305,21.617219924926758,2.3578166961669922,13509,-0.056867249310016632,1.0312075614929199,-353631360,1491627500,-353654670,1491642150,0,1.560434103012085,905,2.447786808013916,0.080409541726112366,-24.176700592041016,13742,110.72069549560547,-5.9227029851172119e-05,0.07555745542049408,-5.9227029851172119e-05
83904758,83904758,83904,-353648863,1491635620,-22.210269927978516,21.546796798706055,2.3595013618469238,13518,-0.059374496340751648,1.0311951637268066,-353631360,1491627500,-353654670,1491642150,0,1.6505944728851318,957,2.4563524723052979,0.084996387362480164,-23.269432067871094,13747,110.81174468994141,-5.9227029851172119e-05,0.080409541726112366,-5.9227029851172119e-05
84004718,84004718,84004,-353649063,1491635857,-22.308965682983398,21.467563629150391,2.3614819049835205,13530,-0.060536645352840424,1.0312148332595825,-353631360,1491627500,-353654670,1491642150,0,1.7355806827545166,1005,2.4647505283355713,0.089338019490242004,-22.370262145996094,13753,110.86876678466797,-5.9227029851172119e-05,0.084996387362480164,-5.9227029851172119e-05
84104678,84104678,84104,-353649263,1491636092,-22.407354354858398,21.392606735229492,2.3635623455047607,13542,-0.059554010629653931,1.0311992168426514,-353631360,1491627500,-353654670,1491642150,0,1.8200365304946899,1053,2.4729979038238525,0.093639671802520752,-21.487251281738281,13758,110.93738555908203,-5.9227029851172119e-05,0.089338019490242004,-5.9227029851172119e-05
84204638,84204638,84204,-353649464,1491636326,-22.518033981323242,21.297834396362305,2.3680977821350098,13568,-0.055884551256895065,1.0312168598175049,-353631360,1491627500,-353654670,1491642150,0,1.8868268728256226,1090,2.4810752868652344,0.097039669752120972,-20.61737060546875,13762,110.99092102050781,-5.9227029851172119e-05,0.093639671802520752,-5.9227029851172119e-05
84304598,84304598,84304,-353649666,1491636559,-22.63762092590332,21.18022346496582,2.3718812465667725,13589,-0.05089573934674263,1.0312079191207886,-353631360,1491627500,-353654670,1491642150,0,1.9353114366531372,1117,2.4889631271362305,0.099520385265350342,-19.760665893554688,13766,111.01425933837891,-5.9227029851172119e-05,0.097039669752120972,-5.9227029851172119e-05
84404558,84404558,84404,-353649869,1491636790,-22.747175216674805,21.066547393798828,2.3761565685272217,13614,-0.047958835959434509,1.0312039852142334,-353631360,1491627500,-353654670,1491642150,0,1.985222339630127,1145,2.4966211318969727,0.10208678245544434,-18.925201416015625,13768,111.02406311035156,-5.9227029851172119e-05,0.099520385265350342,-5.9227029851172119e-05
84504518,84504518,84504,-353650072,1491637020,-22.858661651611328,20.954893112182617,2.3805794715881348,13639,-0.046517390757799149,1.0312224626541138,-353631360,1491627500,-353654670,1491642150,0,2.0342209339141846,1173,2.5042128562927246,0.10459412634372711,-18.097808837890625,13770,111.04673004150391,-5.9227029851172119e-05,0.10208678245544434,-5.9227029851172119e-05
84604478,84604478,84604,-353650277,1491637249,-22.965372085571289,20.849298477172852,2.3837418556213379,13657,-0.046880409121513367,1.0312209129333496,-353631360,1491627500,-353654670,1491642150,0,2.0848314762115479,1201,2.5116326808929443,0.1071796715259552,-17.288658142089844,13770,111.07418060302734,-5.9227029851172119e-05,0.10459412634372711,-5.9227029851172119e-05
84704438,84704438,84704,-353650483,1491637477,-23.069953918457031,20.752552032470703,2.3883025646209717,13683,-0.047632880508899689,1.031225323677063,-353631360,1491627500,-353654670,1491642150,0,2.1387660503387451,1231,2.5189452171325684,0.10991822183132172,-16.492652893066406,13769,111.11975860595703,-5.9227029851172119e-05,0.1071796715259552,-5.9227029851172119e-05
84804398,84804398,84804,-353650689,1491637704,-23.17857551574707,20.649456024169922,2.3931505680084229,13711,-0.050249487161636353,1.0312148332595825,-353631360,1491627500,-353654670,1491642150,0,2.1863822937011719,1258,2.526167631149292,0.11233139038085938,-15.704719543457031,13767,111.16332244873047,-5.9227029851172119e-05,0.10991822183132172,-5.9227029851172119e-05
84904358,84904358,84904,-353650897,1491637930,-23.285238265991211,20.553491592407227,2.396693229675293,13732,-0.054300285875797272,1.0312249660491943,-353631360,1491627500,-353654670,1491642150,0,2.2354018688201904,1285,2.5332286357879639,0.11480098962783813,-14.935035705566406,13763,111.22109985351562,-5.9227029851172119e-05,0.11233139038085938,-5.9227029851172119e-05
85004318,85004318,85004,-353651106,1491638155,-23.386720657348633,20.454145431518555,2.3999168872833252,13750,-0.055068682879209518,1.0312341451644897,-353631360,1491627500,-353654670,1491642150,0,2.2816660404205322,1311,2.5401337146759033,0.11714735627174377,-14.178504943847656,13757,111.25928497314453,-5.9227029851172119e-05,0.11480098962783813,-5.9227029851172119e-05
85105111,85105111,85105,-353651317,1491638381,-23.506856918334961,20.332309722900391,2.4050776958465576,13780,-0.052003573626279831,1.0312260389328003,-353631360,1491627500,-353654670,1491642150,0,2.3092162609100342,1326,2.5470094680786133,0.11852750182151794,-13.424057006835938,13749,111.29756927490234,-5.9227029851172119e-05,0.11714735627174377,-5.9227029851172119e-05
85205071,85205071,85205,-353651528,1491638604,-23.632953643798828,20.186716079711914,2.4122250080108643,13821,-0.047726653516292572,1.0312256813049316,-353654670,1491642150,-353650090,1491654820,0,-14.860182762145996,-5660,1.569915771484375,-0.86476302146911621,45.020538330078125,8380,111.30014801025391,-5.9227029851172119e-05,0.11852750182151794,-5.9227029851172119e-05
85305031,85305031,85305,-353651742,1491638826,-23.793313980102539,20.010757446289062,2.4157857894897461,13841,-0.042881596833467484,1.0312387943267822,-353654670,1491642150,-353650090,1491654820,0,-15.322943687438965,-5740,1.5405690670013428,-0.9017634391784668,42.026008605957031,8278,111.33080291748047,-5.9227029851172119e-05,-0.86476302146911621,-5.9227029851172119e-05
85404991,85404991,85404,-353651958,1491639048,-23.924619674682617,19.883428573608398,2.4090292453765869,13802,-0.040131423622369766,1.0312446355819702,-353654670,1491642150,-353650090,1491654820,0,-15.748957633972168,-5811,1.5112639665603638,-0.93691790103912354,39.011123657226562,8174,111.39908599853516,-5.9227029851172119e-05,-0.9017634391784668,-5.9227029851172119e-05
85504951,85504951,85504,-353652175,1491639269,-23.893680572509766,19.946832656860352,2.4014008045196533,13759,-0.042283304035663605,1.031232476234436,-353654670,1491642150,-353650090,1491654820,0,-16.062044143676758,-5861,1.4822750091552734,-0.96370482444763184,35.989738464355469,8067,111.45926666259766,-5.9227029851172119e-05,-0.93691790103912354,-5.9227029851172119e-05
85604911,85604911,85604,-353652390,1491639492,-23.717805862426758,20.169040679931641,2.4004476070404053,13753,-0.048699364066123962,1.0312490463256836,-353654670,1491642150,-353650090,1491654820,0,-16.279682159423828,-5896,1.4538037776947021,-0.98307681083679199,32.981353759765625,7958,111.49034881591797,-5.9227029851172119e-05,-0.96370482444763184,-5.9227029851172119e-05
85704871,85704871,85704,-353652605,1491639720,-23.464942932128906,20.477371215820312,2.40401291847229,13773,-0.057511348277330399,1.0312454700469971,-353654670,1491642150,-353650090,1491654820,0,-16.451841354370117,-5924,1.4254170656204224,-0.99866151809692383,29.954572677612305,7846,111.52494812011719,-5.9227029851172119e-05,-0.98307681083679199,-5.9227029851172119e-05
85804831,85804831,85804,-353652816,1491639950,-23.169906616210938,20.843996047973633,2.4049980640411377,13779,-0.064384058117866516,1.0312494039535522,-353654670,1491642150,-353650090,1491654820,0,-16.598520278930664,-5947,1.3974777460098267,-1.0115126371383667,26.961143493652344,7733,111.60486602783203,-5.9227029851172119e-05,-0.99866151809692383,-5.9227029851172119e-05
85904791,85904791,85904,-353653022,1491640184,-22.778556823730469,21.302780151367188,2.4001257419586182,13751,-0.066726073622703552,1.0312639474868774,-353654670,1491642150,-353650090,1491654820,0,-16.693153381347656,-5962,1.3701068162918091,-1.0195536613464355,24.003883361816406,7620,111.68264770507812,-5.9227029851172119e-05,-1.0115126371383667,-5.9227029851172119e-05
86004751,86004751,86004,-353653224,1491640423,-22.263587951660156,21.89463996887207,2.3878693580627441,13681,-0.064751178026199341,1.0312579870223999,-353654670,1491642150,-353650090,1491654820,0,-16.733543395996094,-5968,1.343040943145752,-1.0215084552764893,21.068933486938477,7505,111.81871032714844,-5.9227029851172119e-05,-1.0195536613464355,-5.9227029851172119e-05
86104711,86104711,86104,-353653420,1491640669,-21.550453186035156,22.692386627197266,2.3639702796936035,13544,-0.058450948446989059,1.0312652587890625,-353654670,1491642150,-353650090,1491654820,0,-16.693614959716797,-5961,1.316335916519165,-1.0140538215637207,18.16929817199707,7391,112.06636810302734,-5.9227029851172119e-05,-1.0215084552764893,-5.9227029851172119e-05
86204671,86204671,86204,-353653608,1491640925,-20.592308044433594,23.712041854858398,2.3299345970153809,13349,-0.044589821249246597,1.0312651395797729,-353654670,1491642150,-353650090,1491654820,0,-16.559633255004883,-5939,1.2900840044021606,-0.99581062793731689,15.314289093017578,7275,112.46259307861328,-5.9227029851172119e-05,-1.0140538215637207,-5.9227029851172119e-05
86304631,86304631,86304,-353653786,1491641193,-19.378828048706055,24.875667572021484,2.2836296558380127,13084,-0.027106495574116707,1.0312680006027222,-353654670,1491642150,-353650090,1491654820,0,-16.321510314941406,-5901,1.2645634412765503,-0.96805429458618164,12.516901969909668,7160,112.919677734375,-5.9227029851172119e-05,-0.99581062793731689,-5.9227029851172119e-05
86404591,86404591,86404,-353653951,1491641475,-17.811229705810547,26.151336669921875,2.2218937873840332,12730,-0.0086440155282616615,1.0312557220458984,-353654670,1491642150,-353650090,1491654820,0,-15.918094635009766,-5836,1.240263819694519,-0.92844939231872559,9.8003129959106445,7047,113.30482482910156,0.00011391031875973567,-0.96805429458618164,-5.9227029851172119e-05
86504551,86504551,86504,-353654100,1491641771,-15.896103858947754,27.385532379150391,2.1515266895294189,12327,0.010620191693305969,1.0312560796737671,-353654670,1491642150,-353650090,1491654820,0,-15.327123641967773,-5738,1.2172836065292358,-0.87943786382675171,7.1950507164001465,6935,113.39088439941406,0.00024085186305455863,-0.92844939231872559,0.00011391031875973567
86604511,86604511,86604,-353654231,1491642079,-13.791555404663086,28.393951416015625,2.080726146697998,11921,0.027336439117789268,1.0312486886978149,-353654670,1491642150,-353650090,1491654820,0,-14.59882926940918,-5611,1.1957172155380249,-0.82723891735076904,4.7288269996643066,6827,113.03804779052734,0.00032451067818328738,-0.87943786382675171,0.00024085186305455863
86704471,86704471,86704,-353654342,1491642397,-11.826531410217285,29.052473068237305,2.0192379951477051,11569,0.037839319556951523,1.0312633514404297,-353654670,1491642150,-353650090,1491654820,0,-13.886533737182617,-5478,1.1755436658859253,-0.78184318542480469,2.4293527603149414,6723,112.32620239257812,0.00036775207263417542,-0.82723891735076904,0.00032451067818328738
86804431,86804431,86804,-353654438,1491642720,-10.226738929748535,29.441816329956055,1.9717255830764771,11297,0.041465185582637787,1.0312589406967163,-353654670,1491642150,-353650090,1491654820,0,-13.331744194030762,-5368,1.1562856435775757,-0.74882650375366211,0.26413750648498535,6622,111.61003112792969,0.00037248339504003525,-0.78184318542480469,0.00036775207263417542
86904391,86904391,86904,-353654522,1491643047,-9.1158876419067383,29.60127067565918,1.9418399333953857,11125,0.03565622866153717,1.0312758684158325,-353654670,1491642150,-353650090,1491654820,0,-13.004340171813965,-5299,1.1377143859863281,-0.73182177543640137,-1.7936704158782959,6522,110.91435241699219,0.00034015157143585384,-0.74882650375366211,0.00037248339504003525
87004351,87004351,87004,-353654598,1491643373,-8.5165777206420898,29.576267242431641,1.9272081851959229,11042,0.018812673166394234,1.0312845706939697,-353654670,1491642150,-353650090,1491654820,0,-12.918169975280762,-5280,1.1196389198303223,-0.731525719165802,-3.7663850784301758,6422,110.21573638916016,0.00027181991026736796,-0.73182177543640137,0.00034015157143585384
87104311,87104311,87104,-353654672,1491643699,-8.2638387680053711,29.427865982055664,1.9229594469070435,11017,-0.0045572672970592976,1.0312874317169189,-353654670,1491642150,-353650090,1491654820,0,-12.994060516357422,-5295,1.1014436483383179,-0.7431187629699707,-5.7187457084655762,6320,109.45701599121094,0.00016732113726902753,-0.731525719165802,0.00027181991026736796
87205104,87205104,87205,-353654745,1491644025,-8.2581443786621094,29.188798904418945,1.9265680313110352,11038,-0.03332187607884407,1.0312932729721069,-353654670,1491642150,-353650090,1491654820,0,-13.17924976348877,-5336,1.0829893350601196,-0.76352286338806152,-7.6609287261962891,6213,108.62749481201172,2.6154419174417853e-05,-0.7431187629699707,0.00016732113726902753
87305064,87305064,87305,-353654820,1491644348,-8.4005813598632812,28.903726577758789,1.9335185289382935,11078,-0.065915115177631378,1.0312908887863159,-353654670,1491642150,-353650090,1491654820,0,-13.425978660583496,-5391,1.0642740726470947,-0.78937005996704102,-9.6124296188354492,6102,107.78681182861328,2.6154419174417853e-05,-0.76352286338806152,2.6154419174417853e-05
87405024,87405024,87405,-353654896,1491644668,-8.5393667221069336,28.614791870117188,1.9390997886657715,11110,-0.096876099705696106,1.0312956571578979,-353654670,1491642150,-353650090,1491654820,0,-13.661558151245117,-5445,1.0452288389205933,-0.81557869911193848,-11.563072204589844,5987,106.93470764160156,2.6154419174417853e-05,-0.78937005996704102,2.6154419174417853e-05
87504984,87504984,87504,-353654974,1491644986,-8.5339765548706055,28.397241592407227,1.937511682510376,11101,-0.12161630392074585,1.0312932729721069,-353654670,1491642150,-353650090,1491654820,0,-13.834639549255371,-5486,1.0258349180221558,-0.83689641952514648,-13.526708602905273,5866,106.18286895751953,2.6154419174417853e-05,-0.81557869911193848,2.6154419174417853e-05
87604944,87604944,87604,-353655050,1491645302,-8.2578210830688477,28.308095932006836,1.9261034727096558,11035,-0.13738276064395905,1.0312721729278564,-353654670,1491642150,-353650090,1491654820,0,-13.895362854003906,-5504,1.0066123008728027,-0.84802031517028809,-15.462635040283203,5742,105.59599304199219,2.6154419174417853e-05,-0.83689641952514648,2.6154419174417853e-05
87704904,87704904,87704,-353655123,1491645618,-7.7130975723266602,28.368255615234375,1.9042667150497437,10910,-0.1449199765920639,1.0312703847885132,-353654670,1491642150,-353650090,1491654820,0,-13.858089447021484,-5499,0.98783612251281738,-0.84843456745147705,-17.368030548095703,5615,105.2742919921875,2.6154419174417853e-05,-0.84802031517028809,2.6154419174417853e-05
87804864,87804864,87804,-353655189,1491645935,-6.8649373054504395,28.563730239868164,1.8713468313217163,10722,-0.14419923722743988,1.0312459468841553,-353654670,1491642150,-353650090,1491654820,0,-13.703829765319824,-5469,0.96997600793838501,-0.8366844654083252,-19.205865859985352,5487,105.19899749755859,2.6154419174417853e-05,-0.84843456745147705,2.6154419174417853e-05
87904824,87904824,87904,-353655246,1491646256,-5.7419424057006836,28.864395141601562,1.8300939798355103,10485,-0.13775129616260529,1.0312334299087524,-353654670,1491642150,-353650090,1491654820,0,-13.442361831665039,-5414,0.95328807830810547,-0.81387311220169067,-20.966827392578125,5357,105.38832855224609,2.6154419174417853e-05,-0.8366844654083252,2.6154419174417853e-05
88004784,88004784,88004,-353655293,1491646579,-4.4555215835571289,29.190433502197266,1.7847588062286377,10225,-0.12771908938884735,1.0311989784240723,-353654670,1491642150,-353650090,1491654820,0,-13.106135368347168,-5341,0.9378587007522583,-0.7844049334526062,-22.633373260498047,5225,105.74120330810547,2.6154419174417853e-05,-0.81387311220169067,2.6154419174417853e-05
88104744,88104744,88104,-353655326,1491646904,-3.0626900196075439,29.500125885009766,1.7361688613891602,9947,-0.11613066494464874,1.0312011241912842,-353654670,1491642150,-353650090,1491654820,0,-12.70523738861084,-5252,0.9240376353263855,-0.75020766258239746,-24.164806365966797,5096,106.20734405517578,2.6154419174417853e-05,-0.7844049334526062,2.6154419174417853e-05
88204704,88204704,88204,-353655347,1491647231,-1.5667924880981445,29.765142440795898,1.6846603155136108,9652,-0.10242551565170288,1.0311722755432129,-353654670,1491642150,-353650090,1491654820,0,-12.233572006225586,-5143,0.91154658794403076,-0.71183967590332031,-25.581470489501953,4966,106.73613739013672,2.6154419174417853e-05,-0.75020766258239746,2.6154419174417853e-05
88304664,88304664,88304,-353655353,1491647560,-0.06937088817358017,29.954311370849609,1.6356698274612427,9371,-0.089493528008460999,1.0311603546142578,-353654670,1491642150,-353650090,1491654820,0,-11.725374221801758,-5020,0.900543212890625,-0.67256903648376465,-26.85284423828125,4837,107.26627349853516,2.6154419174417853e-05,-0.71183967590332031,2.6154419174417853e-05
88404624,88404624,88404,-353655346,1491647890,1.3589408397674561,30.06048583984375,1.5890684127807617,9104,-0.07760920375585556,1.0311449766159058,-353654670,1491642150,-353650090,1491654820,0,-11.213107109069824,-4891,0.89075231552124023,-0.63486790657043457,-27.995594024658203,4708,107.75613403320312,2.6154419174417853e-05,-0.67256903648376465,2.6154419174417853e-05
88504584,88504584,88504,-353655327,1491648220,2.6879844665527344,30.084053039550781,1.5466862916946411,8861,-0.0678529292345047,1.0311499834060669,-353654670,1491642150,-353650090,1491654820,0,-10.711050987243652,-4758,0.8819739818572998,-0.59970980882644653,-29.016223907470703,4579,108.15975952148438,2.6154419174417853e-05,-0.63486790657043457,2.6154419174417853e-05
88604544,88604544,88604,-353655298,1491648550,3.8395237922668457,30.043352127075195,1.5106289386749268,8655,-0.062682732939720154,1.0311367511749268,-353654670,1491642150,-353650090,1491654820,0,-10.265281677246094,-4636,0.87394118309020996,-0.56974470615386963,-29.935085296630859,4447,108.45985412597656,2.6154419174417853e-05,-0.59970980882644653,2.6154419174417853e-05
88704504,88704504,88704,-353655258,1491648879,4.7793307304382324,29.965021133422852,1.4817183017730713,8489,-0.06186574324965477,1.0311317443847656,-353654670,1491642150,-353650090,1491654820,0,-9.8979120254516602,-4532,0.86677348613739014,-0.54585802555084229,-30.738317489624023,4315,108.66063690185547,2.6154419174417853e-05,-0.56974470615386963,2.6154419174417853e-05
88804464,88804464,88804,-353655211,1491649207,5.5354804992675781,29.868825912475586,1.4577722549438477,8352,-0.064968273043632507,1.0311292409896851,-353654670,1491642150,-353650090,1491654820,0,-9.6067037582397461,-4447,0.86011326313018799,-0.5274357795715332,-31.466640472412109,4179,108.78117370605469,2.6154419174417853e-05,-0.54585802555084229,2.6154419174417853e-05
88904424,88904424,88904,-353655158,1491649534,6.1241335868835449,29.760641098022461,1.437879204750061,8238,-0.072956740856170654,1.0311164855957031,-353654670,1491642150,-353650090,1491654820,0,-9.3871135711669922,-4382,0.85380357503890991,-0.5140460729598999,-32.130222320556641,4039,108.80547332763672,2.6154419174417853e-05,-0.5274357795715332,2.6154419174417853e-05
89004384,89004384,89004,-353655100,1491649861,6.594627857208252,29.655342102050781,1.4224809408187866,8150,-0.083495654165744781,1.0311002731323242,-353654670,1491642150,-353650090,1491654820,0,-9.2203435897827148,-4333,0.84785765409469604,-0.50412344932556152,-32.742916107177734,3891,108.7894287109375,2.6154419174417853e-05,-0.5140460729598999,2.6154419174417853e-05
89104344,89104344,89104,-353655039,1491650186,6.9455375671386719,29.543802261352539,1.4103877544403076,8080,-0.095454141497612,1.0310952663421631,-353654670,1491642150,-353650090,1491654820,0,-9.1071243286132812,-4301,0.84198892116546631,-0.49790745973587036,-33.317726135253906,3737,108.68023681640625,2.6154419174417853e-05,-0.50412344932556152,2.6154419174417853e-05
89205137,89205137,89205,-353654975,1491650510,7.2866830825805664,29.427997589111328,1.3972594738006592,8005,-0.10599161684513092,1.0310865640640259,-353654670,1491642150,-353650090,1491654820,0,-8.992645263671875,-4268,0.83640676736831665,-0.49166107177734375,-33.858325958251953,3574,108.563720703125,2.6154419174417853e-05,-0.49790745973587036,2.6154419174417853e-05
89305097,89305097,89305,-353654907,1491650838,7.6846661567687988,29.31208610534668,1.3817404508590698,7916,-0.11514201760292053,1.0310795307159424,-353654670,1491642150,-353650090,1491654820,0,-8.8451442718505859,-4223,0.83125913143157959,-0.48314031958580017,-34.372936248779297,3399,108.51348876953125,2.6154419174417853e-05,-0.49166107177734375,2.6154419174417853e-05
89405057,89405057,89405,-353654836,1491651162,8.1150674819946289,29.180408477783203,1.3651061058044434,7821,-0.12257181853055954,1.0310759544372559,-353654670,1491642150,-353650090,1491654820,0,-8.6698274612426758,-4169,0.82652878761291504,-0.47302168607711792,-34.842296600341797,3215,108.46018218994141,2.6154419174417853e-05,-0.48314031958580017,2.6154419174417853e-05
89505017,89505017,89505,-353654760,1491651486,8.6241855621337891,29.037580490112305,1.3467226028442383,7716,-0.1254403293132782,1.031069278717041,-353654670,1491642150,-353650090,1491654820,0,-8.4426822662353516,-4094,0.82249045372009277,-0.45960289239883423,-35.260776519775391,3021,108.47242736816406,2.6154419174417853e-05,-0.47302168607711792,2.6154419174417853e-05
89604977,89604977,89604,-353654680,1491651808,9.2236776351928711,28.876605987548828,1.3247966766357422,7590,-0.12583491206169128,1.0310491323471069,-353654670,1491642150,-353650090,1491654820,0,-8.1555728912353516,-3997,0.81913799047470093,-0.44248437881469727,-35.631183624267578,2815,108.55378723144531,2.6154419174417853e-05,-0.45960289239883423,2.6154419174417853e-05
89704937,89704937,89704,-353654593,1491652129,9.865910530090332,28.704208374023438,1.3027403354644775,7464,-0.12485726177692413,1.0310394763946533,-353654670,1491642150,-353650090,1491654820,0,-7.8292412757873535,-3882,0.81669914722442627,-0.42303729057312012,-35.926677703857422,2599,108.69150543212891,2.6154419174417853e-05,-0.44248437881469727,2.6154419174417853e-05
89804897,89804897,89804,-353654501,1491652447,10.50266170501709,28.526552200317383,1.2818739414215088,7344,-0.12353262305259705,1.0310289859771729,-353654670,1491642150,-353650090,1491654820,0,-7.4918317794799805,-3758,0.81495648622512817,-0.40306925773620605,-36.160259246826172,2369,108.85669708251953,2.6154419174417853e-05,-0.42303729057312012,2.6154419174417853e-05
89904857,89904857,89904,-353654403,1491652764,11.135834693908691,28.347698211669922,1.2599310874938965,7218,-0.12144942581653595,1.0310016870498657,-353654670,1491642150,-353650090,1491654820,0,-7.1424903869628906,-3626,0.81398558616638184,-0.38250041007995605,-36.329097747802734,2125,109.06433868408203,2.6154419174417853e-05,-0.40306925773620605,2.6154419174417853e-05
90004817,90004817,90004,-353654300,1491653078,11.772063255310059,28.151409149169922,1.2380619049072266,7093,-0.11848311126232147,1.0310016870498657,-353654670,1491642150,-353650090,1491654820,0,-6.7739219665527344,-3482,0.8136095404624939,-0.36111578345298767,-36.436008453369141,1865,109.26899719238281,2.6154419174417853e-05,-0.38250041007995605,2.6154419174417853e-05
90104777,90104777,90104,-353654191,1491653387,12.37519359588623,27.946163177490234,1.2175949811935425,6976,-0.1146225780248642,1.0309879779815674,-353654670,1491642150,-353650090,1491654820,0,-6.4042820930480957,-3331,0.81392127275466919,-0.34000584483146667,-36.463474273681641,1591,109.44783020019531,2.6154419174417853e-05,-0.36111578345298767,2.6154419174417853e-05
90204737,90204737,90204,-353654078,1491653693,12.918248176574707,27.74113655090332,1.1982959508895874,6865,-0.11145421862602234,1.0309818983078003,-353654670,1491642150,-353650090,1491654820,0,-6.0555000305175781,-3185,0.81459379196166992,-0.32039317488670349,-36.439197540283203,1298,109.58355712890625,2.6154419174417853e-05,-0.34000584483146667,2.6154419174417853e-05
90304697,90304697,90304,-353653960,1491653997,13.403861999511719,27.539678573608398,1.1798381805419922,6759,-0.11119283735752106,1.0309684276580811,-353654670,1491642150,-353650090,1491654820,0,-5.7263522148132324,-3043,0.81570076942443848,-0.3021356463432312,-36.356674194335938,984,109.67980194091797,2.6154419174417853e-05,-0.32039317488670349,2.6154419174417853e-05
90404657,90404657,90404,-353653839,1491654297,13.791115760803223,27.353021621704102,1.1644505262374878,6671,-0.11431004852056503,1.0309510231018066,-353654670,1491642150,-353650090,1491654820,0,-5.4450197219848633,-2920,0.81698846817016602,-0.28681400418281555,-36.228900909423828,649,109.69647216796875,2.6154419174417853e-05,-0.3021356463432312,2.6154419174417853e-05
90504617,90504617,90504,-353653714,1491654595,14.114266395568848,27.174423217773438,1.1507843732833862,6593,-0.1178499311208725,1.0309354066848755,-353650090,1491654820,-353608940,1491649384,0,-17.489797592163086,-6089,-0.049215793609619141,-1.1409687995910645,6.3517775535583496,35458,109.65433502197266,0.00014202386955730617,-0.28681400418281555,2.6154419174417853e-05
90604577,90604577,90604,-353653588,1491654892,14.30205249786377,26.984197616577148,1.1377503871917725,6518,-0.12878009676933289,1.0309226512908936,-353650090,1491654820,-353609069,1491649401,0,-17.579647064208984,-6104,-0.074909210205078125,-1.1583347320556641,3.5209708213806152,35426,109.36356353759766,0.00020639944705180824,-1.1409687995910645,0.00014202386955730617
90704537,90704537,90704,-353653460,1491655185,14.347625732421875,26.752048492431641,1.1206071376800537,6420,-0.15099987387657166,1.0309265851974487,-353650090,1491654820,-353609184,1491649416,0,-17.628026962280273,-6119,-0.10044050216674805,-1.1789580583572388,0.72399163246154785,35393,108.70677185058594,0.00021971430396661162,-1.1583347320556641,0.00020639944705180824
90804497,90804497,90804,-353653333,1491655476,14.413207054138184,26.382528305053711,1.1081945896148682,6349,-0.17772038280963898,1.0308985710144043,-353650090,1491654820,-353609280,1491649429,0,-17.584745407104492,-6123,-0.12621402740478516,-1.1969996690750122,-2.0541207790374756,35361,107.65486145019531,0.00018156602163799107,-1.1789580583572388,0.00021971430396661162
90904457,90904457,90904,-353653204,1491655762,14.484598159790039,25.868391036987305,1.1054422855377197,6333,-0.20029093325138092,1.0308982133865356,-353650090,1491654820,-353609359,1491649439,0,-17.446521759033203,-6115,-0.15235376358032227,-1.2127120494842529,-4.7889471054077148,35329,106.16748046875,9.1356552729848772e-05,-1.1969996690750122,0.00018156602163799107
91004417,91004417,91004,-353653075,1491656041,14.54481029510498,25.257120132446289,1.1064460277557373,6339,-0.21454675495624542,1.0308729410171509,-353650090,1491654820,-353609419,1491649447,0,-17.242574691772461,-6093,-0.17891931533813477,-1.2272278070449829,-7.4609613418579102,35298,104.37046813964844,-5.1678995077963918e-05,-1.2127120494842529,9.1356552729848772e-05
91104377,91104377,91104,-353652945,1491656314,14.779671669006348,24.586843490600586,1.095054030418396,6274,-0.21675796806812286,1.0308456420898438,-353650090,1491654820,-353609461,1491649453,0,-17.019134521484375,-6063,-0.20564746856689453,-1.2352004051208496,-10.080258369445801,35267,102.72823333740234,-5.1678995077963918e-05,-1.2272278070449829,-5.1678995077963918e-05
91204337,91204337,91204,-353652811,1491656578,15.49747371673584,23.770029067993164,1.0586706399917603,6065,-0.20706027746200562,1.030820369720459,-353650090,1491654820,-353609490,1491649456,0,-16.773387908935547,-6022,-0.23192071914672852,-1.2249542474746704,-12.622262001037598,35236,101.61335754394531,-5.1678995077963918e-05,-1.2352004051208496,-5.1678995077963918e-05
91305130,91305130,91305,-353652668,1491656833,16.771167755126953,22.695606231689453,0.99604624509811401,5706,-0.19068832695484161,1.0307928323745728,-353650090,1491654820,-353609509,1491649459,0,-16.472160339355469,-5969,-0.25730180740356445,-1.1916995048522949,-15.094612121582031,35207,101.05506896972656,-5.1678995077963918e-05,-1.2249542474746704,-5.1678995077963918e-05
91405090,91405090,91405,-353652509,1491657075,18.416418075561523,21.259876251220703,0.91562914848327637,5246,-0.17012038826942444,1.0307742357254028,-353650090,1491654820,-353609526,1491649461,0,-16.048059463500977,-5894,-0.28168439865112305,-1.1386266946792603,-17.468255996704102,35178,100.72359466552734,-5.1678995077963918e-05,-1.1916995048522949,-5.1678995077963918e-05
91505050,91505050,91505,-353652334,1491657300,20.089563369750977,19.600873947143555,0.83126538991928101,4762,-0.14955544471740723,1.0307426452636719,-353650090,1491654820,-353609544,1491649463,0,-15.535496711730957,-5802,-0.30473756790161133,-1.0778241157531738,-19.707487106323242,35151,100.50935363769531,-5.1678995077963918e-05,-1.1386266946792603,-5.1678995077963918e-05
91605010,91605010,91605,-353652145,1491657506,21.582561492919922,17.928903579711914,0.75370502471923828,4318,-0.13145270943641663,1.0307267904281616,-353650090,1491654820,-353609561,1491649466,0,-15.014646530151367,-5707,-0.32599973678588867,-1.0191893577575684,-21.792530059814453,35125,100.47539520263672,-5.1678995077963918e-05,-1.0778241157531738,-5.1678995077963918e-05
91704970,91704970,91704,-353651943,1491657694,22.828723907470703,16.425491333007812,0.68786752223968506,3941,-0.1193116158246994,1.030705451965332,-353650090,1491654820,-353609577,1491649468,0,-14.565641403198242,-5623,-0.34523344039916992,-0.96893346309661865,-23.730144500732422,35100,100.71089935302734,-5.1678995077963918e-05,-1.0191893577575684,-5.1678995077963918e-05
91804930,91804930,91804,-353651731,1491657868,23.827608108520508,15.216717720031738,0.63771873712539673,3653,-0.11431851983070374,1.030676007270813,-353650090,1491654820,-353609586,1491649469,0,-14.248990058898926,-5563,-0.3625335693359375,-0.93086493015289307,-25.553308486938477,35077,101.24148559570312,-5.1678995077963918e-05,-0.96893346309661865,-5.1678995077963918e-05
91904890,91904890,91904,-353651509,1491658030,24.660032272338867,14.332612991333008,0.6001402735710144,3438,-0.1154901459813118,1.0306757688522339,-353650090,1491654820,-353609587,1491649469,0,-14.08527660369873,-5533,-0.3777461051940918,-0.90423369407653809,-27.280122756958008,35054,102.13919067382812,-5.1678995077963918e-05,-0.93086493015289307,-5.1678995077963918e-05
92004850,92004850,92004,-353651282,1491658184,25.406471252441406,13.673295021057129,0.56993699073791504,3265,-0.12180188298225403,1.030663013458252,-353650090,1491654820,-353609574,1491649467,0,-14.02996826171875,-5524,-0.39129018783569336,-0.88501441478729248,-28.940662384033203,35033,103.31923675537109,-5.1678995077963918e-05,-0.90423369407653809,-5.1678995077963918e-05
92104810,92104810,92104,-353651047,1491658332,26.077079772949219,13.13255786895752,0.54441899061203003,3119,-0.12949645519256592,1.0306363105773926,-353650090,1491654820,-353609545,1491649464,0,-14.027407646179199,-5526,-0.40395212173461914,-0.8704797625541687,-30.556924819946289,35012,104.55488586425781,-5.1678995077963918e-05,-0.88501441478729248,-5.1678995077963918e-05
92204770,92204770,92204,-353650807,1491658475,26.70448112487793,12.653454780578613,0.5217278003692627,2989,-0.13858766853809357,1.0306313037872314,-353650090,1491654820,-353609500,1491649458,0,-14.051580429077148,-5534,-0.41590166091918945,-0.85839712619781494,-32.133735656738281,34991,105.82037353515625,-5.1678995077963918e-05,-0.8704797625541687,-5.1678995077963918e-05
92304730,92304730,92304,-353650564,1491658611,27.272768020629883,12.179607391357422,0.4992365837097168,2860,-0.14682288467884064,1.0306060314178467,-353650090,1491654820,-353609438,1491649449,0,-14.067635536193848,-5540,-0.42743062973022461,-0.84744071960449219,-33.65081787109375,34970,106.95986175537109,-5.1678995077963918e-05,-0.85839712619781494,-5.1678995077963918e-05
92404690,92404690,92404,-353650316,1491658742,27.862678527832031,11.619931221008301,0.47204196453094482,2704,-0.15206433832645416,1.0305891036987305,-353650090,1491654820,-353609360,1491649439,0,-14.041200637817383,-5538,-0.43833827972412109,-0.83344972133636475,-35.128959655761719,34951,108.10498046875,-5.1678995077963918e-05,-0.84744071960449219,-5.1678995077963918e-05
92504650,92504650,92504,-353650063,1491658866,28.482692718505859,10.874444007873535,0.43912100791931152,2515,-0.15307286381721497,1.0305620431900024,-353650090,1491654820,-353609267,1491649427,0,-13.920049667358398,-5515,-0.44873857498168945,-0.8134499192237854,-36.549846649169922,34931,109.17707061767578,-5.1678995077963918e-05,-0.83344972133636475,-5.1678995077963918e-05
92604610,92604610,92604,-353649805,1491658980,29.157199859619141,9.9172487258911133,0.39884892106056213,2285,-0.14824545383453369,1.0305488109588623,-353650090,1491654820,-353609163,1491649413,0,-13.689940452575684,-5468,-0.45804834365844727,-0.78590363264083862,-37.886398315429688,34913,110.28590393066406,-5.1678995077963918e-05,-0.8134499192237854,-5.1678995077963918e-05
92704570,92704570,92704,-353649541,1491659082,29.851289749145508,8.6533670425415039,0.34960493445396423,2003,-0.13671499490737915,1.0305353403091431,-353650090,1491654820,-353609049,1491649398,0,-13.292688369750977,-5383,-0.46655416488647461,-0.74870306253433228,-39.121822357177734,34896,111.29785919189453,-5.1678995077963918e-05,-0.78590363264083862,-5.1678995077963918e-05
92804530,92804530,92804,-353649271,1491659168,30.549270629882812,7.1031832695007324,0.29323938488960266,1680,-0.11895111203193665,1.0305100679397583,-353650090,1491654820,-353608929,1491649382,0,-12.726540565490723,-5257,-0.47361087799072266,-0.70206725597381592,-40.219997406005859,34881,112.31478118896484,-5.1678995077963918e-05,-0.74870306253433228,-5.1678995077963918e-05
92904490,92904490,92904,-353648996,1491659236,31.147586822509766,5.3137845993041992,0.23263841867446899,1332,-0.096403218805789948,1.0305010080337524,-353650090,1491654820,-353608805,1491649366,0,-11.993854522705078,-5085,-0.4796905517578125,-0.64866381883621216,-41.161609649658203,34868,113.15058898925781,-5.1678995077963918e-05,-0.70206725597381592,-5.1678995077963918e-05
93004450,93004450,93004,-353648715,1491659282,31.615020751953125,3.3876810073852539,0.17009304463863373,974,-0.071320690214633942,1.0304844379425049,-353650090,1491654820,-353608680,1491649349,0,-11.133058547973633,-4869,-0.48434209823608398,-0.59108877182006836,-41.911956787109375,34856,113.86106872558594,-5.1678995077963918e-05,-0.64866381883621216,-5.1678995077963918e-05
93104410,93104410,93104,-353648431,1491659307,31.901712417602539,1.4628539085388184,0.11106828600168228,636,-0.048525366932153702,1.0304670333862305,-353650090,1491654820,-353608553,1491649333,0,-10.208309173583984,-4618,-0.48790836334228516,-0.53373146057128906,-42.476055145263672,34847,114.35964202880859,-5.1678995077963918e-05,-0.59108877182006836,-5.1678995077963918e-05
93204370,93204370,93204,-353648146,1491659313,32.042057037353516,-0.16829840838909149,0.06439758837223053,368,-0.034801635891199112,1.0304501056671143,-353650090,1491654820,-353608424,1491649315,0,-9.3867940902709961,-4376,-0.49029016494750977,-0.48503762483596802,-42.870338439941406,34840,114.74375915527344,-5.1678995077963918e-05,-0.53373146057128906,-5.1678995077963918e-05
93304330,93304330,93304,-353647859,1491659303,32.07684326171875,-1.3474984169006348,0.032983094453811646,188,-0.030513165518641472,1.0304539203643799,-353650090,1491654820,-353608289,1491649298,0,-8.7717790603637695,-4182,-0.49184846878051758,-0.44986489415168762,-43.122020721435547,34835,114.96804809570312,-5.1678995077963918e-05,-0.48503762483596802,-5.1678995077963918e-05
93405123,93405123,93405,-353647573,1491659283,32.108623504638672,-2.0868809223175049,0.013846139423549175,79,-0.034303102642297745,1.0304547548294067,-353650090,1491654820,-353608148,1491649279,0,-8.3830375671386719,-4054,-0.49246406555175781,-0.42756113409996033,-43.282684326171875,34831,115.22315216064453,-5.1678995077963918e-05,-0.44986489415168762,-5.1678995077963918e-05
93505083,93505083,93505,-353647281,1491659257,32.136249542236328,-2.4555423259735107,0.0051027089357376099,29,-0.049102619290351868,1.0304583311080933,-353650090,1491654820,-353607993,1491649259,0,-8.1941061019897461,-3991,-0.49284076690673828,-0.41657862067222595,-43.395973205566406,34828,115.41493225097656,-5.1678995077963918e-05,-0.42756113409996033,-5.1678995077963918e-05
93605043,93605043,93605,-353646991,1491659230,32.105587005615234,-2.5363867282867432,0.0021284851245582104,12,-0.071060888469219208,1.0304540395736694,-353650090,1491654820,-353607827,1491649237,0,-8.1636428833007812,-3984,-0.49410438537597656,-0.4152667224407196,-43.498096466064453,34825,115.32788848876953,-5.1678995077963918e-05,-0.41657862067222595,-5.1678995077963918e-05
93705003,93705003,93705,-353646700,1491659203,31.992143630981445,-2.5349862575531006,-0.0016236379742622375,35991,-0.094025261700153351,1.0304539203643799,-353650090,1491654820,-353607650,1491649213,0,-8.1753091812133789,-3994,-0.49652767181396484,-0.4174552857875824,-43.601772308349609,34822,114.92253112792969,-5.1678995077963918e-05,-0.4152667224407196,-5.1678995077963918e-05
93804963,93804963,93804,-353646412,1491659175,31.771467208862305,-2.5689945220947266,-0.0067838034592568874,35962,-0.11571057885885239,1.0304340124130249,-353650090,1491654820,-353607464,1491649189,0,-8.1571416854858398,-3994,-0.50017023086547852,-0.41948696970939636,-43.692092895507812,34819,114.14451599121094,-5.1678995077963918e-05,-0.4174552857875824,-5.1678995077963918e-05
93904923,93904923,93904,-353646125,1491659148,31.4462890625,-2.6253516674041748,-0.011780746281147003,35933,-0.13532814383506775,1.0304359197616577,-353650090,1491654820,-353607270,1491649163,0,-8.1214075088500977,-3988,-0.50532341003417969,-0.42202988266944885,-43.790882110595703,34816,113.00049591064453,-5.1678995077963918e-05,-0.41948696970939636,-5.1678995077963918e-05
94004883,94004883,94004,-353645842,1491659120,31.016576766967773,-2.7091660499572754,-0.016691064462065697,35905,-0.15409086644649506,1.0304137468338013,-353650090,1491654820,-353607071,1491649137,0,-8.0608386993408203,-3975,-0.51183414459228516,-0.42470932006835938,-43.875396728515625,34814,111.49282836914062,-5.1678995077963918e-05,-0.42202988266944885,-5.1678995077963918e-05
94104843,94104843,94104,-353645564,1491659091,30.483034133911133,-2.7769176959991455,-0.02022705040872097,35885,-0.17372593283653259,1.0304011106491089,-353650090,1491654820,-353606869,1491649110,0,-8.0007972717285156,-3963,-0.51989650726318359,-0.42904993891716003,-43.945404052734375,34812,109.61133575439453,-5.1678995077963918e-05,-0.42470932006835938,-5.1678995077963918e-05
94204803,94204803,94204,-353645292,1491659062,29.887760162353516,-2.8281989097595215,-0.0230864267796278,35868,-0.19403044879436493,1.0303874015808105,-353650090,1491654820,-353606667,1491649083,0,-7.9453434944152832,-3954,-0.52913093566894531,-0.4347844123840332,-44.008293151855469,34810,107.50577545166016,-5.1678995077963918e-05,-0.42904993891716003,-5.1678995077963918e-05
94304763,94304763,94304,-353645026,1491659032,29.315757751464844,-2.8600955009460449,-0.024931451305747032,35858,-0.21500071883201599,1.0303601026535034,-353650090,1491654820,-353606464,1491649056,0,-7.8998055458068848,-3950,-0.53826379776000977,-0.44100996851921082,-44.054904937744141,34809,105.47776031494141,-5.1678995077963918e-05,-0.4347844123840332,-5.1678995077963918e-05
94404723,94404723,94404,-353644766,1491659003,28.841878890991211,-2.9033429622650146,-0.027317972853779793,35844,-0.23473769426345825,1.0303418636322021,-353650090,1491654820,-353606261,1491649030,0,-7.8541231155395508,-3947,-0.54617738723754883,-0.44585117697715759,-44.102394104003906,34807,103.80435943603516,-5.1678995077963918e-05,-0.44100996851921082,-5.1678995077963918e-05
94504683,94504683,94504,-353644511,1491658973,28.498348236083984,-2.9877462387084961,-0.032465189695358276,35814,-0.25248196721076965,1.0303206443786621,-353650090,1491654820,-353606059,1491649003,0,-7.7914724349975586,-3936,-0.55200910568237305,-0.4475511908531189,-44.136013031005859,34806,102.61151123046875,-5.1678995077963918e-05,-0.44585117697715759,-5.1678995077963918e-05
94604643,94604643,94604,-353644258,1491658941,28.301467895507812,-3.1953818798065186,-0.042589601129293442,35756,-0.26440060138702393,1.0302937030792236,-353650090,1491654820,-353605855,1491648976,0,-7.6647424697875977,-3899,-0.55505084991455078,-0.44262164831161499,-44.148937225341797,34805,101.9910888671875,-5.1678995077963918e-05,-0.4475511908531189,-5.1678995077963918e-05
94704603,94704603,94704,-353644007,1491658907,28.203622817993164,-3.5350422859191895,-0.057530447840690613,35671,-0.27134528756141663,1.0302618741989136,-353650090,1491654820,-353605651,1491648949,0,-7.4652791023254395,-3831,-0.55593252182006836,-0.43124279379844666,-44.141429901123047,34805,101.78704071044922,-5.1678995077963918e-05,-0.44262164831161499,-5.1678995077963918e-05
94804563,94804563,94804,-353643756,1491658868,28.151334762573242,-3.985541820526123,-0.075989007949829102,35565,-0.27447530627250671,1.0302318334579468,-353650090,1491654820,-353605446,1491648922,0,-7.1959333419799805,-3731,-0.55522441864013672,-0.41458350419998169,-44.088638305664062,34805,101.81482696533203,-5.1678995077963918e-05,-0.43124279379844666,-5.1678995077963918e-05
94904523,94904523,94904,-353643506,1491658823,28.119489669799805,-4.548011302947998,-0.099026031792163849,35433,-0.27210095524787903,1.0301837921142578,-353650090,1491654820,-353605241,1491648895,0,-6.850886344909668,-3595,-0.55315637588500977,-0.3928062915802002,-43.980491638183594,34805,102.00407409667969,-5.1678995077963918e-05,-0.41458350419998169,-5.1678995077963918e-05
95004483,95004483,95004,-353643256,1491658771,28.102481842041016,-5.2604804039001465,-0.1262957751750946,35277,-0.26156160235404968,1.0301655530929565,-353650090,1491654820,-353605036,1491648868,0,-6.4036660194396973,-3405,-0.54953718185424805,-0.36448928713798523,-43.809158325195312,34807,102.38253784179688,-5.1678995077963918e-05,-0.3928062915802002,-5.1678995077963918e-05
95104443,95104443,95104,-353643006,1491658711,28.087574005126953,-6.0971746444702148,-0.15664651989936829,35103,-0.24523217976093292,1.0301194190979004,-353650090,1491654820,-353604830,1491648841,0,-5.8633098602294922,-3164,-0.54442977905273438,-0.33066904544830322,-43.565441131591797,34809,102.92376708984375,-5.1678995077963918e-05,-0.36448928713798523,-5.1678995077963918e-05
95204403,95204403,95204,-353642755,1491658640,28.067533493041992,-6.9556727409362793,-0.18721950054168701,34928,-0.22938054800033569,1.0300843715667725,-353650090,1491654820,-353604624,1491648813,0,-5.2836966514587402,-2895,-0.53799962997436523,-0.2950747013092041,-43.224983215332031,34813,103.54983520507812,-5.1678995077963918e-05,-0.33066904544830322,-5.1678995077963918e-05
95304363,95304363,95304,-353642505,1491658561,28.039897918701172,-7.7408084869384766,-0.21337857842445374,34778,-0.21597987413406372,1.0300700664520264,-353650090,1491654820,-353604419,1491648786,0,-4.7260513305664062,-2626,-0.53090620040893555,-0.26155099272727966,-42.809974670410156,34818,104.16645812988281,-5.1678995077963918e-05,-0.2950747013092041,-5.1678995077963918e-05
95404323,95404323,95404,-353642254,1491658474,28.021440505981445,-8.3802900314331055,-0.23294289410114288,34666,-0.20746669173240662,1.0300378799438477,-353650090,1491654820,-353604212,1491648759,0,-4.239018440246582,-2383,-0.52336788177490234,-0.23276729881763458,-42.323554992675781,34824,104.73577117919922,-5.1678995077963918e-05,-0.26155099272727966,-5.1678995077963918e-05
95505116,95505116,95505,-353642002,1491658379,28.014333724975586,-8.8659982681274414,-0.24831186234951019,34578,-0.20393426716327667,1.0300081968307495,-353650090,1491654820,-353604004,1491648731,0,-3.8316745758056641,-2175,-0.51556634902954102,-0.20905891060829163,-41.76739501953125,34830,105.22306060791016,-5.1678995077963918e-05,-0.23276729881763458,-5.1678995077963918e-05
95605076,95605076,95605,-353641751,1491658281,28.006990432739258,-9.2024765014648438,-0.26169893145561218,34501,-0.20581828057765961,1.0299782752990723,-353650090,1491654820,-353603794,1491648704,0,-3.5097942352294922,-2008,-0.50810098648071289,-0.19063666462898254,-41.181049346923828,34837,105.56789398193359,-5.1678995077963918e-05,-0.20905891060829163,-5.1678995077963918e-05
95705036,95705036,95705,-353641498,1491658179,27.996219635009766,-9.451777458190918,-0.27294701337814331,34437,-0.21037177741527557,1.029955267906189,-353650090,1491654820,-353603581,1491648676,0,-3.2357523441314697,-1864,-0.50077247619628906,-0.17517852783203125,-40.561893463134766,34845,105.81342315673828,-5.1678995077963918e-05,-0.19063666462898254,-5.1678995077963918e-05
95804996,95804996,95804,-353641246,1491658074,27.971988677978516,-9.6176357269287109,-0.2823006808757782,34383,-0.21821330487728119,1.0299466848373413,-353650090,1491654820,-353603367,1491648647,0,-3.0085487365722656,-1744,-0.49376296997070312,-0.16259439289569855,-39.915870666503906,34853,105.92283630371094,-5.1678995077963918e-05,-0.17517852783203125,-5.1678995077963918e-05
95904956,95904956,95904,-353640992,1491657968,27.944494247436523,-9.7430820465087891,-0.29122644662857056,34332,-0.22675633430480957,1.0299099683761597,-353650090,1491654820,-353603149,1491648618,0,-2.8050823211669922,-1635,-0.48691177368164062,-0.15143243968486786,-39.262374877929688,34861,105.97677612304688,-5.1678995077963918e-05,-0.16259439289569855,-5.1678995077963918e-05
96004916,96004916,96004,-353640739,1491657860,27.903196334838867,-9.8581085205078125,-0.2999168336391449,34282,-0.23509424924850464,1.0298985242843628,-353650090,1491654820,-353602929,1491648589,0,-2.603585958480835,-1526,-0.48009252548217773,-0.14048381149768829,-38.589210510253906,34869,105.97364807128906,-5.1678995077963918e-05,-0.15143243968486786,-5.1678995077963918e-05
96104876,96104876,96104,-353640486,1491657751,27.856252670288086,-9.9823875427246094,-0.30831247568130493,34234,-0.2409520149230957,1.0298748016357422,-353650090,1491654820,-353602707,1491648560,0,-2.3939120769500732,-1411,-0.47321271896362305,-0.12911543250083923,-37.906539916992188,34878,105.96446228027344,-5.1678995077963918e-05,-0.14048381149768829,-5.1678995077963918e-05
96204836,96204836,96204,-353640234,1491657640,27.750713348388672,-10.109179496765137,-0.31627023220062256,34188,-0.2445329874753952,1.0298382043838501,-353650090,1491654820,-353602485,1491648531,0,-2.1753120422363281,-1287,-0.46683645248413086,-0.1174921840429306,-37.204605102539062,34887,105.7633056640625,-5.1678995077963918e-05,-0.12911543250083923,-5.1678995077963918e-05
96304796,96304796,96304,-353639984,1491657529,27.562829971313477,-10.22011661529541,-0.32424023747444153,34143,-0.24535131454467773,1.0298086404800415,-353650090,1491654820,-353602262,1491648501,0,-1.9616693258285522,-1165,-0.46148443222045898,-0.10640662908554077,-36.501850128173828,34896,105.26884460449219,-5.1678995077963918e-05,-0.1174921840429306,-5.1678995077963918e-05
96404756,96404756,96404,-353639737,1491657417,27.292774200439453,-10.314189910888672,-0.33199387788772583,34098,-0.24338547885417938,1.0297929048538208,-353650090,1491654820,-353602041,1491648472,0,-1.7506130933761597,-1042,-0.45695829391479492,-0.095639407634735107,-35.785152435302734,34905,104.48125457763672,-5.1678995077963918e-05,-0.10640662908554077,-5.1678995077963918e-05
96504716,96504716,96504,-353639494,1491657304,26.968864440917969,-10.355631828308105,-0.33787283301353455,34065,-0.24540072679519653,1.0297592878341675,-353650090,1491654820,-353601822,1491648443,0,-1.5674173831939697,-935,-0.45308494567871094,-0.086460471153259277,-35.055156707763672,34914,103.45015716552734,-5.1678995077963918e-05,-0.095639407634735107,-5.1678995077963918e-05
96604676,96604676,96604,-353639254,1491657192,26.662206649780273,-10.344505310058594,-0.34182003140449524,34042,-0.25231149792671204,1.0297341346740723,-353650090,1491654820,-353601604,1491648414,0,-1.4202678203582764,-850,-0.44922685623168945,-0.079122185707092285,-34.330863952636719,34923,102.41133880615234,-5.1678995077963918e-05,-0.086460471153259277,-5.1678995077963918e-05
96704636,96704636,96704,-353639017,1491657080,26.404638290405273,-10.305205345153809,-0.34541121125221252,34021,-0.26368284225463867,1.0297025442123413,-353650090,1491654820,-353601387,1491648386,0,-1.2932919263839722,-777,-0.44478225708007812,-0.072682976722717285,-33.601280212402344,34933,101.500732421875,-5.1678995077963918e-05,-0.079122185707092285,-5.1678995077963918e-05
96804596,96804596,96804,-353638782,1491656968,26.198211669921875,-10.256606101989746,-0.34872797131538391,34002,-0.2767179012298584,1.0296690464019775,-353650090,1491654820,-353601170,1491648357,0,-1.1759830713272095,-710,-0.43973159790039062,-0.066573977470397949,-32.871292114257812,34942,100.7489013671875,-5.1678995077963918e-05,-0.072682976722717285,-5.1678995077963918e-05
96904556,96904556,96904,-353638548,1491656857,26.031503677368164,-10.227158546447754,-0.35244613885879517,33981,-0.28601199388504028,1.0296521186828613,-353650090,1491654820,-353600954,1491648328,0,-1.0505555868148804,-637,-0.43416786193847656,-0.059817731380462646,-32.149436950683594,34952,100.15462493896484,-5.1678995077963918e-05,-0.066573977470397949,-5.1678995077963918e-05
97004516,97004516,97004,-353638316,1491656746,25.908483505249023,-10.234417915344238,-0.35666626691818237,33957,-0.28633937239646912,1.0296268463134766,-353650090,1491654820,-353600738,1491648300,0,-0.90328383445739746,-548,-0.42783832550048828,-0.051630765199661255,-31.423130035400391,34961,99.754280090332031,-5.1678995077963918e-05,-0.059817731380462646,-5.1678995077963918e-05
97104476,97104476,97104,-353638085,1491656634,25.820323944091797,-10.282411575317383,-0.36249309778213501,33924,-0.27856928110122681,1.0295839309692383,-353650090,1491654820,-353600521,1491648271,0,-0.73079657554626465,-443,-0.42084074020385742,-0.041861772537231445,-30.688413619995117,34971,99.524185180664062,-5.1678995077963918e-05,-0.051630765199661255,-5.1678995077963918e-05
97204436,97204436,97204,-353637854,1491656522,25.756103515625,-10.355427742004395,-0.36793744564056396,33892,-0.26618865132331848,1.0295642614364624,-353650090,1491654820,-353600304,1491648243,0,-0.54318875074386597,-328,-0.41342592239379883,-0.031147509813308716,-29.951557159423828,34981,99.407814025878906,-5.1678995077963918e-05,-0.041861772537231445,-5.1678995077963918e-05
97304396,97304396,97304,-353637623,1491656409,25.705289840698242,-10.42889404296875,-0.37362036108970642,33860,-0.2525114119052887,1.0295326709747314,-353650090,1491654820,-353600085,1491648214,0,-0.35524052381515503,-214,-0.40580177307128906,-0.020382702350616455,-29.207248687744141,34990,99.337608337402344,-5.1678995077963918e-05,-0.031147509813308716,-5.1678995077963918e-05
97404356,97404356,97404,-353637393,1491656295,25.599485397338867,-10.468682289123535,-0.37794137001037598,33835,-0.2385827898979187,1.0295002460479736,-353650090,1491654820,-353599867,1491648185,0,-0.18380919098854065,-110,-0.39876794815063477,-0.010577559471130371,-28.453018188476562,35000,99.04046630859375,-5.1678995077963918e-05,-0.020382702350616455,-5.1678995077963918e-05
97504316,97504316,97504,-353637164,1491656181,25.409574508666992,-10.45152759552002,-0.38223698735237122,33810,-0.22366099059581757,1.0294787883758545,-353650090,1491654820,-353599649,1491648156,0,-0.043522972613573074,-26,-0.39274978637695312,-0.0025211572647094727,-27.697608947753906,35010,98.387947082519531,-5.1678995077963918e-05,-0.010577559471130371,-5.1678995077963918e-05
97605109,97605109,97605,-353636936,1491656066,25.111139297485352,-10.370944976806641,-0.38598227500915527,33789,-0.21166923642158508,1.029449462890625,-353650090,1491654820,-353599430,1491648127,0,0.064918525516986847,38,-0.38786125183105469,0.0038029849529266357,-26.931694030761719,35021,97.289932250976562,-5.1678995077963918e-05,-0.0025211572647094727,-5.1678995077963918e-05
97705069,97705069,97705,-353636711,1491655953,24.706932067871094,-10.219812393188477,-0.38841080665588379,33775,-0.20740403234958649,1.0294163227081299,-353650090,1491654820,-353599214,1491648099,0,0.13257972896099091,79,-0.38431882858276367,0.0078919827938079834,-26.178848266601562,35031,95.745498657226562,-5.1678995077963918e-05,0.0038029849529266357,-5.1678995077963918e-05
97805029,97805029,97805,-353636490,1491655842,24.185102462768555,-10.001763343811035,-0.39037024974822998,33764,-0.21354974806308746,1.0294038057327271,-353650090,1491654820,-353599000,1491648070,0,0.16165630519390106,96,-0.38230228424072266,0.0098308026790618896,-25.442237854003906,35040,93.720268249511719,-5.1678995077963918e-05,0.0078919827938079834,-5.1678995077963918e-05
97904989,97904989,97904,-353636273,1491655732,23.591341018676758,-9.7452573776245117,-0.39172011613845825,33756,-0.22973224520683289,1.0293879508972168,-353650090,1491654820,-353598790,1491648043,0,0.17101669311523438,102,-0.381072998046875,0.01066356897354126,-24.706405639648438,35050,91.404388427734375,-5.1678995077963918e-05,0.0098308026790618896,-5.1678995077963918e-05
98004949,98004949,98004,-353636062,1491655626,22.970138549804688,-9.4778604507446289,-0.39271515607833862,33750,-0.25272876024246216,1.0293619632720947,-353650090,1491654820,-353598585,1491648015,0,0.16880998015403748,101,-0.38052272796630859,0.010812431573867798,-24.003494262695312,35060,88.982803344726562,-5.1678995077963918e-05,0.01066356897354126,-5.1678995077963918e-05
98104909,98104909,98104,-353635857,1491655523,22.359409332275391,-9.2176284790039062,-0.3933919370174408,33747,-0.27622935175895691,1.0293347835540771,-353650090,1491654820,-353598385,1491647989,0,0.16781124472618103,101,-0.37997674942016602,0.0110434889793396,-23.317281723022461,35069,86.605682373046875,-5.1678995077963918e-05,0.010812431573867798,-5.1678995077963918e-05
98204869,98204869,98204,-353635657,1491655422,21.794473648071289,-8.9768877029418945,-0.3936195969581604,33745,-0.29309356212615967,1.0293246507644653,-353650090,1491654820,-353598189,1491647963,0,0.17368952929973602,105,-0.37898445129394531,0.011728137731552124,-22.644443511962891,35078,84.406791687011719,-5.1678995077963918e-05,0.0110434889793396,-5.1678995077963918e-05
98304829,98304829,98304,-353635462,1491655324,21.309003829956055,-8.7656869888305664,-0.39331722259521484,33747,-0.29772606492042542,1.0292961597442627,-353650090,1491654820,-353597998,1491647938,0,0.18953980505466461,115,-0.37716913223266602,0.013092488050460815,-21.991874694824219,35087,82.511314392089844,-5.1678995077963918e-05,0.011728137731552124,-5.1678995077963918e-05
98404789,98404789,98404,-353635271,1491655228,20.911722183227539,-8.5863990783691406,-0.39252921938896179,33751,-0.28810268640518188,1.0292668342590332,-353650090,1491654820,-353597810,1491647913,0,0.21719436347484589,132,-0.37432050704956055,0.015291988849639893,-21.35357666015625,35095,80.951393127441406,-5.1678995077963918e-05,0.013092488050460815,-5.1678995077963918e-05
98504749,98504749,98504,-353635084,1491655134,20.580787658691406,-8.429962158203125,-0.39146384596824646,33758,-0.26594641804695129,1.0292407274246216,-353650090,1491654820,-353597626,1491647889,0,0.25287052989006042,153,-0.37066078186035156,0.018096745014190674,-20.727367401123047,35104,79.642387390136719,-5.1678995077963918e-05,0.015291988849639893,-5.1678995077963918e-05
98604709,98604709,98604,-353634901,1491655042,20.279457092285156,-8.2830410003662109,-0.39034190773963928,33764,-0.2362201064825058,1.0292048454284668,-353650090,1491654820,-353597445,1491647865,0,0.28989562392234802,174,-0.36670160293579102,0.021063685417175293,-20.115444183349609,35112,78.444465637207031,-5.1678995077963918e-05,0.018096745014190674,-5.1678995077963918e-05
98704669,98704669,98704,-353634721,1491654952,19.970121383666992,-8.130976676940918,-0.38928502798080444,33770,-0.20546624064445496,1.029187798500061,-353650090,1491654820,-353597267,1491647841,0,0.32120215892791748,191,-0.36294984817504883,0.023711055517196655,-19.519021987915039,35120,77.213119506835938,-5.1678995077963918e-05,0.021063685417175293,-5.1678995077963918e-05
98804629,98804629,98804,-353634543,1491654864,19.633310317993164,-7.9665923118591309,-0.38835352659225464,33775,-0.17994442582130432,1.0291626453399658,-353650090,1491654820,-353597090,1491647818,0,0.34416490793228149,204,-0.35961484909057617,0.025854974985122681,-18.936023712158203,35128,75.874114990234375,-5.1678995077963918e-05,0.023711055517196655,-5.1678995077963918e-05
98904589,98904589,98904,-353634370,1491654778,19.268386840820312,-7.7904510498046875,-0.387571781873703,33780,-0.16406618058681488,1.0291575193405151,-353650090,1491654820,-353596918,1491647795,0,0.35883289575576782,212,-0.35673666000366211,0.027481749653816223,-18.366838455200195,35135,74.426116943359375,-5.1678995077963918e-05,0.025854974985122681,-5.1678995077963918e-05
99004549,99004549,99004,-353634199,1491654694,18.887729644775391,-7.6093430519104004,-0.38697254657745361,33783,-0.15932357311248779,1.0291292667388916,-353650090,1491654820,-353596748,1491647773,0,0.36904001235961914,218,-0.35413217544555664,0.028847873210906982,-17.811368942260742,35143,72.919334411621094,-5.1678995077963918e-05,0.027481749653816223,-5.1678995077963918e-05
99104509,99104509,99104,-353634032,1491654611,18.504400253295898,-7.4303245544433594,-0.38654673099517822,33786,-0.16454055905342102,1.0291342735290527,-353650090,1491654820,-353596581,1491647751,0,0.37973585724830627,224,-0.35152292251586914,0.030313268303871155,-17.261207580566406,35150,71.406570434570312,-5.1678995077963918e-05,0.028847873210906982,-5.1678995077963918e-05
99204469,99204469,99204,-353633868,1491654531,18.129117965698242,-7.2584891319274902,-0.386208176612854,33788,-0.17629452049732208,1.029120922088623,-353650090,1491654820,-353596417,1491647729,0,0.38998478651046753,231,-0.34904241561889648,0.031789138913154602,-16.735607147216797,35157,69.930221557617188,-5.1678995077963918e-05,0.030313268303871155,-5.1678995077963918e-05
99304429,99304429,99304,-353633708,1491654452,17.77082633972168,-7.0964517593383789,-0.38573014736175537,33790,-0.18982769548892975,1.0291098356246948,-353650090,1491654820,-353596257,1491647708,0,0.40490284562110901,240,-0.34624671936035156,0.033683449029922485,-16.212993621826172,35165,68.523452758789062,-5.1678995077963918e-05,0.031789138913154602,-5.1678995077963918e-05
99404389,99404389,99404,-353633551,1491654375,17.438785552978516,-6.9442901611328125,-0.38494724035263062,33795,-0.20031046867370605,1.0290957689285278,-353650090,1491654820,-353596100,1491647687,0,0.42144611477851868,251,-0.34322023391723633,0.035741865634918213,-15.705938339233398,35171,67.217170715332031,-5.1678995077963918e-05,0.033683449029922485,-5.1678995077963918e-05
99504349,99504349,99504,-353633396,1491654299,17.141016006469727,-6.8022856712341309,-0.38378402590751648,33802,-0.20399326086044312,1.0290802717208862,-353650090,1491654820,-353595944,1491647667,0,0.44147941470146179,263,-0.33967113494873047,0.038110241293907166,-15.203136444091797,35178,66.038436889648438,-5.1678995077963918e-05,0.035741865634918213,-5.1678995077963918e-05
99605142,99605142,99605,-353633243,1491654225,16.878717422485352,-6.6683568954467773,-0.38220638036727905,33811,-0.199008509516716,1.0290660858154297,-353650090,1491654820,-353595791,1491647646,0,0.46041890978813171,274,-0.33586502075195312,0.040388450026512146,-14.719856262207031,35185,64.988548278808594,-5.1678995077963918e-05,0.038110241293907166,-5.1678995077963918e-05
99705102,99705102,99705,-353633091,1491654151,16.650466918945312,-6.5407848358154297,-0.38024860620498657,33822,-0.18564940989017487,1.02904212474823,-353650090,1491654820,-353595638,1491647626,0,0.4818882942199707,286,-0.33142375946044922,0.042885571718215942,-14.232620239257812,35191,64.060623168945312,-5.1678995077963918e-05,0.040388450026512146,-5.1678995077963918e-05
99805062,99805062,99805,-353632941,1491654079,16.438127517700195,-6.4132347106933594,-0.37801626324653625,33835,-0.16634535789489746,1.0290429592132568,-353650090,1491654820,-353595487,1491647606,0,0.49920463562011719,295,-0.32693815231323242,0.0450429767370224,-13.761780738830566,35198,63.186058044433594,-5.1678995077963918e-05,0.042885571718215942,-5.1678995077963918e-05
99905022,99905022,99905,-353632792,1491654008,16.229841232299805,-6.2825298309326172,-0.37560015916824341,33848,-0.14436222612857819,1.0290251970291138,-353650090,1491654820,-353595336,1491647586,0,0.51275420188903809,302,-0.32242536544799805,0.046908855438232422,-13.29877758026123,35204,62.321300506591797,-5.1678995077963918e-05,0.0450429767370224,-5.1678995077963918e-05
100004982,100004982,100004,-353632646,1491653939,16.008399963378906,-6.1444945335388184,-0.37304818630218506,33863,-0.12323229759931564,1.0290118455886841,-353650090,1491654820,-353595189,1491647567,0,0.52020251750946045,305,-0.31818628311157227,0.048302575945854187,-12.848909378051758,35210,61.403602600097656,-5.1678995077963918e-05,0.046908855438232422,-5.1678995077963918e-05
100104942,100104942,100104,-353632501,1491653871,15.775344848632812,-6.0025467872619629,-0.37049123644828796,33878,-0.10621092468500137,1.0290019512176514,-353650090,1491654820,-353595043,1491647547,0,0.52377676963806152,307,-0.31417655944824219,0.049408644437789917,-12.410101890563965,35216,60.442562103271484,-5.1678995077963918e-05,0.048302575945854187,-5.1678995077963918e-05
100204902,100204902,100204,-353632359,1491653804,15.529034614562988,-5.857947826385498,-0.36808231472969055,33892,-0.095471955835819244,1.0289862155914307,-353650090,1491654820,-353594899,1491647529,0,0.52675682306289673,308,-0.31018686294555664,0.050533667206764221,-11.971765518188477,35222,59.434288024902344,-5.1678995077963918e-05,0.049408644437789917,-5.1678995077963918e-05
100304862,100304862,100304,-353632218,1491653739,15.27978515625,-5.717404842376709,-0.36591064929962158,33904,-0.091783337295055389,1.0289983749389648,-353650090,1491654820,-353594757,1491647510,0,0.52868568897247314,309,-0.30645370483398438,0.051598682999610901,-11.553913116455078,35228,58.421749114990234,-5.1678995077963918e-05,0.050533667206764221,-5.1678995077963918e-05
100404822,100404822,100404,-353632081,1491653676,15.031111717224121,-5.5824456214904785,-0.36395728588104248,33915,-0.094246111810207367,1.0289946794509888,-353650090,1491654820,-353594618,1491647491,0,0.53151446580886841,311,-0.30282211303710938,0.052782207727432251,-11.150510787963867,35233,57.418529510498047,-5.1678995077963918e-05,0.051598682999610901,-5.1678995077963918e-05
100504782,100504782,100504,-353631946,1491653615,14.786855697631836,-5.4548239707946777,-0.36210677027702332,33926,-0.10059372335672379,1.0289708375930786,-353650090,1491654820,-353594481,1491647473,0,0.5364270806312561,314,-0.29921388626098633,0.054195374250411987,-10.760640144348145,35238,56.439598083496094,-5.1678995077963918e-05,0.052782207727432251,-5.1678995077963918e-05
100604742,100604742,100604,-353631814,1491653555,14.552495956420898,-5.334113597869873,-0.36019468307495117,33937,-0.10787195712327957,1.0289838314056396,-353650090,1491654820,-353594348,1491647456,0,0.54440343379974365,319,-0.29540443420410156,0.055931404232978821,-10.37482738494873,35244,55.502738952636719,-5.1678995077963918e-05,0.054195374250411987,-5.1678995077963918e-05
100704702,100704702,100704,-353631684,1491653496,14.331122398376465,-5.2197213172912598,-0.35803982615470886,33949,-0.11313386261463165,1.0289696455001831,-353650090,1491654820,-353594216,1491647438,0,0.55356228351593018,325,-0.29149293899536133,0.057796135544776917,-9.9989805221557617,35249,54.617565155029297,-5.1678995077963918e-05,0.055931404232978821,-5.1678995077963918e-05
100804662,100804662,100804,-353631557,1491653439,14.124236106872559,-5.1089797019958496,-0.35551667213439941,33964,-0.11405554413795471,1.0289657115936279,-353650090,1491654820,-353594087,1491647421,0,0.56184017658233643,330,-0.2875056266784668,0.059569567441940308,-9.6358375549316406,35254,53.785858154296875,-5.1678995077963918e-05,0.057796135544776917,-5.1678995077963918e-05
100904622,100904622,100904,-353631431,1491653383,13.930965423583984,-4.9999175071716309,-0.35263064503669739,33980,-0.10946653783321381,1.0289528369903564,-353650090,1491654820,-353593959,1491647404,0,0.56873327493667603,333,-0.28339338302612305,0.061193808913230896,-9.2809152603149414,35259,53.002346038818359,-5.1678995077963918e-05,0.059569567441940308,-5.1678995077963918e-05
101004582,101004582,101004,-353631307,1491653328,13.746977806091309,-4.8895120620727539,-0.34942713379859924,33998,-0.099565744400024414,1.0289632081985474,-353650090,1491654820,-353593833,1491647388,0,0.5734020471572876,336,-0.27913761138916016,0.062587648630142212,-8.9304313659667969,35263,52.248878479003906,-5.1678995077963918e-05,0.061193808913230896,-5.1678995077963918e-05
101104542,101104542,101104,-353631184,1491653274,13.566703796386719,-4.776425838470459,-0.34600549936294556,34018,-0.08583667129278183,1.0289443731307983,-353650090,1491654820,-353593709,1491647371,0,0.57385098934173584,336,-0.27497529983520508,0.063542336225509644,-8.5915708541870117,35268,51.505203247070312,-5.1678995077963918e-05,0.062587648630142212,-5.1678995077963918e-05
101204502,101204502,101204,-353631063,1491653222,13.383429527282715,-4.6596097946166992,-0.34245294332504272,34038,-0.070672892034053802,1.0289452075958252,-353650090,1491654820,-353593586,1491647355,0,0.56991636753082275,333,-0.27098751068115234,0.064049527049064636,-8.2657670974731445,35272,50.747539520263672,-5.1678995077963918e-05,0.063542336225509644,-5.1678995077963918e-05
101304462,101304462,101304,-353630944,1491653171,13.194155693054199,-4.5404157638549805,-0.33886799216270447,34059,-0.056801591068506241,1.028933048248291,-353650090,1491654820,-353593465,1491647339,0,0.56353241205215454,329,-0.26710844039916992,0.064321234822273254,-7.9474010467529297,35277,49.967418670654297,-5.1678995077963918e-05,0.064049527049064636,-5.1678995077963918e-05
101404422,101404422,101404,-353630827,1491653121,12.998794555664062,-4.4205961227416992,-0.33538755774497986,34079,-0.0466591976583004,1.0289313793182373,-353650090,1491654820,-353593346,1491647323,0,0.55582857131958008,324,-0.26333236694335938,0.064475446939468384,-7.6364831924438477,35281,49.166606903076172,-5.1678995077963918e-05,0.064321234822273254,-5.1678995077963918e-05
101504382,101504382,101504,-353630711,1491653073,12.801248550415039,-4.304069995880127,-0.33212786912918091,34098,-0.041809290647506714,1.0289231538772583,-353650090,1491654820,-353593228,1491647308,0,0.54797446727752686,320,-0.25972747802734375,0.064621046185493469,-7.3397703170776367,35285,48.362808227539062,-5.1678995077963918e-05,0.064475446939468384,-5.1678995077963918e-05
101604342,101604342,101604,-353630597,1491653025,12.605873107910156,-4.1931910514831543,-0.32913887500762939,34115,-0.042663104832172394,1.0289231538772583,-353650090,1491654820,-353593112,1491647292,0,0.54315757751464844,317,-0.25600767135620117,0.065116614103317261,-7.0445480346679688,35289,47.573360443115234,-5.1678995077963918e-05,0.064621046185493469,-5.1678995077963918e-05
101705135,101705135,101705,-353630484,1491652979,12.417851448059082,-4.090080738067627,-0.32637560367584229,34131,-0.048322346061468124,1.028928279876709,-353650090,1491654820,-353592997,1491647277,0,0.54036778211593628,315,-0.25235223770141602,0.065828189253807068,-6.7635250091552734,35293,46.818138122558594,-5.1678995077963918e-05,0.065116614103317261,-5.1678995077963918e-05
101805095,101805095,101805,-353630372,1491652934,12.238193511962891,-3.9938044548034668,-0.32370632886886597,34146,-0.05697418749332428,1.0289294719696045,-353650090,1491654820,-353592883,1491647262,0,0.53987157344818115,315,-0.24864816665649414,0.066794559359550476,-6.4907341003417969,35297,46.099391937255859,-5.1678995077963918e-05,0.065828189253807068,-5.1678995077963918e-05
101905055,101905055,101905,-353630262,1491652890,12.076935768127441,-3.9072253704071045,-0.32102662324905396,34161,-0.066055081784725189,1.028928279876709,-353650090,1491654820,-353592772,1491647247,0,0.54282099008560181,317,-0.24478530883789062,0.068114504218101501,-6.2258186340332031,35300,45.454383850097656,-5.1678995077963918e-05,0.066794559359550476,-5.1678995077963918e-05
102005015,102005015,102005,-353630153,1491652846,11.927157402038574,-3.8249773979187012,-0.31817305088043213,34178,-0.073157407343387604,1.0289291143417358,-353650090,1491654820,-353592661,1491647233,0,0.54858911037445068,321,-0.240570068359375,0.069763049483299255,-5.9565963745117188,35304,44.853557586669922,-5.1678995077963918e-05,0.068114504218101501,-5.1678995077963918e-05
102104975,102104975,102104,-353630045,1491652803,11.792527198791504,-3.747035026550293,-0.31510093808174133,34195,-0.076601840555667877,1.0289294719696045,-353650090,1491654820,-353592551,1491647218,0,0.55389750003814697,324,-0.23635149002075195,0.071305736899375916,-5.6987380981445312,35307,44.309402465820312,-5.1678995077963918e-05,0.069763049483299255,-5.1678995077963918e-05
102204935,102204935,102204,-353629938,1491652762,11.666340827941895,-3.669560432434082,-0.31179019808769226,34214,-0.075804024934768677,1.0289130210876465,-353650090,1491654820,-353592442,1491647204,0,0.55650836229324341,325,-0.23225927352905273,0.072485506534576416,-5.45501708984375,35311,43.794921875,-5.1678995077963918e-05,0.071305736899375916,-5.1678995077963918e-05
102304895,102304895,102304,-353629832,1491652721,11.549384117126465,-3.5929133892059326,-0.30824866890907288,34234,-0.071264714002609253,1.028907299041748,-353650090,1491654820,-353592334,1491647190,0,0.55912101268768311,327,-0.22796344757080078,0.073637723922729492,-5.2105178833007812,35314,43.313259124755859,-5.1678995077963918e-05,0.072485506534576416,-5.1678995077963918e-05
102404855,102404855,102404,-353629728,1491652681,11.433961868286133,-3.5139696598052979,-0.30452990531921387,34256,-0.064227290451526642,1.0289027690887451,-353650090,1491654820,-353592229,1491647176,0,0.55873650312423706,326,-0.2237553596496582,0.07441035658121109,-4.9739017486572266,35317,42.834865570068359,-5.1678995077963918e-05,0.073637723922729492,-5.1678995077963918e-05
102504815,102504815,102504,-353629624,1491652642,11.32030200958252,-3.4339127540588379,-0.30073288083076477,34277,-0.056419707834720612,1.0288960933685303,-353650090,1491654820,-353592123,1491647162,0,0.55602288246154785,325,-0.21964263916015625,0.07487662136554718,-4.7458992004394531,35320,42.361873626708984,-5.1678995077963918e-05,0.07441035658121109,-5.1678995077963918e-05
102604775,102604775,102604,-353629521,1491652603,11.203243255615234,-3.3521366119384766,-0.29694616794586182,34299,-0.049606706947088242,1.0289055109024048,-353650090,1491654820,-353592018,1491647148,0,0.55258357524871826,322,-0.21545553207397461,0.075277559459209442,-4.517120361328125,35324,41.876033782958984,-5.1678995077963918e-05,0.07487662136554718,-5.1678995077963918e-05
102704735,102704735,102704,-353629420,1491652566,11.082056999206543,-3.2703359127044678,-0.2932049036026001,34321,-0.045292440801858902,1.0289015769958496,-353650090,1491654820,-353591915,1491647134,0,0.54648703336715698,319,-0.21161127090454102,0.07534576952457428,-4.3048591613769531,35326,41.376602172851562,-5.1678995077963918e-05,0.075277559459209442,-5.1678995077963918e-05
102804695,102804695,102804,-353629321,1491652530,10.959511756896973,-3.1900362968444824,-0.28955152630805969,34341,-0.044401910156011581,1.0288958549499512,-353650090,1491654820,-353591815,1491647121,0,0.54067295789718628,315,-0.20778846740722656,0.075459882616996765,-4.0973148345947266,35329,40.874607086181641,-5.1678995077963918e-05,0.07534576952457428,-5.1678995077963918e-05
102904655,102904655,102904,-353629223,1491652495,10.83841609954834,-3.1130239963531494,-0.28601786494255066,34362,-0.047112207859754562,1.0288850069046021,-353650090,1491654820,-353591715,1491647108,0,0.53546714782714844,312,-0.20404577255249023,0.075646407902240753,-3.8975963592529297,35332,40.381427764892578,-5.1678995077963918e-05,0.075459882616996765,-5.1678995077963918e-05
103004615,103004615,103004,-353629126,1491652461,10.721859931945801,-3.0402119159698486,-0.28259220719337463,34381,-0.052781008183956146,1.0288817882537842,-353650090,1491654820,-353591617,1491647095,0,0.53105747699737549,310,-0.20038700103759766,0.075912982225418091,-3.7065563201904297,35335,39.908512115478516,-5.1678995077963918e-05,0.075646407902240753,-5.1678995077963918e-05
103104575,103104575,103104,-353629030,1491652428,10.612298965454102,-2.9722323417663574,-0.2791934609413147,34401,-0.060103364288806915,1.0288759469985962,-353650090,1491654820,-353591519,1491647082,0,0.52784520387649536,308,-0.19677495956420898,0.076302789151668549,-3.5233573913574219,35337,39.464851379394531,-5.1678995077963918e-05,0.075912982225418091,-5.1678995077963918e-05
103204535,103204535,103204,-353628936,1491652395,10.511195182800293,-2.9083268642425537,-0.27572831511497498,34421,-0.067340731620788574,1.0288889408111572,-353650090,1491654820,-353591424,1491647069,0,0.52561402320861816,307,-0.19315624237060547,0.076779164373874664,-3.3390560150146484,35340,39.054691314697266,-0.000222813367145136,0.076302789151668549,-5.1678995077963918e-05
103304495,103304495,103304,-353628842,1491652363,10.419282913208008,-2.8476591110229492,-0.27213507890701294,34441,-0.072694703936576843,1.0288873910903931,-353650090,1491654820,-353591328,1491647057,0,0.52403730154037476,306,-0.1894993782043457,0.077291928231716156,-3.1601047515869141,35342,38.679729461669922,-0.00038632872747257352,0.076779164373874664,-0.000222813367145136
103404455,103404455,103404,-353628749,1491652332,10.335942268371582,-2.788780689239502,-0.26835927367210388,34463,-0.074664130806922913,1.028867244720459,-353650090,1491654820,-353591234,1491647044,0,0.52085822820663452,304,-0.18602705001831055,0.077511347830295563,-2.9930953979492188,35344,38.336463928222656,-0.00054257403826341033,0.077291928231716156,-0.00038632872747257352
103504415,103504415,103504,-353628656,1491652302,10.259932518005371,-2.7306046485900879,-0.26435026526451111,34486,-0.072406947612762451,1.0288665294647217,-353650090,1491654820,-353591139,1491647032,0,0.51685559749603271,302,-0.18255615234375,0.077556774020195007,-2.8314208984375,35346,38.019622802734375,-0.00069159769918769598,0.077511347830295563,-0.00054257403826341033
103604375,103604375,103604,-353628565,1491652272,10.187839508056641,-2.6716270446777344,-0.26011598110198975,34510,-0.065989799797534943,1.0288747549057007,-353650090,1491654820,-353591047,1491647020,0,0.51230525970458984,299,-0.1789698600769043,0.077492542564868927,-2.6686534881591797,35349,37.716079711914062,-0.00083317217649891973,0.077556774020195007,-0.00069159769918769598
103704335,103704335,103704,-353628474,1491652243,10.116162300109863,-2.610990047454834,-0.25571462512016296,34535,-0.05633820965886116,1.0288542509078979,-353650090,1491654820,-353590955,1491647007,0,0.50449979305267334,294,-0.1756591796875,0.076928935945034027,-2.5182018280029297,35351,37.412998199462891,-0.0009678365895524621,0.077492542564868927,-0.00083317217649891973
103805128,103805128,103805,-353628383,1491652214,10.040831565856934,-2.5479879379272461,-0.25124490261077881,34561,-0.045072730630636215,1.0288542509078979,-353650090,1491654820,-353590862,1491646995,0,0.49628233909606934,290,-0.1721949577331543,0.076321959495544434,-2.3640270233154297,35353,37.095726013183594,-0.0010953785385936499,0.076928935945034027,-0.0009678365895524621
103905088,103905088,103905,-353628292,1491652186,9.9624948501586914,-2.4836359024047852,-0.24677272140979767,34587,-0.034182045608758926,1.0288448333740234,-353650090,1491654820,-353590770,1491646983,0,0.48582124710083008,283,-0.16894006729125977,0.07537841796875,-2.2193107604980469,35355,36.767463684082031,-0.0012161250924691558,0.076321959495544434,-0.0010953785385936499
104005048,104005048,104005,-353628202,1491652158,9.8776969909667969,-2.4190235137939453,-0.2424502968788147,34611,-0.025856629014015198,1.0288547277450562,-353650090,1491654820,-353590679,1491646971,0,0.47583138942718506,277,-0.1656336784362793,0.074537009000778198,-2.0738334655761719,35357,36.417167663574219,-0.0013300343416631222,0.07537841796875,-0.0012161250924691558
104105008,104105008,104105,-353628113,1491652132,9.7900934219360352,-2.355659008026123,-0.23831909894943237,34635,-0.021563993766903877,1.0288542509078979,-353650090,1491654820,-353590589,1491646959,0,0.46383631229400635,270,-0.1627497673034668,0.073378078639507294,-1.9456615447998047,35359,36.058784484863281,-0.0014379597268998623,0.074537009000778198,-0.0013300343416631222
104204968,104204968,104204,-353628024,1491652106,9.6997995376586914,-2.2943949699401855,-0.23441928625106812,34657,-0.021984323859214783,1.0288443565368652,-353650090,1491654820,-353590498,1491646947,0,0.45349541306495667,264,-0.15979623794555664,0.072475060820579529,-1.8170452117919922,35360,35.693359375,-0.0015397771494463086,0.073378078639507294,-0.0014379597268998623
104304928,104304928,104304,-353627936,1491652081,9.6130046844482422,-2.2369203567504883,-0.23075138032436371,34678,-0.026833536103367805,1.0288385152816772,-353650090,1491654820,-353590409,1491646935,0,0.44379803538322449,259,-0.15700340270996094,0.071625396609306335,-1.6971492767333984,35362,35.343753814697266,-0.0016358124557882547,0.072475060820579529,-0.0015397771494463086
104404888,104404888,104404,-353627849,1491652056,9.5303993225097656,-2.1835899353027344,-0.22724395990371704,34698,-0.034832634031772614,1.0288314819335938,-353650090,1491654820,-353590321,1491646924,0,0.43725878000259399,255,-0.15399408340454102,0.071236878633499146,-1.5731525421142578,35364,35.012557983398438,-0.0017256689025089145,0.071625396609306335,-0.0016358124557882547
104504848,104504848,104504,-353627763,1491652032,9.4563131332397461,-2.1344225406646729,-0.22377945482730865,34718,-0.04399171844124794,1.028835654258728,-353650090,1491654820,-353590234,1491646912,0,0.43066239356994629,251,-0.15123081207275391,0.070763193070888519,-1.4607830047607422,35365,34.714817047119141,-0.0018098191358149052,0.071236878633499146,-0.0017256689025089145
104604808,104604808,104604,-353627678,1491652009,9.3900604248046875,-2.0886306762695312,-0.22025258839130402,34739,-0.051941204816102982,1.0288301706314087,-353650090,1491654820,-353590148,1491646901,0,0.42489862442016602,248,-0.14850950241088867,0.070357337594032288,-1.3533344268798828,35367,34.447452545166016,-0.0018883817829191685,0.070763193070888519,-0.0018098191358149052
104704768,104704768,104704,-353627593,1491651986,9.3302192687988281,-2.0447652339935303,-0.2165856659412384,34760,-0.056366585195064545,1.0288361310958862,-353650090,1491654820,-353590062,1491646889,0,0.41927394270896912,245,-0.14582538604736328,0.069918721914291382,-1.2492561340332031,35368,34.204338073730469,-0.0019614154007285833,0.070357337594032288,-0.0018883817829191685
104804728,104804728,104804,-353627510,1491651963,9.2764787673950195,-2.0018718242645264,-0.21273079514503479,34782,-0.055555809289216995,1.02881920337677,-353650090,1491654820,-353589978,1491646878,0,0.41479656100273132,242,-0.14292049407958984,0.069620788097381592,-1.1403045654296875,35369,33.983646392822266,-0.0020285102073103189,0.069918721914291382,-0.0019614154007285833
104904688,104904688,104904,-353627427,1491651942,9.2260770797729492,-1.9585312604904175,-0.20866641402244568,34805,-0.048866461962461472,1.0288207530975342,-353650090,1491654820,-353589894,1491646867,0,0.40668487548828125,237,-0.14049673080444336,0.068680137395858765,-1.0494155883789062,35371,33.774673461914062,-0.0020906375721096992,0.069620788097381592,-0.0020285102073103189
105004648,105004648,105004,-353627344,1491651921,9.1750144958496094,-1.9136196374893188,-0.20442035794258118,34829,-0.036930833011865616,1.028822660446167,-353650090,1491654820,-353589811,1491646856,0,0.39758619666099548,232,-0.13805484771728516,0.067566081881523132,-0.9589691162109375,35372,33.562618255615234,-0.0021477674599736929,0.068680137395858765,-0.0020906375721096992
105104608,105104608,105104,-353627262,1491651900,9.11785888671875,-1.8659517765045166,-0.20007109642028809,34854,-0.021561162546277046,1.0288169384002686,-353650090,1491654820,-353589728,1491646845,0,0.38743120431900024,226,-0.13555812835693359,0.066302686929702759,-0.86733055114746094,35373,33.327640533447266,-0.0021998011507093906,0.067566081881523132,-0.0021477674599736929
105204568,105204568,105204,-353627181,1491651880,9.0506734848022461,-1.8155143260955811,-0.1957361251115799,34879,-0.005396250169724226,1.0288002490997314,-353650090,1491654820,-353589646,1491646834,0,0.37481111288070679,218,-0.13329935073852539,0.064667798578739166,-0.78397369384765625,35374,33.055973052978516,-0.0022472196724265814,0.066302686929702759,-0.0021998011507093906
105304528,105304528,105304,-353627101,1491651860,8.9717273712158203,-1.7629746198654175,-0.19154730439186096,34903,0.0085977595299482346,1.028795599937439,-353650090,1491654820,-353589565,1491646824,0,0.3625207245349884,211,-0.13088607788085938,0.063144952058792114,-0.69645500183105469,35376,32.742042541503906,-0.0022897478193044662,0.064667798578739166,-0.0022472196724265814
105404488,105404488,105404,-353627021,1491651841,8.8829059600830078,-1.7101318836212158,-0.18761073052883148,34926,0.017817093059420586,1.0287920236587524,-353650090,1491654820,-353589484,1491646813,0,0.34849724173545837,203,-0.12883949279785156,0.061352778226137161,-0.62139320373535156,35377,32.393695831298828,-0.0023280999157577753,0.063144952058792114,-0.0022897478193044662
105504448,105504448,105504,-353626942,1491651823,8.788395881652832,-1.658724308013916,-0.18398174643516541,34946,0.020590914413332939,1.0288052558898926,-353650090,1491654820,-353589405,1491646803,0,0.33492246270179749,195,-0.12690925598144531,0.059636414051055908,-0.55162811279296875,35378,32.026767730712891,-0.0023625358007848263,0.061352778226137161,-0.0023280999157577753
105604408,105604408,105604,-353626864,1491651805,8.6942272186279297,-1.6107501983642578,-0.18065562844276428,34965,0.016630830243229866,1.0288043022155762,-353650090,1491654820,-353589326,1491646792,0,0.32303237915039062,188,-0.12501239776611328,0.058177091181278229,-0.48411369323730469,35378,31.663717269897461,-0.0023931032046675682,0.059636414051055908,-0.0023625358007848263
105704368,105704368,105704,-353626787,1491651788,8.6054401397705078,-1.5670734643936157,-0.17755793035030365,34983,0.0071050389669835567,1.0288017988204956,-353650090,1491654820,-353589249,1491646782,0,0.3126099705696106,182,-0.12321710586547852,0.056911531835794449,-0.421905517578125,35379,31.322748184204102,-0.0024200323969125748,0.058177091181278229,-0.0023931032046675682
105804328,105804328,105804,-353626710,1491651771,8.5260610580444336,-1.5281350612640381,-0.17458359897136688,35000,-0.005663272924721241,1.0287951231002808,-353650090,1491654820,-353589171,1491646772,0,0.30461904406547546,177,-0.12134790420532227,0.0560002401471138,-0.35922622680664062,35380,31.018230438232422,-0.0024431860074400902,0.056911531835794449,-0.0024200323969125748
105905121,105905121,105905,-353626634,1491651755,8.4581232070922852,-1.4930193424224854,-0.17163451015949249,35017,-0.01863526925444603,1.0287988185882568,-353650090,1491654820,-353589094,1491646762,0,0.29678809642791748,173,-0.11969566345214844,0.055023603141307831,-0.30484199523925781,35381,30.756681442260742,-0.0024630092084407806,0.0560002401471138,-0.0024431860074400902
106005081,106005081,106005,-353626558,1491651739,8.4015884399414062,-1.4609191417694092,-0.16858826577663422,35035,-0.028612527996301651,1.0287944078445435,-353650090,1491654820,-353589018,1491646751,0,0.28930798172950745,169,-0.11814355850219727,0.054020922631025314,-0.25438690185546875,35382,30.537433624267578,-0.0024796633515506983,0.055023603141307831,-0.0024630092084407806
106105041,106105041,106105,-353626483,1491651723,8.3591270446777344,-1.431316614151001,-0.16544699668884277,35053,-0.033001940697431564,1.0287773609161377,-353650090,1491654820,-353588942,1491646741,0,0.28332787752151489,165,-0.11638736724853516,0.053195931017398834,-0.19927215576171875,35382,30.36956787109375,-0.0024927812628448009,0.054020922631025314,-0.0024796633515506983
106205001,106205001,106205,-353626407,1491651708,8.3244504928588867,-1.4029366970062256,-0.16220802068710327,35071,-0.031708728522062302,1.0287785530090332,-353650090,1491654820,-353588866,1491646731,0,0.27580353617668152,161,-0.11494207382202148,0.052020993083715439,-0.15437126159667969,35383,30.230125427246094,-0.0025029901880770922,0.053195931017398834,-0.0024927812628448009
106304961,106304961,106304,-353626332,1491651693,8.2953910827636719,-1.3745672702789307,-0.15890634059906006,35090,-0.025977743789553642,1.0287837982177734,-353650090,1491654820,-353588791,1491646721,0,0.26803439855575562,156,-0.11345529556274414,0.050754953175783157,-0.10874557495117188,35384,30.110740661621094,-0.0025102102663367987,0.052020993083715439,-0.0025029901880770922
106404921,106404921,106404,-353626257,1491651678,8.2656335830688477,-1.3459126949310303,-0.15558522939682007,35109,-0.017390761524438858,1.0287762880325317,-353650090,1491654820,-353588715,1491646711,0,0.26024404168128967,152,-0.11193704605102539,0.049478843808174133,-0.062654495239257812,35384,29.988954544067383,-0.0025143870152533054,0.050754953175783157,-0.0025102102663367987
106504881,106504881,106504,-353626182,1491651663,8.2331962585449219,-1.3162158727645874,-0.15228717029094696,35128,-0.007373420987278223,1.0287749767303467,-353650090,1491654820,-353588640,1491646701,0,0.25191554427146912,147,-0.11042022705078125,0.048105444759130478,-0.017023086547851562,35385,29.857341766357422,-0.0025155269540846348,0.049478843808174133,-0.0025143870152533054
106604841,106604841,106604,-353626108,1491651649,8.194025993347168,-1.285826563835144,-0.14904485642910004,35147,0.0029899247456341982,1.0287668704986572,-353650090,1491654820,-353588565,1491646692,0,0.24294513463973999,141,-0.10901880264282227,0.046634368598461151,0.024286270141601562,35385,29.701776504516602,-0.002513892250135541,0.048105444759130478,-0.0025155269540846348
106704801,106704801,106704,-353626034,1491651635,8.1480913162231445,-1.2544629573822021,-0.14588697254657745,35165,0.012962426990270615,1.028765082359314,-353650090,1491654820,-353588491,1491646682,0,0.23307174444198608,136,-0.10774803161621094,0.045010469853878021,0.061616897583007812,35386,29.52198600769043,-0.00250971969217062,0.046634368598461151,-0.002513892250135541
106804761,106804761,106804,-353625961,1491651622,8.0943422317504883,-1.222887396812439,-0.14282909035682678,35182,0.022059740498661995,1.0287518501281738,-353650090,1491654820,-353588418,1491646672,0,0.22215239703655243,129,-0.10674142837524414,0.043204013258218765,0.090650558471679688,35386,29.314661026000977,-0.0025035375729203224,0.045010469853878021,-0.00250971969217062
106904721,106904721,106904,-353625888,1491651609,8.0319356918334961,-1.190838098526001,-0.13988010585308075,35199,0.030010631307959557,1.0287619829177856,-353650090,1491654820,-353588344,1491646662,0,0.21163386106491089,123,-0.10569620132446289,0.041494268923997879,0.12014198303222656,35387,29.07666015625,-0.0024952769745141268,0.043204013258218765,-0.0025035375729203224
107004681,107004681,107004,-353625816,1491651596,7.963470458984375,-1.1592525243759155,-0.13703915476799011,35215,0.036645695567131042,1.0287554264068604,-353650090,1491654820,-353588272,1491646653,0,0.20254838466644287,118,-0.10448694229125977,0.040069073438644409,0.15342903137207031,35387,28.817649841308594,-0.0024846328888088465,0.041494268923997879,-0.0024952769745141268
107104641,107104641,107104,-353625745,1491651584,7.8902435302734375,-1.1280947923660278,-0.13431176543235779,35231,0.041816793382167816,1.0287530422210693,-353650090,1491654820,-353588201,1491646643,0,0.19191524386405945,112,-0.10367965698242188,0.038331117480993271,0.17487525939941406,35387,28.542179107666016,-0.00247238390147686,0.040069073438644409,-0.0024846328888088465
107204601,107204601,107204,-353625675,1491651572,7.8147568702697754,-1.0981453657150269,-0.13169749081134796,35246,0.045434091240167618,1.0287424325942993,-353650090,1491654820,-353588131,1491646634,0,0.18300588428974152,107,-0.1026911735534668,0.036916650831699371,0.20058822631835938,35388,28.259487152099609,-0.002458193339407444,0.038331117480993271,-0.00247238390147686
107304561,107304561,107304,-353625606,1491651560,7.7381629943847656,-1.0692224502563477,-0.12919294834136963,35260,0.04742923378944397,1.0287383794784546,-353650090,1491654820,-353588061,1491646625,0,0.17503413558006287,102,-0.10163688659667969,0.035668954253196716,0.22750663757324219,35388,27.973533630371094,-0.0024419338442385197,0.036916650831699371,-0.002458193339407444
107404521,107404521,107404,-353625537,1491651549,7.6629304885864258,-1.0418188571929932,-0.12680211663246155,35274,0.047766979783773422,1.0287314653396606,-353650090,1491654820,-353587992,1491646616,0,0.16624744236469269,97,-0.1009063720703125,0.034220624715089798,0.24492073059082031,35388,27.69329833984375,-0.0024242526851594448,0.035668954253196716,-0.0024419338442385197
107504481,107504481,107504,-353625469,1491651538,7.5902643203735352,-1.0156393051147461,-0.12451647222042084,35287,0.046410243958234787,1.0287470817565918,-353650090,1491654820,-353587924,1491646607,0,0.15817205607891083,92,-0.10013914108276367,0.032878931611776352,0.26305389404296875,35389,27.422885894775391,-0.0024050751235336065,0.034220624715089798,-0.0024242526851594448
107604441,107604441,107604,-353625402,1491651527,7.52197265625,-0.99122804403305054,-0.12233231216669083,35300,0.043365467339754105,1.0287297964096069,-353650090,1491654820,-353587857,1491646598,0,0.15102545917034149,88,-0.099336147308349609,0.031686391681432724,0.28191566467285156,35389,27.168952941894531,-0.0023843303788453341,0.032878931611776352,-0.0024050751235336065
107704401,107704401,107704,-353625335,1491651517,7.458953857421875,-0.968211829662323,-0.12025346606969833,35311,0.038660548627376556,1.0287389755249023,-353650090,1491654820,-353587790,1491646589,0,0.14280650019645691,83,-0.098861217498779297,0.030222333967685699,0.291748046875,35389,26.934501647949219,-0.0023626750335097313,0.031686391681432724,-0.0023843303788453341
107804361,107804361,107804,-353625269,1491651507,7.4028029441833496,-0.94711881875991821,-0.11826636642217636,35323,0.032348692417144775,1.0287295579910278,-353650090,1491654820,-353587724,1491646580,0,0.13543589413166046,79,-0.098362922668457031,0.0288863405585289,0.3022918701171875,35389,26.725418090820312,-0.0023400615900754929,0.030222333967685699,-0.0023626750335097313
107904321,107904321,107904,-353625204,1491651497,7.3541851043701172,-0.92775869369506836,-0.11637189984321594,35334,0.024508038535714149,1.0287353992462158,-353650090,1491654820,-353587658,1491646572,0,0.12953475117683411,75,-0.097674846649169922,0.027816295623779297,0.317626953125,35389,26.543970108032227,-0.0023161384742707014,0.0288863405585289,-0.0023400615900754929
108005114,108005114,108005,-353625138,1491651487,7.3140521049499512,-0.91025924682617188,-0.11454374343156815,35344,0.015180956572294235,1.0287324190139771,-353650090,1491654820,-353587592,1491646563,0,0.12331455945968628,72,-0.097185611724853516,0.026631172746419907,0.3281707763671875,35390,26.393577575683594,-0.0022912702988833189,0.027816295623779297,-0.0023161384742707014
108105074,108105074,108105,-353625072,1491651477,7.2859945297241211,-0.89481282234191895,-0.11279881000518799,35354,0.0046272291801869869,1.0287290811538696,-353650090,1491654820,-353587526,1491646554,0,0.11754854023456573,68,-0.096712112426757812,0.025488536804914474,0.33870887756347656,35390,26.287076950073242,-0.0022655099164694548,0.026631172746419907,-0.0022912702988833189
108205034,108205034,108205,-353625007,1491651468,7.2679433822631836,-0.8815886378288269,-0.11111897975206375,35364,-0.0070359222590923309,1.0287140607833862,-353650090,1491654820,-353587461,1491646546,0,0.11171272397041321,65,-0.096421241760253906,0.024287473410367966,0.34455490112304688,35390,26.217174530029297,-0.0022392349783331156,0.025488536804914474,-0.0022655099164694548
108304994,108304994,108304,-353624941,1491651458,7.261497974395752,-0.86987382173538208,-0.10949986428022385,35373,-0.019595999270677567,1.0287129878997803,-353650090,1491654820,-353587395,1491646537,0,0.10679823160171509,62,-0.095981121063232422,0.023243587464094162,0.35509872436523438,35390,26.189239501953125,-0.0022121269721537828,0.024287473410367966,-0.0022392349783331156
108404954,108404954,108404,-353624875,1491651449,7.2651591300964355,-0.86006253957748413,-0.10794086754322052,35382,-0.032792188227176666,1.028705358505249,-353650090,1491654820,-353587329,1491646528,0,0.10079322755336761,58,-0.095904350280761719,0.021929018199443817,0.35660552978515625,35390,26.198102951049805,-0.0021849132608622313,0.023243587464094162,-0.0022121269721537828
108504914,108504914,108504,-353624810,1491651440,7.2799711227416992,-0.85163700580596924,-0.10643857717514038,35391,-0.046355381608009338,1.0287104845046997,-353650090,1491654820,-353587264,1491646520,0,0.095705278217792511,55,-0.095671176910400391,0.020782899111509323,0.36246681213378906,35390,26.247255325317383,-0.0021573039703071117,0.021929018199443817,-0.0021849132608622313
108604874,108604874,108604,-353624744,1491651431,7.3046755790710449,-0.84499561786651611,-0.10498318821191788,35399,-0.060003302991390228,1.02869713306427,-353650090,1491654820,-353587198,1491646511,0,0.09023747593164444,52,-0.095634937286376953,0.019532026723027229,0.36397171020507812,35390,26.332378387451172,-0.0021296697668731213,0.020782899111509323,-0.0021573039703071117
108704834,108704834,108704,-353624677,1491651422,7.3399410247802734,-0.83937191963195801,-0.10357454419136047,35407,-0.073442190885543823,1.0286999940872192,-353650090,1491654820,-353587131,1491646502,0,0.084564223885536194,49,-0.095643520355224609,0.018218683078885078,0.36476707458496094,35390,26.455535888671875,-0.002102104015648365,0.019532026723027229,-0.0021296697668731213
108804794,108804794,108804,-353624611,1491651413,7.3844404220581055,-0.83537989854812622,-0.10221227258443832,35415,-0.086368843913078308,1.0286900997161865,-353650090,1491654820,-353587065,1491646493,0,0.079394347965717316,46,-0.095643997192382812,0.017004024237394333,0.36627388000488281,35390,26.612253189086914,-0.0020745873916894197,0.018218683078885078,-0.002102104015648365
108904754,108904754,108904,-353624544,1491651404,7.334496021270752,-0.81254535913467407,-0.10115694999694824,35421,-0.07324487715959549,1.0286870002746582,-353650090,1491654820,-353586998,1491646485,0,0.069520853459835052,40,-0.095339775085449219,0.014994514174759388,0.37071800231933594,35390,26.4254150390625,-0.0020465399138629436,0.017004024237394333,-0.0020745873916894197
109004714,109004714,109004,-353624480,1491651395,7.043950080871582,-0.74952661991119385,-0.10110948979854584,35421,-0.029316157102584839,1.028680682182312,-353650090,1491654820,-353586934,1491646476,0,0.050702478736639023,29,-0.094616413116455078,0.011391938664019108,0.3736419677734375,35390,25.366689682006836,-0.0020170912612229586,0.014994514174759388,-0.0020465399138629436
109104674,109104674,109104,-353624419,1491651388,6.7667498588562012,-0.7082335352897644,-0.10113465040922165,35421,-0.013018147088587284,1.0286747217178345,-353650090,1491654820,-353586873,1491646468,0,0.042411394417285919,24,-0.094362735748291016,0.0099211949855089188,0.36429977416992188,35390,24.36400032043457,-0.0019871974363923073,0.011391938664019108,-0.0020170912612229586
109204634,109204634,109204,-353624360,1491651381,6.4999833106994629,-0.68320238590240479,-0.10117010772228241,35421,-0.0067735598422586918,1.0286656618118286,-353650090,1491654820,-353586814,1491646460,0,0.043786842375993729,25,-0.094060897827148438,0.01066286675632,0.3563690185546875,35390,23.404575347900391,-0.0019567555282264948,0.0099211949855089188,-0.0019871974363923073
109304594,109304594,109304,-353624304,1491651373,6.2446093559265137,-0.66338694095611572,-0.1011885479092598,35421,-0.0042407023720443249,1.0286672115325928,-353650090,1491654820,-353586758,1491646453,0,0.050268203020095825,29,-0.093096256256103516,0.012740401551127434,0.36326026916503906,35390,22.487691879272461,-0.0019244595896452665,0.01066286675632,-0.0019567555282264948
109404554,109404554,109404,-353624249,1491651367,6.0018577575683594,-0.64262902736663818,-0.1011916846036911,35421,-0.0031038725282996893,1.0286695957183838,-353650090,1491654820,-353586703,1491646446,0,0.052236393094062805,30,-0.092891693115234375,0.013773556798696518,0.35280990600585938,35390,21.615419387817383,-0.0018918269779533148,0.012740401551127434,-0.0019244595896452665
109504514,109504514,109504,-353624197,1491651360,5.7705593109130859,-0.61948293447494507,-0.10118982195854187,35421,-0.002526919124647975,1.0286766290664673,-353650090,1491654820,-353586651,1491646439,0,0.053859476000070572,31,-0.092172145843505859,0.014770391397178173,0.3535003662109375,35390,20.783025741577148,-0.001857820781879127,0.013773556798696518,-0.0018918269779533148
109604474,109604474,109604,-353624147,1491651354,5.5504169464111328,-0.59571725130081177,-0.10118277370929718,35421,-0.0021810715552419424,1.0286790132522583,-353650090,1491654820,-353586601,1491646432,0,0.052977543324232101,30,-0.091814041137695312,0.015104828402400017,0.34657859802246094,35390,19.990119934082031,-0.0018231578869745135,0.014770391397178173,-0.001857820781879127
109704434,109704434,109704,-353624099,1491651348,5.3400468826293945,-0.57264786958694458,-0.10116931796073914,35421,-0.0019488324178382754,1.0286673307418823,-353650090,1491654820,-353586553,1491646426,0,0.052784338593482971,30,-0.091185569763183594,0.015642819926142693,0.34475898742675781,35390,19.232273101806641,-0.0017873181495815516,0.015104828402400017,-0.0018231578869745135
109804394,109804394,109804,-353624053,1491651342,5.1393165588378906,-0.55116605758666992,-0.10115835070610046,35421,-0.0017652675742283463,1.0286692380905151,-353650090,1491654820,-353586507,1491646420,0,0.053153134882450104,31,-0.0904693603515625,0.016367403790354729,0.34434700012207031,35390,18.509355545043945,-0.0017501229885965586,0.015642819926142693,-0.0017873181495815516
109904354,109904354,109904,-353624008,1491651336,4.9474086761474609,-0.53085213899612427,-0.10114952921867371,35421,-0.0016143744578585029,1.0286731719970703,-353650090,1491654820,-353586462,1491646414,0,0.053761336952447891,31,-0.089693069458007812,0.017196817323565483,0.34463882446289062,35390,17.81829833984375,-0.001711452379822731,0.016367403790354729,-0.0017501229885965586
110004314,110004314,110004,-353623965,1491651331,4.7643489837646484,-0.51181900501251221,-0.10113616287708282,35421,-0.0021219276823103428,1.0286799669265747,-353650090,1491654820,-353586419,1491646408,0,0.053210269659757614,31,-0.089342117309570312,0.017674332484602928,0.337310791015625,35390,17.159233093261719,-0.0016721502179279923,0.017196817323565483,-0.001711452379822731
110105107,110105107,110105,-353623923,1491651325,4.5887351036071777,-0.49314254522323608,-0.10112188011407852,35421,-0.0022939059417694807,1.0286785364151001,-353650090,1491654820,-353586377,1491646403,0,0.05476132407784462,31,-0.088171482086181641,0.018885714933276176,0.34342002868652344,35390,16.526817321777344,-0.0016305880853906274,0.017674332484602928,-0.0016721502179279923
110205067,110205067,110205,-353623883,1491651320,4.422337532043457,-0.47564655542373657,-0.10110320895910263,35421,-0.0023412257432937622,1.0286719799041748,-353650090,1491654820,-353586337,1491646397,0,0.054378289729356766,31,-0.08768463134765625,0.019459141418337822,0.33819389343261719,35390,15.927665710449219,-0.00158813560847193,0.018885714933276176,-0.0016305880853906274
110305027,110305027,110305,-353623844,1491651315,4.2635421752929688,-0.45874777436256409,-0.10107973963022232,35421,-0.0023509387392550707,1.0286818742752075,-353650090,1491654820,-353586298,1491646392,0,0.054650533944368362,31,-0.086900234222412109,0.020284965634346008,0.33738327026367188,35390,15.355812072753906,-0.0015442075673490763,0.019459141418337822,-0.00158813560847193
110404987,110404987,110404,-353623806,1491651311,4.1114649772644043,-0.44273251295089722,-0.1010577604174614,35421,-0.0023452278692275286,1.0286846160888672,-353650090,1491654820,-353586260,1491646387,0,0.053542047739028931,31,-0.086660385131835938,0.020608475431799889,0.32824325561523438,35390,14.808215141296387,-0.001499889069236815,0.020284965634346008,-0.0015442075673490763
110504947,110504947,110504,-353623770,1491651306,3.9657535552978516,-0.42714524269104004,-0.10104053467512131,35422,-0.0023319839965552092,1.0286799669265747,-353650090,1491654820,-353586224,1491646382,0,0.054084647446870804,31,-0.085712432861328125,0.021582288667559624,0.32953453063964844,35390,14.283448219299316,-0.0014537612441927195,0.020608475431799889,-0.001499889069236815
110604907,110604907,110604,-353623735,1491651302,3.8259379863739014,-0.41246622800827026,-0.10102253407239914,35422,-0.0023142679128795862,1.0286668539047241,-353650090,1491654820,-353586189,1491646378,0,0.054006315767765045,31,-0.085054397583007812,0.022338483482599258,0.32622337341308594,35390,13.780020713806152,-0.0014064285205677152,0.021582288667559624,-0.0014537612441927195
110704867,110704867,110704,-353623701,1491651297,3.6917717456817627,-0.39804255962371826,-0.10100729018449783,35422,-0.0022889836691319942,1.028680682182312,-353650090,1491654820,-353586155,1491646373,0,0.054718017578125,31,-0.083948612213134766,0.023455558344721794,0.32891654968261719,35390,13.296804428100586,-0.0013569702859967947,0.022338483482599258,-0.0014064285205677152
110804827,110804827,110804,-353623668,1491651293,3.5628871917724609,-0.38441386818885803,-0.10099410265684128,35422,-0.0022575152106583118,1.0286794900894165,-353650090,1491654820,-353586122,1491646369,0,0.054780852049589157,32,-0.083146095275878906,0.024331929162144661,0.32701492309570312,35390,12.832698822021484,-0.0013060192577540874,0.023455558344721794,-0.0013569702859967947
110904787,110904787,110904,-353623637,1491651289,3.4382455348968506,-0.37101379036903381,-0.10097960382699966,35422,-0.0022240995895117521,1.0286797285079956,-353650090,1491654820,-353586091,1491646365,0,0.054929159581661224,32,-0.082209587097167969,0.025282420217990875,0.32650375366210938,35390,12.383786201477051,-0.0012533033732324839,0.024331929162144661,-0.0013060192577540874
111004747,111004747,111004,-353623607,1491651285,3.3182177543640137,-0.35820075869560242,-0.1009727418422699,35422,-0.0021801753900945187,1.0286685228347778,-353650090,1491654820,-353586061,1491646361,0,0.055245354771614075,32,-0.081185340881347656,0.026347870007157326,0.32669448852539062,35390,11.951526641845703,-0.0011986484751105309,0.025282420217990875,-0.0012533033732324839
111104707,111104707,111104,-353623578,1491651282,3.2025220394134521,-0.34556162357330322,-0.10096720606088638,35422,-0.0021294397301971912,1.02867591381073,-353650090,1491654820,-353586032,1491646357,0,0.053905334323644638,31,-0.080849170684814453,0.026637746021151543,0.31856536865234375,35389,11.534756660461426,-0.0011434277985244989,0.026347870007157326,-0.0011986484751105309
111204667,111204667,111204,-353623550,1491651278,3.0911600589752197,-0.33337306976318359,-0.1009657084941864,35422,-0.0020717121660709381,1.0286846160888672,-353650090,1491654820,-353586004,1491646353,0,0.054250340908765793,31,-0.079657554626464844,0.027774479240179062,0.32015228271484375,35389,11.133589744567871,-0.0010859317844733596,0.026637746021151543,-0.0011434277985244989
111304627,111304627,111304,-353623523,1491651275,2.9840273857116699,-0.32166492938995361,-0.10096187889575958,35422,-0.0020272638648748398,1.0286679267883301,-353650090,1491654820,-353585977,1491646350,0,0.053820021450519562,31,-0.078836917877197266,0.028543783351778984,0.31715774536132812,35389,10.747666358947754,-0.0010269279591739178,0.027774479240179062,-0.0010859317844733596
111404587,111404587,111404,-353623496,1491651272,2.8810050487518311,-0.31056010723114014,-0.10095856338739395,35422,-0.0019854479469358921,1.0286731719970703,-353650090,1491654820,-353585951,1491646346,0,0.052709214389324188,30,-0.078426837921142578,0.028954407200217247,0.30991935729980469,35389,10.376607894897461,-0.00096720876172184944,0.028543783351778984,-0.0010269279591739178
111504547,111504547,111504,-353623471,1491651268,2.7818729877471924,-0.29975274205207825,-0.10094567388296127,35422,-0.0019500404596328735,1.028684139251709,-353650090,1491654820,-353585925,1491646343,0,0.054202556610107422,31,-0.076501369476318359,0.030836481600999832,0.31784439086914062,35389,10.019513130187988,-0.00090377841843292117,0.028954407200217247,-0.00096720876172184944
111604507,111604507,111604,-353623447,1491651265,2.6865963935852051,-0.28942036628723145,-0.10093369334936142,35422,-0.0019247173331677914,1.0286762714385986,-353650090,1491654820,-353585901,1491646340,0,0.054170437157154083,31,-0.075402259826660156,0.03191157802939415,0.31693649291992188,35389,9.6763286590576172,-0.00083828531205654144,0.030836481600999832,-0.00090377841843292117
111704467,111704467,111704,-353623423,1491651262,2.5949609279632568,-0.27950569987297058,-0.1009189784526825,35422,-0.0019076613243669271,1.0286834239959717,-353650090,1491654820,-353585877,1491646337,0,0.054149433970451355,31,-0.074271202087402344,0.033026114106178284,0.31603813171386719,35389,9.3462696075439453,-0.00077067076927050948,0.03191157802939415,-0.00083828531205654144
111804427,111804427,111804,-353623400,1491651259,2.5067565441131592,-0.27002739906311035,-0.10090397298336029,35422,-0.0018881042487919331,1.0286726951599121,-353650090,1491654820,-353585854,1491646333,0,0.053605232387781143,31,-0.073461055755615234,0.033844877034425735,0.31208992004394531,35389,9.0285911560058594,-0.00070155097637325525,0.033026114106178284,-0.00077067076927050948
111904387,111904387,111904,-353623378,1491651257,2.422006368637085,-0.26070880889892578,-0.10088881850242615,35422,-0.0018761601531878114,1.0286726951599121,-353650090,1491654820,-353585833,1491646331,0,0.052721165120601654,30,-0.07277679443359375,0.034451983869075775,0.30680465698242188,35389,8.7232742309570312,-0.00063122296705842018,0.033844877034425735,-0.00070155097637325525
112004347,112004347,112004,-353623357,1491651254,2.340465784072876,-0.25171470642089844,-0.10087355971336365,35423,-0.0018639235058799386,1.0286779403686523,-353650090,1491654820,-353585812,1491646328,0,0.052935466170310974,30,-0.071339130401611328,0.035798110067844391,0.30799293518066406,35389,8.4295082092285156,-0.00055816100211814046,0.034451983869075775,-0.00063122296705842018
112105140,112105140,112105,-353623336,1491651251,2.2620224952697754,-0.24301169812679291,-0.10085808485746384,35423,-0.0018507909262552857,1.0286818742752075,-353650090,1491654820,-353585791,1491646325,0,0.053119093179702759,31,-0.069851398468017578,0.037169095128774643,0.30918121337890625,35389,8.1468830108642578,-0.00048224104102700949,0.035798110067844391,-0.00055816100211814046
112205100,112205100,112205,-353623316,1491651249,2.1858255863189697,-0.2345774918794632,-0.10083921253681183,35423,-0.0018451946089044213,1.0286672115325928,-353650090,1491654820,-353585771,1491646322,0,0.051849935203790665,30,-0.069362163543701172,0.037546403706073761,0.30204582214355469,35389,7.8723568916320801,-0.0004055171157233417,0.037169095128774643,-0.00048224104102700949
112305060,112305060,112305,-353623297,1491651247,2.1138322353363037,-0.22649258375167847,-0.10082056373357773,35423,-0.0018477627309039235,1.0286794900894165,-353650090,1491654820,-353585752,1491646320,0,0.051304738968610764,29,-0.068322658538818359,0.038418039679527283,0.29935264587402344,35389,7.6129326820373535,-0.0003268851141911,0.037546403706073761,-0.0004055171157233417
112405020,112405020,112405,-353623278,1491651244,2.0442819595336914,-0.2188875675201416,-0.10079945623874664,35423,-0.0018610400147736073,1.0286785364151001,-353650090,1491654820,-353585733,1491646317,0,0.051800619810819626,30,-0.066556453704833984,0.040110252797603607,0.30193519592285156,35389,7.3623905181884766,-0.00024487395421601832,0.038418039679527283,-0.0003268851141911
112504980,112504980,112504,-353623260,1491651242,1.9778412580490112,-0.21153464913368225,-0.10077863931655884,35423,-0.0018810847541317344,1.0286787748336792,-353650090,1491654820,-353585715,1491646315,0,0.051450461149215698,30,-0.06536865234375,0.041178543120622635,0.29993820190429688,35389,7.1230158805847168,-0.00016066612442955375,0.040110252797603607,-0.00024487395421601832
112604940,112604940,112604,-353623242,1491651240,1.9135228395462036,-0.20449911057949066,-0.10075414180755615,35423,-0.0018976717256009579,1.0286654233932495,-353650090,1491654820,-353585697,1491646313,0,0.051152531057596207,29,-0.064149379730224609,0.042317230254411697,0.29795074462890625,35389,6.8913192749023438,-7.4202442192472517e-05,0.041178543120622635,-0.00016066612442955375
112704900,112704900,112704,-353623225,1491651238,1.8518418073654175,-0.1975124180316925,-0.10072824358940125,35423,-0.0019147844286635518,1.028679370880127,-353650090,1491654820,-353585680,1491646310,0,0.05014655739068985,29,-0.063387393951416016,0.042868088930845261,0.2928924560546875,35389,6.6690325736999512,1.3627228327095509e-05,0.042317230254411697,-7.4202442192472517e-05
112804860,112804860,112804,-353623208,1491651236,1.7920646667480469,-0.1908743679523468,-0.10070516914129257,35424,-0.0019299797713756561,1.028684139251709,-353650090,1491654820,-353585663,1491646308,0,0.049902521073818207,29,-0.0620269775390625,0.044083908200263977,0.29160308837890625,35389,6.4536581039428711,0.00010399014718132094,0.042868088930845261,1.3627228327095509e-05
112904820,112904820,112904,-353623192,1491651234,1.7349708080291748,-0.18436171114444733,-0.10068219155073166,35424,-0.0019448221428319812,1.0286790132522583,-353650090,1491654820,-353585647,1491646306,0,0.049671310931444168,29,-0.06053924560546875,0.045325655490159988,0.2910003662109375,35389,6.2478857040405273,0.00019713821529876441,0.044083908200263977,0.00010399014718132094
113004780,113004780,113004,-353623176,1491651232,1.6794376373291016,-0.17821142077445984,-0.1006578728556633,35424,-0.0019590663723647594,1.0286716222763062,-353650090,1491654820,-353585631,1491646304,0,0.049557838588953018,28,-0.058999061584472656,0.046719182282686234,0.29039764404296875,35389,6.0478081703186035,0.00029317074222490191,0.045325655490159988,0.00019713821529876441
113104740,113104740,113104,-353623161,1491651230,1.6256064176559448,-0.1723167896270752,-0.10063706338405609,35424,-0.0019649176392704248,1.0286731719970703,-353650090,1491654820,-353585616,1491646302,0,0.049607839435338974,28,-0.057290554046630859,0.048316750675439835,0.290496826171875,35389,5.8538885116577148,0.00039242097409442067,0.046719182282686234,0.00029317074222490191
113204700,113204700,113204,-353623146,1491651228,1.5733573436737061,-0.16664551198482513,-0.10061394423246384,35424,-0.0019664040300995111,1.0286825895309448,-353650090,1491654820,-353585601,1491646300,0,0.049687247723340988,29,-0.055520534515380859,0.050003018230199814,0.29059219360351562,35389,5.6656866073608398,0.00049500464228913188,0.048316750675439835,0.00039242097409442067
113304660,113304660,113304,-353623132,1491651226,1.5227853059768677,-0.16103775799274445,-0.1005924716591835,35424,-0.0019622433464974165,1.0286743640899658,-353650090,1491654820,-353585587,1491646298,0,0.049810547381639481,29,-0.05356597900390625,0.051794309169054031,0.29137802124023438,35389,5.4834814071655273,0.00060128699988126755,0.050003018230199814,0.00049500464228913188
113404620,113404620,113404,-353623119,1491651224,1.4737112522125244,-0.15556789934635162,-0.10057496279478073,35424,-0.0019539082422852516,1.0286829471588135,-353650090,1491654820,-353585574,1491646296,0,0.050038661807775497,29,-0.051405429840087891,0.053767066448926926,0.29286575317382812,35389,5.3066625595092773,0.00071167555870488286,0.051794309169054031,0.00060128699988126755
113504580,113504580,113504,-353623106,1491651223,1.4263954162597656,-0.15032589435577393,-0.1005585789680481,35424,-0.0019473843276500702,1.0286692380905151,-353650090,1491654820,-353585561,1491646295,0,0.049375846982002258,28,-0.050184249877929688,0.054816819727420807,0.28909683227539062,35389,5.1361904144287109,0.00082426250446587801,0.053767066448926926,0.00071167555870488286
113604540,113604540,113604,-353623093,1491651221,1.3805618286132812,-0.14525119960308075,-0.10054457187652588,35424,-0.0019393848488107324,1.0286661386489868,-353650090,1491654820,-353585548,1491646293,0,0.049625378102064133,28,-0.047899723052978516,0.056926202028989792,0.29057693481445312,35389,4.9710602760314941,0.00094118982087820768,0.054816819727420807,0.00082426250446587801
113704500,113704500,113704,-353623081,1491651220,1.3364049196243286,-0.14024467766284943,-0.10052654892206192,35425,-0.0019328286871314049,1.0286704301834106,-353650090,1491654820,-353585536,1491646291,0,0.04833751916885376,28,-0.047276020050048828,0.057282991707324982,0.28372955322265625,35389,4.8119277954101562,0.0010591386817395687,0.056926202028989792,0.00094118982087820768
113804460,113804460,113804,-353623069,1491651218,1.2936378717422485,-0.13543137907981873,-0.1005081832408905,35425,-0.0019294752273708582,1.0286779403686523,-353650090,1491654820,-353585524,1491646290,0,0.049334160983562469,28,-0.043908119201660156,0.060402140021324158,0.2896881103515625,35389,4.6578168869018555,0.001183557091280818,0.057282991707324982,0.0010591386817395687
113904420,113904420,113904,-353623057,1491651217,1.2524274587631226,-0.13065941631793976,-0.10048987716436386,35425,-0.0019274944206699729,1.0286743640899658,-353650090,1491654820,-353585512,1491646288,0,0.047987986356019974,28,-0.043259143829345703,0.060689855366945267,0.28282928466796875,35389,4.5092658996582031,0.0013090329011902213,0.060402140021324158,0.001183557091280818
114004380,114004380,114004,-353623046,1491651215,1.2125468254089355,-0.12614259123802185,-0.10046909749507904,35425,-0.0019270679913461208,1.0286731719970703,-353650090,1491654820,-353585501,1491646287,0,0.049090709537267685,28,-0.039525508880615234,0.064132951200008392,0.28947830200195312,35389,4.365546703338623,0.0014416966587305069,0.060689855366945267,0.0013090329011902213
114104340,114104340,114104,-353623035,1491651214,1.1741669178009033,-0.12172215431928635,-0.10045426338911057,35425,-0.001932433107867837,1.0286840200424194,-353650090,1491654820,-353585490,1491646285,0,0.047891844063997269,27,-0.038682937622070312,0.064614929258823395,0.28332138061523438,35389,4.2272090911865234,0.0015757901128381491,0.064132951200008392,0.0014416966587305069
114205133,114205133,114205,-353623025,1491651213,1.1371135711669922,-0.11744815856218338,-0.10043548792600632,35425,-0.0019372187089174986,1.0286790132522583,-353650090,1491654820,-353585480,1491646284,0,0.047486044466495514,27,-0.036761283874511719,0.066159918904304504,0.28163909912109375,35389,4.0936508178710938,0.0017134968657046556,0.064614929258823395,0.0015757901128381491
114305093,114305093,114305,-353623014,1491651211,1.1014177799224854,-0.11329165101051331,-0.10041447728872299,35425,-0.0019434142159298062,1.0286719799041748,-353650090,1491654820,-353585469,1491646283,0,0.048525962978601456,28,-0.032690525054931641,0.069808714091777802,0.28828811645507812,35389,3.9649724960327148,0.0018589845858514309,0.066159918904304504,0.0017134968657046556
114405053,114405053,114405,-353623005,1491651210,1.0670690536499023,-0.10935140401124954,-0.10039672255516052,35425,-0.0019511462887749076,1.0286825895309448,-353650090,1491654820,-353585460,1491646281,0,0.047590993344783783,27,-0.031450271606445312,0.070671685039997101,0.28351211547851562,35389,3.8411719799041748,0.0020066774450242519,0.069808714091777802,0.0018589845858514309
114505013,114505013,114505,-353622995,1491651209,1.0342029333114624,-0.10562620311975479,-0.10037548840045929,35425,-0.0019653860945254564,1.0286695957183838,-353650090,1491654820,-353585450,1491646280,0,0.047240540385246277,27,-0.029394149780273438,0.072386100888252258,0.28182601928710938,35389,3.7227320671081543,0.0021581701003015041,0.070671685039997101,0.0020066774450242519
114604973,114604973,114604,-353622985,1491651208,1.002122163772583,-0.10206811875104904,-0.100352942943573,35426,-0.001974654383957386,1.028678297996521,-353650090,1491654820,-353585440,1491646279,0,0.046938665211200714,27,-0.027270317077636719,0.074231483042240143,0.28013992309570312,35389,3.6071517467498779,0.0023135892115533352,0.072386100888252258,0.0021581701003015041
114704933,114704933,114704,-353622976,1491651207,0.97156327962875366,-0.098708644509315491,-0.10033659636974335,35426,-0.0019914859440177679,1.0286679267883301,-353650090,1491654820,-353585431,1491646278,0,0.046778511255979538,27,-0.024939537048339844,0.076310992240905762,0.27915191650390625,35389,3.4970650672912598,0.0024733445607125759,0.074231483042240143,0.0023135892115533352
114804893,114804893,114804,-353622967,1491651206,0.94170188903808594,-0.095409519970417023,-0.10031507909297943,35426,-0.0020022809039801359,1.0286743640899658,-353650090,1491654820,-353585422,1491646276,0,0.045932479202747345,26,-0.023660659790039062,0.077311068773269653,0.27437210083007812,35389,3.3894855976104736,0.0026353530120104551,0.076310992240905762,0.0024733445607125759
114904853,114904853,114904,-353622959,1491651205,0.91325265169143677,-0.092114947736263275,-0.10029143095016479,35426,-0.0020157943945378065,1.0286673307418823,-353650090,1491654820,-353585414,1491646275,0,0.045787688344717026,26,-0.021048545837402344,0.079476222395896912,0.274078369140625,35389,3.2869389057159424,0.0028022481128573418,0.077311068773269653,0.0026353530120104551
115004813,115004813,115004,-353622950,1491651204,0.88544809818267822,-0.088927336037158966,-0.10027238726615906,35426,-0.0020265171770006418,1.0286774635314941,-353650090,1491654820,-353585405,1491646274,0,0.045542474836111069,26,-0.018555641174316406,0.081540949642658234,0.2730865478515625,35389,3.1867287158966064,0.0029737798031419516,0.079476222395896912,0.0028022481128573418
115104773,115104773,115104,-353622942,1491651203,0.85841935873031616,-0.085752144455909729,-0.10025231540203094,35426,-0.0020326497033238411,1.0286818742752075,-353650090,1491654820,-353585397,1491646273,0,0.045276083052158356,26,-0.015939235687255859,0.083625674247741699,0.27278518676757812,35389,3.0892879962921143,0.0029737798031419516,0.081540949642658234,0.0029737798031419516
115204733,115204733,115204,-353622935,1491651202,0.83216559886932373,-0.082654111087322235,-0.10023467987775803,35426,-0.0020353379659354687,1.0286704301834106,-353650090,1491654820,-353585390,1491646272,0,0.045128311961889267,26,-0.013006210327148438,0.085993006825447083,0.2731781005859375,35389,2.9946370124816895,0.0029737798031419516,0.083625674247741699,0.0029737798031419516
115304693,115304693,115304,-353622927,1491651201,0.80668532848358154,-0.079528950154781342,-0.10022124648094177,35426,-0.0020359503105282784,1.0286694765090942,-353650090,1491654820,-353585382,1491646271,0,0.044792346656322479,26,-0.010209083557128906,0.088060453534126282,0.27287673950195312,35389,2.9027338027954102,0.0029737798031419516,0.085993006825447083,0.0029737798031419516
115404653,115404653,115404,-353622920,1491651200,0.78188550472259521,-0.076523318886756897,-0.10020652413368225,35426,-0.0020336853340268135,1.0286704301834106,-353650090,1491654820,-353585375,1491646270,0,0.044607661664485931,26,-0.0070676803588867188,0.090491808950901031,0.2732696533203125,35389,2.8132989406585693,0.0029737798031419516,0.088060453534126282,0.0029737798031419516
115504613,115504613,115504,-353622913,1491651199,0.7580752968788147,-0.073618076741695404,-0.10019398480653763,35426,-0.0020332520361989737,1.0286664962768555,-353650090,1491654820,-353585368,1491646269,0,0.04442249983549118,25,-0.0038475990295410156,0.092960447072982788,0.27367019653320312,35389,2.7274279594421387,0.0029737798031419516,0.090491808950901031,0.0029737798031419516
115604573,115604573,115604,-353622906,1491651198,0.73499959707260132,-0.070820458233356476,-0.10017772018909454,35427,-0.0020317886956036091,1.0286746025085449,-353650090,1491654820,-353585361,1491646268,0,0.04425395280122757,25,-0.00052785873413085938,0.095529861748218536,0.27405548095703125,35389,2.6442136764526367,0.0029737798031419516,0.092960447072982788,0.0029737798031419516
115704533,115704533,115704,-353622899,1491651198,0.71252745389938354,-0.068309344351291656,-0.10016108304262161,35427,-0.0020302238408476114,1.0286679267883301,-353650090,1491654820,-353585354,1491646267,0,0.042642850428819656,24,-0.00061893463134765625,0.094957873225212097,0.26543426513671875,35389,2.5632498264312744,0.0029737798031419516,0.095529861748218536,0.0029737798031419516
115804493,115804493,115804,-353622893,1491651197,0.69063526391983032,-0.065916404128074646,-0.10014648735523224,35427,-0.0020279367454349995,1.0286685228347778,-353650090,1491654820,-353585348,1491646267,0,0.043441765010356903,25,0.0046682283282279968,0.099823139607906342,0.27030563354492188,35389,2.4843943119049072,0.0029737798031419516,0.094957873225212097,0.0029737798031419516
115904453,115904453,115904,-353622887,1491651196,0.66953325271606445,-0.063581749796867371,-0.10013171285390854,35427,-0.0020232843235135078,1.0286685228347778,-353650090,1491654820,-353585342,1491646266,0,0.043556224554777145,25,0.0085769295692443848,0.10325728356838226,0.27139663696289062,35389,2.4083762168884277,0.0029737798031419516,0.099823139607906342,0.0029737798031419516
116004413,116004413,116004,-353622881,1491651195,0.64902669191360474,-0.061324737966060638,-0.10011743009090424,35427,-0.0020200912840664387,1.0286797285079956,-353650090,1491654820,-353585336,1491646265,0,0.043678399175405502,25,0.012629240751266479,0.10683678090572357,0.2724761962890625,35389,2.3345077037811279,0.0029737798031419516,0.10325728356838226,0.0029737798031419516
116104373,116104373,116104,-353622875,1491651195,0.62931448221206665,-0.059166636317968369,-0.10010111331939697,35427,-0.0020177911501377821,1.0286695957183838,-353650090,1491654820,-353585330,1491646264,0,0.042225036770105362,24,0.012778431177139282,0.10652046650648117,0.26453018188476562,35389,2.2635047435760498,0.0029737798031419516,0.10683678090572357,0.0029737798031419516
116204333,116204333,116204,-353622869,1491651194,0.61018830537796021,-0.057092797011137009,-0.10008513927459717,35427,-0.0020172242075204849,1.0286769866943359,-353650090,1491654820,-353585324,1491646263,0,0.0423722043633461,24,0.016967520117759705,0.11026176810264587,0.26561355590820312,35389,2.19461989402771,0.0029737798031419516,0.10652046650648117,0.0029737798031419516
116305126,116305126,116305,-353622864,1491651193,0.59171122312545776,-0.055173825472593307,-0.10007216781377792,35427,-0.0020154761150479317,1.0286762714385986,-353650090,1491654820,-353585319,1491646263,0,0.043366439640522003,25,0.023427672684192657,0.11640334874391556,0.27118682861328125,35389,2.1281013488769531,0.0029737798031419516,0.11026176810264587,0.0029737798031419516
116405086,116405086,116405,-353622858,1491651193,0.57367897033691406,-0.053354557603597641,-0.10005520284175873,35427,-0.0020153690129518509,1.0286771059036255,-353650090,1491654820,-353585313,1491646262,0,0.042015641927719116,24,0.023587256669998169,0.11632469296455383,0.26324844360351562,35389,2.0632021427154541,0.0029737798031419516,0.11640334874391556,0.0029737798031419516
116505046,116505046,116505,-353622853,1491651192,0.5566023588180542,-0.05160294845700264,-0.10004051029682159,35427,-0.0020186891779303551,1.0286712646484375,-353650090,1491654820,-353585308,1491646261,0,0.042351387441158295,24,0.028430283069610596,0.12087664008140564,0.26502609252929688,35389,2.0017333030700684,0.0029737798031419516,0.11632469296455383,0.0029737798031419516
116605006,116605006,116605,-353622848,1491651191,0.5399288535118103,-0.049861695617437363,-0.10002665221691132,35427,-0.0020226200576871634,1.0286656618118286,-353650090,1491654820,-353585303,1491646261,0,0.043338257819414139,25,0.035465143620967865,0.12755259871482849,0.27059555053710938,35389,1.9417051076889038,0.0029737798031419516,0.12087664008140564,0.0029737798031419516
116704966,116704966,116704,-353622843,1491651191,0.52393287420272827,-0.048183590173721313,-0.10001260787248611,35427,-0.0020258508156985044,1.0286785364151001,-353650090,1491654820,-353585298,1491646260,0,0.042062848806381226,24,0.035875879228115082,0.12758311629295349,0.26334381103515625,35389,1.8841137886047363,0.0029737798031419516,0.12755259871482849,0.0029737798031419516
116804926,116804926,116804,-353622838,1491651190,0.50819742679595947,-0.04648992046713829,-0.099998243153095245,35428,-0.0020220493897795677,1.0286651849746704,-353650090,1491654820,-353585293,1491646259,0,0.042346730828285217,24,0.041228942573070526,0.13245506584644318,0.26511383056640625,35389,1.8274471759796143,0.0029737798031419516,0.12758311629295349,0.0029737798031419516
116904886,116904886,116904,-353622834,1491651189,0.49300852417945862,-0.044860653579235077,-0.099984534084796906,35428,-0.0020187054760754108,1.0286802053451538,-353650090,1491654820,-353585289,1491646259,0,0.043429426848888397,25,0.049337670207023621,0.14008143544197083,0.27138137817382812,35389,1.7727506160736084,0.0029737798031419516,0.13245506584644318,0.0029737798031419516
117004846,117004846,117004,-353622829,1491651189,0.47814068198204041,-0.043193165212869644,-0.099971123039722443,35428,-0.0020157110411673784,1.0286794900894165,-353650090,1491654820,-353585284,1491646258,0,0.042087022215127945,24,0.049889206886291504,0.13998034596443176,0.26412582397460938,35389,1.7191874980926514,0.0029737798031419516,0.14008143544197083,0.0029737798031419516
117104806,117104806,117104,-353622825,1491651188,0.46398350596427917,-0.041692227125167847,-0.099953383207321167,35428,-0.0020110243931412697,1.0286707878112793,-353650090,1491654820,-353585280,1491646258,0,0.043183475732803345,25,0.058456987142562866,0.14807343482971191,0.27039718627929688,35389,1.6682130098342896,0.0029737798031419516,0.13998034596443176,0.0029737798031419516
117204766,117204766,117204,-353622820,1491651188,0.45012977719306946,-0.040224991738796234,-0.099936813116073608,35428,-0.0020091859623789787,1.0286651849746704,-353650090,1491654820,-353585275,1491646257,0,0.04189864918589592,24,0.058969862759113312,0.14809621870517731,0.2631378173828125,35389,1.6183319091796875,0.0029737798031419516,0.14807343482971191,0.0029737798031419516
117304726,117304726,117304,-353622816,1491651187,0.43659418821334839,-0.038866076618432999,-0.099929451942443848,35428,-0.0020034078042954206,1.0286840200424194,-353650090,1491654820,-353585271,1491646256,0,0.042369451373815536,24,0.06567055732011795,0.15445756912231445,0.26559829711914062,35389,1.5696206092834473,0.0029737798031419516,0.14809621870517731,0.0029737798031419516
117404686,117404686,117404,-353622812,1491651187,0.42335003614425659,-0.037565700709819794,-0.099918477237224579,35428,-0.0019929443951696157,1.0286825895309448,-353650090,1491654820,-353585267,1491646256,0,0.041943147778511047,24,0.069215133786201477,0.15771771967411041,0.26284027099609375,35389,1.5219674110412598,0.0029737798031419516,0.15445756912231445,0.0029737798031419516
117504646,117504646,117504,-353622809,1491651186,0.41038432717323303,-0.036309506744146347,-0.099904187023639679,35428,-0.0019831014797091484,1.0286656618118286,-353650090,1491654820,-353585264,1491646255,0,0.042563475668430328,24,0.076930075883865356,0.165177121758461,0.26599884033203125,35389,1.4753215312957764,0.0029737798031419516,0.15771771967411041,0.0029737798031419516
117604606,117604606,117604,-353622805,1491651186,0.3977542519569397,-0.035070005804300308,-0.099893458187580109,35428,-0.0019720173440873623,1.0286736488342285,-353650090,1491654820,-353585260,1491646255,0,0.042134493589401245,24,0.080799907445907593,0.16874252259731293,0.26323699951171875,35389,1.4298783540725708,0.0029737798031419516,0.165177121758461,0.0029737798031419516
117704566,117704566,117704,-353622801,1491651185,0.38567438721656799,-0.033848613500595093,-0.099880941212177277,35428,-0.0019607946742326021,1.0286771059036255,-353650090,1491654820,-353585256,1491646254,0,0.04259723424911499,24,0.088478505611419678,0.17601895332336426,0.26569747924804688,35389,1.3864036798477173,0.0029737798031419516,0.16874252259731293,0.0029737798031419516
117804526,117804526,117804,-353622798,1491651185,0.37400469183921814,-0.032675120979547501,-0.09987194836139679,35428,-0.0019550444558262825,1.0286778211593628,-353650090,1491654820,-353585253,1491646254,0,0.042268168181180954,24,0.093015260994434357,0.18015953898429871,0.2636260986328125,35389,1.344407320022583,0.0029737798031419516,0.17601895332336426,0.0029737798031419516
117904486,117904486,117904,-353622794,1491651184,0.36272159218788147,-0.031591791659593582,-0.099860250949859619,35428,-0.0019501670030876994,1.028670072555542,-353650090,1491654820,-353585249,1491646253,0,0.042765773832798004,24,0.10116894543170929,0.18804624676704407,0.26609039306640625,35389,1.3038184642791748,0.0029737798031419516,0.18015953898429871,0.0029737798031419516
118004446,118004446,118004,-353622791,1491651184,0.35181176662445068,-0.030514206737279892,-0.099850386381149292,35428,-0.001944268005900085,1.0286679267883301,-353650090,1491654820,-353585246,1491646253,0,0.042447600513696671,24,0.10597769170999527,0.19249564409255981,0.2640228271484375,35389,1.2645630836486816,0.0029737798031419516,0.18804624676704407,0.0029737798031419516
118104406,118104406,118104,-353622788,1491651184,0.34126764535903931,-0.029453946277499199,-0.099839337170124054,35428,-0.0019391325768083334,1.0286825895309448,-353650090,1491654820,-353585243,1491646253,0,0.0421152263879776,24,0.11085954308509827,0.19695365428924561,0.2619476318359375,35389,1.2266179323196411,0.0029737798031419516,0.19249564409255981,0.0029737798031419516
118204366,118204366,118204,-353622785,1491651183,0.33104062080383301,-0.028391310945153236,-0.099826730787754059,35429,-0.0019315481185913086,1.0286685228347778,-353650090,1491654820,-353585240,1491646252,0,0.04267994686961174,24,0.1203397661447525,0.20589424669742584,0.26510238647460938,35389,1.1898038387298584,0.0029737798031419516,0.19695365428924561,0.0029737798031419516
118304326,118304326,118304,-353622782,1491651183,0.32104149460792542,-0.02731982059776783,-0.099816426634788513,35429,-0.0019265123410150409,1.0286688804626465,-353650090,1491654820,-353585237,1491646252,0,0.042306248098611832,24,0.12563493847846985,0.21052788197994232,0.26302719116210938,35389,1.153800368309021,0.0029737798031419516,0.20589424669742584,0.0029737798031419516
118405119,118405119,118405,-353622779,1491651182,0.31125113368034363,-0.026194645091891289,-0.099804304540157318,35429,-0.001913304440677166,1.0286726951599121,-353650090,1491654820,-353585234,1491646252,0,0.043479170650243759,25,0.13943508267402649,0.22339640557765961,0.26998519897460938,35389,1.1185263395309448,0.0029737798031419516,0.21052788197994232,0.0029737798031419516
118505079,118505079,118505,-353622776,1491651182,0.30181089043617249,-0.025142475962638855,-0.099791876971721649,35429,-0.001906477496959269,1.0286825895309448,-353650090,1491654820,-353585231,1491646251,0,0.042409401386976242,24,0.14164090156555176,0.22475437819957733,0.26410675048828125,35389,1.084524393081665,0.0029737798031419516,0.22339640557765961,0.0029737798031419516
118605039,118605039,118605,-353622773,1491651182,0.29263308644294739,-0.024020787328481674,-0.0997733473777771,35429,-0.0018967967480421066,1.0286755561828613,-353650090,1491654820,-353585228,1491646251,0,0.041955795139074326,24,0.14752703905105591,0.22942842543125153,0.26204299926757812,35389,1.051439642906189,0.0029737798031419516,0.22475437819957733,0.0029737798031419516
118704999,118704999,118704,-353622771,1491651181,0.28388237953186035,-0.023044724017381668,-0.09976465255022049,35429,-0.001888741971924901,1.0286661386489868,-353650090,1491654820,-353585226,1491646250,0,0.042603660374879837,24,0.15937751531600952,0.24037693440914154,0.2658843994140625,35389,1.0199229717254639,0.0029737798031419516,0.22942842543125153,0.0029737798031419516
118804959,118804959,118804,-353622768,1491651181,0.27526599168777466,-0.022065801545977592,-0.099753811955451965,35429,-0.0018798311939463019,1.028684139251709,-353650090,1491654820,-353585223,1491646250,0,0.04220161959528923,24,0.16569724678993225,0.24568793177604675,0.26381683349609375,35389,0.98888587951660156,0.0029737798031419516,0.24037693440914154,0.0029737798031419516
118904919,118904919,118904,-353622766,1491651181,0.26703524589538574,-0.021046889945864677,-0.099745243787765503,35429,-0.0018719237996265292,1.0286822319030762,-353650090,1491654820,-353585221,1491646250,0,0.041872195899486542,24,0.17277625203132629,0.25143054127693176,0.2624359130859375,35389,0.95921516418457031,0.0029737798031419516,0.24568793177604675,0.0029737798031419516
119004879,119004879,119004,-353622763,1491651180,0.25889530777931213,-0.020031452178955078,-0.099734686315059662,35429,-0.0018591654952615499,1.0286694765090942,-353650090,1491654820,-353585218,1491646249,0,0.042339503765106201,24,0.18529060482978821,0.2625095546245575,0.26558685302734375,35389,0.92987149953842163,0.0029737798031419516,0.25143054127693176,0.0029737798031419516
119104839,119104839,119104,-353622761,1491651180,0.25097948312759399,-0.019127180799841881,-0.099722780287265778,35429,-0.0018460339633747935,1.0286837816238403,-353650090,1491654820,-353585216,1491646249,0,0.042062118649482727,24,0.19313605129718781,0.26919916272163391,0.26420974731445312,35389,0.90136027336120605,0.0029737798031419516,0.2625095546245575,0.0029737798031419516
119204799,119204799,119204,-353622759,1491651180,0.24323990941047668,-0.01816248707473278,-0.099716998636722565,35429,-0.0018314599292352796,1.0286840200424194,-353650090,1491654820,-353585214,1491646249,0,0.041736673563718796,24,0.20128327608108521,0.2758139967918396,0.26282501220703125,35389,0.87346363067626953,0.0029737798031419516,0.26919916272163391,0.0029737798031419516
119304759,119304759,119304,-353622756,1491651180,0.23571477830410004,-0.01734357513487339,-0.099707581102848053,35429,-0.0018161244224756956,1.0286688804626465,-353650090,1491654820,-353585211,1491646248,0,0.040690071880817413,23,0.20410265028476715,0.27754896879196167,0.25695419311523438,35389,0.84637320041656494,0.0029737798031419516,0.2758139967918396,0.0029737798031419516
119404719,119404719,119404,-353622754,1491651179,0.22829693555831909,-0.016557328402996063,-0.099695824086666107,35429,-0.0018036116380244493,1.028684139251709,-353650090,1491654820,-353585209,1491646248,0,0.042053259909152985,24,0.22433918714523315,0.29673781991004944,0.26459884643554688,35389,0.8196755051612854,0.0029737798031419516,0.27754896879196167,0.0029737798031419516
119504679,119504679,119504,-353622752,1491651179,0.22109422087669373,-0.015868734568357468,-0.099680885672569275,35429,-0.0017860820516943932,1.0286834239959717,-353650090,1491654820,-353585207,1491646248,0,0.041864555329084396,24,0.23365968465805054,0.30531045794487,0.26322555541992188,35389,0.79377210140228271,0.0029737798031419516,0.29673781991004944,0.0029737798031419516
119604639,119604639,119604,-353622750,1491651179,0.21398824453353882,-0.015067901462316513,-0.099656336009502411,35430,-0.0017701663309708238,1.0286668539047241,-353650090,1491654820,-353585205,1491646248,0,0.041601166129112244,24,0.24347144365310669,0.31377002596855164,0.26183700561523438,35389,0.76818639039993286,0.0029737798031419516,0.30531045794487,0.0029737798031419516
119704599,119704599,119704,-353622748,1491651179,0.20700523257255554,-0.014310759492218494,-0.099627360701560974,35430,-0.0017517654923722148,1.0286747217178345,-353650090,1491654820,-353585203,1491646247,0,0.040682807564735413,23,0.24832013249397278,0.31734266877174377,0.25666046142578125,35389,0.74305224418640137,0.0029737798031419516,0.31377002596855164,0.0029737798031419516
119804559,119804559,119804,-353622746,1491651178,0.2002074122428894,-0.013527223840355873,-0.099587097764015198,35430,-0.001730920048430562,1.0286778211593628,-353650090,1491654820,-353585201,1491646247,0,0.042018234729766846,24,0.27230009436607361,0.33976361155509949,0.26430130004882812,35389,0.71857470273971558,0.0029737798031419516,0.31734266877174377,0.0029737798031419516
119904519,119904519,119904,-353622745,1491651178,0.1937500387430191,-0.012639989145100117,-0.099547393620014191,35430,-0.0017120686825364828,1.0286698341369629,-353650090,1491654820,-353585200,1491646247,0,0.041792523115873337,24,0.28450927138328552,0.34965559840202332,0.26361083984375,35389,0.69529116153717041,0.0029737798031419516,0.33976361155509949,0.0029737798031419516
120004479,120004479,120004,-353622743,1491651178,0.18749596178531647,-0.011696123518049717,-0.099505074322223663,35430,-0.0016961194342002273,1.0286797285079956,-353650090,1491654820,-353585198,1491646247,0,0.041401151567697525,24,0.2960716187953949,0.3583715558052063,0.26223373413085938,35389,0.6727256178855896,0.0029737798031419516,0.34965559840202332,0.0029737798031419516
135704863,135704863,135704,-353612051,1491649816,28.116228103637695,-2.9506611824035645,-0.10187176614999771,35417,0.11376076191663742,1.0295089483261108,-353612051,1491649816,-353522712,1491638303,0,-0.0027349498122930527,-1,-0.10471630096435547,-0.00015396924572996795,-0,35400,101.23675537109375,0,0.3583715558052063,0.0029737798031419516
135804823,135804823,135804,-353611798,1491649783,27.913755416870117,-2.9359664916992188,-0.10281676799058914,35411,0.10360470414161682,1.0295368432998657,-353612051,1491649816,-353522459,1491638270,0,0.0019415094284340739,1,-0.10468435287475586,0.00011009113222826272,0.0035509467124938965,35400,100.51016998291016,7.0630186144171603e-08,-0.00015396924572996795,0
135904783,135904783,135904,-353611547,1491649750,27.752079010009766,-2.9326498508453369,-0.10339996218681335,35408,0.081409871578216553,1.0295655727386475,-353612051,1491649816,-353522207,1491638238,0,0.011600812897086143,6,-0.10462093353271484,0.00066160940332338214,0.009453117847442627,35400,99.933158874511719,2.5974330242206634e-07,0.00011009113222826272,7.0630186144171603e-08
136004743,136004743,136004,-353611299,1491649718,27.621099472045898,-2.9294502735137939,-0.10334993153810501,35408,0.051312476396560669,1.0295919179916382,-353612051,1491649816,-353521959,1491638206,0,0.018261641263961792,10,-0.10461711883544922,0.0010463817743584514,0.0098024606704711914,35400,99.46551513671875,4.5676716808884521e-07,0.00066160940332338214,2.5974330242206634e-07
136104703,136104703,136104,-353611053,1491649686,27.49284553527832,-2.9252245426177979,-0.10372348874807358,35406,0.016723690554499626,1.0296218395233154,-353612051,1491649816,-353521713,1491638174,0,0.024466622620820999,14,-0.10459232330322266,0.0014084132853895426,0.012450933456420898,35400,99.007217407226562,7.0818225594848627e-07,0.0010463817743584514,4.5676716808884521e-07
136204663,136204663,136204,-353610808,1491649653,27.360254287719727,-2.9165716171264648,-0.1031704843044281,35409,-0.018958989530801773,1.0296220779418945,-353612051,1491649816,-353521468,1491638143,0,0.030133858323097229,17,-0.10445499420166016,0.0017430162988603115,0.025385022163391113,35400,98.53179931640625,1.2232417248014826e-06,0.0014084132853895426,7.0818225594848627e-07
136304623,136304623,136304,-353610565,1491649621,27.211366653442383,-2.8991382122039795,-0.10203539580106735,35416,-0.049890473484992981,1.0296326875686646,-353612051,1491649816,-353521225,1491638111,0,0.029989831149578094,17,-0.10439682006835938,0.0017441872041672468,0.031459331512451172,35400,97.995025634765625,1.8650446236279095e-06,0.0017430162988603115,1.2232417248014826e-06
136404583,136404583,136404,-353610323,1491649590,27.056268692016602,-2.8793292045593262,-0.10270065069198608,35412,-0.068207882344722748,1.0296378135681152,-353612051,1491649816,-353520983,1491638080,0,0.027542980387806892,16,-0.10440969467163086,0.0016110831638798118,0.029785633087158203,35400,97.435234069824219,2.4761934582784306e-06,0.0017441872041672468,1.8650446236279095e-06
136504543,136504543,136504,-353610083,1491649558,26.909244537353516,-2.865156888961792,-0.10376200079917908,35406,-0.074391849339008331,1.0296587944030762,-353612051,1491649816,-353520743,1491638049,0,0.03003695048391819,17,-0.1043086051940918,0.0017665534978732467,0.039426088333129883,35400,96.906318664550781,3.2895627555262763e-06,0.0016110831638798118,2.4761934582784306e-06
136604503,136604503,136604,-353609844,1491649527,26.781259536743164,-2.8572232723236084,-0.10390619933605194,35405,-0.071043007075786591,1.0296542644500732,-353612051,1491649816,-353520504,1491638019,0,0.033962655812501907,19,-0.104278564453125,0.0020069356542080641,0.041387796401977539,35400,96.447578430175781,4.1474636418570299e-06,0.0017665534978732467,3.2895627555262763e-06
136704463,136704463,136704,-353609605,1491649495,26.669185638427734,-2.8447921276092529,-0.10269457846879959,35412,-0.064202062785625458,1.0296484231948853,-353612051,1491649816,-353520265,1491637988,0,0.035435657948255539,20,-0.10416507720947266,0.0021027827169746161,0.052175045013427734,35400,96.043785095214844,5.2335135478642769e-06,0.0020069356542080641,4.1474636418570299e-06
136804423,136804423,136804,-353609368,1491649464,26.582298278808594,-2.8285970687866211,-0.10276520997285843,35412,-0.058650657534599304,1.0296438932418823,-353612051,1491649816,-353520028,1491637957,0,0.031676497310400009,18,-0.10412406921386719,0.0018859063275158405,0.056182861328125,35400,95.728248596191406,6.406843112927163e-06,0.0021027827169746161,5.2335135478642769e-06
136904383,136904383,136904,-353609131,1491649433,26.519687652587891,-2.8196029663085938,-0.10320843011140823,35409,-0.058711975812911987,1.0296545028686523,-353612051,1491649816,-353519791,1491637927,0,0.03101828321814537,18,-0.10407209396362305,0.0018510958179831505,0.060456275939941406,35400,95.50189208984375,7.672411811654456e-06,0.0018859063275158405,6.406843112927163e-06
137004343,137004343,137004,-353608895,1491649402,26.480804443359375,-2.8159823417663574,-0.10368337482213974,35406,-0.0668315589427948,1.029654860496521,-353612051,1491649816,-353519555,1491637896,0,0.032143089920282364,18,-0.10402154922485352,0.0019210341852158308,0.065568923950195312,35400,95.362060546875,9.0470193754299544e-06,0.0018510958179831505,7.672411811654456e-06
137105136,137105136,137105,-353608659,1491649371,26.467218399047852,-2.8197343349456787,-0.10404050350189209,35404,-0.078585304319858551,1.029657244682312,-353612051,1491649816,-353519319,1491637866,0,0.036414932459592819,21,-0.10395908355712891,0.0021774133201688528,0.070985794067382812,35400,95.315109252929688,1.0536517038417514e-05,0.0019210341852158308,9.0470193754299544e-06
137205096,137205096,137205,-353608420,1491649340,26.46844482421875,-2.8248574733734131,-0.10386937111616135,35405,-0.090316250920295715,1.0296577215194702,-353612051,1491649816,-353519080,1491637835,0,0.039835136383771896,23,-0.10394144058227539,0.002381766214966774,0.072714805603027344,35400,95.321418762207031,1.206158322020201e-05,0.0021774133201688528,1.0536517038417514e-05
137305056,137305056,137305,-353608182,1491649309,26.496280670166016,-2.8327839374542236,-0.10322946310043335,35409,-0.10051897913217545,1.0296450853347778,-353612051,1491649816,-353518842,1491637804,0,0.043436359614133835,25,-0.10391378402709961,0.0025943056680262089,0.075550556182861328,35400,95.423553466796875,1.3644427781400736e-05,0.002381766214966774,1.206158322020201e-05
137405016,137405016,137405,-353607943,1491649277,26.546024322509766,-2.8351190090179443,-0.10267245769500732,35412,-0.10737113654613495,1.0296410322189331,-353612051,1491649816,-353518603,1491637774,0,0.04372844472527504,25,-0.1037898063659668,0.002606887836009264,0.086683750152587891,35401,95.6015625,1.5457140762009658e-05,0.0025943056680262089,1.3644427781400736e-05
137504976,137504976,137504,-353607702,1491649246,26.616762161254883,-2.8366646766662598,-0.10258486121892929,35413,-0.10895016044378281,1.0296320915222168,-353612051,1491649816,-353518362,1491637742,0,0.039782039821147919,23,-0.10380840301513672,0.0023653744719922543,0.085767269134521484,35400,95.854034423828125,1.724596404528711e-05,0.002606887836009264,1.5457140762009658e-05
137604936,137604936,137604,-353607461,1491649214,26.701784133911133,-2.842909574508667,-0.1029590368270874,35411,-0.10607133805751801,1.0296339988708496,-353612051,1491649816,-353518121,1491637711,0,0.039635781198740005,23,-0.10372018814086914,0.0023492004256695509,0.094278335571289062,35401,96.159156799316406,1.9206061551813036e-05,0.0023653744719922543,1.724596404528711e-05
137704896,137704896,137704,-353607219,1491649183,26.797380447387695,-2.8541629314422607,-0.1043059378862381,35403,-0.10312650352716446,1.0296344757080078,-353612051,1491649816,-353517879,1491637680,0,0.040165577083826065,23,-0.10373687744140625,0.002372098620980978,0.092659473419189453,35401,96.503822326660156,2.112562106049154e-05,0.0023492004256695509,1.9206061551813036e-05
137804856,137804856,137804,-353606976,1491649151,26.890632629394531,-2.8794033527374268,-0.10515375435352325,35398,-0.10258644819259644,1.0296280384063721,-353612051,1491649816,-353517636,1491637649,0,0.051003314554691315,29,-0.10367012023925781,0.0030015292577445507,0.098977088928222656,35401,96.845466613769531,2.3168824554886669e-05,0.002372098620980978,2.112562106049154e-05
137904816,137904816,137904,-353606732,1491649118,26.995391845703125,-2.9032759666442871,-0.10486641526222229,35400,-0.1040380448102951,1.0296139717102051,-353612051,1491649816,-353517391,1491637617,0,0.061444003134965897,36,-0.10353374481201172,0.0036017515230923891,0.11279535293579102,35401,97.227584838867188,2.548813063185662e-05,0.0030015292577445507,2.3168824554886669e-05
138004776,138004776,138004,-353606487,1491649086,27.107334136962891,-2.9203417301177979,-0.10377019643783569,35406,-0.10913150012493134,1.0296241044998169,-353612051,1491649816,-353517146,1491637586,0,0.065608546137809753,38,-0.10348892211914062,0.0038299141451716423,0.11693477630615234,35401,97.6326904296875,2.7882575523108244e-05,0.0036017515230923891,2.548813063185662e-05
138104736,138104736,138104,-353606243,1491649054,27.217643737792969,-2.9330596923828125,-0.10400550812482834,35405,-0.11612619459629059,1.0296174287796021,-353612051,1491649816,-353516902,1491637554,0,0.067099511623382568,39,-0.10344791412353516,0.0039010625332593918,0.12163829803466797,35401,98.030311584472656,3.036322959815152e-05,0.0038299141451716423,2.7882575523108244e-05
138204696,138204696,138204,-353605998,1491649021,27.338312149047852,-2.9474432468414307,-0.10373635590076447,35406,-0.12253907322883606,1.029609203338623,-353612051,1491649816,-353516657,1491637523,0,0.070610322058200836,41,-0.10331153869628906,0.0040870346128940582,0.13483095169067383,35401,98.4654541015625,3.3100779546657577e-05,0.0039010625332593918,3.036322959815152e-05
138304656,138304656,138304,-353605753,1491648989,27.463966369628906,-2.9585776329040527,-0.10422166436910629,35403,-0.12823657691478729,1.0296003818511963,-353612051,1491649816,-353516412,1491637491,0,0.069934487342834473,41,-0.10328245162963867,0.0040294332429766655,0.13842344284057617,35401,98.917098999023438,3.5898436181014404e-05,0.0040870346128940582,3.3100779546657577e-05
138404616,138404616,138404,-353605507,1491648956,27.594047546386719,-2.9775657653808594,-0.10486917942762375,35400,-0.1288636326789856,1.0295976400375366,-353612051,1491649816,-353516166,1491637460,0,0.075544148683547974,44,-0.10315799713134766,0.0043320469558238983,0.1505589485168457,35401,99.387527465820312,3.8926962588448077e-05,0.0040294332429766655,3.5898436181014404e-05
138504576,138504576,138504,-353605260,1491648924,27.720434188842773,-2.9953796863555908,-0.1054852157831192,35396,-0.12587612867355347,1.0295761823654175,-353612051,1491649816,-353515919,1491637428,0,0.078655742108821869,46,-0.1031494140625,0.0044898437336087227,0.15197849273681641,35401,99.844345092773438,4.1970055463025346e-05,0.0043320469558238983,3.8926962588448077e-05
138604536,138604536,138604,-353605012,1491648891,27.854597091674805,-3.010122537612915,-0.10438722372055054,35402,-0.12160210311412811,1.0295815467834473,-353612051,1491649816,-353515671,1491637396,0,0.080752953886985779,47,-0.10306024551391602,0.0045873518101871014,0.16133785247802734,35401,100.32768249511719,4.5184988266555592e-05,0.0044898437336087227,4.1970055463025346e-05
138704496,138704496,138704,-353604763,1491648858,27.990997314453125,-3.0206124782562256,-0.10437756031751633,35402,-0.11938446015119553,1.0295627117156982,-353612051,1491649816,-353515422,1491637364,0,0.079879678785800934,47,-0.1029820442199707,0.0045157037675380707,0.16962242126464844,35401,100.81732940673828,4.8548590712016448e-05,0.0045873518101871014,4.5184988266555592e-05
138804456,138804456,138804,-353604512,1491648824,28.121475219726562,-3.0302028656005859,-0.10473297536373138,35400,-0.11907937377691269,1.0295523405075073,-353612051,1491649816,-353515171,1491637331,0,0.079813271760940552,46,-0.10284900665283203,0.0044910912401974201,0.18408870697021484,35401,101.28556060791016,5.2182182116666809e-05,0.0045157037675380707,4.8548590712016448e-05
138904416,138904416,138904,-353604261,1491648791,28.255388259887695,-3.0498602390289307,-0.10478806495666504,35400,-0.12038485705852509,1.0295547246932983,-353612051,1491649816,-353514920,1491637299,0,0.084500379860401154,49,-0.10279035568237305,0.004732208326458931,0.19022369384765625,35401,101.76988220214844,5.5918997531989589e-05,0.0044910912401974201,5.2182182116666809e-05
139004376,139004376,139004,-353604008,1491648758,28.392187118530273,-3.0673913955688477,-0.10459321737289429,35401,-0.12281831353902817,1.029544472694397,-353612051,1491649816,-353514667,1491637266,0,0.087057389318943024,51,-0.10276699066162109,0.0048518665134906769,0.19349098205566406,35401,102.263671875,5.9701644204324111e-05,0.004732208326458931,5.5918997531989589e-05
139104336,139104336,139104,-353603753,1491648724,28.527494430541992,-3.0804648399353027,-0.10425198823213577,35403,-0.1253952831029892,1.0295288562774658,-353612051,1491649816,-353514412,1491637233,0,0.088177375495433807,51,-0.10267448425292969,0.0048910048790276051,0.20364284515380859,35401,102.75042724609375,6.3663894252385944e-05,0.0048518665134906769,5.9701644204324111e-05
139205129,139205129,139205,-353603498,1491648690,28.667888641357422,-3.0925214290618896,-0.1038350835442543,35406,-0.12570890784263611,1.0295188426971436,-353612051,1491649816,-353514157,1491637201,0,0.088618189096450806,52,-0.10256719589233398,0.0048914398066699505,0.21457576751708984,35401,103.25490570068359,6.7820132244378328e-05,0.0048910048790276051,6.3663894252385944e-05
139305089,139305089,139305,-353603237,1491648656,28.817289352416992,-3.1021428108215332,-0.10369918495416641,35406,-0.12626875936985016,1.0295102596282959,-353612051,1491649816,-353513896,1491637167,0,0.085371911525726318,50,-0.10254764556884766,0.0046879374422132969,0.21757125854492188,35401,103.79052734375,7.2010967414826155e-05,0.0048914398066699505,6.7820132244378328e-05
139405049,139405049,139405,-353602976,1491648621,28.964529037475586,-3.1100659370422363,-0.10360552370548248,35407,-0.12667624652385712,1.0295062065124512,-353612051,1491649816,-353513634,1491637133,0,0.082830533385276794,48,-0.10243988037109375,0.0045253937132656574,0.22968769073486328,35401,104.31779479980469,7.6412827183958143e-05,0.0046879374422132969,7.2010967414826155e-05
139505009,139505009,139505,-353602713,1491648586,29.124696731567383,-3.1289920806884766,-0.10456065833568573,35401,-0.12367356568574905,1.0295089483261108,-353612051,1491649816,-353513371,1491637099,0,0.085947848856449127,50,-0.10235404968261719,0.0046698548831045628,0.23957443237304688,35401,104.89531707763672,8.0978883488569409e-05,0.0045253937132656574,7.6412827183958143e-05
139604969,139604969,139604,-353602449,1491648552,29.285324096679688,-3.1420350074768066,-0.10386049747467041,35405,-0.11927387118339539,1.0294846296310425,-353612051,1491649816,-353513107,1491637065,0,0.083609327673912048,49,-0.10236358642578125,0.0045179454609751701,0.23937797546386719,35401,105.47221374511719,8.5516236140392721e-05,0.0046698548831045628,8.0978883488569409e-05
139704929,139704929,139704,-353602183,1491648516,29.434246063232422,-3.154388427734375,-0.10373679548501968,35406,-0.11311285197734833,1.0294846296310425,-353612051,1491649816,-353512841,1491637031,0,0.084454327821731567,49,-0.1022191047668457,0.0045405765995383263,0.25514698028564453,35401,106.00717926025391,9.0328081569168717e-05,0.0045179454609751701,8.5516236140392721e-05
139804889,139804889,139804,-353601916,1491648481,29.518299102783203,-3.1594440937042236,-0.10308379679918289,35410,-0.10663179308176041,1.029485821723938,-353612051,1491649816,-353512574,1491636997,0,0.083251483738422394,48,-0.10216426849365234,0.0044632246717810631,0.26084995269775391,35402,106.30839538574219,9.5233539468608797e-05,0.0045405765995383263,9.0328081569168717e-05
139904849,139904849,139904,-353601648,1491648446,29.510654449462891,-3.1515891551971436,-0.10255693644285202,35413,-0.10192307829856873,1.0294692516326904,-353612051,1491649816,-353512306,1491636962,0,0.079523235559463501,46,-0.1021270751953125,0.0042645586654543877,0.26458930969238281,35402,106.27817535400391,0.00010021073831012473,0.0044632246717810631,9.5233539468608797e-05
140004809,140004809,140004,-353601382,1491648411,29.388629913330078,-3.1323015689849854,-0.10226645320653915,35415,-0.10235890001058578,1.0294570922851562,-353612051,1491649816,-353512040,1491636928,0,0.076799817383289337,45,-0.10204553604125977,0.0041357036679983139,0.27134895324707031,35402,105.83634948730469,0.00010533640306675807,0.0042645586654543877,0.00010021073831012473
140104769,140104769,140104,-353601119,1491648377,29.184600830078125,-3.1118555068969727,-0.10274020582437515,35412,-0.11001457273960114,1.0294653177261353,-353612051,1491649816,-353511777,1491636894,0,0.077638819813728333,45,-0.10201501846313477,0.0042100939899682999,0.27220439910888672,35402,105.10208129882812,0.00011051414912799373,0.0041357036679983139,0.00010533640306675807
140204729,140204729,140204,-353600858,1491648342,28.96830940246582,-3.095876932144165,-0.10331270098686218,35409,-0.12718772888183594,1.0294502973556519,-353612051,1491649816,-353511516,1491636860,0,0.083985574543476105,49,-0.10187911987304688,0.0045881448313593864,0.28415107727050781,35402,104.32584381103516,0.00011595935211516917,0.0042100939899682999,0.00011051414912799373
140304689,140304689,140304,-353600601,1491648309,28.774368286132812,-3.0892012119293213,-0.1035468578338623,35407,-0.151447594165802,1.0294479131698608,-353612051,1491649816,-353511259,1491636827,0,0.092482812702655792,54,-0.10186386108398438,0.005086144432425499,0.28317642211914062,35402,103.63274383544922,0.00012142217019572854,0.0045881448313593864,0.00011595935211516917
140404649,140404649,140404,-353600345,1491648275,28.622625350952148,-3.0842535495758057,-0.10271625965833664,35412,-0.17813469469547272,1.029441237449646,-353612051,1491649816,-353511003,1491636794,0,0.10104019194841385,59,-0.10175561904907227,0.0055859917774796486,0.29226207733154297,35402,103.09058380126953,0.00012708990834653378,0.005086144432425499,0.00012142217019572854
140504609,140504609,140504,-353600091,1491648241,28.520435333251953,-3.0719711780548096,-0.10196724534034729,35416,-0.19881515204906464,1.0294395685195923,-353612051,1491649816,-353510749,1491636761,0,0.10209061950445175,60,-0.10163307189941406,0.0056643150746822357,0.30340099334716797,35402,102.72203826904297,0.00013299476995598525,0.0055859917774796486,0.00012708990834653378
140604569,140604569,140604,-353599837,1491648207,28.494573593139648,-3.0614697933197021,-0.10151234269142151,35419,-0.20440623164176941,1.0294121503829956,-353612051,1491649816,-353510495,1491636729,0,0.099583864212036133,59,-0.10149955749511719,0.0055304048582911491,0.31561756134033203,35402,102.62593841552734,0.00013914315786678344,0.0056643150746822357,0.00013299476995598525
140704529,140704529,140704,-353599583,1491648174,28.558174133300781,-3.04752516746521,-0.10062633454799652,35424,-0.19453002512454987,1.0293959379196167,-353612051,1491649816,-353510241,1491636696,0,0.087141670286655426,51,-0.10148143768310547,0.0048290137201547623,0.31772708892822266,35402,102.84707641601562,0.00014531932538375258,0.0055304048582911491,0.00013914315786678344
140804489,140804489,140804,-353599328,1491648140,28.686065673828125,-3.036055326461792,-0.10037250071763992,35425,-0.17023782432079315,1.0293841361999512,-353612051,1491649816,-353509985,1491636663,0,0.073499076068401337,43,-0.10138940811157227,0.0040552103891968727,0.32798004150390625,35402,103.29814910888672,0.00015166695811785758,0.0048290137201547623,0.00014531932538375258
140904449,140904449,140904,-353599072,1491648107,28.836311340332031,-3.0342476367950439,-0.10113219916820526,35421,-0.13673527538776398,1.0293533802032471,-353612051,1491649816,-353509729,1491636630,0,0.062640808522701263,36,-0.10139894485473633,0.0034383309539407492,0.32804298400878906,35402,103.83252716064453,0.00015798312961123884,0.0040552103891968727,0.00015166695811785758
141004409,141004409,141004,-353598814,1491648074,28.964853286743164,-3.0370802879333496,-0.10047967731952667,35425,-0.10239359736442566,1.029348611831665,-353612051,1491649816,-353509471,1491636597,0,0.055786684155464172,32,-0.10142374038696289,0.0030486367177218199,0.32607841491699219,35402,104.29137420654297,0.00016423386114183813,0.0034383309539407492,0.00015798312961123884
141104369,141104369,141104,-353598555,1491648041,29.060663223266602,-3.0381872653961182,-0.099607713520526886,35430,-0.078385815024375916,1.0293313264846802,-353612051,1491649816,-353509213,1491636563,0,0.049444619566202164,28,-0.10147476196289062,0.002693231450393796,0.32177162170410156,35402,104.63301849365234,0.00017038188525475562,0.0030486367177218199,0.00016423386114183813
141204329,141204329,141204,-353598295,1491648007,29.147581100463867,-3.0355939865112305,-0.09768339991569519,35441,-0.068596221506595612,1.0293195247650146,-353612051,1491649816,-353508952,1491636530,0,0.043243318796157837,25,-0.10142326354980469,0.0023485212586820126,0.32697296142578125,35402,104.94161987304688,0.00017661091987974942,0.002693231450393796,0.00017038188525475562
141305122,141305122,141305,-353598034,1491647974,29.233392715454102,-3.0303645133972168,-0.097666561603546143,35441,-0.072201825678348541,1.0293313264846802,-353612051,1491649816,-353508692,1491636496,0,0.033276651054620743,19,-0.10149002075195312,0.0018020211718976498,0.32062530517578125,35402,105.24533081054688,0.00018270383588969707,0.0023485212586820126,0.00017661091987974942
141405082,141405082,141405,-353597770,1491647940,29.338788986206055,-3.0464296340942383,-0.099569238722324371,35430,-0.084534540772438049,1.0293265581130981,-353612051,1491649816,-353508428,1491636462,0,0.03648734837770462,21,-0.10149669647216797,0.0019687553867697716,0.32043647766113281,35402,105.62667846679688,0.00018876875401474535,0.0018020211718976498,0.00018270383588969707
141505042,141505042,141505,-353597505,1491647906,29.456447601318359,-3.0741984844207764,-0.098818741738796234,35434,-0.097438797354698181,1.0293216705322266,-353612051,1491649816,-353508163,1491636428,0,0.046051137149333954,27,-0.10151290893554688,0.0024747324641793966,0.31924819946289062,35402,106.05603790283203,0.00019478672766126692,0.0019687553867697716,0.00018876875401474535
141605002,141605002,141605,-353597239,1491647872,29.571969985961914,-3.0858573913574219,-0.097488991916179657,35442,-0.10371457785367966,1.0293257236480713,-353612051,1491649816,-353507897,1491636394,0,0.045532982796430588,26,-0.10153722763061523,0.0024373317137360573,0.31707000732421875,35402,106.47182464599609,0.00020074029453098774,0.0024747324641793966,0.00019478672766126692
141704962,141704962,141704,-353596970,1491647838,29.689416885375977,-3.0864772796630859,-0.097632907330989838,35441,-0.10113243013620377,1.0293276309967041,-353612051,1491649816,-353507628,1491636359,0,0.037148725241422653,21,-0.10160589218139648,0.0019807447679340839,0.31061172485351562,35402,106.89037322998047,0.00020654975378420204,0.0024373317137360573,0.00020074029453098774
141804922,141804922,141804,-353596701,1491647803,29.802469253540039,-3.0935509204864502,-0.09823298454284668,35438,-0.090265370905399323,1.0293077230453491,-353612051,1491649816,-353507359,1491636325,0,0.03504616767168045,20,-0.10156965255737305,0.0018615792505443096,0.31449127197265625,35402,107.295654296875,0.00021240956266410649,0.0019807447679340839,0.00020654975378420204
141904882,141904882,141904,-353596430,1491647769,29.904041290283203,-3.105942964553833,-0.099660001695156097,35429,-0.076222412288188934,1.0293111801147461,-353612051,1491649816,-353507088,1491636290,0,0.034746304154396057,20,-0.10165309906005859,0.001839370233938098,0.30604362487792969,35402,107.66202545166016,0.00021809256577398628,0.0018615792505443096,0.00021240956266410649
142004842,142004842,142004,-353596159,1491647734,29.988353729248047,-3.1307122707366943,-0.09943728893995285,35431,-0.063926011323928833,1.0293148756027222,-353612051,1491649816,-353506817,1491636255,0,0.044896014034748077,26,-0.10165071487426758,0.0023698557633906603,0.30662155151367188,35402,107.97150421142578,0.00022376998094841838,0.001839370233938098,0.00021809256577398628
142104802,142104802,142104,-353595886,1491647699,30.072763442993164,-3.1435062885284424,-0.098383501172065735,35437,-0.060155507177114487,1.0293036699295044,-353612051,1491649816,-353506544,1491636220,0,0.047246787697076797,27,-0.10166501998901367,0.0024869083426892757,0.30522537231445312,35402,108.27690124511719,0.00022940560302231461,0.0023698557633906603,0.00022376998094841838
142204762,142204762,142204,-353595613,1491647664,30.16370964050293,-3.1511058807373047,-0.098941139876842499,35434,-0.06351315975189209,1.0293153524398804,-353612051,1491649816,-353506271,1491636184,0,0.045534245669841766,26,-0.1016998291015625,0.0023895550984889269,0.30243873596191406,35402,108.60364532470703,0.00023497296206187457,0.0024869083426892757,0.00022940560302231461
142304722,142304722,142304,-353595342,1491647629,30.242101669311523,-3.1660065650939941,-0.099149003624916077,35432,-0.070201151072978973,1.0293068885803223,-353612051,1491649816,-353506000,1491636149,0,0.049901198595762253,29,-0.10169696807861328,0.0026118773967027664,0.30299758911132812,35402,108.88839721679688,0.00024053602828644216,0.0023895550984889269,0.00023497296206187457
142404682,142404682,142404,-353595070,1491647594,30.320316314697266,-3.1714794635772705,-0.097721152007579803,35441,-0.075812816619873047,1.0293087959289551,-353612051,1491649816,-353505728,1491636114,0,0.048235047608613968,28,-0.10170221328735352,0.0025181795936077833,0.30257415771484375,35402,109.16899871826172,0.00024607704835943878,0.0026118773967027664,0.00024053602828644216
142504642,142504642,142504,-353594798,1491647559,30.39326286315918,-3.1696622371673584,-0.097642064094543457,35441,-0.079363614320755005,1.0293130874633789,-353612051,1491649816,-353505456,1491636079,0,0.042359601706266403,24,-0.10170650482177734,0.0022062063217163086,0.302154541015625,35402,109.42813110351562,0.00025159728829748929,0.0025181795936077833,0.00024607704835943878
142604602,142604602,142604,-353594526,1491647524,30.452657699584961,-3.1662096977233887,-0.097257912158966064,35443,-0.076713599264621735,1.0293130874633789,-353612051,1491649816,-353505184,1491636044,0,0.036350615322589874,21,-0.10170984268188477,0.0018896101973950863,0.30173683166503906,35402,109.63839721679688,0.00025709930923767388,0.0022062063217163086,0.00025159728829748929
142704562,142704562,142704,-353594255,1491647489,30.504640579223633,-3.1624588966369629,-0.098505377769470215,35436,-0.069635346531867981,1.0293130874633789,-353612051,1491649816,-353504913,1491636009,0,0.030792975798249245,18,-0.10170412063598633,0.0015980291645973921,0.3022918701171875,35402,109.82216644287109,0.00026260223239660263,0.0018896101973950863,0.00025709930923767388
142804522,142804522,142804,-353593982,1491647454,30.546066284179688,-3.1771059036254883,-0.10006269812583923,35427,-0.062038440257310867,1.0293077230453491,-353612051,1491649816,-353504640,1491635974,0,0.037121102213859558,21,-0.10171413421630859,0.0019237535307183862,0.30090904235839844,35402,109.97512817382812,0.00026807235553860664,0.0015980291645973921,0.00026260223239660263
142904482,142904482,142904,-353593710,1491647419,30.580547332763672,-3.200265645980835,-0.099466942250728607,35431,-0.055921804159879684,1.0293087959289551,-353612051,1491649816,-353504368,1491635939,0,0.049375660717487335,28,-0.101715087890625,0.0025557777844369411,0.30050086975097656,35402,110.10654449462891,0.00027352853794582188,0.0019237535307183862,0.00026807235553860664
143004442,143004442,143004,-353593437,1491647384,30.619682312011719,-3.2111937999725342,-0.098611809313297272,35435,-0.055112026631832123,1.0293096303939819,-353612051,1491649816,-353504095,1491635904,0,0.053531192243099213,31,-0.10172414779663086,0.0027672711294144392,0.29912948608398438,35402,110.25000762939453,0.00027895276434719563,0.0025557777844369411,0.00027352853794582188
143104402,143104402,143104,-353593163,1491647348,30.659669876098633,-3.2118046283721924,-0.097728326916694641,35441,-0.057349380105733871,1.0293136835098267,-353612051,1491649816,-353503821,1491635869,0,0.052621159702539444,30,-0.10165929794311523,0.0027167124208062887,0.3058319091796875,35402,110.39264678955078,0.00028449136880226433,0.0027672711294144392,0.00027895276434719563
143204362,143204362,143204,-353592889,1491647313,30.702850341796875,-3.2154500484466553,-0.098236210644245148,35438,-0.062629342079162598,1.0293154716491699,-353612051,1491649816,-353503547,1491635833,0,0.051391642540693283,30,-0.10169839859008789,0.0026495114434510469,0.3019256591796875,35402,110.54779815673828,0.00028995153843425214,0.0027167124208062887,0.00028449136880226433
143304322,143304322,143304,-353592615,1491647277,30.751720428466797,-3.2225651741027832,-0.09789682924747467,35440,-0.067102223634719849,1.0293174982070923,-353612051,1491649816,-353503273,1491635798,0,0.053966201841831207,31,-0.10163402557373047,0.0027778034564107656,0.30862998962402344,35402,110.72450256347656,0.00029552404885180295,0.0026495114434510469,0.00028995153843425214
143405115,143405115,143405,-353592338,1491647241,30.798517227172852,-3.2252814769744873,-0.097974032163619995,35439,-0.068568229675292969,1.0293120145797729,-353612051,1491649816,-353502996,1491635762,0,0.053055066615343094,31,-0.10161495208740234,0.002726775361225009,0.31085968017578125,35402,110.89218139648438,0.00030113058164715767,0.0027778034564107656,0.00029552404885180295
143505075,143505075,143505,-353592060,1491647206,30.855167388916016,-3.2232458591461182,-0.09774789959192276,35440,-0.067904219031333923,1.0293178558349609,-353612051,1491649816,-353502718,1491635727,0,0.047224763780832291,27,-0.10166358947753906,0.0024227332323789597,0.30474281311035156,35402,111.09318542480469,0.00030661464552395046,0.002726775361225009,0.00030113058164715767
143605035,143605035,143605,-353591781,1491647170,30.899864196777344,-3.2217607498168945,-0.096745975315570831,35446,-0.06459510326385498,1.0293115377426147,-353612051,1491649816,-353502439,1491635691,0,0.04352906346321106,25,-0.10165929794311523,0.0022299513220787048,0.30507850646972656,35402,111.2518310546875,0.00031209693406708539,0.0024227332323789597,0.00030661464552395046
143704995,143704995,143704,-353591501,1491647134,30.948223114013672,-3.2084569931030273,-0.096443846821784973,35448,-0.06052422896027565,1.0293159484863281,-353612051,1491649816,-353502159,1491635654,0,0.031617913395166397,18,-0.10168552398681641,0.0016173217445611954,0.30276870727539062,35402,111.41914367675781,0.00031752954237163067,0.0022299513220787048,0.00031209693406708539
143804955,143804955,143804,-353591221,1491647098,30.992151260375977,-3.2081904411315918,-0.096192032098770142,35449,-0.057801321148872375,1.0293182134628296,-353612051,1491649816,-353501879,1491635618,0,0.028581546619534492,16,-0.10168886184692383,0.0014599562855437398,0.30213546752929688,35402,111.57551574707031,0.00032294317497871816,0.0016173217445611954,0.00031752954237163067
143904915,143904915,143904,-353590940,1491647062,31.038005828857422,-3.1998941898345947,-0.09467548131942749,35458,-0.058443590998649597,1.0293233394622803,-353612051,1491649816,-353501598,1491635582,0,0.020254015922546387,11,-0.1016998291015625,0.0010330986697226763,0.30055999755859375,35402,111.73579406738281,0.00032832086435519159,0.0014599562855437398,0.00032294317497871816
144004875,144004875,144004,-353590658,1491647027,31.083883285522461,-3.1897532939910889,-0.094939164817333221,35457,-0.059430424124002457,1.0293111801147461,-353612051,1491649816,-353501316,1491635546,0,0.009039989672601223,5,-0.10179901123046875,0.00046044541522860527,0.28903007507324219,35402,111.8955078125,0.00033348487340845168,0.0010330986697226763,0.00032832086435519159
144104835,144104835,144104,-353590376,1491646991,31.137422561645508,-3.1904914379119873,-0.095452107489109039,35454,-0.062425043433904648,1.0293153524398804,-353612051,1491649816,-353501034,1491635510,0,0.0057077594101428986,3,-0.10181808471679688,0.00029022525995969772,0.28653907775878906,35402,112.08650207519531,0.0003385956515558064,0.00046044541522860527,0.00033348487340845168
144204795,144204795,144204,-353590094,1491646955,31.186447143554688,-3.1963064670562744,-0.095214486122131348,35455,-0.064869523048400879,1.0293195247650146,-353612051,1491649816,-353500752,1491635473,0,0.0053901434876024723,3,-0.10186004638671875,0.00027364376001060009,0.28228187561035156,35402,112.26325988769531,0.00034362258156761527,0.00029022525995969772,0.0003385956515558064
144304755,144304755,144304,-353589814,1491646920,31.221019744873047,-3.1986336708068848,-0.094932332634925842,35457,-0.065043918788433075,1.0293246507644653,-353612051,1491649816,-353500472,1491635437,0,0.0029956307262182236,1,-0.10194301605224609,0.00015191268175840378,0.27263450622558594,35402,112.38726806640625,0.000348472356563434,0.00027364376001060009,0.00034362258156761527
144404715,144404715,144404,-353589534,1491646885,31.245304107666016,-3.2004251480102539,-0.094350576400756836,35460,-0.065215200185775757,1.0293115377426147,-353612051,1491649816,-353500192,1491635401,0,0.00093571323668584228,0,-0.10202550888061523,4.7414563596248627e-05,0.26298332214355469,35402,112.47443389892578,0.00035314681008458138,0.00015191268175840378,0.000348472356563434
144504675,144504675,144504,-353589254,1491646849,31.270923614501953,-3.1948544979095459,-0.094359003007411957,35460,-0.06316366046667099,1.0293253660202026,-353612051,1491649816,-353499912,1491635365,0,-0.0042268112301826477,-2,-0.10202789306640625,-0.00021401164121925831,0.26236915588378906,35402,112.56366729736328,0.00035780665348283947,4.7414563596248627e-05,0.00035314681008458138
144604635,144604635,144604,-353588975,1491646814,31.285438537597656,-3.1910181045532227,-0.094297029078006744,35460,-0.060054559260606766,1.0293300151824951,-353612051,1491649816,-353499633,1491635329,0,-0.0090201897546648979,-5,-0.10210180282592773,-0.00045650568790733814,0.25365829467773438,35401,112.61399078369141,0.00036230977275408804,-0.00021401164121925831,0.00035780665348283947
144704595,144704595,144704,-353588696,1491646779,31.294536590576172,-3.1994965076446533,-0.095712266862392426,35452,-0.058787420392036438,1.0293234586715698,-353612051,1491649816,-353499354,1491635293,0,-0.0057681035250425339,-3,-0.10217618942260742,-0.00029182783327996731,0.24493980407714844,35401,112.64947509765625,0.00036665674997493625,-0.00045650568790733814,0.00036230977275408804
144804555,144804555,144804,-353588417,1491646744,31.305723190307617,-3.2161924839019775,-0.096019357442855835,35450,-0.059390492737293243,1.0293171405792236,-353612051,1491649816,-353499075,1491635257,0,0.0024783627595752478,1,-0.10225057601928711,0.00012533762492239475,0.23621749877929688,35401,112.69542694091797,0.00037084720679558814,-0.00029182783327996731,0.00036665674997493625
144904515,144904515,144904,-353588138,1491646708,31.312614440917969,-3.2449195384979248,-0.09745035320520401,35442,-0.061301112174987793,1.029322624206543,-353612051,1491649816,-353498796,1491635221,0,0.020110074430704117,11,-0.10224437713623047,0.001016705296933651,0.23652839660644531,35401,112.73052215576172,0.00037504188367165625,0.00012533762492239475,0.00037084720679558814
145004475,145004475,145004,-353587858,1491646672,31.324655532836914,-3.26810622215271,-0.096724212169647217,35446,-0.062446124851703644,1.0293192863464355,-353612051,1491649816,-353498516,1491635185,0,0.03379947692155838,19,-0.10224628448486328,0.0017080210382118821,0.23592376708984375,35401,112.78201293945312,0.00037922392948530614,0.001016705296933651,0.00037504188367165625
145104435,145104435,145104,-353587579,1491646636,31.342996597290039,-3.2712128162384033,-0.095309220254421234,35454,-0.066548846662044525,1.0293359756469727,-353612051,1491649816,-353498237,1491635149,0,0.03466932475566864,20,-0.10224056243896484,0.001750946044921875,0.23622512817382812,35401,112.84848022460938,0.00038340885657817125,0.0017080210382118821,0.00037922392948530614
145204395,145204395,145204,-353587299,1491646600,31.363687515258789,-3.2737550735473633,-0.095714643597602844,35452,-0.068232551217079163,1.0293316841125488,-353612051,1491649816,-353497957,1491635113,0,0.034891646355390549,20,-0.10224294662475586,0.0017610093345865607,0.23562049865722656,35401,112.92312622070312,0.00038758030859753489,0.001750946044921875,0.00038340885657817125
145304355,145304355,145304,-353587019,1491646564,31.387418746948242,-3.2795825004577637,-0.096027106046676636,35450,-0.067878656089305878,1.0293303728103638,-353612051,1491649816,-353497677,1491635077,0,0.036969620734453201,21,-0.10224485397338867,0.0018644549418240786,0.23502349853515625,35401,113.00981140136719,0.0003917379945050925,0.0017610093345865607,0.00038758030859753489
145404315,145404315,145404,-353586738,1491646528,31.408422470092773,-3.2749178409576416,-0.095790401101112366,35452,-0.066429957747459412,1.0293257236480713,-353612051,1491649816,-353497396,1491635041,0,0.032526478171348572,19,-0.10225391387939453,0.0016393177211284637,0.23351287841796875,35401,113.0828857421875,0.00039586628554388881,0.0018644549418240786,0.0003917379945050925
145505108,145505108,145505,-353586453,1491646491,31.432746887207031,-3.2739071846008301,-0.095342136919498444,35454,-0.064138568937778473,1.0293388366699219,-353612051,1491649816,-353497111,1491635004,0,0.030680840834975243,17,-0.10223674774169922,0.0015451197978109121,0.23541259765625,35401,113.16914367675781,0.00040002664900384843,0.0016393177211284637,0.00039586628554388881
145605068,145605068,145605,-353586169,1491646455,31.460676193237305,-3.2695765495300293,-0.095619499683380127,35453,-0.062794804573059082,1.0293364524841309,-353612051,1491649816,-353496827,1491634967,0,0.025078354403376579,14,-0.10229206085205078,0.0012618813198059797,0.22918128967285156,35401,113.26702117919922,0.00040407179039902985,0.0015451197978109121,0.00040002664900384843
145705028,145705028,145705,-353585884,1491646419,31.494598388671875,-3.2711329460144043,-0.09592321515083313,35451,-0.06208198145031929,1.0293313264846802,-353612051,1491649816,-353496542,1491634931,0,0.02311483770608902,13,-0.10233020782470703,0.001161836669780314,0.2240753173828125,35401,113.38842010498047,0.00040802254807204008,0.0012618813198059797,0.00040407179039902985
145804988,145804988,145804,-353585599,1491646382,31.525262832641602,-3.2737753391265869,-0.095885306596755981,35451,-0.06279270350933075,1.0293335914611816,-353612051,1491649816,-353496257,1491634894,0,0.023132286965847015,13,-0.10231351852416992,0.0011615848634392023,0.22596359252929688,35401,113.49861907958984,0.00041200272971764207,0.001161836669780314,0.00040802254807204008
145904948,145904948,145904,-353585313,1491646345,31.560096740722656,-3.281235933303833,-0.095587886869907379,35453,-0.064761340618133545,1.0293383598327637,-353612051,1491649816,-353495971,1491634857,0,0.025748090818524361,15,-0.10230398178100586,0.0012914938852190971,0.22694969177246094,35401,113.62545013427734,0.00041599583346396685,0.0011615848634392023,0.00041200272971764207
146004908,146004908,146004,-353585027,1491646309,31.592384338378906,-3.2878379821777344,-0.096741817891597748,35446,-0.064197719097137451,1.0293281078338623,-353612051,1491649816,-353495686,1491634820,0,0.026339825242757797,15,-0.10237741470336914,0.0013198105152696371,0.2186279296875,35401,113.74289703369141,0.00041983855771832168,0.0012914938852190971,0.00041599583346396685
146104868,146104868,146104,-353584741,1491646272,31.627420425415039,-3.3007955551147461,-0.095348536968231201,35454,-0.065593741834163666,1.029334545135498,-353612051,1491649816,-353495399,1491634783,0,0.032437793910503387,18,-0.10236501693725586,0.0016235120128840208,0.21986770629882812,35401,113.87249755859375,0.00042369865695945919,0.0013198105152696371,0.00041983855771832168
146204828,146204828,146204,-353584455,1491646235,31.652534484863281,-3.2889068126678467,-0.094512932002544403,35459,-0.067402675747871399,1.0293427705764771,-353612051,1491649816,-353495113,1491634747,0,0.024105887860059738,14,-0.10232925415039062,0.0012055995175614953,0.22296905517578125,35401,113.95753479003906,0.00042761029908433557,0.0016235120128840208,0.00042369865695945919
146304788,146304788,146304,-353584170,1491646199,31.671075820922852,-3.2806131839752197,-0.094661623239517212,35458,-0.067884519696235657,1.029334545135498,-353612051,1491649816,-353494829,1491634710,0,0.016424836590886116,9,-0.10239458084106445,0.00082099589053541422,0.2155303955078125,35401,114.02051544189453,0.00043138934415765107,0.0012055995175614953,0.00042761029908433557
146404748,146404748,146404,-353583886,1491646163,31.68157958984375,-3.2801313400268555,-0.095621056854724884,35453,-0.065758682787418365,1.029338002204895,-353612051,1491649816,-353494545,1491634673,0,0.014352301135659218,8,-0.10244941711425781,0.00071716587990522385,0.20924758911132812,35401,114.05774688720703,0.0004350570379756391,0.00082099589053541422,0.00043138934415765107
146504708,146504708,146504,-353583602,1491646126,31.684181213378906,-3.2915630340576172,-0.095323286950588226,35454,-0.064169466495513916,1.0293289422988892,-353612051,1491649816,-353494261,1491634637,0,0.022342076525092125,13,-0.10239887237548828,0.0011162726441398263,0.21414566040039062,35401,114.07124328613281,0.0004388101224321872,0.00071716587990522385,0.0004350570379756391
146604668,146604668,146604,-353583319,1491646090,31.686952590942383,-3.2892236709594727,-0.094778843224048615,35457,-0.063555948436260223,1.0293388366699219,-353612051,1491649816,-353493978,1491634600,0,0.019748803228139877,11,-0.10244655609130859,0.00098662753589451313,0.20872879028320312,35401,114.08024597167969,0.00044246797915548086,0.0011162726441398263,0.0004388101224321872
146704628,146704628,146704,-353583036,1491646054,31.688051223754883,-3.2806606292724609,-0.093608170747756958,35464,-0.063408628106117249,1.0293289422988892,-353612051,1491649816,-353493695,1491634564,0,0.013896538875997066,8,-0.10246801376342773,0.00069425057154148817,0.20550918579101562,35401,114.08100128173828,0.00044606940355151892,0.00098662753589451313,0.00044246797915548086
146804588,146804588,146804,-353582754,1491646018,31.693305969238281,-3.2734017372131348,-0.094475463032722473,35459,-0.065070867538452148,1.0293470621109009,-353612051,1491649816,-353493413,1491634527,0,0.0081967087462544441,4,-0.10250949859619141,0.00040943780913949013,0.20094680786132812,35401,114.09703826904297,0.00044959038496017456,0.00069425057154148817,0.00044606940355151892
146904548,146904548,146904,-353582471,1491645982,31.695714950561523,-3.2730028629302979,-0.094662964344024658,35458,-0.065922074019908905,1.029348611831665,-353612051,1491649816,-353493130,1491634491,0,0.007359732873737812,4,-0.10253095626831055,0.00036760244984179735,0.1977386474609375,35401,114.10547637939453,0.00045305490493774414,0.00040943780913949013,0.00044959038496017456
147004508,147004508,147004,-353582188,1491645946,31.699357986450195,-3.2777323722839355,-0.094427399337291718,35459,-0.065349474549293518,1.0293400287628174,-353612051,1491649816,-353492847,1491634455,0,0.0096508283168077469,5,-0.10255241394042969,0.00048197549767792225,0.19455718994140625,35401,114.12019348144531,0.00045646322541870177,0.00036760244984179735,0.00045305490493774414
147104468,147104468,147104,-353581905,1491645910,31.69731330871582,-3.2779452800750732,-0.093908965587615967,35462,-0.065918333828449249,1.029346227645874,-353612051,1491649816,-353492564,1491634418,0,0.0089523261412978172,5,-0.1026005744934082,0.0004471195861697197,0.18909072875976562,35401,114.11299133300781,0.00045977599802426994,0.00048197549767792225,0.00045646322541870177
147204428,147204428,147204,-353581622,1491645874,31.701131820678711,-3.2705795764923096,-0.094267889857292175,35460,-0.06554035097360611,1.0293388366699219,-353612051,1491649816,-353492281,1491634382,0,0.0036701688077300787,2,-0.10262203216552734,0.00018328730948269367,0.1859130859375,35401,114.12387847900391,0.00046303277486003935,0.0004471195861697197,0.00045977599802426994
147304388,147304388,147304,-353581339,1491645838,31.707130432128906,-3.2742669582366943,-0.094260618090629578,35460,-0.067337170243263245,1.0293470621109009,-353612051,1491649816,-353491998,1491634345,0,0.0046133594587445259,2,-0.10267066955566406,0.00023034412879496813,0.18043899536132812,35401,114.14659881591797,0.00046619304339401424,0.00018328730948269367,0.00046303277486003935
147404348,147404348,147404,-353581055,1491645802,31.718074798583984,-3.274367094039917,-0.094539269804954529,35459,-0.068798191845417023,1.0293492078781128,-353612051,1491649816,-353491714,1491634309,0,0.0033948139753192663,1,-0.10269975662231445,0.00016944447997957468,0.1764068603515625,35401,114.18562316894531,0.00046928162919357419,0.00023034412879496813,0.00046619304339401424
147505141,147505141,147505,-353580772,1491645766,31.723531723022461,-3.2958159446716309,-0.095764815807342529,35452,-0.068345449864864349,1.029333233833313,-353612051,1491649816,-353491431,1491634272,0,0.015465854667127132,9,-0.10274887084960938,0.00077175837941467762,0.1709136962890625,35401,114.21296691894531,0.0004722745215985924,0.00016944447997957468,0.00046928162919357419
147605101,147605101,147605,-353580485,1491645729,31.724912643432617,-3.3091146945953369,-0.095146417617797852,35455,-0.066723279654979706,1.0293335914611816,-353612051,1491649816,-353491144,1491634235,0,0.023756863549351692,13,-0.10274505615234375,0.0011853842297568917,0.170989990234375,35401,114.22282409667969,0.00047526729758828878,0.00077175837941467762,0.0004722745215985924
147705061,147705061,147705,-353580199,1491645692,31.742389678955078,-3.3140988349914551,-0.094447635114192963,35459,-0.064874574542045593,1.0293494462966919,-353612051,1491649816,-353490858,1491634198,0,0.025935133919119835,15,-0.10273599624633789,0.001293346518650651,0.17193222045898438,35401,114.28691864013672,0.00047827488742768764,0.0011853842297568917,0.00047526729758828878
147805021,147805021,147805,-353579912,1491645656,31.760715484619141,-3.3072526454925537,-0.094105042517185211,35461,-0.064145766198635101,1.0293456315994263,-353612051,1491649816,-353490571,1491634161,0,0.018942674621939659,11,-0.10281229019165039,0.00094412470934912562,0.1629791259765625,35401,114.34964752197266,0.00048112429794855416,0.001293346518650651,0.00047827488742768764
147904981,147904981,147904,-353579624,1491645619,31.784854888916016,-3.3093090057373047,-0.093927241861820221,35462,-0.064787209033966064,1.0293426513671875,-353612051,1491649816,-353490283,1491634124,0,0.018586842343211174,10,-0.10281658172607422,0.00092568737454712391,0.16221237182617188,35401,114.43639373779297,0.00048395813792012632,0.00094412470934912562,0.00048112429794855416
148004941,148004941,148004,-353579336,1491645582,31.80360221862793,-3.3146986961364746,-0.094090625643730164,35461,-0.064607389271259308,1.0293397903442383,-353612051,1491649816,-353489995,1491634087,0,0.020664757117629051,12,-0.10282039642333984,0.0010285564931109548,0.16143798828125,35401,114.50516510009766,0.00048677675658836961,0.00092568737454712391,0.00048395813792012632
148104901,148104901,148104,-353579047,1491645545,31.829591751098633,-3.3169398307800293,-0.094643868505954742,35458,-0.063297592103481293,1.029348611831665,-353612051,1491649816,-353489706,1491634050,0,0.020169740542769432,11,-0.10283136367797852,0.0010030996054410934,0.15981674194335938,35401,114.59856414794922,0.00048956478713080287,0.0010285564931109548,0.00048677675658836961
148204861,148204861,148204,-353578759,1491645508,31.843639373779297,-3.3195555210113525,-0.094824559986591339,35457,-0.063543394207954407,1.0293550491333008,-353612051,1491649816,-353489418,1491634013,0,0.020821623504161835,12,-0.10283517837524414,0.00103505898732692,0.15904998779296875,35401,114.64956665039062,0.00049233820755034685,0.0010030996054410934,0.00048956478713080287
148304821,148304821,148304,-353578470,1491645471,31.85822868347168,-3.3318946361541748,-0.095469549298286438,35453,-0.063746482133865356,1.0293364524841309,-353612051,1491649816,-353489129,1491633975,0,0.026819515973329544,15,-0.10287380218505859,0.0013325617182999849,0.1549835205078125,35401,114.70610809326172,0.00049503939226269722,0.00103505898732692,0.00049233820755034685
148404781,148404781,148404,-353578181,1491645433,31.868986129760742,-3.336916446685791,-0.094639956951141357,35458,-0.064696788787841797,1.0293561220169067,-353612051,1491649816,-353488840,1491633938,0,0.030644863843917847,17,-0.10280513763427734,0.0015220958739519119,0.16240310668945312,35401,114.74629974365234,0.00049786892486736178,0.0013325617182999849,0.00049503939226269722
148504741,148504741,148504,-353577894,1491645396,31.877613067626953,-3.3411133289337158,-0.094462424516677856,35459,-0.065318532288074493,1.0293470621109009,-353612051,1491649816,-353488553,1491633901,0,0.032771855592727661,19,-0.10280227661132812,0.0016272834036499262,0.16247940063476562,35401,114.77859497070312,0.00050069898134097457,0.0015220958739519119,0.00049786892486736178
148604701,148604701,148604,-353577608,1491645360,31.879220962524414,-3.3306787014007568,-0.093237258493900299,35466,-0.067149318754673004,1.0293526649475098,-353612051,1491649816,-353488267,1491633864,0,0.024757115170359612,14,-0.10287094116210938,0.0012292922474443913,0.15436553955078125,35401,114.78043365478516,0.00050338765140622854,0.0016272834036499262,0.00050069898134097457
148704661,148704661,148704,-353577322,1491645323,31.873678207397461,-3.3169219493865967,-0.093020215630531311,35468,-0.065643496811389923,1.0293533802032471,-353612051,1491649816,-353487981,1491633828,0,0.017293646931648254,10,-0.10283231735229492,0.00085888640023767948,0.157806396484375,35401,114.75557708740234,0.00050613685743883252,0.0012292922474443913,0.00050338765140622854
148804621,148804621,148804,-353577037,1491645287,31.862958908081055,-3.3163998126983643,-0.095006741583347321,35456,-0.063303515315055847,1.029355525970459,-353612051,1491649816,-353487696,1491633791,0,0.01640983484685421,9,-0.10289430618286133,0.00081526453141123056,0.15053939819335938,35401,114.71720123291016,0.00050876033492386341,0.00085888640023767948,0.00050613685743883252
148904581,148904581,148904,-353576753,1491645250,31.846757888793945,-3.3335220813751221,-0.096072681248188019,35450,-0.062440250068902969,1.0293427705764771,-353612051,1491649816,-353487412,1491633754,0,0.028622178360819817,16,-0.10287141799926758,0.0014226285275071859,0.1531219482421875,35401,114.66586303710938,0.00051143002929165959,0.00081526453141123056,0.00050876033492386341
149004541,149004541,149004,-353576468,1491645213,31.836952209472656,-3.3620600700378418,-0.096674725413322449,35447,-0.061481978744268417,1.0293492078781128,-353612051,1491649816,-353487127,1491633717,0,0.047421351075172424,27,-0.10285520553588867,0.0023575166705995798,0.15486526489257812,35401,114.64163208007812,0.00051413069013506174,0.0014226285275071859,0.00051143002929165959
165204725,165204725,165204,-353532539,1491629951,28.373645782470703,-13.647892951965332,-0.42622846364974976,33558,0.091241434216499329,1.0325599908828735,-353532539,1491629951,-353612290,1491630250,0,-19.782840728759766,-6372,3.1385350227355957,-1.5707999467849731,0,17982,112.74869537353516,0,-2.8863463401794434,0.00051413069013506174
165304685,165304685,165304,-353532286,1491629801,28.238288879394531,-13.636471748352051,-0.4308173656463623,33532,0.11283216625452042,1.0325826406478882,-353532286,1491629801,-353612290,1491630250,0,-19.70311164855957,-6368,3.1370155811309814,-1.5707999467849731,0,17974,112.29429626464844,0,-2.6963131427764893,0
165404645,165404645,165404,-353532034,1491629651,28.079093933105469,-13.632816314697266,-0.44641390442848206,33443,0.12627743184566498,1.0326085090637207,-353532034,1491629651,-353612290,1491630250,0,-19.612083435058594,-6361,3.1355056762695312,-1.5707999467849731,0,17965,111.77550506591797,0,-2.6962895393371582,0
165504605,165504605,165504,-353531785,1491629501,27.805715560913086,-13.866591453552246,-0.46234536170959473,33351,0.13687737286090851,1.032640814781189,-353531785,1491629501,-353612290,1491630250,0,-19.522819519042969,-6354,3.134005069732666,-1.5707999467849731,0,17957,111.26673889160156,0,-2.6956870555877686,0
165604565,165604565,165604,-353531539,1491629347,27.438432693481445,-14.322038650512695,-0.47247803211212158,33293,0.14171597361564636,1.0326728820800781,-353531539,1491629347,-353612290,1491630250,0,-19.447328567504883,-6347,3.1324729919433594,-1.5707999467849731,0,17948,110.83650207519531,0,-2.6865766048431396,0
165704525,165704525,165704,-353531296,1491629186,27.065557479858398,-14.885088920593262,-0.47880139946937561,33257,0.14248780906200409,1.0327081680297852,-353531296,1491629186,-353612290,1491630250,0,-19.407924652099609,-6342,3.1308791637420654,-1.5707999467849731,0,17939,110.61193084716797,0,-2.6696436405181885,0
165804485,165804485,165804,-353531056,1491629020,26.756782531738281,-15.442033767700195,-0.48265078663825989,33235,0.13584110140800476,1.0327497720718384,-353531056,1491629020,-353612290,1491630250,0,-19.410684585571289,-6340,3.1292445659637451,-1.5707999467849731,0,17929,110.62767028808594,0,-2.6494903564453125,0
165904445,165904445,165904,-353530819,1491628847,26.581733703613281,-15.915447235107422,-0.48381051421165466,33228,0.12375254184007645,1.0327789783477783,-353530819,1491628847,-353612290,1491630250,0,-19.466623306274414,-6343,3.1275489330291748,-1.5707999467849731,0,17920,110.94644927978516,0,-2.6305103302001953,0
166004405,166004405,166004,-353530582,1491628670,26.430191040039062,-16.397607803344727,-0.48777833580970764,33206,0.1125236302614212,1.0328141450881958,-353530582,1491628670,-353612290,1491630250,0,-19.542993545532227,-6349,3.1258232593536377,-1.5707999467849731,0,17910,111.38172149658203,0,-2.6161465644836426,0
166104365,166104365,166104,-353530347,1491628487,26.167888641357422,-16.946754455566406,-0.49835464358329773,33145,0.10874857753515244,1.0328400135040283,-353530347,1491628487,-353612290,1491630250,0,-19.588537216186523,-6354,3.1240477561950684,-1.5707999467849731,0,17899,111.64129638671875,0,-2.6020686626434326,0
166204325,166204325,166204,-353530116,1491628296,25.64898681640625,-17.680868148803711,-0.5238463282585144,32999,0.11149150878190994,1.0328521728515625,-353530116,1491628296,-353612290,1491630250,0,-19.573745727539062,-6353,3.1222019195556641,-1.5707999467849731,0,17889,111.55699157714844,0,-2.584439754486084,0
166305118,166305118,166305,-353529891,1491628096,24.762811660766602,-18.640361785888672,-0.56549668312072754,32760,0.11596579849720001,1.0328909158706665,-353529891,1491628096,-353612290,1491630250,0,-19.47442626953125,-6342,3.1202762126922607,-1.5707999467849731,0,17878,110.99093627929688,0,-2.5574476718902588,0
166405078,166405078,166405,-353529673,1491627884,23.560455322265625,-19.686779022216797,-0.61603111028671265,32471,0.11905421316623688,1.0329102277755737,-353529673,1491627884,-353612290,1491630250,0,-19.291162490844727,-6321,3.1182405948638916,-1.5707999467849731,0,17866,109.94644927978516,0,-2.517646312713623,0
166505038,166505038,166505,-353529468,1491627659,22.234128952026367,-20.622905731201172,-0.66660106182098389,32181,0.11824499070644379,1.0329180955886841,-353529468,1491627659,-353612290,1491630250,0,-19.054327011108398,-6292,3.116084098815918,-1.5707999467849731,0,17854,108.59667205810547,0,-2.4688785076141357,0
166604998,166604998,166604,-353529275,1491627425,20.985574722290039,-21.373052597045898,-0.71114784479141235,31926,0.11230259388685226,1.0329365730285645,-353529275,1491627425,-353612290,1491630250,0,-18.820228576660156,-6262,3.1138463020324707,-1.5707999467849731,0,17841,107.262451171875,0,-2.4192805290222168,0
166704958,166704958,166704,-353529091,1491627184,20.005168914794922,-21.908073425292969,-0.74484068155288696,31733,0.10100989043712616,1.032949686050415,-353529091,1491627184,-353612290,1491630250,0,-18.640743255615234,-6237,3.1115469932556152,-1.5707999467849731,0,17828,106.23951721191406,0,-2.374793529510498,0
166804918,166804918,166804,-353528915,1491626938,19.363792419433594,-22.267923355102539,-0.76649808883666992,31609,0.084656447172164917,1.0329689979553223,-353528915,1491626938,-353612290,1491630250,0,-18.541431427001953,-6221,3.1092064380645752,-1.5707999467849731,0,17814,105.67350769042969,0,-2.3408701419830322,0
166904878,166904878,166904,-353528742,1491626688,19.045394897460938,-22.473371505737305,-0.77697068452835083,31549,0.062552250921726227,1.0329734086990356,-353528742,1491626688,-353631360,1491627500,0,-18.509065628051758,-6213,3.1351394653320312,-1.5707999467849731,0,17963,105.48905181884766,0,-2.3189358711242676,0
167004838,167004838,167004,-353528571,1491626438,18.91680908203125,-22.528684616088867,-0.78066563606262207,31528,0.037226364016532898,1.0330023765563965,-353528571,1491626438,-353631360,1491627500,0,-18.483537673950195,-6206,3.1331667900085449,-1.5707999467849731,0,17952,105.34355163574219,0,-2.2802700996398926,0
167104798,167104798,167104,-353528402,1491626190,18.877664566040039,-22.450191497802734,-0.77962493896484375,31534,0.0093739349395036697,1.0330127477645874,-353528402,1491626190,-353631360,1491627500,0,-18.429956436157227,-6198,3.131216287612915,-1.5707999467849731,0,17941,105.03817749023438,0,-2.2776925563812256,0
167204758,167204758,167204,-353528233,1491625944,18.873796463012695,-22.287492752075195,-0.7765306830406189,31551,-0.018332373350858688,1.033010721206665,-353528233,1491625944,-353631360,1491627500,0,-18.350259780883789,-6188,3.1292879581451416,-1.5707999467849731,0,17929,104.58396911621094,0,-2.280341625213623,0
167304718,167304718,167304,-353528065,1491625701,18.825506210327148,-22.143014907836914,-0.77691692113876343,31549,-0.043242208659648895,1.0330028533935547,-353528065,1491625701,-353631360,1491627500,0,-18.261411666870117,-6178,3.1273899078369141,-1.5707999467849731,0,17919,104.07758331298828,0,-2.2857537269592285,0
167404678,167404678,167404,-353527897,1491625459,18.656211853027344,-22.117286682128906,-0.78462529182434082,31505,-0.06528414785861969,1.0330158472061157,-353527897,1491625459,-353631360,1491627500,0,-18.180334091186523,-6170,3.1255056858062744,-1.5707999467849731,0,17908,103.61550140380859,0,-2.2895965576171875,0
167504638,167504638,167504,-353527732,1491625217,18.353445053100586,-22.250831604003906,-0.7998468279838562,31418,-0.083005793392658234,1.0330122709274292,-353527732,1491625217,-353631360,1491627500,0,-18.122913360595703,-6166,3.1236274242401123,-1.5707999467849731,0,17897,103.28824615478516,0,-2.2875990867614746,0
167604598,167604598,167604,-353527570,1491624973,17.889286041259766,-22.578519821166992,-0.8234398365020752,31283,-0.094611607491970062,1.0329960584640503,-353527570,1491624973,-353631360,1491627500,0,-18.099674224853516,-6165,3.1217389106750488,-1.5707999467849731,0,17886,103.15578460693359,0,-2.278468132019043,0
167704558,167704558,167704,-353527413,1491624724,17.242471694946289,-23.094003677368164,-0.85543495416641235,31099,-0.10111518204212189,1.0329936742782593,-353527413,1491624724,-353631360,1491627500,0,-18.108612060546875,-6168,3.1198160648345947,-1.5707999467849731,0,17875,103.20673370361328,0,-2.2606871128082275,0
167804518,167804518,167804,-353527262,1491624468,16.449617385864258,-23.741044998168945,-0.89410102367401123,30878,-0.10489527136087418,1.0329723358154297,-353527262,1491624468,-353631360,1491627500,0,-18.147714614868164,-6174,3.1178429126739502,-1.5707999467849731,0,17864,103.42959594726562,0,-2.2339081764221191,0
167904478,167904478,167904,-353527119,1491624204,15.510347366333008,-24.490324020385742,-0.93817645311355591,30625,-0.10573883354663849,1.0329689979553223,-353527119,1491624204,-353631360,1491627500,0,-18.21415901184082,-6183,3.1158113479614258,-1.5707999467849731,0,17852,103.80827331542969,0,-2.2004752159118652,0
168004438,168004438,168004,-353526986,1491623931,14.424915313720703,-25.296142578125,-0.98634356260299683,30349,-0.10421659052371979,1.0329408645629883,-353526986,1491623931,-353631360,1491627500,0,-18.29661750793457,-6193,3.1137125492095947,-1.5707999467849731,0,17840,104.27824401855469,0,-2.1611413955688477,0
168104398,168104398,168104,-353526862,1491623648,13.184599876403809,-26.135532379150391,-1.0398050546646118,30043,-0.10006840527057648,1.0329325199127197,-353526862,1491623648,-353631360,1491627500,0,-18.392673492431641,-6205,3.1115388870239258,-1.5707999467849731,0,17828,104.82568359375,0,-2.1169271469116211,0
168204358,168204358,168204,-353526751,1491623357,11.781512260437012,-26.982025146484375,-1.0969527959823608,29715,-0.094579890370368958,1.032915472984314,-353526751,1491623357,-353631360,1491627500,0,-18.498977661132812,-6217,3.1093041896820068,-1.5707999467849731,0,17815,105.43154907226562,0,-2.0680675506591797,0
168304318,168304318,168304,-353526653,1491623056,10.290583610534668,-27.77531623840332,-1.1532881259918213,29393,-0.08750607818365097,1.03290855884552,-353526653,1491623056,-353631360,1491627500,0,-18.611005783081055,-6230,3.1069924831390381,-1.5707999467849731,0,17802,106.07002258300781,0,-2.0147757530212402,0
168405111,168405111,168405,-353526568,1491622743,8.7384910583496094,-28.501771926879883,-1.2089328765869141,29074,-0.07996174693107605,1.0328991413116455,-353526568,1491622743,-353631360,1491627500,0,-18.730976104736328,-6244,3.1045877933502197,-1.5707999467849731,0,17788,106.7537841796875,0,-1.9602105617523193,0
168505071,168505071,168505,-353526497,1491622423,7.1934905052185059,-29.158782958984375,-1.2643613815307617,28756,-0.074715681374073029,1.0328840017318726,-353526497,1491622423,-353631360,1491627500,0,-18.87028694152832,-6260,3.1021277904510498,-1.5707999467849731,0,17774,107.54776000976562,0,-1.9052971601486206,0
168605031,168605031,168605,-353526440,1491622096,5.636721134185791,-29.735649108886719,-1.3177318572998047,28450,-0.070747435092926025,1.0328717231750488,-353526440,1491622096,-353631360,1491627500,0,-19.016176223754883,-6277,3.0996115207672119,-1.5707999467849731,0,17759,108.37922668457031,0,-1.8521322011947632,0
168704991,168704991,168704,-353526397,1491621761,4.0509710311889648,-30.246526718139648,-1.3702607154846191,28149,-0.064379565417766571,1.0328551530838013,-353526397,1491621761,-353631360,1491627500,0,-19.174142837524414,-6296,3.0970306396484375,-1.5707999467849731,0,17745,109.27952575683594,0,-1.800115704536438,0
168804951,168804951,168804,-353526368,1491621422,2.3889946937561035,-30.675439834594727,-1.4247339963912964,27837,-0.058054458349943161,1.032859206199646,-353526368,1491621422,-353631360,1491627500,0,-19.332305908203125,-6314,3.0944151878356934,-1.5707999467849731,0,17730,110.18096160888672,0,-1.7484977245330811,0
168904911,168904911,168904,-353526355,1491621078,0.65525650978088379,-31.01170539855957,-1.4812672138214111,27513,-0.051748074591159821,1.0328514575958252,-353526355,1491621078,-353631360,1491627500,0,-19.489574432373047,-6332,3.0917556285858154,-1.5707999467849731,0,17714,111.07728576660156,0,-1.6956965923309326,0
169004871,169004871,169004,-353526359,1491620731,-1.1717114448547363,-31.231206893920898,-1.540247917175293,27176,-0.044209882616996765,1.0328360795974731,-353526359,1491620731,-353631360,1491627500,0,-19.636951446533203,-6348,3.0890655517578125,-1.5707999467849731,0,17699,111.91721343994141,0,-1.6417596340179443,0
169104831,169104831,169104,-353526379,1491620383,-3.0541307926177979,-31.331161499023438,-1.6002134084701538,26832,-0.037859734147787094,1.0328212976455688,-353526379,1491620383,-353631360,1491627500,0,-19.761861801147461,-6362,3.086359977722168,-1.5288571119308472,0,17684,112.72825622558594,0,-1.585823655128479,0
169204791,169204791,169204,-353526416,1491620035,-4.942192554473877,-31.303695678710938,-1.6598385572433472,26490,-0.032311134040355682,1.0328165292739868,-353526416,1491620035,-353631360,1491627500,0,-19.815521240234375,-6368,3.0836446285247803,-1.4721578359603882,0,17668,113.48657989501953,0,-1.5288571119308472,0
169304751,169304751,169304,-353526470,1491619691,-6.8120431900024414,-31.125932693481445,-1.7176433801651001,26159,-0.025952007621526718,1.0328245162963867,-353526470,1491619691,-353631360,1491627500,0,-19.780450820922852,-6363,3.0809495449066162,-1.4159821271896362,0,17653,114.09967041015625,0,-1.4721578359603882,0
169404711,169404711,169404,-353526540,1491619350,-8.6197013854980469,-30.772359848022461,-1.7748473882675171,25831,-0.019038915634155273,1.0328236818313599,-353526540,1491619350,-353631360,1491627500,0,-19.638826370239258,-6346,3.0782663822174072,-1.3610103130340576,0,17637,114.43688201904297,0,-1.4159821271896362,0
169504671,169504671,169504,-353526627,1491619017,-10.321901321411133,-30.232131958007812,-1.8293476104736328,25519,-0.013332178816199303,1.0328071117401123,-353526627,1491619017,-353631360,1491627500,0,-19.381574630737305,-6316,3.0756316184997559,-1.3077452182769775,0,17622,114.39688110351562,0,-1.3610103130340576,0
169604631,169604631,169604,-353526727,1491618690,-11.849798202514648,-29.615585327148438,-1.8793779611587524,25232,-0.010890740901231766,1.0328241586685181,-353526727,1491618690,-353631360,1491627500,0,-19.074371337890625,-6279,3.0730314254760742,-1.2587473392486572,0,17607,114.22732543945312,0,-1.3077452182769775,0
169704591,169704591,169704,-353526840,1491618370,-13.12099552154541,-29.003129959106445,-1.9213367700576782,24992,-0.013270373456180096,1.0328222513198853,-353526840,1491618370,-353631360,1491627500,0,-18.762964248657227,-6240,3.0704729557037354,-1.2170686721801758,0,17593,113.99366760253906,0,-1.2587473392486572,0
169804551,169804551,169804,-353526963,1491618057,-14.120351791381836,-28.441745758056641,-1.9546034336090088,24801,-0.019132388755679131,1.0328154563903809,-353526963,1491618057,-353631360,1491627500,0,-18.474760055541992,-6204,3.0679569244384766,-1.1836158037185669,0,17578,113.71068572998047,0,-1.2170686721801758,0
169904511,169904511,169904,-353527093,1491617750,-14.888983726501465,-27.960472106933594,-1.9809216260910034,24651,-0.028566719964146614,1.0328245162963867,-353527093,1491617750,-353631360,1491627500,0,-18.228586196899414,-6173,3.0654776096343994,-1.157602071762085,0,17564,113.43702697753906,0,-1.1836158037185669,0
170004471,170004471,170004,-353527229,1491617447,-15.532394409179688,-27.523107528686523,-2.0055553913116455,24510,-0.039819441735744476,1.0328059196472168,-353527229,1491617447,-353631360,1491627500,0,-18.005950927734375,-6144,3.0630197525024414,-1.1355830430984497,0,17550,113.17145538330078,0,-1.157602071762085,0
170104431,170104431,170104,-353527371,1491617149,-16.172687530517578,-27.071428298950195,-2.0308270454406738,24365,-0.049065064638853073,1.0328099727630615,-353527371,1491617149,-353631360,1491627500,0,-17.775918960571289,-6114,3.0605907440185547,-1.1132868528366089,0,17536,112.92424011230469,0,-1.1355830430984497,0
170204391,170204391,170204,-353527518,1491616856,-16.883012771606445,-26.552053451538086,-2.0602238178253174,24196,-0.055850248783826828,1.0328055620193481,-353527518,1491616856,-353631360,1491627500,0,-17.50885009765625,-6078,3.0581908226013184,-1.0878375768661499,0,17522,112.67581939697266,0,-1.1132868528366089,0
170304351,170304351,170304,-353527672,1491616568,-17.673559188842773,-25.938974380493164,-2.0941929817199707,24002,-0.061019990593194962,1.0328006744384766,-353527672,1491616568,-353631360,1491627500,0,-17.189340591430664,-6034,3.0558185577392578,-1.0584701299667358,0,17509,112.39877319335938,0,-1.0878375768661499,0
170404311,170404311,170404,-353527833,1491616288,-18.531547546386719,-25.247827529907227,-2.1305403709411621,23793,-0.064194105565547943,1.0327908992767334,-353527833,1491616288,-353631360,1491627500,0,-16.826595306396484,-5981,3.0534965991973877,-1.0257192850112915,0,17495,112.15242004394531,0,-1.0584701299667358,0
170505104,170505104,170505,-353528005,1491616011,-19.423093795776367,-24.496818542480469,-2.1683793067932129,23577,-0.066238224506378174,1.0327885150909424,-353528005,1491616011,-353631360,1491627500,0,-16.430793762207031,-5922,3.0511825084686279,-0.99082064628601074,0,17482,111.95098114013672,0,-1.0257192850112915,0
170605064,170605064,170605,-353528184,1491615744,-20.303716659545898,-23.715864181518555,-2.206242561340332,23360,-0.06758706271648407,1.0327801704406738,-353528184,1491615744,-353631360,1491627500,0,-16.017572402954102,-5858,3.048933744430542,-0.95541673898696899,0,17469,111.798095703125,0,-0.99082064628601074,0
170705024,170705024,170705,-353528371,1491615486,-21.173089981079102,-22.909345626831055,-2.2446179389953613,23140,-0.069181367754936218,1.0327590703964233,-353528371,1491615486,-353631360,1491627500,0,-15.589618682861328,-5788,3.046741247177124,-0.91961568593978882,0,17457,111.70944213867188,0,-0.95541673898696899,0
170804984,170804984,170804,-353528566,1491615236,-22.015951156616211,-22.07061767578125,-2.2831733226776123,22919,-0.070473857223987579,1.0327683687210083,-353528566,1491615236,-353631360,1491627500,0,-15.141833305358887,-5713,3.0445971488952637,-0.88363355398178101,0,17444,111.63343811035156,0,-0.91961568593978882,0
170904944,170904944,170904,-353528769,1491614996,-22.833593368530273,-21.212430953979492,-2.3208491802215576,22703,-0.069640316069126129,1.0327548980712891,-353528769,1491614996,-353631360,1491627500,0,-14.681893348693848,-5632,3.0425169467926025,-0.84768438339233398,0,17432,111.60621643066406,0,-0.88363355398178101,0
171004904,171004904,171004,-353528978,1491614766,-23.624082565307617,-20.322357177734375,-2.3598406314849854,22480,-0.06994473934173584,1.0327458381652832,-353528978,1491614766,-353631360,1491627500,0,-14.201699256896973,-5543,3.0405023097991943,-0.81149882078170776,0,17421,111.59215545654297,0,-0.84768438339233398,0
171104864,171104864,171104,-353529195,1491614545,-24.361577987670898,-19.428455352783203,-2.3974034786224365,22264,-0.070646472275257111,1.0327315330505371,-353529195,1491614545,-353631360,1491627500,0,-13.717069625854492,-5450,3.0385432243347168,-0.77626651525497437,0,17410,111.58386993408203,0,-0.81149882078170776,0
171204824,171204824,171204,-353529418,1491614335,-25.068746566772461,-18.510471343994141,-2.4345111846923828,22052,-0.068221516907215118,1.0327180624008179,-353529418,1491614335,-353631360,1491627500,0,-13.216315269470215,-5348,3.0366575717926025,-0.7409633994102478,0,17399,111.59123992919922,0,-0.77626651525497437,0
171304784,171304784,171304,-353529646,1491614136,-25.715671539306641,-17.577369689941406,-2.4710862636566162,21842,-0.067075729370117188,1.0327199697494507,-353529646,1491614136,-353631360,1491627500,0,-12.702818870544434,-5239,3.034846305847168,-0.70633125305175781,0,17388,111.54412078857422,0,-0.7409633994102478,0
171404744,171404744,171404,-353529878,1491613948,-26.296993255615234,-16.662221908569336,-2.5061030387878418,21642,-0.066086389124393463,1.0327050685882568,-353529878,1491613948,-353631360,1491627500,0,-12.196559906005859,-5126,3.0331106185913086,-0.67325377464294434,0,17378,111.48097991943359,0,-0.70633125305175781,0
171504704,171504704,171504,-353530115,1491613771,-26.808929443359375,-15.775454521179199,-2.539172887802124,21452,-0.066073000431060791,1.0327029228210449,-353530115,1491613771,-353631360,1491627500,0,-11.703500747680664,-5010,3.0314500331878662,-0.64201897382736206,0,17369,111.39019012451172,0,-0.67325377464294434,0
171604664,171604664,171604,-353530356,1491613603,-27.249176025390625,-14.92733097076416,-2.5705316066741943,21272,-0.067282326519489288,1.0326883792877197,-353530356,1491613603,-353631360,1491627500,0,-11.229816436767578,-4893,3.0298495292663574,-0.61290228366851807,0,17360,111.26112365722656,0,-0.64201897382736206,0
171704624,171704624,171704,-353530600,1491613444,-27.616399765014648,-14.146888732910156,-2.5973992347717285,21118,-0.06857077032327652,1.0326828956604004,-353530600,1491613444,-353631360,1491627500,0,-10.793237686157227,-4780,3.0283105373382568,-0.58669281005859375,0,17351,111.11449432373047,0,-0.61290228366851807,0
171804584,171804584,171804,-353530847,1491613294,-27.929162979125977,-13.420525550842285,-2.6238851547241211,20967,-0.070684067904949188,1.0326775312423706,-353530847,1491613294,-353631360,1491627500,0,-10.386325836181641,-4671,3.0268332958221436,-0.5627020001411438,0,17342,110.96139526367188,0,-0.58669281005859375,0
171904544,171904544,171904,-353531096,1491613151,-28.219154357910156,-12.696758270263672,-2.6506273746490479,20814,-0.073242276906967163,1.0326670408248901,-353531096,1491613151,-353631360,1491627500,0,-9.9793014526367188,-4557,3.0254030227661133,-0.53898870944976807,0,17334,110.80988311767578,0,-0.5627020001411438,0
172004504,172004504,172004,-353531348,1491613016,-28.476869583129883,-12.006309509277344,-2.6743547916412354,20678,-0.07538333535194397,1.0326757431030273,-353531348,1491613016,-353631360,1491627500,0,-9.5904159545898438,-4444,3.0240271091461182,-0.51656657457351685,0,17326,110.6683349609375,0,-0.53898870944976807,0
172104464,172104464,172104,-353531602,1491612888,-28.696910858154297,-11.366271018981934,-2.6969234943389893,20548,-0.077411189675331116,1.0326530933380127,-353531602,1491612888,-353631360,1491627500,0,-9.2299261093139648,-4335,3.0226986408233643,-0.49601641297340393,0,17319,110.53043365478516,0,-0.51656657457351685,0
172204424,172204424,172204,-353531859,1491612767,-28.903018951416016,-10.742087364196777,-2.7202842235565186,20414,-0.080212250351905823,1.0326638221740723,-353531859,1491612767,-353631360,1491627500,0,-8.8779506683349609,-4224,3.0214169025421143,-0.47601476311683655,0,17311,110.41854095458984,0,-0.49601641297340393,0
172304384,172304384,172304,-353532117,1491612652,-29.100593566894531,-10.110873222351074,-2.7441926002502441,20277,-0.082639820873737335,1.03264319896698,-353532117,1491612652,-353631360,1491627500,0,-8.520660400390625,-4108,3.0201761722564697,-0.45581379532814026,0,17304,110.31962585449219,0,-0.47601476311683655,0
172404344,172404344,172404,-353532377,1491612544,-29.300006866455078,-9.4709806442260742,-2.7675092220306396,20144,-0.083947762846946716,1.0326443910598755,-353532377,1491612544,-353631360,1491627500,0,-8.1576642990112305,-3985,3.0189838409423828,-0.43524947762489319,0,17298,110.26821136474609,0,-0.45581379532814026,0
172505137,172505137,172505,-353532639,1491612443,-29.485570907592773,-8.8178682327270508,-2.7900404930114746,20015,-0.082326076924800873,1.0326372385025024,-353532639,1491612443,-353631360,1491627500,0,-7.7848935127258301,-3853,3.0178399085998535,-0.41434416174888611,0,17291,110.20794677734375,0,-0.43524947762489319,0
172605097,172605097,172605,-353532905,1491612349,-29.669382095336914,-8.1660490036010742,-2.8129720687866211,19883,-0.079649612307548523,1.0326164960861206,-353532905,1491612349,-353631360,1491627500,0,-7.4123358726501465,-3717,3.016742467880249,-0.3934347927570343,0,17285,110.19647979736328,0,-0.41434416174888611,0
172705057,172705057,172705,-353533173,1491612261,-29.842399597167969,-7.5466785430908203,-2.8348796367645264,19758,-0.078218579292297363,1.0326166152954102,-353533173,1491612261,-353631360,1491627500,0,-7.058772087097168,-3582,3.0156857967376709,-0.37359848618507385,0,17279,110.22932434082031,0,-0.3934347927570343,0
172805017,172805017,172805,-353533443,1491612180,-30.009271621704102,-6.9263043403625488,-2.8570239543914795,19631,-0.075694158673286438,1.032604455947876,-353533443,1491612180,-353631360,1491627500,0,-6.703521728515625,-3443,3.0146782398223877,-0.35374757647514343,0,17273,110.28799438476562,0,-0.37359848618507385,0
172904977,172904977,172904,-353533715,1491612106,-30.172359466552734,-6.330634593963623,-2.8778419494628906,19512,-0.072711549699306488,1.0325995683670044,-353533715,1491612106,-353631360,1491627500,0,-6.3627572059631348,-3304,3.0137205123901367,-0.334687739610672,0,17267,110.39945220947266,0,-0.35374757647514343,0
173004937,173004937,173004,-353533988,1491612038,-30.308052062988281,-5.7787561416625977,-2.896536111831665,19405,-0.070875607430934906,1.0326032638549805,-353533988,1491612038,-353631360,1491627500,0,-6.0465569496154785,-3172,3.012805700302124,-0.31719279289245605,0,17262,110.4879150390625,0,-0.334687739610672,0
173104897,173104897,173104,-353534263,1491611976,-30.434860229492188,-5.2576217651367188,-2.9155435562133789,19296,-0.069236405193805695,1.0325913429260254,-353534263,1491611976,-353631360,1491627500,0,-5.7482433319091797,-3043,3.0119330883026123,-0.30072131752967834,0,17257,110.60108947753906,0,-0.31719279289245605,0
173204857,173204857,173204,-353534539,1491611919,-30.538511276245117,-4.773745059967041,-2.9325418472290039,19198,-0.068097569048404694,1.0325909852981567,-353534539,1491611919,-353631360,1491627500,0,-5.4707956314086914,-2921,3.0110955238342285,-0.28556105494499207,0,17252,110.68604278564453,0,-0.30072131752967834,0
173304817,173304817,173304,-353534816,1491611868,-30.632150650024414,-4.3242883682250977,-2.9493706226348877,19102,-0.066840715706348419,1.0325874090194702,-353534816,1491611868,-353631360,1491627500,0,-5.213313102722168,-2804,3.0103020668029785,-0.27153229713439941,0,17248,110.78093719482422,0,-0.28556105494499207,0
173404777,173404777,173404,-353535094,1491611822,-30.715940475463867,-3.8905153274536133,-2.9657273292541504,19008,-0.065639898180961609,1.0325723886489868,-353535094,1491611822,-353631360,1491627500,0,-4.9642562866210938,-2689,3.0095441341400146,-0.25803864002227783,0,17243,110.87216949462891,0,-0.27153229713439941,0
173504737,173504737,173504,-353535370,1491611780,-30.779085159301758,-3.4866368770599365,-2.9807307720184326,18922,-0.066034980118274689,1.0325862169265747,-353535370,1491611780,-353631360,1491627500,0,-4.7316293716430664,-2580,3.0088183879852295,-0.24557282030582428,0,17239,110.92441558837891,0,-0.25803864002227783,0
173604697,173604697,173604,-353535646,1491611743,-30.828634262084961,-3.1272497177124023,-2.9934444427490234,18849,-0.066972017288208008,1.0325661897659302,-353535646,1491611743,-353631360,1491627500,0,-4.524958610534668,-2481,3.0081303119659424,-0.23455628752708435,0,17235,110.96346282958984,0,-0.24557282030582428,0
173704657,173704657,173704,-353535922,1491611709,-30.873968124389648,-2.7874741554260254,-3.0065958499908447,18774,-0.06612994521856308,1.0325748920440674,-353535922,1491611709,-353631360,1491627500,0,-4.3298220634460449,-2386,3.0074636936187744,-0.22417044639587402,0,17231,111.00896453857422,0,-0.23455628752708435,0
173804617,173804617,173804,-353536198,1491611680,-30.912441253662109,-2.4342174530029297,-3.0202646255493164,18696,-0.06399267166852951,1.0325603485107422,-353536198,1491611680,-353631360,1491627500,0,-4.1250572204589844,-2285,3.0068352222442627,-0.21334080398082733,0,17228,111.03971099853516,0,-0.22417044639587402,0
173904577,173904577,173904,-353536474,1491611654,-30.940299987792969,-2.0827922821044922,-3.0349059104919434,18612,-0.063055813312530518,1.032576322555542,-353536474,1491611654,-353631360,1491627500,0,-3.9201815128326416,-2182,3.0062286853790283,-0.202579066157341,0,17224,111.04755401611328,0,-0.21334080398082733,0
174004537,174004537,174004,-353536750,1491611632,-30.971426010131836,-1.7511680126190186,-3.0467276573181152,18544,-0.062181536108255386,1.0325616598129272,-353536750,1491611632,-353631360,1491627500,0,-3.727386474609375,-2084,3.0056524276733398,-0.19242149591445923,0,17221,111.08539581298828,0,-0.202579066157341,0
174104497,174104497,174104,-353537026,1491611614,-30.993732452392578,-1.4470291137695312,-3.0578022003173828,18481,-0.060975808650255203,1.0325593948364258,-353537026,1491611614,-353631360,1491627500,0,-3.5504097938537598,-1993,3.0051069259643555,-0.18313965201377869,0,17218,111.10903167724609,0,-0.19242149591445923,0
174204457,174204457,174204,-353537303,1491611599,-31.01475715637207,-1.1683908700942993,-3.0682847499847412,18421,-0.060613606125116348,1.032556414604187,-353537303,1491611599,-353631360,1491627500,0,-3.3888373374938965,-1909,3.004582405090332,-0.17466464638710022,0,17215,111.14220428466797,0,-0.18313965201377869,0
174304417,174304417,174304,-353537580,1491611587,-31.035146713256836,-0.90040045976638794,-3.0790030956268311,18359,-0.060402087867259979,1.0325593948364258,-353537580,1491611587,-353631360,1491627500,0,-3.2334389686584473,-1827,3.0040802955627441,-0.16651646792888641,0,17212,111.18320465087891,0,-0.17466464638710022,0
174404377,174404377,174404,-353537858,1491611577,-31.055376052856445,-0.62753301858901978,-3.0897591114044189,18297,-0.058759640902280807,1.0325702428817749,-353537858,1491611577,-353631360,1491627500,0,-3.0747816562652588,-1743,3.0035910606384277,-0.15820571780204773,0,17209,111.23158264160156,0,-0.16651646792888641,0
174504337,174504337,174504,-353538135,1491611571,-31.072872161865234,-0.36388671398162842,-3.0994207859039307,18242,-0.057385139167308807,1.0325555801391602,-353538135,1491611571,-353631360,1491627500,0,-2.9210245609283447,-1661,3.0031347274780273,-0.15016810595989227,0,17207,111.27916717529297,0,-0.15820571780204773,0
174605130,174605130,174605,-353538413,1491611568,-31.084842681884766,-0.13421125710010529,-3.1078212261199951,18194,-0.056779477745294571,1.0325604677200317,-353538413,1491611568,-353631360,1491627500,0,-2.7875361442565918,-1589,3.0027000904083252,-0.1432100236415863,0,17204,111.31543731689453,0,-0.15016810595989227,0
174705090,174705090,174705,-353538696,1491611567,-31.106399536132812,0.084500469267368317,-3.1156957149505615,18149,-0.055740930140018463,1.032565712928772,-353538696,1491611567,-353631360,1491627500,0,-2.6615889072418213,-1520,3.0022728443145752,-0.13660334050655365,0,17202,111.39200592041016,0,-0.1432100236415863,0
174805050,174805050,174805,-353538977,1491611568,-31.129045486450195,0.27576154470443726,-3.1230583190917969,18107,-0.056733205914497375,1.0325553417205811,-353538977,1491611568,-353631360,1491627500,0,-2.5525000095367432,-1461,3.0018632411956787,-0.13087102770805359,0,17199,111.47706604003906,0,-0.13660334050655365,0
174905010,174905010,174905,-353539259,1491611570,-31.15654182434082,0.46100682020187378,-3.1310276985168457,18061,-0.057522222399711609,1.0325702428817749,-353539259,1491611570,-353631360,1491627500,0,-2.4475116729736328,-1403,3.0014584064483643,-0.12533889710903168,0,17197,111.58336639404297,0,-0.13087102770805359,0
175004970,175004970,175004,-353539542,1491611576,-31.186367034912109,0.64912009239196777,-3.1389672756195068,18016,-0.05719301849603653,1.0325616598129272,-353539542,1491611576,-353631360,1491627500,0,-2.3403701782226562,-1344,3.0010843276977539,-0.11969704926013947,0,17195,111.7021484375,0,-0.12533889710903168,0
175104930,175104930,175104,-353539825,1491611583,-31.217191696166992,0.83557248115539551,3.1361079216003418,17968,-0.058224629610776901,1.0325615406036377,-353539825,1491611583,-353631360,1491627500,0,-2.2342503070831299,-1285,3.0007169246673584,-0.11411577463150024,0,17193,111.82838439941406,0,-0.11969704926013947,0
175204890,175204890,175204,-353540108,1491611593,-31.243614196777344,1.0228316783905029,3.130206823348999,17934,-0.057721659541130066,1.032568097114563,-353540108,1491611593,-353631360,1491627500,0,-2.126795768737793,-1225,3.000373363494873,-0.10849367827177048,0,17191,111.94290161132812,0,-0.11411577463150024,0
175304850,175304850,175304,-353540392,1491611605,-31.264480590820312,1.1936140060424805,3.1245894432067871,17902,-0.055390633642673492,1.0325734615325928,-353540392,1491611605,-353631360,1491627500,0,-2.0288476943969727,-1170,3.0000438690185547,-0.10338941961526871,0,17189,112.03924560546875,0,-0.10849367827177048,0
175404810,175404810,175404,-353540676,1491611618,-31.283639907836914,1.3638242483139038,3.118018627166748,17864,-0.05300719290971756,1.0325580835342407,-353540676,1491611618,-353631360,1491627500,0,-1.930989146232605,-1115,2.9997210502624512,-0.098303757607936859,0,17187,112.13269805908203,0,-0.10338941961526871,0
175504770,175504770,175504,-353540958,1491611634,-31.289234161376953,1.5200957059860229,3.1117599010467529,17829,-0.051754627376794815,1.0325756072998047,-353540958,1491611634,-353631360,1491627500,0,-1.8400692939758301,-1064,2.9994258880615234,-0.093622900545597076,0,17185,112.17847442626953,0,-0.098303757607936859,0
175604730,175604730,175604,-353541239,1491611651,-31.294040679931641,1.6668158769607544,3.1052541732788086,17791,-0.050602976232767105,1.032568097114563,-353541239,1491611651,-353631360,1491627500,0,-1.754859447479248,-1015,2.9991393089294434,-0.089240558445453644,0,17184,112.22238159179688,0,-0.093622900545597076,0
175704690,175704690,175704,-353541519,1491611670,-31.29039192199707,1.8160616159439087,3.0986740589141846,17754,-0.050223883241415024,1.0325697660446167,-353541519,1491611670,-353631360,1491627500,0,-1.6669876575469971,-965,2.9988703727722168,-0.084748357534408569,0,17182,112.23902893066406,0,-0.089240558445453644,0
175804650,175804650,175804,-353541799,1491611690,-31.290443420410156,1.94829261302948,3.0947654247283936,17731,-0.051978807896375656,1.0325775146484375,-353541799,1491611690,-353631360,1491627500,0,-1.5898921489715576,-922,2.9986085891723633,-0.080799467861652374,0,17181,112.26764678955078,0,-0.084748357534408569,0
175904610,175904610,175904,-353542079,1491611712,-31.284746170043945,2.0561819076538086,3.0909633636474609,17709,-0.055171545594930649,1.0325833559036255,-353542079,1491611712,-353631360,1491627500,0,-1.5271048545837402,-886,2.9983632564544678,-0.077599041163921356,0,17179,112.27196502685547,0,-0.080799467861652374,0
176004570,176004570,176004,-353542359,1491611734,-31.28059196472168,2.1458971500396729,3.0873212814331055,17689,-0.057557936757802963,1.0325801372528076,-353542359,1491611734,-353631360,1491627500,0,-1.475791335105896,-857,2.9981162548065186,-0.074982106685638428,0,17178,112.27865600585938,0,-0.077599041163921356,0
176104530,176104530,176104,-353542638,1491611758,-31.28297233581543,2.2469432353973389,3.0819365978240967,17658,-0.057601656764745712,1.032568097114563,-353542638,1491611758,-353631360,1491627500,0,-1.4176671504974365,-823,2.9978873729705811,-0.072001971304416656,0,17177,112.3125,0,-0.074982106685638428,0
176204490,176204490,176204,-353542918,1491611783,-31.281833648681641,2.3532018661499023,3.0763533115386963,17626,-0.056857157498598099,1.0325738191604614,-353542918,1491611783,-353631360,1491627500,0,-1.355871319770813,-788,2.9976644515991211,-0.068843692541122437,0,17175,112.33632659912109,0,-0.072001971304416656,0
176304450,176304450,176304,-353543198,1491611809,-31.277921676635742,2.4732298851013184,3.0724282264709473,17603,-0.054551348090171814,1.0325886011123657,-353543198,1491611809,-353631360,1491627500,0,-1.2851169109344482,-747,2.9974493980407715,-0.065234825015068054,0,17174,112.35543060302734,0,-0.068843692541122437,0
176404410,176404410,176404,-353543478,1491611837,-31.268796920776367,2.5837130546569824,3.0688438415527344,17583,-0.052037939429283142,1.0325732231140137,-353543478,1491611837,-353631360,1491627500,0,-1.2194982767105103,-709,2.9972507953643799,-0.061899911612272263,0,17173,112.35474395751953,0,-0.065234825015068054,0
176504370,176504370,176504,-353543758,1491611866,-31.259889602661133,2.6938364505767822,3.0641751289367676,17556,-0.049399223178625107,1.032591700553894,-353543758,1491611866,-353631360,1491627500,0,-1.15397047996521,-671,2.9970602989196777,-0.058569181710481644,0,17172,112.35613250732422,0,-0.061899911612272263,0
176604330,176604330,176604,-353544038,1491611896,-31.251296997070312,2.8063690662384033,3.0598454475402832,17531,-0.047509759664535522,1.032593846321106,-353544038,1491611896,-353631360,1491627500,0,-1.0868184566497803,-633,2.9968776702880859,-0.055155046284198761,0,17171,112.36079406738281,0,-0.058569181710481644,0
176705123,176705123,176705,-353544318,1491611927,-31.246503829956055,2.9113943576812744,3.0561192035675049,17510,-0.046645138412714005,1.0325782299041748,-353544318,1491611927,-353631360,1491627500,0,-1.0245229005813599,-597,2.9967031478881836,-0.051982719451189041,0,17170,112.37796783447266,0,-0.055155046284198761,0
176805083,176805083,176805,-353544600,1491611960,-31.240066528320312,3.0021145343780518,3.052433967590332,17489,-0.047607928514480591,1.0325801372528076,-353544600,1491611960,-353631360,1491627500,0,-0.97069853544235229,-565,2.9965424537658691,-0.049246121197938919,0,17169,112.3856201171875,0,-0.051982719451189041,0
176905043,176905043,176905,-353544883,1491611994,-31.251590728759766,3.0802059173583984,3.0492327213287354,17470,-0.053486134856939316,1.0325980186462402,-353544883,1491611994,-353631360,1491627500,0,-0.92623054981231689,-540,2.9963884353637695,-0.046959936618804932,0,17168,112.45378875732422,0,-0.049246121197938919,0
177005003,177005003,177005,-353545166,1491612029,-31.263467788696289,3.1497476100921631,3.0464930534362793,17455,-0.058662336319684982,1.0325906276702881,-353545166,1491612029,-353631360,1491627500,0,-0.8869519829750061,-517,2.9962425231933594,-0.044940337538719177,0,17167,112.52080535888672,0,-0.046959936618804932,0
177104963,177104963,177104,-353545450,1491612065,-31.279575347900391,3.2113380432128906,3.0446228981018066,17444,-0.062396906316280365,1.0325996875762939,-353545450,1491612065,-353631360,1491627500,0,-0.85287410020828247,-498,2.9961035251617432,-0.043181966990232468,0,17166,112.60050201416016,0,-0.044940337538719177,0
177204923,177204923,177204,-353545734,1491612101,-31.292978286743164,3.2700314521789551,3.0419585704803467,17429,-0.062466826289892197,1.0325984954833984,-353545734,1491612101,-353631360,1491627500,0,-0.82037299871444702,-479,2.9959633350372314,-0.041509836912155151,0,17166,112.66989898681641,0,-0.043181966990232468,0
177304883,177304883,177304,-353546019,1491612138,-31.308832168579102,3.3400154113769531,3.038989782333374,17412,-0.060545679181814194,1.0326085090637207,-353546019,1491612138,-353631360,1491627500,0,-0.78094738721847534,-456,2.9958300590515137,-0.039484865963459015,0,17165,112.75267791748047,0,-0.041509836912155151,0
177404843,177404843,177404,-353546303,1491612176,-31.316608428955078,3.4106497764587402,3.0355408191680908,17392,-0.058128133416175842,1.032591700553894,-353546303,1491612176,-353631360,1491627500,0,-0.74018222093582153,-432,2.9957070350646973,-0.037404593080282211,0,17164,112.80746459960938,0,-0.039484865963459015,0
177504803,177504803,177504,-353546588,1491612214,-31.324554443359375,3.486638069152832,3.0332469940185547,17379,-0.054833117872476578,1.0325990915298462,-353546588,1491612214,-353631360,1491627500,0,-0.69615721702575684,-406,2.9955813884735107,-0.035160768777132034,0,17163,112.86553192138672,0,-0.037404593080282211,0
177604763,177604763,177604,-353546872,1491612254,-31.326602935791016,3.5514249801635742,3.0318529605865479,17371,-0.053762644529342651,1.0325927734375,-353546872,1491612254,-353631360,1491627500,0,-0.65816712379455566,-384,2.9954752922058105,-0.033231500536203384,0,17163,112.89872741699219,0,-0.035160768777132034,0
177704723,177704723,177704,-353547154,1491612294,-31.324159622192383,3.6101729869842529,3.0300953388214111,17361,-0.05452381819486618,1.0325973033905029,-353547154,1491612294,-353631360,1491627500,0,-0.62346798181533813,-364,2.9953722953796387,-0.031474672257900238,0,17162,112.91392517089844,0,-0.033231500536203384,0
177804683,177804683,177804,-353547436,1491612334,-31.321884155273438,3.6478898525238037,3.0292613506317139,17356,-0.057507313787937164,1.0326149463653564,-353547436,1491612334,-353631360,1491627500,0,-0.60187125205993652,-351,2.9952683448791504,-0.030382052063941956,0,17162,112.92137145996094,0,-0.031474672257900238,0
177904643,177904643,177904,-353547717,1491612375,-31.329734802246094,3.6762223243713379,3.0272862911224365,17345,-0.060211583971977234,1.0326089859008789,-353547717,1491612375,-353631360,1491627500,0,-0.58682733774185181,-343,2.9951751232147217,-0.02961200475692749,0,17161,112.96108245849609,0,-0.030382052063941956,0
178004603,178004603,178004,-353547998,1491612416,-31.331548690795898,3.7240841388702393,3.0237843990325928,17325,-0.061404943466186523,1.0326055288314819,-353547998,1491612416,-353631360,1491627500,0,-0.55910474061965942,-326,2.9950811862945557,-0.028206080198287964,0,17161,112.98762512207031,0,-0.02961200475692749,0
178104563,178104563,178104,-353548278,1491612458,-31.325613021850586,3.7796351909637451,3.021878719329834,17314,-0.061018913984298706,1.0326131582260132,-353548278,1491612458,-353631360,1491627500,0,-0.52567911148071289,-307,2.9949979782104492,-0.026518797501921654,0,17160,112.99017333984375,0,-0.028206080198287964,0
178204523,178204523,178204,-353548558,1491612500,-31.316665649414062,3.8294692039489746,3.0204815864562988,17306,-0.059735570102930069,1.0326015949249268,-353548558,1491612500,-353631360,1491627500,0,-0.49554285407066345,-289,2.9949140548706055,-0.025000469759106636,0,17160,112.97988891601562,0,-0.026518797501921654,0
178304483,178304483,178304,-353548838,1491612543,-31.305807113647461,3.8688042163848877,3.0189986228942871,17297,-0.059566479176282883,1.0326066017150879,-353548838,1491612543,-353631360,1491627500,0,-0.47157561779022217,-275,2.9948394298553467,-0.023795582354068756,0,17159,112.95848083496094,0,-0.025000469759106636,0
178404443,178404443,178404,-353549118,1491612586,-31.288858413696289,3.9191277027130127,3.0166006088256836,17283,-0.058482442051172256,1.0326079130172729,-353549118,1491612586,-353631360,1491627500,0,-0.4402279257774353,-257,2.9947643280029297,-0.02222098782658577,0,17159,112.92050933837891,0,-0.023795582354068756,0
178504403,178504403,178504,-353549397,1491612630,-31.277841567993164,3.9608092308044434,3.015437126159668,17277,-0.058516200631856918,1.0326210260391235,-353549397,1491612630,-353631360,1491627500,0,-0.41457939147949219,-242,2.9946999549865723,-0.020929954946041107,0,17158,112.90000915527344,0,-0.02222098782658577,0
178604363,178604363,178604,-353549677,1491612674,-31.270591735839844,3.9960935115814209,3.0146961212158203,17272,-0.059151437133550644,1.032622218132019,-353549677,1491612674,-353631360,1491627500,0,-0.39329642057418823,-230,2.994633674621582,-0.019857071340084076,0,17158,112.89020538330078,0,-0.020929954946041107,0
178704323,178704323,178704,-353549957,1491612718,-31.258445739746094,4.0272111892700195,3.013594388961792,17266,-0.06240636482834816,1.0326143503189087,-353549957,1491612718,-353631360,1491627500,0,-0.37416103482246399,-218,2.9945669174194336,-0.018895676359534264,0,17158,112.86125183105469,0,-0.019857071340084076,0
178805116,178805116,178805,-353550239,1491612764,-31.257469177246094,4.0533127784729004,3.0130710601806641,17263,-0.065382055938243866,1.0326230525970459,-353550239,1491612764,-353631360,1491627500,0,-0.3588624894618988,-210,2.9945156574249268,-0.018121622502803802,0,17157,112.86975860595703,0,-0.018895676359534264,0
178905076,178905076,178905,-353550522,1491612809,-31.265159606933594,4.0815529823303223,3.0113174915313721,17253,-0.066260188817977905,1.0326225757598877,-353550522,1491612809,-353631360,1491627500,0,-0.34327131509780884,-200,2.9944524765014648,-0.017328033223748207,0,17157,112.91011047363281,0,-0.018121622502803802,0
179005036,179005036,179005,-353550804,1491612855,-31.27503776550293,4.1100454330444336,3.0099344253540039,17245,-0.066938132047653198,1.0326194763183594,-353550804,1491612855,-353631360,1491627500,0,-0.32750213146209717,-191,2.9944005012512207,-0.016524869948625565,0,17157,112.95844268798828,0,-0.017328033223748207,0
179104996,179104996,179104,-353551088,1491612902,-31.284543991088867,4.1460332870483398,3.0077900886535645,17233,-0.066167019307613373,1.0326164960861206,-353551088,1491612902,-353631360,1491627500,0,-0.30692315101623535,-179,2.9943544864654541,-0.015479489229619503,0,17156,113.00905609130859,0,-0.016524869948625565,0
179204956,179204956,179204,-353551371,1491612949,-31.291881561279297,4.1862907409667969,3.0057435035705566,17221,-0.065209150314331055,1.0326242446899414,-353551371,1491612949,-353631360,1491627500,0,-0.28346163034439087,-165,2.9943099021911621,-0.01429043710231781,0,17156,113.05412292480469,0,-0.015479489229619503,0
179304916,179304916,179304,-353551656,1491612996,-31.303775787353516,4.2301058769226074,3.0048184394836426,17216,-0.065086789429187775,1.0326162576675415,-353551656,1491612996,-353631360,1491627500,0,-0.25828850269317627,-151,2.9942615032196045,-0.01301401574164629,0,17156,113.11724090576172,0,-0.01429043710231781,0
179404876,179404876,179404,-353551940,1491613044,-31.316722869873047,4.2647309303283691,3.0038406848907471,17210,-0.065183766186237335,1.0326155424118042,-353551940,1491613044,-353631360,1491627500,0,-0.2386963814496994,-139,2.9942245483398438,-0.012020152993500233,0,17156,113.17985534667969,0,-0.01301401574164629,0
179504836,179504836,179504,-353552224,1491613092,-31.328323364257812,4.2985191345214844,3.0030968189239502,17206,-0.06587664783000946,1.0326191186904907,-353552224,1491613092,-353631360,1491627500,0,-0.21950723230838776,-128,2.9941871166229248,-0.011048177257180214,0,17155,113.23741149902344,0,-0.012020152993500233,0
179604796,179604796,179604,-353552508,1491613140,-31.339828491210938,4.3202886581420898,3.002690315246582,17204,-0.065686479210853577,1.0326309204101562,-353552508,1491613140,-353631360,1491627500,0,-0.20778366923332214,-121,2.9941496849060059,-0.010453338734805584,0,17155,113.28884124755859,0,-0.011048177257180214,0
179704756,179704756,179704,-353552790,1491613189,-31.342996597290039,4.338409423828125,3.0020987987518311,17200,-0.065072983503341675,1.0326125621795654,-353552790,1491613189,-353631360,1491627500,0,-0.19728967547416687,-115,2.9941258430480957,-0.0099236192181706429,0,17155,113.30895233154297,0,-0.010453338734805584,0
179804716,179804716,179804,-353553072,1491613237,-31.337984085083008,4.354130744934082,3.0014128684997559,17196,-0.06613236665725708,1.0326278209686279,-353553072,1491613237,-353631360,1491627500,0,-0.18773676455020905,-109,2.9940915107727051,-0.0094439331442117691,0,17155,113.29891204833984,0,-0.0099236192181706429,0
179904676,179904676,179904,-353553352,1491613286,-31.327747344970703,4.3726015090942383,3.0002350807189941,17190,-0.067935764789581299,1.0326206684112549,-353553352,1491613286,-353631360,1491627500,0,-0.17572078108787537,-102,2.9940710067749023,-0.0088415853679180145,0,17155,113.27172088623047,0,-0.0094439331442117691,0
180004636,180004636,180004,-353553632,1491613334,-31.318538665771484,4.3860049247741699,3.0000936985015869,17189,-0.068700909614562988,1.0326249599456787,-353553632,1491613334,-353631360,1491627500,0,-0.16715565323829651,-97,2.9940400123596191,-0.0084125427529215813,0,17155,113.24571228027344,0,-0.0088415853679180145,0
180104596,180104596,180104,-353553912,1491613383,-31.311212539672852,4.3961195945739746,2.9995107650756836,17185,-0.069852478802204132,1.0326230525970459,-353553912,1491613383,-353631360,1491627500,0,-0.16060748696327209,-94,2.9940190315246582,-0.008084476925432682,0,17154,113.22476196289062,0,-0.0084125427529215813,0
180204556,180204556,180204,-353554192,1491613431,-31.300563812255859,4.4027414321899414,2.9990649223327637,17183,-0.069146543741226196,1.0326237678527832,-353554192,1491613431,-353631360,1491627500,0,-0.15613196790218353,-91,2.9939877986907959,-0.0078615816310048103,0,17154,113.19029998779297,0,-0.008084476925432682,0
180304516,180304516,180304,-353554471,1491613480,-31.289300918579102,4.4061217308044434,2.9989907741546631,17182,-0.068508580327033997,1.0326164960861206,-353554471,1491613480,-353631360,1491627500,0,-0.15337377786636353,-89,2.9939684867858887,-0.0077253100462257862,0,17154,113.15204620361328,0,-0.0078615816310048103,0
180404476,180404476,180404,-353554751,1491613529,-31.280820846557617,4.4233083724975586,2.9971728324890137,17172,-0.068151414394378662,1.0326155424118042,-353554751,1491613529,-353631360,1491627500,0,-0.14233332872390747,-83,2.9939470291137695,-0.0071705617010593414,0,17154,113.13057708740234,0,-0.0077253100462257862,0
180504436,180504436,180504,-353555030,1491613578,-31.265565872192383,4.4510912895202637,2.9958982467651367,17165,-0.069240644574165344,1.0326249599456787,-353555030,1491613578,-353631360,1491627500,0,-0.12404661625623703,-72,2.9939274787902832,-0.0062515046447515488,0,17154,113.09046936035156,0,-0.0071705617010593414,0
180604396,180604396,180604,-353555309,1491613627,-31.257450103759766,4.4714736938476562,2.9960353374481201,17166,-0.07181461900472641,1.0326288938522339,-353555309,1491613627,-353631360,1491627500,0,-0.1110212579369545,-65,2.9939076900482178,-0.0055959797464311123,0,17154,113.07200622558594,0,-0.0062515046447515488,0
180704356,180704356,180704,-353555588,1491613677,-31.244272232055664,4.4846940040588379,2.996619701385498,17169,-0.073134183883666992,1.0326290130615234,-353555588,1491613677,-353631360,1491627500,0,-0.101772740483284,-59,2.9938981533050537,-0.005131622776389122,0,17154,113.03201293945312,0,-0.0055959797464311123,0
180804316,180804316,180804,-353555868,1491613727,-31.236845016479492,4.4918346405029297,2.9957201480865479,17164,-0.074629612267017365,1.0326215028762817,-353555868,1491613727,-353631360,1491627500,0,-0.096874460577964783,-56,2.9938869476318359,-0.0048856195062398911,0,17154,113.00932312011719,0,-0.005131622776389122,0
180905109,180905109,180905,-353556152,1491613777,-31.239618301391602,4.5127010345458984,2.9938418865203857,17153,-0.075068511068820953,1.032617449760437,-353556152,1491613777,-353631360,1491627500,0,-0.084543906152248383,-49,2.9938676357269287,-0.0042629819363355637,0,17154,113.02980804443359,0,-0.0048856195062398911,0
181005069,181005069,181005,-353556434,1491613828,-31.249172210693359,4.5311012268066406,2.9942834377288818,17155,-0.074175558984279633,1.0326215028762817,-353556434,1491613828,-353631360,1491627500,0,-0.074088260531425476,-43,2.9938628673553467,-0.0037343408912420273,0,17154,113.07310485839844,0,-0.0042629819363355637,0
181105029,181105029,181105,-353556717,1491613879,-31.269172668457031,4.5443015098571777,2.994243860244751,17155,-0.074388056993484497,1.0326265096664429,-353556717,1491613879,-353631360,1491627500,0,-0.06786935031414032,-39,2.9938559532165527,-0.0034185335971415043,0,17154,113.15077972412109,0,-0.0037343408912420273,0
181204989,181204989,181204,-353557000,1491613930,-31.286224365234375,4.5512738227844238,2.9943830966949463,17156,-0.072917424142360687,1.0326179265975952,-353557000,1491613930,-353631360,1491627500,0,-0.065249912440776825,-38,2.9938490390777588,-0.0032847351394593716,0,17153,113.21479797363281,0,-0.0034185335971415043,0
181304949,181304949,181304,-353557284,1491613981,-31.306247711181641,4.5530967712402344,2.9930555820465088,17148,-0.072769314050674438,1.0326215028762817,-353557284,1491613981,-353631360,1491627500,0,-0.066145427525043488,-38,2.993840217590332,-0.0033277031034231186,0,17153,113.28669738769531,0,-0.0032847351394593716,0
181404909,181404909,181404,-353557568,1491614032,-31.320308685302734,4.5686893463134766,2.9922032356262207,17144,-0.073300562798976898,1.0326094627380371,-353557568,1491614032,-353631360,1491627500,0,-0.057933837175369263,-33,2.9938311576843262,-0.0029130978509783745,0,17153,113.34456634521484,0,-0.0033277031034231186,0
181504869,181504869,181504,-353557852,1491614084,-31.337429046630859,4.5812759399414062,2.9927158355712891,17146,-0.072372235357761383,1.0326051712036133,-353557852,1491614084,-353631360,1491627500,0,-0.051658891141414642,-30,2.993833065032959,-0.0025960342027246952,0,17153,113.41175079345703,0,-0.0029130978509783745,0
181604829,181604829,181604,-353558136,1491614135,-31.349020004272461,4.5879292488098145,2.9924519062042236,17145,-0.071545399725437164,1.032615065574646,-353558136,1491614135,-353631360,1491627500,0,-0.048776090145111084,-28,2.9938240051269531,-0.0024502016603946686,0,17153,113.45626068115234,0,-0.0025960342027246952,0
181704789,181704789,181704,-353558418,1491614186,-31.347625732421875,4.5927944183349609,2.9927463531494141,17147,-0.070954807102680206,1.0326191186904907,-353558418,1491614186,-353631360,1491627500,0,-0.045726105570793152,-26,2.993818998336792,-0.0022970382124185562,0,17153,113.45384979248047,0,-0.0024502016603946686,0
181804749,181804749,181804,-353558699,1491614237,-31.347995758056641,4.5838375091552734,2.9935133457183838,17151,-0.071337029337882996,1.0326118469238281,-353558699,1491614237,-353631360,1491627500,0,-0.051389545202255249,-30,2.9938156604766846,-0.0025816161651164293,0,17153,113.45050811767578,0,-0.0022970382124185562,0
181904709,181904709,181904,-353558979,1491614288,-31.342124938964844,4.5832600593566895,2.991894006729126,17142,-0.073958292603492737,1.032604455947876,-353558979,1491614288,-353631360,1491627500,0,-0.051228966563940048,-30,2.9938144683837891,-0.0025740279816091061,0,17153,113.42941284179688,0,-0.0025816161651164293,0
182004669,182004669,182004,-353559259,1491614338,-31.331859588623047,4.5897431373596191,2.9919712543487549,17142,-0.077327102422714233,1.032622218132019,-353559259,1491614338,-353631360,1491627500,0,-0.046493995934724808,-27,2.9938023090362549,-0.0023367961402982473,0,17153,113.39640045166016,0,-0.0025740279816091061,0
182104629,182104629,182104,-353559539,1491614389,-31.321693420410156,4.5990386009216309,2.9919803142547607,17142,-0.079473696649074554,1.032619833946228,-353559539,1491614389,-353631360,1491627500,0,-0.039801109582185745,-23,2.9938011169433594,-0.0020009602885693312,0,17153,113.36521148681641,0,-0.0023367961402982473,0
182204589,182204589,182204,-353559818,1491614440,-31.309537887573242,4.6084790229797363,2.9911584854125977,17138,-0.079636842012405396,1.0326091051101685,-353559818,1491614440,-353631360,1491627500,0,-0.032794233411550522,-19,2.9938018321990967,-0.0016492513241246343,0,17153,113.32706451416016,0,-0.0020009602885693312,0
182304549,182304549,182304,-353560097,1491614490,-31.296760559082031,4.6294217109680176,2.9900875091552734,17131,-0.079124748706817627,1.0326138734817505,-353560097,1491614490,-353631360,1491627500,0,-0.0188035499304533,-11,2.9937915802001953,-0.00094593351241201162,0,17153,113.29274749755859,0,-0.0016492513241246343,0
182404509,182404509,182404,-353560377,1491614542,-31.281852722167969,4.6451821327209473,2.9906847476959229,17135,-0.077926605939865112,1.0326018333435059,-353560377,1491614542,-353631360,1491627500,0,-0.00743141770362854,-4,2.9938013553619385,-0.00037399271968752146,0,17153,113.24821472167969,0,-0.00094593351241201162,0
182504469,182504469,182504,-353560656,1491614593,-31.272804260253906,4.6468229293823242,2.9915885925292969,17140,-0.078061170876026154,1.0326075553894043,-353560656,1491614593,-353631360,1491627500,0,-0.0055591827258467674,-3,2.9938023090362549,-0.00027984788175672293,0,17153,113.21702575683594,0,-0.00037399271968752146,0
182604429,182604429,182604,-353560935,1491614644,-31.266609191894531,4.6474246978759766,2.9905688762664795,17134,-0.077758096158504486,1.0326118469238281,-353560935,1491614644,-353631360,1491627500,0,-0.0045959493145346642,-2,2.9938030242919922,-0.00023140320263337344,0,17153,113.19539642333984,0,-0.00027984788175672293,0
182704389,182704389,182704,-353561214,1491614695,-31.263771057128906,4.6572346687316895,2.9901258945465088,17132,-0.077592924237251282,1.0326055288314819,-353561214,1491614695,-353631360,1491627500,0,0.0017793574370443821,1,2.9938037395477295,8.9593399025034159e-05,0,17153,113.19052124023438,0,-0.00023140320263337344,0
182804349,182804349,182804,-353561494,1491614747,-31.259208679199219,4.6528635025024414,2.9916446208953857,17140,-0.077701106667518616,1.0325957536697388,-353561494,1491614747,-353631360,1491627500,0,-0.00031368708005174994,0,2.9938139915466309,-1.5797206287970766e-05,0,17153,113.17205047607422,0,8.9593399025034159e-05,0
182905142,182905142,182905,-353561773,1491614798,-31.257709503173828,4.6384806632995605,2.9918131828308105,17141,-0.079114764928817749,1.0325902700424194,-353561773,1491614798,-353631360,1491627500,0,-0.0090963263064622879,-5,2.9938149452209473,-0.0004581409739330411,0,17153,113.15916442871094,0,-1.5797206287970766e-05,0
183005102,183005102,183005,-353562055,1491614850,-31.260402679443359,4.6349658966064453,2.9908337593078613,17136,-0.079192362725734711,1.0325906276702881,-353562055,1491614850,-353631360,1491627500,0,-0.011409278959035873,-6,2.9938209056854248,-0.00057459500385448337,0,17153,113.16686248779297,0,-0.0004581409739330411,0
183105062,183105062,183105,-353562337,1491614901,-31.271030426025391,4.6342840194702148,2.9915354251861572,17140,-0.079760745167732239,1.0325949192047119,-353562337,1491614901,-353631360,1491627500,0,-0.01292408537119627,-7,2.9938154220581055,-0.00065066938987001777,0,17153,113.20414733886719,0,-0.00057459500385448337,0
183205022,183205022,183205,-353562619,1491614953,-31.283943176269531,4.6261906623840332,2.9915659427642822,17140,-0.081006944179534912,1.0326004028320312,-353562619,1491614953,-353631360,1491627500,0,-0.019026754423975945,-11,2.9938216209411621,-0.00095756025984883308,0,17153,113.24564361572266,0,-0.00065066938987001777,0
183304982,183304982,183304,-353562903,1491615004,-31.299892425537109,4.6280794143676758,2.9914841651916504,17139,-0.080398343503475189,1.0326013565063477,-353562903,1491615004,-353631360,1491627500,0,-0.019522005692124367,-11,2.9938118457794189,-0.00098198605701327324,0,17153,113.30313873291016,0,-0.00095756025984883308,0
183404942,183404942,183404,-353563187,1491615056,-31.316474914550781,4.624417781829834,2.9919061660766602,17142,-0.07877398282289505,1.0325961112976074,-353563187,1491615056,-353631360,1491627500,0,-0.02329433336853981,-13,2.9938137531280518,-0.0011711528059095144,0,17153,113.35996246337891,0,-0.00098198605701327324,0
183504902,183504902,183504,-353563471,1491615108,-31.329658508300781,4.6193051338195801,2.9912679195404053,17138,-0.077160276472568512,1.0325826406478882,-353563471,1491615108,-353631360,1491627500,0,-0.027653295546770096,-16,2.9938156604766846,-0.0013897654134780169,0,17153,113.40399932861328,0,-0.0011711528059095144,0
183604862,183604862,183604,-353563755,1491615159,-31.340297698974609,4.6242127418518066,2.9905121326446533,17134,-0.075955934822559357,1.0325857400894165,-353563755,1491615159,-353631360,1491627500,0,-0.02578406035900116,-15,2.9938058853149414,-0.0012953638797625899,0,17153,113.44425201416016,0,-0.0013897654134780169,0
183704822,183704822,183704,-353564039,1491615211,-31.354801177978516,4.6414275169372559,2.9902026653289795,17132,-0.076301082968711853,1.032593846321106,-353564039,1491615211,-353631360,1491627500,0,-0.016389923170208931,-9,2.9938075542449951,-0.00082297419430688024,0,17153,113.504638671875,0,-0.0012953638797625899,0
183804782,183804782,183804,-353564324,1491615263,-31.374994277954102,4.655517578125,2.990717887878418,17135,-0.078203596174716949,1.0325826406478882,-353564324,1491615263,-353631360,1491627500,0,-0.0095070833340287209,-5,2.993807315826416,-0.00047703995369374752,0,17153,113.58357238769531,0,-0.00082297419430688024,0
183904742,183904742,183904,-353564606,1491615315,-31.375400543212891,4.6666350364685059,2.9900856018066406,17131,-0.081148304045200348,1.0325775146484375,-353564606,1491615315,-353631360,1491627500,0,-0.0025103951338678598,-1,2.9938137531280518,-0.00012595679436344653,0,17153,113.59085845947266,0,-0.00047703995369374752,0
184004702,184004702,184004,-353564888,1491615367,-31.370706558227539,4.6750245094299316,2.9904577732086182,17134,-0.082925580441951752,1.0325751304626465,-353564888,1491615367,-353631360,1491627500,0,0.0032633042428642511,1,2.9938199520111084,0.00016375089762732387,0,17153,113.57865905761719,0,-0.00012595679436344653,0
184104662,184104662,184104,-353565168,1491615418,-31.365083694458008,4.6806211471557617,2.9910292625427246,17137,-0.081891678273677826,1.0325809717178345,-353565168,1491615418,-353631360,1491627500,0,0.0072366725653409958,4,2.9938187599182129,0.00036318670026957989,0,17153,113.56169891357422,0,0.00016375089762732387,0
184204622,184204622,184204,-353565449,1491615470,-31.350803375244141,4.6809911727905273,2.9906446933746338,17135,-0.080667898058891296,1.0325673818588257,-353565449,1491615470,-353631360,1491627500,0,0.0089591052383184433,5,2.9938273429870605,0.00044982993858866394,0,17153,113.51132202148438,0,0.00036318670026957989,0
184304582,184304582,184304,-353565728,1491615521,-31.338607788085938,4.6863813400268555,2.9905767440795898,17134,-0.080014027655124664,1.0325732231140137,-353565728,1491615521,-353631360,1491627500,0,0.013455886393785477,7,2.993828296661377,0.00067585014039650559,0,17153,113.47097015380859,0,0.00044982993858866394,0
184404542,184404542,184404,-353566008,1491615573,-31.324249267578125,4.6927461624145508,2.9899590015411377,17131,-0.081101462244987488,1.0325826406478882,-353566008,1491615573,-353631360,1491627500,0,0.018958143889904022,11,2.9938392639160156,0.00095261115347966552,0,17153,113.42350006103516,0,0.00067585014039650559,0
184504502,184504502,184504,-353566288,1491615625,-31.315975189208984,4.6935033798217773,2.9905881881713867,17134,-0.08295624703168869,1.0325709581375122,-353566288,1491615625,-353631360,1491627500,0,0.020413627848029137,11,2.9938502311706543,0.0010260080453008413,0,17153,113.39459991455078,0,0.00095261115347966552,0
184604462,184604462,184604,-353566567,1491615676,-31.306003570556641,4.6941075325012207,2.9902758598327637,17133,-0.08436361700296402,1.032576322555542,-353566567,1491615676,-353631360,1491627500,0,0.021733392030000687,12,2.9938514232635498,0.001092677703127265,0,17153,113.35960388183594,0,0.0010260080453008413,0
184704422,184704422,184704,-353566847,1491615728,-31.30213737487793,4.6905879974365234,2.9897723197937012,17130,-0.085222184658050537,1.0325635671615601,-353566847,1491615728,-353631360,1491627500,0,0.020125707611441612,11,2.9938626289367676,0.0010119880316779017,0,17154,113.34403991699219,0,0.001092677703127265,0
184804382,184804382,184804,-353567126,1491615779,-31.298656463623047,4.6933441162109375,2.9891343116760254,17126,-0.086105950176715851,1.0325635671615601,-353567126,1491615779,-353631360,1491627500,0,0.022183097898960114,13,2.993863582611084,0.0011155473766848445,0,17154,113.33318328857422,0,0.0010119880316779017,0
184904342,184904342,184904,-353567406,1491615831,-31.293760299682617,4.6959590911865234,2.9904727935791016,17134,-0.085411839187145233,1.0325580835342407,-353567406,1491615831,-353631360,1491627500,0,0.024486767128109932,14,2.9938750267028809,0.0012315681669861078,0,17154,113.31723022460938,0,0.0011155473766848445,0
185005135,185005135,185005,-353567686,1491615883,-31.292949676513672,4.6916399002075195,2.9910111427307129,17137,-0.082070648670196533,1.0325522422790527,-353567686,1491615883,-353631360,1491627500,0,0.022105202078819275,12,2.9938864707946777,0.0011118373367935419,0,17154,113.31206512451172,0,0.0012315681669861078,0
185105095,185105095,185105,-353567970,1491615935,-31.295707702636719,4.6860442161560059,2.9905011653900146,17134,-0.080806218087673187,1.0325568914413452,-353567970,1491615935,-353631360,1491627500,0,0.018419452011585236,10,2.9938888549804688,0.00092639750801026821,0,17154,113.31886291503906,0,0.0011118373367935419,0
185205055,185205055,185205,-353568252,1491615987,-31.29802131652832,4.6796984672546387,2.9903426170349121,17133,-0.080827407538890839,1.032556414604187,-353568252,1491615987,-353631360,1491627500,0,0.0144005436450243,8,2.9938957691192627,0.000724237528629601,0,17154,113.32369995117188,0,0.00092639750801026821,0
185305015,185305015,185305,-353568536,1491616039,-31.315923690795898,4.6894803047180176,2.9901037216186523,17132,-0.082590319216251373,1.03255295753479,-353568536,1491616039,-353631360,1491627500,0,0.018872758373618126,11,2.9938983917236328,0.00094858172815293074,0,17154,113.39228057861328,0,0.000724237528629601,0
185404975,185404975,185404,-353568820,1491616092,-31.336421966552734,4.6915068626403809,2.991004467010498,17137,-0.084857180714607239,1.0325489044189453,-353568820,1491616092,-353631360,1491627500,0,0.01853959821164608,10,2.9939134120941162,0.00093123136321082711,0,17154,113.46595001220703,0,0.00094858172815293074,0
185504935,185504935,185504,-353569104,1491616144,-31.361078262329102,4.6847953796386719,2.9912595748901367,17138,-0.086144693195819855,1.032556414604187,-353569104,1491616144,-353631360,1491627500,0,0.012139418162405491,7,2.9939160346984863,0.00060930498875677586,0,17154,113.54972076416016,0,0.00093123136321082711,0
185604895,185604895,185604,-353569388,1491616196,-31.381635665893555,4.6820545196533203,2.9909987449645996,17137,-0.085814572870731354,1.0325345993041992,-353569388,1491616196,-353631360,1491627500,0,0.0085863973945379257,5,2.9939186573028564,0.00043070001993328333,0,17154,113.62107849121094,0,0.00060930498875677586,0
185704855,185704855,185704,-353569673,1491616249,-31.403059005737305,4.6831936836242676,2.9909710884094238,17137,-0.085462585091590881,1.0325371026992798,-353569673,1491616249,-353631360,1491627500,0,0.0075761266052722931,4,2.993931770324707,0.00037976849125698209,0,17154,113.69755554199219,0,0.00043070001993328333,0
185804815,185804815,185804,-353569957,1491616301,-31.41212272644043,4.6849703788757324,2.9905462265014648,17134,-0.084674008190631866,1.0325435400009155,-353569957,1491616301,-353631360,1491627500,0,0.0078955069184303284,4,2.9939343929290771,0.00039566308259963989,0,17154,113.73059844970703,0,0.00037976849125698209,0
185904775,185904775,185904,-353570240,1491616352,-31.41278076171875,4.6872425079345703,2.991065502166748,17137,-0.083647303283214569,1.0325300693511963,-353570240,1491616352,-353631360,1491627500,0,0.0090870372951030731,5,2.9939262866973877,0.0004553594917524606,0,17154,113.73412322998047,0,0.00039566308259963989,0
186004735,186004735,186004,-353570522,1491616404,-31.40962028503418,4.6860747337341309,2.9903824329376221,17133,-0.083191253244876862,1.0325369834899902,-353570522,1491616404,-353631360,1491627500,0,0.0088012143969535828,5,2.9939336776733398,0.00044108243309892714,0,17154,113.72232055664062,0,0.0004553594917524606,0
186104695,186104695,186104,-353570803,1491616456,-31.398571014404297,4.6943907737731934,2.9900867938995361,17131,-0.083489783108234406,1.0325263738632202,-353570803,1491616456,-353631360,1491627500,0,0.015188504941761494,8,2.9939436912536621,0.00076142104808241129,0,17154,113.68757629394531,0,0.00044108243309892714,0
186204655,186204655,186204,-353571083,1491616507,-31.385786056518555,4.7041912078857422,2.9902193546295166,17132,-0.084798999130725861,1.032522439956665,-353571083,1491616507,-353631360,1491627500,0,0.022444354370236397,13,2.9939427375793457,0.0011255638673901558,0,17154,113.64749908447266,0,0.00076142104808241129,0
186304615,186304615,186304,-353571363,1491616559,-31.379751205444336,4.7095279693603516,2.9905679225921631,17134,-0.084510542452335358,1.0325263738632202,-353571363,1491616559,-353631360,1491627500,0,0.026567528024315834,15,2.9939553737640381,0.0013325546169653535,0,17154,113.62895965576172,0,0.0011255638673901558,0
186404575,186404575,186404,-353571643,1491616611,-31.370981216430664,4.7091846466064453,2.9907763004302979,17135,-0.083594344556331635,1.0325322151184082,-353571643,1491616611,-353631360,1491627500,0,0.027415411546826363,16,2.9939680099487305,0.0013754605315625668,0,17154,113.59772491455078,0,0.0013325546169653535,0
186504535,186504535,186504,-353571923,1491616662,-31.36302375793457,4.7046623229980469,2.9903850555419922,17133,-0.083842024207115173,1.0325185060501099,-353571923,1491616662,-353631360,1491627500,0,0.025325959548354149,14,2.9939670562744141,0.0012709725415334105,0,17154,113.567138671875,0,0.0013754605315625668,0
186604495,186604495,186604,-353572203,1491616714,-31.356121063232422,4.7060608863830566,2.9902656078338623,17132,-0.084346435964107513,1.0325264930725098,-353572203,1491616714,-353631360,1491627500,0,0.027087043970823288,15,2.9939799308776855,0.0013596356147900224,0,17154,113.54344177246094,0,0.0012709725415334105,0
186704455,186704455,186704,-353572483,1491616765,-31.349830627441406,4.7132201194763184,2.9894034862518311,17128,-0.084761418402194977,1.0325125455856323,-353572483,1491616765,-353631360,1491627500,0,0.032103940844535828,18,2.9939792156219482,0.0016117212362587452,0,17154,113.52497100830078,0,0.0013596356147900224,0
186804415,186804415,186804,-353572763,1491616817,-31.34455680847168,4.7233419418334961,2.9892585277557373,17127,-0.085668720304965973,1.0325212478637695,-353572763,1491616817,-353631360,1491627500,0,0.039139274507761002,22,2.9939920902252197,0.0019651481416076422,0,17154,113.51169586181641,0,0.0016117212362587452,0
186904375,186904375,186904,-353573043,1491616869,-31.33473014831543,4.729301929473877,2.9884111881256104,17122,-0.086036346852779388,1.0325117111206055,-353573043,1491616869,-353631360,1491627500,0,0.044011760503053665,25,2.9940052032470703,0.002210407517850399,0,17154,113.48007965087891,0,0.0019651481416076422,0
187004335,187004335,187004,-353573323,1491616921,-31.330961227416992,4.7407808303833008,2.9883978366851807,17122,-0.086150184273719788,1.032509446144104,-353573323,1491616921,-353631360,1491627500,0,0.051756266504526138,30,2.9940183162689209,0.0025995264295488596,0,17154,113.47287750244141,0,0.002210407517850399,0
187105128,187105128,187105,-353573604,1491616973,-31.324930191040039,4.7543034553527832,2.9875693321228027,17117,-0.086503565311431885,1.0325064659118652,-353573604,1491616973,-353631360,1491627500,0,0.060931988060474396,35,2.9940292835235596,0.0030607704538851976,0,17155,113.45877838134766,0,0.0025995264295488596,0
187205088,187205088,187205,-353573886,1491617026,-31.321371078491211,4.7662043571472168,2.9874694347381592,17116,-0.086600922048091888,1.0325125455856323,-353573886,1491617026,-353631360,1491627500,0,0.069100439548492432,40,2.994051456451416,0.003471283707767725,0,17155,113.45257568359375,0,0.0030607704538851976,0
187305048,187305048,187305,-353574169,1491617079,-31.333078384399414,4.7755937576293945,2.987884521484375,17119,-0.086559146642684937,1.0324959754943848,-353574169,1491617079,-353631360,1491627500,0,0.074250951409339905,43,2.9940712451934814,0.0037284945137798786,0,17155,113.49908447265625,0,0.003471283707767725,0
187405008,187405008,187405,-353574452,1491617132,-31.340427398681641,4.7775721549987793,2.9884166717529297,17122,-0.087340883910655975,1.0324913263320923,-353574452,1491617132,-353631360,1491627500,0,0.075202800333499908,44,2.9940915107727051,0.0037753907963633537,0,17155,113.52617645263672,0,0.0037284945137798786,0
187504968,187504968,187504,-353574736,1491617185,-31.356941223144531,4.7774510383605957,2.9886424541473389,17123,-0.086649492383003235,1.0324970483779907,-353574736,1491617185,-353631360,1491627500,0,0.073957033455371857,43,2.9941091537475586,0.0037109409458935261,0,17155,113.58456420898438,0,0.0037753907963633537,0
187604928,187604928,187604,-353575020,1491617238,-31.374355316162109,4.7759637832641602,2.9884910583496094,17122,-0.087227068841457367,1.0324825048446655,-353575020,1491617238,-353631360,1491627500,0,0.071782208979129791,42,2.9941272735595703,0.0035998853854835033,0,17155,113.64541625976562,0,0.0037109409458935261,0
187704888,187704888,187704,-353575305,1491617292,-31.395061492919922,4.7666287422180176,2.9897711277008057,17130,-0.08839792013168335,1.0324796438217163,-353575305,1491617292,-353631360,1491627500,0,0.064662978053092957,37,2.9941568374633789,0.0032409066334366798,0,17155,113.71369934082031,0,0.0035998853854835033,0
187804848,187804848,187804,-353575590,1491617345,-31.411489486694336,4.7578310966491699,2.9891922473907471,17126,-0.089012406766414642,1.032478928565979,-353575590,1491617345,-353631360,1491627500,0,0.057993151247501373,34,2.9941728115081787,0.0029052491299808025,0,17155,113.76713562011719,0,0.0032409066334366798,0
187904808,187904808,187904,-353575875,1491617398,-31.429624557495117,4.7557206153869629,2.9891214370727539,17126,-0.08731485903263092,1.0324831008911133,-353575875,1491617398,-353631360,1491627500,0,0.055325768887996674,32,2.9941885471343994,0.0027700862847268581,0,17155,113.83021545410156,0,0.0029052491299808025,0
188004768,188004768,188004,-353576160,1491617451,-31.445013046264648,4.7539076805114746,2.9900863170623779,17131,-0.086266249418258667,1.0324819087982178,-353576160,1491617451,-353631360,1491627500,0,0.05310029536485672,31,2.9942047595977783,0.0026574102230370045,0,17156,113.88372802734375,0,0.0027700862847268581,0
188104728,188104728,188104,-353576443,1491617503,-31.457128524780273,4.7448787689208984,2.9894778728485107,17128,-0.084039047360420227,1.0324784517288208,-353576443,1491617503,-353631360,1491627500,0,0.046511072665452957,27,2.9942116737365723,0.0023268733639270067,0,17156,113.92179870605469,0,0.0026574102230370045,0
188204688,188204688,188204,-353576726,1491617555,-31.453571319580078,4.7483797073364258,2.9902372360229492,17132,-0.083212435245513916,1.0324733257293701,-353576726,1491617555,-353631360,1491627500,0,0.049156591296195984,28,2.9942188262939453,0.0024594564456492662,0,17156,113.91107940673828,0,0.0023268733639270067,0
188304648,188304648,188304,-353577007,1491617607,-31.447504043579102,4.7307944297790527,2.9910895824432373,17137,-0.083597064018249512,1.0324796438217163,-353577007,1491617607,-353631360,1491627500,0,0.039036814123392105,22,2.9942312240600586,0.0019536609761416912,0,17156,113.88021087646484,0,0.0024594564456492662,0
188404608,188404608,188404,-353577288,1491617659,-31.434844970703125,4.7288036346435547,2.9902827739715576,17133,-0.08654620498418808,1.032474160194397,-353577288,1491617659,-353631360,1491627500,0,0.039219573140144348,23,2.994243860244751,0.0019635986536741257,0,17156,113.83432006835938,0,0.0019536609761416912,0
188504568,188504568,188504,-353577569,1491617711,-31.423673629760742,4.7363433837890625,2.9905030727386475,17134,-0.088428974151611328,1.0324749946594238,-353577569,1491617711,-353631360,1491627500,0,0.045191008597612381,26,2.9942567348480225,0.0022632766049355268,0,17156,113.79878234863281,0,0.0019635986536741257,0
188604528,188604528,188604,-353577850,1491617763,-31.415126800537109,4.7273678779602051,2.9912993907928467,17138,-0.089151464402675629,1.0324674844741821,-353577850,1491617763,-353631360,1491627500,0,0.040658276528120041,23,2.9942696094512939,0.0020368932746350765,0,17156,113.76373291015625,0,0.0022632766049355268,0
188704488,188704488,188704,-353578130,1491617815,-31.404201507568359,4.7178506851196289,2.9912035465240479,17138,-0.089788585901260376,1.0324587821960449,-353578130,1491617815,-353631360,1491627500,0,0.036065328866243362,21,2.9942853450775146,0.001807491178624332,0,17156,113.719970703125,0,0.0020368932746350765,0
188804448,188804448,188804,-353578410,1491617867,-31.396209716796875,4.7096304893493652,2.9917266368865967,17141,-0.089402258396148682,1.0324562788009644,-353578410,1491617867,-353631360,1491627500,0,0.032011359930038452,18,2.9943013191223145,0.0016047786921262741,0,17156,113.68730926513672,0,0.001807491178624332,0
188904408,188904408,188904,-353578691,1491617918,-31.38682746887207,4.6935629844665527,2.9932596683502197,17150,-0.088696256279945374,1.0324568748474121,-353578691,1491617918,-353631360,1491627500,0,0.022854214534163475,13,2.9942994117736816,0.0011461377143859863,0,17156,113.64555358886719,0,0.0016047786921262741,0
189004368,189004368,189004,-353578971,1491617969,-31.378749847412109,4.6694636344909668,2.9931926727294922,17149,-0.087365522980690002,1.0324602127075195,-353578971,1491617969,-353631360,1491627500,0,0.0086388289928436279,5,2.994300365447998,0.00043339436524547637,0,17156,113.60420989990234,0,0.0011461377143859863,0
189104328,189104328,189104,-353579251,1491618021,-31.372297286987305,4.6643791198730469,2.9924061298370361,17145,-0.088032476603984833,1.0324554443359375,-353579251,1491618021,-353631360,1491627500,0,0.0063980771228671074,3,2.994316577911377,0.00032105209538713098,0,17156,113.57868194580078,0,0.00043339436524547637,0
189205121,189205121,189205,-353579532,1491618072,-31.36668586730957,4.662083625793457,2.9919753074645996,17142,-0.088698320090770721,1.0324398279190063,-353579532,1491618072,-353631360,1491627500,0,0.0054537206888198853,3,2.9943149089813232,0.00027371561736799777,0,17156,113.55759429931641,0,0.00032105209538713098,0
189305081,189305081,189305,-353579817,1491618124,-31.375680923461914,4.66375732421875,2.9924266338348389,17145,-0.089839726686477661,1.0324513912200928,-353579817,1491618124,-353631360,1491627500,0,0.0057131797075271606,3,2.9943172931671143,0.000286654889350757,0,17156,113.59033966064453,0,0.00027371561736799777,0
189405041,189405041,189405,-353580100,1491618175,-31.384233474731445,4.6652588844299316,2.9935588836669922,17151,-0.089932963252067566,1.0324398279190063,-353580100,1491618175,-353631360,1491627500,0,0.0057098832912743092,3,2.9943099021911621,0.0002864111156668514,0,17156,113.62142181396484,0,0.000286654889350757,0
189505001,189505001,189505,-353580385,1491618227,-31.406211853027344,4.6557211875915527,2.9950909614562988,17160,-0.089743778109550476,1.0324362516403198,-353580385,1491618227,-353631360,1491627500,0,-0.0021958095021545887,-1,2.9943122863769531,-0.00011007254215655848,0,17156,113.69425964355469,0,0.0002864111156668514,0
189604961,189604961,189604,-353580669,1491618279,-31.42500114440918,4.6449985504150391,2.9938437938690186,17153,-0.089080549776554108,1.0324404239654541,-353580669,1491618279,-353631360,1491627500,0,-0.010486196726560593,-6,2.9943177700042725,-0.00052537524607032537,0,17156,113.75518798828125,0,-0.00011007254215655848,0
189704921,189704921,189704,-353580954,1491618331,-31.442279815673828,4.6473512649536133,2.993013858795166,17148,-0.089764975011348724,1.0324361324310303,-353580954,1491618331,-353631360,1491627500,0,-0.010567689314484596,-6,2.9943201541900635,-0.00052916770800948143,0,17156,113.81763458251953,0,-0.00052537524607032537,0
189804881,189804881,189804,-353581239,1491618382,-31.460147857666016,4.654695987701416,2.9938466548919678,17153,-0.08889462798833847,1.0324203968048096,-353581239,1491618382,-353631360,1491627500,0,-0.0079173771664500237,-4,2.9943068027496338,-0.00039622193435207009,0,17156,113.88478088378906,0,-0.00052916770800948143,0
189904841,189904841,189904,-353581524,1491618434,-31.478933334350586,4.6502814292907715,2.9951698780059814,17161,-0.087934188544750214,1.0324180126190186,-353581524,1491618434,-353631360,1491627500,0,-0.012343450449407101,-7,2.9943091869354248,-0.00061737484065815806,0,17156,113.94901275634766,0,-0.00039622193435207009,0
190004801,190004801,190004,-353581809,1491618486,-31.492593765258789,4.6449518203735352,2.9951858520507812,17161,-0.08810095489025116,1.0324287414550781,-353581809,1491618486,-353631360,1491627500,0,-0.016865396872162819,-9,2.9943118095397949,-0.000843208865262568,0,17156,113.99461364746094,0,-0.00061737484065815806,0
190104761,190104761,190104,-353582093,1491618537,-31.495016098022461,4.6382803916931152,2.9953768253326416,17162,-0.087481006979942322,1.0324128866195679,-353582093,1491618537,-353631360,1491627500,0,-0.021449664607644081,-12,2.9943010807037354,-0.0010723576415330172,0,17156,113.99971771240234,0,-0.000843208865262568,0
190204721,190204721,190204,-353582375,1491618588,-31.497369766235352,4.6410655975341797,2.9942982196807861,17156,-0.087393157184123993,1.0324183702468872,-353582375,1491618588,-353631360,1491627500,0,-0.020034326240420341,-11,2.9942960739135742,-0.0010015129810199142,0,17156,114.00951385498047,0,-0.0010723576415330172,0
190304681,190304681,190304,-353582657,1491618639,-31.490644454956055,4.6434168815612793,2.9945776462554932,17157,-0.089694201946258545,1.0324018001556396,-353582657,1491618639,-353631360,1491627500,0,-0.018052436411380768,-10,2.9942910671234131,-0.00090261746663600206,0,17156,113.98691558837891,0,-0.0010015129810199142,0
190404641,190404641,190404,-353582938,1491618690,-31.488822937011719,4.6460781097412109,2.9948842525482178,17159,-0.091216742992401123,1.0324081182479858,-353582938,1491618690,-353631360,1491627500,0,-0.016270682215690613,-9,2.9942891597747803,-0.00081356626469641924,0,17156,113.98184967041016,0,-0.00090261746663600206,0
190504601,190504601,190504,-353583219,1491618741,-31.478605270385742,4.6490325927734375,2.9937386512756348,17152,-0.090194001793861389,1.0323981046676636,-353583219,1491618741,-353631360,1491627500,0,-0.013533486053347588,-7,2.9942870140075684,-0.00067690684227272868,0,17156,113.94720458984375,0,-0.00081356626469641924,0
190604561,190604561,190604,-353583500,1491618792,-31.466564178466797,4.6644048690795898,2.9937732219696045,17153,-0.088967368006706238,1.0323970317840576,-353583500,1491618792,-353631360,1491627500,0,-0.00291066849604249,-1,2.9942848682403564,-0.00014562763681169599,0,17156,113.91259765625,0,-0.00067690684227272868,0
190704521,190704521,190704,-353583781,1491618843,-31.453439712524414,4.6703023910522461,2.9942357540130615,17155,-0.088637389242649078,1.0323878526687622,-353583781,1491618843,-353631360,1491627500,0,0.0019231683108955622,1,2.9942829608917236,9.6257339464500546e-05,0,17156,113.86920928955078,0,-0.00014562763681169599,0
190804481,190804481,190804,-353584061,1491618895,-31.440378189086914,4.6721706390380859,2.9933674335479736,17150,-0.089257553219795227,1.0324022769927979,-353584061,1491618895,-353631360,1491627500,0,0.0046438868157565594,2,2.9943006038665771,0.00023252566461451352,0,17156,113.82392883300781,0,9.6257339464500546e-05,0
190904441,190904441,190904,-353584342,1491618946,-31.430595397949219,4.6752376556396484,2.9932990074157715,17150,-0.090132072567939758,1.0323916673660278,-353584342,1491618946,-353631360,1491627500,0,0.0074119423516094685,4,2.9942986965179443,0.00037123370566405356,0,17156,113.7908935546875,0,0.00023252566461451352,0
191004401,191004401,191004,-353584622,1491618997,-31.422689437866211,4.6797857284545898,2.9944393634796143,17156,-0.089925177395343781,1.0323847532272339,-353584622,1491618997,-353631360,1491627500,0,0.010988635942339897,6,2.9942996501922607,0.00055049941875040531,0,17156,113.76528930664062,0,0.00037123370566405356,0
191104361,191104361,191104,-353584903,1491619049,-31.421043395996094,4.672309398651123,2.9944620132446289,17157,-0.09001835435628891,1.0323796272277832,-353584903,1491619049,-353631360,1491627500,0,0.0067944563925266266,3,2.9943146705627441,0.00034041216713376343,0,17156,113.75550842285156,0,0.00055049941875040531,0
191204321,191204321,191204,-353585184,1491619100,-31.414340972900391,4.6779088973999023,2.9926297664642334,17146,-0.090411342680454254,1.0323772430419922,-353585184,1491619100,-353631360,1491627500,0,0.010853215120732784,6,2.9943127632141113,0.00054386124247685075,0,17156,113.73472595214844,0,0.00034041216713376343,0
191305114,191305114,191305,-353585467,1491619152,-31.408477783203125,4.6963849067687988,2.9914612770080566,17139,-0.090563014149665833,1.0323753356933594,-353585467,1491619152,-353631360,1491627500,0,0.023057948797941208,13,2.9943218231201172,0.001155560021288693,0,17156,113.72372436523438,0,0.00054386124247685075,0
191405074,191405074,191405,-353585748,1491619204,-31.401712417602539,4.7182374000549316,2.9910695552825928,17137,-0.089404381811618805,1.0323798656463623,-353585748,1491619204,-353631360,1491627500,0,0.03757263720035553,22,2.9943373203277588,0.0018831760389730334,0,17156,113.71136474609375,0,0.001155560021288693,0
191505034,191505034,191505,-353586031,1491619256,-31.411319732666016,4.716585636138916,2.9935855865478516,17151,-0.087843596935272217,1.0323606729507446,-353586031,1491619256,-353631360,1491627500,0,0.035846307873725891,21,2.9943466186523438,0.0017961272969841957,0,17156,113.7445068359375,0,0.0018831760389730334,0
191604994,191604994,191604,-353586315,1491619308,-31.42210578918457,4.7068700790405273,2.9936659336090088,17152,-0.087629631161689758,1.0323566198348999,-353586315,1491619308,-353631360,1491627500,0,0.028937406837940216,16,2.9943528175354004,0.0014495261711999774,0,17156,113.77754974365234,0,0.0017961272969841957,0
191704954,191704954,191704,-353586600,1491619361,-31.432718276977539,4.7103562355041504,2.9929893016815186,17148,-0.08906545490026474,1.0323704481124878,-353586600,1491619361,-353631360,1491627500,0,0.030542392283678055,17,2.9943737983703613,0.0015293927863240242,0,17156,113.81698608398438,0,0.0014495261711999774,0
191804914,191804914,191804,-353586885,1491619413,-31.449314117431641,4.709592342376709,2.9937207698822021,17152,-0.089839905500411987,1.0323635339736938,-353586885,1491619413,-353631360,1491627500,0,0.028601847589015961,16,2.9943768978118896,0.0014314869185909629,0,17157,113.87535095214844,0,0.0015293927863240242,0
191904874,191904874,191904,-353587170,1491619466,-31.470127105712891,4.705848217010498,2.9933090209960938,17150,-0.090546019375324249,1.0323574542999268,-353587170,1491619466,-353631360,1491627500,0,0.024782478809356689,14,2.9943981170654297,0.0012395512312650681,0,17157,113.94707489013672,0,0.0014314869185909629,0
192004834,192004834,192004,-353587455,1491619518,-31.490818023681641,4.7095513343811035,2.9928274154663086,17147,-0.091068863868713379,1.0323565006256104,-353587455,1491619518,-353631360,1491627500,0,0.025245064869523048,14,2.9944016933441162,0.0012618554756045341,0,17157,114.02231597900391,0,0.0012395512312650681,0
192104794,192104794,192104,-353587739,1491619571,-31.49891471862793,4.7104544639587402,2.993304967880249,17150,-0.092611081898212433,1.0323588848114014,-353587739,1491619571,-353631360,1491627500,0,0.025562049821019173,14,2.9944267272949219,0.0012773730559274554,0,17157,114.05146789550781,0,0.0012618554756045341,0
192204754,192204754,192204,-353588023,1491619623,-31.506479263305664,4.7027406692504883,2.9940042495727539,17154,-0.092395193874835968,1.0323379039764404,-353588023,1491619623,-353631360,1491627500,0,0.020210197195410728,11,2.9944336414337158,0.0010097319027408957,0,17157,114.07418060302734,0,0.0012773730559274554,0
192304714,192304714,192304,-353588305,1491619674,-31.505048751831055,4.6992506980895996,2.9931640625,17149,-0.090951539576053619,1.0323389768600464,-353588305,1491619674,-353631360,1491627500,0,0.01807820238173008,10,2.9944288730621338,0.0009032689849846065,0,17157,114.06726837158203,0,0.0010097319027408957,0
192404674,192404674,192404,-353588587,1491619726,-31.498813629150391,4.7043147087097168,2.99324631690979,17150,-0.088619023561477661,1.0323301553726196,-353588587,1491619726,-353631360,1491627500,0,0.022077634930610657,12,2.9944427013397217,0.0011032866314053535,0,17157,114.04785919189453,0,0.0009032689849846065,0
192504634,192504634,192504,-353588869,1491619778,-31.493879318237305,4.7016439437866211,2.9932644367218018,17150,-0.086739107966423035,1.0323392152786255,-353588869,1491619778,-353631360,1491627500,0,0.021153055131435394,12,2.9944567680358887,0.0010572576429694891,0,17157,114.02896881103516,0,0.0011032866314053535,0
192604594,192604594,192604,-353589150,1491619830,-31.485076904296875,4.7023763656616211,2.9932584762573242,17150,-0.087130457162857056,1.0323312282562256,-353589150,1491619830,-353631360,1491627500,0,0.022772124037146568,13,2.9944744110107422,0.0011384882964193821,0,17157,113.99819183349609,0,0.0010572576429694891,0
192704554,192704554,192704,-353589432,1491619881,-31.476022720336914,4.700108528137207,2.993093729019165,17149,-0.087988995015621185,1.0323320627212524,-353589432,1491619881,-353631360,1491627500,0,0.022105200216174126,12,2.9944698810577393,0.0011054680217057467,0,17157,113.96492004394531,0,0.0011384882964193821,0
192804514,192804514,192804,-353589713,1491619933,-31.468540191650391,4.7026333808898926,2.9935252666473389,17151,-0.089816153049468994,1.0323278903961182,-353589713,1491619933,-353631360,1491627500,0,0.024723151698708534,14,2.9944877624511719,0.0012366635492071509,0,17157,113.93975830078125,0,0.0011054680217057467,0
192904474,192904474,192904,-353589994,1491619985,-31.460899353027344,4.7099595069885254,2.9928410053253174,17147,-0.092404782772064209,1.0323262214660645,-353589994,1491619985,-353631360,1491627500,0,0.030344951897859573,17,2.9945061206817627,0.001518177567049861,0,17157,113.91657257080078,0,0.0012366635492071509,0
193004434,193004434,193004,-353590275,1491620036,-31.450008392333984,4.7243776321411133,2.9923021793365479,17144,-0.09209635853767395,1.0323226451873779,-353590275,1491620036,-353631360,1491627500,0,0.040290657430887222,23,2.9945051670074463,0.0020163152366876602,0,17157,113.88565826416016,0,0.001518177567049861,0
193104394,193104394,193104,-353590557,1491620088,-31.442277908325195,4.7261543273925781,2.993384838104248,17150,-0.092321760952472687,1.0323189496994019,-353590557,1491620088,-353631360,1491627500,0,0.042407672852277756,24,2.9945201873779297,0.0021227526012808084,0,17157,113.85923004150391,0,0.0020163152366876602,0
193204354,193204354,193204,-353590838,1491620140,-31.443090438842773,4.713139533996582,2.9939367771148682,17153,-0.091560438275337219,1.0323067903518677,-353590838,1491620140,-353631360,1491627500,0,0.034619428217411041,20,2.9945390224456787,0.0017329662805423141,0,17157,113.85519409179688,0,0.0021227526012808084,0
193304314,193304314,193304,-353591120,1491620192,-31.4390869140625,4.7060275077819824,2.9941625595092773,17155,-0.090883441269397736,1.032312273979187,-353591120,1491620192,-353631360,1491627500,0,0.03087705560028553,18,2.9945545196533203,0.0015458755660802126,0,17158,113.83723449707031,0,0.0017329662805423141,0
193405107,193405107,193405,-353591404,1491620244,-31.442651748657227,4.6949295997619629,2.9940967559814453,17154,-0.090197741985321045,1.032307505607605,-353591404,1491620244,-353631360,1491627500,0,0.023820741102099419,13,2.994563102722168,0.0011925267754122615,0,17158,113.84398651123047,0,0.0015458755660802126,0
193505067,193505067,193505,-353591688,1491620296,-31.456090927124023,4.6844801902770996,2.9954876899719238,17162,-0.089955940842628479,1.0322967767715454,-353591688,1491620296,-353631360,1491627500,0,0.016260795295238495,9,2.9945716857910156,0.00081375573063269258,0,17158,113.88607025146484,0,0.0011925267754122615,0
193605027,193605027,193605,-353591972,1491620348,-31.469472885131836,4.6648130416870117,2.9955432415008545,17163,-0.08973810076713562,1.0322945117950439,-353591972,1491620348,-353631360,1491627500,0,0.0029792783316224813,1,2.9945802688598633,0.00014904659474268556,0,17158,113.92311859130859,0,0.00081375573063269258,0
193704987,193704987,193704,-353592257,1491620400,-31.490217208862305,4.6634182929992676,2.9948997497558594,17159,-0.088100135326385498,1.0323011875152588,-353592257,1491620400,-353631360,1491627500,0,0.00030559772858396173,0,2.9945855140686035,1.5278608771041036e-05,0,17158,113.99587249755859,0,0.00014904659474268556,0
193804947,193804947,193804,-353592543,1491620452,-31.504909515380859,4.6572599411010742,2.995769739151001,17164,-0.08880171924829483,1.0322957038879395,-353592543,1491620452,-353631360,1491627500,0,-0.004844623152166605,-2,2.9945869445800781,-0.00024210721312556416,0,17158,114.04468536376953,0,1.5278608771041036e-05,0
193904907,193904907,193904,-353592829,1491620504,-31.52503776550293,4.6477994918823242,2.9964118003845215,17168,-0.090062282979488373,1.0322839021682739,-353592829,1491620504,-353631360,1491627500,0,-0.012547781690955162,-7,2.9945883750915527,-0.00062670360784977674,0,17158,114.11104583740234,0,-0.00024210721312556416,0
194004867,194004867,194004,-353593115,1491620555,-31.542671203613281,4.6421284675598145,2.9966070652008057,17169,-0.090989358723163605,1.0322774648666382,-353593115,1491620555,-353631360,1491627500,0,-0.018082695081830025,-10,2.9945690631866455,-0.00090267613995820284,0,17158,114.17056274414062,0,-0.00062670360784977674,0
194104827,194104827,194104,-353593401,1491620607,-31.552713394165039,4.6391191482543945,2.9964330196380615,17168,-0.091902494430541992,1.0322718620300293,-353593401,1491620607,-353631360,1491627500,0,-0.020849552005529404,-12,2.9945704936981201,-0.0010404859203845263,0,17158,114.20456695556641,0,-0.00090267613995820284,0
194204787,194204787,194204,-353593687,1491620659,-31.559207916259766,4.6504859924316406,2.9953172206878662,17161,-0.091368995606899261,1.0322763919830322,-353593687,1491620659,-353631360,1491627500,0,-0.014354404993355274,-8,2.9945719242095947,-0.00071616738568991423,0,17158,114.23350524902344,0,-0.0010404859203845263,0
194304747,194304747,194304,-353593971,1491620710,-31.562582015991211,4.666989803314209,2.9956784248352051,17163,-0.090772904455661774,1.0322650671005249,-353593971,1491620710,-353631360,1491627500,0,-0.0046507786028087139,-2,2.9945597648620605,-0.00023199399583972991,0,17158,114.25408935546875,0,-0.00071616738568991423,0
194404707,194404707,194404,-353594254,1491620762,-31.564334869384766,4.6693167686462402,2.9964137077331543,17168,-0.090362980961799622,1.0322694778442383,-353594254,1491620762,-353631360,1491627500,0,-0.0031048129312694073,-1,2.994572639465332,-0.00015486679330933839,0,17158,114.26151275634766,0,-0.00023199399583972991,0
194504667,194504667,194504,-353594537,1491620813,-31.556598663330078,4.665621280670166,2.9964942932128906,17168,-0.089781768620014191,1.032258152961731,-353594537,1491620813,-353631360,1491627500,0,-0.0048575061373412609,-2,2.9945642948150635,-0.00024235263117589056,0,17158,114.23217010498047,0,-0.00015486679330933839,0
194604627,194604627,194604,-353594819,1491620864,-31.54302978515625,4.6664738655090332,2.9964346885681152,17168,-0.088655464351177216,1.0322672128677368,-353594819,1491620864,-353631360,1491627500,0,-0.0031704269349575043,-1,2.9945597648620605,-0.0001582461700309068,0,17158,114.18455505371094,0,-0.00024235263117589056,0
194704587,194704587,194704,-353595100,1491620916,-31.532735824584961,4.6621708869934082,2.9963822364807129,17168,-0.088593229651451111,1.0322704315185547,-353595100,1491620916,-353631360,1491627500,0,-0.0044701164588332176,-2,2.9945812225341797,-0.00022319352137856185,0,17158,114.14583587646484,0,-0.0001582461700309068,0
194804547,194804547,194804,-353595382,1491620967,-31.523677825927734,4.6620659828186035,2.9963521957397461,17167,-0.089579164981842041,1.0322494506835938,-353595382,1491620967,-353631360,1491627500,0,-0.0037918088492006063,-2,2.9945766925811768,-0.00018937885761260986,0,17158,114.11369323730469,0,-0.00022319352137856185,0
194904507,194904507,194904,-353595663,1491621018,-31.512617111206055,4.658684253692627,2.9963469505310059,17167,-0.091658584773540497,1.0322611331939697,-353595663,1491621018,-353631360,1491627500,0,-0.0048859682865440845,-2,2.9945762157440186,-0.00024411339836660773,0,17158,114.07273864746094,0,-0.00018937885761260986,0
195004467,195004467,195004,-353595944,1491621069,-31.504735946655273,4.6650567054748535,2.9955248832702637,17163,-0.094480454921722412,1.0322465896606445,-353595944,1491621069,-353631360,1491627500,0,-0.00021062276209704578,0,2.9945755004882812,-1.0525429388508201e-05,0,17158,114.04815673828125,0,-0.00024411339836660773,0
195104427,195104427,195104,-353596225,1491621120,-31.496658325195312,4.6753606796264648,2.9959206581115723,17165,-0.094222486019134521,1.0322390794754028,-353596225,1491621120,-353631360,1491627500,0,0.0069259824231266975,4,2.994575023651123,0.00034618188510648906,0,17158,114.02495574951172,0,-1.0525429388508201e-05,0
195204387,195204387,195204,-353596506,1491621172,-31.486888885498047,4.672276496887207,2.9962837696075439,17167,-0.091586612164974213,1.0322452783584595,-353596506,1491621172,-353631360,1491627500,0,0.0063546346500515938,3,2.9945974349975586,0.00031772512011229992,0,17158,113.98873138427734,0,0.00034618188510648906,0
195304347,195304347,195304,-353596787,1491621223,-31.489227294921875,4.6560635566711426,2.9975101947784424,17174,-0.090064160525798798,1.032234787940979,-353596787,1491621223,-353631360,1491627500,0,-0.0039449073374271393,-2,2.9945969581604004,-0.00019724162120837718,0,17158,113.98851013183594,0,0.00031772512011229992,0
195405140,195405140,195405,-353597069,1491621274,-31.485710144042969,4.6473593711853027,2.996889591217041,17170,-0.088991351425647736,1.032245397567749,-353597069,1491621274,-353631360,1491627500,0,-0.0091235889121890068,-5,2.9945924282073975,-0.00045623895130120218,0,17158,113.97148895263672,0,-0.00019724162120837718,0
195505100,195505100,195505,-353597355,1491621326,-31.489788055419922,4.6460490226745605,2.9973056316375732,17173,-0.088443055748939514,1.0322287082672119,-353597355,1491621326,-353631360,1491627500,0,-0.010278568603098392,-6,2.9945940971374512,-0.00051393336616456509,0,17158,113.98525238037109,0,-0.00045623895130120218,0
195605060,195605060,195605,-353597639,1491621377,-31.498287200927734,4.6435713768005371,2.9982290267944336,17178,-0.088945984840393066,1.0322225093841553,-353597639,1491621377,-353631360,1491627500,0,-0.012867161072790623,-7,2.9945807456970215,-0.00064320169622078538,0,17158,114.01406860351562,0,-0.00051393336616456509,0
195705020,195705020,195705,-353597924,1491621429,-31.514131546020508,4.6293864250183105,2.9984395503997803,17179,-0.091101646423339844,1.0322244167327881,-353597924,1491621429,-353631360,1491627500,0,-0.023021997883915901,-13,2.994586706161499,-0.0011503284331411123,0,17158,114.06280517578125,0,-0.00064320169622078538,0
195804980,195804980,195804,-353598209,1491621480,-31.524471282958984,4.6222381591796875,2.9984185695648193,17179,-0.09389515221118927,1.0322240591049194,-353598209,1491621480,-353631360,1491627500,0,-0.028775917366147041,-16,2.9945688247680664,-0.0014374171150848269,0,17158,114.09572601318359,0,-0.0011503284331411123,0
195904940,195904940,195904,-353598495,1491621532,-31.543060302734375,4.6275854110717773,2.9978291988372803,17176,-0.094838172197341919,1.0322219133377075,-353598495,1491621532,-353631360,1491627500,0,-0.027131984010338783,-15,2.9945704936981201,-0.0013544843532145023,0,17158,114.16436767578125,0,-0.0014374171150848269,0
196004900,196004900,196004,-353598781,1491621583,-31.555263519287109,4.6350502967834473,2.99733567237854,17173,-0.093785680830478668,1.032217264175415,-353598781,1491621583,-353631360,1491627500,0,-0.02407391183078289,-14,2.9945476055145264,-0.0012013230007141829,0,17157,114.21148681640625,0,-0.0013544843532145023,0
196104860,196104860,196104,-353599067,1491621635,-31.568685531616211,4.6510124206542969,2.996220588684082,17167,-0.090796858072280884,1.032220721244812,-353599067,1491621635,-353631360,1491627500,0,-0.015359880402684212,-9,2.994549036026001,-0.00076610542600974441,0,17157,114.26734924316406,0,-0.0012013230007141829,0
196204820,196204820,196204,-353599353,1491621687,-31.573921203613281,4.6602182388305664,2.9975447654724121,17174,-0.089589260518550873,1.0322138071060181,-353599353,1491621687,-353631360,1491627500,0,-0.010091315023601055,-5,2.9945504665374756,-0.00050322205061092973,0,17157,114.29071044921875,0,-0.00076610542600974441,0
196304780,196304780,196304,-353599637,1491621738,-31.570858001708984,4.6539697647094727,2.9988505840301514,17182,-0.087605841457843781,1.032206654548645,-353599637,1491621738,-353631360,1491627500,0,-0.013984090648591518,-8,2.9945359230041504,-0.00069742870982736349,0,17157,114.27659606933594,0,-0.00050322205061092973,0
196404740,196404740,196404,-353599920,1491621789,-31.565773010253906,4.642845630645752,2.9984118938446045,17179,-0.088669054210186005,1.0321909189224243,-353599920,1491621789,-353631360,1491627500,0,-0.020634133368730545,-12,2.994525671005249,-0.0010293010855093598,0,17157,114.25277709960938,0,-0.00069742870982736349,0
196504700,196504700,196504,-353600202,1491621840,-31.555669784545898,4.6404247283935547,2.9976940155029297,17175,-0.090209990739822388,1.0321897268295288,-353600202,1491621840,-353631360,1491627500,0,-0.021323829889297485,-12,2.9945199489593506,-0.0010640505934134126,0,17157,114.21572113037109,0,-0.0010293010855093598,0
196604660,196604660,196604,-353600484,1491621891,-31.549165725708008,4.6378669738769531,2.9983932971954346,17179,-0.091215223073959351,1.0321950912475586,-353600484,1491621891,-353631360,1491627500,0,-0.022431470453739166,-13,2.994513988494873,-0.0011195603292435408,0,17157,114.19134521484375,0,-0.0010640505934134126,0
196704620,196704620,196704,-353600766,1491621942,-31.539031982421875,4.6294927597045898,2.9985818862915039,17180,-0.090971015393733978,1.0321880578994751,-353600766,1491621942,-353631360,1491627500,0,-0.02682218886911869,-15,2.9945082664489746,-0.0013391744578257203,0,17157,114.15108489990234,0,-0.0011195603292435408,0
196804580,196804580,196804,-353601047,1491621992,-31.526920318603516,4.6314492225646973,2.9973645210266113,17173,-0.091644734144210815,1.0321803092956543,-353601047,1491621992,-353631360,1491627500,0,-0.025043431669473648,-14,2.9944806098937988,-0.0012508239597082138,0,17157,114.10919189453125,0,-0.0013391744578257203,0
196904540,196904540,196904,-353601329,1491622043,-31.517707824707031,4.6393041610717773,2.9971461296081543,17172,-0.091574095189571381,1.0321909189224243,-353601329,1491622043,-353631360,1491627500,0,-0.019440209493041039,-11,2.9944741725921631,-0.00097120722057297826,0,17157,114.08064270019531,0,-0.0012508239597082138,0
197004500,197004500,197004,-353601610,1491622094,-31.504482269287109,4.6448721885681152,2.9975423812866211,17174,-0.091260224580764771,1.0321860313415527,-353601610,1491622094,-353631360,1491627500,0,-0.014793328009545803,-8,2.9944725036621094,-0.0007393398554995656,0,17157,114.03669738769531,0,-0.00097120722057297826,0
197104460,197104460,197104,-353601891,1491622145,-31.4986572265625,4.6429452896118164,2.9977116584777832,17175,-0.090067841112613678,1.0321844816207886,-353601891,1491622145,-353631360,1491627500,0,-0.015487811528146267,-9,2.9944708347320557,-0.00077419570880010724,0,17157,114.01505279541016,0,-0.0007393398554995656,0
197204420,197204420,197204,-353602172,1491622196,-31.489887237548828,4.6417241096496582,2.9977352619171143,17175,-0.089127771556377411,1.0321780443191528,-353602172,1491622196,-353631360,1491627500,0,-0.0154725331813097,-9,2.994469165802002,-0.00077364710159599781,0,17157,113.98334503173828,0,-0.00077419570880010724,0
197304380,197304380,197304,-353602453,1491622247,-31.481588363647461,4.6437187194824219,2.9969162940979004,17171,-0.08754672110080719,1.032170295715332,-353602453,1491622247,-353631360,1491627500,0,-0.013502324000000954,-7,2.9944674968719482,-0.00067530205706134439,0,17157,113.95498657226562,0,-0.00077364710159599781,0
197404340,197404340,197404,-353602735,1491622298,-31.470783233642578,4.6417069435119629,2.9973828792572021,17173,-0.086428336799144745,1.032158374786377,-353602735,1491622298,-353631360,1491627500,0,-0.013893610797822475,-8,2.9944608211517334,-0.00069511163746938109,0,17157,113.91565704345703,0,-0.00067530205706134439,0
197505133,197505133,197505,-353603016,1491622349,-31.455320358276367,4.647308349609375,2.9964766502380371,17168,-0.08804590255022049,1.0321599245071411,-353603016,1491622349,-353631360,1491627500,0,-0.0090247206389904022,-5,2.9944589138031006,-0.00045172165846452117,0,17157,113.86380767822266,0,-0.00069511163746938109,0
197605093,197605093,197605,-353603300,1491622400,-31.449619293212891,4.6498823165893555,2.9978532791137695,17176,-0.091313004493713379,1.0321663618087769,-353603300,1491622400,-353631360,1491627500,0,-0.0072468598373234272,-4,2.9944415092468262,-0.00036279301275499165,0,17157,113.84496307373047,0,-0.00045172165846452117,0
197705053,197705053,197705,-353603584,1491622452,-31.454030990600586,4.6455397605895996,2.997758150100708,17175,-0.09403141587972641,1.0321546792984009,-353603584,1491622452,-353631360,1491627500,0,-0.010132661089301109,-5,2.9944524765014648,-0.00050720275612547994,0,17157,113.85832214355469,0,-0.00036279301275499165,0
197805013,197805013,197805,-353603868,1491622504,-31.465723037719727,4.646021842956543,2.9982497692108154,17178,-0.094876848161220551,1.0321609973907471,-353603868,1491622504,-353631360,1491627500,0,-0.010685133747756481,-6,2.9944636821746826,-0.00053466181270778179,0,17157,113.89998626708984,0,-0.00050720275612547994,0
197904973,197904973,197904,-353604153,1491622555,-31.478523254394531,4.6387386322021484,2.9980804920196533,17177,-0.095437601208686829,1.0321406126022339,-353604153,1491622555,-353631360,1491627500,0,-0.016854910179972649,-9,2.9944405555725098,-0.00084307719953358173,0,17157,113.9415283203125,0,-0.00053466181270778179,0
198004933,198004933,198004,-353604438,1491622607,-31.495143890380859,4.6293468475341797,2.9986450672149658,17180,-0.094308890402317047,1.032139778137207,-353604438,1491622607,-353631360,1491627500,0,-0.024104468524456024,-14,2.9944465160369873,-0.0012051268713548779,0,17157,113.99552154541016,0,-0.00084307719953358173,0
198104893,198104893,198104,-353604724,1491622659,-31.514747619628906,4.6203446388244629,2.9984555244445801,17179,-0.09200594574213028,1.0321304798126221,-353604724,1491622659,-353631360,1491627500,0,-0.031492739915847778,-18,2.9944472312927246,-0.0015736171044409275,0,17157,114.06028747558594,0,-0.0012051268713548779,0
198204853,198204853,198204,-353605010,1491622710,-31.527383804321289,4.6090474128723145,2.9994065761566162,17185,-0.08961128443479538,1.0321282148361206,-353605010,1491622710,-353631360,1491627500,0,-0.040271788835525513,-23,2.9944174289703369,-0.0020115990191698074,0,17157,114.09920501708984,0,-0.0015736171044409275,0
198304813,198304813,198304,-353605296,1491622762,-31.548385620117188,4.5972561836242676,2.9997701644897461,17187,-0.090096823871135712,1.0321259498596191,-353605296,1491622762,-353631360,1491627500,0,-0.049528993666172028,-29,2.9944179058074951,-0.0024725224357098341,0,17157,114.16752624511719,0,-0.0020115990191698074,0
198404773,198404773,198404,-353605582,1491622813,-31.563232421875,4.6015110015869141,2.9998376369476318,17187,-0.092026412487030029,1.0321334600448608,-353605582,1491622813,-353631360,1491627500,0,-0.048865970224142075,-28,2.994387149810791,-0.0024382532574236393,0,17157,114.22232818603516,0,-0.0024725224357098341,0
198504733,198504733,198504,-353605866,1491622864,-31.572553634643555,4.6033291816711426,2.9996674060821533,17186,-0.0936727374792099,1.0321282148361206,-353605866,1491622864,-353631360,1491627500,0,-0.048994205892086029,-28,2.9943673610687256,-0.0024439247790724039,0,17156,114.25630187988281,0,-0.0024382532574236393,0
198604693,198604693,198604,-353606150,1491622915,-31.58232307434082,4.6136016845703125,2.9991161823272705,17183,-0.094275735318660736,1.0321208238601685,-353606150,1491622915,-353631360,1491627500,0,-0.043918877840042114,-25,2.9943468570709229,-0.0021899922285228968,0,17156,114.29623413085938,0,-0.0024439247790724039,0
198704653,198704653,198704,-353606433,1491622966,-31.576066970825195,4.6212687492370605,2.998638391494751,17180,-0.093906894326210022,1.0321210622787476,-353606433,1491622966,-353631360,1491627500,0,-0.038878023624420166,-22,2.9943318367004395,-0.0019389406079426408,0,17156,114.27803802490234,0,-0.0021899922285228968,0
198804613,198804613,198804,-353606715,1491623017,-31.570087432861328,4.6371293067932129,2.9979119300842285,17176,-0.090514644980430603,1.0321123600006104,-353606715,1491623017,-353631360,1491627500,0,-0.028658773750066757,-16,2.9943225383758545,-0.0014294437132775784,0,17156,114.26508331298828,0,-0.0019389406079426408,0
198904573,198904573,198904,-353606997,1491623068,-31.554800033569336,4.64923095703125,2.998530387878418,17180,-0.08821927011013031,1.0321193933486938,-353606997,1491623068,-353631360,1491627500,0,-0.019922273233532906,-11,2.9943127632141113,-0.00099410023540258408,0,17156,114.21723175048828,0,-0.0014294437132775784,0
199004533,199004533,199004,-353607279,1491623119,-31.537357330322266,4.6587100028991699,2.998889684677124,17182,-0.087220251560211182,1.0321100950241089,-353607279,1491623119,-353631360,1491627500,0,-0.012621184810996056,-7,2.9943027496337891,-0.00063009723089635372,0,17156,114.16039276123047,0,-0.00099410023540258408,0
199104493,199104493,199104,-353607560,1491623170,-31.527233123779297,4.6530332565307617,2.9995956420898438,17186,-0.088102348148822784,1.0321065187454224,-353607560,1491623170,-353631360,1491627500,0,-0.015297263860702515,-8,2.9942986965179443,-0.00076395703945308924,0,17156,114.12155151367188,0,-0.00063009723089635372,0
199204453,199204453,199204,-353607841,1491623221,-31.517267227172852,4.6418957710266113,2.999314546585083,17184,-0.09164758026599884,1.0321002006530762,-353607841,1491623221,-353631360,1491627500,0,-0.021383453160524368,-12,2.9942946434020996,-0.0010682910215109587,0,17156,114.08043670654297,0,-0.00076395703945308924,0
199304413,199304413,199304,-353608123,1491623272,-31.509868621826172,4.6362228393554688,2.9996554851531982,17186,-0.095310389995574951,1.0321061611175537,-353608123,1491623272,-353631360,1491627500,0,-0.024437028914690018,-14,2.9942841529846191,-0.0012211564462631941,0,17156,114.05126953125,0,-0.0010682910215109587,0
199404373,199404373,199404,-353608404,1491623323,-31.506715774536133,4.6269292831420898,3.0002214908599854,17190,-0.094738855957984924,1.0321036577224731,-353608404,1491623323,-353631360,1491627500,0,-0.030010893940925598,-17,2.9942796230316162,-0.0014999017585068941,0,17156,114.03525543212891,0,-0.0012211564462631941,0
199504333,199504333,199504,-353608686,1491623373,-31.50323486328125,4.6150922775268555,3.0002288818359375,17190,-0.093365289270877838,1.0320843458175659,-353608686,1491623373,-353631360,1491627500,0,-0.037969913333654404,-22,2.9942336082458496,-0.0018979903543367982,0,17156,114.01676940917969,0,-0.0014999017585068941,0
199605126,199605126,199605,-353608968,1491623424,-31.497783660888672,4.614799976348877,3.000117301940918,17189,-0.090855181217193604,1.0320796966552734,-353608968,1491623424,-353631360,1491627500,0,-0.037882130593061447,-22,2.9942219257354736,-0.0018939258297905326,0,17156,113.99729919433594,0,-0.0018979903543367982,0
199705086,199705086,199705,-353609254,1491623476,-31.502704620361328,4.6060490608215332,3.0007357597351074,17192,-0.090334929525852203,1.0320767164230347,-353609254,1491623476,-353631360,1491627500,0,-0.043818216770887375,-25,2.9942197799682617,-0.002190454164519906,0,17156,114.01020050048828,0,-0.0018939258297905326,0
199805046,199805046,199805,-353609538,1491623527,-31.512836456298828,4.5949621200561523,3.0012128353118896,17195,-0.090268656611442566,1.0320839881896973,-353609538,1491623527,-353631360,1491627500,0,-0.052152946591377258,-30,2.9941942691802979,-0.0026064151898026466,0,17155,114.04036712646484,0,-0.002190454164519906,0
199905006,199905006,199905,-353609824,1491623578,-31.523811340332031,4.5962247848510742,2.999840259552002,17187,-0.09006887674331665,1.0320667028427124,-353609824,1491623578,-353631360,1491627500,0,-0.053173709660768509,-31,2.994154691696167,-0.0026565077714622021,0,17155,114.07991027832031,0,-0.0026064151898026466,0
200004966,200004966,200004,-353610109,1491623629,-31.539606094360352,4.601287841796875,3.000236988067627,17190,-0.090018764138221741,1.0320743322372437,-353610109,1491623629,-353631360,1491627500,0,-0.05216342955827713,-30,2.9941208362579346,-0.0026046978309750557,0,17155,114.13849639892578,0,-0.0026565077714622021,0
200104926,200104926,200104,-353610396,1491623680,-31.560714721679688,4.604072093963623,3.0005333423614502,17191,-0.091184690594673157,1.0320653915405273,-353610396,1491623680,-353631360,1491627500,0,-0.053356461226940155,-31,2.9940721988677979,-0.0026624915190041065,0,17155,114.21472930908203,0,-0.0026046978309750557,0
200204886,200204886,200204,-353610681,1491623732,-31.57427978515625,4.6076245307922363,3.0000879764556885,17189,-0.092444375157356262,1.0320667028427124,-353610681,1491623732,-353631360,1491627500,0,-0.052348285913467407,-30,2.994074821472168,-0.0026110429316759109,0,17155,114.26463317871094,0,-0.0026624915190041065,0
200304846,200304846,200304,-353610968,1491623783,-31.589977264404297,4.6185259819030762,3.0003862380981445,17190,-0.092648260295391083,1.0320546627044678,-353610968,1491623783,-353631360,1491627500,0,-0.048039060086011887,-28,2.9940240383148193,-0.0023948214948177338,0,17154,114.32589721679688,0,-0.0026110429316759109,0
200404806,200404806,200404,-353611254,1491623834,-31.601354598999023,4.6217727661132812,3.000554084777832,17191,-0.093664065003395081,1.0320522785186768,-353611254,1491623834,-353631360,1491627500,0,-0.047972850501537323,-28,2.9939792156219482,-0.0023906424175947905,0,17154,114.36789703369141,0,-0.0023948214948177338,0
200504766,200504766,200504,-353611538,1491623886,-31.601829528808594,4.6239542961120605,2.9999744892120361,17188,-0.095128834247589111,1.0320421457290649,-353611538,1491623886,-353631360,1491627500,0,-0.046484712511301041,-27,2.993988037109375,-0.0023164264857769012,0,17154,114.37071228027344,0,-0.0023906424175947905,0
200604726,200604726,200604,-353611822,1491623937,-31.598678588867188,4.6448788642883301,2.9987843036651611,17181,-0.094608031213283539,1.0320476293563843,-353611822,1491623937,-353631360,1491627500,0,-0.033827263861894608,-19,2.9939563274383545,-0.0016856843139976263,0,17154,114.37042236328125,0,-0.0023164264857769012,0
200704686,200704686,200704,-353612105,1491623988,-31.588827133178711,4.6617922782897949,2.9988632202148438,17182,-0.094297558069229126,1.0320467948913574,-353612105,1491623988,-353631360,1491627500,0,-0.022911442443728447,-13,2.9939310550689697,-0.0011419856455177069,0,17154,114.34434509277344,0,-0.0016856843139976263,0
200804646,200804646,200804,-353612387,1491624039,-31.58305549621582,4.6694841384887695,2.9990925788879395,17183,-0.09402330219745636,1.03203284740448,-353612387,1491624039,-353631360,1491627500,0,-0.017963455989956856,-10,2.9939126968383789,-0.00089548941468819976,0,17154,114.32791900634766,0,-0.0011419856455177069,0
200904606,200904606,200904,-353612669,1491624091,-31.578485488891602,4.6696062088012695,2.9985971450805664,17180,-0.093198619782924652,1.0320457220077515,-353612669,1491624091,-353631360,1491627500,0,-0.01698673702776432,-9,2.9939365386962891,-0.0008469189633615315,0,17154,114.31179809570312,0,-0.00089548941468819976,0
201004566,201004566,201004,-353612951,1491624142,-31.567998886108398,4.6782221794128418,2.9986691474914551,17181,-0.090945705771446228,1.0320274829864502,-353612951,1491624142,-353631360,1491627500,0,-0.011038670316338539,-6,2.9939179420471191,-0.0005505192675627768,0,17154,114.27916717529297,0,-0.0008469189633615315,0
201104526,201104526,201104,-353613233,1491624193,-31.562490463256836,4.6803574562072754,2.9984872341156006,17180,-0.088814698159694672,1.0320355892181396,-353613233,1491624193,-353631360,1491627500,0,-0.0095897763967514038,-5,2.9938983917236328,-0.00047833722783252597,0,17154,114.26077270507812,0,-0.0005505192675627768,0
201204486,201204486,201204,-353613514,1491624245,-31.553359985351562,4.6864776611328125,2.9983327388763428,17179,-0.085851430892944336,1.032031774520874,-353613514,1491624245,-353631360,1491627500,0,-0.0042825625278055668,-2,2.9939315319061279,-0.00021366831788327545,0,17154,114.23165130615234,0,-0.00047833722783252597,0
201304446,201304446,201304,-353613796,1491624296,-31.54296875,4.6897287368774414,2.9982051849365234,17178,-0.086785778403282166,1.0320199728012085,-353613796,1491624296,-353631360,1491627500,0,-0.0016966665862128139,0,2.9939117431640625,-8.4677172708325088e-05,0,17154,114.19654846191406,0,-0.00021366831788327545,0
201404406,201404406,201404,-353614078,1491624348,-31.530046463012695,4.6865968704223633,2.9988472461700439,17182,-0.090177185833454132,1.0320223569869995,-353614078,1491624348,-353631360,1491627500,0,-0.0019321565050631762,-1,2.9939374923706055,-9.6470052085351199e-05,0,17154,114.14913940429688,0,-8.4677172708325088e-05,0
201504366,201504366,201504,-353614359,1491624399,-31.521123886108398,4.6816763877868652,2.9979360103607178,17176,-0.093043483793735504,1.0320247411727905,-353614359,1491624399,-353631360,1491627500,0,-0.0044006071984767914,-2,2.9939258098602295,-0.00021978243603371084,0,17154,114.11493682861328,0,-9.6470052085351199e-05,0
201604326,201604326,201604,-353614641,1491624451,-31.511260986328125,4.6848759651184082,2.9976756572723389,17175,-0.09354884922504425,1.0320148468017578,-353614641,1491624451,-353631360,1491627500,0,-0.00096203357679769397,0,2.9939525127410889,-4.8061476263683289e-05,0,17154,114.08168792724609,0,-0.00021978243603371084,0
201705119,201705119,201705,-353614923,1491624503,-31.496234893798828,4.6813068389892578,2.9987599849700928,17181,-0.092501431703567505,1.0320011377334595,-353614923,1491624503,-353631360,1491627500,0,-0.0012349743628874421,0,2.9939804077148438,-6.1726925196126103e-05,0,17154,114.02658843994141,0,-4.8061476263683289e-05,0
201805079,201805079,201805,-353615207,1491624554,-31.492879867553711,4.6696863174438477,2.9992449283599854,17184,-0.091288939118385315,1.0320072174072266,-353615207,1491624554,-353631360,1491627500,0,-0.0089192576706409454,-5,2.9939417839050293,-0.00044587592128664255,0,17154,114.00859069824219,0,-6.1726925196126103e-05,0
201905039,201905039,201905,-353615491,1491624606,-31.503582000732422,4.6652698516845703,2.9981026649475098,17177,-0.090833902359008789,1.0319907665252686,-353615491,1491624606,-353631360,1491627500,0,-0.01244831457734108,-7,2.9939520359039307,-0.00062210008036345243,0,17154,114.044189453125,0,-0.00044587592128664255,0
202004999,202004999,202004,-353615776,1491624658,-31.506381988525391,4.6741147041320801,2.9968400001525879,17170,-0.088859759271144867,1.031999945640564,-353615776,1491624658,-353631360,1491627500,0,-0.0071839429438114166,-4,2.9939534664154053,-0.00035896917688660324,0,17154,114.05874633789062,0,-0.00062210008036345243,0
202104959,202104959,202104,-353616061,1491624710,-31.519508361816406,4.6805944442749023,2.9988396167755127,17182,-0.089581653475761414,1.0319935083389282,-353616061,1491624710,-353631360,1491627500,0,-0.0043424838222563267,-2,2.9939546585083008,-0.00021689146524295211,0,17154,114.10865020751953,0,-0.00035896917688660324,0
202204919,202204919,202204,-353616347,1491624762,-31.5313720703125,4.6678638458251953,2.9993729591369629,17185,-0.090531401336193085,1.0319843292236328,-353616347,1491624762,-353631360,1491627500,0,-0.013516706414520741,-7,2.9939465522766113,-0.00067490205401554704,0,17154,114.14398193359375,0,-0.00021689146524295211,0
202304879,202304879,202304,-353616633,1491624814,-31.547956466674805,4.6620316505432129,2.9991602897644043,17183,-0.09185076504945755,1.031985878944397,-353616633,1491624814,-353631360,1491627500,0,-0.018846388906240463,-11,2.9939379692077637,-0.000940559315495193,0,17154,114.19967651367188,0,-0.00067490205401554704,0
202404839,202404839,202404,-353616919,1491624866,-31.561908721923828,4.6547050476074219,2.9994513988494873,17185,-0.093154318630695343,1.0319764614105225,-353616919,1491624866,-353631360,1491627500,0,-0.024869363754987717,-14,2.9939289093017578,-0.0012406503083184361,0,17154,114.24526977539062,0,-0.000940559315495193,0
202504799,202504799,202504,-353617204,1491624918,-31.567859649658203,4.6497616767883301,2.9991381168365479,17183,-0.0943116694688797,1.0319732427597046,-353617204,1491624918,-353631360,1491627500,0,-0.02847152017056942,-16,2.9939298629760742,-0.001420120126567781,0,17154,114.26377868652344,0,-0.0012406503083184361,0
202604759,202604759,202604,-353617488,1491624969,-31.569467544555664,4.6459712982177734,2.9993653297424316,17185,-0.094217151403427124,1.0319708585739136,-353617488,1491624969,-353631360,1491627500,0,-0.031898409128189087,-18,2.9938838481903076,-0.0015909968642517924,0,17154,114.26749420166016,0,-0.001420120126567781,0
202704719,202704719,202704,-353617771,1491625020,-31.566293716430664,4.6448283195495605,2.9992365837097168,17184,-0.091164186596870422,1.0319732427597046,-353617771,1491625020,-353631360,1491627500,0,-0.03306177631020546,-19,2.9938466548919678,-0.0016491931164637208,0,17153,114.25565338134766,0,-0.0015909968642517924,0
202804679,202804679,202804,-353618053,1491625072,-31.562002182006836,4.6340398788452148,3.0009033679962158,17193,-0.088365964591503143,1.0319695472717285,-353618053,1491625072,-353631360,1491627500,0,-0.03872641921043396,-22,2.9938788414001465,-0.001932110171765089,0,17154,114.23483276367188,0,-0.0016491931164637208,0
202904639,202904639,202904,-353618336,1491625122,-31.55793571472168,4.6167569160461426,3.0018532276153564,17199,-0.089505702257156372,1.0319720506668091,-353618336,1491625122,-353631360,1491627500,0,-0.051099535077810287,-29,2.9937784671783447,-0.0025499437469989061,0,17153,114.21145629882812,0,-0.001932110171765089,0
203004599,203004599,203004,-353618618,1491625173,-31.549535751342773,4.6065173149108887,3.0011591911315918,17195,-0.08874250203371048,1.0319609642028809,-353618618,1491625173,-353631360,1491627500,0,-0.057299278676509857,-33,2.9937479496002197,-0.0028601994272321463,0,17153,114.1763916015625,0,-0.0025499437469989061,0
203104559,203104559,203104,-353618900,1491625224,-31.543615341186523,4.6107316017150879,3.0002336502075195,17190,-0.087121739983558655,1.0319596529006958,-353618900,1491625224,-353631360,1491627500,0,-0.054772697389125824,-32,2.9937160015106201,-0.0027345302514731884,0,17153,114.1575927734375,0,-0.0028601994272321463,0
203204519,203204519,203204,-353619182,1491625275,-31.525123596191406,4.6203041076660156,2.9997355937957764,17187,-0.089410476386547089,1.0319572687149048,-353619182,1491625275,-353631360,1491627500,0,-0.047782305628061295,-28,2.9936823844909668,-0.002386799780651927,0,17153,114.09703826904297,0,-0.0027345302514731884,0
203304479,203304479,203304,-353619464,1491625326,-31.52119255065918,4.6303272247314453,3.0000290870666504,17188,-0.092775858938694,1.0319563150405884,-353619464,1491625326,-353631360,1491627500,0,-0.041891150176525116,-24,2.9936473369598389,-0.0020926874130964279,0,17152,114.08831024169922,0,-0.002386799780651927,0
203404439,203404439,203404,-353619745,1491625377,-31.517797470092773,4.6373963356018066,2.9996578693389893,17186,-0.093764990568161011,1.0319467782974243,-353619745,1491625377,-353631360,1491627500,0,-0.037668213248252869,-22,2.9936232566833496,-0.0018818662501871586,0,17152,114.07996368408203,0,-0.0020926874130964279,0
203504399,203504399,203504,-353620027,1491625428,-31.508819580078125,4.6444454193115234,3.0006184577941895,17192,-0.094679161906242371,1.0319383144378662,-353620027,1491625428,-353631360,1491627500,0,-0.033222366124391556,-19,2.9935848712921143,-0.0016601651441305876,0,17152,114.05184173583984,0,-0.0018818662501871586,0
203604359,203604359,203604,-353620309,1491625479,-31.507560729980469,4.638885498046875,3.0005364418029785,17191,-0.095048993825912476,1.0319443941116333,-353620309,1491625479,-353631360,1491627500,0,-0.03736620768904686,-21,2.9935445785522461,-0.0018673593876883388,0,17152,114.04447937011719,0,-0.0016601651441305876,0
203704319,203704319,203704,-353620592,1491625530,-31.507858276367188,4.6383495330810547,2.9993793964385986,17185,-0.09301331639289856,1.0319430828094482,-353620592,1491625530,-353631360,1491627500,0,-0.03884536400437355,-22,2.9934887886047363,-0.0019412663532420993,0,17151,114.04524993896484,0,-0.0018673593876883388,0
203805112,203805112,203805,-353620876,1491625582,-31.503442764282227,4.648867130279541,2.9993627071380615,17185,-0.090931251645088196,1.0319379568099976,-353620876,1491625582,-353631360,1491627500,0,-0.031834594905376434,-18,2.9934921264648438,-0.0015910499496385455,0,17151,114.03509521484375,0,-0.0019412663532420993,0
203905072,203905072,203905,-353621161,1491625634,-31.512710571289062,4.6459956169128418,3.0006184577941895,17192,-0.091266825795173645,1.0319222211837769,-353621161,1491625634,-353631360,1491627500,0,-0.034696426242589951,-20,2.9934811592102051,-0.0017336042365059257,0,17151,114.06642913818359,0,-0.0015910499496385455,0
204005032,204005032,204005,-353621446,1491625685,-31.520042419433594,4.6387181282043457,3.0003974437713623,17191,-0.092566505074501038,1.0319170951843262,-353621446,1491625685,-353631360,1491627500,0,-0.041739553213119507,-24,2.9933891296386719,-0.0020851085428148508,0,17151,114.08860778808594,0,-0.0017336042365059257,0
204104992,204104992,204104,-353621732,1491625737,-31.540824890136719,4.6409482955932617,2.9996809959411621,17186,-0.093864299356937408,1.0319099426269531,-353621732,1491625737,-353631360,1491627500,0,-0.042877458035945892,-25,2.9933593273162842,-0.0021405497100204229,0,17151,114.16339874267578,0,-0.0020851085428148508,0
204204952,204204952,204204,-353622018,1491625789,-31.551923751831055,4.651984691619873,2.9998569488525391,17187,-0.094060748815536499,1.0319162607192993,-353622018,1491625789,-353631360,1491627500,0,-0.037681695073843002,-22,2.9933278560638428,-0.0018804215360432863,0,17150,114.20847320556641,0,-0.0021405497100204229,0
204304912,204304912,204304,-353622304,1491625841,-31.565549850463867,4.6529927253723145,3.000173807144165,17189,-0.094814933836460114,1.0319072008132935,-353622304,1491625841,-353631360,1491627500,0,-0.038993071764707565,-22,2.9932942390441895,-0.0019450315739959478,0,17150,114.25727844238281,0,-0.0018804215360432863,0
204404872,204404872,204404,-353622590,1491625893,-31.580961227416992,4.6605863571166992,2.9994440078735352,17185,-0.094200380146503448,1.0319091081619263,-353622590,1491625893,-353631360,1491627500,0,-0.036422155797481537,-21,2.9932584762573242,-0.0018158596940338612,0,17150,114.31584930419922,0,-0.0019450315739959478,0
204504832,204504832,204504,-353622877,1491625945,-31.594316482543945,4.6657133102416992,2.9993207454681396,17184,-0.093139789998531342,1.0319111347198486,-353622877,1491625945,-353631360,1491627500,0,-0.035587456077337265,-20,2.9932031631469727,-0.0017734693828970194,0,17150,114.36583709716797,0,-0.0018158596940338612,0
204604792,204604792,204604,-353623164,1491625997,-31.607707977294922,4.6690206527709961,2.9996588230133057,17186,-0.090424366295337677,1.0318925380706787,-353623164,1491625997,-353631360,1491627500,0,-0.035966753959655762,-21,2.9931437969207764,-0.0017916010692715645,0,17149,114.41500854492188,0,-0.0017734693828970194,0
204704752,204704752,204704,-353623448,1491626049,-31.611602783203125,4.6724934577941895,2.9998612403869629,17187,-0.089001446962356567,1.031889796257019,-353623448,1491626049,-353631360,1491627500,0,-0.034333009272813797,-20,2.9931356906890869,-0.0017099862452596426,0,17149,114.43062591552734,0,-0.0017916010692715645,0
204804712,204804712,204804,-353623732,1491626101,-31.608165740966797,4.672520637512207,2.9994940757751465,17185,-0.087591879069805145,1.0318894386291504,-353623732,1491626101,-353631360,1491627500,0,-0.034171219915151596,-20,2.9931271076202393,-0.0017021092353388667,0,17149,114.41846466064453,0,-0.0017099862452596426,0
204904672,204904672,204904,-353624015,1491626152,-31.594795227050781,4.6694831848144531,2.9998073577880859,17187,-0.087740376591682434,1.0318976640701294,-353624015,1491626152,-353631360,1491627500,0,-0.036783773452043533,-21,2.9930291175842285,-0.001833028276450932,0,17149,114.3695068359375,0,-0.0017021092353388667,0
205004632,205004632,205004,-353624297,1491626204,-31.586803436279297,4.6497101783752441,3.00177001953125,17198,-0.0883360356092453,1.0318835973739624,-353624297,1491626204,-353631360,1491627500,0,-0.047770317643880844,-28,2.9930567741394043,-0.0023813208099454641,0,17149,114.33086395263672,0,-0.001833028276450932,0
205104592,205104592,205104,-353624579,1491626255,-31.573236465454102,4.6391291618347168,3.0005452632904053,17191,-0.089923299849033356,1.0318918228149414,-353624579,1491626255,-353631360,1491627500,0,-0.054839804768562317,-32,2.992969274520874,-0.0027350131422281265,0,17148,114.27728271484375,0,-0.0023813208099454641,0
205204552,205204552,205204,-353624861,1491626306,-31.561134338378906,4.6452736854553223,2.9999589920043945,17188,-0.091995254158973694,1.0318887233734131,-353624861,1491626306,-353631360,1491627500,0,-0.05180300772190094,-30,2.9928741455078125,-0.0025844562333077192,0,17148,114.23760986328125,0,-0.0027350131422281265,0
205304512,205304512,205304,-353625143,1491626357,-31.551540374755859,4.6499924659729004,2.9994328022003174,17185,-0.09303361177444458,1.0318845510482788,-353625143,1491626357,-353631360,1491627500,0,-0.050057206302881241,-29,2.9927701950073242,-0.0024980471935123205,0,17147,114.20608520507812,0,-0.0025844562333077192,0
205404472,205404472,205404,-353625425,1491626408,-31.541353225708008,4.6675138473510742,2.9987068176269531,17181,-0.093047827482223511,1.0318776369094849,-353625425,1491626408,-353631360,1491627500,0,-0.040497981011867523,-23,2.9926567077636719,-0.0020214812830090523,0,17147,114.17916107177734,0,-0.0024980471935123205,0
205504432,205504432,205504,-353625706,1491626459,-31.53032112121582,4.6788954734802246,2.9993965625762939,17185,-0.091938458383083344,1.0318672657012939,-353625706,1491626459,-353631360,1491627500,0,-0.034379743039608002,-20,2.9925575256347656,-0.0017165829194709659,0,17146,114.14605712890625,0,-0.0020214812830090523,0
205604392,205604392,205604,-353625988,1491626511,-31.526628494262695,4.6825408935546875,3.0004992485046387,17191,-0.092891015112400055,1.0318648815155029,-353625988,1491626511,-353631360,1491627500,0,-0.031534988433122635,-18,2.9925694465637207,-0.0015746979042887688,0,17146,114.13489532470703,0,-0.0017165829194709659,0
205704352,205704352,205704,-353626269,1491626562,-31.522239685058594,4.6827630996704102,3.0002150535583496,17189,-0.092048823833465576,1.0318717956542969,-353626269,1491626562,-353631360,1491627500,0,-0.033285878598690033,-19,2.9924545288085938,-0.0016623535193502903,0,17145,114.11946868896484,0,-0.0015746979042887688,0
205804312,205804312,205804,-353626551,1491626614,-31.515153884887695,4.6912894248962402,2.9991421699523926,17183,-0.090287722647190094,1.0318502187728882,-353626551,1491626614,-353631360,1491627500,0,-0.027185011655092239,-15,2.9924616813659668,-0.0013579108053818345,0,17145,114.09885406494141,0,-0.0016623535193502903,0
205905105,205905105,205905,-353626838,1491626666,-31.516822814941406,4.7045249938964844,2.9987325668334961,17181,-0.088896088302135468,1.0318481922149658,-353626838,1491626666,-353631360,1491627500,0,-0.02221095934510231,-13,2.992307186126709,-0.0011093277717009187,0,17145,114.11175537109375,0,-0.0013579108053818345,0
206005065,206005065,206005,-353627122,1491626719,-31.52330207824707,4.7096614837646484,2.9998073577880859,17187,-0.089015096426010132,1.0318529605865479,-353627122,1491626719,-353631360,1491627500,0,-0.017282452434301376,-10,2.9924240112304688,-0.00086297892266884446,0,17145,114.13742065429688,0,-0.0011093277717009187,0
206105025,206105025,206105,-353627407,1491626771,-31.534626007080078,4.7068495750427246,2.9989800453186035,17182,-0.090320929884910583,1.0318542718887329,-353627407,1491626771,-353631360,1491627500,0,-0.022193282842636108,-13,2.992318868637085,-0.0011078208917751908,0,17145,114.17604064941406,0,-0.00086297892266884446,0
206204985,206204985,206204,-353627693,1491626823,-31.545894622802734,4.7110133171081543,2.9984006881713867,17179,-0.092405512928962708,1.0318502187728882,-353627693,1491626823,-353631360,1491627500,0,-0.023897746577858925,-14,2.9921574592590332,-0.0011924623977392912,0,17144,114.21815490722656,0,-0.0011078208917751908,0
206304945,206304945,206304,-353627979,1491626876,-31.555469512939453,4.7129802703857422,2.9989781379699707,17182,-0.095768608152866364,1.0318344831466675,-353627979,1491626876,-353631360,1491627500,0,-0.022630708292126656,-13,2.9922041893005371,-0.0011288938112556934,0,17144,114.25310516357422,0,-0.0011924623977392912,0
206404905,206404905,206404,-353628264,1491626928,-31.566749572753906,4.7106142044067383,2.9989199638366699,17182,-0.09674622118473053,1.0318442583084106,-353628264,1491626928,-353631360,1491627500,0,-0.028253410011529922,-16,2.9920496940612793,-0.0014088953612372279,0,17143,114.29180145263672,0,-0.0011288938112556934,0
206504865,206504865,206504,-353628551,1491626981,-31.583044052124023,4.7119255065917969,2.9995603561401367,17186,-0.097015827894210815,1.0318419933319092,-353628551,1491626981,-353631360,1491627500,0,-0.029103688895702362,-17,2.9920427799224854,-0.0014505545841529965,0,17143,114.35021209716797,0,-0.0014088953612372279,0
206604825,206604825,206604,-353628836,1491627033,-31.593696594238281,4.7130341529846191,2.9986340999603271,17180,-0.096375346183776855,1.0318331718444824,-353628836,1491627033,-353631360,1491627500,0,-0.033580698072910309,-19,2.9918351173400879,-0.0016731324139982462,0,17142,114.38852691650391,0,-0.0014505545841529965,0
206704785,206704785,206704,-353629121,1491627086,-31.594732284545898,4.7194743156433105,2.9976866245269775,17175,-0.093362033367156982,1.0318162441253662,-353629121,1491627086,-353631360,1491627500,0,-0.027758458629250526,-16,2.9919307231903076,-0.0013829581439495087,0,17142,114.39559936523438,0,-0.0016731324139982462,0
206804745,206804745,206804,-353629404,1491627138,-31.589405059814453,4.7364354133605957,2.9976005554199219,17174,-0.089534863829612732,1.0318104028701782,-353629404,1491627138,-353631360,1491627500,0,-0.019403057172894478,-11,2.9917969703674316,-0.00096676585962995887,0,17142,114.38571929931641,0,-0.0013829581439495087,0
206904705,206904705,206904,-353629686,1491627190,-31.577041625976562,4.7376303672790527,2.9983704090118408,17179,-0.085193470120429993,1.0318260192871094,-353629686,1491627190,-353631360,1491627500,0,-0.019318267703056335,-11,2.9917066097259521,-0.00096290442161262035,0,17141,114.34256744384766,0,-0.00096676585962995887,0
207004665,207004665,207004,-353629969,1491627242,-31.567033767700195,4.7334976196289062,2.9987492561340332,17181,-0.085393071174621582,1.0318096876144409,-353629969,1491627242,-353631360,1491627500,0,-0.025629462674260139,-15,2.9914729595184326,-0.0012779018143191934,0,17140,114.304931640625,0,-0.00096290442161262035,0
207104625,207104625,207104,-353630250,1491627294,-31.554941177368164,4.7276959419250488,2.9980127811431885,17177,-0.088652610778808594,1.0318048000335693,-353631360,1491627500,-353654670,1491642150,0,-5.7339048385620117,-3041,2.7028131484985352,-0.29006138443946838,3.9716038703918457,15361,114.25902557373047,6.9505498686339706e-05,-0.0012779018143191934,0
207204585,207204585,207204,-353630532,1491627345,-31.546787261962891,4.6958403587341309,2.9960298538208008,17165,-0.09303448349237442,1.0318114757537842,-353631360,1491627500,-353654670,1491642150,0,-5.9198479652404785,-3122,2.6939458847045898,-0.29987859725952148,2.9518156051635742,15343,114.21329498291016,0.00012118009908590466,-0.29006138443946838,6.9505498686339706e-05
207304545,207304545,207304,-353630813,1491627397,-31.537918090820312,4.6897673606872559,2.9855430126190186,17105,-0.099644429981708527,1.0318063497543335,-353631360,1491627500,-353654670,1491642150,0,-6.088615894317627,-3196,2.6851694583892822,-0.30880248546600342,1.9451835155487061,15324,114.17868041992188,0.00015524073387496173,-0.29987859725952148,0.00012118009908590466
207404505,207404505,207404,-353631094,1491627449,-31.49323844909668,4.9088177680969238,2.9732322692871094,17035,-0.10644573718309402,1.0318036079406738,-353631360,1491627500,-353654670,1491642150,0,-6.120692253112793,-3211,2.6763718128204346,-0.31059622764587402,0.93855118751525879,15305,114.13860321044922,0.00017168014892376959,-0.30880248546600342,0.00015524073387496173
207504465,207504465,207504,-353631375,1491627505,-31.411836624145508,5.3245835304260254,2.9704768657684326,17019,-0.11413133144378662,1.031801700592041,-353631360,1491627500,-353654670,1491642150,0,-6.0274600982666016,-3174,2.6678347587585449,-0.30584529042243958,-0.035765998065471649,15286,114.08995056152344,0.00017105342703871429,-0.31059622764587402,0.00017168014892376959
207604425,207604425,207604,-353631655,1491627567,-31.315544128417969,5.8381500244140625,2.9728209972381592,17033,-0.11777053028345108,1.031796932220459,-353631360,1491627500,-353654670,1491642150,0,-5.8676867485046387,-3106,2.6597459316253662,-0.2975328266620636,-0.95653331279754639,15267,114.07267761230469,0.00015428934420924634,-0.30584529042243958,0.00017105342703871429
207704385,207704385,207704,-353631934,1491627634,-31.216581344604492,6.419161319732666,2.9723036289215088,17030,-0.11535412818193436,1.031786322593689,-353631360,1491627500,-353654670,1491642150,0,-5.6634068489074707,-3017,2.6520476341247559,-0.28673914074897766,-1.8318299055099487,15250,114.12512969970703,0.00012219867494422942,-0.2975328266620636,0.00015428934420924634
207804345,207804345,207804,-353632212,1491627709,-31.126293182373047,7.0304546356201172,2.9681241512298584,17006,-0.10750798135995865,1.031781792640686,-353631360,1491627500,-353654670,1491642150,0,-5.4344706535339355,-2913,2.6449706554412842,-0.27448096871376038,-2.6374187469482422,15233,114.27069854736328,7.6052150689065456e-05,-0.28673914074897766,0.00012219867494422942
207905138,207905138,207905,-353632490,1491627790,-31.052249908447266,7.6356792449951172,2.9585185050964355,16951,-0.09936552494764328,1.0317777395248413,-353631360,1491627500,-353654670,1491642150,0,-5.2066450119018555,-2808,2.63834547996521,-0.26213312149047852,-3.3945345878601074,15217,114.51016998291016,1.6755551769165322e-05,-0.27448096871376038,7.6052150689065456e-05
208005098,208005098,208005,-353632770,1491627879,-30.990299224853516,8.2155323028564453,2.9428920745849609,16861,-0.092945471405982971,1.0317577123641968,-353631360,1491627500,-353654670,1491642150,0,-4.9881987571716309,-2706,2.6322281360626221,-0.25022536516189575,-4.0971755981445312,15201,114.80921936035156,-5.4604683100478724e-05,-0.26213312149047852,1.6755551769165322e-05
208105058,208105058,208105,-353633049,1491627974,-30.935878753662109,8.7311916351318359,2.9263556003570557,16766,-0.08985535055398941,1.0317449569702148,-353631360,1491627500,-353654670,1491642150,0,-4.7992358207702637,-2616,2.6265954971313477,-0.23991715908050537,-4.7462668418884277,15187,115.10865783691406,-0.00013706092431675643,-0.25022536516189575,-5.4604683100478724e-05
208205018,208205018,208205,-353633328,1491628074,-30.878799438476562,9.1498813629150391,2.9116694927215576,16682,-0.089449785649776459,1.0317325592041016,-353631360,1491627500,-353654670,1491642150,0,-4.6569995880126953,-2549,2.6212983131408691,-0.23222082853317261,-5.3549652099609375,15173,115.32892608642578,-0.00022992138110566884,-0.23991715908050537,-0.00013706092431675643
208304978,208304978,208304,-353633607,1491628178,-30.843511581420898,9.4418754577636719,2.8981008529663086,16604,-0.093675665557384491,1.0317307710647583,-353631360,1491627500,-353654670,1491642150,0,-4.586066722869873,-2515,2.6162724494934082,-0.22825655341148376,-5.9313473701477051,15159,115.50950622558594,-0.00033262433134950697,-0.23222082853317261,-0.00022992138110566884
208404938,208404938,208404,-353633886,1491628285,-30.797206878662109,9.6913518905639648,2.8854708671569824,16532,-0.10017719864845276,1.031730055809021,-353631360,1491627500,-353654670,1491642150,0,-4.5317635536193848,-2491,2.6114249229431152,-0.22529548406600952,-6.4834952354431152,15145,115.61597442626953,-0.00044479401549324393,-0.22825655341148376,-0.00033262433134950697
208504898,208504898,208504,-353634165,1491628395,-30.743410110473633,9.9039821624755859,2.8761677742004395,16479,-0.10741565376520157,1.0317150354385376,-353631360,1491627500,-353654670,1491642150,0,-4.4918875694274902,-2473,2.6067547798156738,-0.22318610548973083,-7.0114054679870605,15132,115.66342926025391,-0.00056605791905894876,-0.22529548406600952,-0.00044479401549324393
208604858,208604858,208604,-353634443,1491628507,-30.67802619934082,10.109211921691895,2.8663482666015625,16422,-0.11399881541728973,1.0317219495773315,-353631360,1491627500,-353654670,1491642150,0,-4.4494829177856445,-2454,2.6022384166717529,-0.22103416919708252,-7.5180816650390625,15119,115.66849517822266,-0.00069609115598723292,-0.22318610548973083,-0.00056605791905894876
208704818,208704818,208704,-353634721,1491628621,-30.597723007202148,10.365694046020508,2.8557960987091064,16362,-0.11758367717266083,1.0317162275314331,-353631360,1491627500,-353654670,1491642150,0,-4.3721132278442383,-2417,2.59786057472229,-0.21709361672401428,-8.0086002349853516,15105,115.68682861328125,-0.0008345996611751616,-0.22103416919708252,-0.00069609115598723292
208804778,208804778,208804,-353634997,1491628738,-30.499050140380859,10.668068885803223,2.8460683822631836,16306,-0.11742167919874191,1.0317022800445557,-353631360,1491627500,-353654670,1491642150,0,-4.2586245536804199,-2361,2.5937728881835938,-0.21133771538734436,-8.4647283554077148,15093,115.7052001953125,-0.00098098732996731997,-0.21709361672401428,-0.0008345996611751616
208904738,208904738,208904,-353635271,1491628858,-30.372413635253906,11.008072853088379,2.8346273899078369,16241,-0.11481592804193497,1.0316976308822632,-353631360,1491627500,-353654670,1491642150,0,-4.1108055114746094,-2287,2.5899515151977539,-0.20393027365207672,-8.8864660263061523,15080,115.68643188476562,-0.0011347074760124087,-0.21133771538734436,-0.00098098732996731997
209004698,209004698,209004,-353635543,1491628982,-30.223760604858398,11.370835304260254,2.8222184181213379,16170,-0.11049383878707886,1.0316838026046753,-353631360,1491627500,-353654670,1491642150,0,-3.9370870590209961,-2199,2.5864684581756592,-0.19528302550315857,-9.2657337188720703,15069,115.63712310791016,-0.0012950706295669079,-0.20393027365207672,-0.0011347074760124087
209104658,209104658,209104,-353635812,1491629109,-30.056888580322266,11.748471260070801,2.8095691204071045,16097,-0.10471130162477493,1.0316718816757202,-353631360,1491627500,-353654670,1491642150,0,-3.7433300018310547,-2099,2.5833005905151367,-0.18567731976509094,-9.6055355072021484,15058,115.56343841552734,-0.0014614344108849764,-0.19528302550315857,-0.0012950706295669079
209204618,209204618,209204,-353636080,1491629240,-29.896869659423828,12.089534759521484,2.799161434173584,16038,-0.099908791482448578,1.031658411026001,-353631360,1491627500,-353654670,1491642150,0,-3.5653409957885742,-2007,2.580441951751709,-0.17687878012657166,-9.9079427719116211,15048,115.48220825195312,-0.0016331694787368178,-0.18567731976509094,-0.0014614344108849764
209304578,209304578,209304,-353636345,1491629375,-29.745290756225586,12.387972831726074,2.7886407375335693,15977,-0.097386054694652557,1.0316524505615234,-353631360,1491627500,-353654670,1491642150,0,-3.401594877243042,-1921,2.5781528949737549,-0.16881763935089111,-10.162803649902344,15038,115.38582611083984,-0.0016331694787368178,-0.17687878012657166,-0.0016331694787368178
209404538,209404538,209404,-353636610,1491629512,-29.615222930908203,12.626694679260254,2.7799327373504639,15927,-0.097232095897197723,1.031650185585022,-353631360,1491627500,-353654670,1491642150,0,-3.2741305828094482,-1854,2.5759994983673096,-0.16257259249687195,-10.401506423950195,15029,115.28857421875,-0.0016331694787368178,-0.16881763935089111,-0.0016331694787368178
209504498,209504498,209504,-353636873,1491629651,-29.492990493774414,12.821722030639648,2.7713344097137451,15878,-0.098546057939529419,1.0316466093063354,-353631360,1491627500,-353654670,1491642150,0,-3.1684572696685791,-1798,2.5740485191345215,-0.15745440125465393,-10.613901138305664,15020,115.16271209716797,-0.0016331694787368178,-0.16257259249687195,-0.0016331694787368178
209604458,209604458,209604,-353637136,1491629793,-29.383914947509766,12.991044044494629,2.7619781494140625,15824,-0.10143999755382538,1.0316449403762817,-353631360,1491627500,-353654670,1491642150,0,-3.0765161514282227,-1750,2.5723140239715576,-0.15300197899341583,-10.802059173583984,15011,115.04843902587891,-0.0016331694787368178,-0.15745440125465393,-0.0016331694787368178
209704418,209704418,209704,-353637397,1491629936,-29.271602630615234,13.166221618652344,2.7526652812957764,15771,-0.10222864896059036,1.031622052192688,-353631360,1491627500,-353654670,1491642150,0,-2.9772236347198486,-1697,2.5707371234893799,-0.14817202091217041,-10.971979141235352,15003,114.93661499023438,-0.0016331694787368178,-0.15300197899341583,-0.0016331694787368178
209804378,209804378,209804,-353637658,1491630082,-29.153785705566406,13.350723266601562,2.7445006370544434,15724,-0.10148923844099045,1.031624436378479,-353631360,1491627500,-353654670,1491642150,0,-2.8669538497924805,-1637,2.5693697929382324,-0.14278477430343628,-11.117671966552734,14995,114.82550048828125,-0.0016331694787368178,-0.14817202091217041,-0.0016331694787368178
209904338,209904338,209904,-353637918,1491630229,-29.026758193969727,13.527352333068848,2.7360475063323975,15676,-0.10014026612043381,1.0316212177276611,-353631360,1491627500,-353654670,1491642150,0,-2.7560780048370361,-1577,2.5680832862854004,-0.13740493357181549,-11.250200271606445,14987,114.67781829833984,-0.0016331694787368178,-0.14278477430343628,-0.0016331694787368178
210005131,210005131,210005,-353638177,1491630379,-28.896659851074219,13.717923164367676,2.7273480892181396,15626,-0.098330236971378326,1.0316014289855957,-353631360,1491627500,-353654670,1491642150,0,-2.6314365863800049,-1509,2.5670647621154785,-0.13130515813827515,-11.353418350219727,14980,114.54670715332031,-0.0016331694787368178,-0.13740493357181549,-0.0016331694787368178
210105091,210105091,210105,-353638439,1491630533,-28.777029037475586,13.916802406311035,2.7200708389282227,15584,-0.0960649773478508,1.0316085815429688,-353631360,1491627500,-353654670,1491642150,0,-2.5021262168884277,-1437,2.5662400722503662,-0.12490428239107132,-11.439558029174805,14973,114.46810913085938,-0.0016331694787368178,-0.13130515813827515,-0.0016331694787368178
210205051,210205051,210205,-353638698,1491630688,-28.670341491699219,14.109322547912598,2.714594841003418,15553,-0.094445221126079559,1.0315937995910645,-353631360,1491627500,-353654670,1491642150,0,-2.3758811950683594,-1367,2.5656523704528809,-0.11861450970172882,-11.502378463745117,14966,114.42703247070312,-0.0016331694787368178,-0.12490428239107132,-0.0016331694787368178
210305011,210305011,210305,-353638957,1491630846,-28.583517074584961,14.268414497375488,2.7097408771514893,15525,-0.096564777195453644,1.0315991640090942,-353631360,1491627500,-353654670,1491642150,0,-2.2695486545562744,-1308,2.5652906894683838,-0.11330799013376236,-11.540969848632812,14960,114.40145874023438,-0.0016331694787368178,-0.11861450970172882,-0.0016331694787368178
210404971,210404971,210404,-353639215,1491631005,-28.502168655395508,14.402907371520996,2.7058014869689941,15503,-0.098249860107898712,1.0315816402435303,-353631360,1491627500,-353654670,1491642150,0,-2.1760809421539307,-1256,2.5650279521942139,-0.10866484045982361,-11.566404342651367,14954,114.35729217529297,-0.0016331694787368178,-0.11330799013376236,-0.0016331694787368178
210504931,210504931,210504,-353639474,1491631166,-28.42631721496582,14.539253234863281,2.6995298862457275,15467,-0.097707785665988922,1.0315768718719482,-353631360,1491627500,-353654670,1491642150,0,-2.0811684131622314,-1203,2.5648832321166992,-0.10392677038908005,-11.580757141113281,14948,114.33644104003906,-0.0016331694787368178,-0.10866484045982361,-0.0016331694787368178
210604891,210604891,210604,-353639731,1491631328,-28.34330940246582,14.690932273864746,2.693009614944458,15429,-0.095627903938293457,1.031571626663208,-353631360,1491627500,-353654670,1491642150,0,-1.9724382162094116,-1142,2.5649034976959229,-0.098492540419101715,-11.576881408691406,14943,114.32081604003906,-0.0016331694787368178,-0.10392677038908005,-0.0016331694787368178
210704851,210704851,210704,-353639987,1491631492,-28.269176483154297,14.825862884521484,2.6882507801055908,15402,-0.093605779111385345,1.0315762758255005,-353631360,1491627500,-353654670,1491642150,0,-1.8717767000198364,-1085,2.5651135444641113,-0.093460842967033386,-11.551769256591797,14938,114.30879974365234,-0.0016331694787368178,-0.098492540419101715,-0.0016331694787368178
210804811,210804811,210804,-353640243,1491631658,-28.190589904785156,14.953381538391113,2.6823158264160156,15368,-0.091816738247871399,1.0315639972686768,-353631360,1491627500,-353654670,1491642150,0,-1.7710750102996826,-1027,2.5654447078704834,-0.088446944952011108,-11.510494232177734,14933,114.27291870117188,-0.0016331694787368178,-0.093460842967033386,-0.0016331694787368178
210904771,210904771,210904,-353640496,1491631823,-28.103818893432617,15.081175804138184,2.6763553619384766,15334,-0.089883074164390564,1.0315675735473633,-353631360,1491627500,-353654670,1491642150,0,-1.6665699481964111,-968,2.5658187866210938,-0.083258427679538727,-11.462074279785156,14928,114.21418762207031,-0.0016331694787368178,-0.088446944952011108,-0.0016331694787368178
211004731,211004731,211004,-353640748,1491631990,-28.019548416137695,15.190321922302246,2.6713345050811768,15305,-0.090949423611164093,1.0315612554550171,-353631360,1491627500,-353654670,1491642150,0,-1.5693851709365845,-912,2.5663614273071289,-0.078448086977005005,-11.392417907714844,14924,114.13413238525391,-0.0016331694787368178,-0.083258427679538727,-0.0016331694787368178
211104691,211104691,211104,-353640998,1491632157,-27.942121505737305,15.290258407592773,2.6662805080413818,15276,-0.090979166328907013,1.0315564870834351,-353631360,1491627500,-353654670,1491642150,0,-1.4774668216705322,-860,2.5670011043548584,-0.073891691863536835,-11.312606811523438,14920,114.06182098388672,-0.0016331694787368178,-0.078448086977005005,-0.0016331694787368178
211204651,211204651,211204,-353641247,1491632324,-27.861042022705078,15.37718391418457,2.662362813949585,15254,-0.091360531747341156,1.0315587520599365,-353631360,1491627500,-353654670,1491642150,0,-1.390825629234314,-810,2.5676581859588623,-0.069615237414836884,-11.227718353271484,14916,113.95729064941406,-0.0016331694787368178,-0.073891691863536835,-0.0016331694787368178
211304611,211304611,211304,-353641496,1491632493,-27.793521881103516,15.451988220214844,2.6577556133270264,15227,-0.0923333540558815,1.0315476655960083,-353631360,1491627500,-353654670,1491642150,0,-1.3119605779647827,-765,2.5684788227081299,-0.065709114074707031,-11.126670837402344,14913,113.87558746337891,-0.0016331694787368178,-0.069615237414836884,-0.0016331694787368178
211404571,211404571,211404,-353641743,1491632662,-27.727127075195312,15.521321296691895,2.6538546085357666,15205,-0.092826202511787415,1.0315494537353516,-353631360,1491627500,-353654670,1491642150,0,-1.2346614599227905,-720,2.5693860054016113,-0.061879668384790421,-11.015468597412109,14910,113.78890228271484,-0.0016331694787368178,-0.065709114074707031,-0.0016331694787368178
211504531,211504531,211504,-353641991,1491632832,-27.671184539794922,15.581995010375977,2.6491966247558594,15178,-0.093230180442333221,1.0315454006195068,-353631360,1491627500,-353654670,1491642150,0,-1.1646463871002197,-680,2.5703363418579102,-0.058401599526405334,-10.901271820068359,14906,113.72059631347656,-0.0016331694787368178,-0.061879668384790421,-0.0016331694787368178
211604491,211604491,211604,-353642237,1491633003,-27.609214782714844,15.656215667724609,2.6439738273620605,15148,-0.090415529906749725,1.0315371751785278,-353631360,1491627500,-353654670,1491642150,0,-1.0821086168289185,-632,2.5714540481567383,-0.054288327693939209,-10.768833160400391,14904,113.65815734863281,-0.0016331694787368178,-0.058401599526405334,-0.0016331694787368178
211704451,211704451,211704,-353642484,1491633175,-27.543235778808594,15.729799270629883,2.6405494213104248,15129,-0.087968498468399048,1.0315355062484741,-353631360,1491627500,-353654670,1491642150,0,-0.99822551012039185,-583,2.5725889205932617,-0.05010942742228508,-10.633403778076172,14901,113.5831298828125,-0.0016331694787368178,-0.054288327693939209,-0.0016331694787368178
211804411,211804411,211804,-353642729,1491633347,-27.488567352294922,15.79023265838623,2.6378417015075684,15113,-0.085371620953083038,1.0315177440643311,-353631360,1491627500,-353654670,1491642150,0,-0.92312818765640259,-539,2.5738253593444824,-0.046362292021512985,-10.487812042236328,14899,113.52082061767578,-0.0016331694787368178,-0.05010942742228508,-0.0016331694787368178
211904371,211904371,211904,-353642975,1491633520,-27.434333801269531,15.843719482421875,2.634544849395752,15094,-0.084158353507518768,1.0315291881561279,-353631360,1491627500,-353654670,1491642150,0,-0.85149550437927246,-497,2.5750811100006104,-0.042789813131093979,-10.339225769042969,14896,113.44812774658203,-0.0016331694787368178,-0.046362292021512985,-0.0016331694787368178
212004331,212004331,212004,-353643220,1491633694,-27.385644912719727,15.897320747375488,2.6311800479888916,15075,-0.085057817399501801,1.0315256118774414,-353631360,1491627500,-353654670,1491642150,0,-0.77906394004821777,-455,2.5764691829681396,-0.039166897535324097,-10.177482604980469,14894,113.39341735839844,-0.0016331694787368178,-0.042789813131093979,-0.0016331694787368178
212105124,212105124,212105,-353643465,1491633869,-27.351806640625,15.94033145904541,2.6287505626678467,15061,-0.087460190057754517,1.0315114259719849,-353631360,1491627500,-353654670,1491642150,0,-0.71538925170898438,-418,2.5779516696929932,-0.035972923040390015,-10.007652282714844,14892,113.36611175537109,-0.0016331694787368178,-0.039166897535324097,-0.0016331694787368178
212205084,212205084,212205,-353643712,1491634045,-27.317296981811523,15.974823951721191,2.6262362003326416,15047,-0.091088533401489258,1.0315067768096924,-353631360,1491627500,-353654670,1491642150,0,-0.66010069847106934,-386,2.5792288780212402,-0.033204726874828339,-9.83990478515625,14890,113.3216552734375,-0.0018069822108373046,-0.035972923040390015,-0.0016331694787368178
212305044,212305044,212305,-353643958,1491634222,-27.298238754272461,16.020011901855469,2.6240103244781494,15034,-0.091846242547035217,1.0315145254135132,-353631360,1491627500,-353654670,1491642150,0,-0.60089290142059326,-352,2.5806779861450195,-0.030219364911317825,-9.6590042114257812,14889,113.34456634521484,-0.0019775570835918188,-0.033204726874828339,-0.0018069822108373046
212405004,212405004,212405,-353644205,1491634400,-27.28071403503418,16.066825866699219,2.6217067241668701,15021,-0.090510100126266479,1.0314967632293701,-353631360,1491627500,-353654670,1491642150,0,-0.54062026739120483,-316,2.5821619033813477,-0.027180016040802002,-9.47509765625,14887,113.37542724609375,-0.0021448307670652866,-0.030219364911317825,-0.0019775570835918188
212504964,212504964,212504,-353644453,1491634579,-27.265522003173828,16.126161575317383,2.619356632232666,15007,-0.087601408362388611,1.0314921140670776,-353631360,1491627500,-353654670,1491642150,0,-0.4734216034412384,-277,2.5836966037750244,-0.023788046091794968,-9.2881965637207031,14885,113.43657684326172,-0.0023087088484317064,-0.027180016040802002,-0.0021448307670652866
212604924,212604924,212604,-353644700,1491634758,-27.251716613769531,16.178682327270508,2.6175832748413086,14997,-0.084122806787490845,1.0314933061599731,-353631360,1491627500,-353654670,1491642150,0,-0.40946784615516663,-239,2.5852720737457275,-0.020564395934343338,-9.0962066650390625,14884,113.48992156982422,-0.0024691165890544653,-0.023788046091794968,-0.0023087088484317064
212704884,212704884,212704,-353644947,1491634938,-27.234508514404297,16.229312896728516,2.615659236907959,14986,-0.08096611499786377,1.0315008163452148,-353631360,1491627500,-353654670,1491642150,0,-0.34409943222999573,-201,2.5869109630584717,-0.017275042831897736,-8.896148681640625,14883,113.52964782714844,-0.0026259340811520815,-0.020564395934343338,-0.0024691165890544653
212804844,212804844,212804,-353645194,1491635119,-27.224472045898438,16.268196105957031,2.6145083904266357,14980,-0.080015242099761963,1.031484842300415,-353631360,1491627500,-353654670,1491642150,0,-0.28587606549263,-167,2.5886242389678955,-0.014346681535243988,-8.6880073547363281,14882,113.57012939453125,-0.0027790204621851444,-0.017275042831897736,-0.0026259340811520815
212904804,212904804,212904,-353645442,1491635300,-27.223062515258789,16.292875289916992,2.6138687133789062,14976,-0.080197140574455261,1.0314805507659912,-353631360,1491627500,-353654670,1491642150,0,-0.23891447484493256,-140,2.5902948379516602,-0.011985458433628082,-8.4849510192871094,14881,113.61116027832031,-0.0029284681659191847,-0.014346681535243988,-0.0027790204621851444
213004764,213004764,213004,-353645689,1491635481,-27.225677490234375,16.307882308959961,2.6120216846466064,14965,-0.081143543124198914,1.0314853191375732,-353631360,1491627500,-353654670,1491642150,0,-0.19756227731704712,-115,2.5920090675354004,-0.0099077895283699036,-8.2768096923828125,14880,113.64679718017578,-0.003074197331443429,-0.011985458433628082,-0.0029284681659191847
213104724,213104724,213104,-353645934,1491635661,-27.219718933105469,16.31968879699707,2.6101398468017578,14954,-0.082352690398693085,1.0314867496490479,-353631360,1491627500,-353654670,1491642150,0,-0.15508925914764404,-90,2.5937237739562988,-0.0077774748206138611,-8.06658935546875,14879,113.65023040771484,-0.0032162147108465433,-0.0099077895283699036,-0.003074197331443429
213204684,213204684,213204,-353646179,1491635841,-27.209232330322266,16.329280853271484,2.6098136901855469,14953,-0.08489575982093811,1.0314885377883911,-353631360,1491627500,-353654670,1491642150,0,-0.11247899383306503,-65,2.595430850982666,-0.0056413337588310242,-7.85638427734375,14879,113.63569641113281,-0.0033545428887009621,-0.0077774748206138611,-0.0032162147108465433
213304644,213304644,213304,-353646422,1491636020,-27.205245971679688,16.327306747436523,2.609673023223877,14952,-0.084096804261207581,1.0314730405807495,-353631360,1491627500,-353654670,1491642150,0,-0.077780000865459442,-45,2.5971591472625732,-0.003901556134223938,-7.6440963745117188,14878,113.61981964111328,-0.0034891464747488499,-0.0056413337588310242,-0.0033545428887009621
213404604,213404604,213404,-353646666,1491636199,-27.197647094726562,16.322286605834961,2.6087794303894043,14947,-0.081377990543842316,1.0314738750457764,-353631360,1491627500,-353654670,1491642150,0,-0.044563848525285721,-26,2.59883713722229,-0.0022360235452651978,-7.4368820190429688,14877,113.58723449707031,-0.0036201335024088621,-0.003901556134223938,-0.0034891464747488499
213504564,213504564,213504,-353646909,1491636378,-27.189109802246094,16.313762664794922,2.6084718704223633,14945,-0.076455652713775635,1.0314774513244629,-353631360,1491627500,-353654670,1491642150,0,-0.012072221376001835,-7,2.6005592346191406,-0.00060595571994781494,-7.2245941162109375,14876,113.54531097412109,-0.0037474234122782946,-0.0022360235452651978,-0.0036201335024088621
213604524,213604524,213604,-353647152,1491636556,-27.170711517333984,16.315650939941406,2.6065454483032227,14934,-0.073193080723285675,1.0314798355102539,-353631360,1491627500,-353654670,1491642150,0,0.02774142287671566,16,2.6022086143493652,0.0013931095600128174,-7.0203933715820312,14875,113.49230194091797,-0.0038711687084287405,-0.00060595571994781494,-0.0037474234122782946
213704484,213704484,213704,-353647395,1491636735,-27.160268783569336,16.321882247924805,2.6062130928039551,14932,-0.071581043303012848,1.0314600467681885,-353631360,1491627500,-353654670,1491642150,0,0.069174729287624359,40,2.6039516925811768,0.0034744292497634888,-6.80810546875,14874,113.47174072265625,-0.0039911894127726555,0.0013931095600128174,-0.0038711687084287405
213804444,213804444,213804,-353647638,1491636914,-27.149551391601562,16.317653656005859,2.6066553592681885,14935,-0.074991822242736816,1.0314600467681885,-353631360,1491627500,-353654670,1491642150,0,0.10490984469652176,61,2.6056885719299316,0.0052711963653564453,-6.5958175659179688,14873,113.43104553222656,-0.0041075050830841064,0.0034744292497634888,-0.0039911894127726555
213904404,213904404,213904,-353647880,1491637093,-27.14288330078125,16.312772750854492,2.6067337989807129,14935,-0.080115474760532379,1.031463623046875,-353631360,1491627500,-353654670,1491642150,0,0.14007364213466644,82,2.6074807643890381,0.0070398561656475067,-6.378448486328125,14873,113.40157318115234,-0.0042200125753879547,0.0052711963653564453,-0.0041075050830841064
214004364,214004364,214004,-353648123,1491637271,-27.143533706665039,16.306161880493164,2.606682300567627,14935,-0.083392404019832611,1.0314726829528809,-353631360,1491627500,-353654670,1491642150,0,0.16990579664707184,99,2.6091704368591309,0.0085399672389030457,-6.1742477416992188,14871,113.39138031005859,-0.0043289242312312126,0.0070398561656475067,-0.0042200125753879547
214104324,214104324,214104,-353648366,1491637450,-27.148199081420898,16.298545837402344,2.6061749458312988,14932,-0.08304169774055481,1.0314648151397705,-353631360,1491627500,-353654670,1491642150,0,0.19950489699840546,116,2.6109402179718018,0.010027728974819183,-5.9619598388671875,14870,113.39166259765625,-0.0044340877793729305,0.0085399672389030457,-0.0043289242312312126
214205117,214205117,214205,-353648609,1491637629,-27.156261444091797,16.282674789428711,2.6065621376037598,14934,-0.080554664134979248,1.0314598083496094,-353631360,1491627500,-353654670,1491642150,0,0.22357696294784546,131,2.6127114295959473,0.011238157749176025,-5.7496719360351562,14869,113.38717651367188,-0.00453554792329669,0.010027728974819183,-0.0044340877793729305
214305077,214305077,214305,-353648856,1491637811,-27.175003051757812,16.270858764648438,2.6063570976257324,14933,-0.076304294168949127,1.0314540863037109,-353631360,1491627500,-353654670,1491642150,0,0.2475816011428833,145,2.6145384311676025,0.012440886348485947,-5.5334701538085938,14867,113.42299652099609,-0.0046331197954714298,0.011238157749176025,-0.00453554792329669
214405037,214405037,214405,-353649102,1491637991,-27.189884185791016,16.256942749023438,2.6048989295959473,14924,-0.074255652725696564,1.031464695930481,-353631360,1491627500,-353654670,1491642150,0,0.26965516805648804,157,2.6162633895874023,0.013547733426094055,-5.328338623046875,14865,113.44313812255859,-0.0047270553186535835,0.012440886348485947,-0.0046331197954714298
214504997,214504997,214504,-353649349,1491638172,-27.209653854370117,16.26209831237793,2.6047875881195068,14924,-0.073538206517696381,1.0314581394195557,-353631360,1491627500,-353654670,1491642150,0,0.30156609416007996,176,2.6180379390716553,0.015141710638999939,-5.1202011108398438,14863,113.51337432861328,-0.0048172632232308388,0.013547733426094055,-0.0047270553186535835
214604957,214604957,214604,-353649595,1491638352,-27.234560012817383,16.247949600219727,2.6057307720184326,14929,-0.073751568794250488,1.0314627885818481,-353631360,1491627500,-353654670,1491642150,0,0.32074135541915894,187,2.6197795867919922,0.016097407788038254,-4.9150772094726562,14860,113.56398010253906,-0.0049038161523640156,0.015141710638999939,-0.0048172632232308388
214704917,214704917,214704,-353649843,1491638533,-27.264724731445312,16.234579086303711,2.605926513671875,14930,-0.074937149882316589,1.0314489603042603,-353631360,1491627500,-353654670,1491642150,0,0.33853128552436829,198,2.6215112209320068,0.0169801265001297,-4.7120285034179688,14857,113.63225555419922,-0.0049867415800690651,0.016097407788038254,-0.0049038161523640156
214804877,214804877,214804,-353650090,1491638714,-27.295337677001953,16.21898078918457,2.6057713031768799,14929,-0.07662007212638855,1.0314615964889526,-353631360,1491627500,-353654670,1491642150,0,0.35591083765029907,208,2.6232879161834717,0.017841629683971405,-4.5038909912109375,14854,113.69792175292969,-0.0050659561529755592,0.0169801265001297,-0.0049867415800690651
214904837,214904837,214904,-353650338,1491638894,-27.323570251464844,16.209598541259766,2.6054003238677979,14927,-0.077386774122714996,1.0314536094665527,-353631360,1491627500,-353654670,1491642150,0,0.37520349025726318,219,2.6249516010284424,0.018797338008880615,-4.308929443359375,14849,113.7677001953125,-0.0051416936330497265,0.017841629683971405,-0.0050659561529755592
215004797,215004797,215004,-353650586,1491639074,-27.350236892700195,16.200508117675781,2.6053924560546875,14927,-0.077014133334159851,1.0314489603042603,-353631360,1491627500,-353654670,1491642150,0,0.39518368244171143,231,2.6266152858734131,0.019787050783634186,-4.1139373779296875,14844,113.83324432373047,-0.0052139605395495892,0.018797338008880615,-0.0051416936330497265
215104757,215104757,215104,-353650833,1491639253,-27.370973587036133,16.176515579223633,2.6072306632995605,14938,-0.074376434087753296,1.031456470489502,-353631360,1491627500,-353654670,1491642150,0,0.40809538960456848,238,2.6282398700714111,0.02043001726269722,-3.9219741821289062,14838,113.85340118408203,-0.0052828416228294373,0.019787050783634186,-0.0052139605395495892
215204717,215204717,215204,-353651078,1491639431,-27.391490936279297,16.139493942260742,2.6087262630462646,14946,-0.072245381772518158,1.0314513444900513,-353654670,1491642150,-353650090,1491654820,0,-17.223121643066406,-6040,1.5695583820343018,-1.0395822525024414,46.557785034179688,8550,113.84930419921875,-0.0052828416228294373,0.02043001726269722,-0.0052828416228294373
215304677,215304677,215304,-353651324,1491639608,-27.420328140258789,16.067014694213867,2.6084206104278564,14945,-0.071455270051956177,1.0314470529556274,-353654670,1491642150,-353650090,1491654820,0,-17.535701751708984,-6084,1.5395474433898926,-1.0720187425613403,43.40313720703125,8432,113.80684661865234,-0.0052828416228294373,-1.0395822525024414,-0.0052828416228294373
215404637,215404637,215404,-353651569,1491639784,-27.433710098266602,16.024995803833008,2.5983097553253174,14887,-0.071408413350582123,1.0314428806304932,-353654670,1491642150,-353650090,1491654820,0,-17.817157745361328,-6123,1.5099860429763794,-1.1029341220855713,40.262351989746094,8312,113.77222442626953,-0.0052828416228294373,-1.0720187425613403,-0.0052828416228294373
215504597,215504597,215504,-353651813,1491639960,-27.311847686767578,16.185731887817383,2.58732008934021,14824,-0.074522338807582855,1.0314414501190186,-353654670,1491642150,-353650090,1491654820,0,-18.003559112548828,-6148,1.480979323387146,-1.1256330013275146,37.131736755371094,8191,113.68799591064453,-0.0052828416228294373,-1.1029341220855713,-0.0052828416228294373
215604557,215604557,215604,-353652056,1491640139,-27.086668014526367,16.532114028930664,2.583254337310791,14800,-0.07942827045917511,1.0314441919326782,-353654670,1491642150,-353650090,1491654820,0,-18.129194259643555,-6166,1.4521204233169556,-1.1414834260940552,34.000263214111328,8068,113.63629913330078,-0.0052828416228294373,-1.1256330013275146,-0.0052828416228294373
215704517,215704517,215704,-353652297,1491640323,-26.786741256713867,16.99334716796875,2.5803639888763428,14784,-0.08290824294090271,1.0314429998397827,-353654670,1491642150,-353650090,1491654820,0,-18.215539932250977,-6178,1.4234815835952759,-1.152785062789917,30.870752334594727,7943,113.59706878662109,-0.0052828416228294373,-1.1414834260940552,-0.0052828416228294373
215804477,215804477,215804,-353652534,1491640513,-26.43182373046875,17.561145782470703,2.5744404792785645,14750,-0.084220215678215027,1.0314470529556274,-353654670,1491642150,-353650090,1491654820,0,-18.281055450439453,-6187,1.3950434923171997,-1.1601215600967407,27.759872436523438,7817,113.63837432861328,-0.0052828416228294373,-1.152785062789917,-0.0052828416228294373
215904437,215904437,215904,-353652768,1491640710,-26.002874374389648,18.253374099731445,2.5629549026489258,14684,-0.082503169775009155,1.0314363241195679,-353654670,1491642150,-353650090,1491654820,0,-18.323539733886719,-6192,1.3666987419128418,-1.1628434658050537,24.653774261474609,7690,113.76806640625,-0.0052828416228294373,-1.1601215600967407,-0.0052828416228294373
216004397,216004397,216004,-353652997,1491640915,-25.454559326171875,19.12706184387207,2.5419807434082031,14564,-0.077499069273471832,1.0314335823059082,-353654670,1491642150,-353650090,1491654820,0,-18.329992294311523,-6192,1.33858323097229,-1.1586003303527832,21.569129943847656,7562,114.01824188232422,-0.0052828416228294373,-1.1628434658050537,-0.0052828416228294373
216104357,216104357,216104,-353653221,1491641132,-24.722755432128906,20.234050750732422,2.5102365016937256,14382,-0.067199729382991791,1.0314383506774902,-353654670,1491642150,-353650090,1491654820,0,-18.281606674194336,-6184,1.3106083869934082,-1.1451010704040527,18.491226196289062,7433,114.40293121337891,-0.0052828416228294373,-1.1586003303527832,-0.0052828416228294373
216204317,216204317,216204,-353653437,1491641362,-23.660682678222656,21.56573486328125,2.462019681930542,14106,-0.051330320537090302,1.0314235687255859,-353654670,1491642150,-353650090,1491654820,0,-18.097446441650391,-6157,1.2834147214889526,-1.1190680265426636,15.44691276550293,7304,114.64241027832031,-0.0052828416228294373,-1.1451010704040527,-0.0052828416228294373
216305110,216305110,216305,-353653645,1491641613,-22.177154541015625,23.064624786376953,2.398385763168335,13741,-0.033706404268741608,1.0314366817474365,-353654670,1491642150,-353650090,1491654820,0,-17.729446411132812,-6106,1.2567563056945801,-1.0798245668411255,12.406760215759277,7173,114.58055114746094,-0.0052828416228294373,-1.1190680265426636,-0.0052828416228294373
216405070,216405070,216405,-353653835,1491641879,-20.313970565795898,24.547641754150391,2.325040340423584,13321,-0.016565693542361259,1.0314177274703979,-353654670,1491642150,-353650090,1491654820,0,-17.166896820068359,-6026,1.2317392826080322,-1.0303621292114258,9.4946098327636719,7046,114.10060119628906,-0.0051162904128432274,-1.0798245668411255,-0.0052828416228294373
216505030,216505030,216505,-353654008,1491642161,-18.288324356079102,25.775257110595703,2.2537567615509033,12913,-0.0037965429946780205,1.0314267873764038,-353654670,1491642150,-353650090,1491654820,0,-16.49311637878418,-5926,1.2077540159225464,-0.98013585805892944,6.6966056823730469,6922,113.17428588867188,-0.0049979272298514843,-1.0303621292114258,-0.0051162904128432274
216604990,216604990,216604,-353654163,1491642454,-16.415475845336914,26.603733062744141,2.1934216022491455,12567,0.0030231054406613111,1.0314220190048218,-353654670,1491642150,-353650090,1491654820,0,-15.849220275878906,-5825,1.1847299337387085,-0.93891865015029907,4.0413188934326172,6801,111.94386291503906,-0.0049257376231253147,-0.98013585805892944,-0.0049979272298514843
216704950,216704950,216704,-353654302,1491642756,-14.896827697753906,27.120376586914062,2.1466178894042969,12299,0.0025998975615948439,1.0314188003540039,-353654670,1491642150,-353650090,1491654820,0,-15.35836124420166,-5744,1.1623281240463257,-0.91076254844665527,1.5157530307769775,6682,110.80421447753906,-0.0048983884043991566,-0.93891865015029907,-0.0049257376231253147
216804910,216804910,216804,-353654430,1491643060,-13.85370922088623,27.424280166625977,2.1159331798553467,12123,-0.005930017214268446,1.0314106941223145,-353654670,1491642150,-353650090,1491654820,0,-15.100024223327637,-5699,1.140404224395752,-0.89816093444824219,-0.90522456169128418,6565,110.0252685546875,-0.0049148369580507278,-0.91076254844665527,-0.0048983884043991566
216904870,216904870,216904,-353654551,1491643367,-13.257884979248047,27.573436737060547,2.0989031791687012,12025,-0.022643182426691055,1.0314160585403442,-353654670,1491642150,-353650090,1491654820,0,-15.060998916625977,-5693,1.1187578439712524,-0.90022546052932739,-3.2660002708435059,6447,109.56097412109375,-0.0049744416028261185,-0.89816093444824219,-0.0049148369580507278
217004830,217004830,217004,-353654668,1491643674,-12.997252464294434,27.569673538208008,2.093071460723877,11992,-0.046441104263067245,1.0314183235168457,-353654670,1491642150,-353650090,1491654820,0,-15.167401313781738,-5714,1.0972683429718018,-0.91406190395355225,-5.5860691070556641,6327,109.14759063720703,-0.0050768032670021057,-0.90022546052932739,-0.0049744416028261185
217104790,217104790,217104,-353654783,1491643978,-12.893572807312012,27.456869125366211,2.0906646251678467,11978,-0.071905575692653656,1.0314154624938965,-353654670,1491642150,-353650090,1491654820,0,-15.324297904968262,-5745,1.0757656097412109,-0.9340587854385376,-7.8747472763061523,6204,108.62400817871094,-0.0052218632772564888,-0.91406190395355225,-0.0050768032670021057
217204750,217204750,217204,-353654898,1491644279,-12.760698318481445,27.325885772705078,2.0864443778991699,11954,-0.096034333109855652,1.0314188003540039,-353654670,1491642150,-353650090,1491654820,0,-15.452075958251953,-5771,1.0541799068450928,-0.9535025954246521,-10.152389526367188,6078,107.9974365234375,-0.0052218632772564888,-0.9340587854385376,-0.0052218632772564888
217304710,217304710,217304,-353655011,1491644578,-12.493904113769531,27.245290756225586,2.0768599510192871,11899,-0.11440389603376389,1.0314019918441772,-353654670,1491642150,-353650090,1491654820,0,-15.516141891479492,-5787,1.0325174331665039,-0.96823757886886597,-12.402318954467773,5950,107.33426666259766,-0.0052218632772564888,-0.9535025954246521,-0.0052218632772564888
217404670,217404670,217404,-353655121,1491644877,-12.065656661987305,27.253395080566406,2.0605416297912598,11806,-0.12882080674171448,1.0313853025436401,-353654670,1491642150,-353650090,1491654820,0,-15.517989158630371,-5792,1.0108960866928101,-0.97668462991714478,-14.621720314025879,5818,106.73067474365234,-0.0052218632772564888,-0.96823757886886597,-0.0052218632772564888
217504630,217504630,217504,-353655226,1491645175,-11.461502075195312,27.375932693481445,2.0378618240356445,11676,-0.13788701593875885,1.0313738584518433,-353654670,1491642150,-353650090,1491654820,0,-15.461541175842285,-5786,0.98971092700958252,-0.97758299112319946,-16.786556243896484,5686,106.27796936035156,-0.0052218632772564888,-0.97668462991714478,-0.0052218632772564888
217604590,217604590,217604,-353655326,1491645476,-10.690615653991699,27.60759162902832,2.0083999633789062,11507,-0.14240030944347382,1.0313553810119629,-353654670,1491642150,-353650090,1491654820,0,-15.357446670532227,-5770,0.96898072957992554,-0.97126919031143188,-18.911544799804688,5551,106.01585388183594,-0.0052218632772564888,-0.97758299112319946,-0.0052218632772564888
217704550,217704550,217704,-353655417,1491645780,-9.7627468109130859,27.937297821044922,1.9729132652282715,11303,-0.14413352310657501,1.0313390493392944,-353654670,1491642150,-353650090,1491654820,0,-15.207991600036621,-5745,0.94926947355270386,-0.95771348476409912,-20.955978393554688,5415,105.97565460205078,-0.0052218632772564888,-0.97126919031143188,-0.0052218632772564888
217804510,217804510,217804,-353655500,1491646088,-8.6929788589477539,28.336360931396484,1.9331749677658081,11076,-0.14194843173027039,1.0313185453414917,-353654670,1491642150,-353650090,1491654820,0,-15.01650333404541,-5711,0.93053609132766724,-0.93792396783828735,-22.933712005615234,5277,106.13969421386719,-0.0052218632772564888,-0.95771348476409912,-0.0052218632772564888
217904470,217904470,217904,-353655572,1491646400,-7.4806900024414062,28.775295257568359,1.8883122205734253,10819,-0.13679040968418121,1.0313084125518799,-353654670,1491642150,-353650090,1491654820,0,-14.772086143493652,-5666,0.91309642791748047,-0.91203910112380981,-24.814214706420898,5140,106.46907806396484,-0.0052218632772564888,-0.93792396783828735,-0.0052218632772564888
218004430,218004430,218004,-353655633,1491646718,-6.1347689628601074,29.216419219970703,1.8400223255157471,10542,-0.12864577770233154,1.0312939882278442,-353654670,1491642150,-353650090,1491654820,0,-14.468498229980469,-5609,0.89681756496429443,-0.88094878196716309,-26.60484504699707,5001,106.90516662597656,-0.0052218632772564888,-0.91203910112380981,-0.0052218632772564888
218104390,218104390,218104,-353655681,1491647041,-4.6723308563232422,29.630212783813477,1.7886806726455688,10248,-0.11731553822755814,1.0312751531600952,-353654670,1491642150,-353650090,1491654820,0,-14.100973129272461,-5536,0.88189482688903809,-0.84530174732208252,-28.281572341918945,4861,107.41647338867188,-0.0052218632772564888,-0.88094878196716309,-0.0052218632772564888
218204350,218204350,218204,-353655716,1491647368,-3.1522276401519775,29.971445083618164,1.7379097938537598,9957,-0.10534469783306122,1.0312545299530029,-353654670,1491642150,-353650090,1491654820,0,-13.68100643157959,-5451,0.86816465854644775,-0.80742084980010986,-29.84071159362793,4721,107.91931915283203,-0.0052218632772564888,-0.84530174732208252,-0.0052218632772564888
218304310,218304310,218304,-353655737,1491647699,-1.625433087348938,30.220600128173828,1.6865007877349854,9662,-0.094083279371261597,1.031232476234436,-353654670,1491642150,-353650090,1491654820,0,-13.222676277160645,-5355,0.85561060905456543,-0.76891952753067017,-31.2720947265625,4580,108.3759765625,-0.0052218632772564888,-0.80742084980010986,-0.0052218632772564888
218405103,218405103,218405,-353655744,1491648035,-0.15224982798099518,30.381006240844727,1.6396470069885254,9394,-0.085874699056148529,1.0312197208404541,-353654670,1491642150,-353650090,1491654820,0,-12.752816200256348,-5254,0.84420251846313477,-0.7316051721572876,-32.579391479492188,4438,108.79534149169922,-0.0052218632772564888,-0.76891952753067017,-0.0052218632772564888
218505063,218505063,218505,-353655739,1491648372,1.1368299722671509,30.468305587768555,1.5998408794403076,9166,-0.08034980297088623,1.0312259197235107,-353654670,1491642150,-353650090,1491654820,0,-12.335721015930176,-5160,0.83388614654541016,-0.69961559772491455,-33.76824951171875,4295,109.18251037597656,-0.0052218632772564888,-0.7316051721572876,-0.0052218632772564888
218605023,218605023,218605,-353655723,1491648710,2.2746939659118652,30.501274108886719,1.5657376050949097,8971,-0.077108509838581085,1.0312020778656006,-353654670,1491642150,-353650090,1491654820,0,-11.961549758911133,-5073,0.82452303171157837,-0.67183411121368408,-34.848838806152344,4150,109.52796936035156,-0.0052218632772564888,-0.69961559772491455,-0.0052218632772564888
218704983,218704983,218704,-353655698,1491649050,3.2243013381958008,30.497840881347656,1.5378305912017822,8811,-0.078174158930778503,1.0312067270278931,-353654670,1491642150,-353650090,1491654820,0,-11.655743598937988,-5001,0.81583589315414429,-0.64962947368621826,-35.845191955566406,4000,109.82099914550781,-0.0052218632772564888,-0.67183411121368408,-0.0052218632772564888
218804943,218804943,218804,-353655665,1491649389,4.0142059326171875,30.462442398071289,1.5135246515274048,8671,-0.081866897642612457,1.0311830043792725,-353654670,1491642150,-353650090,1491654820,0,-11.405915260314941,-4940,0.80771416425704956,-0.63206148147583008,-36.756454467773438,3847,110.02864074707031,-0.0052218632772564888,-0.64962947368621826,-0.0052218632772564888
218904903,218904903,218904,-353655626,1491649729,4.7147731781005859,30.413103103637695,1.4908547401428223,8541,-0.088420838117599487,1.0311833620071411,-353654670,1491642150,-353650090,1491654820,0,-11.187321662902832,-4887,0.80006647109985352,-0.61692976951599121,-37.610332489013672,3687,110.20982360839844,-0.0052218632772564888,-0.63206148147583008,-0.0052218632772564888
219004863,219004863,219004,-353655581,1491650067,5.3746380805969238,30.326808929443359,1.468946099281311,8416,-0.09520576149225235,1.0311822891235352,-353654670,1491642150,-353650090,1491654820,0,-10.969024658203125,-4833,0.79275131225585938,-0.60264229774475098,-38.395790100097656,3522,110.29217529296875,-0.0052218632772564888,-0.61692976951599121,-0.0052218632772564888
219104823,219104823,219104,-353655530,1491650405,5.9825763702392578,30.220806121826172,1.4488383531570435,8301,-0.10291992127895355,1.0311565399169922,-353654670,1491642150,-353650090,1491654820,0,-10.761765480041504,-4780,0.78583300113677979,-0.58952802419662476,-39.120197296142578,3350,110.32044219970703,-0.0052218632772564888,-0.60264229774475098,-0.0052218632772564888
219204783,219204783,219204,-353655474,1491650740,6.5455360412597656,30.103490829467773,1.4300994873046875,8193,-0.11007271707057953,1.0311509370803833,-353654670,1491642150,-353650090,1491654820,0,-10.564037322998047,-4730,0.77939784526824951,-0.5772966742515564,-39.782672882080078,3172,110.31904602050781,-0.0052218632772564888,-0.58952802419662476,-0.0052218632772564888
219304743,219304743,219304,-353655413,1491651071,7.1281766891479492,29.954151153564453,1.4094274044036865,8075,-0.11556138843297958,1.0311418771743774,-353654670,1491642150,-353650090,1491654820,0,-10.338534355163574,-4670,0.77338260412216187,-0.5637894868850708,-40.379554748535156,2987,110.26078033447266,-0.0052218632772564888,-0.5772966742515564,-0.0052218632772564888
219404703,219404703,219404,-353655347,1491651400,7.7477641105651855,29.78571891784668,1.3869920969009399,7946,-0.11930815875530243,1.0311198234558105,-353654670,1491642150,-353650090,1491654820,0,-10.08067798614502,-4599,0.76794898509979248,-0.54837000370025635,-40.918197631835938,2795,110.21161651611328,-0.0052218632772564888,-0.5637894868850708,-0.0052218632772564888
219504663,219504663,219504,-353655276,1491651726,8.4103183746337891,29.59257698059082,1.3624966144561768,7806,-0.12188051640987396,1.0311119556427002,-353654670,1491642150,-353650090,1491654820,0,-9.784764289855957,-4514,0.76312291622161865,-0.53077095746994019,-41.394912719726562,2595,110.167236328125,-0.0052218632772564888,-0.54837000370025635,-0.0052218632772564888
219604623,219604623,219604,-353655199,1491652048,9.0883922576904297,29.381458282470703,1.3389146327972412,7671,-0.1237746998667717,1.0311113595962524,-353654670,1491642150,-353650090,1491654820,0,-9.4628591537475586,-4419,0.75906574726104736,-0.51174169778823853,-41.795860290527344,2387,110.1331787109375,-0.0052218632772564888,-0.53077095746994019,-0.0052218632772564888
219704583,219704583,219704,-353655116,1491652368,9.7280416488647461,29.172870635986328,1.3166303634643555,7543,-0.12429819256067276,1.0310834646224976,-353654670,1491642150,-353650090,1491654820,0,-9.1474628448486328,-4322,0.75576126575469971,-0.49316883087158203,-42.128383636474609,2170,110.12282562255859,-0.0052218632772564888,-0.51174169778823853,-0.0052218632772564888
219804543,219804543,219804,-353655027,1491652686,10.383890151977539,28.94757080078125,1.2919520139694214,7402,-0.12474818527698517,1.0310779809951782,-353654670,1491642150,-353650090,1491654820,0,-8.8061552047729492,-4214,0.75318527221679688,-0.47319471836090088,-42.392486572265625,1942,110.12841033935547,-0.0052218632772564888,-0.49316883087158203,-0.0052218632772564888
219904503,219904503,219904,-353654932,1491653001,11.0780029296875,28.694925308227539,1.2669233083724976,7258,-0.1225675567984581,1.0310570001602173,-353654670,1491642150,-353650090,1491654820,0,-8.4236545562744141,-4087,0.75136947631835938,-0.45099401473999023,-42.584495544433594,1703,110.14785003662109,-0.0052218632772564888,-0.47319471836090088,-0.0052218632772564888
220004463,220004463,220004,-353654831,1491653313,11.751834869384766,28.439521789550781,1.2428812980651855,7121,-0.12136176228523254,1.0310418605804443,-353654670,1491642150,-353650090,1491654820,0,-8.0350494384765625,-3953,0.75036436319351196,-0.42857959866523743,-42.704414367675781,1453,110.19388580322266,-0.0052218632772564888,-0.45099401473999023,-0.0052218632772564888
220104423,220104423,220104,-353654724,1491653623,12.357542991638184,28.186836242675781,1.221245288848877,6997,-0.12103118747472763,1.0310266017913818,-353654670,1491642150,-353650090,1491654820,0,-7.6672420501708984,-3822,0.74992287158966064,-0.40769496560096741,-42.755905151367188,1190,110.21102905273438,-0.0052218632772564888,-0.42857959866523743,-0.0052218632772564888
220204383,220204383,220204,-353654612,1491653930,12.907858848571777,27.9385986328125,1.2012416124343872,6882,-0.12209692597389221,1.0310238599777222,-353654670,1491642150,-353650090,1491654820,0,-7.3157119750976562,-3692,0.75001919269561768,-0.38798227906227112,-42.745479583740234,912,110.20936584472656,-0.0052218632772564888,-0.40769496560096741,-0.0052218632772564888
220304343,220304343,220304,-353654495,1491654234,13.398960113525391,27.704914093017578,1.1837842464447021,6782,-0.12296765297651291,1.0310075283050537,-353654670,1491642150,-353650090,1491654820,0,-6.9854416847229004,-3566,0.75071275234222412,-0.36961659789085388,-42.673133850097656,619,110.20449829101562,-0.0052218632772564888,-0.38798227906227112,-0.0052218632772564888
220405136,220405136,220405,-353654374,1491654537,13.831282615661621,27.486642837524414,1.1665595769882202,6683,-0.12683384120464325,1.0309858322143555,-353654670,1491642150,-353650090,1491654820,0,-6.6801295280456543,-3447,0.75180065631866455,-0.35279124975204468,-42.556404113769531,308,110.18852996826172,-0.0052218632772564888,-0.36961659789085388,-0.0052218632772564888
220505096,220505096,220505,-353654248,1491654842,14.233619689941406,27.2861328125,1.149388313293457,6585,-0.13133285939693451,1.0309847593307495,-353654670,1491642150,-353650090,1491654820,0,-6.3854522705078125,-3329,0.7534448504447937,-0.33653977513313293,-42.396144866943359,35975,110.20651245117188,-0.0052218632772564888,-0.35279124975204468,-0.0052218632772564888
220605056,220605056,220605,-353654119,1491655142,14.638375282287598,27.072799682617188,1.1329787969589233,6491,-0.13352106511592865,1.0309733152389526,-353654670,1491642150,-353650090,1491654820,0,-6.0756192207336426,-3200,0.75551986694335938,-0.31959819793701172,-42.186962127685547,35627,110.21171569824219,-0.0052218632772564888,-0.33653977513313293,-0.0052218632772564888
220705016,220705016,220705,-353653985,1491655442,15.027342796325684,26.863767623901367,1.117222785949707,6401,-0.13649354875087738,1.0309467315673828,-353654670,1491642150,-353650090,1491654820,0,-5.7642717361450195,-3068,0.75813019275665283,-0.30264177918434143,-41.926898956298828,35258,110.22710418701172,-0.0052218632772564888,-0.31959819793701172,-0.0052218632772564888
220804976,220804976,220804,-353653848,1491655739,15.403343200683594,26.653892517089844,1.1020504236221313,6314,-0.13867358863353729,1.0309493541717529,-353654670,1491642150,-353650090,1491654820,0,-5.4503870010375977,-2929,0.76113247871398926,-0.28565117716789246,-41.625259399414062,34872,110.23931884765625,-0.0052218632772564888,-0.30264177918434143,-0.0052218632772564888
220904936,220904936,220904,-353653708,1491656035,15.744478225708008,26.464349746704102,1.0891915559768677,6240,-0.14133824408054352,1.0309337377548218,-353654670,1491642150,-353650090,1491654820,0,-5.1528162956237793,-2795,0.76453906297683716,-0.26957285404205322,-41.289421081542969,34468,110.27173614501953,-0.0052218632772564888,-0.28565117716789246,-0.0052218632772564888
221004896,221004896,221004,-353653565,1491656327,16.056434631347656,26.276504516601562,1.0759792327880859,6164,-0.14395718276500702,1.0309090614318848,-353650090,1491654820,-353608883,1491649376,0,-18.175876617431641,-6189,-0.19859170913696289,-1.2208784818649292,-9.457855224609375,35277,110.27251434326172,-0.0053935414180159569,-0.26957285404205322,-0.0052218632772564888
221104856,221104856,221104,-353653419,1491656619,16.280651092529297,26.067785263061523,1.0625903606414795,6088,-0.14932705461978912,1.0308915376663208,-353650090,1491654820,-353608931,1491649382,0,-18.244596481323242,-6200,-0.22441768646240234,-1.2369376420974731,-12.267169952392578,35244,110.05863952636719,-0.0053935414180159569,-1.2208784818649292,-0.0053935414180159569
221204816,221204816,221204,-353653272,1491656907,16.388824462890625,25.805875778198242,1.0435764789581299,5979,-0.16499467194080353,1.0308756828308105,-353650090,1491654820,-353608960,1491649386,0,-18.261220932006836,-6208,-0.25056314468383789,-1.2555437088012695,-15.041961669921875,35212,109.47145080566406,-0.0053935414180159569,-1.2369376420974731,-0.0053935414180159569
221304776,221304776,221304,-353653126,1491657189,16.481874465942383,25.395002365112305,1.0299407243728638,5901,-0.18719637393951416,1.0308700799942017,-353650090,1491654820,-353608970,1491649388,0,-18.181526184082031,-6207,-0.27728414535522461,-1.2723941802978516,-17.761760711669922,35180,108.41334533691406,-0.0053935414180159569,-1.2555437088012695,-0.0053935414180159569
221404736,221404736,221404,-353652979,1491657466,16.522684097290039,24.855674743652344,1.026164174079895,5879,-0.20932139456272125,1.0308445692062378,-353650090,1491654820,-353608962,1491649387,0,-18.014562606811523,-6196,-0.30510950088500977,-1.2892347574234009,-20.437166213989258,35149,106.87931823730469,-0.0053935414180159569,-1.2723941802978516,-0.0053935414180159569
221504696,221504696,221504,-353652832,1491657735,16.531990051269531,24.223184585571289,1.0258861780166626,5877,-0.22394593060016632,1.0308295488357544,-353650090,1491654820,-353608939,1491649384,0,-17.783540725708008,-6173,-0.33389711380004883,-1.3058187961578369,-23.040349960327148,35118,105.01937866210938,-0.0053935414180159569,-1.2892347574234009,-0.0053935414180159569
221604656,221604656,221604,-353652685,1491657996,16.725055694580078,23.513240814208984,1.014286994934082,5811,-0.22607457637786865,1.0308046340942383,-353650090,1491654820,-353608902,1491649379,0,-17.541500091552734,-6141,-0.36278200149536133,-1.3153060674667358,-25.571235656738281,35088,103.32868194580078,-0.0053935414180159569,-1.3058187961578369,-0.0053935414180159569
221704616,221704616,221704,-353652534,1491658248,17.39042854309082,22.613897323608398,0.97671079635620117,5596,-0.2161484956741333,1.0307749509811401,-353650090,1491654820,-353608856,1491649373,0,-17.29887580871582,-6102,-0.39061260223388672,-1.3058487176895142,-28.025777816772461,35059,102.15641021728516,-0.0053935414180159569,-1.3153060674667358,-0.0053935414180159569
221804576,221804576,221804,-353652375,1491658488,18.5986328125,21.369264602661133,0.91164910793304443,5223,-0.19852204620838165,1.0307477712631226,-353650090,1491654820,-353608805,1491649366,0,-17.00840950012207,-6052,-0.41685962677001953,-1.2714684009552002,-30.381359100341797,35031,101.44718170166016,-0.0053935414180159569,-1.3058487176895142,-0.0053935414180159569
221904536,221904536,221904,-353652202,1491658712,20.143482208251953,19.685691833496094,0.8271757960319519,4739,-0.17700186371803284,1.030720591545105,-353650090,1491654820,-353608757,1491649359,0,-16.593713760375977,-5981,-0.44195127487182617,-1.2158561944961548,-32.609027862548828,35004,100.85970306396484,-0.0053935414180159569,-1.2714684009552002,-0.0053935414180159569
222004496,222004496,222004,-353652015,1491658915,21.706653594970703,17.726280212402344,0.73709350824356079,4223,-0.15422742068767548,1.0306986570358276,-353650090,1491654820,-353608715,1491649354,0,-16.073879241943359,-5891,-0.46539211273193359,-1.1501905918121338,-34.664501190185547,34979,100.35709381103516,-0.0053935414180159569,-1.2158561944961548,-0.0053935414180159569
222104456,222104456,222104,-353651815,1491659096,23.08477783203125,15.736064910888672,0.65277034044265747,3740,-0.13356944918632507,1.0306684970855713,-353650090,1491654820,-353608680,1491649349,0,-15.522043228149414,-5794,-0.48656749725341797,-1.0848814249038696,-36.536445617675781,34956,100.04552459716797,-0.0053935414180159569,-1.1501905918121338,-0.0053935414180159569
222204416,222204416,222204,-353651603,1491659256,24.187528610229492,13.952454566955566,0.58195263147354126,3334,-0.1187952384352684,1.0306612253189087,-353650090,1491654820,-353608649,1491649345,0,-15.025583267211914,-5705,-0.50507068634033203,-1.0282905101776123,-38.233390808105469,34934,99.992752075195312,-0.0053935414180159569,-1.0848814249038696,-0.0053935414180159569
222304376,222304376,222304,-353651382,1491659398,25.055326461791992,12.48983097076416,0.52599531412124634,3013,-0.11109805852174759,1.030630350112915,-353650090,1491654820,-353608620,1491649341,0,-14.639684677124023,-5634,-0.52073240280151367,-0.98317146301269531,-39.77850341796875,34914,100.25260925292969,-0.0053935414180159569,-1.0282905101776123,-0.0053935414180159569
222404336,222404336,222404,-353651154,1491659526,25.790042877197266,11.337196350097656,0.48200121521949768,2761,-0.1092238649725914,1.0306253433227539,-353650090,1491654820,-353608588,1491649337,0,-14.373907089233398,-5585,-0.53347349166870117,-0.94764184951782227,-41.205745697021484,34895,100.88334655761719,-0.0053935414180159569,-0.98317146301269531,-0.0053935414180159569
222505129,222505129,222505,-353650919,1491659644,26.45396614074707,10.476338386535645,0.4479917585849762,2566,-0.11323055624961853,1.0306012630462646,-353650090,1491654820,-353608550,1491649332,0,-14.229992866516113,-5559,-0.54354238510131836,-0.92061448097229004,-42.551002502441406,34877,101.88935852050781,-0.0053935414180159569,-0.94764184951782227,-0.0053935414180159569
222605089,222605089,222605,-353650677,1491659755,27.085245132446289,9.8087072372436523,0.42071118950843811,2410,-0.12028680741786957,1.0305953025817871,-353650090,1491654820,-353608504,1491649326,0,-14.168215751647949,-5550,-0.55168008804321289,-0.89913046360015869,-43.841442108154297,34860,103.15611267089844,-0.0053935414180159569,-0.92061448097229004,-0.0053935414180159569
222705049,222705049,222705,-353650428,1491659859,27.687740325927734,9.243250846862793,0.39709159731864929,2275,-0.12938490509986877,1.0305662155151367,-353650090,1491654820,-353608448,1491649319,0,-14.144920349121094,-5549,-0.5585780143737793,-0.8807837963104248,-45.077091217041016,34843,104.52854156494141,-0.0053935414180159569,-0.89913046360015869,-0.0053935414180159569
222805009,222805009,222805,-353650174,1491659958,28.261817932128906,8.6871576309204102,0.37296411395072937,2136,-0.13898099958896637,1.0305498838424683,-353650090,1491654820,-353608381,1491649310,0,-14.117880821228027,-5547,-0.56502103805541992,-0.8632361888885498,-46.273468017578125,34826,105.87838745117188,-0.0053935414180159569,-0.8807837963104248,-0.0053935414180159569
222904969,222904969,222904,-353649914,1491660051,28.835048675537109,8.0828866958618164,0.34887063503265381,1998,-0.14479714632034302,1.0305334329605103,-353650090,1491654820,-353608303,1491649299,0,-14.062520980834961,-5539,-0.57079839706420898,-0.84409874677658081,-47.422832489013672,34810,107.23802947998047,-0.0053935414180159569,-0.8632361888885498,-0.0053935414180159569
223004929,223004929,223004,-353649649,1491660136,29.402280807495117,7.3875417709350586,0.32156422734260559,1842,-0.14868439733982086,1.0305274724960327,-353650090,1491654820,-353608215,1491649288,0,-13.953848838806152,-5519,-0.57590532302856445,-0.82206714153289795,-48.506038665771484,34795,108.56178283691406,-0.0053935414180159569,-0.84409874677658081,-0.0053935414180159569
223104889,223104889,223104,-353649378,1491660214,29.98716926574707,6.5029144287109375,0.28659114241600037,1642,-0.14726373553276062,1.0305018424987793,-353650090,1491654820,-353608117,1491649275,0,-13.748302459716797,-5479,-0.58037042617797852,-0.79392045736312866,-49.533180236816406,34780,109.87960052490234,-0.0053935414180159569,-0.82206714153289795,-0.0053935414180159569
223204849,223204849,223204,-353649103,1491660280,30.575048446655273,5.3554530143737793,0.24397492408752441,1397,-0.14113494753837585,1.0304762125015259,-353650090,1491654820,-353608013,1491649261,0,-13.397883415222168,-5407,-0.58388948440551758,-0.75728821754455566,-50.456821441650391,34766,111.15571594238281,-0.0053935414180159569,-0.79392045736312866,-0.0053935414180159569
223304809,223304809,223304,-353648822,1491660332,31.129762649536133,3.9260363578796387,0.19355206191539764,1108,-0.12867185473442078,1.0304646492004395,-353650090,1491654820,-353607904,1491649247,0,-12.879176139831543,-5294,-0.58646535873413086,-0.7119213342666626,-51.261165618896484,34754,112.35831451416016,-0.0053935414180159569,-0.75728821754455566,-0.0053935414180159569
223404769,223404769,223404,-353648537,1491660367,31.615777969360352,2.2446870803833008,0.13782477378845215,789,-0.10904847085475922,1.0304421186447144,-353650090,1491654820,-353607792,1491649232,0,-12.189347267150879,-5134,-0.58780241012573242,-0.65868234634399414,-51.916946411132812,34744,113.50067138671875,-0.0053935414180159569,-0.7119213342666626,-0.0053935414180159569
223504729,223504729,223504,-353648250,1491660381,31.953346252441406,0.3682728111743927,0.077451243996620178,443,-0.086027078330516815,1.0304336547851562,-353650090,1491654820,-353607682,1491649217,0,-11.33295726776123,-4923,-0.58823060989379883,-0.59975540637969971,-52.385669708251953,34735,114.43210601806641,-0.0053935414180159569,-0.65868234634399414,-0.0053935414180159569
223604689,223604689,223604,-353647962,1491660374,32.120895385742188,-1.5863344669342041,0.015467707999050617,88,-0.062336709350347519,1.0304087400436401,-353650090,1491654820,-353607572,1491649203,0,-10.360134124755859,-4662,-0.58768081665039062,-0.53833436965942383,-52.665756225585938,34729,115.16468811035156,-0.0053935414180159569,-0.59975540637969971,-0.0053935414180159569
223704649,223704649,223704,-353647674,1491660344,32.105312347412109,-3.5410761833190918,-0.044017568230628967,35748,-0.037751801311969757,1.0304079055786133,-353650090,1491654820,-353607465,1491649189,0,-9.3050775527954102,-4351,-0.58615636825561523,-0.47630459070205688,-52.738353729248047,34725,115.66587829589844,-0.0053935414180159569,-0.53833436965942383,-0.0053935414180159569
223804609,223804609,223804,-353647388,1491660295,31.956562042236328,-5.2655143737792969,-0.094136916100978851,35461,-0.017426710575819016,1.0304027795791626,-353650090,1491654820,-353607359,1491649175,0,-8.306879997253418,-4027,-0.58379364013671875,-0.42048987746238708,-52.637119293212891,34724,115.97904968261719,-0.0053935414180159569,-0.47630459070205688,-0.0053935414180159569
223904569,223904569,223904,-353647104,1491660228,31.761337280273438,-6.5874390602111816,-0.13056878745555878,35252,-0.0057289162650704384,1.0303949117660522,-353650090,1491654820,-353607252,1491649161,0,-7.4827156066894531,-3734,-0.58044004440307617,-0.37593543529510498,-52.3709716796875,34724,116.15744018554688,-0.0053935414180159569,-0.42048987746238708,-0.0053935414180159569
224004529,224004529,224004,-353646822,1491660150,31.624628067016602,-7.3926653861999512,-0.15102207660675049,35135,-0.0087468000128865242,1.0304062366485596,-353650090,1491654820,-353607141,1491649146,0,-6.9329261779785156,-3525,-0.57628917694091797,-0.34664994478225708,-52.003414154052734,34726,116.30043029785156,-0.0053935414180159569,-0.37593543529510498,-0.0053935414180159569
224104489,224104489,224104,-353646540,1491660068,31.562307357788086,-7.682551383972168,-0.15774668753147125,35097,-0.025200914591550827,1.0304003953933716,-353650090,1491654820,-353607019,1491649130,0,-6.6821126937866211,-3427,-0.57230663299560547,-0.33354079723358154,-51.599506378173828,34728,116.32424926757812,-0.0053935414180159569,-0.34664994478225708,-0.0053935414180159569
224204449,224204449,224204,-353646259,1491659985,31.519313812255859,-7.616976261138916,-0.15714319050312042,35100,-0.052037600427865982,1.0303984880447388,-353650090,1491654820,-353606887,1491649112,0,-6.6426658630371094,-3414,-0.56921815872192383,-0.33210372924804688,-51.185840606689453,34731,116.11927795410156,-0.0053935414180159569,-0.33354079723358154,-0.0053935414180159569
224304409,224304409,224304,-353645978,1491659903,31.402379989624023,-7.420534610748291,-0.15717129409313202,35100,-0.081788070499897003,1.0304102897644043,-353650090,1491654820,-353606742,1491649093,0,-6.6786603927612305,-3434,-0.56773567199707031,-0.33568757772445679,-50.780719757080078,34734,115.54850769042969,-0.0053935414180159569,-0.33210372924804688,-0.0053935414180159569
224404369,224404369,224404,-353645698,1491659825,31.178401947021484,-7.2112650871276855,-0.15813532471656799,35094,-0.1112200990319252,1.0304008722305298,-353650090,1491654820,-353606586,1491649073,0,-6.7224001884460449,-3459,-0.56818723678588867,-0.34089347720146179,-50.410121917724609,34736,114.59688568115234,-0.0053935414180159569,-0.33568757772445679,-0.0053935414180159569
224504329,224504329,224504,-353645421,1491659748,30.834972381591797,-7.0678019523620605,-0.16207471489906311,35072,-0.13617680966854095,1.0303921699523926,-353650090,1491654820,-353606423,1491649051,0,-6.7217373847961426,-3467,-0.5702967643737793,-0.34497493505477905,-50.04583740234375,34739,113.28315734863281,-0.0053935414180159569,-0.34089347720146179,-0.0053935414180159569
224605122,224605122,224605,-353645148,1491659673,30.385808944702148,-6.9931731224060059,-0.16684570908546448,35045,-0.15839506685733795,1.0303879976272583,-353650090,1491654820,-353606253,1491649029,0,-6.6763052940368652,-3458,-0.57395696640014648,-0.34774982929229736,-49.694038391113281,34742,111.65570068359375,-0.0053935414180159569,-0.34497493505477905,-0.0053935414180159569
224705082,224705082,224705,-353644874,1491659598,29.839252471923828,-6.9514741897583008,-0.17011868953704834,35026,-0.17793333530426025,1.0303645133972168,-353650090,1491654820,-353606074,1491649005,0,-6.6067295074462891,-3439,-0.57919931411743164,-0.3503175675868988,-49.344169616699219,34745,109.71525573730469,-0.0053935414180159569,-0.34774982929229736,-0.0053935414180159569
224805042,224805042,224805,-353644608,1491659523,29.215539932250977,-6.9100093841552734,-0.17215459048748016,35014,-0.19707761704921722,1.0303587913513184,-353650090,1491654820,-353605896,1491648981,0,-6.5313615798950195,-3418,-0.58582162857055664,-0.35357123613357544,-48.984931945800781,34748,107.50691986083984,-0.0053935414180159569,-0.3503175675868988,-0.0053935414180159569
224905002,224905002,224905,-353644347,1491659449,28.577598571777344,-6.8555517196655273,-0.17351227998733521,35006,-0.21664895117282867,1.0303276777267456,-353650090,1491654820,-353605715,1491648957,0,-6.4636163711547852,-3401,-0.59305906295776367,-0.35761570930480957,-48.628379821777344,34751,105.23944854736328,-0.0053935414180159569,-0.35357123613357544,-0.0053935414180159569
225004962,225004962,225004,-353644091,1491659375,27.997587203979492,-6.8091821670532227,-0.17483876645565033,34999,-0.23634141683578491,1.0303153991699219,-353650090,1491654820,-353605532,1491648933,0,-6.3932185173034668,-3384,-0.59949398040771484,-0.36091968417167664,-48.265579223632812,34755,103.18150329589844,-0.0053935414180159569,-0.35761570930480957,-0.0053935414180159569
225104922,225104922,225104,-353643840,1491659302,27.527894973754883,-6.7823238372802734,-0.17621074616909027,34991,-0.2556932270526886,1.0302770137786865,-353650090,1491654820,-353605349,1491648909,0,-6.317807674407959,-3365,-0.60412311553955078,-0.36255425214767456,-47.905826568603516,34758,101.52490997314453,-0.0053935414180159569,-0.36091968417167664,-0.0053935414180159569
225204882,225204882,225204,-353643593,1491659229,27.191720962524414,-6.7994565963745117,-0.17947940528392792,34972,-0.27395361661911011,1.0302594900131226,-353650090,1491654820,-353605165,1491648885,0,-6.222346305847168,-3338,-0.60614824295043945,-0.36111694574356079,-47.541118621826172,34762,100.37130737304688,-0.0053935414180159569,-0.36255425214767456,-0.0053935414180159569
225304842,225304842,225304,-353643348,1491659156,26.994585037231445,-6.898900032043457,-0.1860683411359787,34934,-0.28877735137939453,1.0302355289459229,-353650090,1491654820,-353604978,1491648860,0,-6.0849194526672363,-3291,-0.60520315170288086,-0.35499298572540283,-47.174762725830078,34766,99.774185180664062,-0.0053935414180159569,-0.36111694574356079,-0.0053935414180159569
225404802,225404802,225404,-353643104,1491659080,26.910497665405273,-7.1383652687072754,-0.19813446700572968,34865,-0.29709520936012268,1.0301885604858398,-353650090,1491654820,-353604790,1491648835,0,-5.863914966583252,-3201,-0.60112237930297852,-0.3418307900428772,-46.779991149902344,34770,99.698875427246094,-0.0053935414180159569,-0.35499298572540283,-0.0053935414180159569
225504762,225504762,225504,-353642863,1491659001,26.877573013305664,-7.5233588218688965,-0.21489600837230682,34769,-0.29767274856567383,1.0301533937454224,-353650090,1491654820,-353604603,1491648811,0,-5.5503811836242676,-3062,-0.59496402740478516,-0.32203686237335205,-46.353408813476562,34775,99.94769287109375,-0.0053935414180159569,-0.3418307900428772,-0.0053935414180159569
225604722,225604722,225604,-353642622,1491658918,26.864952087402344,-8.0824441909790039,-0.23796521127223969,34637,-0.28844654560089111,1.0301328897476196,-353650090,1491654820,-353604413,1491648786,0,-5.1226334571838379,-2858,-0.58710575103759766,-0.29486522078514099,-45.891502380371094,34780,100.46257019042969,-0.0053935414180159569,-0.32203686237335205,-0.0053935414180159569
225704682,225704682,225704,-353642381,1491658827,26.855382919311523,-8.7894830703735352,-0.264565110206604,34485,-0.26995629072189331,1.0300883054733276,-353650090,1491654820,-353604223,1491648760,0,-4.5856451988220215,-2588,-0.57754373550415039,-0.26124227046966553,-45.358818054199219,34786,101.1884765625,-0.0053935414180159569,-0.29486522078514099,-0.0053935414180159569
225804642,225804642,225804,-353642141,1491658728,26.824817657470703,-9.596928596496582,-0.29376402497291565,34317,-0.24512222409248352,1.0300534963607788,-353650090,1491654820,-353604033,1491648735,0,-3.9630320072174072,-2261,-0.56681299209594727,-0.22323934733867645,-44.751331329345703,34793,102.02178192138672,-0.0053935414180159569,-0.26124227046966553,-0.0053935414180159569
225904602,225904602,225904,-353641902,1491658620,26.775407791137695,-10.402375221252441,-0.32091805338859558,34162,-0.21910817921161652,1.0300295352935791,-353650090,1491654820,-353603843,1491648710,0,-3.3168487548828125,-1911,-0.55538225173950195,-0.18482452630996704,-44.061416625976562,34801,102.86422729492188,-0.0053935414180159569,-0.22323934733867645,-0.0053935414180159569
226004562,226004562,226004,-353641663,1491658503,26.723432540893555,-11.080001831054688,-0.34266349673271179,34037,-0.19971190392971039,1.0299853086471558,-353650090,1491654820,-353603653,1491648685,0,-2.7303895950317383,-1585,-0.54382705688476562,-0.15078312158584595,-43.290260314941406,34810,103.59567260742188,-0.0053935414180159569,-0.18482452630996704,-0.0053935414180159569
226104522,226104522,226104,-353641425,1491658380,26.697036743164062,-11.556833267211914,-0.35752800107002258,33952,-0.1898512989282608,1.0299723148345947,-353650090,1491654820,-353603462,1491648660,0,-2.2612090110778809,-1321,-0.53255939483642578,-0.12402656674385071,-42.463546752929688,34821,104.17483520507812,-0.0053935414180159569,-0.15078312158584595,-0.0053935414180159569
226204482,226204482,226204,-353641186,1491658253,26.696384429931641,-11.818478584289551,-0.36637747287750244,33901,-0.19213567674160004,1.0299488306045532,-353650090,1491654820,-353603267,1491648634,0,-1.9264094829559326,-1131,-0.52197599411010742,-0.1052095890045166,-41.602668762207031,34831,104.54845428466797,-0.0053935414180159569,-0.12402656674385071,-0.0053935414180159569
226304442,226304442,226304,-353640947,1491658124,26.713920593261719,-11.897242546081543,-0.37302029132843018,33863,-0.20424164831638336,1.0299246311187744,-353650090,1491654820,-353603071,1491648608,0,-1.7090728282928467,-1009,-0.51213598251342773,-0.093149542808532715,-40.723533630371094,34842,104.72031402587891,-0.0053935414180159569,-0.1052095890045166,-0.0053935414180159569
226404402,226404402,226404,-353640708,1491657995,26.689271926879883,-11.878621101379395,-0.37941107153892517,33827,-0.21963450312614441,1.0299147367477417,-353650090,1491654820,-353602871,1491648582,0,-1.5528503656387329,-921,-0.503448486328125,-0.084700912237167358,-39.843498229980469,34853,104.612548828125,-0.0053935414180159569,-0.093149542808532715,-0.0053935414180159569
226504362,226504362,226504,-353640469,1491657866,26.588033676147461,-11.816473007202148,-0.38645645976066589,33786,-0.23348286747932434,1.0298926830291748,-353650090,1491654820,-353602668,1491648555,0,-1.4207569360733032,-847,-0.49600553512573242,-0.077794909477233887,-38.964492797851562,34864,104.19086456298828,-0.0053935414180159569,-0.084700912237167358,-0.0053935414180159569
226604322,226604322,226604,-353640232,1491657738,26.406246185302734,-11.737273216247559,-0.39356532692909241,33746,-0.24360151588916779,1.0298579931259155,-353650090,1491654820,-353602465,1491648528,0,-1.2958850860595703,-775,-0.48969411849975586,-0.071433007717132568,-38.092147827148438,34875,103.48081207275391,-0.0053935414180159569,-0.077794909477233887,-0.0053935414180159569
226705115,226705115,226705,-353639994,1491657610,26.140169143676758,-11.645659446716309,-0.39999592304229736,33709,-0.25080052018165588,1.0298408269882202,-353650090,1491654820,-353602258,1491648501,0,-1.1734189987182617,-704,-0.48441934585571289,-0.06530684232711792,-37.22003173828125,34886,102.47691345214844,-0.0053935414180159569,-0.071433007717132568,-0.0053935414180159569
226805075,226805075,226805,-353639761,1491657484,25.820680618286133,-11.553774833679199,-0.40511554479598999,33679,-0.25728824734687805,1.0298048257827759,-353650090,1491654820,-353602053,1491648474,0,-1.0499846935272217,-631,-0.47985076904296875,-0.059109538793563843,-36.3604736328125,34897,101.29808044433594,-0.0053935414180159569,-0.06530684232711792,-0.0053935414180159569
226905035,226905035,226905,-353639530,1491657358,25.526744842529297,-11.478577613830566,-0.40882647037506104,33658,-0.26464739441871643,1.0297772884368896,-353650090,1491654820,-353601849,1491648447,0,-0.91712701320648193,-553,-0.47475337982177734,-0.052175015211105347,-35.498779296875,34908,100.22747802734375,-0.0053935414180159569,-0.059109538793563843,-0.0053935414180159569
227004995,227004995,227004,-353639300,1491657232,25.290239334106445,-11.426671981811523,-0.4109053909778595,33646,-0.27364686131477356,1.0297446250915527,-353650090,1491654820,-353601643,1491648420,0,-0.77277475595474243,-467,-0.46870040893554688,-0.044332623481750488,-34.635383605957031,34920,99.378990173339844,-0.0053935414180159569,-0.052175015211105347,-0.0053935414180159569
227104955,227104955,227104,-353639071,1491657106,25.124073028564453,-11.398899078369141,-0.41272583603858948,33636,-0.2830536961555481,1.0297226905822754,-353650090,1491654820,-353601436,1491648392,0,-0.61813813447952271,-375,-0.46159648895263672,-0.035666584968566895,-33.772499084472656,34931,98.7958984375,-0.0053935414180159569,-0.044332623481750488,-0.0053935414180159569
227204915,227204915,227204,-353638844,1491656981,25.008758544921875,-11.401468276977539,-0.41477200388908386,33624,-0.28799453377723694,1.0296921730041504,-353650090,1491654820,-353601230,1491648365,0,-0.4481789767742157,-272,-0.45370388031005859,-0.025955110788345337,-32.914546966552734,34942,98.423820495605469,-0.0053935414180159569,-0.035666584968566895,-0.0053935414180159569
227304875,227304875,227304,-353638617,1491656855,24.94804573059082,-11.436883926391602,-0.41700971126556396,33611,-0.2852691113948822,1.0296733379364014,-353650090,1491654820,-353601022,1491648337,0,-0.25976300239562988,-158,-0.44490528106689453,-0.01506456732749939,-32.049064636230469,34953,98.278823852539062,-0.0053935414180159569,-0.025955110788345337,-0.0053935414180159569
227404835,227404835,227404,-353638391,1491656728,24.91639518737793,-11.480524063110352,-0.41921660304069519,33599,-0.27621185779571533,1.0296308994293213,-353650090,1491654820,-353600813,1491648310,0,-0.065859891474246979,-39,-0.43558835983276367,-0.0038207769393920898,-31.171039581298828,34965,98.241096496582031,-0.0053935414180159569,-0.01506456732749939,-0.0053935414180159569
227504795,227504795,227504,-353638166,1491656602,24.901147842407227,-11.521221160888672,-0.4223962128162384,33580,-0.26336583495140076,1.029593825340271,-353650090,1491654820,-353600604,1491648282,0,0.12229957431554794,74,-0.42625284194946289,0.007094264030456543,-30.302928924560547,34976,98.252616882324219,-0.0053935414180159569,-0.0038207769393920898,-0.0053935414180159569
227604755,227604755,227604,-353637942,1491656475,24.901239395141602,-11.550314903259277,-0.42536860704421997,33563,-0.25081858038902283,1.0295777320861816,-353650090,1491654820,-353600395,1491648255,0,0.30373528599739075,183,-0.41669607162475586,0.017611712217330933,-29.422466278076172,34988,98.296707153320312,-0.0053935414180159569,0.007094264030456543,-0.0053935414180159569
227704715,227704715,227704,-353637718,1491656349,24.902217864990234,-11.540714263916016,-0.42687532305717468,33555,-0.24168413877487183,1.0295354127883911,-353650090,1491654820,-353600184,1491648227,0,0.45700886845588684,274,-0.4074711799621582,0.026503860950469971,-28.55259895324707,34999,98.285430908203125,-0.0053935414180159569,0.017611712217330933,-0.0053935414180159569
227804675,227804675,227804,-353637495,1491656223,24.849258422851562,-11.469194412231445,-0.42866715788841248,33544,-0.23569746315479279,1.0295114517211914,-353650090,1491654820,-353599973,1491648199,0,0.57348352670669556,344,-0.39906215667724609,0.033355891704559326,-27.681550979614258,35011,98.005790710449219,-0.0053935414180159569,0.026503860950469971,-0.0053935414180159569
227904635,227904635,227904,-353637272,1491656098,24.706487655639648,-11.344491958618164,-0.43063303828239441,33533,-0.23130370676517487,1.0294933319091797,-353650090,1491654820,-353599761,1491648171,0,0.66002047061920166,395,-0.39180564880371094,0.038648426532745361,-26.819236755371094,35022,97.354637145996094,-0.0053935414180159569,0.033355891704559326,-0.0053935414180159569
228004595,228004595,228004,-353637052,1491655975,24.463310241699219,-11.171411514282227,-0.43177306652069092,33527,-0.22849448025226593,1.029472827911377,-353650090,1491654820,-353599551,1491648143,0,0.71947520971298218,430,-0.38578701019287109,0.042591392993927002,-25.971996307373047,35033,96.304832458496094,-0.0053935414180159569,0.038648426532745361,-0.0053935414180159569
228104555,228104555,228104,-353636834,1491655854,24.113552093505859,-10.94687557220459,-0.43186569213867188,33526,-0.22844770550727844,1.0294530391693115,-353650090,1491654820,-353599341,1491648115,0,0.7503974437713623,449,-0.38103866577148438,0.045113623142242432,-25.140439987182617,35044,94.831764221191406,-0.0053935414180159569,0.042591392993927002,-0.0053935414180159569
228204515,228204515,228204,-353636620,1491655736,23.655424118041992,-10.678821563720703,-0.43158558011054993,33528,-0.23355850577354431,1.0294215679168701,-353650090,1491654820,-353599134,1491648088,0,0.75742566585540771,453,-0.37758111953735352,0.046463310718536377,-24.329792022705078,35055,92.941352844238281,-0.0053935414180159569,0.045113623142242432,-0.0053935414180159569
228304475,228304475,228304,-353636411,1491655621,23.117927551269531,-10.384890556335449,-0.43120226263999939,33530,-0.24367703497409821,1.0294016599655151,-353650090,1491654820,-353598932,1491648061,0,0.74929141998291016,450,-0.37512731552124023,0.047072529792785645,-23.541807174682617,35066,90.754135131835938,-0.0053935414180159569,0.046463310718536377,-0.0053935414180159569
228404435,228404435,228404,-353636207,1491655509,22.554496765136719,-10.090548515319824,-0.43074849247932434,33532,-0.25742015242576599,1.0293910503387451,-353650090,1491654820,-353598733,1491648035,0,0.73944222927093506,445,-0.37303018569946289,0.047647178173065186,-22.773500442504883,35076,88.481857299804688,-0.0053935414180159569,0.047072529792785645,-0.0053935414180159569
228504395,228504395,228504,-353636008,1491655400,21.998943328857422,-9.8065462112426758,-0.42992806434631348,33537,-0.27183705568313599,1.0293642282485962,-353650090,1491654820,-353598539,1491648009,0,0.73146092891693115,442,-0.37098073959350586,0.048352718353271484,-22.027902603149414,35086,86.250640869140625,-0.0053935414180159569,0.047647178173065186,-0.0053935414180159569
228604355,228604355,228604,-353635813,1491655295,21.480281829833984,-9.5373849868774414,-0.42852881550788879,33545,-0.282481849193573,1.0293264389038086,-353650090,1491654820,-353598347,1491647984,0,0.72516506910324097,440,-0.36873197555541992,0.049126863479614258,-21.311843872070312,35096,84.161888122558594,-0.0053935414180159569,0.048352718353271484,-0.0053935414180159569
228704315,228704315,228704,-353635623,1491655192,21.022001266479492,-9.2852115631103516,-0.42635151743888855,33558,-0.28522920608520508,1.0293053388595581,-353650090,1491654820,-353598161,1491647959,0,0.72261017560958862,439,-0.36585760116577148,0.050064653158187866,-20.609825134277344,35105,82.295692443847656,-0.0053935414180159569,0.049126863479614258,-0.0053935414180159569
228805108,228805108,228805,-353635435,1491655090,20.629776000976562,-9.0476436614990234,-0.42333933711051941,33575,-0.27800804376602173,1.0292752981185913,-353650090,1491654820,-353597975,1491647935,0,0.7239958643913269,439,-0.36213588714599609,0.0511741042137146,-19.911964416503906,35115,80.667434692382812,-0.0053935414180159569,0.050064653158187866,-0.0053935414180159569
228905068,228905068,228905,-353635251,1491654992,20.307235717773438,-8.8267002105712891,-0.4197210967540741,33596,-0.26167479157447815,1.0292518138885498,-353650090,1491654820,-353597793,1491647911,0,0.72486567497253418,437,-0.35789728164672852,0.052124977111816406,-19.246738433837891,35124,79.292327880859375,-0.0053935414180159569,0.0511741042137146,-0.0053935414180159569
229005028,229005028,229005,-353635069,1491654895,20.018226623535156,-8.6111259460449219,-0.41574591398239136,33618,-0.23918724060058594,1.0292336940765381,-353650090,1491654820,-353597613,1491647887,0,0.72528445720672607,435,-0.353240966796875,0.052995562553405762,-18.588832855224609,35132,78.036003112792969,-0.0053935414180159569,0.052124977111816406,-0.0053935414180159569
229104988,229104988,229104,-353634888,1491654801,19.739604949951172,-8.3967418670654297,-0.41175422072410583,33641,-0.21496626734733582,1.0292052030563354,-353650090,1491654820,-353597433,1491647863,0,0.72101002931594849,430,-0.34866857528686523,0.053519949316978455,-17.956817626953125,35141,76.816734313964844,-0.0053935414180159569,0.052995562553405762,-0.0053935414180159569
229204948,229204948,229204,-353634711,1491654709,19.445882797241211,-8.1794290542602539,-0.40802258253097534,33663,-0.19345614314079285,1.0291858911514282,-353650090,1491654820,-353597257,1491647840,0,0.71389931440353394,424,-0.34427452087402344,0.053884655237197876,-17.336868286132812,35149,75.544845581054688,-0.0053935414180159569,0.053519949316978455,-0.0053935414180159569
229304908,229304908,229304,-353634536,1491654619,19.134366989135742,-7.9634275436401367,-0.40474611520767212,33681,-0.17820601165294647,1.0291783809661865,-353650090,1491654820,-353597082,1491647817,0,0.70607948303222656,418,-0.34013223648071289,0.054248139262199402,-16.732925415039062,35158,74.217201232910156,-0.0053935414180159569,0.053884655237197876,-0.0053935414180159569
229404868,229404868,229404,-353634364,1491654531,18.804523468017578,-7.7525792121887207,-0.40193864703178406,33698,-0.17090088129043579,1.0291516780853271,-353650090,1491654820,-353596910,1491647794,0,0.70011526346206665,414,-0.33623075485229492,0.054809749126434326,-16.144495010375977,35165,72.836997985839844,-0.0053935414180159569,0.054248139262199402,-0.0053935414180159569
229504828,229504828,229504,-353634194,1491654446,18.467920303344727,-7.5526494979858398,-0.39951074123382568,33711,-0.17120946943759918,1.0291492938995361,-353650090,1491654820,-353596740,1491647772,0,0.69777870178222656,413,-0.3325190544128418,0.055688142776489258,-15.578807830810547,35173,71.450019836425781,-0.0053935414180159569,0.054809749126434326,-0.0053935414180159569
229604788,229604788,229604,-353634029,1491654363,18.131755828857422,-7.3634791374206543,-0.39737528562545776,33724,-0.1770915687084198,1.0291342735290527,-353650090,1491654820,-353596575,1491647750,0,0.69974386692047119,414,-0.32882356643676758,0.056938380002975464,-15.026966094970703,35181,70.079582214355469,-0.0053935414180159569,0.055688142776489258,-0.0053935414180159569
229704748,229704748,229704,-353633867,1491654282,17.801515579223633,-7.1844639778137207,-0.39534029364585876,33735,-0.18527063727378845,1.029110312461853,-353650090,1491654820,-353596412,1491647728,0,0.70503687858581543,418,-0.32510852813720703,0.058486372232437134,-14.490318298339844,35188,68.74285888671875,-0.0053935414180159569,0.056938380002975464,-0.0053935414180159569
229804708,229804708,229804,-353633708,1491654204,17.488180160522461,-7.0145153999328613,-0.39317232370376587,33748,-0.1922684907913208,1.0290988683700562,-353650090,1491654820,-353596252,1491647707,0,0.7110830545425415,422,-0.32135629653930664,0.060098469257354736,-13.975542068481445,35195,67.474746704101562,-0.0053935414180159569,0.058486372232437134,-0.0053935414180159569
229904668,229904668,229904,-353633553,1491654127,17.19843864440918,-6.8523378372192383,-0.3906918466091156,33762,-0.19512325525283813,1.0290957689285278,-353650090,1491654820,-353596096,1491647687,0,0.71989679336547852,427,-0.31722259521484375,0.061927720904350281,-13.463726043701172,35202,66.295730590820312,-0.0053935414180159569,0.060098469257354736,-0.0053935414180159569
230004628,230004628,230004,-353633400,1491654052,16.936038970947266,-6.6953539848327637,-0.38776934146881104,33779,-0.19196473062038422,1.0290826559066772,-353650090,1491654820,-353595942,1491647666,0,0.72633928060531616,431,-0.31295585632324219,0.063519507646560669,-12.971048355102539,35208,65.214981079101562,-0.0053935414180159569,0.061927720904350281,-0.0053935414180159569
230104588,230104588,230104,-353633250,1491653979,16.697799682617188,-6.5412006378173828,-0.38438346982002258,33798,-0.18250443041324615,1.0290697813034058,-353650090,1491654820,-353595791,1491647646,0,0.73058700561523438,433,-0.30848169326782227,0.064883798360824585,-12.491186141967773,35215,64.218963623046875,-0.0053935414180159569,0.063519507646560669,-0.0053935414180159569
230204548,230204548,230204,-353633102,1491653908,16.475481033325195,-6.3864493370056152,-0.38053900003433228,33820,-0.16797544062137604,1.0290476083755493,-353650090,1491654820,-353595641,1491647627,0,0.73102104663848877,432,-0.3039093017578125,0.0658913254737854,-12.024565696716309,35221,63.275962829589844,-0.0053935414180159569,0.064883798360824585,-0.0053935414180159569
230304508,230304508,230304,-353632956,1491653838,16.258600234985352,-6.2289624214172363,-0.37638369202613831,33844,-0.15060177445411682,1.0290325880050659,-353650090,1491654820,-353595494,1491647607,0,0.72717243432998657,428,-0.29934835433959961,0.066520392894744873,-11.568487167358398,35228,62.348464965820312,-0.0053935414180159569,0.0658913254737854,-0.0053935414180159569
230404468,230404468,230404,-353632811,1491653770,16.038061141967773,-6.0675053596496582,-0.37213441729545593,33868,-0.13295744359493256,1.029025673866272,-353650090,1491654820,-353595347,1491647588,0,0.7187080979347229,422,-0.29492044448852539,0.066756963729858398,-11.126458168029785,35234,61.404674530029297,-0.0053935414180159569,0.066520392894744873,-0.0053935414180159569
230504428,230504428,230504,-353632669,1491653704,15.809083938598633,-5.9044537544250488,-0.36800816655158997,33892,-0.11745668202638626,1.0290250778198242,-353650090,1491654820,-353595203,1491647569,0,0.7070235013961792,415,-0.29071283340454102,0.066728934645652771,-10.700011253356934,35239,60.43170166015625,-0.0053935414180159569,0.066756963729858398,-0.0053935414180159569
230604388,230604388,230604,-353632528,1491653639,15.571455001831055,-5.7424921989440918,-0.36412560939788818,33914,-0.10592032223939896,1.0290024280548096,-353650090,1491654820,-353595060,1491647550,0,0.69521278142929077,407,-0.28659152984619141,0.066717788577079773,-10.281780242919922,35245,59.432125091552734,-0.0053935414180159569,0.066728934645652771,-0.0053935414180159569
230704348,230704348,230704,-353632390,1491653576,15.328790664672852,-5.585963249206543,-0.36055293679237366,33935,-0.099189847707748413,1.029004693031311,-353650090,1491654820,-353594920,1491647531,0,0.68443286418914795,401,-0.28263664245605469,0.066817581653594971,-9.8791713714599609,35250,58.423313140869141,-0.0053935414180159569,0.066717788577079773,-0.0053935414180159569
230805141,230805141,230805,-353632254,1491653515,15.085874557495117,-5.4366245269775391,-0.35726121068000793,33954,-0.097044326364994049,1.0290024280548096,-353650090,1491654820,-353594783,1491647513,0,0.67589813470840454,396,-0.27875661849975586,0.067133992910385132,-9.4904909133911133,35256,57.423271179199219,-0.0053935414180159569,0.066817581653594971,-0.0053935414180159569
230905101,230905101,230905,-353632117,1491653454,14.851227760314941,-5.2971792221069336,-0.35416170954704285,33971,-0.098387986421585083,1.0289925336837769,-353650090,1491654820,-353594644,1491647495,0,0.67304295301437378,394,-0.2746281623840332,0.067987695336341858,-9.1022329330444336,35261,56.463775634765625,-0.0053935414180159569,0.067133992910385132,-0.0053935414180159569
231005061,231005061,231005,-353631984,1491653396,14.626053810119629,-5.1662983894348145,-0.35113227367401123,33989,-0.10132773220539093,1.0289795398712158,-353650090,1491654820,-353594509,1491647477,0,0.67065298557281494,393,-0.27067995071411133,0.068865641951560974,-8.7378129959106445,35266,55.547100067138672,-0.0053935414180159569,0.067987695336341858,-0.0053935414180159569
231105021,231105021,231105,-353631852,1491653338,14.41436767578125,-5.0439081192016602,-0.34798026084899902,34007,-0.10381986945867538,1.0289814472198486,-353650090,1491654820,-353594375,1491647459,0,0.67280536890029907,394,-0.26642990112304688,0.070175886154174805,-8.3726015090942383,35271,54.686599731445312,-0.0053935414180159569,0.068865641951560974,-0.0053935414180159569
231204981,231204981,231204,-353631723,1491653282,14.212639808654785,-4.9246387481689453,-0.34462374448776245,34026,-0.10402602702379227,1.0289814472198486,-353650090,1491654820,-353594244,1491647442,0,0.67404216527938843,395,-0.26217031478881836,0.071380674839019775,-8.0200824737548828,35276,53.863941192626953,-0.0053935414180159569,0.070175886154174805,-0.0053935414180159569
231304941,231304941,231304,-353631594,1491653227,14.023767471313477,-4.8091802597045898,-0.34104138612747192,34046,-0.10082212835550308,1.0289795398712158,-353650090,1491654820,-353594113,1491647425,0,0.67515718936920166,395,-0.25781965255737305,0.072543397545814514,-7.6765851974487305,35280,53.089775085449219,-0.0053935414180159569,0.071380674839019775,-0.0053935414180159569
231404901,231404901,231404,-353631468,1491653173,13.841381072998047,-4.692596435546875,-0.33724251389503479,34068,-0.093915492296218872,1.0289586782455444,-353650090,1491654820,-353593985,1491647408,0,0.67384982109069824,394,-0.25341939926147461,0.073446109890937805,-7.3397054672241211,35285,52.336860656738281,-0.0053935414180159569,0.072543397545814514,-0.0053935414180159569
231504861,231504861,231504,-353631342,1491653121,13.664772987365723,-4.5762901306152344,-0.33327338099479675,34091,-0.08402455598115921,1.0289614200592041,-353650090,1491654820,-353593857,1491647391,0,0.66910445690155029,391,-0.24919223785400391,0.073964774608612061,-7.0208826065063477,35289,51.604541778564453,-0.0053935414180159569,0.073446109890937805,-0.0053935414180159569
231604821,231604821,231604,-353631219,1491653070,13.486536026000977,-4.4571638107299805,-0.32916072010993958,34115,-0.07260487973690033,1.0289578437805176,-353650090,1491654820,-353593732,1491647374,0,0.66146761178970337,386,-0.24500417709350586,0.074185192584991455,-6.7087039947509766,35294,50.864250183105469,-0.0053935414180159569,0.073964774608612061,-0.0053935414180159569
231704781,231704781,231704,-353631098,1491653021,13.302273750305176,-4.336331844329834,-0.32497423887252808,34139,-0.061546489596366882,1.0289610624313354,-353650090,1491654820,-353593609,1491647358,0,0.65091675519943237,380,-0.24101018905639648,0.074111849069595337,-6.4099769592285156,35298,50.102371215820312,-0.0053935414180159569,0.074185192584991455,-0.0053935414180159569
231804741,231804741,231804,-353630979,1491652973,13.112979888916016,-4.2151064872741699,-0.32085251808166504,34162,-0.052706863731145859,1.0289424657821655,-353650090,1491654820,-353593488,1491647342,0,0.63915038108825684,373,-0.23709297180175781,0.073920562863349915,-6.1186885833740234,35302,49.323764801025391,-0.0053935414180159569,0.074111849069595337,-0.0053935414180159569
231904701,231904701,231904,-353630863,1491652926,12.92059326171875,-4.0966362953186035,-0.31691429018974304,34185,-0.047437004745006561,1.0289393663406372,-353650090,1491654820,-353593370,1491647326,0,0.62814772129058838,366,-0.23321294784545898,0.073823288083076477,-5.8340606689453125,35306,48.538440704345703,-0.0053935414180159569,0.073920562863349915,-0.0053935414180159569
232004661,232004661,232004,-353630748,1491652881,12.72918701171875,-3.9827563762664795,-0.31320449709892273,34206,-0.046293649822473526,1.0289405584335327,-353650090,1491654820,-353593253,1491647311,0,0.61759567260742188,360,-0.22947168350219727,0.073762737214565277,-5.5636386871337891,35309,47.762165069580078,-0.0053935414180159569,0.073823288083076477,-0.0053935414180159569
232104621,232104621,232104,-353630635,1491652838,12.542186737060547,-3.8756825923919678,-0.30971437692642212,34226,-0.04894527792930603,1.0289405584335327,-353650090,1491654820,-353593138,1491647296,0,0.60810977220535278,355,-0.22591018676757812,0.073793701827526093,-5.3096923828125,35313,47.008869171142578,-0.0053935414180159569,0.073762737214565277,-0.0053935414180159569
232204581,232204581,232204,-353630523,1491652795,12.362822532653809,-3.7754781246185303,-0.30632781982421875,34245,-0.054250169545412064,1.028933048248291,-353650090,1491654820,-353593024,1491647281,0,0.60254991054534912,352,-0.2221379280090332,0.074256159365177155,-5.0549488067626953,35316,46.289512634277344,-0.0053935414180159569,0.073793701827526093,-0.0053935414180159569
232304541,232304541,232304,-353630413,1491652753,12.193231582641602,-3.6821508407592773,-0.30293166637420654,34265,-0.060515925288200378,1.0289382934570312,-353650090,1491654820,-353592912,1491647266,0,0.59929311275482178,350,-0.21832084655761719,0.074954278767108917,-4.8076648712158203,35320,45.611301422119141,-0.0053935414180159569,0.074256159365177155,-0.0053935414180159569
232404501,232404501,232404,-353630305,1491652713,12.034220695495605,-3.5935287475585938,-0.29943487048149109,34285,-0.065878085792064667,1.0289306640625,-353650090,1491654820,-353592802,1491647251,0,0.59531658887863159,348,-0.21466827392578125,0.075511947274208069,-4.5768756866455078,35323,44.974666595458984,-0.0053935414180159569,0.074954278767108917,-0.0053935414180159569
232504461,232504461,232504,-353630198,1491652673,11.885828971862793,-3.5089035034179688,-0.29578235745429993,34306,-0.068670116364955902,1.0289267301559448,-353650090,1491654820,-353592694,1491647237,0,0.59379416704177856,347,-0.21073198318481445,0.076331369578838348,-4.3426036834716797,35326,44.379009246826172,-0.0053935414180159569,0.075511947274208069,-0.0053935414180159569
232604421,232604421,232604,-353630092,1491652634,11.746549606323242,-3.425961971282959,-0.29193955659866333,34328,-0.068035602569580078,1.0289279222488403,-353650090,1491654820,-353592586,1491647223,0,0.59130012989044189,345,-0.20679759979248047,0.076987341046333313,-4.1161632537841797,35329,43.816799163818359,-0.0053935414180159569,0.076331369578838348,-0.0053935414180159569
232704381,232704381,232704,-353629987,1491652597,11.614246368408203,-3.3439474105834961,-0.28790023922920227,34351,-0.064225517213344574,1.0289311408996582,-353650090,1491654820,-353592479,1491647209,0,0.58584266901016235,342,-0.20311212539672852,0.077223300933837891,-3.9069900512695312,35332,43.279994964599609,-0.0053935414180159569,0.076987341046333313,-0.0053935414180159569
232804341,232804341,232804,-353629884,1491652560,11.485630989074707,-3.2613308429718018,-0.28374055027961731,34375,-0.058281358331441879,1.0289161205291748,-353650090,1491654820,-353592374,1491647195,0,0.57869553565979004,338,-0.19945049285888672,0.077216342091560364,-3.6962661743164062,35335,42.755840301513672,-0.0055665895342826843,0.077223300933837891,-0.0053935414180159569
232905134,232905134,232905,-353629781,1491652524,11.358819007873535,-3.1783971786499023,-0.27955502271652222,34399,-0.051692117005586624,1.0289151668548584,-353650090,1491654820,-353592270,1491647181,0,0.56964123249053955,332,-0.19590044021606445,0.076939187943935394,-3.4949836730957031,35337,42.238182067871094,-0.0057322680950164795,0.077216342091560364,-0.0055665895342826843
233005094,233005094,233005,-353629679,1491652488,11.230686187744141,-3.094552755355835,-0.27540314197540283,34423,-0.046000421047210693,1.0289243459701538,-353650090,1491654820,-353592166,1491647167,0,0.56041234731674194,327,-0.19223213195800781,0.076640069484710693,-3.2925167083740234,35340,41.715740203857422,-0.0058902241289615631,0.076939187943935394,-0.0057322680950164795
233105054,233105054,233105,-353629578,1491652454,11.107851028442383,-3.0146560668945312,-0.27142041921615601,34445,-0.042671207338571548,1.0289022922515869,-353650090,1491654820,-353592064,1491647154,0,0.55090415477752686,321,-0.18876266479492188,0.076252520084381104,-3.1045684814453125,35343,41.215972900390625,-0.0060409554280340672,0.076640069484710693,-0.0058902241289615631
233205014,233205014,233205,-353629478,1491652420,10.985476493835449,-2.9367427825927734,-0.26758471131324768,34467,-0.042383670806884766,1.0288991928100586,-353650090,1491654820,-353591962,1491647140,0,0.54224765300750732,316,-0.18525362014770508,0.075967490673065186,-2.9186172485351562,35345,40.720264434814453,-0.0061843707226216793,0.076252520084381104,-0.0060409554280340672
233304974,233304974,233304,-353629378,1491652388,10.868725776672363,-2.8637211322784424,-0.26389741897583008,34488,-0.045191667973995209,1.0289137363433838,-353650090,1491654820,-353591860,1491647127,0,0.5338364839553833,311,-0.18196344375610352,0.075664028525352478,-2.7475204467773438,35348,40.249092102050781,-0.0063209482468664646,0.075967490673065186,-0.0061843707226216793
233404934,233404934,233404,-353629280,1491652356,10.75621509552002,-2.7941045761108398,-0.26033025979995728,34509,-0.050420742481946945,1.0289008617401123,-353650090,1491654820,-353591761,1491647114,0,0.52749693393707275,308,-0.17853307723999023,0.075616210699081421,-2.5752983093261719,35350,39.796215057373047,-0.0064504113979637623,0.075664028525352478,-0.0063209482468664646
233504894,233504894,233504,-353629183,1491652324,10.652433395385742,-2.7296452522277832,-0.2568238377571106,34529,-0.056878041476011276,1.0289055109024048,-353650090,1491654820,-353591663,1491647101,0,0.52396434545516968,306,-0.1749420166015625,0.075906753540039062,-2.4023170471191406,35352,39.378688812255859,-0.006572449579834938,0.075616210699081421,-0.0064504113979637623
233604854,233604854,233604,-353629086,1491652294,10.555398941040039,-2.6683483123779297,-0.25328636169433594,34549,-0.063083283603191376,1.0289055109024048,-353650090,1491654820,-353591564,1491647088,0,0.51892387866973877,303,-0.1716771125793457,0.075930289924144745,-2.2469539642333984,35354,38.987804412841797,-0.0066877319477498531,0.075906753540039062,-0.006572449579834938
233704814,233704814,233704,-353628990,1491652264,10.467889785766602,-2.6108207702636719,-0.249628946185112,34570,-0.067602306604385376,1.0288873910903931,-353650090,1491654820,-353591467,1491647075,0,0.51566284894943237,301,-0.16828012466430664,0.076145142316818237,-2.0912551879882812,35357,38.633697509765625,-0.0067960023880004883,0.075930289924144745,-0.0066877319477498531
233804774,233804774,233804,-353628896,1491652235,10.386819839477539,-2.5541913509368896,-0.24581873416900635,34592,-0.069300219416618347,1.0288956165313721,-353650090,1491654820,-353591371,1491647062,0,0.51131278276443481,299,-0.16496849060058594,0.076154366135597229,-1.9426307678222656,35359,38.303153991699219,-0.0068974397145211697,0.076145142316818237,-0.0067960023880004883
233904734,233904734,233904,-353628802,1491652207,10.309505462646484,-2.4977123737335205,-0.24184449017047882,34615,-0.067548692226409912,1.0288952589035034,-353650090,1491654820,-353591276,1491647050,0,0.50583904981613159,295,-0.16172552108764648,0.075967319309711456,-1.8002128601074219,35361,37.986225128173828,-0.0069922194816172123,0.076154366135597229,-0.0068974397145211697
234004694,234004694,234004,-353628710,1491652179,10.234552383422852,-2.4405288696289062,-0.23770329356193542,34639,-0.062381424009799957,1.0288873910903931,-353650090,1491654820,-353591183,1491647038,0,0.50006043910980225,292,-0.15837335586547852,0.075714573264122009,-1.6562538146972656,35363,37.677398681640625,-0.0070801302790641785,0.075967319309711456,-0.0069922194816172123
234104654,234104654,234104,-353628618,1491652152,10.159115791320801,-2.382310152053833,-0.23341935873031616,34663,-0.054558336734771729,1.0288716554641724,-353650090,1491654820,-353591090,1491647025,0,0.49148061871528625,287,-0.1553044319152832,0.075033307075500488,-1.5246028900146484,35364,37.366531372070312,-0.0071617229841649532,0.075714573264122009,-0.0070801302790641785
234204614,234204614,234204,-353628527,1491652126,10.080849647521973,-2.3224380016326904,-0.22906038165092468,34688,-0.045400861650705338,1.0288665294647217,-353650090,1491654820,-353590998,1491647013,0,0.4813312292098999,281,-0.15231037139892578,0.074119940400123596,-1.3979377746582031,35366,37.044994354248047,-0.0072371829301118851,0.075033307075500488,-0.0071617229841649532
234304574,234304574,234304,-353628438,1491652100,9.9978237152099609,-2.2614259719848633,-0.22473151981830597,34713,-0.036554258316755295,1.0288594961166382,-353650090,1491654820,-353590907,1491647001,0,0.47119894623756409,275,-0.14922142028808594,0.073227167129516602,-1.2693252563476562,35368,36.706516265869141,-0.0073063299059867859,0.074119940400123596,-0.0072371829301118851
234404534,234404534,234404,-353628348,1491652076,9.910008430480957,-2.2000072002410889,-0.22052152454853058,34737,-0.029631517827510834,1.028870701789856,-353650090,1491654820,-353590816,1491646989,0,0.45783829689025879,267,-0.14661264419555664,0.071843177080154419,-1.1599617004394531,35369,36.3515625,-0.007370134349912405,0.073227167129516602,-0.0073063299059867859
234504494,234504494,234504,-353628260,1491652052,9.8185844421386719,-2.139707088470459,-0.2164841890335083,34760,-0.025857262313365936,1.0288594961166382,-353650090,1491654820,-353590727,1491646977,0,0.44573315978050232,260,-0.14391613006591797,0.07065330445766449,-1.0490779876708984,35371,35.985431671142578,-0.0074284248985350132,0.071843177080154419,-0.007370134349912405
234604454,234604454,234604,-353628173,1491652028,9.726222038269043,-2.0816876888275146,-0.21262818574905396,34782,-0.025796923786401749,1.0288618803024292,-353650090,1491654820,-353590639,1491646966,0,0.43596002459526062,254,-0.14103221893310547,0.069815121591091156,-0.93412590026855469,35372,35.618274688720703,-0.0074808620847761631,0.07065330445766449,-0.0074284248985350132
234704414,234704414,234704,-353628086,1491652005,9.636012077331543,-2.0270204544067383,-0.2089216560125351,34803,-0.029193297028541565,1.0288527011871338,-353650090,1491654820,-353590551,1491646954,0,0.42592689394950867,248,-0.13843917846679688,0.068896815180778503,-0.83152198791503906,35374,35.261634826660156,-0.007528010755777359,0.069815121591091156,-0.0074808620847761631
234804374,234804374,234804,-353628000,1491651983,9.5505990982055664,-1.9758368730545044,-0.20533265173435211,34824,-0.03500550240278244,1.0288549661636353,-353650090,1491654820,-353590464,1491646943,0,0.41697663068771362,243,-0.13590478897094727,0.068098343908786774,-0.73385429382324219,35375,34.924785614013672,-0.0075700217857956886,0.068896815180778503,-0.007528010755777359
234904334,234904334,234904,-353627915,1491651962,9.4719648361206055,-1.9281185865402222,-0.20180158317089081,34844,-0.04165639728307724,1.02885901927948,-353650090,1491654820,-353590379,1491646931,0,0.40752372145652771,238,-0.1336674690246582,0.067149527370929718,-0.64825057983398438,35376,34.614597320556641,-0.007607464212924242,0.068098343908786774,-0.0075700217857956886
235005127,235005127,235005,-353627831,1491651941,9.4008207321166992,-1.8832327127456665,-0.19826133549213409,34865,-0.047333914786577225,1.0288549661636353,-353650090,1491654820,-353590294,1491646920,0,0.40021425485610962,233,-0.13122463226318359,0.066484898328781128,-0.55811119079589844,35377,34.333049774169922,-0.0076399771496653557,0.067149527370929718,-0.007607464212924242
235105087,235105087,235105,-353627745,1491651920,9.3399591445922852,-1.8408528566360474,-0.19461581110954285,34885,-0.050349678844213486,1.0288494825363159,-353650090,1491654820,-353590207,1491646909,0,0.39352664351463318,230,-0.12876033782958984,0.065839655697345734,-0.46945381164550781,35379,34.089710235595703,-0.0076675093732774258,0.066484898328781128,-0.0076399771496653557
235205047,235205047,235205,-353627661,1491651899,9.2852668762207031,-1.7998088598251343,-0.19086168706417084,34907,-0.049379073083400726,1.0288361310958862,-353650090,1491654820,-353590122,1491646897,0,0.38683214783668518,226,-0.12632083892822266,0.065139800310134888,-0.38268089294433594,35380,33.869297027587891,-0.0076900981366634369,0.065839655697345734,-0.0076675093732774258
235305007,235305007,235305,-353627577,1491651879,9.2360591888427734,-1.7592595815658569,-0.18696826696395874,34929,-0.043977558612823486,1.0288263559341431,-353650090,1491654820,-353590037,1491646886,0,0.37917375564575195,221,-0.1239933967590332,0.064229048788547516,-0.30156326293945312,35381,33.668849945068359,-0.0077080046758055687,0.065139800310134888,-0.0076900981366634369
235404967,235404967,235404,-353627494,1491651860,9.1858654022216797,-1.7175540924072266,-0.18297645449638367,34952,-0.03460465744137764,1.0288263559341431,-353650090,1491654820,-353589954,1491646875,0,0.36934760212898254,215,-0.12189865112304688,0.062944859266281128,-0.22916030883789062,35382,33.464527130126953,-0.0077216951176524162,0.064229048788547516,-0.0077080046758055687
235504927,235504927,235504,-353627410,1491651841,9.1327285766601562,-1.6746151447296143,-0.1789671778678894,34975,-0.022699166089296341,1.0288287401199341,-353650090,1491654820,-353589869,1491646864,0,0.35896134376525879,209,-0.11978054046630859,0.061568815261125565,-0.15705680847167969,35383,33.249427795410156,-0.0077311387285590172,0.062944859266281128,-0.0077216951176524162
235604887,235604887,235604,-353627328,1491651823,9.0714883804321289,-1.629915714263916,-0.17501111328601837,34998,-0.010275763459503651,1.0288239717483521,-353650090,1491654820,-353589786,1491646853,0,0.34674656391143799,202,-0.11786556243896484,0.059912063181400299,-0.092493057250976562,35384,33.00506591796875,-0.0077367410995066166,0.061568815261125565,-0.0077311387285590172
235704847,235704847,235704,-353627246,1491651805,9.0024900436401367,-1.584194540977478,-0.17119365930557251,35020,0.00048987544141709805,1.0288212299346924,-353650090,1491654820,-353589704,1491646842,0,0.33439117670059204,195,-0.11593437194824219,0.058255333453416824,-0.028379440307617188,35385,32.733139038085938,-0.007738474290817976,0.059912063181400299,-0.0077367410995066166
235804807,235804807,235804,-353627164,1491651787,8.9254188537597656,-1.5384039878845215,-0.16756905615329742,35040,0.007789192721247673,1.0288058519363403,-353650090,1491654820,-353589621,1491646831,0,0.32268929481506348,188,-0.11394977569580078,0.056735116988420486,0.036180496215820312,35386,32.433101654052734,-0.0077362442389130592,0.058255333453416824,-0.007738474290817976
235904767,235904767,235904,-353627084,1491651771,8.8416423797607422,-1.4936332702636719,-0.16416062414646149,35060,0.010544774122536182,1.0288089513778687,-353650090,1491654820,-353589541,1491646821,0,0.30979305505752563,180,-0.11233854293823242,0.055013313889503479,0.08715057373046875,35386,32.110404968261719,-0.0077308183535933495,0.056735116988420486,-0.0077362442389130592
236004727,236004727,236004,-353627005,1491651755,8.7565670013427734,-1.4512146711349487,-0.16094876825809479,35078,0.0085455821827054024,1.0288161039352417,-353650090,1491654820,-353589461,1491646810,0,0.29800918698310852,174,-0.11077451705932617,0.05346124991774559,0.13587760925292969,35387,31.784858703613281,-0.0077222720719873905,0.055013313889503479,-0.0077308183535933495
236104687,236104687,236104,-353626927,1491651739,8.673919677734375,-1.4118174314498901,-0.15789958834648132,35096,0.0025327538605779409,1.0288099050521851,-353650090,1491654820,-353589383,1491646800,0,0.28866326808929443,168,-0.10904932022094727,0.052301771938800812,0.18833160400390625,35388,31.469945907592773,-0.0077103078365325928,0.05346124991774559,-0.0077222720719873905
236204647,236204647,236204,-353626850,1491651724,8.5976285934448242,-1.3757175207138062,-0.15495935082435608,35113,-0.0058410218916833401,1.0288054943084717,-353650090,1491654820,-353589305,1491646789,0,0.27888116240501404,162,-0.10766744613647461,0.05099869892001152,0.22949790954589844,35388,31.179645538330078,-0.0076955924741923809,0.052301771938800812,-0.0077103078365325928
236304607,236304607,236304,-353626774,1491651709,8.5290842056274414,-1.3425889015197754,-0.15206421911716461,35129,-0.01435793936252594,1.0287990570068359,-353650090,1491654820,-353589229,1491646779,0,0.27111813426017761,158,-0.10613489151000977,0.049996800720691681,0.27439308166503906,35389,30.918622970581055,-0.0076778498478233814,0.05099869892001152,-0.0076955924741923809
236404567,236404567,236404,-353626698,1491651694,8.4693622589111328,-1.3118623495101929,-0.14915350079536438,35146,-0.020627770572900772,1.0288058519363403,-353650090,1491654820,-353589152,1491646769,0,0.26432502269744873,154,-0.1045680046081543,0.0491059310734272,0.31975173950195312,35389,30.690343856811523,-0.0076570203527808189,0.049996800720691681,-0.0076778498478233814
236504527,236504527,236504,-353626623,1491651680,8.4173307418823242,-1.2826792001724243,-0.14619222283363342,35163,-0.022673394531011581,1.0288064479827881,-353650090,1491654820,-353589077,1491646759,0,0.25640061497688293,149,-0.10327672958374023,0.04794534295797348,0.35635566711425781,35390,30.490312576293945,-0.0076336539350450039,0.0491059310734272,-0.0076570203527808189
236604487,236604487,236604,-353626548,1491651666,8.3708810806274414,-1.2543442249298096,-0.14317594468593597,35180,-0.019982544705271721,1.0288009643554688,-353650090,1491654820,-353589002,1491646749,0,0.24861699342727661,145,-0.1019749641418457,0.046764492988586426,0.39296340942382812,35390,30.310680389404297,-0.0076077347621321678,0.04794534295797348,-0.0076336539350450039
236704447,236704447,236704,-353626473,1491651653,8.3265266418457031,-1.2260721921920776,-0.14014559984207153,35198,-0.013457340188324451,1.0287826061248779,-353650090,1491654820,-353588926,1491646739,0,0.23923945426940918,139,-0.10094213485717773,0.045256342738866806,0.4210052490234375,35391,30.138696670532227,-0.0075798071920871735,0.046764492988586426,-0.0076077347621321678
236804407,236804407,236804,-353626399,1491651640,8.2809982299804688,-1.1976282596588135,-0.13712885975837708,35215,-0.0044649951159954071,1.028779149055481,-353650090,1491654820,-353588852,1491646730,0,0.23055988550186157,134,-0.099758148193359375,0.043869789689779282,0.45280647277832031,35391,29.96265983581543,-0.0075495932251214981,0.045256342738866806,-0.0075798071920871735
236904367,236904367,236904,-353626326,1491651627,8.2310791015625,-1.1686300039291382,-0.13414792716503143,35232,0.0057009323500096798,1.028789758682251,-353650090,1491654820,-353588779,1491646720,0,0.22129668295383453,129,-0.098657608032226562,0.042377430945634842,0.48184013366699219,35392,29.770980834960938,-0.0075172348879277706,0.043869789689779282,-0.0075495932251214981
237004327,237004327,237004,-353626252,1491651614,8.1753330230712891,-1.13919997215271,-0.13121157884597778,35249,0.016024349257349968,1.0287696123123169,-353650090,1491654820,-353588705,1491646710,0,0.21207685768604279,123,-0.097551822662353516,0.040902800858020782,0.51015853881835938,35392,29.558618545532227,-0.0074827284552156925,0.042377430945634842,-0.0075172348879277706
237105120,237105120,237105,-353626179,1491651602,8.1128244400024414,-1.1092759370803833,-0.12833797931671143,35265,0.025784865021705627,1.0287837982177734,-353650090,1491654820,-353588631,1491646700,0,0.20166592299938202,117,-0.096681118011474609,0.039207547903060913,0.53063011169433594,35392,29.322225570678711,-0.0074465335346758366,0.040902800858020782,-0.0074827284552156925
237205080,237205080,237205,-353626107,1491651590,8.0435981750488281,-1.07911217212677,-0.12552890181541443,35281,0.034574393182992935,1.0287796258926392,-353650090,1491654820,-353588559,1491646691,0,0.19230842590332031,112,-0.095639228820800781,0.037722252309322357,0.55488395690917969,35393,29.062070846557617,-0.0074083604849874973,0.039207547903060913,-0.0074465335346758366
237305040,237305040,237305,-353626034,1491651578,7.9722261428833008,-1.0495116710662842,-0.12283195555210114,35297,0.041898742318153381,1.0287786722183228,-353650090,1491654820,-353588486,1491646681,0,0.18265944719314575,106,-0.094731807708740234,0.036161478608846664,0.57489204406738281,35393,28.794754028320312,-0.0073684435337781906,0.037722252309322357,-0.0074083604849874973
237405000,237405000,237405,-353625963,1491651567,7.8969783782958984,-1.0206559896469116,-0.12023437023162842,35312,0.047631736844778061,1.0287593603134155,-353650090,1491654820,-353588415,1491646672,0,0.17309513688087463,101,-0.093929290771484375,0.034604564309120178,0.59084701538085938,35393,28.514188766479492,-0.007327015046030283,0.036161478608846664,-0.0073684435337781906
237504960,237504960,237504,-353625892,1491651556,7.8208160400390625,-0.99274826049804688,-0.1177460104227066,35326,0.051545724272727966,1.0287604331970215,-353650090,1491654820,-353588344,1491646662,0,0.16350698471069336,95,-0.0932464599609375,0.033015076071023941,0.60327720642089844,35393,28.230966567993164,-0.0072842901572585106,0.034604564309120178,-0.007327015046030283
237604920,237604920,237604,-353625821,1491651545,7.7438364028930664,-0.96612918376922607,-0.11537390202283859,35339,0.053610578179359436,1.0287692546844482,-353650090,1491654820,-353588272,1491646653,0,0.15555955469608307,91,-0.092389106750488281,0.031730692833662033,0.6197052001953125,35394,27.945558547973633,-0.0072399531491100788,0.033015076071023941,-0.0072842901572585106
237704880,237704880,237704,-353625752,1491651535,7.6688342094421387,-0.94089752435684204,-0.11311034858226776,35352,0.053899984806776047,1.02876877784729,-353650090,1491654820,-353588203,1491646644,0,0.14690150320529938,85,-0.091815948486328125,0.030264878645539284,0.62809944152832031,35394,27.667913436889648,-0.0071945646777749062,0.031730692833662033,-0.0072399531491100788
237804840,237804840,237804,-353625683,1491651525,7.5961723327636719,-0.9172711968421936,-0.11095932871103287,35365,0.052468713372945786,1.0287542343139648,-353650090,1491654820,-353588134,1491646635,0,0.13907693326473236,81,-0.091239452362060547,0.028933271765708923,0.6364898681640625,35394,27.399396896362305,-0.0071481191553175449,0.030264878645539284,-0.0071945646777749062
237904800,237904800,237904,-353625615,1491651515,7.5260205268859863,-0.89491176605224609,-0.10892541706562042,35376,0.04936334490776062,1.0287460088729858,-353650090,1491654820,-353588066,1491646626,0,0.13198179006576538,77,-0.090634346008300781,0.027718875557184219,0.64560127258300781,35394,27.140439987182617,-0.007100558839738369,0.028933271765708923,-0.0071481191553175449
238004760,238004760,238004,-353625547,1491651505,7.4607100486755371,-0.8741147518157959,-0.10699810832738876,35387,0.044613953679800034,1.028744101524353,-353650090,1491654820,-353587998,1491646617,0,0.12551604211330414,73,-0.090034008026123047,0.026596833020448685,0.65471649169921875,35394,26.899446487426758,-0.0070518949069082737,0.027718875557184219,-0.007100558839738369
238104720,238104720,238104,-353625481,1491651496,7.4012627601623535,-0.85476505756378174,-0.10517411679029465,35398,0.038238029927015305,1.0287542343139648,-353650090,1491654820,-353587932,1491646608,0,0.11818355321884155,69,-0.089730739593505859,0.025248782709240913,0.65624046325683594,35394,26.679988861083984,-0.007002715952694416,0.026596833020448685,-0.0070518949069082737
238204680,238204680,238204,-353625415,1491651487,7.349482536315918,-0.83714330196380615,-0.10344364494085312,35408,0.03029228001832962,1.0287487506866455,-353650090,1491654820,-353587866,1491646599,0,0.11137980967760086,65,-0.089449405670166016,0.023966919630765915,0.65777015686035156,35394,26.488580703735352,-0.0069530662149190903,0.025248782709240913,-0.007002715952694416
238304640,238304640,238304,-353625349,1491651478,7.3061761856079102,-0.82112628221511841,-0.10179892927408218,35417,0.020866688340902328,1.0287436246871948,-353650090,1491654820,-353587800,1491646591,0,0.10565823316574097,61,-0.089044094085693359,0.02287418395280838,0.66287803649902344,35394,26.328035354614258,-0.0069027259014546871,0.023966919630765915,-0.0069530662149190903
238404600,238404600,238404,-353625284,1491651469,7.2725176811218262,-0.80672383308410645,-0.1002262607216835,35426,0.010087328031659126,1.0287482738494873,-353650090,1491654820,-353587735,1491646582,0,0.09968113899230957,58,-0.088792800903320312,0.021683366969227791,0.6651153564453125,35394,26.202526092529297,-0.0068519734777510166,0.02287418395280838,-0.0069027259014546871
238504560,238504560,238504,-353625220,1491651461,7.2489237785339355,-0.79408061504364014,-0.098722152411937714,35435,-0.0018718361388891935,1.0287429094314575,-353650090,1491654820,-353587671,1491646574,0,0.093305163085460663,54,-0.088744163513183594,0.020365359261631966,0.66264533996582031,35394,26.113584518432617,-0.0068012373521924019,0.021683366969227791,-0.0068519734777510166
238604520,238604520,238604,-353625155,1491651452,7.2360682487487793,-0.78322017192840576,-0.097281508147716522,35443,-0.014795121736824512,1.0287342071533203,-353650090,1491654820,-353587606,1491646565,0,0.088048785924911499,51,-0.088563919067382812,0.019254777580499649,0.664886474609375,35394,26.063610076904297,-0.0067502320744097233,0.020365359261631966,-0.0068012373521924019
238704480,238704480,238704,-353625090,1491651444,7.2340373992919922,-0.77382171154022217,-0.09589540958404541,35451,-0.028440037742257118,1.0287277698516846,-353650090,1491654820,-353587541,1491646556,0,0.081341959536075592,47,-0.088768959045410156,0.017795341089367867,0.65809059143066406,35394,26.052778244018555,-0.0066997269168496132,0.019254777580499649,-0.0067502320744097233
238804440,238804440,238804,-353625026,1491651435,7.2430510520935059,-0.76608622074127197,-0.094562023878097534,35459,-0.042538084089756012,1.0287206172943115,-353650090,1491654820,-353587477,1491646548,0,0.077280066907405853,45,-0.088489055633544922,0.016887718811631203,0.66464805603027344,35394,26.081943511962891,-0.0066487756557762623,0.017795341089367867,-0.0066997269168496132
238904400,238904400,238904,-353624961,1491651427,7.2630643844604492,-0.75975239276885986,-0.093274466693401337,35466,-0.056790515780448914,1.0287232398986816,-353650090,1491654820,-353587412,1491646539,0,0.070910640060901642,41,-0.088770866394042969,0.015454884618520737,0.65785408020019531,35394,26.150846481323242,-0.0065984781831502914,0.016887718811631203,-0.0066487756557762623
239004360,239004360,239004,-353624896,1491651419,7.2939300537109375,-0.75481170415878296,-0.092023119330406189,35473,-0.07089310884475708,1.0287215709686279,-353650090,1491654820,-353587347,1491646531,0,0.065328381955623627,38,-0.088938236236572266,0.01417953334748745,0.65467453002929688,35394,26.258951187133789,-0.0065486300736665726,0.015454884618520737,-0.0065984781831502914
239104320,239104320,239104,-353624830,1491651411,7.3350067138671875,-0.75115656852722168,-0.090813122689723969,35480,-0.084533356130123138,1.0287014245986938,-353650090,1491654820,-353587281,1491646522,0,0.059006247669458389,34,-0.089314460754394531,0.012736907228827477,0.64716339111328125,35394,26.403932571411133,-0.0064996243454515934,0.01417953334748745,-0.0065486300736665726
239205113,239205113,239205,-353624764,1491651403,7.3862895965576172,-0.74861884117126465,-0.089631922543048859,35487,-0.097487859427928925,1.0287082195281982,-353650090,1491654820,-353587215,1491646513,0,0.052650567144155502,30,-0.089720249176025391,0.01128721609711647,0.63964653015136719,35394,26.585708618164062,-0.0064515001140534878,0.012736907228827477,-0.0064996243454515934
239305073,239305073,239305,-353624697,1491651395,7.4490842819213867,-0.74720925092697144,-0.088502146303653717,35493,-0.10928191989660263,1.0286976099014282,-353650090,1491654820,-353587148,1491646504,0,0.046058893203735352,27,-0.090182781219482422,0.0097918268293142319,0.63141632080078125,35394,26.808935165405273,-0.0064044096507132053,0.01128721609711647,-0.0064515001140534878
239405033,239405033,239405,-353624629,1491651386,7.4548859596252441,-0.73424285650253296,-0.087532386183738708,35499,-0.10117898881435394,1.0286853313446045,-353650090,1491654820,-353587080,1491646495,0,0.037785511463880539,22,-0.090146541595458984,0.0080281011760234833,0.631500244140625,35394,26.825016021728516,-0.0063573410734534264,0.0097918268293142319,-0.0064044096507132053
239504993,239504993,239504,-353624563,1491651379,7.1542043685913086,-0.66744470596313477,-0.0874176025390625,35500,-0.038602910935878754,1.028679370880127,-353650090,1491654820,-353587015,1491646487,0,0.015418821014463902,9,-0.089609622955322266,0.0034153014421463013,0.61812210083007812,35393,25.73036003112793,-0.006309309508651495,0.0080281011760234833,-0.0063573410734534264
239604953,239604953,239604,-353624500,1491651372,6.8748908042907715,-0.62586361169815063,-0.087391406297683716,35500,-0.0155811607837677,1.02867591381073,-353650090,1491654820,-353586952,1491646478,0,0.0070021683350205421,4,-0.089171409606933594,0.0016143396496772766,0.60369682312011719,35393,24.720695495605469,-0.006260482594370842,0.0034153014421463013,-0.006309309508651495
239704913,239704913,239704,-353624439,1491651365,6.6072554588317871,-0.60368001461029053,-0.087351910769939423,35500,-0.0069725289940834045,1.028680682182312,-353650090,1491654820,-353586891,1491646470,0,0.01078894454985857,6,-0.088525295257568359,0.0025880541652441025,0.59435844421386719,35393,23.759044647216797,-0.0062104649841785431,0.0016143396496772766,-0.006260482594370842
239804873,239804873,239804,-353624381,1491651359,6.3515529632568359,-0.58848565816879272,-0.087312392890453339,35500,-0.003631537314504385,1.0286779403686523,-353650090,1491654820,-353586833,1491646463,0,0.017538409680128098,10,-0.0880126953125,0.0043759839609265327,0.58177566528320312,35393,22.842241287231445,-0.0061595411971211433,0.0025880541652441025,-0.0062104649841785431
239904833,239904833,239904,-353624325,1491651352,6.107384204864502,-0.5718725323677063,-0.087273865938186646,35500,-0.0022305846214294434,1.0286858081817627,-353650090,1491654820,-353586777,1491646455,0,0.023695178329944611,13,-0.087215900421142578,0.0061479741707444191,0.57596778869628906,35393,21.966127395629883,-0.0061071147210896015,0.0043759839609265327,-0.0061595411971211433
240004793,240004793,240004,-353624271,1491651346,5.8751111030578613,-0.55257672071456909,-0.087239466607570648,35501,-0.0015753873158246279,1.0286755561828613,-353650090,1491654820,-353586723,1491646448,0,0.026665152981877327,15,-0.08658599853515625,0.0071918303146958351,0.56622314453125,35393,21.131542205810547,-0.0060535394586622715,0.0061479741707444191,-0.0061071147210896015
240104753,240104753,240104,-353624219,1491651340,5.6522293090820312,-0.53169161081314087,-0.087208352982997894,35501,-0.0012060273438692093,1.0286741256713867,-353650090,1491654820,-353586671,1491646441,0,0.028198549523949623,16,-0.085886478424072266,0.0079053053632378578,0.55788421630859375,35393,20.329910278320312,-0.0059986715205013752,0.0071918303146958351,-0.0060535394586622715
240204713,240204713,240204,-353624170,1491651335,5.4390573501586914,-0.51140588521957397,-0.087183631956577301,35501,-0.00094591669039800763,1.0286730527877808,-353650090,1491654820,-353586622,1491646435,0,0.028867434710264206,16,-0.085339069366455078,0.008410048671066761,0.54633331298828125,35393,19.56309700012207,-0.0059428331442177296,0.0079053053632378578,-0.0059986715205013752
240304673,240304673,240304,-353624123,1491651329,5.2346110343933105,-0.49219563603401184,-0.087166473269462585,35501,-0.00074161088559776545,1.0286794900894165,-353650090,1491654820,-353586575,1491646429,0,0.031397629529237747,18,-0.084247112274169922,0.0095044681802392006,0.54520988464355469,35393,18.827753067016602,-0.0058849328197538853,0.008410048671066761,-0.0059428331442177296
240404633,240404633,240404,-353624077,1491651324,5.039027214050293,-0.47436612844467163,-0.087150014936923981,35501,-0.00056029664119705558,1.028678297996521,-353650090,1491654820,-353586529,1491646423,0,0.032685104757547379,19,-0.083583831787109375,0.010278153233230114,0.53577423095703125,35392,18.124467849731445,-0.0058258264325559139,0.0095044681802392006,-0.0058849328197538853
240504593,240504593,240504,-353624033,1491651319,4.8516683578491211,-0.4573533833026886,-0.087135054171085358,35501,-0.00083813944365829229,1.0286731719970703,-353650090,1491654820,-353586485,1491646417,0,0.034125078469514847,19,-0.082844257354736328,0.011145270429551601,0.52774429321289062,35392,17.450782775878906,-0.0057653575204312801,0.010278153233230114,-0.0058258264325559139
240604553,240604553,240604,-353623991,1491651315,4.672581672668457,-0.44114476442337036,-0.087117061018943787,35501,-0.0011158257257193327,1.0286779403686523,-353650090,1491654820,-353586444,1491646411,0,0.034029580652713776,19,-0.082592487335205078,0.011539912782609463,0.51160240173339844,35392,16.806858062744141,-0.0057044923305511475,0.011145270429551601,-0.0057653575204312801
240704513,240704513,240704,-353623950,1491651310,4.5009980201721191,-0.4253980815410614,-0.087096616625785828,35501,-0.0011737573659047484,1.0286881923675537,-353650090,1491654820,-353586403,1491646406,0,0.036164958029985428,21,-0.081500530242919922,0.012731509283185005,0.50938606262207031,35392,16.189840316772461,-0.0056415805593132973,0.011539912782609463,-0.0057044923305511475
240804473,240804473,240804,-353623911,1491651306,4.3369078636169434,-0.41023597121238708,-0.087075747549533844,35502,-0.0011562268482521176,1.0286790132522583,-353650090,1491654820,-353586364,1491646401,0,0.036776065826416016,21,-0.080874919891357422,0.013436434790492058,0.49954795837402344,35392,15.599733352661133,-0.0055775493383407593,0.012731509283185005,-0.0056415805593132973
240904433,240904433,240904,-353623873,1491651301,4.1796703338623047,-0.39545512199401855,-0.087051689624786377,35502,-0.0011179739376530051,1.0286893844604492,-353650090,1491654820,-353586326,1491646396,0,0.03883720189332962,22,-0.079609870910644531,0.014723344705998898,0.49944305419921875,35392,15.034186363220215,-0.0055111227557063103,0.013436434790492058,-0.0055775493383407593
241004393,241004393,241004,-353623837,1491651297,4.0291452407836914,-0.38136592507362366,-0.087028563022613525,35502,-0.0010777887655422091,1.028687596321106,-353650090,1491654820,-353586290,1491646391,0,0.03949742391705513,23,-0.078837394714355469,0.015533050522208214,0.49170494079589844,35392,14.492801666259766,-0.0054432819597423077,0.014723344705998898,-0.0055111227557063103
241104353,241104353,241104,-353623802,1491651293,3.8848357200622559,-0.36787945032119751,-0.087004430592060089,35502,-0.001040056231431663,1.0286813974380493,-353650090,1491654820,-353586255,1491646386,0,0.040206298232078552,23,-0.078015327453613281,0.016399193555116653,0.48467445373535156,35392,13.973779678344727,-0.0053739268332719803,0.015533050522208214,-0.0054432819597423077
241204313,241204313,241204,-353623768,1491651290,3.7465121746063232,-0.35497459769248962,-0.086979225277900696,35502,-0.0009997515007853508,1.0286846160888672,-353650090,1491654820,-353586221,1491646382,0,0.040063396096229553,23,-0.077521800994873047,0.016944192349910736,0.47303962707519531,35392,13.47629451751709,-0.0053037372417747974,0.016399193555116653,-0.0053739268332719803
241305106,241305106,241305,-353623735,1491651286,3.6135749816894531,-0.34247291088104248,-0.08695298433303833,35502,-0.00097652996191754937,1.0286723375320435,-353650090,1491654820,-353586188,1491646378,0,0.041486740112304688,24,-0.076300144195556641,0.018191756680607796,0.47112655639648438,35392,12.998147964477539,-0.005231230054050684,0.016944192349910736,-0.0053037372417747974
241405066,241405066,241405,-353623703,1491651282,3.4871757030487061,-0.33071067929267883,-0.086920522153377533,35502,-0.00096775434212759137,1.0286893844604492,-353650090,1491654820,-353586156,1491646373,0,0.042340628802776337,24,-0.075314521789550781,0.019239161163568497,0.46619606018066406,35391,12.543560028076172,-0.0051569105125963688,0.018191756680607796,-0.005231230054050684
241505026,241505026,241505,-353623672,1491651279,3.3662984371185303,-0.31915435194969177,-0.086886100471019745,35503,-0.0009632032597437501,1.028680682182312,-353650090,1491654820,-353586125,1491646369,0,0.04214048758149147,24,-0.074690341949462891,0.019835922867059708,0.45665931701660156,35391,12.108725547790527,-0.0050814962014555931,0.019239161163568497,-0.0051569105125963688
241604986,241604986,241604,-353623642,1491651275,3.2501165866851807,-0.30813905596733093,-0.086854338645935059,35503,-0.00095945864450186491,1.028678297996521,-353650090,1491654820,-353586095,1491646365,0,0.043646566569805145,25,-0.073246479034423828,0.021279476583003998,0.45685577392578125,35391,11.690814971923828,-0.0050033512525260448,0.019835922867059708,-0.0050814962014555931
241704946,241704946,241704,-353623613,1491651272,3.1387882232666016,-0.29735094308853149,-0.086819596588611603,35503,-0.00095713394694030285,1.0286755561828613,-353650090,1491654820,-353586066,1491646361,0,0.04347861185669899,25,-0.072502613067626953,0.021949699148535728,0.44872283935546875,35391,11.290283203125,-0.0049238735809922218,0.021279476583003998,-0.0050033512525260448
241804906,241804906,241804,-353623585,1491651269,3.031529426574707,-0.28704375028610229,-0.086787410080432892,35503,-0.00095775449881330132,1.0286746025085449,-353650090,1491654820,-353586038,1491646358,0,0.044116929173469543,25,-0.071344375610351562,0.023060251027345657,0.4450225830078125,35391,10.904420852661133,-0.0048422613181173801,0.021949699148535728,-0.0049238735809922218
241904866,241904866,241904,-353623558,1491651266,2.9286544322967529,-0.27677533030509949,-0.086757555603981018,35503,-0.00095527846133336425,1.0286741256713867,-353650090,1491654820,-353586011,1491646354,0,0.043902061879634857,25,-0.070471763610839844,0.023754559457302094,0.43828201293945312,35391,10.534201622009277,-0.0047590592876076698,0.023060251027345657,-0.0048422613181173801
242004826,242004826,242004,-353623532,1491651263,2.8294706344604492,-0.26702940464019775,-0.086726561188697815,35504,-0.00095013965619727969,1.0286893844604492,-353650090,1491654820,-353585985,1491646351,0,0.04454779252409935,26,-0.069146156311035156,0.024949440732598305,0.43598365783691406,35391,10.17731761932373,-0.0046733897179365158,0.023754559457302094,-0.0047590592876076698
242104786,242104786,242104,-353623507,1491651261,2.7335255146026611,-0.25749322772026062,-0.0866985023021698,35504,-0.00093543081311509013,1.0286846160888672,-353650090,1491654820,-353585960,1491646347,0,0.042942821979522705,25,-0.069025993347167969,0.024895116686820984,0.42161750793457031,35391,9.8320512771606445,-0.0045876340009272099,0.024949440732598305,-0.0046733897179365158
242204746,242204746,242204,-353623483,1491651258,2.6408917903900146,-0.2482253760099411,-0.08667493611574173,35504,-0.00090771971736103296,1.0286822319030762,-353650090,1491654820,-353585936,1491646344,0,0.043649151921272278,25,-0.067524909973144531,0.026192987337708473,0.42070770263671875,35391,9.4986810684204102,-0.0044990582391619682,0.024895116686820984,-0.0045876340009272099
242304706,242304706,242304,-353623460,1491651255,2.5515561103820801,-0.23931993544101715,-0.086648449301719666,35504,-0.00088340544607490301,1.02867591381073,-353650090,1491654820,-353585913,1491646341,0,0.044468004256486893,25,-0.065900802612304688,0.027619507163763046,0.42051315307617188,35391,9.1771907806396484,-0.0044074198231101036,0.026192987337708473,-0.0044990582391619682
242404666,242404666,242404,-353623437,1491651253,2.4653520584106445,-0.23081225156784058,-0.086624033749103546,35504,-0.00085867277812212706,1.0286718606948853,-353650090,1491654820,-353585891,1491646338,0,0.043630138039588928,25,-0.065303325653076172,0.028047211468219757,0.4107818603515625,35391,8.866999626159668,-0.0043147695250809193,0.027619507163763046,-0.0044074198231101036
242504626,242504626,242504,-353623415,1491651250,2.3823339939117432,-0.22257861495018005,-0.086600564420223236,35504,-0.00083437480498105288,1.028678297996521,-353650090,1491654820,-353585869,1491646335,0,0.044530298560857773,26,-0.063533782958984375,0.029624387621879578,0.41127204895019531,35391,8.5682582855224609,-0.0042187720537185669,0.028047211468219757,-0.0043147695250809193
242604586,242604586,242604,-353623394,1491651248,2.302293062210083,-0.21467222273349762,-0.0865744948387146,35504,-0.00081758672604337335,1.028689980506897,-353650090,1491654820,-353585848,1491646333,0,0.044633336365222931,26,-0.062247753143310547,0.030726101249456406,0.40719032287597656,35391,8.2802419662475586,-0.004120419267565012,0.029624387621879578,-0.0042187720537185669
242704546,242704546,242704,-353623374,1491651246,2.2253656387329102,-0.20695562660694122,-0.086550459265708923,35505,-0.00080151081783697009,1.0286799669265747,-353650090,1491654820,-353585828,1491646330,0,0.044070705771446228,25,-0.061343193054199219,0.031388469040393829,0.40004348754882812,35390,8.0033912658691406,-0.0040204492397606373,0.030726101249456406,-0.004120419267565012
242804506,242804506,242804,-353623354,1491651244,2.1511600017547607,-0.19960604608058929,-0.086521260440349579,35505,-0.00079220626503229141,1.0286754369735718,-353650090,1491654820,-353585808,1491646327,0,0.043540939688682556,25,-0.060443401336669922,0.032081756740808487,0.39290046691894531,35390,7.7363662719726562,-0.0039188736118376255,0.031388469040393829,-0.0040204492397606373
242904466,242904466,242904,-353623335,1491651242,2.0798637866973877,-0.1924719363451004,-0.086494483053684235,35505,-0.0007868165266700089,1.0286858081817627,-353650090,1491654820,-353585789,1491646325,0,0.043734848499298096,25,-0.058947563171386719,0.033330481499433517,0.39021682739257812,35390,7.4797878265380859,-0.0038145289290696383,0.032081756740808487,-0.0039188736118376255
243004426,243004426,243004,-353623317,1491651240,2.0110805034637451,-0.18568065762519836,-0.086463794112205505,35505,-0.00078571675112470984,1.028684139251709,-353650090,1491654820,-353585771,1491646322,0,0.043404515832662582,25,-0.057856559753417969,0.034211106598377228,0.38446998596191406,35390,7.2322821617126465,-0.0037082007620483637,0.033330481499433517,-0.0038145289290696383
243104386,243104386,243104,-353623299,1491651238,1.9448815584182739,-0.17905701696872711,-0.086436092853546143,35505,-0.00078559358371421695,1.0286870002746582,-353650090,1491654820,-353585753,1491646320,0,0.043668489903211594,25,-0.056214809417724609,0.03559214249253273,0.38247489929199219,35390,6.9940485954284668,-0.0035988183226436377,0.034211106598377228,-0.0037082007620483637
243204346,243204346,243204,-353623282,1491651236,1.8810299634933472,-0.17263652384281158,-0.086408220231533051,35505,-0.00078873260645195842,1.0286718606948853,-353650090,1491654820,-353585736,1491646318,0,0.044011302292346954,25,-0.054430484771728516,0.037090856581926346,0.38117790222167969,35390,6.7642521858215332,-0.0034861001186072826,0.03559214249253273,-0.0035988183226436377
243305139,243305139,243305,-353623265,1491651234,1.8194756507873535,-0.16638407111167908,-0.086380347609519958,35506,-0.00078964856220409274,1.0286707878112793,-353650090,1491654820,-353585719,1491646316,0,0.044295333325862885,25,-0.052597522735595703,0.038595028221607208,0.37988662719726562,35390,6.5427036285400391,-0.0033699094783514738,0.037090856581926346,-0.0034861001186072826
243405099,243405099,243405,-353623249,1491651232,1.7595404386520386,-0.16036330163478851,-0.086348734796047211,35506,-0.00078804721124470234,1.0286712646484375,-353650090,1491654820,-353585703,1491646313,0,0.044048603624105453,25,-0.051198959350585938,0.039689060300588608,0.37551498413085938,35390,6.3270049095153809,-0.0032511849422007799,0.038595028221607208,-0.0033699094783514738
243505059,243505059,243505,-353623233,1491651231,1.7029619216918945,-0.15458841621875763,-0.086320631206035614,35506,-0.00079812452895566821,1.0286881923675537,-353650090,1491654820,-353585687,1491646311,0,0.042807154357433319,25,-0.050674915313720703,0.039853323251008987,0.36589431762695312,35390,6.1233582496643066,-0.003131653880700469,0.039689060300588608,-0.0032511849422007799
243605019,243605019,243605,-353623218,1491651229,1.648140549659729,-0.14901064336299896,-0.086287833750247955,35506,-0.00080881675239652395,1.0286840200424194,-353650090,1491654820,-353585672,1491646309,0,0.043268874287605286,25,-0.048540592193603516,0.041625469923019409,0.365997314453125,35390,5.9260420799255371,-0.0030081029981374741,0.039853323251008987,-0.003131653880700469
243704979,243704979,243704,-353623203,1491651227,1.5957878828048706,-0.14349308609962463,-0.08625417947769165,35506,-0.00082720402861014009,1.0286834239959717,-353650090,1491654820,-353585657,1491646307,0,0.043591320514678955,25,-0.046364307403564453,0.043314382433891296,0.3660888671875,35390,5.737551212310791,-0.0028804556932300329,0.041625469923019409,-0.0030081029981374741
243804939,243804939,243804,-353623189,1491651226,1.544975757598877,-0.13814434409141541,-0.086219079792499542,35507,-0.00084668869385495782,1.0286891460418701,-353650090,1491654820,-353585643,1491646306,0,0.043115485459566116,25,-0.044924736022949219,0.044253163039684296,0.36161422729492188,35390,5.5546097755432129,-0.0027502123266458511,0.043314382433891296,-0.0028804556932300329
243904899,243904899,243904,-353623175,1491651224,1.4962315559387207,-0.13308311998844147,-0.08618619292974472,35507,-0.00086162210209295154,1.0286778211593628,-353650090,1491654820,-353585629,1491646304,0,0.043585509061813354,25,-0.042515754699707031,0.046196255832910538,0.36240768432617188,35390,5.3791375160217285,-0.0026154185179620981,0.044253163039684296,-0.0027502123266458511
244004859,244004859,244004,-353623161,1491651223,1.4488482475280762,-0.12821641564369202,-0.086153604090213776,35507,-0.00087184802396222949,1.0286736488342285,-353650090,1491654820,-353585615,1491646302,0,0.042490109801292419,24,-0.041755199432373047,0.046510156244039536,0.3541717529296875,35390,5.2085824012756348,-0.0024793725460767746,0.046196255832910538,-0.0026154185179620981
244104819,244104819,244104,-353623148,1491651221,1.4035308361053467,-0.123478002846241,-0.086123354732990265,35507,-0.00088985014008358121,1.0286755561828613,-353650090,1491654820,-353585602,1491646300,0,0.043035972863435745,25,-0.039118289947509766,0.048632524907588959,0.35565948486328125,35390,5.045438289642334,-0.0023383293300867081,0.046510156244039536,-0.0024793725460767746
244204779,244204779,244204,-353623135,1491651220,1.3594775199890137,-0.1189093217253685,-0.086092278361320496,35507,-0.00090314866974949837,1.0286887884140015,-353650090,1491654820,-353585589,1491646298,0,0.042008101940155029,24,-0.038233280181884766,0.049011744558811188,0.34811782836914062,35390,4.8868575096130371,-0.0021957946009933949,0.048632524907588959,-0.0023383293300867081
244304739,244304739,244304,-353623123,1491651219,1.3167070150375366,-0.1144678071141243,-0.086062610149383545,35507,-0.00091211550170555711,1.0286887884140015,-353650090,1491654820,-353585577,1491646297,0,0.041759219020605087,24,-0.036409378051757812,0.050307370722293854,0.34503555297851562,35390,4.7328939437866211,-0.0020499203819781542,0.049011744558811188,-0.0021957946009933949
244404699,244404699,244404,-353623111,1491651217,1.2751479148864746,-0.11016013473272324,-0.086031198501586914,35508,-0.00091306405374780297,1.0286837816238403,-353650090,1491654820,-353585565,1491646295,0,0.042421616613864899,24,-0.033400535583496094,0.052775681018829346,0.3472137451171875,35390,4.5832953453063965,-0.0018983230693265796,0.050307370722293854,-0.0020499203819781542
244504659,244504659,244504,-353623100,1491651216,1.2349853515625,-0.10598253458738327,-0.086005836725234985,35508,-0.00091302901273593307,1.02867591381073,-353650090,1491654820,-353585554,1491646294,0,0.042273271828889847,24,-0.031301498413085938,0.054305568337440491,0.34483718872070312,35390,4.4387202262878418,-0.0017428516875952482,0.052775681018829346,-0.0018983230693265796
244604619,244604619,244604,-353623089,1491651215,1.1960216760635376,-0.10202391445636749,-0.085977412760257721,35508,-0.00090954074403271079,1.0286822319030762,-353650090,1491654820,-353585543,1491646292,0,0.041499529033899307,24,-0.030045032501220703,0.055051513016223907,0.33868026733398438,35390,4.2984919548034668,-0.0015851702773943543,0.054305568337440491,-0.0017428516875952482
244704579,244704579,244704,-353623078,1491651214,1.1583881378173828,-0.098172970116138458,-0.085951037704944611,35508,-0.0009088341030292213,1.0286868810653687,-353650090,1491654820,-353585532,1491646291,0,0.041371308267116547,24,-0.027878761291503906,0.056668762117624283,0.3363037109375,35390,4.1630430221557617,-0.0014234924456104636,0.055051513016223907,-0.0015851702773943543
244804539,244804539,244804,-353623068,1491651213,1.1219093799591064,-0.094382509589195251,-0.085925877094268799,35508,-0.00090506859123706818,1.0286723375320435,-353650090,1491654820,-353585522,1491646290,0,0.041317746043205261,24,-0.025488376617431641,0.058440625667572021,0.33461761474609375,35390,4.0317339897155762,-0.0012573758140206337,0.056668762117624283,-0.0014234924456104636
244904499,244904499,244904,-353623058,1491651212,1.0866780281066895,-0.090829983353614807,-0.085899636149406433,35508,-0.00090400257613509893,1.0286747217178345,-353650090,1491654820,-353585512,1491646288,0,0.040648840367794037,23,-0.024028778076171875,0.059362299740314484,0.32915115356445312,35390,3.9049491882324219,-0.0010886614909395576,0.058440625667572021,-0.0012573758140206337
245004459,245004459,245004,-353623048,1491651211,1.0525327920913696,-0.087366528809070587,-0.08587520569562912,35508,-0.00090437021572142839,1.0286893844604492,-353650090,1491654820,-353585502,1491646287,0,0.040631283074617386,23,-0.021549224853515625,0.061266891658306122,0.3274688720703125,35390,3.7820677757263184,-0.0009153445134870708,0.059362299740314484,-0.0010886614909395576
245104419,245104419,245104,-353623038,1491651210,1.0197558403015137,-0.084028683602809906,-0.085847735404968262,35509,-0.00090866157552227378,1.0286818742752075,-353650090,1491654820,-353585492,1491646286,0,0.040480002760887146,23,-0.019208908081054688,0.063006080687046051,0.32578277587890625,35390,3.6641082763671875,-0.0009153445134870708,0.061266891658306122,-0.0009153445134870708
245204379,245204379,245204,-353623029,1491651209,0.98796874284744263,-0.080821596086025238,-0.08582354336977005,35509,-0.00091283448273316026,1.0286707878112793,-353650090,1491654820,-353585483,1491646284,0,0.039792422205209732,23,-0.017691135406494141,0.063932962715625763,0.321014404296875,35389,3.5497212409973145,-0.0009153445134870708,0.063006080687046051,-0.0009153445134870708
245304339,245304339,245304,-353623020,1491651208,0.95732837915420532,-0.077786006033420563,-0.085798993706703186,35509,-0.00091780751245096326,1.0286853313446045,-353650090,1491654820,-353585474,1491646283,0,0.039804656058549881,23,-0.015069484710693359,0.066005416214466095,0.32001495361328125,35389,3.4394779205322266,-0.0009153445134870708,0.063932962715625763,-0.0009153445134870708
245405132,245405132,245405,-353623012,1491651207,0.92758285999298096,-0.074879489839076996,-0.085772566497325897,35509,-0.00092021835735067725,1.0286707878112793,-353650090,1491654820,-353585466,1491646282,0,0.039959926158189774,23,-0.012156486511230469,0.068394362926483154,0.31972122192382812,35389,3.3324670791625977,-0.0009153445134870708,0.066005416214466095,-0.0009153445134870708
245505092,245505092,245505,-353623003,1491651206,0.89895868301391602,-0.072054088115692139,-0.085742510855197906,35509,-0.00092754361685365438,1.0286722183227539,-353650090,1491654820,-353585457,1491646281,0,0.039967376738786697,23,-0.0093898773193359375,0.070592120289802551,0.3187255859375,35389,3.229482889175415,-0.0009153445134870708,0.068394362926483154,-0.0009153445134870708
245605052,245605052,245605,-353622995,1491651205,0.87135648727416992,-0.069219745695590973,-0.085717089474201202,35509,-0.00093524216208606958,1.0286704301834106,-353650090,1491654820,-353585449,1491646280,0,0.040022611618041992,23,-0.0063352584838867188,0.072937160730361938,0.31843185424804688,35389,3.1301460266113281,-0.0009153445134870708,0.070592120289802551,-0.0009153445134870708
245705012,245705012,245705,-353622987,1491651204,0.84514063596725464,-0.066637970507144928,-0.085691511631011963,35510,-0.00094702665228396654,1.0286736488342285,-353650090,1491654820,-353585441,1491646279,0,0.040140785276889801,23,-0.0032558441162109375,0.075429826974868774,0.31813430786132812,35389,3.0358304977416992,-0.0009153445134870708,0.072937160730361938,-0.0009153445134870708
245804972,245804972,245804,-353622980,1491651203,0.81949502229690552,-0.064011558890342712,-0.0856662318110466,35510,-0.00095708516892045736,1.028680682182312,-353650090,1491654820,-353585434,1491646278,0,0.040312681347131729,23,0.0001806989312171936,0.078133396804332733,0.31852340698242188,35389,2.9435393810272217,-0.0009153445134870708,0.075429826974868774,-0.0009153445134870708
245904932,245904932,245904,-353622972,1491651203,0.79480695724487305,-0.061564885079860687,-0.085644416511058807,35510,-0.00096591166220605373,1.0286704301834106,-353650090,1491654820,-353585427,1491646277,0,0.038734916597604752,22,0.000105246901512146,0.077409803867340088,0.3087005615234375,35389,2.8547186851501465,-0.0009153445134870708,0.078133396804332733,-0.0009153445134870708
246004892,246004892,246004,-353622965,1491651202,0.77063709497451782,-0.059126399457454681,-0.085621960461139679,35510,-0.00097435159841552377,1.0286743640899658,-353650090,1491654820,-353585420,1491646276,0,0.038925573229789734,22,0.0036670714616775513,0.080241098999977112,0.3090972900390625,35389,2.7677516937255859,-0.0009153445134870708,0.077409803867340088,-0.0009153445134870708
246104852,246104852,246104,-353622958,1491651201,0.74746304750442505,-0.056939829140901566,-0.085597008466720581,35510,-0.0009774740319699049,1.0286790132522583,-353650090,1491654820,-353585413,1491646275,0,0.039203934371471405,22,0.0073003470897674561,0.08333095908164978,0.30948257446289062,35389,2.6844100952148438,-0.0009153445134870708,0.080241098999977112,-0.0009153445134870708
246204812,246204812,246204,-353622951,1491651200,0.72482168674468994,-0.054674156010150909,-0.085576027631759644,35510,-0.00097558379638940096,1.0286730527877808,-353650090,1491654820,-353585406,1491646274,0,0.039399284869432449,23,0.011085882782936096,0.086374476552009583,0.30987930297851562,35389,2.6029505729675293,-0.0009153445134870708,0.08333095908164978,-0.0009153445134870708
246304772,246304772,246304,-353622944,1491651200,0.70272409915924072,-0.052487853914499283,-0.085552796721458435,35510,-0.00097016611834987998,1.0286771059036255,-353650090,1491654820,-353585399,1491646273,0,0.038018371909856796,22,0.011418230831623077,0.08597177267074585,0.30125045776367188,35389,2.5234551429748535,-0.0009153445134870708,0.086374476552009583,-0.0009153445134870708
246404732,246404732,246404,-353622938,1491651199,0.68125557899475098,-0.050349730998277664,-0.085531912744045258,35510,-0.00096378638409078121,1.0286799669265747,-353650090,1491654820,-353585393,1491646272,0,0.038334347307682037,22,0.015659146010875702,0.089432284235954285,0.30233383178710938,35389,2.4462206363677979,-0.0009153445134870708,0.08597177267074585,-0.0009153445134870708
246504692,246504692,246504,-353622932,1491651198,0.66045975685119629,-0.048379361629486084,-0.085510693490505219,35511,-0.00095821631839498878,1.0286723375320435,-353650090,1491654820,-353585387,1491646272,0,0.039382033050060272,23,0.021669104695320129,0.094789542257785797,0.3072052001953125,35389,2.371434211730957,-0.0009153445134870708,0.089432284235954285,-0.0009153445134870708
246604652,246604652,246604,-353622926,1491651198,0.64034521579742432,-0.046478442847728729,-0.08549199253320694,35511,-0.00095235707703977823,1.0286731719970703,-353650090,1491654820,-353585381,1491646271,0,0.038165349513292313,22,0.022294752299785614,0.094751104712486267,0.29926681518554688,35389,2.2990999221801758,-0.0009153445134870708,0.094789542257785797,-0.0009153445134870708
246704612,246704612,246704,-353622920,1491651197,0.62095218896865845,-0.044667229056358337,-0.085473321378231049,35511,-0.00095125759253278375,1.0286755561828613,-353650090,1491654820,-353585375,1491646270,0,0.038545191287994385,22,0.026890173554420471,0.09869992733001709,0.30035018920898438,35389,2.2293667793273926,-0.0009153445134870708,0.094751104712486267,-0.0009153445134870708
246804572,246804572,246804,-353622915,1491651196,0.60218632221221924,-0.042777881026268005,-0.085454776883125305,35511,-0.00094658817397430539,1.0286787748336792,-353650090,1491654820,-353585370,1491646269,0,0.038955524563789368,22,0.031961709260940552,0.10288017988204956,0.3021240234375,35389,2.1618554592132568,-0.0009153445134870708,0.09869992733001709,-0.0009153445134870708
246904532,246904532,246904,-353622909,1491651196,0.58400195837020874,-0.041149020195007324,-0.08543018251657486,35511,-0.00094536086544394493,1.0286864042282104,-353650090,1491654820,-353585364,1491646269,0,0.038450513035058975,22,0.034375108778476715,0.10471927374601364,0.29797744750976562,35389,2.0964879989624023,-0.0009153445134870708,0.10288017988204956,-0.0009153445134870708
247004492,247004492,247004,-353622904,1491651195,0.56628894805908203,-0.039471518248319626,-0.085413098335266113,35511,-0.00094313418958336115,1.0286825895309448,-353650090,1491654820,-353585359,1491646268,0,0.038922809064388275,22,0.039755634963512421,0.10934516787528992,0.29975509643554688,35389,2.0327930450439453,-0.0009153445134870708,0.10471927374601364,-0.0009153445134870708
247104452,247104452,247104,-353622899,1491651195,0.54910796880722046,-0.037912137806415558,-0.085395492613315582,35511,-0.00094047136371955276,1.0286731719970703,-353650090,1491654820,-353585354,1491646267,0,0.037841260433197021,22,0.04070543497800827,0.10963918268680573,0.29250717163085938,35389,1.97102952003479,-0.0009153445134870708,0.10934516787528992,-0.0009153445134870708
247204412,247204412,247204,-353622894,1491651194,0.53243488073348999,-0.03635634109377861,-0.085375182330608368,35511,-0.00093644007574766874,1.0286766290664673,-353650090,1491654820,-353585349,1491646267,0,0.03899209201335907,22,0.048370353877544403,0.11654768884181976,0.29807281494140625,35389,1.9110819101333618,-0.0009153445134870708,0.10963918268680573,-0.0009153445134870708
247304372,247304372,247304,-353622889,1491651193,0.51625597476959229,-0.034933902323246002,-0.085358262062072754,35511,-0.00092947896337136626,1.0286731719970703,-353650090,1491654820,-353585344,1491646266,0,0.039520613849163055,23,0.054295480251312256,0.12186028063297272,0.2998504638671875,35389,1.852933406829834,-0.0009153445134870708,0.11654768884181976,-0.0009153445134870708
247404332,247404332,247404,-353622884,1491651193,0.50049537420272827,-0.03356582298874855,-0.085340529680252075,35512,-0.00091775215696543455,1.0286747217178345,-353650090,1491654820,-353585339,1491646265,0,0.038461402058601379,22,0.05537114292383194,0.12233607470989227,0.29259872436523438,35389,1.7962931394577026,-0.0009153445134870708,0.12186028063297272,-0.0009153445134870708
247505125,247505125,247505,-353622880,1491651192,0.48531416058540344,-0.03222120925784111,-0.085322611033916473,35512,-0.00090836727758869529,1.0286864042282104,-353650090,1491654820,-353585335,1491646265,0,0.0397663414478302,23,0.064198970794677734,0.13049414753913879,0.298858642578125,35389,1.7417294979095459,-0.0009153445134870708,0.12233607470989227,-0.0009153445134870708
247605085,247605085,247605,-353622876,1491651192,0.47041973471641541,-0.030826877802610397,-0.085304141044616699,35512,-0.00089684058912098408,1.028684139251709,-353650090,1491654820,-353585331,1491646264,0,0.038754619657993317,22,0.065775260329246521,0.13121227920055389,0.29230117797851562,35389,1.6881797313690186,-0.0009153445134870708,0.13049414753913879,-0.0009153445134870708
247705045,247705045,247705,-353622871,1491651191,0.45626482367515564,-0.029588744044303894,-0.085287570953369141,35512,-0.00088955124374479055,1.0286723375320435,-353650090,1491654820,-353585326,1491646264,0,0.039936166256666183,23,0.074706301093101501,0.1394655704498291,0.29787063598632812,35389,1.637310266494751,-0.0009153445134870708,0.13121227920055389,-0.0009153445134870708
247805005,247805005,247805,-353622867,1491651191,0.4424443244934082,-0.028269950300455093,-0.085267141461372375,35512,-0.00088312721345573664,1.0286779403686523,-353650090,1491654820,-353585322,1491646263,0,0.038898240774869919,22,0.076288662850856781,0.14009685814380646,0.29130935668945312,35389,1.5876179933547974,-0.0009153445134870708,0.1394655704498291,-0.0009153445134870708
247904965,247904965,247904,-353622863,1491651191,0.42928320169448853,-0.027185143902897835,-0.085250243544578552,35512,-0.00087820511544123292,1.0286730527877808,-353650090,1491654820,-353585318,1491646263,0,0.038636185228824615,22,0.080204769968986511,0.143447145819664,0.28855133056640625,35389,1.5403367280960083,-0.0009153445134870708,0.14009685814380646,-0.0009153445134870708
248004925,248004925,248004,-353622859,1491651190,0.41637250781059265,-0.025954516604542732,-0.085235260426998138,35512,-0.00087444810196757317,1.0286722183227539,-353650090,1491654820,-353585314,1491646262,0,0.039187557995319366,22,0.087809324264526367,0.15006361901760101,0.291015625,35389,1.4939182996749878,-0.0009153445134870708,0.143447145819664,-0.0009153445134870708
248104885,248104885,248104,-353622855,1491651190,0.40397912263870239,-0.024854494258761406,-0.085219249129295349,35512,-0.00087601493578404188,1.0286877155303955,-353650090,1491654820,-353585310,1491646262,0,0.038863487541675568,22,0.091975279152393341,0.1534220278263092,0.28824996948242188,35389,1.4493790864944458,-0.0009153445134870708,0.15006361901760101,-0.0009153445134870708
248204845,248204845,248204,-353622852,1491651189,0.39186733961105347,-0.023689365014433861,-0.085201270878314972,35512,-0.00086845294572412968,1.0286877155303955,-353650090,1491654820,-353585307,1491646261,0,0.03952566534280777,23,0.10055370628833771,0.1609327495098114,0.29140853881835938,35389,1.4058334827423096,-0.0009153445134870708,0.1534220278263092,-0.0009153445134870708
248304805,248304805,248304,-353622848,1491651189,0.38009828329086304,-0.022716918960213661,-0.085184872150421143,35512,-0.00085977371782064438,1.0286881923675537,-353650090,1491654820,-353585303,1491646261,0,0.039239753037691116,22,0.10506171733140945,0.16475661098957062,0.28864669799804688,35389,1.3635555505752563,-0.0009153445134870708,0.1609327495098114,-0.0009153445134870708
248404765,248404765,248404,-353622845,1491651189,0.36855483055114746,-0.021617438644170761,-0.085168562829494476,35513,-0.00084676843835040927,1.0286822319030762,-353650090,1491654820,-353585300,1491646260,0,0.038306538015604019,22,0.1073097288608551,0.16589720547199249,0.28277587890625,35389,1.3220582008361816,-0.0009153445134870708,0.16475661098957062,-0.0009153445134870708
248504725,248504725,248504,-353622841,1491651188,0.35739371180534363,-0.020692687481641769,-0.085154898464679718,35513,-0.00083467422518879175,1.0286870002746582,-353650090,1491654820,-353585296,1491646260,0,0.039608433842658997,23,0.11917848140001297,0.17701277136802673,0.28903579711914062,35389,1.2819654941558838,-0.0009153445134870708,0.16589720547199249,-0.0009153445134870708
248604685,248604685,248604,-353622838,1491651188,0.34644466638565063,-0.019712010398507118,-0.085140973329544067,35513,-0.00082004227442666888,1.02867591381073,-353650090,1491654820,-353585293,1491646259,0,0.038709744811058044,22,0.12165298312902451,0.17848971486091614,0.28316879272460938,35389,1.2426202297210693,-0.0009153445134870708,0.17701277136802673,-0.0009153445134870708
248704645,248704645,248704,-353622835,1491651187,0.33593672513961792,-0.018809095025062561,-0.085121653974056244,35513,-0.00081001012586057186,1.0286825895309448,-353650090,1491654820,-353585290,1491646259,0,0.040106721222400665,23,0.13493959605693817,0.19087117910385132,0.29012298583984375,35389,1.2048690319061279,-0.0009153445134870708,0.17848971486091614,-0.0009153445134870708
248804605,248804605,248804,-353622832,1491651187,0.32574063539505005,-0.017842795699834824,-0.085110694169998169,35513,-0.00080096226884052157,1.0286818742752075,-353650090,1491654820,-353585287,1491646258,0,0.039166141301393509,22,0.137537881731987,0.192259281873703,0.28425216674804688,35389,1.1682214736938477,-0.0009153445134870708,0.19087117910385132,-0.0009153445134870708
248904565,248904565,248904,-353622829,1491651187,0.31570911407470703,-0.016949234530329704,-0.085095562040805817,35513,-0.00079007336171343923,1.0286853313446045,-353650090,1491654820,-353585284,1491646258,0,0.038936018943786621,22,0.14364401996135712,0.19727876782417297,0.28217697143554688,35389,1.1321780681610107,-0.0009153445134870708,0.192259281873703,-0.0009153445134870708
249004525,249004525,249004,-353622826,1491651186,0.30582821369171143,-0.016046049073338509,-0.085084065794944763,35513,-0.00077514257282018661,1.0286707878112793,-353650090,1491654820,-353585281,1491646258,0,0.04029681533575058,23,0.15856142342090607,0.21098089218139648,0.28913497924804688,35389,1.0966731309890747,-0.0009153445134870708,0.19727876782417297,-0.0009153445134870708
249104485,249104485,249104,-353622823,1491651186,0.29638883471488953,-0.015238053165376186,-0.085068412125110626,35513,-0.00076158548472449183,1.0286712646484375,-353650090,1491654820,-353585278,1491646257,0,0.039403613656759262,23,0.16154846549034119,0.21291559934616089,0.28326416015625,35389,1.0627661943435669,-0.0009153445134870708,0.21098089218139648,-0.0009153445134870708
249204445,249204445,249204,-353622821,1491651186,0.28726160526275635,-0.014444183558225632,-0.085050873458385468,35513,-0.00074921461055055261,1.0286746025085449,-353650090,1491654820,-353585276,1491646257,0,0.039298620074987411,22,0.16896739602088928,0.21920742094516754,0.28187942504882812,35389,1.0299794673919678,-0.0009153445134870708,0.21291559934616089,-0.0009153445134870708
249304405,249304405,249304,-353622818,1491651186,0.27827563881874084,-0.013662504032254219,-0.085036270320415497,35513,-0.00073768734000623226,1.0286858081817627,-353650090,1491654820,-353585273,1491646257,0,0.039071187376976013,22,0.17603029310703278,0.22508791089057922,0.27981185913085938,35389,0.99770170450210571,-0.0009153445134870708,0.21920742094516754,-0.0009153445134870708
249404365,249404365,249404,-353622816,1491651185,0.26954162120819092,-0.012780491262674332,-0.085020273923873901,35513,-0.0007223414140753448,1.0286900997161865,-353650090,1491654820,-353585271,1491646256,0,0.039818145334720612,23,0.1896824836730957,0.23706266283988953,0.28365325927734375,35389,0.9663093090057373,-0.0009153445134870708,0.22508791089057922,-0.0009153445134870708
249504325,249504325,249504,-353622813,1491651185,0.26119780540466309,-0.012076939456164837,-0.085004925727844238,35513,-0.00071135594043880701,1.0286810398101807,-353650090,1491654820,-353585268,1491646256,0,0.039597373455762863,23,0.19721294939517975,0.24341680109500885,0.281585693359375,35389,0.93634516000747681,-0.0009153445134870708,0.23706266283988953,-0.0009153445134870708
249605118,249605118,249605,-353622811,1491651185,0.25307878851890564,-0.011330269277095795,-0.084991522133350372,35514,-0.00070081534795463085,1.0286864042282104,-353650090,1491654820,-353585266,1491646256,0,0.039457976818084717,23,0.20576497912406921,0.25050485134124756,0.28020095825195312,35389,0.90717947483062744,-0.0009153445134870708,0.24341680109500885,-0.0009153445134870708
249705078,249705078,249705,-353622809,1491651184,0.24530874192714691,-0.010833333246409893,-0.084976926445960999,35514,-0.00069382059155032039,1.0286766290664673,-353650090,1491654820,-353585264,1491646255,0,0.040381018072366714,23,0.22068575024604797,0.26481911540031433,0.28404617309570312,35389,0.87930351495742798,-0.0009153445134870708,0.25050485134124756,-0.0009153445134870708
249805038,249805038,249805,-353622806,1491651184,0.23777228593826294,-0.010147574357688427,-0.084958940744400024,35514,-0.00068782689049839973,1.0286849737167358,-353650090,1491654820,-353585261,1491646255,0,0.040119610726833344,23,0.22897593677043915,0.2716277539730072,0.28197479248046875,35389,0.85223442316055298,-0.0009153445134870708,0.26481911540031433,-0.0009153445134870708
249904998,249904998,249904,-353622804,1491651184,0.23068748414516449,-0.0096041802316904068,-0.084945365786552429,35514,-0.00067933229729533195,1.0286707878112793,-353650090,1491654820,-353585259,1491646255,0,0.040038321167230606,23,0.23801246285438538,0.27962127327919006,0.28059768676757812,35389,0.82680439949035645,-0.0009153445134870708,0.2716277539730072,-0.0009153445134870708
250004958,250004958,250004,-353622802,1491651184,0.22365806996822357,-0.008875969797372818,-0.084920682013034821,35514,-0.00067381112603470683,1.0286887884140015,-353650090,1491654820,-353585257,1491646255,0,0.039842497557401657,23,0.24756450951099396,0.28722915053367615,0.27921295166015625,35389,0.80154699087142944,-0.0009153445134870708,0.27962127327919006,-0.0009153445134870708
250104918,250104918,250104,-353622800,1491651183,0.21670293807983398,-0.0083376271650195122,-0.084885187447071075,35514,-0.00065858080051839352,1.0286778211593628,-353650090,1491654820,-353585255,1491646254,0,0.040696088224649429,23,0.26483932137489319,0.30329525470733643,0.28305816650390625,35389,0.7765844464302063,-0.0009153445134870708,0.28722915053367615,-0.0009153445134870708
250204878,250204878,250204,-353622798,1491651183,0.20976084470748901,-0.0075742960907518864,-0.084840729832649231,35514,-0.00063914241036400199,1.028684139251709,-353650090,1491654820,-353585253,1491646254,0,0.040479432791471481,23,0.27587798237800598,0.311971515417099,0.28167343139648438,35389,0.75164026021957397,-0.0009153445134870708,0.30329525470733643,-0.0009153445134870708
250304838,250304838,250304,-353622796,1491651183,0.20295405387878418,-0.006917004007846117,-0.084792688488960266,35515,-0.00061723729595541954,1.0286723375320435,-353650090,1491654820,-353585251,1491646254,0,0.040321532636880875,23,0.28745764493942261,0.32152608036994934,0.28030014038085938,35389,0.72719770669937134,-0.0009153445134870708,0.311971515417099,-0.0009153445134870708
250404798,250404798,250404,-353622794,1491651183,0.19621819257736206,-0.0061852084472775459,-0.084745235741138458,35515,-0.00059388572117313743,1.0286810398101807,-353650090,1491654820,-353585249,1491646253,0,0.039427619427442551,23,0.29384154081344604,0.32535320520401001,0.275115966796875,35389,0.70300370454788208,-0.0009153445134870708,0.32152608036994934,-0.0009153445134870708
250504758,250504758,250504,-353622792,1491651183,0.1897941529750824,-0.0054258443415164948,-0.08469688892364502,35515,-0.00057528266916051507,1.0286846160888672,-353650090,1491654820,-353585247,1491646253,0,0.039186406880617142,22,0.30610275268554688,0.33468300104141235,0.27373504638671875,35389,0.6799280047416687,-0.0009153445134870708,0.32535320520401001,-0.0009153445134870708
250604718,250604718,250604,-353622791,1491651183,0.18352821469306946,-0.0045727952383458614,-0.084646575152873993,35516,-0.0005572997615672648,1.028680682182312,-353650090,1491654820,-353585246,1491646253,0,0.039007902145385742,22,0.3200608491897583,0.34497171640396118,0.27304458618164062,35389,0.65741604566574097,-0.0009153445134870708,0.33468300104141235,-0.0009153445134870708
250704678,250704678,250704,-353622789,1491651182,0.17744788527488708,-0.0039155548438429832,-0.084596514701843262,35516,-0.00053692760411649942,1.02867591381073,-353650090,1491654820,-353585244,1491646253,0,0.040454018861055374,23,0.34915292263031006,0.37121528387069702,0.2806854248046875,35389,0.63559317588806152,-0.0009153445134870708,0.34497171640396118,-0.0009153445134870708
250804638,250804638,250804,-353622787,1491651182,0.17146226763725281,-0.0031507110688835382,-0.084545731544494629,35516,-0.0005217270809225738,1.0286868810653687,-353650090,1491654820,-353585242,1491646253,0,0.040197648108005524,23,0.36393168568611145,0.38230514526367188,0.27930831909179688,35389,0.61410772800445557,-0.0009153445134870708,0.37121528387069702,-0.0009153445134870708
250904598,250904598,250904,-353622786,1491651182,0.1657998114824295,-0.0024944713804870844,-0.084497831761837006,35516,-0.00050592073239386082,1.0286581516265869,-353650090,1491654820,-353585241,1491646252,0,0.039414584636688232,23,0.37292230129241943,0.38796624541282654,0.27481842041015625,35389,0.59379410743713379,-0.0009153445134870708,0.38230514526367188,-0.0009153445134870708
251004558,251004558,251004,-353622784,1491651182,0.16024784743785858,-0.0017846237169578671,-0.084446392953395844,35517,-0.00048984336899593472,1.028663158416748,-353650090,1491654820,-353585239,1491646252,0,0.039167776703834534,22,0.38839054107666016,0.39952674508094788,0.2734375,35389,0.57388097047805786,-0.0009153445134870708,0.38796624541282654,-0.0009153445134870708
251104518,251104518,251104,-353622783,1491651182,0.15484677255153656,-0.0012146781664341688,-0.084395602345466614,35517,-0.0004763228353112936,1.0286704301834106,-353650090,1491654820,-353585238,1491646252,0,0.039124902337789536,22,0.40598917007446289,0.4138333797454834,0.2727508544921875,35389,0.55452126264572144,-0.0009153445134870708,0.39952674508094788,-0.0009153445134870708
251204478,251204478,251204,-353622782,1491651182,0.14961324632167816,-0.00061748258303850889,-0.084343753755092621,35517,-0.00046435193507932127,1.0286574363708496,-353650090,1491654820,-353585237,1491646252,0,0.039060011506080627,22,0.42437335848808289,0.42850053310394287,0.27205657958984375,35389,0.53576761484146118,-0.0009153445134870708,0.4138333797454834,-0.0009153445134870708
251304438,251304438,251304,-353622780,1491651181,0.14461830258369446,-8.9528824901208282e-05,-0.084294341504573822,35518,-0.00044847765821032226,1.0286694765090942,-353650090,1491654820,-353585235,1491646252,0,0.040578130632638931,23,0.46230831742286682,0.46292740106582642,0.27970123291015625,35389,0.5178762674331665,-0.0009153445134870708,0.42850053310394287,-0.0009153445134870708
251404398,251404398,251404,-353622779,1491651181,0.13963505625724792,0.00043464321061037481,-0.084245182573795319,35518,-0.00043679983355104923,1.0286731719970703,-353650090,1491654820,-353585234,1491646251,0,0.039848014712333679,23,0.4745669960975647,0.47145429253578186,0.27520751953125,35389,0.5000336766242981,-0.0009153445134870708,0.46292740106582642,-0.0009153445134870708
251504358,251504358,251504,-353622777,1491651181,0.13488201797008514,0.00094394310144707561,-0.084195032715797424,35518,-0.00042279250919818878,1.0286605358123779,-353650090,1491654820,-353585232,1491646251,0,0.039698615670204163,23,0.49449416995048523,0.48749598860740662,0.27382659912109375,35389,0.483022540807724,-0.0009153445134870708,0.47145429253578186,-0.0009153445134870708
251604318,251604318,251604,-353622776,1491651181,0.13026289641857147,0.0015717016067355871,-0.084144406020641327,35518,-0.00041025265818461776,1.0286716222763062,-353650090,1491654820,-353585231,1491646251,0,0.039613198488950729,23,0.51723718643188477,0.50517213344573975,0.27313232421875,35389,0.46650362014770508,-0.0009153445134870708,0.48749598860740662,-0.0009153445134870708
251705111,251705111,251705,-353622775,1491651181,0.12582069635391235,0.0021486133337020874,-0.084093235433101654,35519,-0.00039977513370104134,1.0286567211151123,-353650090,1491654820,-353585230,1491646251,0,0.039557196199893951,23,0.54102003574371338,0.52394485473632812,0.27244949340820312,35389,0.4506278932094574,-0.0009153445134870708,0.50517213344573975,-0.0009153445134870708
251805071,251805071,251805,-353622774,1491651181,0.12152701616287231,0.0027572913095355034,-0.084040552377700806,35519,-0.00038904318353161216,1.0286595821380615,-353650090,1491654820,-353585229,1491646251,0,0.039485268294811249,23,0.56599968671798706,0.54331487417221069,0.271759033203125,35389,0.4352986216545105,-0.0009153445134870708,0.52394485473632812,-0.0009153445134870708
251905031,251905031,251905,-353622773,1491651181,0.11765460669994354,0.0030773435719311237,-0.083989523351192474,35519,-0.00038140892866067588,1.0286619663238525,-353650090,1491654820,-353585228,1491646251,0,0.039545696228742599,23,0.59037798643112183,0.56422817707061768,0.27106857299804688,35389,0.42146366834640503,-0.0009153445134870708,0.54331487417221069,-0.0009153445134870708
252004991,252004991,252004,-353622771,1491651181,0.11377186328172684,0.0036818047519773245,-0.083938561379909515,35520,-0.00037749714101664722,1.028660774230957,-353650090,1491654820,-353585226,1491646250,0,0.038594406098127365,22,0.60232734680175781,0.56997734308242798,0.2658843994140625,35389,0.40762880444526672,-0.0009153445134870708,0.56422817707061768,-0.0009153445134870708
